{
 "version": 4,
 "spr_edges": [
  2.5,
  5.0,
  8.0,
  13.0,
  22.0
 ],
 "class_base": [
  0.74652,
  0.40611,
  0.40444,
  0.42368,
  0.33039,
  0.32477,
  0.35394,
  0.36632,
  0.32926,
  0.39881,
  0.39749,
  0.39961,
  0.52673,
  0.44185,
  0.74943,
  0.30444,
  0.42681,
  0.31269,
  0.34481,
  0.38203,
  0.38326,
  0.34873,
  0.40946,
  0.44303,
  0.44625,
  0.6075,
  0.48493,
  0.54713,
  0.74533,
  0.41698,
  0.27997,
  0.20687,
  0.2909,
  0.36429,
  0.27392,
  0.36489,
  0.37238,
  0.40252,
  0.6075,
  0.54893,
  0.57927,
  0.63852,
  0.88203,
  0.46963,
  0.38762,
  0.43224,
  0.44462,
  0.3803,
  0.4141,
  0.43578,
  0.50934,
  0.6075,
  0.36622,
  0.48675,
  0.56583,
  0.59248,
  0.94149,
  0.43043,
  0.36129,
  0.42361,
  0.30065,
  0.35722,
  0.39786,
  0.54447,
  0.51809,
  0.3821,
  0.42112,
  0.50822,
  0.6652,
  0.8507,
  0.68267,
  0.54716,
  0.48512,
  0.34109,
  0.3528,
  0.36891,
  0.4978,
  0.51809,
  0.49691,
  0.49852,
  0.49426,
  0.66169,
  0.91284,
  0.88788,
  0.7374,
  0.77434,
  0.55158,
  0.45833,
  0.57853,
  0.59342,
  0.53618,
  0.55976,
  0.48987,
  0.53297,
  0.697,
  0.76548,
  0.963,
  0.83902,
  0.72932,
  0.50494,
  0.80963,
  0.7809,
  0.7752,
  0.54194,
  0.50423,
  0.52117,
  0.48671,
  0.56948,
  0.53208,
  0.7199,
  0.85826,
  1.14365,
  0.75829,
  0.68588,
  0.8186,
  0.65993,
  0.57122,
  0.54561,
  0.55394,
  0.49364,
  0.60437,
  0.53575,
  0.60237,
  0.83108,
  0.89887,
  1.2631,
  0.7358,
  0.8186,
  0.67265,
  0.71368,
  0.63161,
  0.59857,
  0.57921,
  0.74474,
  0.69342,
  0.91228,
  0.95133,
  0.91529,
  1.08869,
  1.08869,
  0.80572,
  0.82914,
  0.71368,
  0.89644,
  0.88385,
  0.82281,
  0.97493,
  0.86287,
  0.94468,
  0.94081,
  0.87943,
  1.11155,
  1.11155,
  1.14658,
  1.01813,
  0.93507,
  0.94004,
  0.95313,
  0.95313,
  1.01702,
  0.66541,
  0.66541,
  0.66541,
  0.66541,
  0.71368,
  0.71368,
  0.71368,
  0.99611,
  1.17949
 ],
 "ctx": {
  "c0": 0.983927474332737,
  "pos": -0.2179061424144085,
  "spr0": 0.0,
  "spr1": -0.39350659489825385,
  "spr2": 0.1615600672735812,
  "spr3": 0.22721772617868485,
  "spr4": 0.07896604454898436,
  "spr5": -0.0742372431033008,
  "range_eq": 2.014874238031465,
  "initiative": 0.7005967607595436
 },
 "mult_clip": [
  0.8,
  1.25
 ],
 "clip": [
  0.2,
  2.5
 ],
 "meta": {
  "n_obs": 91172,
  "r2": 0.2384,
  "data": "phase_b_2026-07-08",
  "alpha": 0.85,
  "rho": {
   "facing": 0.562,
   "init": 1.4562,
   "limped": 1.0578
  },
  "pi_ref": [
   0.4549,
   0.4549,
   0.0902
  ],
  "note": "v4 = role-standardized bases: per-class per-role means (cells shrunk lambda=15 toward IPF class-x-role priors) recombined at the global reference role mix, blended alpha with the in-context mean; equity-anchored curve as shrinkage target (ridge over strength/suited/pair/straight-windows/high-card); weighted-PAVA domination chains (broadway aces, K/Q kickers, suited>=offsuit; wheel aces unchained). Equity itself still deliberately excluded as a model input; rake drain embedded: gross pot, no deduction."
 }
}