{
 "version": 3,
 "spr_edges": [
  2.5,
  5.0,
  8.0,
  13.0,
  22.0
 ],
 "class_base": [
  0.76625,
  0.70118,
  0.69949,
  0.65793,
  0.62434,
  0.61864,
  0.64824,
  0.66081,
  0.6232,
  0.61281,
  0.54994,
  0.50958,
  0.47559,
  0.54842,
  0.73559,
  0.40979,
  0.49885,
  0.42737,
  0.63898,
  0.67675,
  0.67799,
  0.64296,
  0.58146,
  0.59213,
  0.55391,
  0.59737,
  0.59853,
  0.59352,
  0.7134,
  0.46226,
  0.35247,
  0.2817,
  0.46729,
  0.65875,
  0.5028,
  0.5317,
  0.49486,
  0.50658,
  0.62648,
  0.63017,
  0.60433,
  0.60963,
  0.87552,
  0.53785,
  0.43814,
  0.49803,
  0.60633,
  0.56622,
  0.55294,
  0.55588,
  0.61178,
  0.48145,
  0.47982,
  0.54638,
  0.5715,
  0.57659,
  0.98449,
  0.47566,
  0.42428,
  0.47676,
  0.36978,
  0.49226,
  0.51401,
  0.54896,
  0.55511,
  0.5266,
  0.51206,
  0.54601,
  0.65058,
  0.68385,
  0.66066,
  0.50712,
  0.51146,
  0.3772,
  0.40968,
  0.48166,
  0.56058,
  0.51011,
  0.60369,
  0.62064,
  0.56287,
  0.6784,
  0.75169,
  0.73355,
  0.76163,
  0.71998,
  0.57299,
  0.48536,
  0.57726,
  0.61915,
  0.54956,
  0.66506,
  0.5757,
  0.61436,
  0.73846,
  0.74679,
  0.86088,
  0.71734,
  0.72958,
  0.49774,
  0.70825,
  0.74735,
  0.85883,
  0.5487,
  0.5669,
  0.58173,
  0.54237,
  0.63262,
  0.55037,
  0.60247,
  0.72312,
  1.22548,
  0.80255,
  0.55089,
  0.86533,
  0.57105,
  0.53716,
  0.59343,
  0.59991,
  0.52548,
  0.6353,
  0.57793,
  0.60175,
  0.74396,
  0.78863,
  1.36863,
  0.75649,
  0.66132,
  0.65869,
  0.77074,
  0.6654,
  0.62926,
  0.60154,
  0.68699,
  0.64409,
  0.82316,
  0.99179,
  0.85198,
  1.07541,
  1.11115,
  0.84004,
  0.79674,
  0.82386,
  0.89159,
  0.90623,
  0.83721,
  0.99818,
  0.92347,
  1.02114,
  0.9916,
  0.78716,
  1.22847,
  1.1005,
  1.23209,
  1.04539,
  1.0018,
  0.90498,
  1.02334,
  0.99824,
  1.07314,
  0.69881,
  0.61107,
  0.57924,
  0.5221,
  0.64099,
  0.65477,
  0.67769,
  1.02874,
  1.18709
 ],
 "ctx": {
  "c0": 0.9678832781423934,
  "pos": -0.18045899991753483,
  "spr0": 0.0,
  "spr1": -0.39235297609124264,
  "spr2": 0.16213206059902321,
  "spr3": 0.21395457474251067,
  "spr4": 0.08625974946753717,
  "spr5": -0.06999340871811614,
  "range_eq": 1.968593720289713,
  "initiative": 0.6751823449086822
 },
 "mult_clip": [
  0.8,
  1.25
 ],
 "clip": [
  0.2,
  2.5
 ],
 "meta": {
  "n_obs": 91172,
  "r2": 0.2294,
  "data": "phase_b_2026-07-08",
  "note": "R = class_base (reach-weighted, count-shrunk lambda=40) x context multiplier (ridge=200, clamp 0.8-1.25: pos, spr bucket, range_eq edge, initiative). Equity deliberately excluded. Rake drain embedded: gross pot, no deduction."
 }
}