{
 "version": 5,
 "spr_edges": [
  2.5,
  5.0,
  8.0,
  13.0,
  22.0
 ],
 "class_base": [
  0.91023,
  0.56549,
  0.57558,
  0.58265,
  0.46781,
  0.43256,
  0.47098,
  0.49294,
  0.46208,
  0.50125,
  0.46765,
  0.44838,
  0.61628,
  0.57907,
  0.80731,
  0.47188,
  0.54127,
  0.47327,
  0.49667,
  0.49912,
  0.50853,
  0.48084,
  0.493,
  0.51109,
  0.49446,
  0.61749,
  0.60119,
  0.63026,
  0.74241,
  0.53888,
  0.41849,
  0.36316,
  0.42651,
  0.48673,
  0.3753,
  0.43983,
  0.42537,
  0.44454,
  0.64794,
  0.64649,
  0.90291,
  0.92263,
  0.76722,
  0.53238,
  0.50752,
  0.52951,
  0.54169,
  0.46838,
  0.47933,
  0.4888,
  0.64601,
  0.68921,
  0.46781,
  0.56574,
  0.87351,
  0.87156,
  0.80409,
  0.47325,
  0.43992,
  0.52071,
  0.38761,
  0.41517,
  0.44445,
  0.60593,
  0.59695,
  0.49626,
  0.50696,
  0.57141,
  0.90011,
  1.13325,
  0.7613,
  0.62291,
  0.56463,
  0.43369,
  0.42736,
  0.41021,
  0.56355,
  0.59695,
  0.60074,
  0.59914,
  0.56601,
  0.84302,
  0.8869,
  1.01619,
  0.75145,
  0.76591,
  0.68817,
  0.52968,
  0.63193,
  0.59507,
  0.62685,
  0.65264,
  0.58038,
  0.61878,
  0.86616,
  0.84264,
  0.87573,
  0.85069,
  0.71956,
  0.58563,
  0.63897,
  0.66265,
  0.65816,
  0.67315,
  0.57764,
  0.59065,
  0.55493,
  0.76011,
  0.58468,
  0.82445,
  0.87288,
  0.92931,
  0.71956,
  0.81723,
  0.68369,
  0.68523,
  0.71056,
  0.60958,
  0.614,
  0.57403,
  0.81051,
  0.58801,
  0.79888,
  0.88663,
  0.84168,
  1.06415,
  0.74935,
  0.68369,
  0.68523,
  0.71348,
  0.79738,
  0.79269,
  0.7885,
  0.83274,
  0.78992,
  0.72798,
  0.79081,
  0.80642,
  0.91807,
  1.00702,
  0.85557,
  0.72064,
  0.71348,
  0.76889,
  0.76804,
  0.74855,
  0.78184,
  0.74679,
  0.7895,
  0.7722,
  0.75891,
  0.8623,
  0.8623,
  0.97242,
  1.04726,
  0.8244,
  0.85514,
  0.88276,
  0.93073,
  1.00865,
  0.73799,
  0.73799,
  0.73799,
  0.73799,
  0.76916,
  0.76916,
  0.76916,
  0.93421,
  1.28227
 ],
 "ctx": {
  "c0": 0.9939701557842631,
  "pos": 0.1631623243344076,
  "spr0": 0.0,
  "spr1": -0.2282712207034654,
  "spr2": -0.046884072109333826,
  "spr3": 0.12082950931090784,
  "spr4": 0.15462482546295395,
  "spr5": -0.0002990419606861252,
  "range_eq": 2.3836434193080347,
  "initiative": 0.1947395646847577
 },
 "mult_clip": [
  0.8,
  1.25
 ],
 "clip": [
  0.2,
  2.5
 ],
 "meta": {
  "n_obs": 153321,
  "r2": 0.1885,
  "alpha": 0.85,
  "rho_cells": {
   "f_srp": 0.4624,
   "i_srp": 1.4633,
   "f_3bp": 0.8109,
   "i_3bp": 0.9461,
   "limp": 1.0364
  },
  "pi5": [
   0.3341,
   0.3341,
   0.1432,
   0.1432,
   0.0454
  ],
  "n_3bp_spots": 12,
  "n_3bp_rows": 59786,
  "note": "v5 = v4 + pot-type axis: class x (role, pot-type) cells, hierarchical shrinkage cell->role->IPF, unsupported 3BP mass folds back to SRP per class, big-pair PAVA chain added. Requires round-2 data (3-bet pots + 4-max game)."
 }
}