bank,native_class,hand,count,entry_mass,call_minus_fold_mean_bb,call_minus_fold_descriptive_se_bb,raise_minus_fold_mean_bb,raise_minus_fold_descriptive_se_bb,raise_minus_call_mean_bb,raise_minus_call_descriptive_se_bb,even_preferred_nonjam,odd_preferred_nonjam
first-old,0,22,311,0.004790793724696479,-1.2623023948684575,1.4747455682102826,-3.375191080888301,1.8927893451799058,-2.112888686019843,1.4535214175377957,0,1
first-old,1,32o,637,0.009512847260521819,-0.6555858814030879,0.4607157533576633,-11.30257790876432,1.0050715639030208,-10.646992027361238,0.9233166737017287,0,0
first-old,2,42o,612,0.009506641694301852,-2.7723743565018326,0.5974618297254833,-9.608003716240127,0.8440789469642092,-6.835629359738301,0.7554694847296859,0,0
first-old,3,52o,620,0.009429105229310572,-0.3330290453153255,0.33988239372430984,-4.239370914057939,0.5894949807156767,-3.906341868742609,0.45502416327709316,0,0
first-old,4,62o,605,0.009429352148007004,-0.012631743016618076,0.4101195437025423,-1.8163616093059787,0.8367814578384122,-1.8037298662893613,0.5976447757128351,0,1
first-old,5,72o,627,0.009396037340559372,-0.6109576841663676,0.3610424880695782,-3.631906780915724,0.7835136451735217,-3.0209490967493506,0.6044152195246223,0,0
first-old,6,82o,627,0.009361703242193552,-1.0850764694253117,0.5120453803979639,-2.4394788117970663,0.6292993223183937,-1.3544023423717557,0.4882915050847044,0,0
first-old,7,92o,643,0.009296117200453959,-0.3261491868331075,0.3797331605279135,-9.996945878709157,0.8344868093659518,-9.670796691876037,0.7720723183389038,0,1
first-old,8,T2o,612,0.009255431872587724,0.0053434721797866016,0.3814464302835086,-8.851521778036181,1.1654803142396375,-8.856865250215952,1.0342788817732915,1,0
first-old,9,J2o,592,0.009236259296157876,-1.4081191682420235,0.5079784044483433,-11.560251079698444,0.8779385710516273,-10.152131911456419,0.8185383722600899,0,0
first-old,10,Q2o,580,0.009145610283355409,-1.2258683799994545,0.5939383878409019,-11.81955423577982,0.9437765531854807,-10.593685855780384,0.8590438749664756,0,0
first-old,11,K2o,619,0.009055534566697113,0.15827885054070912,0.4957002488112323,-7.640153258660261,1.3612743206969073,-7.798432109200976,1.152314271990441,0,1
first-old,12,A2o,581,0.008750471453727546,-1.5829852119008856,0.7869083595536084,-3.3917440557603595,1.058132980805607,-1.8087588438594724,0.766407179281099,0,0
first-old,13,32s,197,0.00317094900525911,0.18849955776779004,0.4174886063815825,-8.601872475712065,1.3316429532888945,-8.790372033479851,1.1898728022409195,1,1
first-old,14,33,334,0.00474131789843658,1.0934105762400295,0.7428434434180532,0.4360008463344231,1.2601675910938661,-0.6574097299056056,0.9420600070809597,1,1
first-old,15,43o,591,0.009457166113881007,-0.1405756411458843,0.3097579175577746,-10.647444712577187,0.8607042260405844,-10.506869071431309,0.7927644373414418,0,1
first-old,16,53o,619,0.009379629648889725,0.06225838109787021,0.47665353015053197,-10.979453449986702,0.8276871495523438,-11.041711831084578,0.7939247282794761,0,1
first-old,17,63o,601,0.00937987656758616,-0.8921097383112884,0.44169773287114433,-8.215029460217814,0.6905597067111757,-7.322919721906523,0.652880980191852,0,1
first-old,18,73o,640,0.009346561760138525,-1.4843634246298005,0.40723255521760665,-1.0717169290459096,0.7093635226434386,0.4126464955838903,0.49241976526260184,0,0
first-old,19,83o,588,0.009312227661772707,-0.8358478664245431,0.3570639352624262,-11.119112456064295,0.8673230501038751,-10.283264589639746,0.7738055235552369,1,0
first-old,20,93o,608,0.009246641620033112,-1.0385687754795563,0.37409060064264005,-8.847441493101778,0.7690159074486638,-7.8088727176222354,0.6711916127888142,0,0
first-old,21,T3o,589,0.009205956292166879,-0.05088886278478967,0.4130580199359015,-7.708676224791793,0.7241940748185615,-7.657787362007013,0.6780188958877958,1,0
first-old,22,J3o,640,0.00918678371573703,-3.1847836015186424,0.5774350564360021,-10.087219858374223,0.8959193970570063,-6.9024362568555855,0.7767819773638817,0,0
first-old,23,Q3o,606,0.009096134702934562,-3.3286215168929423,0.4603343521451658,-10.51646982915326,0.9185246779753126,-7.1878483122603285,0.7726558293080321,0,0
first-old,24,K3o,578,0.009006058986276266,0.1602165115876135,0.5208021161446533,-7.613223500851087,0.8561743635276773,-7.773440012438696,0.7661104585784483,1,0
first-old,25,A3o,564,0.00871117416475761,-1.3344453041047755,0.7127260783788933,-0.5381612164991443,1.0039835015776941,0.7962840876056299,0.7168551261185571,2,0
first-old,26,42s,218,0.0031688804832390063,-0.5306163173768347,0.47731146889836795,-3.5176920421091076,1.1084745491836496,-2.9870757247322675,0.8145262342217288,0,0
first-old,27,43s,234,0.0031523886235230235,0.361997216541056,0.7466735964145047,-7.90054525729713,1.1912335610656015,-8.262542473838188,1.1153852030589273,0,1
first-old,28,44,323,0.004735112089351418,2.2149229682978024,0.9010922074562909,-2.6956054256513564,1.1055814282002079,-4.91052839394916,1.0893871203657806,1,1
first-old,29,54o,621,0.00937342408266976,-0.1656840826382588,0.49492808682233236,-9.491543641601366,0.8362746001282193,-9.325859558963115,0.793185440777886,0,0
first-old,30,64o,579,0.009373671001366192,0.14516885283833428,0.5336186528660124,-7.637915441615787,0.8072943289002363,-7.783084294454122,0.8144746167146325,0,1
first-old,31,74o,611,0.00934035619391856,-1.58097560187367,0.4586346470968037,-6.0288614229980135,0.6884952876316338,-4.447885821124341,0.5427011810522945,0,0
first-old,32,84o,613,0.009306022095552742,-1.2876851930625404,0.4068057180937596,-8.229474841406057,0.7381440435473307,-6.94178964834351,0.645317806014122,0,0
first-old,33,94o,611,0.009240436053813146,-0.4339922728557606,0.4636683007778158,-10.933087527165492,0.8498975016913252,-10.499095254309731,0.7601807691798501,0,1
first-old,34,T4o,557,0.009199750725946912,-2.9406254800292397,0.7193035236063673,-9.531183091358935,0.9064762370251197,-6.590557611329702,0.8133709123290501,0,0
first-old,35,J4o,625,0.009180578149517064,0.2598113143337175,0.4480191567991341,-0.20754272073185157,0.8244614723878475,-0.4673540350655701,0.6209993840384967,0,1
first-old,36,Q4o,578,0.009089929136714596,0.22604027405729463,0.4756741351195248,-1.2128715344184235,1.0708713943644599,-1.4389118084757195,0.7641959263381626,0,1
first-old,37,K4o,598,0.0089998534200563,-0.03960944478547896,0.5188369705364518,-7.238332462456463,0.8332961178268177,-7.198723017670987,0.7156746788910314,0,1
first-old,38,A4o,553,0.008706783739295723,-0.9443137365712924,0.7307398144827183,-6.452988037935736,0.8279983939161312,-5.508674301364445,0.7432251436434363,1,0
first-old,39,52s,218,0.0031430349955735267,-7.686177305898085,1.6482843612165434,-4.463277415757514,0.9839826574918118,3.2228998901405705,1.437610821876394,0,0
first-old,40,53s,185,0.0031265820393601806,0.5145241567876463,1.0512168649658915,-1.1850423695319632,0.7496759926417372,-1.6995665263196107,0.683324464500037,1,1
first-old,41,54s,203,0.0031308951109540934,-2.022481058675833,1.4598201966049893,-5.0902848348114675,1.2384566040647156,-3.067803776135637,1.237683163657339,1,0
first-old,42,55,316,0.004657575877138198,3.629852743269264,1.2753982189784243,-2.2874737501521385,1.2461115803251155,-5.917326493421407,1.1207252652541502,1,1
first-old,43,65o,637,0.00929613453637491,-0.13627876405355485,0.4086527980392704,-1.2992452191177946,0.610017779500364,-1.1629664550642402,0.4129914700052365,1,0
first-old,44,75o,616,0.009262819728927278,-0.09560121062514108,0.4539087473790337,-8.417402846537929,1.2164772250763378,-8.321801635912792,1.0641619837544807,0,0
first-old,45,85o,584,0.00922848563056146,-0.9499095598342578,0.42490032841175895,-7.931259969355952,0.6932920488928302,-6.981350409521691,0.5800164298348708,0,0
first-old,46,95o,554,0.009162899588821865,-0.5470479671289459,0.49408280431247276,-2.756785657546668,0.8034309253878066,-2.209737690417719,0.5626281832936942,0,0
first-old,47,T5o,603,0.00912221426095563,-0.07590557275666927,0.32959237792991447,-10.598060460509105,0.8668941770528528,-10.522154887752437,0.77621184768558,0,1
first-old,48,J5o,584,0.009103041684525784,-0.3497495775842581,0.39723948861654607,-2.6152323940408113,0.8574763979547126,-2.265482816456553,0.6469058332638994,1,0
first-old,49,Q5o,604,0.009012392671723315,-0.10447961866974279,0.518196155547342,-1.4024612146753919,0.6598153770366283,-1.2979815960056487,0.4444485333472828,0,1
first-old,50,K5o,596,0.008922321679882108,-0.3005784668045764,0.3119156950334306,-6.358942296114801,1.4316062261577154,-6.058363829310232,1.264030589185848,0,0
first-old,51,A5o,613,0.008629658602692861,0.2557083272465159,0.5010524693882605,-0.5803462670167352,1.1747618035394638,-0.8360545942632516,0.9496520888657778,2,0
first-old,52,62s,186,0.003143117301803553,-4.338134304083153,1.5224894807868439,-8.389556565761062,1.794781411773874,-4.051422261677911,1.485762395815723,0,0
first-old,53,63s,208,0.00312662544208757,-1.686391943338856,0.9317985771604359,-1.4604598573586713,0.5182140763949518,0.22593208598018533,0.8115908746882893,0,1
first-old,54,64s,218,0.003124612815858345,-0.31164773946091207,0.8293417281024437,-1.0067093381985397,1.2680918031770312,-0.6950615987376282,0.8053189055923848,0,0
first-old,55,65s,199,0.003105130327599686,-0.6377749386600451,0.8981773373812862,-10.356489840778021,1.4527243172067332,-9.718714902117965,1.2174851901043235,0,0
first-old,56,66,320,0.004657822776008899,3.422232754568204,0.8094717775703736,1.7105100152179573,0.8672449735092382,-1.7117227393502499,0.5634360596775922,1,1
first-old,57,76o,646,0.009263066647623712,0.07308377198509593,0.35080790530884265,-5.0744433465388745,1.0837312040707527,-5.147527118523979,0.9507380430428165,0,1
first-old,58,86o,609,0.009228732549257894,0.11694210800877836,0.4099074244420856,-2.375833972159872,0.8542830241444912,-2.492776080168651,0.6381737605001451,1,0
first-old,59,96o,602,0.009163146507518297,0.2835204937392058,0.408568379223954,-8.185013660093245,0.8050016619858743,-8.468534153832463,0.7293579436095068,1,0
first-old,60,T6o,603,0.009122461179652064,-0.5132598752325018,0.472131218138393,-1.3273024452665132,0.7657755796077015,-0.8140425700340127,0.4776179164949804,0,0
first-old,61,J6o,559,0.009103288603222215,-0.6737791352882813,0.5070021278326761,0.03912951184627897,1.0040630593993474,0.712908647134561,0.6996440770587031,0,2
first-old,62,Q6o,545,0.009012639590419749,-0.561560470569335,0.559619072808694,-0.3018462443658361,1.1023076290841904,0.2597142262035003,0.7755770472267148,0,2
first-old,63,K6o,546,0.008922569928609137,0.11476835074243547,0.5283416350896898,-9.312515371224787,1.6074633855857658,-9.427283721967228,1.4806366715089097,0,1
first-old,64,A6o,546,0.008629688899514034,0.03914241204386349,0.6651170981108423,-1.1236308082462774,1.4028909362940047,-1.1627732202901409,1.0491328011113903,1,0
first-old,65,72s,205,0.0031320123662733814,-0.5572952607113943,0.7853764087614161,-2.4935138553922873,1.5987268307576983,-1.93621859468089,1.210722450974855,0,1
first-old,66,73s,213,0.003115520506557398,0.6749674875139987,0.5850385576123494,-1.1192385955761068,0.9201555508910019,-1.7942060830901057,0.597706704890508,1,1
first-old,67,74s,231,0.0031134519845372947,0.9421307255979436,0.796465028565861,0.2352942431208078,0.6427896763346261,-0.7068364824771364,0.7459338829471117,1,1
first-old,68,75s,214,0.0030925460922791082,1.1066724517490898,0.8575317645471031,-0.8841554226101015,0.6893119415763157,-1.9908278743591918,0.7376141420075852,0,1
first-old,69,76s,209,0.003094107729029421,0.4991675984917175,0.8716368403453826,-3.4959669350492035,2.1900852927382495,-3.9951345335409227,1.706462161217504,0,1
first-old,70,77,325,0.004624507869432617,2.8280491155278105,0.8435782811557188,-0.7704982837950556,1.2414697479088448,-3.5985473993228627,1.1605752223865717,1,1
first-old,71,87o,584,0.009195417741810262,-1.366942880049323,0.7402169956475761,-4.226237156570566,1.1125511618479402,-2.8592942765212417,0.8197529028927186,0,0
first-old,72,97o,628,0.009129831700070664,-0.06476535307839439,0.5693837729512803,-9.60296992804675,0.9835862583207577,-9.538204574968368,0.8795239581977234,0,0
first-old,73,T7o,592,0.009089146372204432,-0.041904817712053954,0.4012625496360115,-7.651695831431476,0.7785413332717347,-7.609791013719412,0.6895372326478991,0,1
first-old,74,J7o,561,0.009069973795774582,0.07864590754134716,0.49336155662721687,-1.4063595360971135,0.6569559367310799,-1.4850054436384579,0.41206005985681593,1,0
first-old,75,Q7o,560,0.008979324782972116,0.1162411742917523,0.4896692663640767,-7.38675506911014,0.8834425867485768,-7.502996243401891,0.7904050110927003,1,1
first-old,76,K7o,634,0.008889249585588644,-2.234126530884235,0.5542346874821963,-0.8237858447983324,0.6621331687298487,1.4103406860859042,0.5437265705567447,0,0
first-old,77,A7o,556,0.008596451115028006,0.2604752744487725,0.5438831842017344,-0.042668104398697816,1.447009450642219,-0.3031433788474697,1.1461780599494777,1,2
first-old,78,82s,192,0.003120567667112555,0.812081856284388,0.8022428996568862,0.47189401276324866,1.3335674292120234,-0.3401878435211388,0.8564021009319969,0,2
first-old,79,83s,219,0.0031040758073965723,-0.2191216100965132,0.5131987667652098,-6.459561742177004,1.1529816436828262,-6.240440132080494,1.01062268487666,0,1
first-old,80,84s,189,0.0031020072853764685,-0.1504866908502878,0.9022593759267769,-5.3802433132982745,1.197012815339183,-5.229756622447983,1.0732702916430266,0,0
first-old,81,85s,196,0.0030766711611621336,-0.1535698284786663,1.0020517171124428,-1.5768890299157468,1.4809232085621664,-1.4233192014370808,1.0859100859193673,1,0
first-old,82,86s,193,0.0030826649524687264,0.290498044700538,0.8084210850617944,1.2731737791754765,1.3910884584766818,0.9826757344749375,0.9599730101446879,2,2
first-old,83,87s,205,0.003071559958948295,0.13938312315537615,0.8704922167523705,-1.7316699285023385,0.9968873281647654,-1.8710530516577129,0.6245080068519097,0,1
first-old,84,88,311,0.004590173593626515,-3.7321164760495757,1.86527030334519,0.9298303363769208,2.63565573452701,4.66194681242649,1.6991904456714986,2,0
first-old,85,98o,644,0.009095536099493505,-1.880700970816335,0.6476996963218571,-3.8509723601168626,1.1542583903766623,-1.9702713893005335,0.8221342137376663,0,0
first-old,86,T8o,597,0.009054823459607524,-0.33665794326774756,0.5446218436036875,-9.078589969682799,0.8654310353935605,-8.741932026415052,0.7936101738842579,0,1
first-old,87,J8o,613,0.009035639697408766,0.6588104805198924,0.6320657143977504,1.27192566930692,1.0159690616982358,0.6131151887870282,0.6529486683656822,2,2
first-old,88,Q8o,581,0.008944991632856244,0.18905185094962768,0.5484087492187479,0.6218333665443714,1.093846810816105,0.4327815155947452,0.8129593334744251,2,0
first-old,89,K8o,602,0.008870288926542031,-0.013670222059905755,0.5412859994343163,-5.626641807772762,0.6875571268692866,-5.612971585712857,0.6081265179235013,1,0
first-old,90,A8o,560,0.008562270572889864,-1.815517455922917,0.7480704294499774,-0.9569577315109287,1.287268413547171,0.8585597244119891,0.9079149417548285,2,0
first-old,91,92s,209,0.0030987056537618175,0.5656338383566959,0.532566521449478,-7.621294162334685,1.3682029265638223,-8.186928000691376,1.1840634806326935,1,1
first-old,92,93s,202,0.003082213794045835,-0.12872044722538042,0.6674090450982954,-2.500850478096559,0.6615522083264948,-2.3721300308711766,0.6206606556212734,0,1
first-old,93,94s,198,0.003080145272025731,-0.5306241938259255,0.8448175514956806,-1.0366797466795055,0.9284114252242969,-0.5060555528535808,0.6106736723989565,1,0
first-old,94,95s,178,0.0030551849830528464,-1.6576903135134151,1.076187116692246,-2.473366839498179,1.356384641873675,-0.815676525984764,0.987064737298175,0,0
first-old,95,96s,192,0.003060802798850952,-0.5718749167004701,0.8410336473530402,-3.063676669406744,1.8679334228695106,-2.4918017527062752,1.4124916559162022,0,1
first-old,96,97s,202,0.0030496971044909785,0.7620903538066515,0.8341653780947285,-0.965486854144028,0.6470945965635533,-1.7275772079506797,0.5261752635951626,1,0
first-old,97,98s,196,0.003038252900973393,-0.8774989104918145,1.4373083026977478,-0.5699372183001727,1.4988997715793078,0.30756169219164187,1.2345385703157898,1,0
first-old,98,99,305,0.004524587518183176,1.134639020807553,1.3176425642054082,1.8723905618144696,1.8660259878260879,0.7377515410069162,1.3097141016940579,2,1
first-old,99,T9o,599,0.008989226232099018,-5.13386011405208,0.833397968763722,-0.6292569775014506,0.6089111356943057,4.5046031365506245,0.6865093704338093,0,0
first-old,100,J9o,596,0.00897005864301116,0.5425389065018354,0.5281593826744813,0.9671859916181486,0.8073993946735992,0.4246470851163134,0.5971866730326094,1,2
first-old,101,Q9o,551,0.008897074213832389,2.2429903304250187,0.6481646304970418,-5.202277912684609,0.8546768744757584,-7.445268243109626,0.8619723639910439,1,1
first-old,102,K9o,576,0.008808510962475227,-0.6148699838578229,0.7154432324368517,-2.2006495873568013,1.2732881926568087,-1.5857796034989782,0.7710848239388384,0,1
first-old,103,A9o,576,0.00849669870654732,0.9483643221644371,0.9398258283870368,-2.9136671886601446,1.6134128910247676,-3.862031510824586,1.3710556547062387,1,1
first-old,104,T2s,234,0.003085143878155321,1.0452160953741751,0.8866691723399669,-2.3215677400743395,2.5501648913977357,-3.366783835448516,2.2241086826022394,1,1
first-old,105,T3s,207,0.003068652018439338,-0.4416025595283186,0.7107602218874676,-0.9918097668601495,0.4100769553249267,-0.5502072073318306,0.5263084190017876,0,0
first-old,106,T4s,209,0.003066583496419234,-0.28351999684278134,0.40978945842234116,-6.758769335515741,2.1020789504366855,-6.475249338672967,1.867378841912068,0,0
first-old,107,T5s,195,0.003040740248649781,-0.6806675747025377,0.5940039429647794,-3.0719518235254646,1.4355790784074116,-2.391284248822927,1.2093884050045367,0,0
first-old,108,T6s,190,0.0030408203149837813,0.6247531830305302,0.7345920477268834,-1.6081699467281803,1.3758002180241264,-2.232923129758712,1.1456070093419621,0,1
first-old,109,T7s,196,0.0030361325646821274,1.6909352419347983,0.9856872511204114,-6.65142011487502,1.440904985391299,-8.342355356809817,1.3744667938300017,1,1
first-old,110,T8s,210,0.003024691110993242,0.7888065821717082,1.0992900230128604,0.3627869014629434,1.8061626085884634,-0.4260196807087642,1.1274497025771193,2,1
first-old,111,T9s,199,0.003002829561068935,1.2024040143528252,0.5984872323767314,-0.29356716921101866,0.9070194587159582,-1.4959711835638443,0.668657256616247,1,1
first-old,112,TT,292,0.004483901867157541,-1.8294022013152569,0.82023366238201,2.8155937067860504,2.2344343686577037,4.644995908101309,1.7053031069343014,2,0
first-old,113,JTo,540,0.008948627684417313,0.39431945502800647,0.6966327959907856,2.0696434932105974,1.4504980352163857,1.6753240381825887,1.0888175431498162,2,2
first-old,114,QTo,588,0.008857952729646955,0.42195146527904914,0.5718927895565894,-6.776582790537664,0.8843135614443776,-7.198534255816708,0.7710925444728147,1,0
first-old,115,KTo,621,0.008767899905759253,1.008058565200283,0.6075130647613163,-4.913371928986047,0.7396391417929395,-5.921430494186334,0.6513331557563166,1,1
first-old,116,ATo,503,0.008456018424329408,2.1697670867473904,0.653117336134305,4.039733864236606,1.5611242843799151,1.8699667774892121,1.1978223988493684,2,2
first-old,117,J2s,197,0.003078753019509794,-4.282990810667002,1.7188097332173629,0.5818304553334754,1.6639948637007056,4.864821266000475,1.457414653520452,0,2
first-old,118,J3s,177,0.0030622611597938116,-0.23116320490862147,0.6919641412610419,-6.647616888030474,1.3032842277947208,-6.416453683121849,1.1725494432730268,0,1
first-old,119,J4s,198,0.0030601926377737078,-0.5346640333245491,1.0781455776410482,-5.930310183649717,1.1974777582230578,-5.395646150325169,1.0175466327093348,1,0
first-old,120,J5s,181,0.003040739542766197,1.1890153817343256,0.9262724457607903,-0.5494269073396513,0.4974693805022061,-1.7384422890739766,0.772108755250568,1,1
first-old,121,J6s,204,0.0030344294563382545,-4.935844842589057,1.5568086162248975,-1.5397519627778877,0.9951227009851861,3.3960928798111674,1.212094050208236,0,0
first-old,122,J7s,185,0.0030297342847703562,0.34491157730038985,1.148497786001588,-0.5307360217264051,2.441957468543985,-0.8756475990267947,1.7114996673679475,0,2
first-old,123,J8s,196,0.0030183005204907085,0.08349156856815697,0.7797144496827476,-0.5870915140546565,0.863052692413355,-0.6705830826228134,0.6792368732445524,0,1
first-old,124,J9s,198,0.00299643869350183,0.8434694670892067,1.096597565727014,1.3893512704556166,1.3406260815586895,0.5458818033664077,0.7107722117882553,2,0
first-old,125,JTs,200,0.002982874835202435,2.7360088428614713,1.1998055521096185,5.013412109984287,1.6651175563378136,2.2774032671228155,1.273889498131868,2,2
first-old,126,JJ,324,0.004464729101391971,-0.5321223683732796,0.7285797832422759,8.37184772110312,2.8022772370714963,8.9039700894764,2.254966121760584,2,2
first-old,127,QJo,582,0.008838791741356376,0.6493463286602182,0.5731085222008839,1.1415496758583752,1.2415963146937392,0.49220334719815945,0.9090339989634646,2,1
first-old,128,KJo,561,0.008748729593427788,0.6525470179567783,0.7336564474058936,-4.703601751879826,0.847104140908264,-5.356148769836601,0.7974394676161474,1,0
first-old,129,AJo,544,0.008436846232518724,0.06853796301996629,0.7949384221616632,-3.616840346088882,1.4083064846304647,-3.685378309108851,1.1050255571217515,1,0
first-old,130,Q2s,202,0.003048589629748466,1.3680808643268532,0.8639188906766255,-3.9518858285169176,0.9117521592760285,-5.319966692843773,0.7930394583071979,1,1
first-old,131,Q3s,197,0.0030383263451918183,1.785275185583103,1.0691999564519927,-1.7366433032045794,0.6373529593924318,-3.5219184887876804,0.9233916579276921,0,1
first-old,132,Q4s,218,0.0030300838891443495,0.6565166310115998,0.7242550799319342,-1.1444740548033336,1.7719379106958748,-1.8009906858149338,1.30032457132087,1,1
first-old,133,Q5s,204,0.003010523121683423,0.08863564803729354,0.7032860658200072,-5.918707307500189,1.8048616909729702,-6.00734295553748,1.5324876893300292,1,0
first-old,134,Q6s,234,0.0030106108780065255,1.5163919057427884,0.9049479464473552,1.1387443108933328,1.8777389517625207,-0.37764759484945604,1.3307825753283844,1,1
first-old,135,Q7s,179,0.002999247818911184,-1.3187679757827684,0.9492481146656965,-8.002804338169748,1.4884123905126807,-6.684036362386982,1.2456899051342556,0,0
first-old,136,Q8s,187,0.0029880834387154944,-0.6486713998764796,0.7709902903672179,-1.3422402918059742,0.9877195496664429,-0.6935688919294946,0.5422698636877779,0,0
first-old,137,Q9s,195,0.0029662224032688716,0.7975913890612855,0.8895503216603833,-3.8109253762450033,2.328980844375664,-4.608516765306289,1.9075997860018308,1,1
first-old,138,QTs,168,0.0029526608655711306,1.1244702696672315,1.3876671075422755,-1.6228677749469387,1.2325512724383656,-2.747338044614171,1.378379185441395,1,1
first-old,139,QJs,206,0.0029462700089081767,0.05494596475349205,1.1256292131219499,-5.138682524969851,1.3782629599812175,-5.193628489723343,1.5125277293589043,1,0
first-old,140,QQ,278,0.004374080308655107,0.4837867057009662,0.7613019639553704,13.552369340329411,2.851917673608135,13.068582634628452,2.310126203885627,2,2
first-old,141,KQo,560,0.008658085069170625,1.5768201248029698,0.6700797115104371,2.7723203716764298,1.021692226816389,1.1955002468734615,0.7154039032595396,2,2
first-old,142,AQo,565,0.008346197677690622,3.4549544942709174,0.900032880540357,3.190032038754903,1.6246512386105643,-0.2649224555160142,1.1438847746305711,1,2
first-old,143,K2s,192,0.0030248961572387077,1.44906797661369,0.7836853265149502,-3.0092752920294696,0.6627918727866317,-4.4583432686431586,0.7611072937424426,1,1
first-old,144,K3s,177,0.003008434522343193,-0.7419594522545044,1.046072330919363,-2.0024174139751536,0.6502110353095397,-1.2604579617206513,0.8307369752210874,0,0
first-old,145,K4s,218,0.0030063569944854033,1.5041673686315662,1.0700060869922885,-5.687490639997564,1.3099086941417448,-7.191658008629129,1.3343070123805627,1,1
first-old,146,K5s,194,0.002980524350918867,0.37979653015052944,1.0394528477361937,0.06268502415334382,1.9876616948810042,-0.31711150599718574,1.29364351017423,2,0
first-old,147,K6s,188,0.0029806068083200817,-1.379499907805233,1.3037881042297346,-7.7085473961379005,1.2884207039097293,-6.329047488332666,1.3120669818438107,1,0
first-old,148,K7s,192,0.002969502618732987,2.739160016386068,1.0188431994924136,2.635865882396391,1.6890093915258397,-0.10329413398967824,1.1469116107584478,1,2
first-old,149,K8s,194,0.0029580582045670247,1.5393980005201053,1.0876014001068637,-1.2682209931775688,1.0873462704634425,-2.807618993697676,0.7769281228269003,1,1
first-old,150,K9s,180,0.0029361969996104134,0.7228144063000658,1.2599318608451102,-5.607753238239439,1.4257574255907781,-6.330567644539509,1.4220488018197188,1,0
first-old,151,KTs,186,0.0029226356056492116,0.4768586938102506,1.2038679639447416,-1.0423527705457285,1.9508922172072432,-1.5192114643559802,1.4110609781200791,0,1
first-old,152,KJs,209,0.0029162448758709276,0.3654214328336216,1.4541421623007469,2.387339466137475,2.314664426717865,2.0219180333038524,1.7067422842830033,2,2
first-old,153,KQs,175,0.0028860286010029094,1.9673488896861944,1.514135402694637,2.4073893871412024,2.564849695879526,0.4400404974550061,1.6359492598344556,1,2
first-old,154,KK,279,0.004284005053936323,1.8391894933997137,0.7044667338333482,24.91608313799163,3.0834884094254322,23.07689364459192,2.6397385703880145,2,2
first-old,155,AKo,559,0.0082561217647576,0.48345367875338574,0.4947411626499152,5.630853975424696,1.0951523767597005,5.147400296671313,0.8580774269669451,2,2
first-old,156,A2s,189,0.0029209535351987642,-0.4988308522648838,1.1809572334401068,-2.6299784306209064,2.8031595563695597,-2.1311475783560225,2.255895352680637,0,1
first-old,157,A3s,187,0.002904478032205372,1.9719186854899917,1.4225389226415819,-0.1533256974481466,2.7047350723166845,-2.125244382938138,1.8226950033453335,1,2
first-old,158,A4s,178,0.0029024088276845255,0.12913672252910902,1.273394614569862,-2.3003681963647735,1.9537581977436806,-2.429504918893881,1.3490583697963294,1,0
first-old,159,A5s,196,0.0028765640116156376,-0.548107996582853,1.0951281687899057,-0.17610691554469848,2.0568941053000644,0.37200108103815427,1.551300308502125,0,1
first-old,160,A6s,169,0.00287664555405943,3.9916909042438125,1.4158966930120707,2.3179886013994175,1.7405144401269816,-1.6737023028443954,0.9110442370876417,1,1
first-old,161,A7s,193,0.0028655407057624678,-0.01824334972587257,0.8948996765204764,-0.5227621052042686,1.9823589474299628,-0.5045187554783945,1.49118056086189,1,0
first-old,162,A8s,201,0.002854096463089066,0.8382264656098395,1.2419183780710283,0.3648487506959979,2.5334080182503786,-0.473377714913842,1.704579534100303,1,2
first-old,163,A9s,195,0.0028322345637362746,-0.2653391973934005,1.4056322609916818,-3.258722531771083,2.5150085486080798,-2.9933833343776817,1.7572833466366362,1,0
first-old,164,ATs,170,0.0028186729016320797,2.6008370918562878,1.7676818123044367,-2.881858618320675,1.4220307453666292,-5.482695710176956,1.7505318870108986,1,1
first-old,165,AJs,177,0.0028122821203068987,3.9535547710311896,1.1710131023043344,5.312223797534136,2.521134271732407,1.358669026502946,1.8670820211020651,2,2
first-old,166,AQs,165,0.002782065810743854,6.621347345345999,2.256235537496676,10.102407078857395,2.704873942212261,3.4810597335113975,1.8712400093299077,2,2
first-old,167,AKs,166,0.002752040727766573,-0.8815549647116026,0.962925175605266,5.778912560733912,3.6027034157618814,6.660467525445516,2.9736431421525604,2,2
first-old,168,AA,247,0.003972108648688113,4.278441245940475,0.6595949106374265,40.68863803632986,3.775338901290886,36.410196790389385,3.3401244137918615,2,2
first-new,0,22,311,0.004790793724696479,1.5839753514942432,0.9555562069721166,-1.904824978906069,1.903887973531646,-3.4888003304003146,1.5228618576018733,0,1
first-new,1,32o,637,0.009512847260521819,-0.3921195419833703,0.4011006882869309,-8.311376543949843,0.8975347510906145,-7.919257001966457,0.8084738081692455,0,0
first-new,2,42o,612,0.009506641694301852,-0.015214628986462088,0.2787381253975393,-8.56332574792223,0.7943000771227385,-8.54811111893577,0.7517886517691142,1,0
first-new,3,52o,620,0.009429105229310572,-0.17405590191321904,0.3947563036693165,-3.740506470743374,0.8909001366986065,-3.566450568830159,0.7096916640287366,0,0
first-new,4,62o,605,0.009429352148007004,-0.23765880231526307,0.3947946795598208,-0.7395327769769108,0.5728941200431849,-0.5018739746616476,0.3932566745651846,0,1
first-new,5,72o,627,0.009396037340559372,-0.6206139760314778,0.4921363702004363,-3.246494781944317,0.30488862269540606,-2.6258808059128382,0.47762922947526526,0,0
first-new,6,82o,627,0.009361703242193552,-2.6542442554589925,0.5977801218197674,-6.688299478524103,0.7848088818969691,-4.03405522306511,0.6243089639653495,0,0
first-new,7,92o,643,0.009296117200453959,-0.21715165836920838,0.2776392091571094,-9.213595321921867,0.8203955509068162,-8.996443663552656,0.7569262522612217,0,1
first-new,8,T2o,612,0.009255431872587724,-0.09604744071702412,0.371004324890038,-4.490926723064761,0.9681777354042339,-4.394879282347739,0.8286087747349636,1,0
first-new,9,J2o,592,0.009236259296157876,-1.190607795703709,0.47332382115273963,-1.9971531974749381,0.7873151416172502,-0.8065454017712298,0.6618992242442882,0,0
first-new,10,Q2o,580,0.009145610283355409,-0.4324552207024668,0.39820153283435566,-10.538988372685656,0.8775690548297904,-10.106533151983198,0.8128701424298147,0,0
first-new,11,K2o,619,0.009055534566697113,0.17630767823645424,0.3950306721994221,-1.121649691836416,0.4449354516113812,-1.2979573700728686,0.3463257246224402,0,1
first-new,12,A2o,581,0.008750471453727546,-0.5572548289663005,0.562755483273147,-3.939929329100707,1.2242771583009078,-3.382674500134404,1.06131753884216,0,1
first-new,13,32s,197,0.00317094900525911,0.10411994646973549,0.672965622030683,-1.591684112799704,0.5301125659942797,-1.6958040592694392,0.49509664138786225,1,1
first-new,14,33,334,0.00474131789843658,1.364431719099721,0.760909949533502,-4.534358339233739,1.0304701128806855,-5.8987900583334625,1.0691258890712891,1,1
first-new,15,43o,591,0.009457166113881007,-1.3285510167318368,0.42641638962327894,-9.262195361249173,0.8288697255305063,-7.933644344517337,0.757697710036724,0,0
first-new,16,53o,619,0.009379629648889725,-0.21704183841630192,0.4079622323047001,-10.487666683599414,0.8011617169547577,-10.270624845183095,0.7547494122307101,0,1
first-new,17,63o,601,0.00937987656758616,-1.2225275226805503,0.3747119158314466,-5.5025754047343325,1.1868074399694486,-4.280047882053785,0.9971682707453737,0,0
first-new,18,73o,640,0.009346561760138525,-2.703909829907654,0.5104182024165229,-9.794103134036321,0.7828207662300606,-7.090193304128678,0.7218989505167976,0,0
first-new,19,83o,588,0.009312227661772707,-0.6332487549287339,0.31437137597527864,-1.8392483153504005,0.671667259509224,-1.205999560421668,0.5106121261892028,1,0
first-new,20,93o,608,0.009246641620033112,-1.9525828374265806,0.4261130719494477,-7.609443612140172,0.7122573790351058,-5.656860774713588,0.6359112161708583,0,0
first-new,21,T3o,589,0.009205956292166879,-0.7549225089421306,0.40996302936428924,-6.750047317594642,0.6595213558822969,-5.995124808652507,0.6273108288531807,0,0
first-new,22,J3o,640,0.00918678371573703,-0.19563308841313737,0.37151839417817123,-8.409743163261684,0.8137610483127092,-8.214110074848547,0.7485753881046313,1,0
first-new,23,Q3o,606,0.009096134702934562,-0.829046755546554,0.35117641231467545,-8.929220974656356,0.8311298749236391,-8.100174219109805,0.7347103579900679,0,0
first-new,24,K3o,578,0.009006058986276266,-0.19860999458272405,0.5519321095042333,-7.932884708296337,0.7891959840930733,-7.734274713713605,0.754527897045521,1,0
first-new,25,A3o,564,0.00871117416475761,-1.0305385575194965,0.6369960927941053,0.07278102861263078,0.8239696943190633,1.1033195861321297,0.586358527578236,2,0
first-new,26,42s,218,0.0031688804832390063,-1.8912943190304896,0.7276011093870234,-9.662283794683924,1.4210297648001906,-7.770989475653437,1.1828054572229685,0,0
first-new,27,43s,234,0.0031523886235230235,-0.13379649787179015,0.8465862359682265,-0.6337078038323514,1.3825406122347041,-0.4999113059605613,1.1003256330865891,0,1
first-new,28,44,323,0.004735112089351418,2.0492594028940316,0.8698445565591785,-2.8959539358880186,1.1861341499425597,-4.945213338782049,1.1209176802976704,1,1
first-new,29,54o,621,0.00937342408266976,-0.49700061302521364,0.46621190816144675,-9.004640077559824,0.8081013706861252,-8.507639464534595,0.7660464940700052,0,0
first-new,30,64o,579,0.009373671001366192,0.04242682193317047,0.5299055104567107,-7.61940749097481,0.8071629779262297,-7.661834312907981,0.8157772996921511,0,1
first-new,31,74o,611,0.00934035619391856,-0.622670364835662,0.38711055695988655,-5.5522918107834265,0.54984599525957,-4.929621445947765,0.4932900910437602,0,0
first-new,32,84o,613,0.009306022095552742,-1.4715260229198341,0.45243298961056383,-2.150838493361584,0.6579132354371849,-0.6793124704417491,0.441237126115442,0,0
first-new,33,94o,611,0.009240436053813146,-2.2392986372743757,0.5493672650637712,-9.863473385477354,0.8100894132761964,-7.6241747482029805,0.7130938782834891,0,0
first-new,34,T4o,557,0.009199750725946912,0.5728724374051583,0.44988742554717726,-8.806083385235404,0.8740785024248857,-9.378955822640563,0.8282586623054241,1,1
first-new,35,J4o,625,0.009180578149517064,0.2712254362616205,0.43802699691854385,-4.0091782745737,0.46410106913600324,-4.2804037108353254,0.4860858721700524,0,1
first-new,36,Q4o,578,0.009089929136714596,-0.2930724079958883,0.46188122378849705,-9.562373984793775,0.8513814593294524,-9.269301576797892,0.8112333514458611,0,1
first-new,37,K4o,598,0.0089998534200563,0.5258504802161689,0.44914942353789866,-1.9325735425915485,0.2733481633622896,-2.4584240228077214,0.40444015519446197,1,1
first-new,38,A4o,553,0.008706783739295723,-0.8203155729036217,0.7553350918303019,-6.064404612537745,0.7744937080855174,-5.244089039634123,0.7316890163434354,1,0
first-new,39,52s,218,0.0031430349955735267,-0.47713822464725336,0.7482871226478602,-11.669978375111643,1.402142292096344,-11.192840150464386,1.3558713960017759,0,0
first-new,40,53s,185,0.0031265820393601806,-0.42762362263049347,1.1153806789498915,-0.9492444915722253,1.0314115780886004,-0.5216208689417322,0.8674421845155282,0,2
first-new,41,54s,203,0.0031308951109540934,1.0277771784967322,0.8552918301620425,-0.860343157080476,0.48027065681735914,-1.8881203355772094,0.7365533936614264,1,1
first-new,42,55,316,0.004657575877138198,3.8432612541464075,1.2299455862206556,-4.214672314271508,1.642863291802947,-8.057933568417914,1.5682413591970028,1,1
first-new,43,65o,637,0.00929613453637491,0.03429228988768822,0.42082342636057407,-5.981945326560354,0.5438889139668577,-6.016237616448033,0.5340713025636821,1,1
first-new,44,75o,616,0.009262819728927278,-0.2978757641518689,0.40094857625810953,-7.365915319515407,1.0733056672796055,-7.0680395553635424,0.9196361473282231,0,0
first-new,45,85o,584,0.00922848563056146,-0.6585313918647782,0.3658771823643234,-4.715840856295824,0.509917464500627,-4.057309464431043,0.4550871040900103,0,0
first-new,46,95o,554,0.009162899588821865,-0.5437579591513847,0.4006740899482433,-3.6656826723553264,0.4350258739359449,-3.121924713203942,0.43773924295559064,0,0
first-new,47,T5o,603,0.00912221426095563,0.17685628882181295,0.3898827994137643,-1.6716134225005475,0.8802227697785746,-1.8484697113223625,0.662368463367895,1,1
first-new,48,J5o,584,0.009103041684525784,-0.2655929175050007,0.36175450925911273,-4.363551970546369,0.4729689862403304,-4.097959053041365,0.4335595485321217,1,0
first-new,49,Q5o,604,0.009012392671723315,-0.41718664939770805,0.46738534340501875,-1.0465284639554988,0.5666669793261051,-0.6293418145577899,0.4290193857490545,0,0
first-new,50,K5o,596,0.008922321679882108,-0.3369018607881632,0.39064024848038104,-1.3581712200331757,0.2547669396688696,-1.0212693592450166,0.3290225335213515,0,0
first-new,51,A5o,613,0.008629658602692861,-0.10504553216489596,0.5007490545858643,-6.097138404211156,0.7318178906623201,-5.992092872046264,0.6512407227253469,1,0
first-new,52,62s,186,0.003143117301803553,-1.4159417867222186,1.3696381085395972,-10.68928945131438,1.4766060919121027,-9.273347664592173,1.5874779012785942,0,0
first-new,53,63s,208,0.00312662544208757,0.16475225664440252,0.8678282532186292,-1.7500325465523372,0.6472742040388326,-1.914784803196739,0.8790990350191934,0,1
first-new,54,64s,218,0.003124612815858345,-0.6851258123923173,0.7792136821785058,-7.587465764332474,1.319140298089178,-6.9023399519401565,1.1543891032558524,0,0
first-new,55,65s,199,0.003105130327599686,0.5635488764219919,0.8794989949968222,-3.164919976756434,1.8612708732852328,-3.728468853178426,1.427834477022784,1,1
first-new,56,66,320,0.004657822776008899,2.953273345365622,0.9649715924911554,1.5778901967432706,1.8347948375227616,-1.3753831486223527,1.486836244662399,2,1
first-new,57,76o,646,0.009263066647623712,0.19228204786646394,0.4613205776878418,-7.837506221897914,0.7460935653911048,-8.029788269764378,0.7285166546053224,0,1
first-new,58,86o,609,0.009228732549257894,-0.2282263299806829,0.433740951095137,-5.370576989574981,1.4304249654815113,-5.1423506595943,1.2220949531725118,1,0
first-new,59,96o,602,0.009163146507518297,-3.107681496683202,0.9194899332867082,-8.126831818404291,0.8084113183731794,-5.0191503217210895,0.8592392354371059,0,0
first-new,60,T6o,603,0.009122461179652064,-0.7398683219697584,0.5016169532185573,-4.0578279098000625,1.1419027349208042,-3.3179595878303028,0.9380135128617548,0,0
first-new,61,J6o,559,0.009103288603222215,-3.5746476325865086,0.7437417414998055,-1.1438966642919273,0.6355993225443315,2.4307509682945834,0.616675300418683,0,0
first-new,62,Q6o,545,0.009012639590419749,-1.4740346156666757,0.5175870003654349,-6.820670152568182,0.8410330388869249,-5.346635536901501,0.7428660022584346,0,0
first-new,63,K6o,546,0.008922569928609137,0.10130512534624604,0.4760962615564343,-6.294583338280764,1.1465178231304907,-6.395888463627008,1.003399832219002,0,1
first-new,64,A6o,546,0.008629688899514034,-0.06181796778555824,0.622333262526119,-6.444788002979152,0.8332181116536653,-6.382970035193588,0.7577088823445471,1,0
first-new,65,72s,205,0.0031320123662733814,-0.1263074162666373,0.7160953313835133,-0.9532223753768759,1.5063402168695457,-0.826914959110237,1.141736123639384,0,1
first-new,66,73s,213,0.003115520506557398,0.48310135520816155,0.5904012382543538,-2.358034510265546,0.5932783770174503,-2.8411358654737064,0.5738040907617298,1,1
first-new,67,74s,231,0.0031134519845372947,0.843087095522875,0.7648157531884541,0.3208173603933801,1.4189954736026906,-0.5222697351294937,1.0731123800791165,2,1
first-new,68,75s,214,0.0030925460922791082,-0.12188099495186942,0.6702798075029038,-2.055449186593918,0.8171972249667432,-1.9335681916420486,0.7763572534774471,0,1
first-new,69,76s,209,0.003094107729029421,0.5428545409738128,0.841094277554017,-1.1014376912979407,0.7084560821141075,-1.6442922322717541,0.8546794538483468,0,1
first-new,70,77,325,0.004624507869432617,3.384683476046528,1.1456012088528464,2.1385895491435902,2.0951850175947055,-1.2460939269029363,1.620630011857135,1,2
first-new,71,87o,584,0.009195417741810262,0.14649132480873212,0.4627921195604213,-2.144922087587129,0.8698293298869905,-2.2914134123958565,0.6935683841767676,0,1
first-new,72,97o,628,0.009129831700070664,0.40453008503760046,0.5340328880044339,-0.40999294256568886,0.8763781393027202,-0.8145230276032895,0.6355620736076276,1,1
first-new,73,T7o,592,0.009089146372204432,0.23982351776920696,0.38578949148598796,-7.646191572534107,0.841858433146792,-7.886015090303315,0.7567516411345109,0,1
first-new,74,J7o,561,0.009069973795774582,0.33969669411406433,0.49637335011413375,-0.5710173989904468,0.8564762719655941,-0.910714093104512,0.6019190052814608,1,0
first-new,75,Q7o,560,0.008979324782972116,0.039401178555570814,0.4908401857658696,-6.705589746378212,0.819593262792406,-6.744990924933784,0.764436351927617,1,0
first-new,76,K7o,634,0.008889249585588644,-0.17352656577919354,0.5443850165813316,-3.504567719939083,1.05249837156532,-3.3310411541598883,0.896997716695732,1,0
first-new,77,A7o,556,0.008596451115028006,0.6175392670086165,0.5640108614259923,-0.8778090426196018,1.276564934454552,-1.4953483096282187,0.9307308184042413,1,1
first-new,78,82s,192,0.003120567667112555,0.9852231052666616,0.9166622855660541,-0.8126008818710276,1.0852307631371525,-1.7978239871376889,0.8344019115074088,0,1
first-new,79,83s,219,0.0031040758073965723,-2.3771245888067716,1.2697534321370951,-8.944269216518055,1.367492404375533,-6.567144627711287,1.356135551042022,0,0
first-new,80,84s,189,0.0031020072853764685,-0.15240507449188112,0.5827454009730954,-0.6254698757046312,0.9041929916585256,-0.4730648012127504,0.6014835941443061,0,1
first-new,81,85s,196,0.0030766711611621336,-0.15199073812445021,0.9131560186941464,-3.7914562806053147,1.819183066364226,-3.639465542480864,1.556602207661739,0,0
first-new,82,86s,193,0.0030826649524687264,-1.7316689398275722,1.3946567154179395,-5.267024391081071,1.2198271925023918,-3.5353554512535013,1.1273934354647868,0,0
first-new,83,87s,205,0.003071559958948295,0.05776642276537984,1.1241774161710316,-3.5347103082734153,1.9709833541281836,-3.592476731038789,1.4477187336637403,1,0
first-new,84,88,311,0.004590173593626515,-1.2724505627584572,1.2338142686272802,1.6381465919745846,2.2906831101875698,2.9105971547330363,1.7586069073623503,2,2
first-new,85,98o,644,0.009095536099493505,-1.010527034124876,0.6094441001329882,-1.6719288057443775,0.8097125652937732,-0.6614017716195045,0.6057727090277312,0,0
first-new,86,T8o,597,0.009054823459607524,-0.3291920448822629,0.6088125558237273,-7.932868631998998,0.8330405709949457,-7.603676587116735,0.8344723133220178,0,1
first-new,87,J8o,613,0.009035639697408766,1.1249485490063984,0.5330943320343754,1.4497255041136217,1.0495198418991913,0.3247769551072198,0.7848372764171672,2,2
first-new,88,Q8o,581,0.008944991632856244,0.5862521571834602,0.5245711369254783,-0.7855757351381486,0.9854396012465227,-1.3718278923216092,0.7581704366957968,2,1
first-new,89,K8o,602,0.008870288926542031,-0.12859335989129617,0.5834592935103925,-7.755545616486737,0.877845786693584,-7.626952256595439,0.9307698742378498,1,0
first-new,90,A8o,560,0.008562270572889864,-3.8367904368299084,0.5389126897649792,-1.0613535968118797,0.9442569709677956,2.775436840018028,0.7203255736594344,2,0
first-new,91,92s,209,0.0030987056537618175,-1.3847955090743844,0.8730722992844672,-7.100985029621684,1.3733215597220294,-5.716189520547297,1.190255798223661,0,0
first-new,92,93s,202,0.003082213794045835,-0.6921236317263979,0.8594826410975174,-0.552117769037642,1.1373431735481285,0.14000586268875495,0.8476278811911994,0,2
first-new,93,94s,198,0.003080145272025731,-0.6919244710713284,0.8316925237611876,-8.148356277328894,1.3633331532582258,-7.456431806257561,1.2864615954748584,0,0
first-new,94,95s,178,0.0030551849830528464,-1.3337665524415445,0.7983861170756446,-6.219308307114519,2.247531339525947,-4.8855417546729765,1.9876048424121284,0,0
first-new,95,96s,192,0.003060802798850952,-4.782872539638842,1.7371212895383723,-0.7474886334312155,1.38244740392737,4.035383906207625,1.3501290342883112,0,2
first-new,96,97s,202,0.0030496971044909785,0.553756982615072,0.816198993914778,-8.623755017340292,1.4426610433460265,-9.177511999955357,1.300556060623945,1,0
first-new,97,98s,196,0.003038252900973393,0.031390755006306295,1.4705329730057655,-1.0205663673200116,1.716060700414827,-1.0519571223263187,1.5575516027133138,1,0
first-new,98,99,305,0.004524587518183176,0.933766502498533,1.0653473847699388,-0.5333087654111499,1.6027241799427803,-1.4670752679096855,1.3470496794231055,1,1
first-new,99,T9o,599,0.008989226232099018,-0.5651260560149124,0.606900791574993,-0.1540463251662262,1.01975325613231,0.41107973084868554,0.7245194275759124,0,2
first-new,100,J9o,596,0.00897005864301116,0.12267571291523724,0.5475695999008567,-0.3833952479602473,0.47125976115685375,-0.5060709608754831,0.40295972755501375,0,1
first-new,101,Q9o,551,0.008897074213832389,1.0979370466068101,0.6617675089412374,0.34376557154264314,0.47140439874979767,-0.754171475064168,0.5822366987767048,1,2
first-new,102,K9o,576,0.008808510962475227,-1.1304125888368886,0.8003007404699513,-0.8505205697259757,1.2012072770780489,0.27989201911091005,0.8612179383145268,0,0
first-new,103,A9o,576,0.00849669870654732,0.5071578807298313,0.8321417161630162,-2.6327270976108323,1.7780320517808934,-3.1398849783406657,1.374603383814654,1,1
first-new,104,T2s,234,0.003085143878155321,0.8764197499120375,0.8377710955184177,-0.5931747585640362,0.5176966311931214,-1.4695945084760742,0.6594394139072175,1,1
first-new,105,T3s,207,0.003068652018439338,-0.6896113969126451,0.7377077653942422,-1.2929286458422689,0.6896517757583119,-0.6033172489296232,0.5180789346777052,0,0
first-new,106,T4s,209,0.003066583496419234,-0.6711461675070305,0.5144624879702757,-4.517820389598269,1.811772378386665,-3.846674222091238,1.551908682306189,0,0
first-new,107,T5s,195,0.003040740248649781,-3.9262910658065,1.361611532119213,-1.824744116354186,0.6459399814861981,2.101546949452311,1.090485416011462,0,0
first-new,108,T6s,190,0.0030408203149837813,-0.26424824273178826,0.7791461422543144,0.28852869308859036,1.5513212637441807,0.5527769358203785,1.2532275603436134,0,2
first-new,109,T7s,196,0.0030361325646821274,1.3660424105613542,1.1762442748333697,-2.3714692945441977,1.7175822695357135,-3.737511705105552,1.3933419560542013,1,1
first-new,110,T8s,210,0.003024691110993242,0.8258247967130563,1.3467631753991132,-0.11581014860313235,0.5527696717958921,-0.9416349453161881,1.1018789375558122,1,1
first-new,111,T9s,199,0.003002829561068935,1.1284503707984639,0.8382870902839479,-1.572561238843386,2.4173516183069457,-2.7010116096418506,2.035181404958956,1,2
first-new,112,TT,292,0.004483901867157541,1.75078997821717,0.9429782223481499,7.089766028295696,1.96109130738071,5.338976050078528,1.431838907429024,2,2
first-new,113,JTo,540,0.008948627684417313,0.5273191727195332,0.5925152019066989,-5.206527892972404,0.8035022667161511,-5.733847065691958,0.7065053535716483,1,1
first-new,114,QTo,588,0.008857952729646955,0.05384001411616238,0.46777154150150985,-0.38904925617595537,0.28834566181213495,-0.4428892702921175,0.4229249561056878,1,0
first-new,115,KTo,621,0.008767899905759253,-1.8796440774136667,0.6779568170915872,-5.290604662441425,1.1690021589650648,-3.41096058502775,0.8964261709110943,0,0
first-new,116,ATo,503,0.008456018424329408,1.3482317720377035,0.5892076785776539,1.3753595459660177,1.21155813928646,0.027127773928313798,0.9863802825701029,1,2
first-new,117,J2s,197,0.003078753019509794,-2.3512317644616356,1.4925142322082348,-2.1355038233389876,1.5051731275733842,0.215727941122649,1.0829556912361757,0,0
first-new,118,J3s,177,0.0030622611597938116,0.5048018977906512,0.7171072122059384,-5.370491254991786,1.199020328702179,-5.875293152782442,1.0119396247577874,1,1
first-new,119,J4s,198,0.0030601926377737078,-0.5927023197432649,0.8201292844514154,-0.8320265313610935,0.6812745885537673,-0.23932421161782844,0.6695687037761113,2,0
first-new,120,J5s,181,0.003040739542766197,0.7989557201873287,0.8432555772436513,0.9769932307865267,1.4155951244825644,0.17803751059919865,0.9276098830273287,2,2
first-new,121,J6s,204,0.0030344294563382545,-0.1860414523205441,0.7438591433740892,-1.8068821611852388,1.464757056885468,-1.6208407088646966,1.158362268132152,0,2
first-new,122,J7s,185,0.0030297342847703562,-0.8815877240940704,1.333586976021948,-0.6293220623914371,2.4785449035366174,0.25226566170263404,1.6885812018903392,0,2
first-new,123,J8s,196,0.0030183005204907085,-0.04495169176045965,0.9492683208011524,-1.3534938814158917,1.5339359024259314,-1.3085421896554326,1.0774941823937387,0,2
first-new,124,J9s,198,0.00299643869350183,1.0380261334310947,1.2475286588551484,2.1192020368121183,2.0172717889747633,1.081175903381022,1.4408441513514239,2,2
first-new,125,JTs,200,0.002982874835202435,1.0820629989590607,0.8535586573717571,-3.4335093568511748,1.201794624527354,-4.515572355810234,1.1168181959423784,1,1
first-new,126,JJ,324,0.004464729101391971,-0.44723452418565407,0.7494365000782206,6.427244564837857,1.8644483090041213,6.874479089023515,1.4630181014183812,2,2
first-new,127,QJo,582,0.008838791741356376,0.1586001465796587,0.5826497894804696,-0.2888584686325939,0.6683102291306707,-0.44745861521225283,0.46284940244023454,0,1
first-new,128,KJo,561,0.008748729593427788,0.5762496139462047,0.6604896460957411,1.4268685525507874,1.130515876264515,0.8506189386045817,0.7864801104025299,2,2
first-new,129,AJo,544,0.008436846232518724,-1.6531557081616683,0.5135979621068651,-0.7487066997440972,1.4577554405655169,0.9044490084175688,1.1532677688632338,2,0
first-new,130,Q2s,202,0.003048589629748466,0.8694055461714097,0.853850812084425,0.2448304079268845,0.7035656680454548,-0.6245751382445253,0.6145623101093091,1,1
first-new,131,Q3s,197,0.0030383263451918183,1.5696654463714723,0.9573686959064585,2.56849731037008,1.3661529514596984,0.9988318639986083,0.9428681061775288,2,2
first-new,132,Q4s,218,0.0030300838891443495,0.6156978063970547,0.8238420296823006,3.2375529086682024,1.612509648843782,2.6218551022711507,1.2078661636579107,2,2
first-new,133,Q5s,204,0.003010523121683423,-0.4413948025711902,1.0169229990716686,-3.710416935656269,1.4415535300672633,-3.269022133085077,1.3174784949919147,1,0
first-new,134,Q6s,234,0.0030106108780065255,1.3061049728123992,0.857068977210586,-7.017099900412043,1.4898867558185183,-8.323204873224439,1.4718540870191354,1,1
first-new,135,Q7s,179,0.002999247818911184,-2.3163901226351764,1.0920124123014894,-1.267785527829866,0.49194509944264236,1.0486045948053107,0.8692568527548895,0,0
first-new,136,Q8s,187,0.0029880834387154944,0.020172105310338244,1.1234108481816891,-6.511002560872336,1.3137489190655873,-6.53117466618267,1.2988596106208954,1,0
first-new,137,Q9s,195,0.0029662224032688716,-0.2643453826942595,1.2064599133773275,0.2486132541166266,1.9256620817021435,0.5129586368108856,1.291072428372134,2,0
first-new,138,QTs,168,0.0029526608655711306,1.542813418639736,1.2318437569180265,-1.2266607122999973,0.5239037617793052,-2.769474130939734,1.0619909318709846,1,1
first-new,139,QJs,206,0.0029462700089081767,-0.797013833661748,1.3157577915928913,-1.4673547545396923,2.2521048640842904,-0.6703409208779441,1.776841814183987,1,0
first-new,140,QQ,278,0.004374080308655107,0.3683980596390544,0.7835578865709644,17.707963307618314,2.9353275365904765,17.33956524797926,2.486946613484898,2,2
first-new,141,KQo,560,0.008658085069170625,0.8664769140020296,0.7469513895594155,-0.4834096610524206,1.1902731043022865,-1.3498865750544506,1.02290863624443,1,1
first-new,142,AQo,565,0.008346197677690622,3.299343494358747,0.9307986608493571,3.136801949235742,1.6302038311011233,-0.16254154512300387,1.1603571682046154,2,1
first-new,143,K2s,192,0.0030248961572387077,1.337250470788142,1.0492770764313748,-0.8434120323751219,0.40136775685679926,-2.180662503163263,0.8629311169159787,1,1
first-new,144,K3s,177,0.003008434522343193,-1.377808114363859,1.074466962144077,-5.311980650570957,0.9758435238820692,-3.9341725362070967,1.005985097131001,0,0
first-new,145,K4s,218,0.0030063569944854033,1.452070766208482,1.1999213784382017,-5.315805997806707,1.1865651295462556,-6.767876764015187,1.312070514540978,0,1
first-new,146,K5s,194,0.002980524350918867,-0.4436501889660717,1.2342084393806945,-1.6507706488540221,1.738138815608636,-1.2071204598879517,1.086034589163178,2,0
first-new,147,K6s,188,0.0029806068083200817,-0.17582791387041238,1.4068715178408853,-0.7266820331467184,1.5143009521666888,-0.5508541192763065,0.9956854198481785,1,0
first-new,148,K7s,192,0.002969502618732987,2.6266610646241895,1.0767118796542432,-1.3633777194074872,2.6288337153129957,-3.990038784031677,2.0852811732630028,1,1
first-new,149,K8s,194,0.0029580582045670247,1.0521154814561948,1.2949299326587307,-4.938402262240595,1.2207391144357653,-5.9905177436967945,1.2636132034866299,1,1
first-new,150,K9s,180,0.0029361969996104134,-0.03074971576101805,1.3642834772463432,-4.307893814725597,1.348204215412909,-4.2771440989645795,1.3254686668151934,1,0
first-new,151,KTs,186,0.0029226356056492116,1.0360291601079423,1.1924160588076138,0.771129252429669,2.1651946654758336,-0.2648999076782731,1.760441866077764,1,1
first-new,152,KJs,209,0.0029162448758709276,-0.08043420314680505,1.7277082861573687,-1.488340865424336,1.0514620757813014,-1.4079066622775303,1.450572099326732,1,0
first-new,153,KQs,175,0.0028860286010029094,1.3968591878672212,1.3591931383639786,-1.6527908962590927,2.567263931963953,-3.0496500841263137,1.8380943718531415,1,1
first-new,154,KK,279,0.004284005053936323,1.8445993040228958,0.7430241261832122,25.83008946623968,3.019082454659466,23.98549016221677,2.6492931023755224,2,2
first-new,155,AKo,559,0.0082561217647576,0.9768012940093351,0.45555692409430737,12.332791925166736,1.4714684529947542,11.355990631157386,1.2548430908678474,2,2
first-new,156,A2s,189,0.0029209535351987642,-0.9444464746269569,1.4164459902062883,-1.9009057797940836,2.134298912587635,-0.956459305167128,1.4735905066559278,0,2
first-new,157,A3s,187,0.002904478032205372,1.3779640343825212,1.460690104013741,-1.999689661709828,2.4757889796850012,-3.377653696092352,1.9273813154664623,0,1
first-new,158,A4s,178,0.0029024088276845255,-0.5164195805234553,1.6082612476901048,-0.9911436198113249,2.008229190940226,-0.47472403928786966,1.2715759411167074,0,0
first-new,159,A5s,196,0.0028765640116156376,0.15655639860067294,1.1915962757813285,-1.1685525628909157,1.6574035582566196,-1.3251089614915896,1.2390044775371494,0,1
first-new,160,A6s,169,0.00287664555405943,4.275577665388327,1.2910312351518871,-2.003880043362238,1.2302203627295167,-6.279457708750567,1.4791886131112808,1,1
first-new,161,A7s,193,0.0028655407057624678,0.1353732247966193,0.879307802740096,-1.278694185022467,1.9703341418537854,-1.4140674098190855,1.6302062272240978,2,1
first-new,162,A8s,201,0.002854096463089066,0.6916221484254255,1.3453403002663937,-0.9752911277230008,0.7050215804996137,-1.6669132761484287,1.1127756777467182,1,0
first-new,163,A9s,195,0.0028322345637362746,0.31603398881044137,1.676984715858579,-1.5786333810270636,1.9532629090469877,-1.894667369837502,1.2182300780584292,1,0
first-new,164,ATs,170,0.0028186729016320797,1.6259828069375204,1.4801708374866616,-2.506426922932575,1.376380823504503,-4.132409729870097,1.5609642933975891,1,1
first-new,165,AJs,177,0.0028122821203068987,-0.32259735568387576,0.9031759161570927,7.756820148542993,2.783206996565086,8.079417504226873,2.3020689102516707,2,2
first-new,166,AQs,165,0.002782065810743854,6.3799636617196045,1.7953189354288248,2.225854977692666,1.3500817377168133,-4.15410868402694,1.4261986000560047,1,1
first-new,167,AKs,166,0.002752040727766573,-0.7885170717994548,0.9868656103928635,6.121018897002044,2.4190488986526213,6.909535968801505,1.8846969275178187,2,2
first-new,168,AA,247,0.003972108648688113,4.4635125332880135,0.6239934675590371,37.681211290487404,3.337148921387286,33.217698757199344,2.965670869803923,2,2
repeat-old,0,22,311,0.004790793724696479,1.7487858636005136,0.9647954618913687,-0.5878048209882906,0.6445346744976583,-2.3365906845888054,0.8514411128061731,0,1
repeat-old,1,32o,637,0.009512847260521819,0.037646103803998784,0.3951823170163269,-8.293083821046865,0.8775467265797685,-8.330729924850864,0.7889337666805813,1,0
repeat-old,2,42o,612,0.009506641694301852,-4.837759992650802,1.060374617090554,-0.7970601231726324,0.28090667393765695,4.040699869478162,0.9508778247155592,0,0
repeat-old,3,52o,620,0.009429105229310572,-0.4201808212849704,0.36018118903418644,-8.155039386657473,0.844364906635863,-7.734858565372507,0.7413045882164674,0,0
repeat-old,4,62o,605,0.009429352148007004,0.2061102538873078,0.4158051545197006,-0.9603250388741047,0.5655964914629463,-1.1664352927614139,0.41228564707959847,0,1
repeat-old,5,72o,627,0.009396037340559372,-0.7996516206313586,0.4686265935830704,-9.350862995059476,0.771241097829858,-8.551211374428116,0.7029728284966075,0,0
repeat-old,6,82o,627,0.009361703242193552,-2.3166153011971624,0.4989912860892735,-7.283438403774497,0.7173653907108303,-4.966823102577333,0.6090759924619508,0,0
repeat-old,7,92o,643,0.009296117200453959,-4.161528300636397,0.7695688706957088,-7.941211465053548,0.7802099714625946,-3.779683164417147,0.6174076263774662,0,0
repeat-old,8,T2o,612,0.009255431872587724,-4.972570265254427,0.9042151742700325,-5.673585447915103,0.6460964431979573,-0.7010151826606794,0.6767711982823755,0,0
repeat-old,9,J2o,592,0.009236259296157876,-0.8434990589579351,0.3564991294740832,-9.129131619137288,0.800462154479313,-8.285632560179343,0.7127546590776952,0,0
repeat-old,10,Q2o,580,0.009145610283355409,-0.23914570237919028,0.4781040296402584,-0.7715935420521322,0.34019760580816516,-0.532447839672941,0.36623299297957623,1,0
repeat-old,11,K2o,619,0.009055534566697113,-0.06513641404016533,0.3304793778685529,-1.7808541176371622,0.6179645655930391,-1.7157177035970008,0.4629494177926365,0,1
repeat-old,12,A2o,581,0.008750471453727546,0.1170478895549528,0.6336521124184961,0.6143213186701595,1.023933740874591,0.4972734291152079,0.7062965055393761,2,2
repeat-old,13,32s,197,0.00317094900525911,0.7555757121839125,0.6641450521478784,-1.0310338461571273,0.3715547676323286,-1.7866095583410395,0.6015250761467223,1,1
repeat-old,14,33,334,0.00474131789843658,1.119742713810416,0.6720645175826069,-3.5419164466973005,0.9578539380631036,-4.661659160507715,0.9288461635349634,1,1
repeat-old,15,43o,591,0.009457166113881007,-0.838559607707853,0.3625335467469742,-2.057409356486431,0.8058341643584634,-1.2188497487785768,0.6189480498718533,0,0
repeat-old,16,53o,619,0.009379629648889725,-0.4393022290429401,0.41004252738192865,-10.314755126578794,0.7627276379201391,-9.875452897535856,0.7067806989388205,0,0
repeat-old,17,63o,601,0.00937987656758616,-1.672833938198581,0.5179535731045681,-8.5025820467968,0.7360966621714403,-6.829748108598219,0.6555626572293245,0,0
repeat-old,18,73o,640,0.009346561760138525,-1.9793997298772645,0.5462741560353219,-4.7799664829644115,0.4910886179195585,-2.800566753087149,0.5400387288411564,0,0
repeat-old,19,83o,588,0.009312227661772707,-3.1261936561937125,0.5448031994134586,-2.4848886576940172,0.9376102128835742,0.6413049984996956,0.6981490598871677,2,0
repeat-old,20,93o,608,0.009246641620033112,-1.1686145746368208,0.3048503992342696,-8.389599661741396,0.7759813779122117,-7.220985087104579,0.6939689578526234,0,0
repeat-old,21,T3o,589,0.009205956292166879,-0.7430290361382307,0.544823062303846,-4.4632953902455235,1.225414480171118,-3.720266354107298,0.9913693477100978,0,0
repeat-old,22,J3o,640,0.00918678371573703,-0.3843463178740333,0.4149578793826709,-7.1035625389444474,0.6874887879245904,-6.719216221070416,0.6375265412590064,1,0
repeat-old,23,Q3o,606,0.009096134702934562,-7.864499171673907,0.9632511985256307,-8.292785604008142,0.7868781562087132,-0.42828643233422853,0.805230342082944,0,0
repeat-old,24,K3o,578,0.009006058986276266,-0.04699672316379477,0.36629477822808004,-0.43378061541305507,0.4293123472787126,-0.38678389224926,0.24881104463662773,1,0
repeat-old,25,A3o,564,0.00871117416475761,-0.6989542926786564,0.5988678692824603,-1.4622931659557235,0.9864321228305846,-0.7633388732770655,0.7010073690982063,2,0
repeat-old,26,42s,218,0.0031688804832390063,-0.3722988151619337,0.709214603617781,-1.3946943591064387,0.5127824132305766,-1.0223955439445065,0.5543655176242819,0,0
repeat-old,27,43s,234,0.0031523886235230235,-0.6384955888370224,1.012168121157022,-3.26667312618216,1.8492359134714207,-2.628177537345142,1.2990949725355778,0,1
repeat-old,28,44,323,0.004735112089351418,2.337870737960503,1.000033509075105,-2.7758232462746983,1.0232886968730894,-5.1136939842352005,1.0850388347143143,1,1
repeat-old,29,54o,621,0.00937342408266976,-0.6768945226174408,0.5304880298442344,-7.97742437210933,0.7413152880464383,-7.300529849491893,0.690001304315512,0,0
repeat-old,30,64o,579,0.009373671001366192,0.0547016950301749,0.6192186436875537,-7.174064816961637,0.7529510430687716,-7.228766511991808,0.7129156176213741,0,1
repeat-old,31,74o,611,0.00934035619391856,0.03992348135238463,0.4789723492601442,-0.9840869468360223,0.9950004879560378,-1.024010428188407,0.7144687150936676,1,0
repeat-old,32,84o,613,0.009306022095552742,-1.5127012446845631,0.5107800833432918,-8.492776322833723,1.0357158929095092,-6.980075078149172,0.8999956056742296,0,0
repeat-old,33,94o,611,0.009240436053813146,-0.97451792702355,0.41109910932803395,-9.871396886692812,1.1036516966761334,-8.89687895966926,0.971160203155088,0,0
repeat-old,34,T4o,557,0.009199750725946912,0.33608684770641983,0.5215829405921945,-5.406628932924226,1.3964616612659975,-5.742715780630648,1.2213842741360905,0,1
repeat-old,35,J4o,625,0.009180578149517064,0.5046699178804148,0.3894033193182135,-6.815516908420389,0.7382174667723003,-7.320186826300799,0.6836960681964825,0,1
repeat-old,36,Q4o,578,0.009089929136714596,-0.24127258756897577,0.4925409581950897,-7.864548249048791,0.8002311658987387,-7.623275661479825,0.7488185844073756,0,1
repeat-old,37,K4o,598,0.0089998534200563,-1.732010458711636,0.7591261943397545,-6.5609119848427255,0.8147938422373319,-4.828901526131094,0.7293903321754363,0,0
repeat-old,38,A4o,553,0.008706783739295723,-0.29135160014981865,0.7001809593028894,-0.3336165530311579,0.3765188782535526,-0.042264952881339614,0.5161987153832587,1,0
repeat-old,39,52s,218,0.0031430349955735267,0.7527581468409711,0.6902264781363455,-5.586158980198815,1.6138968940290999,-6.338917127039787,1.5091019803379637,1,1
repeat-old,40,53s,185,0.0031265820393601806,-1.5617276912952003,1.0708095222327205,-5.736107365035481,1.9260389764121433,-4.174379673740283,1.3162711086827994,0,0
repeat-old,41,54s,203,0.0031308951109540934,1.3586556315652834,0.8752659860873291,-3.522470160037856,1.8465505563361346,-4.88112579160314,1.5199244548786646,1,1
repeat-old,42,55,316,0.004657575877138198,3.9952207865803713,1.379254240641055,-0.7370017357708475,2.1912841431700416,-4.732222522351223,1.6120576157061102,1,1
repeat-old,43,65o,637,0.00929613453637491,-0.3416814398675794,0.45534439740082483,-7.897693062041826,0.6999851269107009,-7.556011622174248,0.6602995409078491,1,0
repeat-old,44,75o,616,0.009262819728927278,-1.7681845734191182,0.7049796867714495,-7.658649536100339,0.7123879257151391,-5.89046496268122,0.7000440737210396,0,0
repeat-old,45,85o,584,0.00922848563056146,-0.6682368014837842,0.518274410635705,-6.265153607855537,0.6129822846211554,-5.596916806371752,0.589336148815434,0,0
repeat-old,46,95o,554,0.009162899588821865,-0.6434860285204791,0.3819302284472626,-2.3892171335338324,0.816979239663845,-1.7457311050133524,0.5755147603490246,0,0
repeat-old,47,T5o,603,0.00912221426095563,0.00415920476935896,0.49589520123288844,-7.048559089171091,0.6514023403954828,-7.052718293940453,0.6226684518238634,0,1
repeat-old,48,J5o,584,0.009103041684525784,-0.4999664147596227,0.428957842153233,-6.95217137871616,0.7003411830974521,-6.452204963956538,0.6160876659443919,0,0
repeat-old,49,Q5o,604,0.009012392671723315,-0.540541495996264,0.544627109816559,-6.649402689629335,0.8275337237298136,-6.108861193633068,0.7250464476752456,0,0
repeat-old,50,K5o,596,0.008922321679882108,-0.1663145867495206,0.32953485762423357,-0.8966148956603568,0.25328394393025194,-0.7303003089108362,0.23947283650356932,0,0
repeat-old,51,A5o,613,0.008629658602692861,-0.5427323404700476,0.5559544067078274,-1.3438207073718234,0.9735181049115015,-0.8010883669017739,0.6755930425704375,2,0
repeat-old,52,62s,186,0.003143117301803553,-6.378697751966654,1.867589048796858,-1.4294851428821178,0.4373902423671763,4.949212609084532,1.7257045972184237,0,0
repeat-old,53,63s,208,0.00312662544208757,-0.016541647566344624,0.8131838436152953,-1.8797357852798804,1.905574420806996,-1.8631941377135357,1.3495846608776263,0,1
repeat-old,54,64s,218,0.003124612815858345,0.8599715040111061,0.793935648347538,-6.765183214349434,1.211540293172202,-7.625154718360543,1.124802494466656,1,1
repeat-old,55,65s,199,0.003105130327599686,-8.831690349123607,2.1392767712078857,-2.4547163040306987,1.01512819856284,6.376974045092909,1.7368941756698784,0,0
repeat-old,56,66,320,0.004657822776008899,4.43378295060011,1.1271206020261428,-0.9726891557793815,0.9004001603758741,-5.40647210637949,1.006834069335089,1,1
repeat-old,57,76o,646,0.009263066647623712,-1.3432152357730809,0.6011133305301259,-0.6196513260713772,1.0447165240484173,0.7235639097017051,0.7140320125630125,0,0
repeat-old,58,86o,609,0.009228732549257894,-5.2605831888846595,0.9208689988041361,-1.503834101706,1.0347355314267197,3.7567490871786626,0.869196049643438,0,0
repeat-old,59,96o,602,0.009163146507518297,0.24761193787442673,0.4124165465287981,-7.787594420187025,0.7740402584725072,-8.035206358061442,0.6822311838738245,1,1
repeat-old,60,T6o,603,0.009122461179652064,-1.313597167420005,0.6805060097130762,-1.252364977930149,0.655092856522895,0.06123218948985652,0.4511736524562538,0,0
repeat-old,61,J6o,559,0.009103288603222215,-1.1987476810005588,0.5084104357824802,-9.494445766325828,1.0813244363671801,-8.295698085325267,0.8836450862366935,0,0
repeat-old,62,Q6o,545,0.009012639590419749,-0.6334939996242157,0.5286348688875367,-7.106778294040402,1.3467817486042413,-6.473284294416192,1.1774026711783006,0,0
repeat-old,63,K6o,546,0.008922569928609137,-0.8802915451986123,0.5100244723046627,-1.0873408002939617,0.9373553088086697,-0.20704925509534938,0.6798059095440033,0,1
repeat-old,64,A6o,546,0.008629688899514034,-0.04014714441768735,0.7289570394106926,0.44186731071398405,0.7702455446815791,0.482014455131671,0.41521637457210436,2,0
repeat-old,65,72s,205,0.0031320123662733814,-0.6300473576500822,0.8204497671136215,-6.345725747987895,1.8131651000788493,-5.715678390337817,1.5069148962381413,0,0
repeat-old,66,73s,213,0.003115520506557398,1.076735328876959,0.8359219431798267,-0.9818223785964719,1.1376039975453647,-2.0585577074734314,0.7804180178906283,1,1
repeat-old,67,74s,231,0.0031134519845372947,-4.777874901135317,1.755163967052691,-8.391099855350664,1.3403545533174186,-3.6132249542153416,1.3305480011712396,0,0
repeat-old,68,75s,214,0.0030925460922791082,0.21958478448680985,0.9048040790899511,0.16204566175505436,1.9194665104720203,-0.05753912273175588,1.2991414448007312,0,1
repeat-old,69,76s,209,0.003094107729029421,0.34913801107045367,1.098436329605291,1.5894790451541034,1.9241989844242338,1.240341034083649,1.3420417975232395,2,2
repeat-old,70,77,325,0.004624507869432617,2.190602623451557,1.3608385495037258,2.349753731611306,2.057352018184192,0.15915110815974953,1.2497274231054614,2,2
repeat-old,71,87o,584,0.009195417741810262,0.24361829336873192,0.5059544432464786,-1.3279907634702337,0.937060275894125,-1.571609056838967,0.6304203071752985,1,1
repeat-old,72,97o,628,0.009129831700070664,-3.8814690737804693,0.6719814532852654,-6.874723432759722,0.7470628562169084,-2.9932543589792515,0.7033162413253832,0,0
repeat-old,73,T7o,592,0.009089146372204432,-0.1945970486605307,0.4874969529532607,-0.8881593650028605,0.6329484730081983,-0.6935623163423308,0.3813881487597431,0,1
repeat-old,74,J7o,561,0.009069973795774582,-0.20241782588223656,0.5000731900174831,-6.859631355311265,0.7989553974486024,-6.657213529429037,0.776484384874477,1,0
repeat-old,75,Q7o,560,0.008979324782972116,-0.38099089130194497,0.5322718857891084,-6.800587597731764,0.7674890288262701,-6.41959670642981,0.729968020739882,0,0
repeat-old,76,K7o,634,0.008889249585588644,-4.206483327642455,0.7715282607564149,-6.184674579809479,0.8009599157206787,-1.978191252167025,0.7380383560772448,0,0
repeat-old,77,A7o,556,0.008596451115028006,0.02055680296074967,0.7886774215103072,-1.2280887678367016,1.3009888795352789,-1.2486455707974529,0.8342398125319095,2,1
repeat-old,78,82s,192,0.003120567667112555,-8.801996939510603,2.0826899180376874,-1.3623277627988222,1.7286821139314692,7.439669176711785,1.531211250605481,0,2
repeat-old,79,83s,219,0.0031040758073965723,-6.1930698441550325,1.3355071202760946,-0.9448765265941902,0.5802040176977584,5.248193317560835,1.197141435668246,0,2
repeat-old,80,84s,189,0.0031020072853764685,-0.7784298549132768,0.9980932494612264,-0.5406641612985504,1.7777488989116934,0.23776569361472596,1.4046053510636942,0,2
repeat-old,81,85s,196,0.0030766711611621336,-0.49457706089534353,0.9197200325931966,-1.991801835599751,1.6821275781182972,-1.4972247747044083,1.07218406779,0,0
repeat-old,82,86s,193,0.0030826649524687264,0.21963147763561913,0.8205276298572313,-0.6817394099690908,2.078846202606853,-0.9013708876047093,1.486180022569345,1,0
repeat-old,83,87s,205,0.003071559958948295,0.5938163093101847,1.23732305682431,-4.421455307451165,1.0593865303278256,-5.015271616761352,1.1883614761400574,0,1
repeat-old,84,88,311,0.004590173593626515,-2.1869831939726105,1.5410387800376162,0.27856557906877477,0.7070997826930328,2.4655487730413874,1.1883222780381304,2,2
repeat-old,85,98o,644,0.009095536099493505,-7.275576382004268,1.022615948114286,-7.596535585109402,0.7409589118128741,-0.32095920310512055,0.8301538440233001,0,0
repeat-old,86,T8o,597,0.009054823459607524,-0.5667458890824445,0.6125007877026782,-6.346569502066987,0.7388304652560034,-5.779823612984546,0.7415525668295863,0,1
repeat-old,87,J8o,613,0.009035639697408766,0.36671268033233656,0.45841295813024374,-0.10524769746016555,0.9128454422678652,-0.47196037779250255,0.6100650430198468,2,0
repeat-old,88,Q8o,581,0.008944991632856244,-4.102057497394363,0.9316357720000502,-2.4495865297282733,0.6055294587328307,1.652470967666093,0.7020267727704306,0,0
repeat-old,89,K8o,602,0.008870288926542031,0.14787961673466182,0.47357504617544904,0.8185850444171994,0.9653734772562604,0.6707054276825375,0.7163927438772602,2,0
repeat-old,90,A8o,560,0.008562270572889864,-0.6027859741399761,0.638067602168354,-5.334610796156897,0.9659441511380875,-4.731824822016916,0.843080981696443,0,0
repeat-old,91,92s,209,0.0030987056537618175,1.016044552925125,0.6612209536982183,-1.7030641179370833,1.5825017169907631,-2.7191086708622088,1.3170118407920632,1,1
repeat-old,92,93s,202,0.003082213794045835,-0.029353305505947995,0.584433037823623,-6.212198491481302,1.6127909796001096,-6.182845185975359,1.442718196284515,0,1
repeat-old,93,94s,198,0.003080145272025731,-2.662517712132562,0.9182329381076676,-7.418370113439065,1.3504491064939006,-4.7558524013065,1.0687839928662333,0,0
repeat-old,94,95s,178,0.0030551849830528464,-1.9346029461870617,1.033316863363446,-2.4740190815826306,1.0108194470923129,-0.5394161353955691,0.673517681099319,0,0
repeat-old,95,96s,192,0.003060802798850952,0.1545791844754589,0.7583957876046504,-7.782071681166294,2.037941670923294,-7.936650865641752,1.7350574905946303,0,1
repeat-old,96,97s,202,0.0030496971044909785,1.546873836072949,0.9763485072005437,-1.4589685348812413,2.2903061107441256,-3.0058423709541855,1.7222370518993113,1,0
repeat-old,97,98s,196,0.003038252900973393,-0.07728165115782555,1.0606692510584275,-0.244043803954993,0.6898796124619835,-0.16676215279716708,0.7141238854059256,1,0
repeat-old,98,99,305,0.004524587518183176,-1.171363247245313,0.7309119739916371,9.189196301245127,2.545480495743521,10.360559548490443,2.0859737117911985,2,2
repeat-old,99,T9o,599,0.008989226232099018,-0.39732166403114066,0.44308129295634385,-7.992494675106472,1.3134021878361968,-7.595173011075327,1.1611633225329512,0,0
repeat-old,100,J9o,596,0.00897005864301116,-0.1542538153996589,0.5644171543329367,-0.24060821208373467,0.3441183199686315,-0.0863543966840764,0.4362450210002691,1,0
repeat-old,101,Q9o,551,0.008897074213832389,2.410489835372137,0.807475619669752,1.1239982527679726,0.5062932644938486,-1.2864915826041643,0.48739076213383337,1,1
repeat-old,102,K9o,576,0.008808510962475227,-0.4880953605823979,0.6736422753519629,-8.226618543400233,1.6627015020426232,-7.738523182817834,1.3610423811707026,0,1
repeat-old,103,A9o,576,0.00849669870654732,1.2362128603209581,0.8091318842793318,-2.2134572289127115,0.7024882329408504,-3.449670089233672,0.8143807754011517,1,1
repeat-old,104,T2s,234,0.003085143878155321,-1.1520458561959692,1.0163929021778038,-0.2379350614459025,1.7952162569262524,0.9141107947500678,1.2776975961456987,2,0
repeat-old,105,T3s,207,0.003068652018439338,-1.1725052435062664,1.2358473531192402,-3.0045271651371204,1.3567544771465263,-1.8320219216308575,1.0144319971468092,0,0
repeat-old,106,T4s,209,0.003066583496419234,-1.1817579950726316,0.8076819089505979,-1.1377007151896505,0.8508950600471926,0.04405727988298067,0.49983335572369825,0,0
repeat-old,107,T5s,195,0.003040740248649781,-0.882438611173603,0.8312997411943305,-4.510483928428738,1.105403088994544,-3.6280453172551392,0.8832165228282852,0,0
repeat-old,108,T6s,190,0.0030408203149837813,0.23021348383933202,0.8928341616961519,-5.1253996186059485,2.633336760789311,-5.355613102445282,2.1478195048488984,0,1
repeat-old,109,T7s,196,0.0030361325646821274,1.0179257823857069,1.2295027179103288,-1.550410297026729,1.1148577638055563,-2.568336079412435,0.9653486911805463,1,1
repeat-old,110,T8s,210,0.003024691110993242,0.6904922071278764,1.1259475798483307,-0.7634272426308095,0.7112217831521883,-1.4539194497586878,0.8704863449244958,1,0
repeat-old,111,T9s,199,0.003002829561068935,0.9972694927192612,0.7267732846284675,-1.6889409189188624,1.7179835311389642,-2.686210411638122,1.3581261518867767,1,1
repeat-old,112,TT,292,0.004483901867157541,-1.7113905585273816,0.8058050547946801,2.7547839565281875,1.4188576682832401,4.466174515055571,1.0840433889451517,2,0
repeat-old,113,JTo,540,0.008948627684417313,1.5384908689856225,0.6785827287870614,-2.5054952968513313,0.8957520508842665,-4.043986165836945,0.7280615508009053,1,1
repeat-old,114,QTo,588,0.008857952729646955,0.199362952220479,0.6923895457466949,1.430101248113823,1.1984719655353386,1.2307382958933435,0.7920871449536985,2,2
repeat-old,115,KTo,621,0.008767899905759253,0.2970396986453729,0.47603037912213114,0.3870129262285341,0.853250816958528,0.08997322758316026,0.6178108209768257,1,2
repeat-old,116,ATo,503,0.008456018424329408,1.6599055002755316,0.7728878514439724,1.7155335929230262,1.2822884716262652,0.05562809264749284,0.811085424074918,2,1
repeat-old,117,J2s,197,0.003078753019509794,-0.7521379377582393,1.031841907045307,-1.7893417705219585,1.8398421119778114,-1.0372038327637203,1.154124240307701,0,2
repeat-old,118,J3s,177,0.0030622611597938116,0.20841150398270106,0.4596781016288164,-4.642000207812261,1.1779551384248765,-4.85041171179496,1.0083761043161972,0,1
repeat-old,119,J4s,198,0.0030601926377737078,0.028890940167021685,0.9577108101909734,-2.6544905823365954,2.109250375341054,-2.6833815225036193,1.565840627809921,1,0
repeat-old,120,J5s,181,0.003040739542766197,0.2168049353823355,1.0744457121568298,-5.961006738488547,1.3091243848398442,-6.177811673870879,1.3840094730711143,1,0
repeat-old,121,J6s,204,0.0030344294563382545,-10.734822823209024,2.295533892148425,-7.009581788153526,1.176002623129021,3.725241035055496,1.7475529627968591,0,0
repeat-old,122,J7s,185,0.0030297342847703562,0.004353966328427756,1.1253591106392107,-3.1068192164182578,1.1262606660434376,-3.111173182746684,1.0981281234809546,0,1
repeat-old,123,J8s,196,0.0030183005204907085,0.09870816196488211,0.5715770220877027,-10.722304239967032,2.599383864698951,-10.821012401931908,2.320710533581543,0,1
repeat-old,124,J9s,198,0.00299643869350183,0.2346417239175975,0.8830350143770797,-1.477605331334092,1.2098444087547313,-1.7122470552516902,0.8808267104951696,1,0
repeat-old,125,JTs,200,0.002982874835202435,1.0051290302136715,0.9435243826108054,1.0017143675550104,1.8973824025309094,-0.0034146626586611718,1.3282962164283134,1,2
repeat-old,126,JJ,324,0.004464729101391971,-0.873021631330127,0.7723760111510475,8.51146305046024,2.004640226692022,9.384484681790369,1.6437581154636813,2,2
repeat-old,127,QJo,582,0.008838791741356376,1.1483118544174715,0.6141228826367071,-6.046128876797392,1.2583482103025256,-7.194440731214864,1.046262761734203,1,1
repeat-old,128,KJo,561,0.008748729593427788,1.6065091157908105,0.6556381606191707,-0.9462125322857176,1.4327955916037105,-2.552721648076526,1.150670317176601,1,1
repeat-old,129,AJo,544,0.008436846232518724,0.9917213388458653,0.9384069861856702,3.4758062803430287,1.5397506185896974,2.4840849414971697,0.9804707934647617,2,2
repeat-old,130,Q2s,202,0.003048589629748466,0.4704086980416703,0.8409095817848435,-7.522418231872201,1.5387394473905298,-7.992826929913879,1.3168478071585086,1,1
repeat-old,131,Q3s,197,0.0030383263451918183,2.3061336865549293,0.9595839760251064,0.4416190468039103,0.5329685153697996,-1.8645146397510182,0.7242636748859366,1,1
repeat-old,132,Q4s,218,0.0030300838891443495,0.6417859316141186,0.951843380579153,-5.47629622885521,2.127960012917989,-6.118082160469323,1.7717062892308058,1,1
repeat-old,133,Q5s,204,0.003010523121683423,0.09144849309982202,0.9315438881875215,-2.3788144291685103,0.6994410023234088,-2.4702629222683337,0.8037375847865037,1,0
repeat-old,134,Q6s,234,0.0030106108780065255,1.539435024129089,0.8600572646127524,0.1616195752766717,1.4439636904482733,-1.3778154488524164,0.9034325838735024,1,1
repeat-old,135,Q7s,179,0.002999247818911184,-0.9330898739244599,1.0541604532587423,-3.5082437275693374,1.9756427071109437,-2.5751538536448773,1.395214861295358,0,0
repeat-old,136,Q8s,187,0.0029880834387154944,-0.7249286330268135,1.0092756531463596,-5.604746434512663,1.4760169699313423,-4.879817801485847,1.1506018868731098,1,0
repeat-old,137,Q9s,195,0.0029662224032688716,1.6529983670091635,1.5001532846813832,-3.5946692639520808,2.470336301158559,-5.247667630961245,2.1039451426701974,1,1
repeat-old,138,QTs,168,0.0029526608655711306,0.7966361113923965,1.6512192209390986,1.7978869053156887,2.358023182886145,1.0012507939232929,1.6811195678632433,2,2
repeat-old,139,QJs,206,0.0029462700089081767,0.12070898465140983,1.3679106021037846,0.15355657535036263,1.8649120684731877,0.03284759069895306,1.2766680971128257,2,0
repeat-old,140,QQ,278,0.004374080308655107,6.015348726152247,2.4276978034265966,17.782066475576915,2.841764570805244,11.766717749424656,2.250095548809173,2,2
repeat-old,141,KQo,560,0.008658085069170625,1.294738787842209,0.5866086390335321,-4.57796178484188,0.8093750220125618,-5.872700572684088,0.7933178993714214,1,1
repeat-old,142,AQo,565,0.008346197677690622,2.071139701887267,0.7705484962591613,4.805452874597947,1.276058418153657,2.7343131727106815,0.8632806383804371,2,2
repeat-old,143,K2s,192,0.0030248961572387077,-5.114010867171939,2.020629446241473,-8.254775103267333,2.3976438146914827,-3.1407642360953916,2.0710192320370906,0,0
repeat-old,144,K3s,177,0.003008434522343193,-4.510822044134535,1.4922022935183912,-2.3347074863210824,1.350855562067752,2.17611455781345,1.2930861983956579,0,0
repeat-old,145,K4s,218,0.0030063569944854033,1.571949753979184,0.9396840199079324,2.2101070869314765,1.244739954251783,0.6381573329522924,0.8808498200289641,2,1
repeat-old,146,K5s,194,0.002980524350918867,0.6786710877648846,0.9184399775845169,-3.9153551626071557,1.2469185453213296,-4.59402625037204,1.1067645408720577,1,0
repeat-old,147,K6s,188,0.0029806068083200817,-10.588069990974377,2.316466380913789,-1.7918135019524453,0.8973723176080394,8.796256489021934,1.9103005794139727,0,0
repeat-old,148,K7s,192,0.002969502618732987,2.0218301406713515,0.8056954678982002,0.9650714575112906,1.9095337749287307,-1.056758683160062,1.341287981498382,1,1
repeat-old,149,K8s,194,0.0029580582045670247,0.9779214120687322,0.9872076612569918,0.5968202228186161,0.7138138110525566,-0.38110118925011643,0.7010037236150372,1,1
repeat-old,150,K9s,180,0.0029361969996104134,1.6687697666373578,1.0066452986262842,-1.3644834993963508,2.3305966832717373,-3.033253266033707,1.80236062702671,1,1
repeat-old,151,KTs,186,0.0029226356056492116,0.46541569369723385,1.151379908556752,-0.9800509706907138,1.8046262200762098,-1.445466664387947,1.1568930926943277,1,0
repeat-old,152,KJs,209,0.0029162448758709276,-2.3164956130432985,0.8913311158489947,-2.31490155149356,1.2177200905598844,0.0015940615497385294,0.8144190325553575,0,0
repeat-old,153,KQs,175,0.0028860286010029094,-1.9394088267108227,0.9532203738150481,-0.24868660599773815,1.3122760801950042,1.6907222207130845,0.963694188798092,0,0
repeat-old,154,KK,279,0.004284005053936323,3.1649873874128835,1.277421558278998,22.53440926796376,3.090656985835192,19.36942188055089,2.4108643557779303,2,2
repeat-old,155,AKo,559,0.0082561217647576,0.3333327439883698,0.507990073734396,11.170653407224803,1.8364265409955873,10.837320663236428,1.5071372844215785,2,2
repeat-old,156,A2s,189,0.0029209535351987642,-0.08322280036875403,1.3237962872343665,-7.074750405388368,4.171344198150655,-6.991527605019624,3.6206855187433864,0,1
repeat-old,157,A3s,187,0.002904478032205372,-3.4453477094127445,0.9533542443532248,-3.632989046175214,1.2090070130601245,-0.187641336762469,0.6985735586097087,0,0
repeat-old,158,A4s,178,0.0029024088276845255,1.2483277968431352,1.6639370572700953,-3.355594206435274,3.0256153270730346,-4.603922003278407,2.260412087348063,1,1
repeat-old,159,A5s,196,0.0028765640116156376,0.3085159775505095,1.1594074597737616,-3.761455647157982,1.592529580841021,-4.06997162470849,1.0239698893008586,0,1
repeat-old,160,A6s,169,0.00287664555405943,3.1243079591140672,0.9433136613524005,1.3047166585388523,2.539067218949272,-1.8195913005752145,2.137253568901414,1,1
repeat-old,161,A7s,193,0.0028655407057624678,-0.07334883171378366,1.3105800501814466,-5.790591839668333,1.5935456981129135,-5.717243007954548,1.557228821867438,1,0
repeat-old,162,A8s,201,0.002854096463089066,0.8166309371293986,1.1835351727483812,-0.14634187240902066,1.9690343209736367,-0.9629728095384181,1.3263913263734766,1,0
repeat-old,163,A9s,195,0.0028322345637362746,0.22953729632159214,1.4242895485523042,0.09246678473865518,2.5784622118038283,-0.13707051158293587,1.6406199098931997,1,0
repeat-old,164,ATs,170,0.0028186729016320797,2.1443464845483273,1.861086061793192,3.6320175187063755,2.3359802845355677,1.4876710341580484,1.2749090267292913,2,2
repeat-old,165,AJs,177,0.0028122821203068987,2.9087641219919464,1.0987501807114415,4.98442741199801,1.8580343047591044,2.075663290006067,1.268972185972329,2,2
repeat-old,166,AQs,165,0.002782065810743854,4.23773350666158,1.26431572812983,9.819004013396063,2.6517773174992376,5.581270506734486,1.8028705830386684,2,2
repeat-old,167,AKs,166,0.002752040727766573,-0.790680717528178,0.9843401773802778,11.566533858879643,3.633565499475965,12.357214576407825,2.9672641637941206,2,2
repeat-old,168,AA,247,0.003972108648688113,4.1936033557520265,0.6819886042118327,37.81200600125082,3.1315639203773142,33.61840264549879,2.7141629096999877,2,2
repeat-new,0,22,311,0.004790793724696479,1.6011887835895986,1.098953368060801,-3.4487358465324167,1.543772018048337,-5.0499246301220175,1.4999010672762332,0,1
repeat-new,1,32o,637,0.009512847260521819,-0.7534986324901352,0.48920442145370013,-9.220628473881149,0.8642158829091374,-8.467129841391008,0.7612723825682006,0,0
repeat-new,2,42o,612,0.009506641694301852,-0.02591077395987503,0.4867394518777836,-9.74492969542465,0.825510579177623,-9.719018921464762,0.7775398392770897,1,0
repeat-new,3,52o,620,0.009429105229310572,-0.15659132727132852,0.40606929679001813,-1.2038341041511864,0.8320490520962068,-1.0472427768798558,0.6402735277195539,0,0
repeat-new,4,62o,605,0.009429352148007004,-0.6344153167984217,0.5043075839042349,-7.568785414055311,0.6235048513638614,-6.934370097256899,0.6041965163635257,0,0
repeat-new,5,72o,627,0.009396037340559372,-1.229807570329264,0.47220520739723354,-3.5989625574707946,0.9113623902824546,-2.369154987141534,0.6696027180616662,0,0
repeat-new,6,82o,627,0.009361703242193552,-2.2675925917065016,0.5857863882016563,-4.908546761225333,0.8408832020519523,-2.6409541695188383,0.6058216175546095,0,0
repeat-new,7,92o,643,0.009296117200453959,-0.7542506959305427,0.25758064511247775,-1.3093741484329553,0.21735907551657155,-0.5551234525024115,0.22984672615869955,0,0
repeat-new,8,T2o,612,0.009255431872587724,-0.5521229793382962,0.4612590636088477,-2.632017719138745,0.36027807613066526,-2.079894739800453,0.3956121896204215,1,0
repeat-new,9,J2o,592,0.009236259296157876,-3.585433615625493,0.6599983456435516,-11.484751112283307,0.8650918396855579,-7.899317496657823,0.8148636744591247,0,0
repeat-new,10,Q2o,580,0.009145610283355409,-2.6209641927930702,0.6208882728584412,-4.56156307965429,0.4503007259072333,-1.9405988868612196,0.547287409849489,0,0
repeat-new,11,K2o,619,0.009055534566697113,0.15413897319317704,0.4005390418918681,0.26034201166969057,0.7604244367005916,0.10620303847651315,0.5584189294969021,0,2
repeat-new,12,A2o,581,0.008750471453727546,-0.1256737414022229,0.5852600594299091,-3.9961774133987666,1.433421797013805,-3.8705036719965396,1.1761935230058664,0,0
repeat-new,13,32s,197,0.00317094900525911,0.07328691626996872,0.7019946083788099,-0.35842343934499077,1.2907874044148024,-0.4317103556149598,0.9571715903088088,0,2
repeat-new,14,33,334,0.00474131789843658,1.556580065510506,0.7575383593901627,-1.0622754246548196,1.042452548446463,-2.6188554901653247,0.6818212748558586,1,1
repeat-new,15,43o,591,0.009457166113881007,-0.802353218649114,0.43905656480321953,-10.351613012988201,0.7931853448723266,-9.549259794339076,0.7196030242860633,0,0
repeat-new,16,53o,619,0.009379629648889725,-0.18148645385570755,0.5429821539076829,-11.453981197936256,0.8093456259243421,-11.27249474408055,0.8179072969507906,0,1
repeat-new,17,63o,601,0.00937987656758616,-0.6820187864641747,0.4611332388347618,-10.027414350647518,0.7855859016467994,-9.345395564183352,0.7679993109625448,0,1
repeat-new,18,73o,640,0.009346561760138525,-5.274563589360053,0.748930426646803,-10.257679719556476,0.776165705125342,-4.98311613019643,0.6866527134725217,0,0
repeat-new,19,83o,588,0.009312227661772707,-0.8081252626083651,0.3596283346365822,-2.136624459783922,0.7922348118608554,-1.3284991971755553,0.5885577378618561,2,0
repeat-new,20,93o,608,0.009246641620033112,-1.1810715828307725,0.29083345027943475,-6.233428281289603,0.7695007720033232,-5.05235669845883,0.6691128781322613,0,0
repeat-new,21,T3o,589,0.009205956292166879,-1.4816685571177808,0.5159165027940102,-3.876376471933933,0.8356008503076127,-2.3947079148161543,0.6664162051597581,0,0
repeat-new,22,J3o,640,0.00918678371573703,-0.48777022309438134,0.401810837921382,-1.3157994516915836,0.6790298419041073,-0.8280292285971989,0.4823766478419141,0,0
repeat-new,23,Q3o,606,0.009096134702934562,-5.895186042037792,0.8869335222653907,-10.531740140278645,0.8860888252787985,-4.636554098240861,0.8718751604158422,0,0
repeat-new,24,K3o,578,0.009006058986276266,-0.1350049718245872,0.47074790024398955,-8.821822978806408,0.8870600276038406,-8.686818006981813,0.8242633403389826,1,0
repeat-new,25,A3o,564,0.00871117416475761,-0.7983630843401571,0.47549380255132884,-1.5547684223551317,0.9514036204265637,-0.7564053380149746,0.7199083436232886,0,0
repeat-new,26,42s,218,0.0031688804832390063,-0.5885888124166383,0.5766842633593061,-3.125706837128363,0.8417234734897102,-2.5371180247117247,0.6933352749062587,0,0
repeat-new,27,43s,234,0.0031523886235230235,-1.1747307286828057,1.0151553405706482,-1.5880690688346506,1.2415719501088383,-0.4133383401518456,0.6040710257226442,0,2
repeat-new,28,44,323,0.004735112089351418,2.6611861005866593,1.1581416565752811,-4.355253597686649,1.0666094537901931,-7.016439698273309,1.102039887323399,1,1
repeat-new,29,54o,621,0.00937342408266976,0.03511375556288716,0.6705218892206241,-9.266250276951872,0.8154207462230019,-9.30136403251476,0.8617605260272313,1,0
repeat-new,30,64o,579,0.009373671001366192,0.4222114115178992,0.6041152511060193,-3.3320258960579276,0.5101867769154539,-3.754237307575829,0.53674230933241,0,1
repeat-new,31,74o,611,0.00934035619391856,-0.1365988234352276,0.47012163797818607,-8.83135389117531,0.7653194774635129,-8.694755067740072,0.7208021634810409,1,0
repeat-new,32,84o,613,0.009306022095552742,-1.3226539960154593,0.4305605727785838,-3.0663041183727695,0.7475244443980741,-1.7436501223573124,0.4997002135917506,0,0
repeat-new,33,94o,611,0.009240436053813146,-1.26461712242391,0.4712224416586359,-6.983860466906466,1.1960169166701005,-5.719243344482555,0.9486228843600075,0,0
repeat-new,34,T4o,557,0.009199750725946912,0.11375414506689398,0.5235215177520085,-0.7098206719208068,0.3225013307456731,-0.8235748169877004,0.4459258221099287,0,1
repeat-new,35,J4o,625,0.009180578149517064,0.5232670504491602,0.42709869724525684,-7.447918398962315,0.7957208513506663,-7.971185449411474,0.7284945322813988,0,1
repeat-new,36,Q4o,578,0.009089929136714596,-0.19657769722541363,0.5737272669791762,-9.73072097178705,0.8503905149859439,-9.534143274561641,0.8309103132996646,0,1
repeat-new,37,K4o,598,0.0089998534200563,-1.5612486564727448,0.6819633731283804,-7.7314272318714705,0.8547670283864087,-6.170178575398723,0.7826218949895095,0,0
repeat-new,38,A4o,553,0.008706783739295723,-0.11225261941467378,0.7307706810896633,0.2922034782602429,1.0402303915300835,0.4044560976749163,0.685676274841329,2,0
repeat-new,39,52s,218,0.0031430349955735267,-2.2302279377536416,0.8717173061677711,-2.9250941095844576,1.42338938532272,-0.6948661718308154,1.1689755493863927,0,0
repeat-new,40,53s,185,0.0031265820393601806,0.8100338929133815,1.0046547180115981,-2.4655153788122774,2.293129100702568,-3.275549271725663,1.5233151141700971,1,1
repeat-new,41,54s,203,0.0031308951109540934,1.827914646063098,1.1815998212940708,-3.7506517261088232,2.006773649701394,-5.578566372171923,1.8842569869765708,1,1
repeat-new,42,55,316,0.004657575877138198,4.440798815230985,1.3309779642034323,-2.1917733995138113,2.098477382015268,-6.632572214744794,1.6456279110112444,1,1
repeat-new,43,65o,637,0.00929613453637491,0.19778777846305692,0.5326746333701007,-9.67257612962415,0.7693472685901245,-9.870363908087207,0.7658438358202891,1,0
repeat-new,44,75o,616,0.009262819728927278,-0.1448672946989617,0.5652230007427053,-9.536846129391932,0.7872865040080771,-9.391978834692976,0.8170015729635339,0,1
repeat-new,45,85o,584,0.00922848563056146,-1.216425012014892,0.40635574674711683,-5.962887142270983,0.571557427533841,-4.746462130256092,0.5048253568515649,0,0
repeat-new,46,95o,554,0.009162899588821865,-0.7613679064152965,0.36937765902925984,-3.0624085636897656,0.726370848184913,-2.301040657274471,0.49196520724324266,0,0
repeat-new,47,T5o,603,0.00912221426095563,-0.8033401555933384,0.6025587146092795,-7.244820595351394,0.5754464382781658,-6.441480439758049,0.6213919748546521,0,0
repeat-new,48,J5o,584,0.009103041684525784,-0.9722401603363504,0.4574819610157542,-2.2757866921388157,1.0579242986202793,-1.3035465318024646,0.861700457155407,0,0
repeat-new,49,Q5o,604,0.009012392671723315,-0.8995934237703981,0.5034753216144985,-4.889731444442687,0.4886958702761711,-3.9901380206722887,0.48566402295583266,0,0
repeat-new,50,K5o,596,0.008922321679882108,-1.1343448140625783,0.5270337917164596,-5.475963783689916,0.6089797669160882,-4.34161896962734,0.5472014041363794,0,0
repeat-new,51,A5o,613,0.008629658602692861,-0.1711190238339029,0.5163014948810457,-10.244049399261824,1.7755600780744385,-10.072930375427926,1.5479614506196608,1,0
repeat-new,52,62s,186,0.003143117301803553,-0.4134148837947961,1.0280429381472496,-1.283405995435897,0.9718798172951331,-0.8699911116411012,0.727106477480462,0,0
repeat-new,53,63s,208,0.00312662544208757,-0.6288547952855574,0.8420280572552727,-8.791894241966249,1.3507338144676362,-8.163039446680683,1.2551442493446014,0,1
repeat-new,54,64s,218,0.003124612815858345,-0.02981601551814013,0.90199313153208,-0.5486000792184964,1.565327550977393,-0.5187840637003571,0.9617257396273067,0,1
repeat-new,55,65s,199,0.003105130327599686,0.20891697149400698,1.2066241703845262,-1.0664739662391514,1.3653201682402984,-1.2753909377331583,0.8376869421557717,1,0
repeat-new,56,66,320,0.004657822776008899,4.198293793291964,1.1527485462868332,6.158664136746678,1.5805706382661362,1.9603703434547195,1.1052634900327911,2,1
repeat-new,57,76o,646,0.009263066647623712,-0.7462881804762859,0.5325960202888487,-5.110936321493151,1.1291017502815268,-4.364648141016871,0.8821531030696474,0,0
repeat-new,58,86o,609,0.009228732549257894,-0.2241209468406956,0.45790404518821526,-0.9871430381072804,0.612326568497057,-0.7630220912665846,0.3832647984803684,0,0
repeat-new,59,96o,602,0.009163146507518297,0.35277117841046746,0.4157861298729647,-9.731218828257052,0.8298519736878063,-10.083990006667532,0.752304817999276,1,1
repeat-new,60,T6o,603,0.009122461179652064,-1.3510380767411807,0.6579799712575672,-3.928229308127471,1.2476987091058134,-2.5771912313862844,0.9343088429165362,0,0
repeat-new,61,J6o,559,0.009103288603222215,-0.23950703942668278,0.48598532917160425,-2.8340864944856836,0.8664301452883767,-2.5945794550589993,0.7426992194499313,0,0
repeat-new,62,Q6o,545,0.009012639590419749,-0.8068030945640079,0.5296789319364511,-6.571411061181346,1.3099251922349913,-5.76460796661733,1.1058043285668868,0,0
repeat-new,63,K6o,546,0.008922569928609137,0.07630074906224436,0.5181128380188873,-1.2978276128660544,0.8340216662246787,-1.3741283619282971,0.6592757396458073,0,1
repeat-new,64,A6o,546,0.008629688899514034,0.5625836402821527,0.45406081282881455,-8.871293209797365,1.03074168639078,-9.43387685007952,0.9609075452726455,1,0
repeat-new,65,72s,205,0.0031320123662733814,-6.091838445856486,1.5238404287994585,-8.598587218357029,1.2919342888933305,-2.506748772500541,1.3468704910905742,0,0
repeat-new,66,73s,213,0.003115520506557398,-0.716512622420406,0.47694996518903326,-9.722381421726116,1.3160413893308134,-9.005868799305716,1.1229461206431397,0,0
repeat-new,67,74s,231,0.0031134519845372947,0.3973193628005085,1.0336937096689036,-0.4161214724082067,1.4703140396769245,-0.8134408352087152,1.0956175330520173,1,1
repeat-new,68,75s,214,0.0030925460922791082,0.00785174259641737,0.7525179558023887,-0.6992528993012556,0.7294937558892822,-0.707104641897673,0.4235890644055052,0,1
repeat-new,69,76s,209,0.003094107729029421,0.018531305226651872,0.8466032945071719,-5.005704347649606,1.342043533632007,-5.024235652876257,1.1567918029924507,0,1
repeat-new,70,77,325,0.004624507869432617,3.2876745504923557,1.2938987210143684,0.32422364829662237,1.3056832015101927,-2.9634509021957345,1.2263466336465643,1,1
repeat-new,71,87o,584,0.009195417741810262,-0.43968824654581884,0.4243362377156483,-0.503134105399316,0.8306497968741499,-0.06344585885349732,0.6345289995275509,2,0
repeat-new,72,97o,628,0.009129831700070664,-1.5801345210726176,0.5493481250255052,-8.522000604569829,0.7817117569942219,-6.941866083497215,0.7156181538487253,0,0
repeat-new,73,T7o,592,0.009089146372204432,-0.3464541656622397,0.4903776960909359,-0.9703868186883806,1.0173993831023316,-0.623932653026141,0.7431883186086711,0,0
repeat-new,74,J7o,561,0.009069973795774582,0.241918182669441,0.5802977439080258,-0.11022487941080819,1.168314094991608,-0.35214306208024915,0.8475646746138229,1,2
repeat-new,75,Q7o,560,0.008979324782972116,0.10886300603289982,0.5353441696254078,0.7928329748229097,1.0127131333575645,0.6839699687900106,0.7595252971912896,2,2
repeat-new,76,K7o,634,0.008889249585588644,-3.233642785938429,0.6983513487066146,-3.1560618216317065,0.5096031404544002,0.07758096430671961,0.5690522088348064,0,0
repeat-new,77,A7o,556,0.008596451115028006,0.20538037765565015,0.7176273052055548,-7.402046310689317,1.0159175269989706,-7.60742668834497,0.9177213096093894,1,0
repeat-new,78,82s,192,0.003120567667112555,0.5119449389738279,0.7901919883120774,-10.81661968367436,1.4965186342509962,-11.328564622648189,1.4135500627399997,0,1
repeat-new,79,83s,219,0.0031040758073965723,-3.015475654616024,0.9739437443925583,-2.02679292822273,0.524999222237705,0.9886827263932941,0.8622211634277017,0,0
repeat-new,80,84s,189,0.0031020072853764685,-3.579937313606708,1.4660759418044642,-5.749933048419693,1.2696147360905778,-2.1699957348129804,1.217257687551016,0,0
repeat-new,81,85s,196,0.0030766711611621336,0.3021105218279471,0.8187460303559997,-1.1334195915566911,1.8687505829427293,-1.4355301133846383,1.3497173976905241,0,1
repeat-new,82,86s,193,0.0030826649524687264,-0.031005128388875387,0.7937354301275683,2.330896094622063,1.6004169256909335,2.3619012230109377,1.2166926298352547,2,2
repeat-new,83,87s,205,0.003071559958948295,-0.13719136248182434,1.0804241638824246,1.2584756836710873,2.0585456514378486,1.39566704615291,1.4370359902894956,0,2
repeat-new,84,88,311,0.004590173593626515,-0.4306867032731156,1.3419356467068901,-3.0565421282254883,2.3056243642200474,-2.6258554249523725,1.8037567003333925,1,0
repeat-new,85,98o,644,0.009095536099493505,-0.9180941366332324,0.5994255227892946,-0.7798108640978381,0.5475317878142175,0.1382832725353941,0.42024747826080017,0,0
repeat-new,86,T8o,597,0.009054823459607524,-0.5290604284539835,0.713324315382789,-0.8055067346094736,0.35747761439895354,-0.27644630615549004,0.5880448485534313,0,1
repeat-new,87,J8o,613,0.009035639697408766,-0.513929269916834,0.5979186478538601,-1.6903199426851465,1.2206279429996307,-1.1763906727683122,0.9337920969017323,1,0
repeat-new,88,Q8o,581,0.008944991632856244,0.43028295841490416,0.6109584936456738,-4.3387310535024355,0.6030249335846231,-4.7690140119173385,0.6713027453877521,1,0
repeat-new,89,K8o,602,0.008870288926542031,0.48037781434127214,0.5212855509123703,-7.295790090085249,0.8637512956127853,-7.776167904426517,0.7882424400620541,1,0
repeat-new,90,A8o,560,0.008562270572889864,-0.968360943676258,0.6987659963409633,-2.07483470483997,1.227912413741661,-1.1064737611637085,0.9160296544733553,2,0
repeat-new,91,92s,209,0.0030987056537618175,-5.4347952359457,2.3359513691230425,-6.0509374324005325,1.9148741347349962,-0.6161421964548348,1.7372488875448395,0,0
repeat-new,92,93s,202,0.003082213794045835,0.1370284343825227,0.5358239398449572,-5.100456001465651,1.9364801423127702,-5.237484435848173,1.747593779367376,0,1
repeat-new,93,94s,198,0.003080145272025731,-5.5452833559475545,2.0413856436750017,-9.68704955643592,1.5164333176280553,-4.141766200488365,1.7617431629296743,0,0
repeat-new,94,95s,178,0.0030551849830528464,-1.9973395813380797,0.8668235130806728,-2.1312331690716286,1.04408499147718,-0.13389358773354873,0.6498834244809251,0,0
repeat-new,95,96s,192,0.003060802798850952,0.5486205203353685,0.9062962095549048,-1.2284891365116686,1.3229312578378327,-1.7771096568470381,1.0127983624423922,0,1
repeat-new,96,97s,202,0.0030496971044909785,0.9511085006322435,0.8737695820942974,-0.8690281118630508,1.4950649246198466,-1.8201366124952947,1.0175833950825348,1,1
repeat-new,97,98s,196,0.003038252900973393,0.5486745320667689,1.4003140702705217,-0.7556348461602985,0.8919987077860451,-1.3043093782270663,0.9837536622033096,1,0
repeat-new,98,99,305,0.004524587518183176,1.8571120959167602,1.5732951896639185,5.670697932911239,2.121233876710008,3.813585836994476,1.3784149504426346,2,2
repeat-new,99,T9o,599,0.008989226232099018,-4.283564452024956,1.196379749975235,-6.9100522153206025,1.3721038291891472,-2.6264877632956445,1.0661079372841185,0,0
repeat-new,100,J9o,596,0.00897005864301116,-3.4218596082553496,0.9739141420865766,-8.14419906744,0.858068609902213,-4.7223394591846555,0.8763494556401371,0,0
repeat-new,101,Q9o,551,0.008897074213832389,2.5019263003841283,0.8106736225205364,-4.3333500940092895,1.3988320073963256,-6.835276394393423,1.2237150872866407,1,1
repeat-new,102,K9o,576,0.008808510962475227,-0.5398429734907926,0.77735454510158,-7.169452634677928,1.8192873359193305,-6.629609661187137,1.5455917217754767,0,0
repeat-new,103,A9o,576,0.00849669870654732,1.0361491684794508,0.7153373335044223,1.6663263655850573,1.1422631750440577,0.6301771971056055,0.7054132047448792,1,2
repeat-new,104,T2s,234,0.003085143878155321,-0.04887813824660646,0.9436915733764216,0.8054376311184502,1.633314221799173,0.8543157693650565,1.2304567795077688,2,0
repeat-new,105,T3s,207,0.003068652018439338,-0.7407723567861584,0.9609100042627328,-0.9212958955840832,0.5226564099597044,-0.18052353879792446,0.7465642818595796,0,0
repeat-new,106,T4s,209,0.003066583496419234,-0.6394142173371614,0.5422398880102284,-0.5651806040205479,0.49954685740481963,0.07423361331661371,0.4624810272634864,2,0
repeat-new,107,T5s,195,0.003040740248649781,-0.6291494510524986,0.7238291557114296,-4.6907408817965806,1.8834420949951063,-4.061591430744082,1.5124102520941471,0,0
repeat-new,108,T6s,190,0.0030408203149837813,-0.3883289482764412,0.8304973647999246,-4.349091278963873,2.1773445152904154,-3.960762330687429,1.8465531300689928,0,1
repeat-new,109,T7s,196,0.0030361325646821274,0.27780598563747066,0.9586166394052064,-1.4254976212105468,0.5686572457524998,-1.7033036068480165,0.7419722299820418,1,0
repeat-new,110,T8s,210,0.003024691110993242,-0.04510703367111375,1.193619071274455,-0.05116849671206009,1.3093352902252142,-0.006061463040946085,1.1183615624948302,2,0
repeat-new,111,T9s,199,0.003002829561068935,-2.6827570478769425,2.2877896945264453,-3.2045618788459636,1.8904442797684324,-0.5218048309690223,1.723102480610553,0,0
repeat-new,112,TT,292,0.004483901867157541,1.6835990134157381,1.3590336218101684,2.495510563944529,1.9173331968163791,0.8119115505287904,1.3620005423999368,2,0
repeat-new,113,JTo,540,0.008948627684417313,0.63444931320519,0.6715496327558723,1.824065365206618,1.0614567462067843,1.189616052001429,0.8178049557834753,2,2
repeat-new,114,QTo,588,0.008857952729646955,0.0704044108348455,0.7265490018195004,2.72069305431251,1.2737951521200306,2.6502886434776634,0.8936024380987265,2,2
repeat-new,115,KTo,621,0.008767899905759253,-0.03316909025313872,0.6329102271881083,-5.877651638314206,0.9808738090500387,-5.844482548061076,0.9189621381312385,1,0
repeat-new,116,ATo,503,0.008456018424329408,1.9778019120050354,0.7612660604044641,-0.24831648622740518,0.45954164404237163,-2.2261183982324426,0.5755737875758375,1,0
repeat-new,117,J2s,197,0.003078753019509794,-0.4842762777544487,0.9372158889843889,-8.711760079839816,1.463795067793182,-8.227483802085363,1.3798484080502622,0,1
repeat-new,118,J3s,177,0.0030622611597938116,0.281316186073894,0.5235307816374887,-6.538103237968964,1.4737937534103158,-6.819419424042862,1.333207173723641,1,1
repeat-new,119,J4s,198,0.0030601926377737078,0.34997624672116506,0.955338736809639,-7.651790657152582,2.4937501636082673,-8.00176690387375,2.18422536960334,1,0
repeat-new,120,J5s,181,0.003040739542766197,1.1322612622182573,0.9772831089956006,-8.116830586595531,1.3840184118071428,-9.249091848813794,1.510539868088119,1,0
repeat-new,121,J6s,204,0.0030344294563382545,-5.353249499323936,1.9982102853364865,-8.841360627248003,1.3261975907052639,-3.488111127924062,1.8343203321598975,0,0
repeat-new,122,J7s,185,0.0030297342847703562,-1.8383156700430148,1.3905890270915313,-2.5527715517004252,1.775282269408896,-0.714455881657411,1.388786944616152,0,2
repeat-new,123,J8s,196,0.0030183005204907085,-7.705760206275279,2.349718977301333,-1.1564971456558093,1.6533252228697843,6.54926306061947,1.9722073136157388,0,0
repeat-new,124,J9s,198,0.00299643869350183,0.29037421107239486,1.271861210531989,1.815670275676284,1.2779109251838447,1.5252960646038902,0.7679205280538342,2,2
repeat-new,125,JTs,200,0.002982874835202435,0.08455596610289996,1.2482516640915706,0.6065127018006843,0.7379311321178071,0.5219567356977844,0.8917424801588326,2,2
repeat-new,126,JJ,324,0.004464729101391971,2.5890105219681177,1.5287123331020513,11.027590838776906,2.399670799783342,8.438580316808793,1.884743447868695,2,2
repeat-new,127,QJo,582,0.008838791741356376,-2.765882339057843,0.9805269827115902,-7.704197153827133,1.2414975183959818,-4.938314814769296,1.037883851566379,0,0
repeat-new,128,KJo,561,0.008748729593427788,1.205083883718575,0.9126119782608381,0.6086750495057629,1.1354938159775687,-0.596408834212814,0.7548718938196779,1,2
repeat-new,129,AJo,544,0.008436846232518724,-0.23180050360870147,0.9206559314525913,-1.8706593483524707,1.7129163555588982,-1.6388588447437693,1.3185605667590723,0,0
repeat-new,130,Q2s,202,0.003048589629748466,0.7333590013855614,0.9054915073576499,-1.3822695421080784,0.9540666115207794,-2.1156285434936413,0.5414179329350709,1,1
repeat-new,131,Q3s,197,0.0030383263451918183,2.112295562598195,0.92308848128838,3.1700345192542985,1.6591220991157791,1.0577389566561033,1.09334006989076,2,2
repeat-new,132,Q4s,218,0.0030300838891443495,0.4463022534975063,0.8367372329909125,-0.09788694998786397,1.2389500397477111,-0.5441892034853704,0.8695062988858321,1,2
repeat-new,133,Q5s,204,0.003010523121683423,-0.21804967953019522,0.8275011463472345,-1.3026069556879878,0.9968883977565471,-1.0845572761577926,0.6044621669139792,1,0
repeat-new,134,Q6s,234,0.0030106108780065255,0.6581115350516127,0.8669041888774108,0.9241292250996922,1.2227545186850939,0.26601769004807796,0.6956505960357563,0,2
repeat-new,135,Q7s,179,0.002999247818911184,-1.7008138186787278,1.2037267145832697,-1.784228183447818,0.9184273376940117,-0.08341436476908919,0.8324620798815032,0,1
repeat-new,136,Q8s,187,0.0029880834387154944,-0.20220463721096066,1.1000204339742308,-3.49287798899652,2.248410124062292,-3.290673351785561,1.7478086927039205,0,0
repeat-new,137,Q9s,195,0.0029662224032688716,-3.1451910291762206,2.0024437166017917,-6.97857519570146,2.1034146511448424,-3.833384166525233,1.9243296088841708,0,0
repeat-new,138,QTs,168,0.0029526608655711306,0.5049741665104712,1.4426581418488065,-0.034414670360302116,2.1604989974317137,-0.5393888368707734,1.3075436611080102,2,1
repeat-new,139,QJs,206,0.0029462700089081767,-0.33868261972498903,1.1903183477880637,-0.5020619733495411,1.933625401935342,-0.16337935362455297,1.2953766495423757,2,0
repeat-new,140,QQ,278,0.004374080308655107,1.0893041439440136,0.7798051876826919,20.911262928398937,3.015052870653939,19.82195878445492,2.5540671380675546,2,2
repeat-new,141,KQo,560,0.008658085069170625,1.6397872558017146,0.6024278651923235,0.9099306192093708,1.388100888073533,-0.7298566365923455,1.075402643470607,2,1
repeat-new,142,AQo,565,0.008346197677690622,2.601302685658633,0.8282994808103131,-0.7263129124443033,1.162167320029478,-3.327615598102938,0.9711403823502844,1,1
repeat-new,143,K2s,192,0.0030248961572387077,1.3874433283267888,1.0845294885446606,-5.180806845910801,2.185302204869865,-6.568250174237593,2.0369728448921682,0,1
repeat-new,144,K3s,177,0.003008434522343193,-1.6091208838175688,1.3645023454633876,-10.143203620926856,1.4706683503882965,-8.534082737109289,1.5234157626450684,0,0
repeat-new,145,K4s,218,0.0030063569944854033,1.6708446175927543,1.1748568936154096,-3.985334940569029,1.186368089455996,-5.6561795581617815,1.4157408987278501,1,1
repeat-new,146,K5s,194,0.002980524350918867,0.6024831966698937,0.993762237013385,-0.6400170606329351,1.0884992358776295,-1.24250025730283,0.6742944533882967,1,0
repeat-new,147,K6s,188,0.0029806068083200817,-0.6215163152389688,1.2211015953315687,-8.456222668575633,1.7554495821514182,-7.834706353336658,1.6036404243144284,1,0
repeat-new,148,K7s,192,0.002969502618732987,1.6850908277915868,0.8137694672630844,2.65166129065912,1.502488575807098,0.9665704628675332,1.0362729636440173,2,2
repeat-new,149,K8s,194,0.0029580582045670247,0.9848221008052455,1.324812188493877,0.40459173223150013,0.8160513208759994,-0.5802303685737444,0.998124007203289,1,2
repeat-new,150,K9s,180,0.0029361969996104134,0.9186496488539765,1.094898992421502,-5.123709909782672,2.1815808274135686,-6.042359558636646,1.9693342061263404,1,1
repeat-new,151,KTs,186,0.0029226356056492116,-0.42251309755992256,1.37431084694895,1.3463528840767534,1.2639639020996902,1.7688659816366747,1.0248033803281271,2,2
repeat-new,152,KJs,209,0.0029162448758709276,-2.7415140288607502,0.9284859290086074,-1.5835650504374241,1.153948635471827,1.1579489784233268,0.8108599326186088,0,0
repeat-new,153,KQs,175,0.0028860286010029094,0.10623517653064092,1.080879620299152,2.2980765264924563,2.4936234221890046,2.191841349961817,1.9289936926460771,1,2
repeat-new,154,KK,279,0.004284005053936323,2.227996409798241,0.7349493155137395,24.83478815778921,2.7530607659542814,22.606791747990997,2.299429534889831,2,2
repeat-new,155,AKo,559,0.0082561217647576,0.10614505115995604,0.5333913222041704,8.440041993668526,1.4926660905999394,8.333896942508561,1.1779247005889075,2,2
repeat-new,156,A2s,189,0.0029209535351987642,0.010713975038738008,1.1371552385718902,-8.691941794401039,3.7752044160520923,-8.70265576943977,3.315627631876441,1,0
repeat-new,157,A3s,187,0.002904478032205372,1.1114708801678719,1.0736411087436109,-4.913866734792381,1.3759826186763393,-6.025337614960257,1.2829164743954729,1,1
repeat-new,158,A4s,178,0.0029024088276845255,0.08817383484752316,1.3307644439445951,-7.358104061626991,3.0086437471094554,-7.446277896474515,2.732563654876058,1,0
repeat-new,159,A5s,196,0.0028765640116156376,0.7945407977076271,1.1391303027366908,1.0291690830077524,1.208322008017164,0.23462828530012486,0.7589854107067739,2,1
repeat-new,160,A6s,169,0.00287664555405943,2.695555208751804,1.0049845380279243,0.6898273505464371,3.0060650743310613,-2.005727858205369,2.6947804773057937,1,1
repeat-new,161,A7s,193,0.0028655407057624678,-0.10149822194868192,1.1476996614288753,1.1839429565984108,2.391018930648053,1.2854411785470923,1.8700768431121721,2,0
repeat-new,162,A8s,201,0.002854096463089066,0.3679902886336531,1.1363919033000178,-2.0758902776840205,1.3511766711845283,-2.4438805663176733,0.901443107178588,1,0
repeat-new,163,A9s,195,0.0028322345637362746,1.8586285572515986,1.3225288366652748,-1.8775102749041352,2.338958627769405,-3.7361388321557354,1.6689209815361388,1,1
repeat-new,164,ATs,170,0.0028186729016320797,1.7641905302774477,1.428644147178371,2.716298950487924,2.381799452804526,0.9521084202104753,1.5497430465064579,1,2
repeat-new,165,AJs,177,0.0028122821203068987,2.7587573001473036,1.0826533559269595,1.9549525807817154,0.9529579028234852,-0.8038047193655877,0.6709767577115902,1,1
repeat-new,166,AQs,165,0.002782065810743854,4.8537838711064,1.2691599831806784,8.882539173747984,2.827959137537394,4.0287553026415805,2.264002608580871,2,2
repeat-new,167,AKs,166,0.002752040727766573,-1.1555244912977305,1.0547962661668862,8.320595538196176,3.2133593850274713,9.476120029493906,2.6140252115885896,2,2
repeat-new,168,AA,247,0.003972108648688113,4.380586206206268,0.7460962350210709,40.179060900375156,3.5518863590501875,35.798474694168874,3.0974340900774315,2,2
