bank_difference,native_class,hand,entry_mass,contrast,count,mean_bb,paired_descriptive_se_bb
first-new minus first-old,0,22,0.004790793724696479,call_minus_fold,311,2.846277746362701,1.0303722651585674
first-new minus first-old,0,22,0.004790793724696479,raise_minus_fold,311,1.4703661019822318,1.603732182476362
first-new minus first-old,0,22,0.004790793724696479,raise_minus_call,311,-1.3759116443804693,1.6951203726458328
first-new minus first-old,1,32o,0.009512847260521819,call_minus_fold,637,0.2634663394197171,0.24735503529774525
first-new minus first-old,1,32o,0.009512847260521819,raise_minus_fold,637,2.9912013648144886,0.7445169668440599
first-new minus first-old,1,32o,0.009512847260521819,raise_minus_call,637,2.7277350253947716,0.7872078422185107
first-new minus first-old,2,42o,0.009506641694301852,call_minus_fold,612,2.7571597275153708,0.5038263258303336
first-new minus first-old,2,42o,0.009506641694301852,raise_minus_fold,612,1.0446779683179084,0.5480958383456321
first-new minus first-old,2,42o,0.009506641694301852,raise_minus_call,612,-1.7124817591974622,0.6590962860789292
first-new minus first-old,3,52o,0.009429105229310572,call_minus_fold,620,0.15897314340210578,0.20604317185352541
first-new minus first-old,3,52o,0.009429105229310572,raise_minus_fold,620,0.4988644433145561,0.7811407677058875
first-new minus first-old,3,52o,0.009429105229310572,raise_minus_call,620,0.3398912999124502,0.7568846651868181
first-new minus first-old,4,62o,0.009429352148007004,call_minus_fold,605,-0.22502705929864458,0.19322128000638744
first-new minus first-old,4,62o,0.009429352148007004,raise_minus_fold,605,1.0768288323290682,0.6214476733342518
first-new minus first-old,4,62o,0.009429352148007004,raise_minus_call,605,1.3018558916277128,0.5705272006604449
first-new minus first-old,5,72o,0.009396037340559372,call_minus_fold,627,-0.009656291865111367,0.2403349390925685
first-new minus first-old,5,72o,0.009396037340559372,raise_minus_fold,627,0.3854119989714032,0.6809506403881588
first-new minus first-old,5,72o,0.009396037340559372,raise_minus_call,627,0.3950682908365145,0.7697017380054176
first-new minus first-old,6,82o,0.009361703242193552,call_minus_fold,627,-1.5691677860336815,0.35892312877068966
first-new minus first-old,6,82o,0.009361703242193552,raise_minus_fold,627,-4.24882066672704,0.6723756708595298
first-new minus first-old,6,82o,0.009361703242193552,raise_minus_call,627,-2.679652880693358,0.6439634226700373
first-new minus first-old,7,92o,0.009296117200453959,call_minus_fold,643,0.108997528463899,0.20014558876246877
first-new minus first-old,7,92o,0.009296117200453959,raise_minus_fold,643,0.783350556787285,0.5431904489274492
first-new minus first-old,7,92o,0.009296117200453959,raise_minus_call,643,0.6743530283233861,0.5522502947687208
first-new minus first-old,8,T2o,0.009255431872587724,call_minus_fold,612,-0.10139091289681075,0.17819423658129127
first-new minus first-old,8,T2o,0.009255431872587724,raise_minus_fold,612,4.360595054971406,0.9315161447196819
first-new minus first-old,8,T2o,0.009255431872587724,raise_minus_call,612,4.461985967868216,0.9269778738805077
first-new minus first-old,9,J2o,0.009236259296157876,call_minus_fold,592,0.21751137253831718,0.24581326927120553
first-new minus first-old,9,J2o,0.009236259296157876,raise_minus_fold,592,9.5630978822235,0.8535046255493306
first-new minus first-old,9,J2o,0.009236259296157876,raise_minus_call,592,9.345586509685182,0.8626563489722154
first-new minus first-old,10,Q2o,0.009145610283355409,call_minus_fold,580,0.7934131592969877,0.3873755508436392
first-new minus first-old,10,Q2o,0.009145610283355409,raise_minus_fold,580,1.2805658630941743,0.5917430185700921
first-new minus first-old,10,Q2o,0.009145610283355409,raise_minus_call,580,0.4871527037971866,0.6681731138928932
first-new minus first-old,11,K2o,0.009055534566697113,call_minus_fold,619,0.018028827695744785,0.2703255154707365
first-new minus first-old,11,K2o,0.009055534566697113,raise_minus_fold,619,6.518503566823852,1.1724524171474853
first-new minus first-old,11,K2o,0.009055534566697113,raise_minus_call,619,6.500474739128107,1.1466137298934878
first-new minus first-old,12,A2o,0.008750471453727546,call_minus_fold,581,1.0257303829345867,0.4227165056419635
first-new minus first-old,12,A2o,0.008750471453727546,raise_minus_fold,581,-0.5481852733403425,1.0663184133984023
first-new minus first-old,12,A2o,0.008750471453727546,raise_minus_call,581,-1.5739156562749292,1.1104906806236352
first-new minus first-old,13,32s,0.00317094900525911,call_minus_fold,197,-0.08437961129805459,0.3898576194981585
first-new minus first-old,13,32s,0.00317094900525911,raise_minus_fold,197,7.010188362912361,1.2112258883710463
first-new minus first-old,13,32s,0.00317094900525911,raise_minus_call,197,7.094567974210415,1.271551448600793
first-new minus first-old,14,33,0.00474131789843658,call_minus_fold,334,0.271021142859693,0.39648002248683456
first-new minus first-old,14,33,0.00474131789843658,raise_minus_fold,334,-4.970359185568163,1.1699428645591838
first-new minus first-old,14,33,0.00474131789843658,raise_minus_call,334,-5.241380328427855,1.1668182155338556
first-new minus first-old,15,43o,0.009457166113881007,call_minus_fold,591,-1.1879753755859537,0.2893176541958838
first-new minus first-old,15,43o,0.009457166113881007,raise_minus_fold,591,1.385249351328006,0.5151598117640017
first-new minus first-old,15,43o,0.009457166113881007,raise_minus_call,591,2.57322472691396,0.5830790832828351
first-new minus first-old,16,53o,0.009379629648889725,call_minus_fold,619,-0.2793002195141719,0.2102192553184757
first-new minus first-old,16,53o,0.009379629648889725,raise_minus_fold,619,0.49178676638730195,0.5017196446184472
first-new minus first-old,16,53o,0.009379629648889725,raise_minus_call,619,0.7710869859014738,0.5178898406322345
first-new minus first-old,17,63o,0.00937987656758616,call_minus_fold,601,-0.330417784369261,0.20677947814201156
first-new minus first-old,17,63o,0.00937987656758616,raise_minus_fold,601,2.7124540554834855,0.9279762283225585
first-new minus first-old,17,63o,0.00937987656758616,raise_minus_call,601,3.0428718398527463,0.9483670816106081
first-new minus first-old,18,73o,0.009346561760138525,call_minus_fold,640,-1.2195464052778529,0.3177243833861648
first-new minus first-old,18,73o,0.009346561760138525,raise_minus_fold,640,-8.722386204990418,0.7366160794713765
first-new minus first-old,18,73o,0.009346561760138525,raise_minus_call,640,-7.5028397997125635,0.7882916198054802
first-new minus first-old,19,83o,0.009312227661772707,call_minus_fold,588,0.20259911149581053,0.1732114900243831
first-new minus first-old,19,83o,0.009312227661772707,raise_minus_fold,588,9.279864140713883,0.7697356990678021
first-new minus first-old,19,83o,0.009312227661772707,raise_minus_call,588,9.077265029218072,0.772581426349913
first-new minus first-old,20,93o,0.009246641620033112,call_minus_fold,608,-0.9140140619470231,0.26819397901152825
first-new minus first-old,20,93o,0.009246641620033112,raise_minus_fold,608,1.2379978809616146,0.502402900390269
first-new minus first-old,20,93o,0.009246641620033112,raise_minus_call,608,2.1520119429086377,0.55958510191001
first-new minus first-old,21,T3o,0.009205956292166879,call_minus_fold,589,-0.704033646157341,0.24078162423579802
first-new minus first-old,21,T3o,0.009205956292166879,raise_minus_fold,589,0.958628907197161,0.5242887290516162
first-new minus first-old,21,T3o,0.009205956292166879,raise_minus_call,589,1.662662553354502,0.5700319645020065
first-new minus first-old,22,J3o,0.00918678371573703,call_minus_fold,640,2.9891505131055016,0.4412762417170432
first-new minus first-old,22,J3o,0.00918678371573703,raise_minus_fold,640,1.6774766951125486,0.5199119075481381
first-new minus first-old,22,J3o,0.00918678371573703,raise_minus_call,640,-1.311673817992953,0.6468177089081388
first-new minus first-old,23,Q3o,0.009096134702934562,call_minus_fold,606,2.499574761346389,0.3794008064024716
first-new minus first-old,23,Q3o,0.009096134702934562,raise_minus_fold,606,1.5872488544969008,0.5362378426061566
first-new minus first-old,23,Q3o,0.009096134702934562,raise_minus_call,606,-0.9123259068494883,0.6293376635295852
first-new minus first-old,24,K3o,0.009006058986276266,call_minus_fold,578,-0.3588265061703373,0.258875049756921
first-new minus first-old,24,K3o,0.009006058986276266,raise_minus_fold,578,-0.3196612074452466,0.5318735266210672
first-new minus first-old,24,K3o,0.009006058986276266,raise_minus_call,578,0.03916529872509071,0.5736183295407602
first-new minus first-old,25,A3o,0.00871117416475761,call_minus_fold,564,0.30390674658527816,0.3097959286277703
first-new minus first-old,25,A3o,0.00871117416475761,raise_minus_fold,564,0.6109422451117762,0.8233971602219068
first-new minus first-old,25,A3o,0.00871117416475761,raise_minus_call,564,0.30703549852649803,0.8004109219109701
first-new minus first-old,26,42s,0.0031688804832390063,call_minus_fold,218,-1.3606780016536544,0.48280133513224327
first-new minus first-old,26,42s,0.0031688804832390063,raise_minus_fold,218,-6.144591752574818,1.2137684225681185
first-new minus first-old,26,42s,0.0031688804832390063,raise_minus_call,218,-4.7839137509211636,1.204816338160258
first-new minus first-old,27,43s,0.0031523886235230235,call_minus_fold,234,-0.4957937144128457,0.34755617609572864
first-new minus first-old,27,43s,0.0031523886235230235,raise_minus_fold,234,7.266837453464779,1.389411895943924
first-new minus first-old,27,43s,0.0031523886235230235,raise_minus_call,234,7.762631167877625,1.327717203160785
first-new minus first-old,28,44,0.004735112089351418,call_minus_fold,323,-0.16566356540377072,0.4258717621321391
first-new minus first-old,28,44,0.004735112089351418,raise_minus_fold,323,-0.20034851023666306,0.800786911536498
first-new minus first-old,28,44,0.004735112089351418,raise_minus_call,323,-0.034684944832892285,0.8072629067567013
first-new minus first-old,29,54o,0.00937342408266976,call_minus_fold,621,-0.33131653038695474,0.19163353413416637
first-new minus first-old,29,54o,0.00937342408266976,raise_minus_fold,621,0.48690356404155527,0.5478616355588354
first-new minus first-old,29,54o,0.00937342408266976,raise_minus_call,621,0.8182200944285101,0.556087382720121
first-new minus first-old,30,64o,0.009373671001366192,call_minus_fold,579,-0.1027420309051639,0.2765462350373597
first-new minus first-old,30,64o,0.009373671001366192,raise_minus_fold,579,0.01850795064097983,0.5840671035241167
first-new minus first-old,30,64o,0.009373671001366192,raise_minus_call,579,0.12124998154614376,0.6360151304942047
first-new minus first-old,31,74o,0.00934035619391856,call_minus_fold,611,0.9583052370380079,0.2990958906314502
first-new minus first-old,31,74o,0.00934035619391856,raise_minus_fold,611,0.4765696122145862,0.5040260558375051
first-new minus first-old,31,74o,0.00934035619391856,raise_minus_call,611,-0.48173562482342164,0.537271024232983
first-new minus first-old,32,84o,0.009306022095552742,call_minus_fold,613,-0.18384082985729464,0.20037433571097674
first-new minus first-old,32,84o,0.009306022095552742,raise_minus_fold,613,6.078636348044474,0.6981568356295198
first-new minus first-old,32,84o,0.009306022095552742,raise_minus_call,613,6.2624771779017685,0.6920111748908377
first-new minus first-old,33,94o,0.009240436053813146,call_minus_fold,611,-1.805306364418616,0.38045420490620513
first-new minus first-old,33,94o,0.009240436053813146,raise_minus_fold,611,1.0696141416881464,0.49688884562770474
first-new minus first-old,33,94o,0.009240436053813146,raise_minus_call,611,2.874920506106762,0.6077364713939903
first-new minus first-old,34,T4o,0.009199750725946912,call_minus_fold,557,3.5134979174344005,0.5423898048561093
first-new minus first-old,34,T4o,0.009199750725946912,raise_minus_fold,557,0.7250997061235347,0.5380422703980571
first-new minus first-old,34,T4o,0.009199750725946912,raise_minus_call,557,-2.788398211310866,0.698336971786596
first-new minus first-old,35,J4o,0.009180578149517064,call_minus_fold,625,0.011414121927903245,0.2188365420459664
first-new minus first-old,35,J4o,0.009180578149517064,raise_minus_fold,625,-3.801635553841849,0.6955878451763119
first-new minus first-old,35,J4o,0.009180578149517064,raise_minus_call,625,-3.8130496757697516,0.7052369893492295
first-new minus first-old,36,Q4o,0.009089929136714596,call_minus_fold,578,-0.5191126820531834,0.23882373329612422
first-new minus first-old,36,Q4o,0.009089929136714596,raise_minus_fold,578,-8.349502450375356,1.0592684728822286
first-new minus first-old,36,Q4o,0.009089929136714596,raise_minus_call,578,-7.830389768322173,1.0332076274902884
first-new minus first-old,37,K4o,0.0089998534200563,call_minus_fold,598,0.5654599250016473,0.30771408087395935
first-new minus first-old,37,K4o,0.0089998534200563,raise_minus_fold,598,5.305758919864919,0.6970772000128411
first-new minus first-old,37,K4o,0.0089998534200563,raise_minus_call,598,4.740298994863272,0.7137691987198582
first-new minus first-old,38,A4o,0.008706783739295723,call_minus_fold,553,0.12399816366766934,0.3622840590939667
first-new minus first-old,38,A4o,0.008706783739295723,raise_minus_fold,553,0.3885834253979921,0.5053247985643287
first-new minus first-old,38,A4o,0.008706783739295723,raise_minus_call,553,0.26458526173032276,0.5999151755719854
first-new minus first-old,39,52s,0.0031430349955735267,call_minus_fold,218,7.2090390812508325,1.3634694565328276
first-new minus first-old,39,52s,0.0031430349955735267,raise_minus_fold,218,-7.206700959354126,1.3166700408991492
first-new minus first-old,39,52s,0.0031430349955735267,raise_minus_call,218,-14.415740040604959,2.0823585849120714
first-new minus first-old,40,53s,0.0031265820393601806,call_minus_fold,185,-0.9421477794181395,0.3935219966654486
first-new minus first-old,40,53s,0.0031265820393601806,raise_minus_fold,185,0.2357978779597394,0.8534484577457991
first-new minus first-old,40,53s,0.0031265820393601806,raise_minus_call,185,1.1779456573778788,0.9030871524510794
first-new minus first-old,41,54s,0.0031308951109540934,call_minus_fold,203,3.0502582371725646,1.038389091857293
first-new minus first-old,41,54s,0.0031308951109540934,raise_minus_fold,203,4.229941677730994,1.18735574262092
first-new minus first-old,41,54s,0.0031308951109540934,raise_minus_call,203,1.1796834405584296,1.1930976299703615
first-new minus first-old,42,55,0.004657575877138198,call_minus_fold,316,0.21340851087713752,0.4902253518792845
first-new minus first-old,42,55,0.004657575877138198,raise_minus_fold,316,-1.9271985641193696,1.1390461284726108
first-new minus first-old,42,55,0.004657575877138198,raise_minus_call,316,-2.140607074996507,1.1977977444754428
first-new minus first-old,43,65o,0.00929613453637491,call_minus_fold,637,0.1705710539412426,0.23977701195256312
first-new minus first-old,43,65o,0.00929613453637491,raise_minus_fold,637,-4.682700107442557,0.5952070251146968
first-new minus first-old,43,65o,0.00929613453637491,raise_minus_call,637,-4.853271161383799,0.6242689638542014
first-new minus first-old,44,75o,0.009262819728927278,call_minus_fold,616,-0.20227455352672788,0.18621853074059894
first-new minus first-old,44,75o,0.009262819728927278,raise_minus_fold,616,1.0514875270225248,0.9711021842549986
first-new minus first-old,44,75o,0.009262819728927278,raise_minus_call,616,1.2537620805492524,0.9660022128789608
first-new minus first-old,45,85o,0.00922848563056146,call_minus_fold,584,0.29137816796948024,0.1973469750915178
first-new minus first-old,45,85o,0.00922848563056146,raise_minus_fold,584,3.215419113060125,0.517030900801061
first-new minus first-old,45,85o,0.00922848563056146,raise_minus_call,584,2.924040945090644,0.5101911639154124
first-new minus first-old,46,95o,0.009162899588821865,call_minus_fold,554,0.0032900079775605674,0.22941257088825853
first-new minus first-old,46,95o,0.009162899588821865,raise_minus_fold,554,-0.9088970148086589,0.6597725805227177
first-new minus first-old,46,95o,0.009162899588821865,raise_minus_call,554,-0.9121870227862195,0.6267593952919813
first-new minus first-old,47,T5o,0.00912221426095563,call_minus_fold,603,0.2527618615784821,0.19820244257884442
first-new minus first-old,47,T5o,0.00912221426095563,raise_minus_fold,603,8.926447038008554,0.8675053161128167
first-new minus first-old,47,T5o,0.00912221426095563,raise_minus_call,603,8.673685176430073,0.8400841551569164
first-new minus first-old,48,J5o,0.009103041684525784,call_minus_fold,584,0.08415666007925793,0.18727461023918457
first-new minus first-old,48,J5o,0.009103041684525784,raise_minus_fold,584,-1.7483195765055575,0.7382920480296635
first-new minus first-old,48,J5o,0.009103041684525784,raise_minus_call,584,-1.8324762365848155,0.726919861854744
first-new minus first-old,49,Q5o,0.009012392671723315,call_minus_fold,604,-0.3127070307279655,0.24571969076054764
first-new minus first-old,49,Q5o,0.009012392671723315,raise_minus_fold,604,0.35593275071989344,0.5463645216343339
first-new minus first-old,49,Q5o,0.009012392671723315,raise_minus_call,604,0.668639781447859,0.5319600510823735
first-new minus first-old,50,K5o,0.008922321679882108,call_minus_fold,596,-0.03632339398358686,0.21153588623233768
first-new minus first-old,50,K5o,0.008922321679882108,raise_minus_fold,596,5.000771076081627,1.3329932970595326
first-new minus first-old,50,K5o,0.008922321679882108,raise_minus_call,596,5.037094470065214,1.3710082837053996
first-new minus first-old,51,A5o,0.008629658602692861,call_minus_fold,613,-0.36075385941141236,0.2951049016318447
first-new minus first-old,51,A5o,0.008629658602692861,raise_minus_fold,613,-5.5167921371944235,1.0269263041893235
first-new minus first-old,51,A5o,0.008629658602692861,raise_minus_call,613,-5.156038277783011,1.0660860447391522
first-new minus first-old,52,62s,0.003143117301803553,call_minus_fold,186,2.922192517360933,1.4533054166316184
first-new minus first-old,52,62s,0.003143117301803553,raise_minus_fold,186,-2.2997328855533237,1.2627587081736515
first-new minus first-old,52,62s,0.003143117301803553,raise_minus_call,186,-5.221925402914257,1.7184282441048855
first-new minus first-old,53,63s,0.00312662544208757,call_minus_fold,208,1.8511441999832594,0.5248742844668594
first-new minus first-old,53,63s,0.00312662544208757,raise_minus_fold,208,-0.2895726891936644,0.6900019986122
first-new minus first-old,53,63s,0.00312662544208757,raise_minus_call,208,-2.140716889176924,0.918694067300409
first-new minus first-old,54,64s,0.003124612815858345,call_minus_fold,218,-0.373478072931405,0.374964257598855
first-new minus first-old,54,64s,0.003124612815858345,raise_minus_fold,218,-6.580756426133931,1.2128318938802691
first-new minus first-old,54,64s,0.003124612815858345,raise_minus_call,218,-6.207278353202526,1.1825511489845313
first-new minus first-old,55,65s,0.003105130327599686,call_minus_fold,199,1.2013238150820367,0.5046757038124172
first-new minus first-old,55,65s,0.003105130327599686,raise_minus_fold,199,7.191569864021582,1.5257119124525518
first-new minus first-old,55,65s,0.003105130327599686,raise_minus_call,199,5.990246048939546,1.5437870064934527
first-new minus first-old,56,66,0.004657822776008899,call_minus_fold,320,-0.46895940920258256,0.4701658342634537
first-new minus first-old,56,66,0.004657822776008899,raise_minus_fold,320,-0.1326198184746864,1.3822477849881103
first-new minus first-old,56,66,0.004657822776008899,raise_minus_call,320,0.33633959072789626,1.356722434603971
first-new minus first-old,57,76o,0.009263066647623712,call_minus_fold,646,0.11919827588136832,0.23009472877032894
first-new minus first-old,57,76o,0.009263066647623712,raise_minus_fold,646,-2.7630628753590365,0.9134979874241336
first-new minus first-old,57,76o,0.009263066647623712,raise_minus_call,646,-2.882261151240405,0.920136714098719
first-new minus first-old,58,86o,0.009228732549257894,call_minus_fold,609,-0.3451684379894605,0.2100649835295196
first-new minus first-old,58,86o,0.009228732549257894,raise_minus_fold,609,-2.994743017415107,1.0577773500552967
first-new minus first-old,58,86o,0.009228732549257894,raise_minus_call,609,-2.6495745794256464,1.0390875777154924
first-new minus first-old,59,96o,0.009163146507518297,call_minus_fold,602,-3.391201990422408,0.7223818740958021
first-new minus first-old,59,96o,0.009163146507518297,raise_minus_fold,602,0.05818184168895685,0.49931238627607705
first-new minus first-old,59,96o,0.009163146507518297,raise_minus_call,602,3.449383832111365,0.8894671572534811
first-new minus first-old,60,T6o,0.009122461179652064,call_minus_fold,603,-0.2266084467372564,0.20514649815828914
first-new minus first-old,60,T6o,0.009122461179652064,raise_minus_fold,603,-2.7305254645335486,0.9223401534945357
first-new minus first-old,60,T6o,0.009122461179652064,raise_minus_call,603,-2.5039170177962924,0.9152758345501704
first-new minus first-old,61,J6o,0.009103288603222215,call_minus_fold,559,-2.9008684972982297,0.5652437286665462
first-new minus first-old,61,J6o,0.009103288603222215,raise_minus_fold,559,-1.183026176138207,0.730897159739576
first-new minus first-old,61,J6o,0.009103288603222215,raise_minus_call,559,1.7178423211600227,0.9540513114905985
first-new minus first-old,62,Q6o,0.009012639590419749,call_minus_fold,545,-0.9124741450973411,0.3225784930262461
first-new minus first-old,62,Q6o,0.009012639590419749,raise_minus_fold,545,-6.518823908202344,0.9497428028015971
first-new minus first-old,62,Q6o,0.009012639590419749,raise_minus_call,545,-5.606349763105003,0.920176270093402
first-new minus first-old,63,K6o,0.008922569928609137,call_minus_fold,546,-0.013463225396189193,0.24396048832447756
first-new minus first-old,63,K6o,0.008922569928609137,raise_minus_fold,546,3.0179320329440196,1.3453692116022642
first-new minus first-old,63,K6o,0.008922569928609137,raise_minus_call,546,3.031395258340209,1.3211331509771576
first-new minus first-old,64,A6o,0.008629688899514034,call_minus_fold,546,-0.1009603798294218,0.33091921360768023
first-new minus first-old,64,A6o,0.008629688899514034,raise_minus_fold,546,-5.321157194732872,1.15594147369736
first-new minus first-old,64,A6o,0.008629688899514034,raise_minus_call,546,-5.22019681490345,1.1399322442651503
first-new minus first-old,65,72s,0.0031320123662733814,call_minus_fold,205,0.4309878444447569,0.4727369550513716
first-new minus first-old,65,72s,0.0031320123662733814,raise_minus_fold,205,1.54029148001541,1.1656956468560646
first-new minus first-old,65,72s,0.0031320123662733814,raise_minus_call,205,1.1093036355706531,1.106581519502882
first-new minus first-old,66,73s,0.003115520506557398,call_minus_fold,213,-0.1918661323058373,0.2307803776235213
first-new minus first-old,66,73s,0.003115520506557398,raise_minus_fold,213,-1.2387959146894398,0.728719167372176
first-new minus first-old,66,73s,0.003115520506557398,raise_minus_call,213,-1.0469297823836026,0.7025164320116244
first-new minus first-old,67,74s,0.0031134519845372947,call_minus_fold,231,-0.0990436300750694,0.4097233446317603
first-new minus first-old,67,74s,0.0031134519845372947,raise_minus_fold,231,0.08552311727257282,1.3509860800907563
first-new minus first-old,67,74s,0.0031134519845372947,raise_minus_call,231,0.18456674734764222,1.3680832172874926
first-new minus first-old,68,75s,0.0030925460922791082,call_minus_fold,214,-1.2285534467009593,0.4662414163820078
first-new minus first-old,68,75s,0.0030925460922791082,raise_minus_fold,214,-1.1712937639838161,0.6919171225491205
first-new minus first-old,68,75s,0.0030925460922791082,raise_minus_call,214,0.05725968271714347,0.8009489254289169
first-new minus first-old,69,76s,0.003094107729029421,call_minus_fold,209,0.04368694248209593,0.3357720273738852
first-new minus first-old,69,76s,0.003094107729029421,raise_minus_fold,209,2.394529243751262,1.8970085767206635
first-new minus first-old,69,76s,0.003094107729029421,raise_minus_call,209,2.3508423012691666,1.9021018940467196
first-new minus first-old,70,77,0.004624507869432617,call_minus_fold,325,0.5566343605187186,0.5631449096547684
first-new minus first-old,70,77,0.004624507869432617,raise_minus_fold,325,2.909087832938646,1.604871615432805
first-new minus first-old,70,77,0.004624507869432617,raise_minus_call,325,2.3524534724199277,1.4733960966405013
first-new minus first-old,71,87o,0.009195417741810262,call_minus_fold,584,1.513434204858053,0.518812690762998
first-new minus first-old,71,87o,0.009195417741810262,raise_minus_fold,584,2.081315068983438,0.9048682011772725
first-new minus first-old,71,87o,0.009195417741810262,raise_minus_call,584,0.567880864125385,0.9240923660443636
first-new minus first-old,72,97o,0.009129831700070664,call_minus_fold,628,0.4692954381159949,0.3155383898664161
first-new minus first-old,72,97o,0.009129831700070664,raise_minus_fold,628,9.19297698548106,0.9864608684018865
first-new minus first-old,72,97o,0.009129831700070664,raise_minus_call,628,8.723681547365064,0.983783501750729
first-new minus first-old,73,T7o,0.009089146372204432,call_minus_fold,592,0.28172833548126147,0.2255537916487779
first-new minus first-old,73,T7o,0.009089146372204432,raise_minus_fold,592,0.005504258897368992,0.5786262289439934
first-new minus first-old,73,T7o,0.009089146372204432,raise_minus_call,592,-0.27622407658389253,0.5956831328958534
first-new minus first-old,74,J7o,0.009069973795774582,call_minus_fold,561,0.2610507865727176,0.21148330830870474
first-new minus first-old,74,J7o,0.009069973795774582,raise_minus_fold,561,0.8353421371066655,0.6635196635403814
first-new minus first-old,74,J7o,0.009069973795774582,raise_minus_call,561,0.5742913505339479,0.6606268496489931
first-new minus first-old,75,Q7o,0.008979324782972116,call_minus_fold,560,-0.07683999573618176,0.27519560605041543
first-new minus first-old,75,Q7o,0.008979324782972116,raise_minus_fold,560,0.6811653227319177,0.6123014396043699
first-new minus first-old,75,Q7o,0.008979324782972116,raise_minus_call,560,0.7580053184680995,0.6380789718157253
first-new minus first-old,76,K7o,0.008889249585588644,call_minus_fold,634,2.0605999651050424,0.4583322030625514
first-new minus first-old,76,K7o,0.008889249585588644,raise_minus_fold,634,-2.6807818751407497,0.9244627410127769
first-new minus first-old,76,K7o,0.008889249585588644,raise_minus_call,634,-4.741381840245792,1.0755138798506645
first-new minus first-old,77,A7o,0.008596451115028006,call_minus_fold,556,0.3570639925598446,0.25461056780727254
first-new minus first-old,77,A7o,0.008596451115028006,raise_minus_fold,556,-0.8351409382209027,1.147544526569585
first-new minus first-old,77,A7o,0.008596451115028006,raise_minus_call,556,-1.1922049307807474,1.1186405922358154
first-new minus first-old,78,82s,0.003120567667112555,call_minus_fold,192,0.173141248982274,0.42464745852130814
first-new minus first-old,78,82s,0.003120567667112555,raise_minus_fold,192,-1.2844948946342765,0.9461805575866277
first-new minus first-old,78,82s,0.003120567667112555,raise_minus_call,192,-1.4576361436165504,1.037696812430282
first-new minus first-old,79,83s,0.0031040758073965723,call_minus_fold,219,-2.1580029787102575,1.0995872229375814
first-new minus first-old,79,83s,0.0031040758073965723,raise_minus_fold,219,-2.4847074743410507,0.8688846699882077
first-new minus first-old,79,83s,0.0031040758073965723,raise_minus_call,219,-0.32670449563079285,1.4820339856427491
first-new minus first-old,80,84s,0.0031020072853764685,call_minus_fold,189,-0.0019183836415931537,0.5618945509163543
first-new minus first-old,80,84s,0.0031020072853764685,raise_minus_fold,189,4.754773437593641,1.074329344077083
first-new minus first-old,80,84s,0.0031020072853764685,raise_minus_call,189,4.7566918212352345,1.225412736031871
first-new minus first-old,81,85s,0.0030766711611621336,call_minus_fold,196,0.0015790903542163537,0.3672357724906947
first-new minus first-old,81,85s,0.0030766711611621336,raise_minus_fold,196,-2.2145672506895657,1.5464185684420195
first-new minus first-old,81,85s,0.0030766711611621336,raise_minus_call,196,-2.2161463410437823,1.4932027682127775
first-new minus first-old,82,86s,0.0030826649524687264,call_minus_fold,193,-2.0221669845281105,0.9942564446428814
first-new minus first-old,82,86s,0.0030826649524687264,raise_minus_fold,193,-6.54019817025655,1.3270067994527734
first-new minus first-old,82,86s,0.0030826649524687264,raise_minus_call,193,-4.518031185728439,1.377123354584121
first-new minus first-old,83,87s,0.003071559958948295,call_minus_fold,205,-0.08161670038999633,0.6703093546076603
first-new minus first-old,83,87s,0.003071559958948295,raise_minus_fold,205,-1.8030403797710761,1.5671086660192437
first-new minus first-old,83,87s,0.003071559958948295,raise_minus_call,205,-1.7214236793810798,1.3100331566087506
first-new minus first-old,84,88,0.004590173593626515,call_minus_fold,311,2.459665913291117,1.1649181321869322
first-new minus first-old,84,88,0.004590173593626515,raise_minus_fold,311,0.7083162555976626,1.8593508310365634
first-new minus first-old,84,88,0.004590173593626515,raise_minus_call,311,-1.7513496576934542,1.9684558167821429
first-new minus first-old,85,98o,0.009095536099493505,call_minus_fold,644,0.8701739366914613,0.2794648356840292
first-new minus first-old,85,98o,0.009095536099493505,raise_minus_fold,644,2.1790435543724884,0.8979579423981194
first-new minus first-old,85,98o,0.009095536099493505,raise_minus_call,644,1.3088696176810273,0.8826118726071358
first-new minus first-old,86,T8o,0.009054823459607524,call_minus_fold,597,0.0074658983854845986,0.29519076296349395
first-new minus first-old,86,T8o,0.009054823459607524,raise_minus_fold,597,1.145721337683794,0.5439070185205677
first-new minus first-old,86,T8o,0.009054823459607524,raise_minus_call,597,1.1382554392983095,0.6196020561427278
first-new minus first-old,87,J8o,0.009035639697408766,call_minus_fold,613,0.466138068486509,0.27718159682277116
first-new minus first-old,87,J8o,0.009035639697408766,raise_minus_fold,613,0.1777998348067009,0.8305219606309777
first-new minus first-old,87,J8o,0.009035639697408766,raise_minus_call,613,-0.28833823367980804,0.8442324473510643
first-new minus first-old,88,Q8o,0.008944991632856244,call_minus_fold,581,0.3972003062338321,0.2753989336301739
first-new minus first-old,88,Q8o,0.008944991632856244,raise_minus_fold,581,-1.4074091016825216,0.8311074271440984
first-new minus first-old,88,Q8o,0.008944991632856244,raise_minus_call,581,-1.8046094079163537,0.846186943587365
first-new minus first-old,89,K8o,0.008870288926542031,call_minus_fold,602,-0.11492313783139024,0.22340950863855744
first-new minus first-old,89,K8o,0.008870288926542031,raise_minus_fold,602,-2.12890380871398,0.7771453770280125
first-new minus first-old,89,K8o,0.008870288926542031,raise_minus_call,602,-2.0139806708825896,0.8192614855014245
first-new minus first-old,90,A8o,0.008562270572889864,call_minus_fold,560,-2.0212729809069905,0.5426877871564992
first-new minus first-old,90,A8o,0.008562270572889864,raise_minus_fold,560,-0.10439586530095121,0.9855595994865638
first-new minus first-old,90,A8o,0.008562270572889864,raise_minus_call,560,1.9168771156060396,1.0271442937824375
first-new minus first-old,91,92s,0.0030987056537618175,call_minus_fold,209,-1.9504293474310799,0.631480273628969
first-new minus first-old,91,92s,0.0030987056537618175,raise_minus_fold,209,0.5203091327130017,0.8052573459091178
first-new minus first-old,91,92s,0.0030987056537618175,raise_minus_call,209,2.4707384801440817,0.991741558912561
first-new minus first-old,92,93s,0.003082213794045835,call_minus_fold,202,-0.563403184501017,0.5470205253584778
first-new minus first-old,92,93s,0.003082213794045835,raise_minus_fold,202,1.9487327090589157,0.9439011242398422
first-new minus first-old,92,93s,0.003082213794045835,raise_minus_call,202,2.5121358935599325,0.9101422603181464
first-new minus first-old,93,94s,0.003080145272025731,call_minus_fold,198,-0.1613002772454039,0.49714855556147564
first-new minus first-old,93,94s,0.003080145272025731,raise_minus_fold,198,-7.111676530649386,1.2341539543643927
first-new minus first-old,93,94s,0.003080145272025731,raise_minus_call,198,-6.950376253403983,1.2885379682090337
first-new minus first-old,94,95s,0.0030551849830528464,call_minus_fold,178,0.3239237610718701,0.498965362956043
first-new minus first-old,94,95s,0.0030551849830528464,raise_minus_fold,178,-3.745941467616341,1.8475439115880128
first-new minus first-old,94,95s,0.0030551849830528464,raise_minus_call,178,-4.0698652286882115,1.8021131910751433
first-new minus first-old,95,96s,0.003060802798850952,call_minus_fold,192,-4.21099762293837,1.224633415897043
first-new minus first-old,95,96s,0.003060802798850952,raise_minus_fold,192,2.316188035975531,1.2797981819585829
first-new minus first-old,95,96s,0.003060802798850952,raise_minus_call,192,6.527185658913901,1.9419118002803364
first-new minus first-old,96,97s,0.0030496971044909785,call_minus_fold,202,-0.20833337119157908,0.6026678529734056
first-new minus first-old,96,97s,0.0030496971044909785,raise_minus_fold,202,-7.658268163196262,1.4003461061030529
first-new minus first-old,96,97s,0.0030496971044909785,raise_minus_call,202,-7.449934792004682,1.2957521752387458
first-new minus first-old,97,98s,0.003038252900973393,call_minus_fold,196,0.9088896654981212,0.48936660291891565
first-new minus first-old,97,98s,0.003038252900973393,raise_minus_fold,196,-0.4506291490198389,1.5114708310023557
first-new minus first-old,97,98s,0.003038252900973393,raise_minus_call,196,-1.3595188145179604,1.550598939487918
first-new minus first-old,98,99,0.004524587518183176,call_minus_fold,305,-0.20087251830901975,0.6728643270580869
first-new minus first-old,98,99,0.004524587518183176,raise_minus_fold,305,-2.4056993272256206,1.4738720677426564
first-new minus first-old,98,99,0.004524587518183176,raise_minus_call,305,-2.204826808916601,1.4144366082376159
first-new minus first-old,99,T9o,0.008989226232099018,call_minus_fold,599,4.568734058037165,0.7149987521981501
first-new minus first-old,99,T9o,0.008989226232099018,raise_minus_fold,599,0.47521065233522397,0.7494901845693163
first-new minus first-old,99,T9o,0.008989226232099018,raise_minus_call,599,-4.093523405701942,1.0404347075162068
first-new minus first-old,100,J9o,0.00897005864301116,call_minus_fold,596,-0.41986319358659907,0.271731669425879
first-new minus first-old,100,J9o,0.00897005864301116,raise_minus_fold,596,-1.350581239578396,0.624961713775
first-new minus first-old,100,J9o,0.00897005864301116,raise_minus_call,596,-0.930718045991797,0.6474453104041601
first-new minus first-old,101,Q9o,0.008897074213832389,call_minus_fold,551,-1.1450532838182084,0.3678116878382557
first-new minus first-old,101,Q9o,0.008897074213832389,raise_minus_fold,551,5.5460434842272495,0.8404908389925358
first-new minus first-old,101,Q9o,0.008897074213832389,raise_minus_call,551,6.691096768045457,0.8802715217757047
first-new minus first-old,102,K9o,0.008808510962475227,call_minus_fold,576,-0.515542604979066,0.3255241598778877
first-new minus first-old,102,K9o,0.008808510962475227,raise_minus_fold,576,1.3501290176308223,0.938193587084272
first-new minus first-old,102,K9o,0.008808510962475227,raise_minus_call,576,1.8656716226098884,0.9071101632583999
first-new minus first-old,103,A9o,0.00849669870654732,call_minus_fold,576,-0.4412064414346038,0.40864098003938265
first-new minus first-old,103,A9o,0.00849669870654732,raise_minus_fold,576,0.280940091049312,1.4486435714702006
first-new minus first-old,103,A9o,0.00849669870654732,raise_minus_call,576,0.7221465324839157,1.466460423346463
first-new minus first-old,104,T2s,0.003085143878155321,call_minus_fold,234,-0.16879634546213731,0.502847882876818
first-new minus first-old,104,T2s,0.003085143878155321,raise_minus_fold,234,1.728392981510302,2.301013910337106
first-new minus first-old,104,T2s,0.003085143878155321,raise_minus_call,234,1.8971893269724394,2.3102608144228225
first-new minus first-old,105,T3s,0.003068652018439338,call_minus_fold,207,-0.24800883738432603,0.3161372076547785
first-new minus first-old,105,T3s,0.003068652018439338,raise_minus_fold,207,-0.3011188789821184,0.5595566353954731
first-new minus first-old,105,T3s,0.003068652018439338,raise_minus_call,207,-0.053110041597792416,0.5543348848675638
first-new minus first-old,106,T4s,0.003066583496419234,call_minus_fold,209,-0.3876261706642488,0.2574106441372001
first-new minus first-old,106,T4s,0.003066583496419234,raise_minus_fold,209,2.2409489459174807,1.6891743136574962
first-new minus first-old,106,T4s,0.003066583496419234,raise_minus_call,209,2.6285751165817297,1.6795124436389985
first-new minus first-old,107,T5s,0.003040740248649781,call_minus_fold,195,-3.245623491103959,1.0041806285084
first-new minus first-old,107,T5s,0.003040740248649781,raise_minus_fold,195,1.2472077071712768,1.2682580830421912
first-new minus first-old,107,T5s,0.003040740248649781,raise_minus_call,195,4.492831198275236,1.8585401461971822
first-new minus first-old,108,T6s,0.0030408203149837813,call_minus_fold,190,-0.8890014257623189,0.33017354903014
first-new minus first-old,108,T6s,0.0030408203149837813,raise_minus_fold,190,1.896698639816771,1.309867844299529
first-new minus first-old,108,T6s,0.0030408203149837813,raise_minus_call,190,2.78570006557909,1.387586089762061
first-new minus first-old,109,T7s,0.0030361325646821274,call_minus_fold,196,-0.32489283137344366,0.535700697296228
first-new minus first-old,109,T7s,0.0030361325646821274,raise_minus_fold,196,4.2799508203308205,1.6760434033307035
first-new minus first-old,109,T7s,0.0030361325646821274,raise_minus_call,196,4.604843651704265,1.7505922845411572
first-new minus first-old,110,T8s,0.003024691110993242,call_minus_fold,210,0.03701821454134906,0.5457124965107083
first-new minus first-old,110,T8s,0.003024691110993242,raise_minus_fold,210,-0.47859705006607495,1.457762334820525
first-new minus first-old,110,T8s,0.003024691110993242,raise_minus_call,210,-0.5156152646074239,1.6264412294304824
first-new minus first-old,111,T9s,0.003002829561068935,call_minus_fold,199,-0.07395364355436053,0.44845182614548
first-new minus first-old,111,T9s,0.003002829561068935,raise_minus_fold,199,-1.278994069632368,1.9497923097417398
first-new minus first-old,111,T9s,0.003002829561068935,raise_minus_call,199,-1.2050404260780074,1.8652843709494524
first-new minus first-old,112,TT,0.004483901867157541,call_minus_fold,292,3.5801921795324274,0.7202748773142916
first-new minus first-old,112,TT,0.004483901867157541,raise_minus_fold,292,4.274172321509648,1.7219783813080891
first-new minus first-old,112,TT,0.004483901867157541,raise_minus_call,292,0.6939801419772208,1.6414629405455048
first-new minus first-old,113,JTo,0.008948627684417313,call_minus_fold,540,0.13299971769152735,0.3760720779301635
first-new minus first-old,113,JTo,0.008948627684417313,raise_minus_fold,540,-7.276171386183012,1.2022864787651542
first-new minus first-old,113,JTo,0.008948627684417313,raise_minus_call,540,-7.40917110387454,1.11249075871205
first-new minus first-old,114,QTo,0.008857952729646955,call_minus_fold,588,-0.36811145116288624,0.2712498553358348
first-new minus first-old,114,QTo,0.008857952729646955,raise_minus_fold,588,6.387533534361706,0.7972208371506637
first-new minus first-old,114,QTo,0.008857952729646955,raise_minus_call,588,6.755644985524594,0.794274441153159
first-new minus first-old,115,KTo,0.008767899905759253,call_minus_fold,621,-2.8877026426139487,0.4758139922073552
first-new minus first-old,115,KTo,0.008767899905759253,raise_minus_fold,621,-0.37723273345536545,0.802598268523696
first-new minus first-old,115,KTo,0.008767899905759253,raise_minus_call,621,2.510469909158583,0.8096250841692288
first-new minus first-old,116,ATo,0.008456018424329408,call_minus_fold,503,-0.8215353147096854,0.3843055792272313
first-new minus first-old,116,ATo,0.008456018424329408,raise_minus_fold,503,-2.6643743182705877,1.1796505012696825
first-new minus first-old,116,ATo,0.008456018424329408,raise_minus_call,503,-1.842839003560902,1.1616502340154955
first-new minus first-old,117,J2s,0.003078753019509794,call_minus_fold,197,1.9317590462053646,0.9977382961623282
first-new minus first-old,117,J2s,0.003078753019509794,raise_minus_fold,197,-2.717334278672463,1.2904884514970965
first-new minus first-old,117,J2s,0.003078753019509794,raise_minus_call,197,-4.649093324877828,1.5038844732366354
first-new minus first-old,118,J3s,0.0030622611597938116,call_minus_fold,177,0.7359651026992731,0.5225132499600172
first-new minus first-old,118,J3s,0.0030622611597938116,raise_minus_fold,177,1.2771256330386869,1.0310163794914324
first-new minus first-old,118,J3s,0.0030622611597938116,raise_minus_call,177,0.5411605303394138,1.1185764835182395
first-new minus first-old,119,J4s,0.0030601926377737078,call_minus_fold,198,-0.05803828641871503,0.6470066236565497
first-new minus first-old,119,J4s,0.0030601926377737078,raise_minus_fold,198,5.098283652288625,1.013869938390983
first-new minus first-old,119,J4s,0.0030601926377737078,raise_minus_call,198,5.1563219387073405,1.1094894305730396
first-new minus first-old,120,J5s,0.003040739542766197,call_minus_fold,181,-0.39005966154699767,0.40958546029379145
first-new minus first-old,120,J5s,0.003040739542766197,raise_minus_fold,181,1.5264201381261775,1.2858372864266763
first-new minus first-old,120,J5s,0.003040739542766197,raise_minus_call,181,1.9164797996731755,1.3181084164314039
first-new minus first-old,121,J6s,0.0030344294563382545,call_minus_fold,204,4.749803390268514,1.2760731050922784
first-new minus first-old,121,J6s,0.0030344294563382545,raise_minus_fold,204,-0.26713019840735136,1.169750676355727
first-new minus first-old,121,J6s,0.0030344294563382545,raise_minus_call,204,-5.016933588675865,1.701692583850021
first-new minus first-old,122,J7s,0.0030297342847703562,call_minus_fold,185,-1.226499301394462,0.4869294097873927
first-new minus first-old,122,J7s,0.0030297342847703562,raise_minus_fold,185,-0.09858604066503399,1.701669473825031
first-new minus first-old,122,J7s,0.0030297342847703562,raise_minus_call,185,1.127913260729428,1.6958107202615205
first-new minus first-old,123,J8s,0.0030183005204907085,call_minus_fold,196,-0.12844326032861617,0.42474519080031264
first-new minus first-old,123,J8s,0.0030183005204907085,raise_minus_fold,196,-0.7664023673612352,1.1552495318631044
first-new minus first-old,123,J8s,0.0030183005204907085,raise_minus_call,196,-0.6379591070326189,1.1204233766063711
first-new minus first-old,124,J9s,0.00299643869350183,call_minus_fold,198,0.1945566663418877,0.5120252731581798
first-new minus first-old,124,J9s,0.00299643869350183,raise_minus_fold,198,0.7298507663565014,1.615115902178806
first-new minus first-old,124,J9s,0.00299643869350183,raise_minus_call,198,0.5352941000146139,1.5006267131496585
first-new minus first-old,125,JTs,0.002982874835202435,call_minus_fold,200,-1.6539458439024113,0.6786274957635351
first-new minus first-old,125,JTs,0.002982874835202435,raise_minus_fold,200,-8.446921466835462,1.4683854343333511
first-new minus first-old,125,JTs,0.002982874835202435,raise_minus_call,200,-6.792975622933051,1.36365255837533
first-new minus first-old,126,JJ,0.004464729101391971,call_minus_fold,324,0.08488784418762625,0.23931311902273053
first-new minus first-old,126,JJ,0.004464729101391971,raise_minus_fold,324,-1.9446031562652624,1.9327295485676
first-new minus first-old,126,JJ,0.004464729101391971,raise_minus_call,324,-2.0294910004528885,1.9307313384759184
first-new minus first-old,127,QJo,0.008838791741356376,call_minus_fold,582,-0.4907461820805591,0.30655925273656
first-new minus first-old,127,QJo,0.008838791741356376,raise_minus_fold,582,-1.4304081444909709,0.945681717034176
first-new minus first-old,127,QJo,0.008838791741356376,raise_minus_call,582,-0.9396619624104117,0.9430666204369254
first-new minus first-old,128,KJo,0.008748729593427788,call_minus_fold,561,-0.07629740401057343,0.317935050245513
first-new minus first-old,128,KJo,0.008748729593427788,raise_minus_fold,561,6.1304703044306095,0.9496873981663697
first-new minus first-old,128,KJo,0.008748729593427788,raise_minus_call,561,6.206767708441183,1.0393825032671649
first-new minus first-old,129,AJo,0.008436846232518724,call_minus_fold,544,-1.7216936711816342,0.5581022789123241
first-new minus first-old,129,AJo,0.008436846232518724,raise_minus_fold,544,2.8681336463447873,1.1230368128671149
first-new minus first-old,129,AJo,0.008436846232518724,raise_minus_call,544,4.589827317526422,1.2075903418246938
first-new minus first-old,130,Q2s,0.003048589629748466,call_minus_fold,202,-0.4986753181554424,0.4133923483441122
first-new minus first-old,130,Q2s,0.003048589629748466,raise_minus_fold,202,4.196716236443804,0.8039802381224005
first-new minus first-old,130,Q2s,0.003048589629748466,raise_minus_call,202,4.695391554599246,0.812306562974853
first-new minus first-old,131,Q3s,0.0030383263451918183,call_minus_fold,197,-0.21560973921162974,0.47172749620201515
first-new minus first-old,131,Q3s,0.0030383263451918183,raise_minus_fold,197,4.305140613574659,1.1906755070780697
first-new minus first-old,131,Q3s,0.0030383263451918183,raise_minus_call,197,4.52075035278629,1.3505781096372917
first-new minus first-old,132,Q4s,0.0030300838891443495,call_minus_fold,218,-0.04081882461454553,0.3592761383008731
first-new minus first-old,132,Q4s,0.0030300838891443495,raise_minus_fold,218,4.382026963471539,1.3865986083126687
first-new minus first-old,132,Q4s,0.0030300838891443495,raise_minus_call,218,4.422845788086084,1.3386748537186168
first-new minus first-old,133,Q5s,0.003010523121683423,call_minus_fold,204,-0.5300304506084839,0.5720363064650343
first-new minus first-old,133,Q5s,0.003010523121683423,raise_minus_fold,204,2.2082903718439186,1.3819627371929515
first-new minus first-old,133,Q5s,0.003010523121683423,raise_minus_call,204,2.7383208224524025,1.4705350933270789
first-new minus first-old,134,Q6s,0.0030106108780065255,call_minus_fold,234,-0.21028693293039147,0.40175246582688007
first-new minus first-old,134,Q6s,0.0030106108780065255,raise_minus_fold,234,-8.15584421130538,1.9322534088278214
first-new minus first-old,134,Q6s,0.0030106108780065255,raise_minus_call,234,-7.94555727837499,1.85038281239512
first-new minus first-old,135,Q7s,0.002999247818911184,call_minus_fold,179,-0.9976221468524101,0.5170991563011937
first-new minus first-old,135,Q7s,0.002999247818911184,raise_minus_fold,179,6.735018810339879,1.3410266592789086
first-new minus first-old,135,Q7s,0.002999247818911184,raise_minus_call,179,7.732640957192289,1.362975335532795
first-new minus first-old,136,Q8s,0.0029880834387154944,call_minus_fold,187,0.6688435051868177,0.69859785882831
first-new minus first-old,136,Q8s,0.0029880834387154944,raise_minus_fold,187,-5.16876226906636,1.1122293395864924
first-new minus first-old,136,Q8s,0.0029880834387154944,raise_minus_call,187,-5.837605774253178,1.3074437436216688
first-new minus first-old,137,Q9s,0.0029662224032688716,call_minus_fold,195,-1.0619367717555448,0.5341619065967039
first-new minus first-old,137,Q9s,0.0029662224032688716,raise_minus_fold,195,4.0595386303616285,2.031550681785822
first-new minus first-old,137,Q9s,0.0029662224032688716,raise_minus_call,195,5.121475402117173,2.00652614279619
first-new minus first-old,138,QTs,0.0029526608655711306,call_minus_fold,168,0.41834314897250396,0.6675236510491332
first-new minus first-old,138,QTs,0.0029526608655711306,raise_minus_fold,168,0.39620706264694094,1.1847872753478739
first-new minus first-old,138,QTs,0.0029526608655711306,raise_minus_call,168,-0.022136086325562916,1.23985612484141
first-new minus first-old,139,QJs,0.0029462700089081767,call_minus_fold,206,-0.8519597984152403,0.745292946674188
first-new minus first-old,139,QJs,0.0029462700089081767,raise_minus_fold,206,3.671327770430158,2.157891497819598
first-new minus first-old,139,QJs,0.0029462700089081767,raise_minus_call,206,4.523287568845398,2.0100605212836102
first-new minus first-old,140,QQ,0.004374080308655107,call_minus_fold,278,-0.11538864606191274,0.22411049937294183
first-new minus first-old,140,QQ,0.004374080308655107,raise_minus_fold,278,4.155593967288894,2.1115862422234137
first-new minus first-old,140,QQ,0.004374080308655107,raise_minus_call,278,4.270982613350806,2.105433394482841
first-new minus first-old,141,KQo,0.008658085069170625,call_minus_fold,560,-0.7103432108009408,0.3937681705441217
first-new minus first-old,141,KQo,0.008658085069170625,raise_minus_fold,560,-3.2557300327288523,0.8896567583653586
first-new minus first-old,141,KQo,0.008658085069170625,raise_minus_call,560,-2.545386821927912,0.8856775929996242
first-new minus first-old,142,AQo,0.008346197677690622,call_minus_fold,565,-0.1556109999121721,0.4886347134434412
first-new minus first-old,142,AQo,0.008346197677690622,raise_minus_fold,565,-0.05323008951916125,1.1747338234072704
first-new minus first-old,142,AQo,0.008346197677690622,raise_minus_call,565,0.10238091039301113,1.1215747712803001
first-new minus first-old,143,K2s,0.0030248961572387077,call_minus_fold,192,-0.11181750582554772,0.5779012591780992
first-new minus first-old,143,K2s,0.0030248961572387077,raise_minus_fold,192,2.1658632596543472,0.6355553571204248
first-new minus first-old,143,K2s,0.0030248961572387077,raise_minus_call,192,2.277680765479895,0.7196301308206177
first-new minus first-old,144,K3s,0.003008434522343193,call_minus_fold,177,-0.6358486621093546,0.4584430688727681
first-new minus first-old,144,K3s,0.003008434522343193,raise_minus_fold,177,-3.3095632365958005,0.8159249271574097
first-new minus first-old,144,K3s,0.003008434522343193,raise_minus_call,177,-2.6737145744864463,0.8016557839075635
first-new minus first-old,145,K4s,0.0030063569944854033,call_minus_fold,218,-0.0520966024230839,0.4543117099116425
first-new minus first-old,145,K4s,0.0030063569944854033,raise_minus_fold,218,0.3716846421908549,0.9769548579930715
first-new minus first-old,145,K4s,0.0030063569944854033,raise_minus_call,218,0.42378124461393885,1.0638483518591924
first-new minus first-old,146,K5s,0.002980524350918867,call_minus_fold,194,-0.8234467191165996,0.5664094933785537
first-new minus first-old,146,K5s,0.002980524350918867,raise_minus_fold,194,-1.7134556730073656,1.211117668284604
first-new minus first-old,146,K5s,0.002980524350918867,raise_minus_call,194,-0.8900089538907661,1.2380833524538117
first-new minus first-old,147,K6s,0.0029806068083200817,call_minus_fold,188,1.2036719939348204,0.5667285705756306
first-new minus first-old,147,K6s,0.0029806068083200817,raise_minus_fold,188,6.9818653629911855,1.3242164379325125
first-new minus first-old,147,K6s,0.0029806068083200817,raise_minus_call,188,5.778193369056365,1.2032151739059573
first-new minus first-old,148,K7s,0.002969502618732987,call_minus_fold,192,-0.11249895176188085,0.6080691701887484
first-new minus first-old,148,K7s,0.002969502618732987,raise_minus_fold,192,-3.999243601803879,1.9739354308938333
first-new minus first-old,148,K7s,0.002969502618732987,raise_minus_call,192,-3.8867446500419978,1.9003224708812492
first-new minus first-old,149,K8s,0.0029580582045670247,call_minus_fold,194,-0.48728251906391046,0.5737534974287211
first-new minus first-old,149,K8s,0.0029580582045670247,raise_minus_fold,194,-3.670181269063026,1.175860006649468
first-new minus first-old,149,K8s,0.0029580582045670247,raise_minus_call,194,-3.1828987499991155,1.2548837422546035
first-new minus first-old,150,K9s,0.0029361969996104134,call_minus_fold,180,-0.7535641220610845,0.5233532984446505
first-new minus first-old,150,K9s,0.0029361969996104134,raise_minus_fold,180,1.2998594235138416,0.9097328301364108
first-new minus first-old,150,K9s,0.0029361969996104134,raise_minus_call,180,2.0534235455749257,0.9709208474984395
first-new minus first-old,151,KTs,0.0029226356056492116,call_minus_fold,186,0.5591704662976912,0.4736614291356069
first-new minus first-old,151,KTs,0.0029226356056492116,raise_minus_fold,186,1.8134820229753985,1.6992183865889765
first-new minus first-old,151,KTs,0.0029226356056492116,raise_minus_call,186,1.2543115566777077,1.6376445635937733
first-new minus first-old,152,KJs,0.0029162448758709276,call_minus_fold,209,-0.44585563598042677,0.6040766814260377
first-new minus first-old,152,KJs,0.0029162448758709276,raise_minus_fold,209,-3.875680331561811,1.7283772913359674
first-new minus first-old,152,KJs,0.0029162448758709276,raise_minus_call,209,-3.4298246955813836,1.9521942677780617
first-new minus first-old,153,KQs,0.0028860286010029094,call_minus_fold,175,-0.5704897018189744,0.8609238185517912
first-new minus first-old,153,KQs,0.0028860286010029094,raise_minus_fold,175,-4.060180283400293,1.8538299778920948
first-new minus first-old,153,KQs,0.0028860286010029094,raise_minus_call,175,-3.4896905815813195,1.708476376486946
first-new minus first-old,154,KK,0.004284005053936323,call_minus_fold,279,0.005409810623183811,0.2075933804305779
first-new minus first-old,154,KK,0.004284005053936323,raise_minus_fold,279,0.9140063282480674,2.196030173355573
first-new minus first-old,154,KK,0.004284005053936323,raise_minus_call,279,0.9085965176248834,2.153870402272292
first-new minus first-old,155,AKo,0.0082561217647576,call_minus_fold,559,0.49334761525594983,0.16950702514908358
first-new minus first-old,155,AKo,0.0082561217647576,raise_minus_fold,559,6.701937949742036,1.0890342824701902
first-new minus first-old,155,AKo,0.0082561217647576,raise_minus_call,559,6.208590334486086,1.0679403454805758
first-new minus first-old,156,A2s,0.0029209535351987642,call_minus_fold,189,-0.44561562236207275,0.6492817915923829
first-new minus first-old,156,A2s,0.0029209535351987642,raise_minus_fold,189,0.7290726508268227,2.363928381828191
first-new minus first-old,156,A2s,0.0029209535351987642,raise_minus_call,189,1.1746882731888952,2.2324115095806487
first-new minus first-old,157,A3s,0.002904478032205372,call_minus_fold,187,-0.5939546511074706,0.674871707722717
first-new minus first-old,157,A3s,0.002904478032205372,raise_minus_fold,187,-1.8463639642616825,2.0421495507005627
first-new minus first-old,157,A3s,0.002904478032205372,raise_minus_call,187,-1.2524093131542118,2.1233590602253907
first-new minus first-old,158,A4s,0.0029024088276845255,call_minus_fold,178,-0.6455563030525647,0.665562536750708
first-new minus first-old,158,A4s,0.0029024088276845255,raise_minus_fold,178,1.3092245765534472,1.5928026502292991
first-new minus first-old,158,A4s,0.0029024088276845255,raise_minus_call,178,1.954780879606012,1.481333374023166
first-new minus first-old,159,A5s,0.0028765640116156376,call_minus_fold,196,0.7046643951835255,0.5406330678089759
first-new minus first-old,159,A5s,0.0028765640116156376,raise_minus_fold,196,-0.9924456473462173,1.445929739949032
first-new minus first-old,159,A5s,0.0028765640116156376,raise_minus_call,196,-1.697110042529743,1.4175480756744778
first-new minus first-old,160,A6s,0.00287664555405943,call_minus_fold,169,0.2838867611445132,0.5569093147881926
first-new minus first-old,160,A6s,0.00287664555405943,raise_minus_fold,169,-4.321868644761656,1.475894711892865
first-new minus first-old,160,A6s,0.00287664555405943,raise_minus_call,169,-4.60575540590617,1.4136015839341942
first-new minus first-old,161,A7s,0.0028655407057624678,call_minus_fold,193,0.1536165745224924,0.4024566033065373
first-new minus first-old,161,A7s,0.0028655407057624678,raise_minus_fold,193,-0.7559320798181983,1.6580591836615755
first-new minus first-old,161,A7s,0.0028655407057624678,raise_minus_call,193,-0.909548654340691,1.6369246503026165
first-new minus first-old,162,A8s,0.002854096463089066,call_minus_fold,201,-0.14660431718441294,0.6217449724804083
first-new minus first-old,162,A8s,0.002854096463089066,raise_minus_fold,201,-1.3401398784189988,2.2320161182048404
first-new minus first-old,162,A8s,0.002854096463089066,raise_minus_call,201,-1.1935355612345866,2.3628921427196112
first-new minus first-old,163,A9s,0.0028322345637362746,call_minus_fold,195,0.5813731862038428,0.8679422083516078
first-new minus first-old,163,A9s,0.0028322345637362746,raise_minus_fold,195,1.6800891507440208,1.712252217456255
first-new minus first-old,163,A9s,0.0028322345637362746,raise_minus_call,195,1.098715964540178,1.8387594491719579
first-new minus first-old,164,ATs,0.0028186729016320797,call_minus_fold,170,-0.9748542849187665,0.8020287202904943
first-new minus first-old,164,ATs,0.0028186729016320797,raise_minus_fold,170,0.3754316953880978,1.2965752288601993
first-new minus first-old,164,ATs,0.0028186729016320797,raise_minus_call,170,1.350285980306864,1.2870539588195298
first-new minus first-old,165,AJs,0.0028122821203068987,call_minus_fold,177,-4.276152126715064,0.8936526496813199
first-new minus first-old,165,AJs,0.0028122821203068987,raise_minus_fold,177,2.444596351008863,2.2558153601504416
first-new minus first-old,165,AJs,0.0028122821203068987,raise_minus_call,177,6.7207484777239275,2.243704787816497
first-new minus first-old,166,AQs,0.002782065810743854,call_minus_fold,165,-0.24138368362638993,1.3682018387823693
first-new minus first-old,166,AQs,0.002782065810743854,raise_minus_fold,165,-7.876552101164729,2.003970202859594
first-new minus first-old,166,AQs,0.002782065810743854,raise_minus_call,165,-7.63516841753834,2.168813648727511
first-new minus first-old,167,AKs,0.002752040727766573,call_minus_fold,166,0.09303789291214733,0.32075193562498217
first-new minus first-old,167,AKs,0.002752040727766573,raise_minus_fold,166,0.34210633626813597,2.2803813007478633
first-new minus first-old,167,AKs,0.002752040727766573,raise_minus_call,166,0.2490684433559887,2.2774710788192065
first-new minus first-old,168,AA,0.003972108648688113,call_minus_fold,247,0.18507128734753456,0.1875814673601643
first-new minus first-old,168,AA,0.003972108648688113,raise_minus_fold,247,-3.007426745842478,2.611932247766541
first-new minus first-old,168,AA,0.003972108648688113,raise_minus_call,247,-3.1924980331900126,2.576888099701848
repeat-old minus first-old,0,22,0.004790793724696479,call_minus_fold,311,3.011088258468973,0.9831403936705718
repeat-old minus first-old,0,22,0.004790793724696479,raise_minus_fold,311,2.78738625990001,1.6327259421143636
repeat-old minus first-old,0,22,0.004790793724696479,raise_minus_call,311,-0.22370199856896303,1.4191236195482497
repeat-old minus first-old,1,32o,0.009512847260521819,call_minus_fold,637,0.6932319852070862,0.29541163552312794
repeat-old minus first-old,1,32o,0.009512847260521819,raise_minus_fold,637,3.0094940877174516,0.8928359344787719
repeat-old minus first-old,1,32o,0.009512847260521819,raise_minus_call,637,2.3162621025103656,0.897793928728835
repeat-old minus first-old,2,42o,0.009506641694301852,call_minus_fold,612,-2.065385636148959,0.868837961613702
repeat-old minus first-old,2,42o,0.009506641694301852,raise_minus_fold,612,8.810943593067506,0.7563988967244785
repeat-old minus first-old,2,42o,0.009506641694301852,raise_minus_call,612,10.876329229216465,1.207649275716069
repeat-old minus first-old,3,52o,0.009429105229310572,call_minus_fold,620,-0.08715177596964528,0.21845770039314588
repeat-old minus first-old,3,52o,0.009429105229310572,raise_minus_fold,620,-3.9156684725995383,0.7678364869945469
repeat-old minus first-old,3,52o,0.009429105229310572,raise_minus_call,620,-3.828516696629894,0.7488705520616605
repeat-old minus first-old,4,62o,0.009429352148007004,call_minus_fold,605,0.21874199690392584,0.24859175793094368
repeat-old minus first-old,4,62o,0.009429352148007004,raise_minus_fold,605,0.8560365704318744,0.719165903582225
repeat-old minus first-old,4,62o,0.009429352148007004,raise_minus_call,605,0.6372945735279486,0.6548255998479107
repeat-old minus first-old,5,72o,0.009396037340559372,call_minus_fold,627,-0.1886939364649918,0.2277358576739351
repeat-old minus first-old,5,72o,0.009396037340559372,raise_minus_fold,627,-5.718956214143764,0.822061444315747
repeat-old minus first-old,5,72o,0.009396037340559372,raise_minus_call,627,-5.530262277678773,0.831475470583865
repeat-old minus first-old,6,82o,0.009361703242193552,call_minus_fold,627,-1.2315388317718523,0.3288577378168373
repeat-old minus first-old,6,82o,0.009361703242193552,raise_minus_fold,627,-4.843959591977429,0.6924961598895998
repeat-old minus first-old,6,82o,0.009361703242193552,raise_minus_call,627,-3.6124207602055765,0.7005875302419551
repeat-old minus first-old,7,92o,0.009296117200453959,call_minus_fold,643,-3.83537911380329,0.6197291471232673
repeat-old minus first-old,7,92o,0.009296117200453959,raise_minus_fold,643,2.055734413655603,0.6989297314672809
repeat-old minus first-old,7,92o,0.009296117200453959,raise_minus_call,643,5.891113527458892,0.8388443548515558
repeat-old minus first-old,8,T2o,0.009255431872587724,call_minus_fold,612,-4.977913737434216,0.7282049249029223
repeat-old minus first-old,8,T2o,0.009255431872587724,raise_minus_fold,612,3.17793633012106,0.9786973773047852
repeat-old minus first-old,8,T2o,0.009255431872587724,raise_minus_call,612,8.155850067555276,1.3133940035993534
repeat-old minus first-old,9,J2o,0.009236259296157876,call_minus_fold,592,0.56462010928409,0.29398309796691674
repeat-old minus first-old,9,J2o,0.009236259296157876,raise_minus_fold,592,2.4311194605611535,0.7355947107452271
repeat-old minus first-old,9,J2o,0.009236259296157876,raise_minus_call,592,1.8664993512770638,0.7510011479855709
repeat-old minus first-old,10,Q2o,0.009145610283355409,call_minus_fold,580,0.9867226776202644,0.3845722069827257
repeat-old minus first-old,10,Q2o,0.009145610283355409,raise_minus_fold,580,11.047960693727696,0.9034431460447303
repeat-old minus first-old,10,Q2o,0.009145610283355409,raise_minus_call,580,10.061238016107431,0.8862378883887523
repeat-old minus first-old,11,K2o,0.009055534566697113,call_minus_fold,619,-0.22341526458087488,0.32040865848654687
repeat-old minus first-old,11,K2o,0.009055534566697113,raise_minus_fold,619,5.859299141023103,1.1834513959659592
repeat-old minus first-old,11,K2o,0.009055534566697113,raise_minus_call,619,6.082714405603977,1.1269385483712866
repeat-old minus first-old,12,A2o,0.008750471453727546,call_minus_fold,581,1.7000331014558394,0.4923700580974054
repeat-old minus first-old,12,A2o,0.008750471453727546,raise_minus_fold,581,4.00606537443052,1.1009571930071544
repeat-old minus first-old,12,A2o,0.008750471453727546,raise_minus_call,581,2.3060322729746803,1.0504358853782263
repeat-old minus first-old,13,32s,0.00317094900525911,call_minus_fold,197,0.5670761544161226,0.40583339910216615
repeat-old minus first-old,13,32s,0.00317094900525911,raise_minus_fold,197,7.570838629554936,1.2007723579428282
repeat-old minus first-old,13,32s,0.00317094900525911,raise_minus_call,197,7.003762475138814,1.318628664173562
repeat-old minus first-old,14,33,0.00474131789843658,call_minus_fold,334,0.02633213757038787,0.42363358888534175
repeat-old minus first-old,14,33,0.00474131789843658,raise_minus_fold,334,-3.9779172930317244,1.1851020088517545
repeat-old minus first-old,14,33,0.00474131789843658,raise_minus_call,334,-4.004249430602113,1.1382227050044786
repeat-old minus first-old,15,43o,0.009457166113881007,call_minus_fold,591,-0.6979839665619695,0.2569019492158937
repeat-old minus first-old,15,43o,0.009457166113881007,raise_minus_fold,591,8.590035356090759,0.877057749293714
repeat-old minus first-old,15,43o,0.009457166113881007,raise_minus_call,591,9.288019322652728,0.8742367103603116
repeat-old minus first-old,16,53o,0.009379629648889725,call_minus_fold,619,-0.5015606101408099,0.24107553005911073
repeat-old minus first-old,16,53o,0.009379629648889725,raise_minus_fold,619,0.6646983234079066,0.6564065270362233
repeat-old minus first-old,16,53o,0.009379629648889725,raise_minus_call,619,1.1662589335487166,0.6884794364336828
repeat-old minus first-old,17,63o,0.00937987656758616,call_minus_fold,601,-0.7807241998872924,0.33850324252803765
repeat-old minus first-old,17,63o,0.00937987656758616,raise_minus_fold,601,-0.28755258657898247,0.5966802740037972
repeat-old minus first-old,17,63o,0.00937987656758616,raise_minus_call,601,0.4931716133083101,0.637591014841545
repeat-old minus first-old,18,73o,0.009346561760138525,call_minus_fold,640,-0.49503630524746517,0.35093869075685497
repeat-old minus first-old,18,73o,0.009346561760138525,raise_minus_fold,640,-3.708249553918504,0.6698746995176326
repeat-old minus first-old,18,73o,0.009346561760138525,raise_minus_call,640,-3.213213248671039,0.7059292045260429
repeat-old minus first-old,19,83o,0.009312227661772707,call_minus_fold,588,-2.290345789769169,0.3849319367383293
repeat-old minus first-old,19,83o,0.009312227661772707,raise_minus_fold,588,8.634223798370266,0.9649724032164969
repeat-old minus first-old,19,83o,0.009312227661772707,raise_minus_call,588,10.924569588139436,0.9908075164615754
repeat-old minus first-old,20,93o,0.009246641620033112,call_minus_fold,608,-0.13004579915726455,0.23548836095979386
repeat-old minus first-old,20,93o,0.009246641620033112,raise_minus_fold,608,0.45784183136038364,0.6449800405500777
repeat-old minus first-old,20,93o,0.009246641620033112,raise_minus_call,608,0.5878876305176481,0.6548749528936544
repeat-old minus first-old,21,T3o,0.009205956292166879,call_minus_fold,589,-0.6921401733534414,0.35271737049983654
repeat-old minus first-old,21,T3o,0.009205956292166879,raise_minus_fold,589,3.245380834546278,1.1113102793474252
repeat-old minus first-old,21,T3o,0.009205956292166879,raise_minus_call,589,3.93752100789972,1.0523756059914318
repeat-old minus first-old,22,J3o,0.00918678371573703,call_minus_fold,640,2.8004372836446056,0.49272496952556916
repeat-old minus first-old,22,J3o,0.00918678371573703,raise_minus_fold,640,2.9836573194297835,0.6539287219794315
repeat-old minus first-old,22,J3o,0.00918678371573703,raise_minus_call,640,0.183220035785178,0.7279614304812434
repeat-old minus first-old,23,Q3o,0.009096134702934562,call_minus_fold,606,-4.535877654780971,0.736947084617351
repeat-old minus first-old,23,Q3o,0.009096134702934562,raise_minus_fold,606,2.2236842251451194,0.6968441325348168
repeat-old minus first-old,23,Q3o,0.009096134702934562,raise_minus_call,606,6.75956187992609,0.9877187220539909
repeat-old minus first-old,24,K3o,0.009006058986276266,call_minus_fold,578,-0.20721323475140832,0.32048464638364527
repeat-old minus first-old,24,K3o,0.009006058986276266,raise_minus_fold,578,7.1794428854380286,0.7603864398650838
repeat-old minus first-old,24,K3o,0.009006058986276266,raise_minus_call,578,7.3866561201894365,0.7508161325112783
repeat-old minus first-old,25,A3o,0.00871117416475761,call_minus_fold,564,0.6354910114261191,0.38358075490594157
repeat-old minus first-old,25,A3o,0.00871117416475761,raise_minus_fold,564,-0.9241319494565774,0.9756051665319435
repeat-old minus first-old,25,A3o,0.00871117416475761,raise_minus_call,564,-1.5596229608826964,0.9515727386545596
repeat-old minus first-old,26,42s,0.0031688804832390063,call_minus_fold,218,0.15831750221490135,0.43087152906771636
repeat-old minus first-old,26,42s,0.0031688804832390063,raise_minus_fold,218,2.122997683002667,0.9857447424772249
repeat-old minus first-old,26,42s,0.0031688804832390063,raise_minus_call,218,1.9646801807877654,1.0558948929320457
repeat-old minus first-old,27,43s,0.0031523886235230235,call_minus_fold,234,-1.0004928053780782,0.5779781158216093
repeat-old minus first-old,27,43s,0.0031523886235230235,raise_minus_fold,234,4.633872131114969,1.6118102399190593
repeat-old minus first-old,27,43s,0.0031523886235230235,raise_minus_call,234,5.634364936493047,1.421142218079951
repeat-old minus first-old,28,44,0.004735112089351418,call_minus_fold,323,0.12294776966269969,0.5260374945817878
repeat-old minus first-old,28,44,0.004735112089351418,raise_minus_fold,323,-0.08021782062334046,1.009104377448467
repeat-old minus first-old,28,44,0.004735112089351418,raise_minus_call,323,-0.20316559028604012,1.0260027754443504
repeat-old minus first-old,29,54o,0.00937342408266976,call_minus_fold,621,-0.5112104399791838,0.3056806030519515
repeat-old minus first-old,29,54o,0.00937342408266976,raise_minus_fold,621,1.514119269492031,0.6592140850446943
repeat-old minus first-old,29,54o,0.00937342408266976,raise_minus_call,621,2.025329709471215,0.695400640655376
repeat-old minus first-old,30,64o,0.009373671001366192,call_minus_fold,579,-0.09046715780815942,0.3979376530955972
repeat-old minus first-old,30,64o,0.009373671001366192,raise_minus_fold,579,0.46385062465415355,0.6925028888887472
repeat-old minus first-old,30,64o,0.009373671001366192,raise_minus_call,579,0.5543177824623129,0.6991704539709226
repeat-old minus first-old,31,74o,0.00934035619391856,call_minus_fold,611,1.6208990832260548,0.3936876910835014
repeat-old minus first-old,31,74o,0.00934035619391856,raise_minus_fold,611,5.044774476161988,0.9165318874746203
repeat-old minus first-old,31,74o,0.00934035619391856,raise_minus_call,611,3.423875392935934,0.8168984189897571
repeat-old minus first-old,32,84o,0.009306022095552742,call_minus_fold,613,-0.22501605162202212,0.2951328521019999
repeat-old minus first-old,32,84o,0.009306022095552742,raise_minus_fold,613,-0.2633014814276702,0.9313051769701599
repeat-old minus first-old,32,84o,0.009306022095552742,raise_minus_call,613,-0.03828542980564809,0.906623436971654
repeat-old minus first-old,33,94o,0.009240436053813146,call_minus_fold,611,-0.5405256541677893,0.29659296510100797
repeat-old minus first-old,33,94o,0.009240436053813146,raise_minus_fold,611,1.0616906404726882,0.8486467908063223
repeat-old minus first-old,33,94o,0.009240436053813146,raise_minus_call,611,1.6022162946404774,0.8438032666226828
repeat-old minus first-old,34,T4o,0.009199750725946912,call_minus_fold,557,3.276712327735662,0.5344078113701232
repeat-old minus first-old,34,T4o,0.009199750725946912,raise_minus_fold,557,4.124554158434712,1.2222011215196504
repeat-old minus first-old,34,T4o,0.009199750725946912,raise_minus_call,557,0.8478418306990507,1.2857225866365152
repeat-old minus first-old,35,J4o,0.009180578149517064,call_minus_fold,625,0.24485860354669725,0.22418085441819627
repeat-old minus first-old,35,J4o,0.009180578149517064,raise_minus_fold,625,-6.607974187688533,0.8852673180249847
repeat-old minus first-old,35,J4o,0.009180578149517064,raise_minus_call,625,-6.85283279123523,0.8349656541020375
repeat-old minus first-old,36,Q4o,0.009089929136714596,call_minus_fold,578,-0.46731286162627106,0.33223650092271956
repeat-old minus first-old,36,Q4o,0.009089929136714596,raise_minus_fold,578,-6.651676714630373,1.013014093577546
repeat-old minus first-old,36,Q4o,0.009089929136714596,raise_minus_call,578,-6.184363853004101,0.9939413605340939
repeat-old minus first-old,37,K4o,0.0089998534200563,call_minus_fold,598,-1.6924010139261574,0.5594379937423944
repeat-old minus first-old,37,K4o,0.0089998534200563,raise_minus_fold,598,0.6774204776137424,0.6411018446812502
repeat-old minus first-old,37,K4o,0.0089998534200563,raise_minus_call,598,2.3698214915399,0.7528610744381391
repeat-old minus first-old,38,A4o,0.008706783739295723,call_minus_fold,553,0.6529621364214737,0.5400105013342585
repeat-old minus first-old,38,A4o,0.008706783739295723,raise_minus_fold,553,6.119371484904579,0.736361837661713
repeat-old minus first-old,38,A4o,0.008706783739295723,raise_minus_call,553,5.466409348483106,0.7969552550103705
repeat-old minus first-old,39,52s,0.0031430349955735267,call_minus_fold,218,8.438935452739058,1.4750197430759264
repeat-old minus first-old,39,52s,0.0031430349955735267,raise_minus_fold,218,-1.1228815644412993,1.5258795785193409
repeat-old minus first-old,39,52s,0.0031430349955735267,raise_minus_call,218,-9.561817017180358,2.109288231490031
repeat-old minus first-old,40,53s,0.0031265820393601806,call_minus_fold,185,-2.076251848082847,0.7932428188398422
repeat-old minus first-old,40,53s,0.0031265820393601806,raise_minus_fold,185,-4.551064995503517,1.58728089256862
repeat-old minus first-old,40,53s,0.0031265820393601806,raise_minus_call,185,-2.47481314742067,1.4060810593201163
repeat-old minus first-old,41,54s,0.0031308951109540934,call_minus_fold,203,3.381136690241117,1.0578781974524032
repeat-old minus first-old,41,54s,0.0031308951109540934,raise_minus_fold,203,1.567814674773614,1.5987157135870333
repeat-old minus first-old,41,54s,0.0031308951109540934,raise_minus_call,203,-1.8133220154675027,1.872901808963855
repeat-old minus first-old,42,55,0.004657575877138198,call_minus_fold,316,0.3653680433111052,0.6873205148066357
repeat-old minus first-old,42,55,0.004657575877138198,raise_minus_fold,316,1.55047201438129,1.8164203875490408
repeat-old minus first-old,42,55,0.004657575877138198,raise_minus_call,316,1.185103971070185,1.7590062015387424
repeat-old minus first-old,43,65o,0.00929613453637491,call_minus_fold,637,-0.20540267581402466,0.2368962968453258
repeat-old minus first-old,43,65o,0.00929613453637491,raise_minus_fold,637,-6.59844784292404,0.7195963829171353
repeat-old minus first-old,43,65o,0.00929613453637491,raise_minus_call,637,-6.3930451671100155,0.6824973048366668
repeat-old minus first-old,44,75o,0.009262819728927278,call_minus_fold,616,-1.6725833627939766,0.5006084897464979
repeat-old minus first-old,44,75o,0.009262819728927278,raise_minus_fold,616,0.758753310437592,1.0359346857545446
repeat-old minus first-old,44,75o,0.009262819728927278,raise_minus_call,616,2.431336673231568,1.1675217580921
repeat-old minus first-old,45,85o,0.00922848563056146,call_minus_fold,584,0.2816727583504745,0.28946169749820005
repeat-old minus first-old,45,85o,0.00922848563056146,raise_minus_fold,584,1.6661063615004141,0.5678519165588991
repeat-old minus first-old,45,85o,0.00922848563056146,raise_minus_call,584,1.3844336031499398,0.6027881918463698
repeat-old minus first-old,46,95o,0.009162899588821865,call_minus_fold,554,-0.09643806139153363,0.30767872232835436
repeat-old minus first-old,46,95o,0.009162899588821865,raise_minus_fold,554,0.3675685240128367,0.7970595026647158
repeat-old minus first-old,46,95o,0.009162899588821865,raise_minus_call,554,0.46400658540437034,0.7491404242674051
repeat-old minus first-old,47,T5o,0.00912221426095563,call_minus_fold,603,0.08006477752602842,0.28115370527765665
repeat-old minus first-old,47,T5o,0.00912221426095563,raise_minus_fold,603,3.5495013713380072,0.7116270225585636
repeat-old minus first-old,47,T5o,0.00912221426095563,raise_minus_call,603,3.469436593811979,0.7302617601607782
repeat-old minus first-old,48,J5o,0.009103041684525784,call_minus_fold,584,-0.15021683717536394,0.2445509034602743
repeat-old minus first-old,48,J5o,0.009103041684525784,raise_minus_fold,584,-4.33693898467535,0.8146042835735029
repeat-old minus first-old,48,J5o,0.009103041684525784,raise_minus_call,584,-4.186722147499985,0.813571898799458
repeat-old minus first-old,49,Q5o,0.009012392671723315,call_minus_fold,604,-0.4360618773265206,0.2718234403525795
repeat-old minus first-old,49,Q5o,0.009012392671723315,raise_minus_fold,604,-5.246941474953938,0.7593783354457078
repeat-old minus first-old,49,Q5o,0.009012392671723315,raise_minus_call,604,-4.810879597627418,0.7294374329027173
repeat-old minus first-old,50,K5o,0.008922321679882108,call_minus_fold,596,0.13426388005505574,0.2154248670751286
repeat-old minus first-old,50,K5o,0.008922321679882108,raise_minus_fold,596,5.462327400454447,1.345025652828328
repeat-old minus first-old,50,K5o,0.008922321679882108,raise_minus_call,596,5.3280635203993905,1.3433370204263868
repeat-old minus first-old,51,A5o,0.008629658602692861,call_minus_fold,613,-0.7984406677165642,0.37771383554053667
repeat-old minus first-old,51,A5o,0.008629658602692861,raise_minus_fold,613,-0.7634744403550869,1.083247567278847
repeat-old minus first-old,51,A5o,0.008629658602692861,raise_minus_call,613,0.03496622736147718,1.0899822128003405
repeat-old minus first-old,52,62s,0.003143117301803553,call_minus_fold,186,-2.0405634478834993,1.7373000729166608
repeat-old minus first-old,52,62s,0.003143117301803553,raise_minus_fold,186,6.9600714228789435,1.6137759292008442
repeat-old minus first-old,52,62s,0.003143117301803553,raise_minus_call,186,9.000634870762443,2.364895488191469
repeat-old minus first-old,53,63s,0.00312662544208757,call_minus_fold,208,1.669850295772512,0.5316606084694139
repeat-old minus first-old,53,63s,0.00312662544208757,raise_minus_fold,208,-0.41927592792120616,1.7865227917222752
repeat-old minus first-old,53,63s,0.00312662544208757,raise_minus_call,208,-2.089126223693718,1.8598047552955828
repeat-old minus first-old,54,64s,0.003124612815858345,call_minus_fold,218,1.1716192434720192,0.44208833516564944
repeat-old minus first-old,54,64s,0.003124612815858345,raise_minus_fold,218,-5.758473876150894,1.3465663937854275
repeat-old minus first-old,54,64s,0.003124612815858345,raise_minus_call,218,-6.930093119622913,1.311635485369235
repeat-old minus first-old,55,65s,0.003105130327599686,call_minus_fold,199,-8.193915410463562,1.7549376977441438
repeat-old minus first-old,55,65s,0.003105130327599686,raise_minus_fold,199,7.9017735367473145,1.2028070883743063
repeat-old minus first-old,55,65s,0.003105130327599686,raise_minus_call,199,16.095688947210878,2.3143737545724328
repeat-old minus first-old,56,66,0.004657822776008899,call_minus_fold,320,1.0115501960319027,0.6137140805583557
repeat-old minus first-old,56,66,0.004657822776008899,raise_minus_fold,320,-2.683199170997338,0.8014896885475432
repeat-old minus first-old,56,66,0.004657822776008899,raise_minus_call,320,-3.694749367029241,0.9963170215026722
repeat-old minus first-old,57,76o,0.009263066647623712,call_minus_fold,646,-1.416299007758179,0.3957107086996831
repeat-old minus first-old,57,76o,0.009263066647623712,raise_minus_fold,646,4.454792020467501,1.1991884718832828
repeat-old minus first-old,57,76o,0.009263066647623712,raise_minus_call,646,5.871091028225679,1.2025089006178897
repeat-old minus first-old,58,86o,0.009228732549257894,call_minus_fold,609,-5.377525296893441,0.7252177128848037
repeat-old minus first-old,58,86o,0.009228732549257894,raise_minus_fold,609,0.8719998704538714,0.9515511489238458
repeat-old minus first-old,58,86o,0.009228732549257894,raise_minus_call,609,6.249525167347311,1.1030036398038796
repeat-old minus first-old,59,96o,0.009163146507518297,call_minus_fold,602,-0.035908555864779666,0.27259882180815237
repeat-old minus first-old,59,96o,0.009163146507518297,raise_minus_fold,602,0.3974192399062245,0.6369645900931524
repeat-old minus first-old,59,96o,0.009163146507518297,raise_minus_call,602,0.4333277957710043,0.6476119053546031
repeat-old minus first-old,60,T6o,0.009122461179652064,call_minus_fold,603,-0.8003372921875037,0.3888534028503867
repeat-old minus first-old,60,T6o,0.009122461179652064,raise_minus_fold,603,0.07493746733636591,0.6100038140041368
repeat-old minus first-old,60,T6o,0.009122461179652064,raise_minus_call,603,0.8752747595238697,0.6309022525562547
repeat-old minus first-old,61,J6o,0.009103288603222215,call_minus_fold,559,-0.5249685457122757,0.4024739906912182
repeat-old minus first-old,61,J6o,0.009103288603222215,raise_minus_fold,559,-9.533575278172105,1.080221308689966
repeat-old minus first-old,61,J6o,0.009103288603222215,raise_minus_call,559,-9.00860673245983,1.021136880152771
repeat-old minus first-old,62,Q6o,0.009012639590419749,call_minus_fold,545,-0.071933529054881,0.3082075680597484
repeat-old minus first-old,62,Q6o,0.009012639590419749,raise_minus_fold,545,-6.804932049674569,1.2941271826495306
repeat-old minus first-old,62,Q6o,0.009012639590419749,raise_minus_call,545,-6.732998520619688,1.2830283779591962
repeat-old minus first-old,63,K6o,0.008922569928609137,call_minus_fold,546,-0.995059895941047,0.34586414898380646
repeat-old minus first-old,63,K6o,0.008922569928609137,raise_minus_fold,546,8.225174570930825,1.5343488484608572
repeat-old minus first-old,63,K6o,0.008922569928609137,raise_minus_call,546,9.22023446687187,1.5723609068567352
repeat-old minus first-old,64,A6o,0.008629688899514034,call_minus_fold,546,-0.07928955646155104,0.4171251226060063
repeat-old minus first-old,64,A6o,0.008629688899514034,raise_minus_fold,546,1.5654981189602608,1.1645329055299694
repeat-old minus first-old,64,A6o,0.008629688899514034,raise_minus_call,546,1.6447876754218118,1.1193876704324563
repeat-old minus first-old,65,72s,0.0031320123662733814,call_minus_fold,205,-0.0727520969386874,0.49274225204184385
repeat-old minus first-old,65,72s,0.0031320123662733814,raise_minus_fold,205,-3.852211892595611,1.7320534129606795
repeat-old minus first-old,65,72s,0.0031320123662733814,raise_minus_call,205,-3.779459795656923,1.7283795091445306
repeat-old minus first-old,66,73s,0.003115520506557398,call_minus_fold,213,0.40176784136296095,0.4706444739153323
repeat-old minus first-old,66,73s,0.003115520506557398,raise_minus_fold,213,0.1374162169796349,1.0909393485844427
repeat-old minus first-old,66,73s,0.003115520506557398,raise_minus_call,213,-0.264351624383326,0.8858951108984725
repeat-old minus first-old,67,74s,0.0031134519845372947,call_minus_fold,231,-5.720005626733264,1.4617290610101221
repeat-old minus first-old,67,74s,0.0031134519845372947,raise_minus_fold,231,-8.626394098471469,1.294828351303354
repeat-old minus first-old,67,74s,0.0031134519845372947,raise_minus_call,231,-2.9063884717382056,1.3643054838501436
repeat-old minus first-old,68,75s,0.0030925460922791082,call_minus_fold,214,-0.88708766726228,0.5478868858776238
repeat-old minus first-old,68,75s,0.0030925460922791082,raise_minus_fold,214,1.0462010843651557,1.6795655051816503
repeat-old minus first-old,68,75s,0.0030925460922791082,raise_minus_call,214,1.9332887516274355,1.6272803178554998
repeat-old minus first-old,69,76s,0.003094107729029421,call_minus_fold,209,-0.15002958742126382,0.5621430995586181
repeat-old minus first-old,69,76s,0.003094107729029421,raise_minus_fold,209,5.085445980203307,1.973770087361126
repeat-old minus first-old,69,76s,0.003094107729029421,raise_minus_call,209,5.23547556762457,1.9668511603262375
repeat-old minus first-old,70,77,0.004624507869432617,call_minus_fold,325,-0.6374464920762517,0.8864213508668983
repeat-old minus first-old,70,77,0.004624507869432617,raise_minus_fold,325,3.1202520154063613,1.7732370006967981
repeat-old minus first-old,70,77,0.004624507869432617,raise_minus_call,325,3.7576985074826132,1.4688704559014416
repeat-old minus first-old,71,87o,0.009195417741810262,call_minus_fold,584,1.6105611734180525,0.5100322753851394
repeat-old minus first-old,71,87o,0.009195417741810262,raise_minus_fold,584,2.8982463931003304,1.1051106339696462
repeat-old minus first-old,71,87o,0.009195417741810262,raise_minus_call,584,1.287685219682278,0.9944883352415007
repeat-old minus first-old,72,97o,0.009129831700070664,call_minus_fold,628,-3.8167037207020758,0.6134537240904792
repeat-old minus first-old,72,97o,0.009129831700070664,raise_minus_fold,628,2.728246495287026,0.7705683544937912
repeat-old minus first-old,72,97o,0.009129831700070664,raise_minus_call,628,6.544950215989102,0.9487336547141076
repeat-old minus first-old,73,T7o,0.009089146372204432,call_minus_fold,592,-0.15269223094847614,0.3282912430233885
repeat-old minus first-old,73,T7o,0.009089146372204432,raise_minus_fold,592,6.763536466428611,0.7205462632584023
repeat-old minus first-old,73,T7o,0.009089146372204432,raise_minus_call,592,6.916228697377087,0.6891205235219867
repeat-old minus first-old,74,J7o,0.009069973795774582,call_minus_fold,561,-0.2810637334235838,0.25052731871865214
repeat-old minus first-old,74,J7o,0.009069973795774582,raise_minus_fold,561,-5.453271819214154,0.8225668240258097
repeat-old minus first-old,74,J7o,0.009069973795774582,raise_minus_call,561,-5.1722080857905715,0.8285271247908981
repeat-old minus first-old,75,Q7o,0.008979324782972116,call_minus_fold,560,-0.49723206559369715,0.30303937681691995
repeat-old minus first-old,75,Q7o,0.008979324782972116,raise_minus_fold,560,0.5861674713783736,0.6641844910225477
repeat-old minus first-old,75,Q7o,0.008979324782972116,raise_minus_call,560,1.0833995369720706,0.6873984036210123
repeat-old minus first-old,76,K7o,0.008889249585588644,call_minus_fold,634,-1.972356796758219,0.6221837422717339
repeat-old minus first-old,76,K7o,0.008889249585588644,raise_minus_fold,634,-5.360888735011145,0.8012642042764514
repeat-old minus first-old,76,K7o,0.008889249585588644,raise_minus_call,634,-3.388531938252927,0.9144606666574621
repeat-old minus first-old,77,A7o,0.008596451115028006,call_minus_fold,556,-0.23991847148802278,0.4530037050897347
repeat-old minus first-old,77,A7o,0.008596451115028006,raise_minus_fold,556,-1.1854206634380045,1.328656458124954
repeat-old minus first-old,77,A7o,0.008596451115028006,raise_minus_call,556,-0.9455021919499819,1.2904347891794132
repeat-old minus first-old,78,82s,0.003120567667112555,call_minus_fold,192,-9.614078795794992,1.795591709354514
repeat-old minus first-old,78,82s,0.003120567667112555,raise_minus_fold,192,-1.8342217755620716,1.5013468590786914
repeat-old minus first-old,78,82s,0.003120567667112555,raise_minus_call,192,7.77985702023292,1.7799105559473518
repeat-old minus first-old,79,83s,0.0031040758073965723,call_minus_fold,219,-5.9739482340585175,1.1263583271971203
repeat-old minus first-old,79,83s,0.0031040758073965723,raise_minus_fold,219,5.514685215582816,1.005595521776683
repeat-old minus first-old,79,83s,0.0031040758073965723,raise_minus_call,219,11.488633449641334,1.7439745231597967
repeat-old minus first-old,80,84s,0.0031020072853764685,call_minus_fold,189,-0.627943164062989,0.7930143885701857
repeat-old minus first-old,80,84s,0.0031020072853764685,raise_minus_fold,189,4.839579151999722,1.6591097491242182
repeat-old minus first-old,80,84s,0.0031020072853764685,raise_minus_call,189,5.46752231606271,1.5814893744224374
repeat-old minus first-old,81,85s,0.0030766711611621336,call_minus_fold,196,-0.3410072324166769,0.6031389806754002
repeat-old minus first-old,81,85s,0.0030766711611621336,raise_minus_fold,196,-0.41491280568400346,1.3669529173639259
repeat-old minus first-old,81,85s,0.0030766711611621336,raise_minus_call,196,-0.07390557326732652,1.471310554866964
repeat-old minus first-old,82,86s,0.0030826649524687264,call_minus_fold,193,-0.07086656706491912,0.544143816203682
repeat-old minus first-old,82,86s,0.0030826649524687264,raise_minus_fold,193,-1.954913189144566,1.9001255477456427
repeat-old minus first-old,82,86s,0.0030826649524687264,raise_minus_call,193,-1.884046622079647,1.7087920383320756
repeat-old minus first-old,83,87s,0.003071559958948295,call_minus_fold,205,0.4544331861548095,0.7149172975884459
repeat-old minus first-old,83,87s,0.003071559958948295,raise_minus_fold,205,-2.689785378948828,1.0260304458852605
repeat-old minus first-old,83,87s,0.003071559958948295,raise_minus_call,205,-3.1442185651036376,1.2406645319426426
repeat-old minus first-old,84,88,0.004590173593626515,call_minus_fold,311,1.545133282076962,1.308552951022324
repeat-old minus first-old,84,88,0.004590173593626515,raise_minus_fold,311,-0.6512647573081453,2.2833239722460155
repeat-old minus first-old,84,88,0.004590173593626515,raise_minus_call,311,-2.1963980393851075,2.1531112957083995
repeat-old minus first-old,85,98o,0.009095536099493505,call_minus_fold,644,-5.3948754111879325,0.8547925891462733
repeat-old minus first-old,85,98o,0.009095536099493505,raise_minus_fold,644,-3.7455632249925217,1.050659034103884
repeat-old minus first-old,85,98o,0.009095536099493505,raise_minus_call,644,1.6493121861954108,1.2457320118768347
repeat-old minus first-old,86,T8o,0.009054823459607524,call_minus_fold,597,-0.23008794581469677,0.4486072557034735
repeat-old minus first-old,86,T8o,0.009054823459607524,raise_minus_fold,597,2.7320204676158024,0.7071976538071492
repeat-old minus first-old,86,T8o,0.009054823459607524,raise_minus_call,597,2.9621084134304994,0.7772949008667818
repeat-old minus first-old,87,J8o,0.009035639697408766,call_minus_fold,613,-0.2920978001875549,0.3792452904731817
repeat-old minus first-old,87,J8o,0.009035639697408766,raise_minus_fold,613,-1.3771733667670856,0.9309426361661916
repeat-old minus first-old,87,J8o,0.009035639697408766,raise_minus_call,613,-1.0850755665795304,0.8367414266080538
repeat-old minus first-old,88,Q8o,0.008944991632856244,call_minus_fold,581,-4.291109348343995,0.7766413730108432
repeat-old minus first-old,88,Q8o,0.008944991632856244,raise_minus_fold,581,-3.0714198962726473,0.9733287152321174
repeat-old minus first-old,88,Q8o,0.008944991632856244,raise_minus_call,581,1.2196894520713477,1.179466414806588
repeat-old minus first-old,89,K8o,0.008870288926542031,call_minus_fold,602,0.16154983879456744,0.3550559620674496
repeat-old minus first-old,89,K8o,0.008870288926542031,raise_minus_fold,602,6.445226852189958,0.926624481788016
repeat-old minus first-old,89,K8o,0.008870288926542031,raise_minus_call,602,6.2836770133953905,0.8925981784602692
repeat-old minus first-old,90,A8o,0.008562270572889864,call_minus_fold,560,1.2127314817829413,0.4688446855743349
repeat-old minus first-old,90,A8o,0.008562270572889864,raise_minus_fold,560,-4.377653064645974,1.2092877388991117
repeat-old minus first-old,90,A8o,0.008562270572889864,raise_minus_call,560,-5.590384546428915,1.18031842289194
repeat-old minus first-old,91,92s,0.0030987056537618175,call_minus_fold,209,0.4504107145684297,0.38739012632556563
repeat-old minus first-old,91,92s,0.0030987056537618175,raise_minus_fold,209,5.918230044397601,1.5415346861401324
repeat-old minus first-old,91,92s,0.0030987056537618175,raise_minus_call,209,5.46781932982917,1.502420171280083
repeat-old minus first-old,92,93s,0.003082213794045835,call_minus_fold,202,0.09936714171943219,0.39750103234964435
repeat-old minus first-old,92,93s,0.003082213794045835,raise_minus_fold,202,-3.711348013384747,1.3763410904921898
repeat-old minus first-old,92,93s,0.003082213794045835,raise_minus_call,202,-3.8107151551041794,1.4599868503881512
repeat-old minus first-old,93,94s,0.003080145272025731,call_minus_fold,198,-2.1318935183066356,0.8710862866357035
repeat-old minus first-old,93,94s,0.003080145272025731,raise_minus_fold,198,-6.381690366759558,1.19560950117016
repeat-old minus first-old,93,94s,0.003080145272025731,raise_minus_call,198,-4.249796848452922,1.2187826059147022
repeat-old minus first-old,94,95s,0.0030551849830528464,call_minus_fold,178,-0.2769126326736457,0.4264842021921134
repeat-old minus first-old,94,95s,0.0030551849830528464,raise_minus_fold,178,-0.0006522420844509445,0.9879509374808944
repeat-old minus first-old,94,95s,0.0030551849830528464,raise_minus_call,178,0.2762603905891947,1.1080528255536901
repeat-old minus first-old,95,96s,0.003060802798850952,call_minus_fold,192,0.7264541011759292,0.4238452895130096
repeat-old minus first-old,95,96s,0.003060802798850952,raise_minus_fold,192,-4.718395011759544,2.09422371451365
repeat-old minus first-old,95,96s,0.003060802798850952,raise_minus_call,192,-5.444849112935472,2.0408265853155156
repeat-old minus first-old,96,97s,0.0030496971044909785,call_minus_fold,202,0.7847834822662977,0.5120530477484986
repeat-old minus first-old,96,97s,0.0030496971044909785,raise_minus_fold,202,-0.4934816807372112,1.9980899537582297
repeat-old minus first-old,96,97s,0.0030496971044909785,raise_minus_call,202,-1.2782651630035087,1.9101746497308099
repeat-old minus first-old,97,98s,0.003038252900973393,call_minus_fold,196,0.8002172593339891,0.9146912887650466
repeat-old minus first-old,97,98s,0.003038252900973393,raise_minus_fold,196,0.32589341434517993,1.206005531737674
repeat-old minus first-old,97,98s,0.003038252900973393,raise_minus_call,196,-0.4743238449888089,1.3228741262032655
repeat-old minus first-old,98,99,0.004524587518183176,call_minus_fold,305,-2.3060022680528673,0.953337747123073
repeat-old minus first-old,98,99,0.004524587518183176,raise_minus_fold,305,7.316805739430661,2.156396277231833
repeat-old minus first-old,98,99,0.004524587518183176,raise_minus_call,305,9.622808007483528,2.332483784999381
repeat-old minus first-old,99,T9o,0.008989226232099018,call_minus_fold,599,4.736538450020937,0.6708567800834886
repeat-old minus first-old,99,T9o,0.008989226232099018,raise_minus_fold,599,-7.363237697605011,1.2017989289039042
repeat-old minus first-old,99,T9o,0.008989226232099018,raise_minus_call,599,-12.099776147625947,1.5008436187361565
repeat-old minus first-old,100,J9o,0.00897005864301116,call_minus_fold,596,-0.6967927219014939,0.37233650444435046
repeat-old minus first-old,100,J9o,0.00897005864301116,raise_minus_fold,596,-1.2077942037018843,0.6811456629902053
repeat-old minus first-old,100,J9o,0.00897005864301116,raise_minus_call,596,-0.5110014818003905,0.6974794420191398
repeat-old minus first-old,101,Q9o,0.008897074213832389,call_minus_fold,551,0.16749950494711927,0.44266453075726336
repeat-old minus first-old,101,Q9o,0.008897074213832389,raise_minus_fold,551,6.326276165452579,0.797648943261449
repeat-old minus first-old,101,Q9o,0.008897074213832389,raise_minus_call,551,6.158776660505461,0.7912522278851521
repeat-old minus first-old,102,K9o,0.008808510962475227,call_minus_fold,576,0.12677462327542355,0.4210091814107305
repeat-old minus first-old,102,K9o,0.008808510962475227,raise_minus_fold,576,-6.0259689560434255,1.5293491219812962
repeat-old minus first-old,102,K9o,0.008808510962475227,raise_minus_call,576,-6.152743579318849,1.4303509228472768
repeat-old minus first-old,103,A9o,0.00849669870654732,call_minus_fold,576,0.2878485381565221,0.5454963367407161
repeat-old minus first-old,103,A9o,0.00849669870654732,raise_minus_fold,576,0.7002099597474333,1.4134679261716516
repeat-old minus first-old,103,A9o,0.00849669870654732,raise_minus_call,576,0.41236142159091116,1.4253663594845134
repeat-old minus first-old,104,T2s,0.003085143878155321,call_minus_fold,234,-2.197261951570145,0.6695356373663266
repeat-old minus first-old,104,T2s,0.003085143878155321,raise_minus_fold,234,2.0836326786284363,2.489583336985471
repeat-old minus first-old,104,T2s,0.003085143878155321,raise_minus_call,234,4.280894630198581,2.4575454152867877
repeat-old minus first-old,105,T3s,0.003068652018439338,call_minus_fold,207,-0.7309026839779477,0.8895683744858581
repeat-old minus first-old,105,T3s,0.003068652018439338,raise_minus_fold,207,-2.0127173982769735,1.198205921175995
repeat-old minus first-old,105,T3s,0.003068652018439338,raise_minus_call,207,-1.281814714299026,0.9918242838587542
repeat-old minus first-old,106,T4s,0.003066583496419234,call_minus_fold,209,-0.8982379982298502,0.530119147271774
repeat-old minus first-old,106,T4s,0.003066583496419234,raise_minus_fold,209,5.621068620326097,1.8372181465801005
repeat-old minus first-old,106,T4s,0.003066583496419234,raise_minus_call,209,6.519306618555947,1.9589366046429864
repeat-old minus first-old,107,T5s,0.003040740248649781,call_minus_fold,195,-0.20177103647106517,0.4730591951866435
repeat-old minus first-old,107,T5s,0.003040740248649781,raise_minus_fold,195,-1.4385321049032762,1.1963005220899483
repeat-old minus first-old,107,T5s,0.003040740248649781,raise_minus_call,195,-1.2367610684322112,1.299178615653731
repeat-old minus first-old,108,T6s,0.0030408203149837813,call_minus_fold,190,-0.39453969919119813,0.4779870803957724
repeat-old minus first-old,108,T6s,0.0030408203149837813,raise_minus_fold,190,-3.51722967187777,2.41413906069099
repeat-old minus first-old,108,T6s,0.0030408203149837813,raise_minus_call,190,-3.1226899726865716,2.317474636563826
repeat-old minus first-old,109,T7s,0.0030361325646821274,call_minus_fold,196,-0.6730094595490916,0.6101475872591159
repeat-old minus first-old,109,T7s,0.0030361325646821274,raise_minus_fold,196,5.101009817848289,1.1597265608627088
repeat-old minus first-old,109,T7s,0.0030361325646821274,raise_minus_call,196,5.774019277397381,1.2240690576352276
repeat-old minus first-old,110,T8s,0.003024691110993242,call_minus_fold,210,-0.09831437504382984,0.6375284943032016
repeat-old minus first-old,110,T8s,0.003024691110993242,raise_minus_fold,210,-1.1262141440937523,1.5899135767327008
repeat-old minus first-old,110,T8s,0.003024691110993242,raise_minus_call,210,-1.0278997690499223,1.479656535298421
repeat-old minus first-old,111,T9s,0.003002829561068935,call_minus_fold,199,-0.20513452163356397,0.3419548636409178
repeat-old minus first-old,111,T9s,0.003002829561068935,raise_minus_fold,199,-1.3953737497078438,1.4871832207352802
repeat-old minus first-old,111,T9s,0.003002829561068935,raise_minus_call,199,-1.1902392280742797,1.4555644650895185
repeat-old minus first-old,112,TT,0.004483901867157541,call_minus_fold,292,0.11801164278787553,0.34853345371551986
repeat-old minus first-old,112,TT,0.004483901867157541,raise_minus_fold,292,-0.06080975025786345,1.5661668104855677
repeat-old minus first-old,112,TT,0.004483901867157541,raise_minus_call,292,-0.17882139304573885,1.4973299481759805
repeat-old minus first-old,113,JTo,0.008948627684417313,call_minus_fold,540,1.1441714139576158,0.44493271052218075
repeat-old minus first-old,113,JTo,0.008948627684417313,raise_minus_fold,540,-4.575138790061924,1.179728197994912
repeat-old minus first-old,113,JTo,0.008948627684417313,raise_minus_call,540,-5.71931020401954,1.1087357629724788
repeat-old minus first-old,114,QTo,0.008857952729646955,call_minus_fold,588,-0.22258851305856914,0.4267082134271531
repeat-old minus first-old,114,QTo,0.008857952729646955,raise_minus_fold,588,8.206684038651485,1.1076115485648705
repeat-old minus first-old,114,QTo,0.008857952729646955,raise_minus_call,588,8.429272551710053,0.9838556752953848
repeat-old minus first-old,115,KTo,0.008767899905759253,call_minus_fold,621,-0.7110188665549103,0.39032835444353575
repeat-old minus first-old,115,KTo,0.008767899905759253,raise_minus_fold,621,5.300384855214584,0.8023655322421274
repeat-old minus first-old,115,KTo,0.008767899905759253,raise_minus_call,621,6.0114037217694944,0.8467080556763662
repeat-old minus first-old,116,ATo,0.008456018424329408,call_minus_fold,503,-0.5098615864718573,0.4713552149643216
repeat-old minus first-old,116,ATo,0.008456018424329408,raise_minus_fold,503,-2.32420027131358,1.3870185078746669
repeat-old minus first-old,116,ATo,0.008456018424329408,raise_minus_call,503,-1.814338684841723,1.2996291652694267
repeat-old minus first-old,117,J2s,0.003078753019509794,call_minus_fold,197,3.5308528729087625,1.3030092006611953
repeat-old minus first-old,117,J2s,0.003078753019509794,raise_minus_fold,197,-2.371172225855435,1.6970868561398353
repeat-old minus first-old,117,J2s,0.003078753019509794,raise_minus_call,197,-5.902025098764197,2.0094968396143975
repeat-old minus first-old,118,J3s,0.0030622611597938116,call_minus_fold,177,0.4395747088913225,0.45764503697921444
repeat-old minus first-old,118,J3s,0.0030622611597938116,raise_minus_fold,177,2.0056166802182114,1.0128426129213515
repeat-old minus first-old,118,J3s,0.0030622611597938116,raise_minus_call,177,1.5660419713268885,1.0844111749302172
repeat-old minus first-old,119,J4s,0.0030601926377737078,call_minus_fold,198,0.5635549734915714,0.7304158581360294
repeat-old minus first-old,119,J4s,0.0030601926377737078,raise_minus_fold,198,3.2758196013131204,1.8486313702749517
repeat-old minus first-old,119,J4s,0.0030601926377737078,raise_minus_call,198,2.712264627821549,1.8410111745146633
repeat-old minus first-old,120,J5s,0.003040739542766197,call_minus_fold,181,-0.9722104463519903,0.6612494244059837
repeat-old minus first-old,120,J5s,0.003040739542766197,raise_minus_fold,181,-5.411579831148895,1.181696266703873
repeat-old minus first-old,120,J5s,0.003040739542766197,raise_minus_call,181,-4.439369384796905,1.2236213309957158
repeat-old minus first-old,121,J6s,0.0030344294563382545,call_minus_fold,204,-5.798977980619964,1.817456209594138
repeat-old minus first-old,121,J6s,0.0030344294563382545,raise_minus_fold,204,-5.469829825375638,1.0945553966107526
repeat-old minus first-old,121,J6s,0.0030344294563382545,raise_minus_call,204,0.32914815524432506,1.7746836202446712
repeat-old minus first-old,122,J7s,0.0030297342847703562,call_minus_fold,185,-0.3405576109719616,0.5527956021273335
repeat-old minus first-old,122,J7s,0.0030297342847703562,raise_minus_fold,185,-2.5760831946918517,2.2451246220845062
repeat-old minus first-old,122,J7s,0.0030297342847703562,raise_minus_call,185,-2.2355255837198897,2.1408783147465207
repeat-old minus first-old,123,J8s,0.0030183005204907085,call_minus_fold,196,0.015216593396725332,0.5016592245388123
repeat-old minus first-old,123,J8s,0.0030183005204907085,raise_minus_fold,196,-10.135212725912368,2.3162835624532465
repeat-old minus first-old,123,J8s,0.0030183005204907085,raise_minus_call,196,-10.150429319309094,2.397146026516046
repeat-old minus first-old,124,J9s,0.00299643869350183,call_minus_fold,198,-0.6088277431716103,0.4411488917045852
repeat-old minus first-old,124,J9s,0.00299643869350183,raise_minus_fold,198,-2.8669566017897075,1.167972836476062
repeat-old minus first-old,124,J9s,0.00299643869350183,raise_minus_call,198,-2.258128858618097,1.0603409156884473
repeat-old minus first-old,125,JTs,0.002982874835202435,call_minus_fold,200,-1.7308798126477998,0.63613588064823
repeat-old minus first-old,125,JTs,0.002982874835202435,raise_minus_fold,200,-4.011697742429276,1.85059573609876
repeat-old minus first-old,125,JTs,0.002982874835202435,raise_minus_call,200,-2.2808179297814757,1.819938671252492
repeat-old minus first-old,126,JJ,0.004464729101391971,call_minus_fold,324,-0.3408992629568477,0.3136680708844816
repeat-old minus first-old,126,JJ,0.004464729101391971,raise_minus_fold,324,0.1396153293571174,2.3011648232585156
repeat-old minus first-old,126,JJ,0.004464729101391971,raise_minus_call,324,0.48051459231396504,2.2731442230497825
repeat-old minus first-old,127,QJo,0.008838791741356376,call_minus_fold,582,0.4989655257572528,0.4334737844971833
repeat-old minus first-old,127,QJo,0.008838791741356376,raise_minus_fold,582,-7.187678552655771,1.2414386922035305
repeat-old minus first-old,127,QJo,0.008838791741356376,raise_minus_call,582,-7.686644078413023,1.248281508330066
repeat-old minus first-old,128,KJo,0.008748729593427788,call_minus_fold,561,0.953962097834031,0.4736129088322216
repeat-old minus first-old,128,KJo,0.008748729593427788,raise_minus_fold,561,3.7573892195941054,1.1492809122521233
repeat-old minus first-old,128,KJo,0.008748729593427788,raise_minus_call,561,2.8034271217600746,1.2084831656238733
repeat-old minus first-old,129,AJo,0.008436846232518724,call_minus_fold,544,0.9231833758258973,0.6007054509599996
repeat-old minus first-old,129,AJo,0.008436846232518724,raise_minus_fold,544,7.0926466264319155,1.4585076045564036
repeat-old minus first-old,129,AJo,0.008436846232518724,raise_minus_call,544,6.169463250606018,1.3538567968515798
repeat-old minus first-old,130,Q2s,0.003048589629748466,call_minus_fold,202,-0.8976721662851826,0.4799577940802832
repeat-old minus first-old,130,Q2s,0.003048589629748466,raise_minus_fold,202,-3.5705324033552857,1.1971363038334597
repeat-old minus first-old,130,Q2s,0.003048589629748466,raise_minus_call,202,-2.672860237070103,1.161745532773478
repeat-old minus first-old,131,Q3s,0.0030383263451918183,call_minus_fold,197,0.5208585009718272,0.5619053425082926
repeat-old minus first-old,131,Q3s,0.0030383263451918183,raise_minus_fold,197,2.1782623500084894,0.5947722675004388
repeat-old minus first-old,131,Q3s,0.0030383263451918183,raise_minus_call,197,1.6574038490366618,0.851746503302496
repeat-old minus first-old,132,Q4s,0.0030300838891443495,call_minus_fold,218,-0.014730699397482946,0.5638311719282743
repeat-old minus first-old,132,Q4s,0.0030300838891443495,raise_minus_fold,218,-4.331822174051876,1.9745333818657305
repeat-old minus first-old,132,Q4s,0.0030300838891443495,raise_minus_call,218,-4.317091474654393,1.8625638596611533
repeat-old minus first-old,133,Q5s,0.003010523121683423,call_minus_fold,204,0.002812845062528845,0.5735346717281903
repeat-old minus first-old,133,Q5s,0.003010523121683423,raise_minus_fold,204,3.5398928783316754,1.6479029835694332
repeat-old minus first-old,133,Q5s,0.003010523121683423,raise_minus_call,204,3.5370800332691466,1.7389634642511997
repeat-old minus first-old,134,Q6s,0.0030106108780065255,call_minus_fold,234,0.023043118386299615,0.5801492156300945
repeat-old minus first-old,134,Q6s,0.0030106108780065255,raise_minus_fold,234,-0.9771247356166608,1.6928818108797794
repeat-old minus first-old,134,Q6s,0.0030106108780065255,raise_minus_call,234,-1.0001678540029604,1.445144347609172
repeat-old minus first-old,135,Q7s,0.002999247818911184,call_minus_fold,179,0.3856781018583079,0.5896544851242862
repeat-old minus first-old,135,Q7s,0.002999247818911184,raise_minus_fold,179,4.494560610600409,1.6943070510734253
repeat-old minus first-old,135,Q7s,0.002999247818911184,raise_minus_call,179,4.108882508742101,1.5281370491186705
repeat-old minus first-old,136,Q8s,0.0029880834387154944,call_minus_fold,187,-0.07625723315033349,0.7663884067827824
repeat-old minus first-old,136,Q8s,0.0029880834387154944,raise_minus_fold,187,-4.262506142706688,1.2240377949092616
repeat-old minus first-old,136,Q8s,0.0029880834387154944,raise_minus_call,187,-4.186248909556355,1.1646626097501793
repeat-old minus first-old,137,Q9s,0.0029662224032688716,call_minus_fold,195,0.8554069779478792,0.8824350215370497
repeat-old minus first-old,137,Q9s,0.0029662224032688716,raise_minus_fold,195,0.2162561122929221,2.3248554409388262
repeat-old minus first-old,137,Q9s,0.0029662224032688716,raise_minus_call,195,-0.639150865654957,2.3288006540793322
repeat-old minus first-old,138,QTs,0.0029526608655711306,call_minus_fold,168,-0.3278341582748355,1.1067344486943334
repeat-old minus first-old,138,QTs,0.0029526608655711306,raise_minus_fold,168,3.4207546802626276,2.1055810029430146
repeat-old minus first-old,138,QTs,0.0029526608655711306,raise_minus_call,168,3.748588838537464,2.1678362774059146
repeat-old minus first-old,139,QJs,0.0029462700089081767,call_minus_fold,206,0.06576301989791793,1.063376600677132
repeat-old minus first-old,139,QJs,0.0029462700089081767,raise_minus_fold,206,5.292239100320213,1.903643333015697
repeat-old minus first-old,139,QJs,0.0029462700089081767,raise_minus_call,206,5.226476080422295,1.7923297315024227
repeat-old minus first-old,140,QQ,0.004374080308655107,call_minus_fold,278,5.53156202045128,1.8850286312374191
repeat-old minus first-old,140,QQ,0.004374080308655107,raise_minus_fold,278,4.229697135247496,2.350798963095819
repeat-old minus first-old,140,QQ,0.004374080308655107,raise_minus_call,278,-1.3018648852037837,2.820912971733598
repeat-old minus first-old,141,KQo,0.008658085069170625,call_minus_fold,560,-0.2820813369607616,0.4073940487093533
repeat-old minus first-old,141,KQo,0.008658085069170625,raise_minus_fold,560,-7.350282156518311,0.9843901494242652
repeat-old minus first-old,141,KQo,0.008658085069170625,raise_minus_call,560,-7.06820081955755,1.0042160976579504
repeat-old minus first-old,142,AQo,0.008346197677690622,call_minus_fold,565,-1.383814792383653,0.5021283550921759
repeat-old minus first-old,142,AQo,0.008346197677690622,raise_minus_fold,565,1.6154208358430417,1.4024084006703894
repeat-old minus first-old,142,AQo,0.008346197677690622,raise_minus_call,565,2.9992356282266948,1.2867040494243962
repeat-old minus first-old,143,K2s,0.0030248961572387077,call_minus_fold,192,-6.563078843785629,1.6274568833877714
repeat-old minus first-old,143,K2s,0.0030248961572387077,raise_minus_fold,192,-5.2454998112378615,2.209963035200561
repeat-old minus first-old,143,K2s,0.0030248961572387077,raise_minus_call,192,1.3175790325477668,2.0577788958000967
repeat-old minus first-old,144,K3s,0.003008434522343193,call_minus_fold,177,-3.768862591880028,1.1182184884268398
repeat-old minus first-old,144,K3s,0.003008434522343193,raise_minus_fold,177,-0.3322900723459278,1.2172462002209077
repeat-old minus first-old,144,K3s,0.003008434522343193,raise_minus_call,177,3.4365725195341006,1.5704935849627417
repeat-old minus first-old,145,K4s,0.0030063569944854033,call_minus_fold,218,0.06778238534761871,0.6237374901984283
repeat-old minus first-old,145,K4s,0.0030063569944854033,raise_minus_fold,218,7.897597726929039,1.5094134059627418
repeat-old minus first-old,145,K4s,0.0030063569944854033,raise_minus_call,218,7.82981534158142,1.4986274752394815
repeat-old minus first-old,146,K5s,0.002980524350918867,call_minus_fold,194,0.2988745576143559,0.5041599636247939
repeat-old minus first-old,146,K5s,0.002980524350918867,raise_minus_fold,194,-3.9780401867604986,1.7257442196624342
repeat-old minus first-old,146,K5s,0.002980524350918867,raise_minus_call,194,-4.276914744374855,1.6871756840834402
repeat-old minus first-old,147,K6s,0.0029806068083200817,call_minus_fold,188,-9.208570083169143,1.7803451183010155
repeat-old minus first-old,147,K6s,0.0029806068083200817,raise_minus_fold,188,5.91673389418546,1.0947949102043943
repeat-old minus first-old,147,K6s,0.0029806068083200817,raise_minus_call,188,15.125303977354601,2.228310740836718
repeat-old minus first-old,148,K7s,0.002969502618732987,call_minus_fold,192,-0.7173298757147165,0.6725340461304717
repeat-old minus first-old,148,K7s,0.002969502618732987,raise_minus_fold,192,-1.6707944248851003,1.814550497382528
repeat-old minus first-old,148,K7s,0.002969502618732987,raise_minus_call,192,-0.9534645491703841,1.6065077403948769
repeat-old minus first-old,149,K8s,0.0029580582045670247,call_minus_fold,194,-0.5614765884513745,0.5816579087243254
repeat-old minus first-old,149,K8s,0.0029580582045670247,raise_minus_fold,194,1.8650412159961844,0.855257175630818
repeat-old minus first-old,149,K8s,0.0029580582045670247,raise_minus_call,194,2.426517804447559,0.7625644403653148
repeat-old minus first-old,150,K9s,0.0029361969996104134,call_minus_fold,180,0.945955360337291,0.8350105629111911
repeat-old minus first-old,150,K9s,0.0029361969996104134,raise_minus_fold,180,4.243269738843089,2.130683841387971
repeat-old minus first-old,150,K9s,0.0029361969996104134,raise_minus_call,180,3.297314378505798,2.072299130363946
repeat-old minus first-old,151,KTs,0.0029226356056492116,call_minus_fold,186,-0.011443000113016997,0.7608743936664657
repeat-old minus first-old,151,KTs,0.0029226356056492116,raise_minus_fold,186,0.062301799855014724,1.7866014986309067
repeat-old minus first-old,151,KTs,0.0029226356056492116,raise_minus_call,186,0.0737447999680318,1.6386016684140987
repeat-old minus first-old,152,KJs,0.0029162448758709276,call_minus_fold,209,-2.681917045876919,1.1158375415739397
repeat-old minus first-old,152,KJs,0.0029162448758709276,raise_minus_fold,209,-4.702241017631034,1.897184070334222
repeat-old minus first-old,152,KJs,0.0029162448758709276,raise_minus_call,209,-2.020323971754115,1.6198969784555075
repeat-old minus first-old,153,KQs,0.0028860286010029094,call_minus_fold,175,-3.9067577163970197,1.1326584693590604
repeat-old minus first-old,153,KQs,0.0028860286010029094,raise_minus_fold,175,-2.6560759931389413,1.9929882654839666
repeat-old minus first-old,153,KQs,0.0028860286010029094,raise_minus_call,175,1.2506817232580785,1.6995686921691657
repeat-old minus first-old,154,KK,0.004284005053936323,call_minus_fold,279,1.3257978940131725,0.7274935607851007
repeat-old minus first-old,154,KK,0.004284005053936323,raise_minus_fold,279,-2.3816738700278486,2.7285580873982895
repeat-old minus first-old,154,KK,0.004284005053936323,raise_minus_call,279,-3.7074717640410215,2.733899523814634
repeat-old minus first-old,155,AKo,0.0082561217647576,call_minus_fold,559,-0.15012093476501645,0.22865083334924388
repeat-old minus first-old,155,AKo,0.0082561217647576,raise_minus_fold,559,5.539799431800099,1.4798041212813278
repeat-old minus first-old,155,AKo,0.0082561217647576,raise_minus_call,559,5.689920366565115,1.4436618762300213
repeat-old minus first-old,156,A2s,0.0029209535351987642,call_minus_fold,189,0.41560805189613,0.6374928192875187
repeat-old minus first-old,156,A2s,0.0029209535351987642,raise_minus_fold,189,-4.4447719747674705,3.5930745129107597
repeat-old minus first-old,156,A2s,0.0029209535351987642,raise_minus_call,189,-4.8603800266636,3.4782445138454343
repeat-old minus first-old,157,A3s,0.002904478032205372,call_minus_fold,187,-5.417266394902739,1.2224904615536363
repeat-old minus first-old,157,A3s,0.002904478032205372,raise_minus_fold,187,-3.47966334872707,2.39802799027547
repeat-old minus first-old,157,A3s,0.002904478032205372,raise_minus_call,187,1.9376030461756688,1.9397330774597499
repeat-old minus first-old,158,A4s,0.0029024088276845255,call_minus_fold,178,1.1191910743140263,0.8902964449534019
repeat-old minus first-old,158,A4s,0.0029024088276845255,raise_minus_fold,178,-1.0552260100705015,2.5451150635784447
repeat-old minus first-old,158,A4s,0.0029024088276845255,raise_minus_call,178,-2.174417084384528,2.2393800356763665
repeat-old minus first-old,159,A5s,0.0028765640116156376,call_minus_fold,196,0.8566239741333621,0.6165472466681587
repeat-old minus first-old,159,A5s,0.0028765640116156376,raise_minus_fold,196,-3.5853487316132835,1.7268283637615347
repeat-old minus first-old,159,A5s,0.0028765640116156376,raise_minus_call,196,-4.441972705746646,1.6628625111239423
repeat-old minus first-old,160,A6s,0.00287664555405943,call_minus_fold,169,-0.8673829451297459,0.7563525335464041
repeat-old minus first-old,160,A6s,0.00287664555405943,raise_minus_fold,169,-1.013271942860565,2.19100024712002
repeat-old minus first-old,160,A6s,0.00287664555405943,raise_minus_call,169,-0.14588899773081937,2.2211529166846646
repeat-old minus first-old,161,A7s,0.0028655407057624678,call_minus_fold,193,-0.055105481987910945,0.8117840137677355
repeat-old minus first-old,161,A7s,0.0028655407057624678,raise_minus_fold,193,-5.2678297344640646,1.9750194717609841
repeat-old minus first-old,161,A7s,0.0028655407057624678,raise_minus_call,193,-5.212724252476154,2.107420470906617
repeat-old minus first-old,162,A8s,0.002854096463089066,call_minus_fold,201,-0.021595528480441543,0.7810852510472569
repeat-old minus first-old,162,A8s,0.002854096463089066,raise_minus_fold,201,-0.5111906231050174,2.068804198847976
repeat-old minus first-old,162,A8s,0.002854096463089066,raise_minus_call,201,-0.4895950946245759,1.9934769671085817
repeat-old minus first-old,163,A9s,0.0028322345637362746,call_minus_fold,195,0.494876493714993,0.8383682271217979
repeat-old minus first-old,163,A9s,0.0028322345637362746,raise_minus_fold,195,3.3511893165097386,2.374944626783024
repeat-old minus first-old,163,A9s,0.0028322345637362746,raise_minus_call,195,2.8563128227947456,2.211862047505661
repeat-old minus first-old,164,ATs,0.0028186729016320797,call_minus_fold,170,-0.45649060730796,0.8726798578610657
repeat-old minus first-old,164,ATs,0.0028186729016320797,raise_minus_fold,170,6.513876137027048,2.1028077068148567
repeat-old minus first-old,164,ATs,0.0028186729016320797,raise_minus_call,170,6.970366744335009,2.0940636032279647
repeat-old minus first-old,165,AJs,0.0028122821203068987,call_minus_fold,177,-1.0447906490392438,0.8990574510326823
repeat-old minus first-old,165,AJs,0.0028122821203068987,raise_minus_fold,177,-0.32779638553612306,2.0918207528132666
repeat-old minus first-old,165,AJs,0.0028122821203068987,raise_minus_call,177,0.716994263503121,1.981119381053498
repeat-old minus first-old,166,AQs,0.002782065810743854,call_minus_fold,165,-2.3836138386844232,1.6172981412170002
repeat-old minus first-old,166,AQs,0.002782065810743854,raise_minus_fold,165,-0.28340306546133326,2.2941524766627666
repeat-old minus first-old,166,AQs,0.002782065810743854,raise_minus_call,165,2.1002107732230897,2.2850040205139113
repeat-old minus first-old,167,AKs,0.002752040727766573,call_minus_fold,166,0.09087424718342335,0.42005824335236747
repeat-old minus first-old,167,AKs,0.002752040727766573,raise_minus_fold,166,5.787621298145734,3.3674282472061217
repeat-old minus first-old,167,AKs,0.002752040727766573,raise_minus_call,166,5.696747050962309,3.3090216657822737
repeat-old minus first-old,168,AA,0.003972108648688113,call_minus_fold,247,-0.08483789018844703,0.2896317219802645
repeat-old minus first-old,168,AA,0.003972108648688113,raise_minus_fold,247,-2.876632035079043,3.3359273258182056
repeat-old minus first-old,168,AA,0.003972108648688113,raise_minus_call,247,-2.7917941448905967,3.246135132089192
repeat-new minus first-old,0,22,0.004790793724696479,call_minus_fold,311,2.8634911784580575,1.0657645442906682
repeat-new minus first-old,0,22,0.004790793724696479,raise_minus_fold,311,-0.07354476564411708,1.262833465514478
repeat-new minus first-old,0,22,0.004790793724696479,raise_minus_call,311,-2.9370359441021745,1.3134824670366194
repeat-new minus first-old,1,32o,0.009512847260521819,call_minus_fold,637,-0.09791275108704746,0.34209807630951194
repeat-new minus first-old,1,32o,0.009512847260521819,raise_minus_fold,637,2.0819494348831817,0.8553375081034758
repeat-new minus first-old,1,32o,0.009512847260521819,raise_minus_call,637,2.1798621859702294,0.8776313171061206
repeat-new minus first-old,2,42o,0.009506641694301852,call_minus_fold,612,2.7464635825419577,0.49170662513445756
repeat-new minus first-old,2,42o,0.009506641694301852,raise_minus_fold,612,-0.13692597918450206,0.6700308837430325
repeat-new minus first-old,2,42o,0.009506641694301852,raise_minus_call,612,-2.8833895617264598,0.7413872666054845
repeat-new minus first-old,3,52o,0.009429105229310572,call_minus_fold,620,0.17643771804399636,0.2309515691253302
repeat-new minus first-old,3,52o,0.009429105229310572,raise_minus_fold,620,3.035536809906745,0.7835260354404893
repeat-new minus first-old,3,52o,0.009429105229310572,raise_minus_call,620,2.859099091862749,0.7555235233950301
repeat-new minus first-old,4,62o,0.009429352148007004,call_minus_fold,605,-0.6217835737818035,0.3103482153272624
repeat-new minus first-old,4,62o,0.009429352148007004,raise_minus_fold,605,-5.7524238047493395,0.7590648728981552
repeat-new minus first-old,4,62o,0.009429352148007004,raise_minus_call,605,-5.130640230967536,0.7618066572723056
repeat-new minus first-old,5,72o,0.009396037340559372,call_minus_fold,627,-0.6188498861628957,0.23189219472436323
repeat-new minus first-old,5,72o,0.009396037340559372,raise_minus_fold,627,0.03294422344492523,0.8982397222041425
repeat-new minus first-old,5,72o,0.009396037340559372,raise_minus_call,627,0.651794109607821,0.8481609586932326
repeat-new minus first-old,6,82o,0.009361703242193552,call_minus_fold,627,-1.182516122281191,0.3599628355830414
repeat-new minus first-old,6,82o,0.009361703242193552,raise_minus_fold,627,-2.4690679494282763,0.7417226998238146
repeat-new minus first-old,6,82o,0.009361703242193552,raise_minus_call,627,-1.2865518271470853,0.7104451178717233
repeat-new minus first-old,7,92o,0.009296117200453959,call_minus_fold,643,-0.42810150909743594,0.2490204756411374
repeat-new minus first-old,7,92o,0.009296117200453959,raise_minus_fold,643,8.687571730276197,0.7879468616050705
repeat-new minus first-old,7,92o,0.009296117200453959,raise_minus_call,643,9.115673239373633,0.7867404048080552
repeat-new minus first-old,8,T2o,0.009255431872587724,call_minus_fold,612,-0.5574664515180835,0.2749124004269424
repeat-new minus first-old,8,T2o,0.009255431872587724,raise_minus_fold,612,6.219504058897419,1.0242425503370431
repeat-new minus first-old,8,T2o,0.009255431872587724,raise_minus_call,612,6.776970510415502,1.053916639540295
repeat-new minus first-old,9,J2o,0.009236259296157876,call_minus_fold,592,-2.1773144473834694,0.4773142946327104
repeat-new minus first-old,9,J2o,0.009236259296157876,raise_minus_fold,592,0.07549996741512624,0.6581610102243486
repeat-new minus first-old,9,J2o,0.009236259296157876,raise_minus_call,592,2.252814414798596,0.7360230184803822
repeat-new minus first-old,10,Q2o,0.009145610283355409,call_minus_fold,580,-1.395095812793614,0.5575163614265504
repeat-new minus first-old,10,Q2o,0.009145610283355409,raise_minus_fold,580,7.257991156125541,0.7325140393812135
repeat-new minus first-old,10,Q2o,0.009145610283355409,raise_minus_call,580,8.653086968919155,0.9075397665774089
repeat-new minus first-old,11,K2o,0.009055534566697113,call_minus_fold,619,-0.004139877347532478,0.2922182868876453
repeat-new minus first-old,11,K2o,0.009055534566697113,raise_minus_fold,619,7.900495270329958,1.1992235115171652
repeat-new minus first-old,11,K2o,0.009055534566697113,raise_minus_call,619,7.90463514767749,1.1865285531994774
repeat-new minus first-old,12,A2o,0.008750471453727546,call_minus_fold,581,1.457311470498664,0.49781054022469684
repeat-new minus first-old,12,A2o,0.008750471453727546,raise_minus_fold,581,-0.6044333576384039,1.2527893525011522
repeat-new minus first-old,12,A2o,0.008750471453727546,raise_minus_call,581,-2.0617448281370683,1.2734210543867042
repeat-new minus first-old,13,32s,0.00317094900525911,call_minus_fold,197,-0.11521264149782112,0.47502592483420397
repeat-new minus first-old,13,32s,0.00317094900525911,raise_minus_fold,197,8.243449036367073,1.40636995829912
repeat-new minus first-old,13,32s,0.00317094900525911,raise_minus_call,197,8.358661677864893,1.359875044158462
repeat-new minus first-old,14,33,0.00474131789843658,call_minus_fold,334,0.463169489270478,0.5501286175052844
repeat-new minus first-old,14,33,0.00474131789843658,raise_minus_fold,334,-1.4982762709892432,1.1573408759500852
repeat-new minus first-old,14,33,0.00474131789843658,raise_minus_call,334,-1.9614457602597213,1.0285015161223776
repeat-new minus first-old,15,43o,0.009457166113881007,call_minus_fold,591,-0.6617775775032301,0.26852926318254045
repeat-new minus first-old,15,43o,0.009457166113881007,raise_minus_fold,591,0.29583169958900074,0.620017843170126
repeat-new minus first-old,15,43o,0.009457166113881007,raise_minus_call,591,0.9576092770922309,0.6748847071461086
repeat-new minus first-old,16,53o,0.009379629648889725,call_minus_fold,619,-0.24374483495357735,0.29884896062522026
repeat-new minus first-old,16,53o,0.009379629648889725,raise_minus_fold,619,-0.4745277479495513,0.6123261750250153
repeat-new minus first-old,16,53o,0.009379629648889725,raise_minus_call,619,-0.23078291299597406,0.6386225699477541
repeat-new minus first-old,17,63o,0.00937987656758616,call_minus_fold,601,0.2100909518471143,0.3258454431270376
repeat-new minus first-old,17,63o,0.00937987656758616,raise_minus_fold,601,-1.812384890429706,0.5758969276065219
repeat-new minus first-old,17,63o,0.00937987656758616,raise_minus_call,601,-2.02247584227682,0.6489717293572154
repeat-new minus first-old,18,73o,0.009346561760138525,call_minus_fold,640,-3.7902001647302583,0.5901658918790872
repeat-new minus first-old,18,73o,0.009346561760138525,raise_minus_fold,640,-9.185962790510576,0.7749152101588935
repeat-new minus first-old,18,73o,0.009346561760138525,raise_minus_call,640,-5.395762625780317,0.850539579113494
repeat-new minus first-old,19,83o,0.009312227661772707,call_minus_fold,588,0.02772260381617899,0.23771554447526613
repeat-new minus first-old,19,83o,0.009312227661772707,raise_minus_fold,588,8.982487996280362,0.912167705680479
repeat-new minus first-old,19,83o,0.009312227661772707,raise_minus_call,588,8.954765392464184,0.8809966118908297
repeat-new minus first-old,20,93o,0.009246641620033112,call_minus_fold,608,-0.14250280735121745,0.2514107182254878
repeat-new minus first-old,20,93o,0.009246641620033112,raise_minus_fold,608,2.6140132118121837,0.8083291113089334
repeat-new minus first-old,20,93o,0.009246641620033112,raise_minus_call,608,2.756516019163401,0.8303898698841582
repeat-new minus first-old,21,T3o,0.009205956292166879,call_minus_fold,589,-1.4307796943329911,0.3789061395632086
repeat-new minus first-old,21,T3o,0.009205956292166879,raise_minus_fold,589,3.8322997528578715,0.8027649716419752
repeat-new minus first-old,21,T3o,0.009205956292166879,raise_minus_call,589,5.263079447190863,0.8004278477066127
repeat-new minus first-old,22,J3o,0.00918678371573703,call_minus_fold,640,2.6970133784242583,0.48275037215025257
repeat-new minus first-old,22,J3o,0.00918678371573703,raise_minus_fold,640,8.771420406682642,0.88938317897471
repeat-new minus first-old,22,J3o,0.00918678371573703,raise_minus_call,640,6.074407028258386,0.8306809224741971
repeat-new minus first-old,23,Q3o,0.009096134702934562,call_minus_fold,606,-2.566564525144851,0.7023237995278878
repeat-new minus first-old,23,Q3o,0.009096134702934562,raise_minus_fold,606,-0.015270311125392467,0.6464430046644309
repeat-new minus first-old,23,Q3o,0.009096134702934562,raise_minus_call,606,2.5512942140194586,0.9269971825311007
repeat-new minus first-old,24,K3o,0.009006058986276266,call_minus_fold,578,-0.29522148341220117,0.3633626065044376
repeat-new minus first-old,24,K3o,0.009006058986276266,raise_minus_fold,578,-1.2085994779553155,0.6409499989775572
repeat-new minus first-old,24,K3o,0.009006058986276266,raise_minus_call,578,-0.9133779945431143,0.6941236179005532
repeat-new minus first-old,25,A3o,0.00871117416475761,call_minus_fold,564,0.536082219764618,0.37834344851114127
repeat-new minus first-old,25,A3o,0.00871117416475761,raise_minus_fold,564,-1.0166072058559874,0.9464786355948824
repeat-new minus first-old,25,A3o,0.00871117416475761,raise_minus_call,564,-1.5526894256206052,0.9253067513282878
repeat-new minus first-old,26,42s,0.0031688804832390063,call_minus_fold,218,-0.057972495039803326,0.396053604217524
repeat-new minus first-old,26,42s,0.0031688804832390063,raise_minus_fold,218,0.39198520498074346,1.0690688934284178
repeat-new minus first-old,26,42s,0.0031688804832390063,raise_minus_call,218,0.44995770002054686,1.0415800341940913
repeat-new minus first-old,27,43s,0.0031523886235230235,call_minus_fold,234,-1.5367279452238614,0.6033648563025448
repeat-new minus first-old,27,43s,0.0031523886235230235,raise_minus_fold,234,6.3124761884624805,1.3616998012746353
repeat-new minus first-old,27,43s,0.0031523886235230235,raise_minus_call,234,7.849204133686341,1.2835918539210702
repeat-new minus first-old,28,44,0.004735112089351418,call_minus_fold,323,0.4462631322888576,0.6739739181999214
repeat-new minus first-old,28,44,0.004735112089351418,raise_minus_fold,323,-1.6596481720352934,0.9635388055347994
repeat-new minus first-old,28,44,0.004735112089351418,raise_minus_call,323,-2.105911304324151,1.0532799380821114
repeat-new minus first-old,29,54o,0.00937342408266976,call_minus_fold,621,0.20079783820114583,0.3956703080006677
repeat-new minus first-old,29,54o,0.00937342408266976,raise_minus_fold,621,0.22529336464949642,0.6211066741178192
repeat-new minus first-old,29,54o,0.00937342408266976,raise_minus_call,621,0.024495526448350666,0.7043757507570175
repeat-new minus first-old,30,64o,0.009373671001366192,call_minus_fold,579,0.2770425586795644,0.3815355569212289
repeat-new minus first-old,30,64o,0.009373671001366192,raise_minus_fold,579,4.305889545557857,0.7456562595066847
repeat-new minus first-old,30,64o,0.009373671001366192,raise_minus_call,579,4.028846986878293,0.7801209683376877
repeat-new minus first-old,31,74o,0.00934035619391856,call_minus_fold,611,1.4443767784384427,0.3708408496258525
repeat-new minus first-old,31,74o,0.00934035619391856,raise_minus_fold,611,-2.8024924681772965,0.6231842913359708
repeat-new minus first-old,31,74o,0.00934035619391856,raise_minus_call,611,-4.246869246615739,0.6646638567060871
repeat-new minus first-old,32,84o,0.009306022095552742,call_minus_fold,613,-0.03496880295291895,0.26697574504968036
repeat-new minus first-old,32,84o,0.009306022095552742,raise_minus_fold,613,5.163170723033286,0.7993418069452234
repeat-new minus first-old,32,84o,0.009306022095552742,raise_minus_call,613,5.198139525986204,0.7759199089202726
repeat-new minus first-old,33,94o,0.009240436053813146,call_minus_fold,611,-0.8306248495681494,0.303913160827296
repeat-new minus first-old,33,94o,0.009240436053813146,raise_minus_fold,611,3.9492270602590303,1.101278030116977
repeat-new minus first-old,33,94o,0.009240436053813146,raise_minus_call,611,4.779851909827181,1.0851017056635304
repeat-new minus first-old,34,T4o,0.009199750725946912,call_minus_fold,557,3.0543796250961357,0.5276453546387866
repeat-new minus first-old,34,T4o,0.009199750725946912,raise_minus_fold,557,8.821362419438133,0.832804598090471
repeat-new minus first-old,34,T4o,0.009199750725946912,raise_minus_call,557,5.766982794341997,0.7892571971759756
repeat-new minus first-old,35,J4o,0.009180578149517064,call_minus_fold,625,0.2634557361154432,0.2862270754982096
repeat-new minus first-old,35,J4o,0.009180578149517064,raise_minus_fold,625,-7.240375678230466,0.8924857273830142
repeat-new minus first-old,35,J4o,0.009180578149517064,raise_minus_call,625,-7.5038314143459095,0.8521615793291504
repeat-new minus first-old,36,Q4o,0.009089929136714596,call_minus_fold,578,-0.42261797128270845,0.38395787094523565
repeat-new minus first-old,36,Q4o,0.009089929136714596,raise_minus_fold,578,-8.517849437368643,1.0781565083932763
repeat-new minus first-old,36,Q4o,0.009089929136714596,raise_minus_call,578,-8.095231466085934,1.1084954553925443
repeat-new minus first-old,37,K4o,0.0089998534200563,call_minus_fold,598,-1.5216392116872663,0.531115062284297
repeat-new minus first-old,37,K4o,0.0089998534200563,raise_minus_fold,598,-0.4930947694150035,0.6288517578329617
repeat-new minus first-old,37,K4o,0.0089998534200563,raise_minus_call,598,1.0285444422722625,0.7513334017323648
repeat-new minus first-old,38,A4o,0.008706783739295723,call_minus_fold,553,0.8320611171566187,0.5648788541729154
repeat-new minus first-old,38,A4o,0.008706783739295723,raise_minus_fold,553,6.7451915161959795,1.0336030247988641
repeat-new minus first-old,38,A4o,0.008706783739295723,raise_minus_call,553,5.913130399039361,0.9591494107331483
repeat-new minus first-old,39,52s,0.0031430349955735267,call_minus_fold,218,5.455949368144446,1.3111914155813311
repeat-new minus first-old,39,52s,0.0031430349955735267,raise_minus_fold,218,1.5381833061730574,1.447504577849937
repeat-new minus first-old,39,52s,0.0031430349955735267,raise_minus_call,218,-3.917766061971388,1.9091184115104785
repeat-new minus first-old,40,53s,0.0031265820393601806,call_minus_fold,185,0.2955097361257351,0.6064074521955698
repeat-new minus first-old,40,53s,0.0031265820393601806,raise_minus_fold,185,-1.2804730092803174,1.925453852666078
repeat-new minus first-old,40,53s,0.0031265820393601806,raise_minus_call,185,-1.5759827454060527,1.841946816572747
repeat-new minus first-old,41,54s,0.0031308951109540934,call_minus_fold,203,3.8503957047389306,1.1204746796748546
repeat-new minus first-old,41,54s,0.0031308951109540934,raise_minus_fold,203,1.3396331087026465,1.7333692652688895
repeat-new minus first-old,41,54s,0.0031308951109540934,raise_minus_call,203,-2.510762596036284,2.0327243401733623
repeat-new minus first-old,42,55,0.004657575877138198,call_minus_fold,316,0.8109460719617171,0.5862424098349197
repeat-new minus first-old,42,55,0.004657575877138198,raise_minus_fold,316,0.09570035063832807,1.4949381914308701
repeat-new minus first-old,42,55,0.004657575877138198,raise_minus_call,316,-0.7152457213233893,1.4830000258724885
repeat-new minus first-old,43,65o,0.00929613453637491,call_minus_fold,637,0.3340665425166122,0.30339000682738737
repeat-new minus first-old,43,65o,0.00929613453637491,raise_minus_fold,637,-8.373330910506363,0.7615439484827834
repeat-new minus first-old,43,65o,0.00929613453637491,raise_minus_call,637,-8.707397453022974,0.7846836407686163
repeat-new minus first-old,44,75o,0.009262819728927278,call_minus_fold,616,-0.0492660840738209,0.3783959926742064
repeat-new minus first-old,44,75o,0.009262819728927278,raise_minus_fold,616,-1.1194432828540013,1.0290935379457895
repeat-new minus first-old,44,75o,0.009262819728927278,raise_minus_call,616,-1.0701771987801802,1.0659705697021664
repeat-new minus first-old,45,85o,0.00922848563056146,call_minus_fold,584,-0.26651545218063494,0.2489704667950826
repeat-new minus first-old,45,85o,0.00922848563056146,raise_minus_fold,584,1.9683728270849619,0.5658876449130236
repeat-new minus first-old,45,85o,0.00922848563056146,raise_minus_call,584,2.234888279265597,0.5688726587039493
repeat-new minus first-old,46,95o,0.009162899588821865,call_minus_fold,554,-0.21431993928635104,0.280848391052462
repeat-new minus first-old,46,95o,0.009162899588821865,raise_minus_fold,554,-0.3056229061431007,0.6815396211484257
repeat-new minus first-old,46,95o,0.009162899588821865,raise_minus_call,554,-0.09130296685674973,0.6289354884508587
repeat-new minus first-old,47,T5o,0.00912221426095563,call_minus_fold,603,-0.7274345828366694,0.38974172402889046
repeat-new minus first-old,47,T5o,0.00912221426095563,raise_minus_fold,603,3.3532398651577116,0.612151257064446
repeat-new minus first-old,47,T5o,0.00912221426095563,raise_minus_call,603,4.080674447994381,0.7273701402725093
repeat-new minus first-old,48,J5o,0.009103041684525784,call_minus_fold,584,-0.6224905827520922,0.2740417595748157
repeat-new minus first-old,48,J5o,0.009103041684525784,raise_minus_fold,584,0.33944570190199597,0.932945495149259
repeat-new minus first-old,48,J5o,0.009103041684525784,raise_minus_call,584,0.961936284654088,0.9151640753128989
repeat-new minus first-old,49,Q5o,0.009012392671723315,call_minus_fold,604,-0.7951138051006551,0.2955325418971491
repeat-new minus first-old,49,Q5o,0.009012392671723315,raise_minus_fold,604,-3.487270229767297,0.5965057670471825
repeat-new minus first-old,49,Q5o,0.009012392671723315,raise_minus_call,604,-2.6921564246666416,0.6037486579917343
repeat-new minus first-old,50,K5o,0.008922321679882108,call_minus_fold,596,-0.8337663472580009,0.3744057485777229
repeat-new minus first-old,50,K5o,0.008922321679882108,raise_minus_fold,596,0.8829785124248922,1.2243152513969229
repeat-new minus first-old,50,K5o,0.008922321679882108,raise_minus_call,596,1.7167448596828931,1.2999070815755138
repeat-new minus first-old,51,A5o,0.008629658602692861,call_minus_fold,613,-0.4268273510804188,0.37185804042933085
repeat-new minus first-old,51,A5o,0.008629658602692861,raise_minus_fold,613,-9.66370313224509,1.6517208967371797
repeat-new minus first-old,51,A5o,0.008629658602692861,raise_minus_call,613,-9.23687578116467,1.6509793629809315
repeat-new minus first-old,52,62s,0.003143117301803553,call_minus_fold,186,3.9247194202883557,1.3626849981789764
repeat-new minus first-old,52,62s,0.003143117301803553,raise_minus_fold,186,7.106150570325164,1.7550421826845553
repeat-new minus first-old,52,62s,0.003143117301803553,raise_minus_call,186,3.1814311500368095,1.7094413677791205
repeat-new minus first-old,53,63s,0.00312662544208757,call_minus_fold,208,1.0575371480532993,0.6376110174373553
repeat-new minus first-old,53,63s,0.00312662544208757,raise_minus_fold,208,-7.331434384607575,1.2475004569319785
repeat-new minus first-old,53,63s,0.00312662544208757,raise_minus_call,208,-8.388971532660873,1.4861306555866456
repeat-new minus first-old,54,64s,0.003124612815858345,call_minus_fold,218,0.2818317239427719,0.5214490187628769
repeat-new minus first-old,54,64s,0.003124612815858345,raise_minus_fold,218,0.458109258980043,1.3722811899000387
repeat-new minus first-old,54,64s,0.003124612815858345,raise_minus_call,218,0.17627753503727128,1.1683084732877291
repeat-new minus first-old,55,65s,0.003105130327599686,call_minus_fold,199,0.8466919101540521,0.7085975969535522
repeat-new minus first-old,55,65s,0.003105130327599686,raise_minus_fold,199,9.290015874538861,1.3698082413871975
repeat-new minus first-old,55,65s,0.003105130327599686,raise_minus_call,199,8.44332396438481,1.338165261152752
repeat-new minus first-old,56,66,0.004657822776008899,call_minus_fold,320,0.7760610387237599,0.754470172549017
repeat-new minus first-old,56,66,0.004657822776008899,raise_minus_fold,320,4.448154121528727,1.2818396658577427
repeat-new minus first-old,56,66,0.004657822776008899,raise_minus_call,320,3.6720930828049676,1.1933671771766134
repeat-new minus first-old,57,76o,0.009263066647623712,call_minus_fold,646,-0.8193719524613808,0.3095725378013923
repeat-new minus first-old,57,76o,0.009263066647623712,raise_minus_fold,646,-0.03649297495427671,1.0797116730746024
repeat-new minus first-old,57,76o,0.009263066647623712,raise_minus_call,646,0.782878977507104,1.0592585087571988
repeat-new minus first-old,58,86o,0.009228732549257894,call_minus_fold,609,-0.34106305484947413,0.2868964715841018
repeat-new minus first-old,58,86o,0.009228732549257894,raise_minus_fold,609,1.3886909340525904,0.7224140179403012
repeat-new minus first-old,58,86o,0.009228732549257894,raise_minus_call,609,1.7297539889020643,0.6797288623590336
repeat-new minus first-old,59,96o,0.009163146507518297,call_minus_fold,602,0.06925068467126043,0.2702961217759177
repeat-new minus first-old,59,96o,0.009163146507518297,raise_minus_fold,602,-1.5462051681637994,0.6277573890403625
repeat-new minus first-old,59,96o,0.009163146507518297,raise_minus_call,602,-1.6154558528350598,0.6648959999614135
repeat-new minus first-old,60,T6o,0.009122461179652064,call_minus_fold,603,-0.8377782015086793,0.34051543075303925
repeat-new minus first-old,60,T6o,0.009122461179652064,raise_minus_fold,603,-2.6009268628609514,1.0139985966650533
repeat-new minus first-old,60,T6o,0.009122461179652064,raise_minus_call,603,-1.763148661352272,0.9349416830381202
repeat-new minus first-old,61,J6o,0.009103288603222215,call_minus_fold,559,0.43427209586159965,0.36904071880362593
repeat-new minus first-old,61,J6o,0.009103288603222215,raise_minus_fold,559,-2.873216006331959,0.8542294723842435
repeat-new minus first-old,61,J6o,0.009103288603222215,raise_minus_call,559,-3.307488102193559,0.8518677441373624
repeat-new minus first-old,62,Q6o,0.009012639590419749,call_minus_fold,545,-0.245242623994673,0.3267458138277517
repeat-new minus first-old,62,Q6o,0.009012639590419749,raise_minus_fold,545,-6.269564816815503,1.144018649827266
repeat-new minus first-old,62,Q6o,0.009012639590419749,raise_minus_call,545,-6.02432219282083,1.128014681831414
repeat-new minus first-old,63,K6o,0.008922569928609137,call_minus_fold,546,-0.0384676016801908,0.3370355542876664
repeat-new minus first-old,63,K6o,0.008922569928609137,raise_minus_fold,546,8.014687758358733,1.4592923860446314
repeat-new minus first-old,63,K6o,0.008922569928609137,raise_minus_call,546,8.053155360038923,1.4550498432341112
repeat-new minus first-old,64,A6o,0.008629688899514034,call_minus_fold,546,0.5234412282382888,0.39262860158583507
repeat-new minus first-old,64,A6o,0.008629688899514034,raise_minus_fold,546,-7.747662401551091,1.3090770253763535
repeat-new minus first-old,64,A6o,0.008629688899514034,raise_minus_call,546,-8.27110362978938,1.2677965682309025
repeat-new minus first-old,65,72s,0.0031320123662733814,call_minus_fold,205,-5.534543185145095,1.1042896911884545
repeat-new minus first-old,65,72s,0.0031320123662733814,raise_minus_fold,205,-6.1050733629647445,1.5862000148168334
repeat-new minus first-old,65,72s,0.0031320123662733814,raise_minus_call,205,-0.5705301778196499,1.9235426252553995
repeat-new minus first-old,66,73s,0.003115520506557398,call_minus_fold,213,-1.391480109934404,0.3775217294518534
repeat-new minus first-old,66,73s,0.003115520506557398,raise_minus_fold,213,-8.603142826150014,1.2012551632797401
repeat-new minus first-old,66,73s,0.003115520506557398,raise_minus_call,213,-7.21166271621561,1.1038969814451747
repeat-new minus first-old,67,74s,0.0031134519845372947,call_minus_fold,231,-0.5448113627974355,0.6161697774555188
repeat-new minus first-old,67,74s,0.0031134519845372947,raise_minus_fold,231,-0.651415715529014,1.3589920592942693
repeat-new minus first-old,67,74s,0.0031134519845372947,raise_minus_call,231,-0.10660435273157862,1.2656455793384356
repeat-new minus first-old,68,75s,0.0030925460922791082,call_minus_fold,214,-1.0988207091526723,0.45656158677140474
repeat-new minus first-old,68,75s,0.0030925460922791082,raise_minus_fold,214,0.18490252330884602,0.6801392543587979
repeat-new minus first-old,68,75s,0.0030925460922791082,raise_minus_call,214,1.2837232324615184,0.7656371458801704
repeat-new minus first-old,69,76s,0.003094107729029421,call_minus_fold,209,-0.48063629326506574,0.43366182357795047
repeat-new minus first-old,69,76s,0.003094107729029421,raise_minus_fold,209,-1.5097374126004035,1.878159215839795
repeat-new minus first-old,69,76s,0.003094107729029421,raise_minus_call,209,-1.0291011193353379,1.7629187339427932
repeat-new minus first-old,70,77,0.004624507869432617,call_minus_fold,325,0.45962543496454705,0.8195983851044889
repeat-new minus first-old,70,77,0.004624507869432617,raise_minus_fold,325,1.094721932091677,0.7742814103784317
repeat-new minus first-old,70,77,0.004624507869432617,raise_minus_call,325,0.6350964971271301,1.0605428670544015
repeat-new minus first-old,71,87o,0.009195417741810262,call_minus_fold,584,0.9272546335035018,0.5037305239258608
repeat-new minus first-old,71,87o,0.009195417741810262,raise_minus_fold,584,3.7231030511712486,0.990985920975454
repeat-new minus first-old,71,87o,0.009195417741810262,raise_minus_call,584,2.7958484176677465,0.960984720211832
repeat-new minus first-old,72,97o,0.009129831700070664,call_minus_fold,628,-1.515369167994224,0.4426705430720323
repeat-new minus first-old,72,97o,0.009129831700070664,raise_minus_fold,628,1.0809693234769204,0.753976059043691
repeat-new minus first-old,72,97o,0.009129831700070664,raise_minus_call,628,2.5963384914711445,0.8467737955421553
repeat-new minus first-old,73,T7o,0.009089146372204432,call_minus_fold,592,-0.3045493479501854,0.32257705530082664
repeat-new minus first-old,73,T7o,0.009089146372204432,raise_minus_fold,592,6.6813090127430925,0.9539787662843083
repeat-new minus first-old,73,T7o,0.009089146372204432,raise_minus_call,592,6.985858360693277,0.891526852871909
repeat-new minus first-old,74,J7o,0.009069973795774582,call_minus_fold,561,0.16327227512809417,0.32830355286758617
repeat-new minus first-old,74,J7o,0.009069973795774582,raise_minus_fold,561,1.2961346566863043,0.9223034345490677
repeat-new minus first-old,74,J7o,0.009069973795774582,raise_minus_call,561,1.1328623815582102,0.8514958058564721
repeat-new minus first-old,75,Q7o,0.008979324782972116,call_minus_fold,560,-0.007378168258852058,0.3147782984658983
repeat-new minus first-old,75,Q7o,0.008979324782972116,raise_minus_fold,560,8.179588043933043,1.0251284079275784
repeat-new minus first-old,75,Q7o,0.008979324782972116,raise_minus_call,560,8.186966212191896,1.0410893554409082
repeat-new minus first-old,76,K7o,0.008889249585588644,call_minus_fold,634,-0.9995162550541931,0.5550328040751158
repeat-new minus first-old,76,K7o,0.008889249585588644,raise_minus_fold,634,-2.332275976833378,0.6265860759590256
repeat-new minus first-old,76,K7o,0.008889249585588644,raise_minus_call,634,-1.3327597217791851,0.7878440443974406
repeat-new minus first-old,77,A7o,0.008596451115028006,call_minus_fold,556,-0.05509489679312275,0.4121695089697777
repeat-new minus first-old,77,A7o,0.008596451115028006,raise_minus_fold,556,-7.359378206290619,1.393811319846768
repeat-new minus first-old,77,A7o,0.008596451115028006,raise_minus_call,556,-7.304283309497497,1.4768828539501464
repeat-new minus first-old,78,82s,0.003120567667112555,call_minus_fold,192,-0.3001369173105597,0.4548446901232499
repeat-new minus first-old,78,82s,0.003120567667112555,raise_minus_fold,192,-11.288513696437612,1.5208222781245213
repeat-new minus first-old,78,82s,0.003120567667112555,raise_minus_call,192,-10.988376779127051,1.5331085501640531
repeat-new minus first-old,79,83s,0.0031040758073965723,call_minus_fold,219,-2.796354044519511,0.7055091540859053
repeat-new minus first-old,79,83s,0.0031040758073965723,raise_minus_fold,219,4.432768813954275,1.1088034074454143
repeat-new minus first-old,79,83s,0.0031040758073965723,raise_minus_call,219,7.2291228584737866,1.3699316550560674
repeat-new minus first-old,80,84s,0.0031020072853764685,call_minus_fold,189,-3.429450622756423,1.1643328341606018
repeat-new minus first-old,80,84s,0.0031020072853764685,raise_minus_fold,189,-0.36968973512141906,0.9850058173086892
repeat-new minus first-old,80,84s,0.0031020072853764685,raise_minus_call,189,3.0597608876350044,1.2288447530398665
repeat-new minus first-old,81,85s,0.0030766711611621336,call_minus_fold,196,0.4556803503066137,0.40699103617181515
repeat-new minus first-old,81,85s,0.0030766711611621336,raise_minus_fold,196,0.44346943835905683,1.3743180644150166
repeat-new minus first-old,81,85s,0.0030766711611621336,raise_minus_call,196,-0.01221091194755683,1.4103147751347362
repeat-new minus first-old,82,86s,0.0030826649524687264,call_minus_fold,193,-0.32150317308941306,0.5167733836711136
repeat-new minus first-old,82,86s,0.0030826649524687264,raise_minus_fold,193,1.0577223154465867,1.479522485954973
repeat-new minus first-old,82,86s,0.0030826649524687264,raise_minus_call,193,1.3792254885359998,1.4897767334565843
repeat-new minus first-old,83,87s,0.003071559958948295,call_minus_fold,205,-0.27657448563719955,0.6331247332618961
repeat-new minus first-old,83,87s,0.003071559958948295,raise_minus_fold,205,2.9901456121734244,1.753480559682332
repeat-new minus first-old,83,87s,0.003071559958948295,raise_minus_call,205,3.266720097810624,1.519843758895454
repeat-new minus first-old,84,88,0.004590173593626515,call_minus_fold,311,3.301429772776458,1.3076274449439627
repeat-new minus first-old,84,88,0.004590173593626515,raise_minus_fold,311,-3.9863724646024097,2.0283901045306805
repeat-new minus first-old,84,88,0.004590173593626515,raise_minus_call,311,-7.287802237378869,2.0577264882441666
repeat-new minus first-old,85,98o,0.009095536099493505,call_minus_fold,644,0.9626068341831042,0.33246683991310066
repeat-new minus first-old,85,98o,0.009095536099493505,raise_minus_fold,644,3.0711614960190294,0.9358835914358756
repeat-new minus first-old,85,98o,0.009095536099493505,raise_minus_call,644,2.108554661835925,0.8729888875932602
repeat-new minus first-old,86,T8o,0.009054823459607524,call_minus_fold,597,-0.1924024851862361,0.47846242061830063
repeat-new minus first-old,86,T8o,0.009054823459607524,raise_minus_fold,597,8.273083235073317,0.7980494343812786
repeat-new minus first-old,86,T8o,0.009054823459607524,raise_minus_call,597,8.465485720259553,0.9348464138064364
repeat-new minus first-old,87,J8o,0.009035639697408766,call_minus_fold,613,-1.1727397504367258,0.4367551358193905
repeat-new minus first-old,87,J8o,0.009035639697408766,raise_minus_fold,613,-2.9622456119920653,1.1478091239681776
repeat-new minus first-old,87,J8o,0.009035639697408766,raise_minus_call,613,-1.7895058615553394,1.0743767392611958
repeat-new minus first-old,88,Q8o,0.008944991632856244,call_minus_fold,581,0.24123110746527604,0.42049905104695334
repeat-new minus first-old,88,Q8o,0.008944991632856244,raise_minus_fold,581,-4.9605644200468095,0.9553022995625219
repeat-new minus first-old,88,Q8o,0.008944991632856244,raise_minus_call,581,-5.201795527512085,0.982529645518943
repeat-new minus first-old,89,K8o,0.008870288926542031,call_minus_fold,602,0.4940480364011773,0.3635863844365396
repeat-new minus first-old,89,K8o,0.008870288926542031,raise_minus_fold,602,-1.6691482823124861,0.607085670128848
repeat-new minus first-old,89,K8o,0.008870288926542031,raise_minus_call,602,-2.163196318713663,0.6800117104226164
repeat-new minus first-old,90,A8o,0.008562270572889864,call_minus_fold,560,0.847156512246658,0.56547124720889
repeat-new minus first-old,90,A8o,0.008562270572889864,raise_minus_fold,560,-1.1178769733290412,1.1545041107060483
repeat-new minus first-old,90,A8o,0.008562270572889864,raise_minus_call,560,-1.9650334855756995,1.1763092845623453
repeat-new minus first-old,91,92s,0.0030987056537618175,call_minus_fold,209,-6.000429074302393,2.0149604322956933
repeat-new minus first-old,91,92s,0.0030987056537618175,raise_minus_fold,209,1.5703567299341508,1.5449222657429629
repeat-new minus first-old,91,92s,0.0030987056537618175,raise_minus_call,209,7.570785804236545,1.9796401365661722
repeat-new minus first-old,92,93s,0.003082213794045835,call_minus_fold,202,0.26574888160790283,0.4423214169316246
repeat-new minus first-old,92,93s,0.003082213794045835,raise_minus_fold,202,-2.5996055233690933,1.6857115344971523
repeat-new minus first-old,92,93s,0.003082213794045835,raise_minus_call,202,-2.865354404976996,1.842872457190309
repeat-new minus first-old,93,94s,0.003080145272025731,call_minus_fold,198,-5.014659162121629,1.5699304707945752
repeat-new minus first-old,93,94s,0.003080145272025731,raise_minus_fold,198,-8.650369809756414,1.3687602591191619
repeat-new minus first-old,93,94s,0.003080145272025731,raise_minus_call,198,-3.635710647634785,1.8216664021122029
repeat-new minus first-old,94,95s,0.0030551849830528464,call_minus_fold,178,-0.33964926782466337,0.43654942666168595
repeat-new minus first-old,94,95s,0.0030551849830528464,raise_minus_fold,178,0.342133670426552,0.9460528763238633
repeat-new minus first-old,94,95s,0.0030551849830528464,raise_minus_call,178,0.6817829382512154,0.8729084493404623
repeat-new minus first-old,95,96s,0.003060802798850952,call_minus_fold,192,1.1204954370358389,0.5768724632321018
repeat-new minus first-old,95,96s,0.003060802798850952,raise_minus_fold,192,1.8351875328950762,1.6331219046308658
repeat-new minus first-old,95,96s,0.003060802798850952,raise_minus_call,192,0.7146920958592373,1.6115750872295953
repeat-new minus first-old,96,97s,0.0030496971044909785,call_minus_fold,202,0.18901814682559231,0.31749281166023313
repeat-new minus first-old,96,97s,0.0030496971044909785,raise_minus_fold,202,0.09645874228097744,1.219469082962437
repeat-new minus first-old,96,97s,0.0030496971044909785,raise_minus_call,202,-0.09255940454461488,1.1722601023723755
repeat-new minus first-old,97,98s,0.003038252900973393,call_minus_fold,196,1.4261734425585835,0.772741277140323
repeat-new minus first-old,97,98s,0.003038252900973393,raise_minus_fold,196,-0.1856976278601252,1.2343731224254473
repeat-new minus first-old,97,98s,0.003038252900973393,raise_minus_call,196,-1.6118710704187087,1.2786088038310521
repeat-new minus first-old,98,99,0.004524587518183176,call_minus_fold,305,0.7224730751092068,0.9106822060258749
repeat-new minus first-old,98,99,0.004524587518183176,raise_minus_fold,305,3.7983073710967665,1.837871257393992
repeat-new minus first-old,98,99,0.004524587518183176,raise_minus_call,305,3.07583429598756,1.729984235913128
repeat-new minus first-old,99,T9o,0.008989226232099018,call_minus_fold,599,0.8502956620271213,0.949586306200299
repeat-new minus first-old,99,T9o,0.008989226232099018,raise_minus_fold,599,-6.280795237819149,1.224494738180576
repeat-new minus first-old,99,T9o,0.008989226232099018,raise_minus_call,599,-7.13109089984627,1.3485544598707415
repeat-new minus first-old,100,J9o,0.00897005864301116,call_minus_fold,596,-3.9643985147571836,0.7357523807567722
repeat-new minus first-old,100,J9o,0.00897005864301116,raise_minus_fold,596,-9.111385059058149,0.86367631846587
repeat-new minus first-old,100,J9o,0.00897005864301116,raise_minus_call,596,-5.146986544300966,1.01217024860003
repeat-new minus first-old,101,Q9o,0.008897074213832389,call_minus_fold,551,0.2589359699591124,0.486756277615605
repeat-new minus first-old,101,Q9o,0.008897074213832389,raise_minus_fold,551,0.8689278186753131,1.1102991145238679
repeat-new minus first-old,101,Q9o,0.008897074213832389,raise_minus_call,551,0.6099918487162006,1.1210400422309257
repeat-new minus first-old,102,K9o,0.008808510962475227,call_minus_fold,576,0.07502701036702931,0.489346425064393
repeat-new minus first-old,102,K9o,0.008808510962475227,raise_minus_fold,576,-4.968803047321128,1.6362868382086986
repeat-new minus first-old,102,K9o,0.008808510962475227,raise_minus_call,576,-5.043830057688157,1.5667532002749869
repeat-new minus first-old,103,A9o,0.00849669870654732,call_minus_fold,576,0.08778484631501535,0.5448324382943023
repeat-new minus first-old,103,A9o,0.00849669870654732,raise_minus_fold,576,4.579993554245203,1.4156312938904874
repeat-new minus first-old,103,A9o,0.00849669870654732,raise_minus_call,576,4.492208707930187,1.4423578929520495
repeat-new minus first-old,104,T2s,0.003085143878155321,call_minus_fold,234,-1.0940942336207815,0.41641661136447017
repeat-new minus first-old,104,T2s,0.003085143878155321,raise_minus_fold,234,3.1270053711927885,2.1800535013478486
repeat-new minus first-old,104,T2s,0.003085143878155321,raise_minus_call,234,4.22109960481357,2.139941867800082
repeat-new minus first-old,105,T3s,0.003068652018439338,call_minus_fold,207,-0.2991697972578398,0.5638482965002345
repeat-new minus first-old,105,T3s,0.003068652018439338,raise_minus_fold,207,0.07051387127606625,0.5138104800005716
repeat-new minus first-old,105,T3s,0.003068652018439338,raise_minus_call,207,0.36968366853390594,0.5851629161071579
repeat-new minus first-old,106,T4s,0.003066583496419234,call_minus_fold,209,-0.35589422049438024,0.29763512971620937
repeat-new minus first-old,106,T4s,0.003066583496419234,raise_minus_fold,209,6.1935887314952005,1.9513045766183146
repeat-new minus first-old,106,T4s,0.003066583496419234,raise_minus_call,209,6.54948295198958,2.0099733562863595
repeat-new minus first-old,107,T5s,0.003040740248649781,call_minus_fold,195,0.05151812365003909,0.4180684945654659
repeat-new minus first-old,107,T5s,0.003040740248649781,raise_minus_fold,195,-1.6187890582711177,1.5219065726786143
repeat-new minus first-old,107,T5s,0.003040740248649781,raise_minus_call,195,-1.6703071819211568,1.4686000979510239
repeat-new minus first-old,108,T6s,0.0030408203149837813,call_minus_fold,190,-1.0130821313069713,0.472937987500024
repeat-new minus first-old,108,T6s,0.0030408203149837813,raise_minus_fold,190,-2.7409213322356902,1.9283010760928816
repeat-new minus first-old,108,T6s,0.0030408203149837813,raise_minus_call,190,-1.727839200928719,2.0102559396552975
repeat-new minus first-old,109,T7s,0.0030361325646821274,call_minus_fold,196,-1.4131292562973272,0.6494095805781274
repeat-new minus first-old,109,T7s,0.0030361325646821274,raise_minus_fold,196,5.225922493664473,1.2984944033413508
repeat-new minus first-old,109,T7s,0.0030361325646821274,raise_minus_call,196,6.6390517499618,1.375033785858195
repeat-new minus first-old,110,T8s,0.003024691110993242,call_minus_fold,210,-0.8339136158428209,0.5214343393442626
repeat-new minus first-old,110,T8s,0.003024691110993242,raise_minus_fold,210,-0.41395539817500276,1.3734217887960796
repeat-new minus first-old,110,T8s,0.003024691110993242,raise_minus_call,210,0.4199582176678182,1.343640872976119
repeat-new minus first-old,111,T9s,0.003002829561068935,call_minus_fold,199,-3.8851610622297654,1.9283483829408343
repeat-new minus first-old,111,T9s,0.003002829561068935,raise_minus_fold,199,-2.9109947096349447,1.572561593332537
repeat-new minus first-old,111,T9s,0.003002829561068935,raise_minus_call,199,0.9741663525948213,1.727905353255926
repeat-new minus first-old,112,TT,0.004483901867157541,call_minus_fold,292,3.5130012147309952,0.9805024911944711
repeat-new minus first-old,112,TT,0.004483901867157541,raise_minus_fold,292,-0.32008314284152195,1.5459585410243712
repeat-new minus first-old,112,TT,0.004483901867157541,raise_minus_call,292,-3.8330843575725173,1.7366797073892681
repeat-new minus first-old,113,JTo,0.008948627684417313,call_minus_fold,540,0.24012985817718424,0.4988552520730123
repeat-new minus first-old,113,JTo,0.008948627684417313,raise_minus_fold,540,-0.24557812800397705,1.1670550593381614
repeat-new minus first-old,113,JTo,0.008948627684417313,raise_minus_call,540,-0.48570798618116146,1.1223342689504276
repeat-new minus first-old,114,QTo,0.008857952729646955,call_minus_fold,588,-0.35154705444420287,0.4545915859279222
repeat-new minus first-old,114,QTo,0.008857952729646955,raise_minus_fold,588,9.49727584485017,1.196235274974942
repeat-new minus first-old,114,QTo,0.008857952729646955,raise_minus_call,588,9.848822899294372,1.073917221912084
repeat-new minus first-old,115,KTo,0.008767899905759253,call_minus_fold,621,-1.0412276554534214,0.4216703718547771
repeat-new minus first-old,115,KTo,0.008767899905759253,raise_minus_fold,621,-0.9642797093281583,0.7643255290553573
repeat-new minus first-old,115,KTo,0.008767899905759253,raise_minus_call,621,0.07694794612526318,0.7881702017521806
repeat-new minus first-old,116,ATo,0.008456018424329408,call_minus_fold,503,-0.19196517474235397,0.5457715588724078
repeat-new minus first-old,116,ATo,0.008456018424329408,raise_minus_fold,503,-4.28805035046401,1.3540895999179507
repeat-new minus first-old,116,ATo,0.008456018424329408,raise_minus_call,503,-4.096085175721655,1.3575502277502636
repeat-new minus first-old,117,J2s,0.003078753019509794,call_minus_fold,197,3.7987145329125522,1.1068405774278063
repeat-new minus first-old,117,J2s,0.003078753019509794,raise_minus_fold,197,-9.29359053517329,1.6830993461314314
repeat-new minus first-old,117,J2s,0.003078753019509794,raise_minus_call,197,-13.09230506808584,1.9404680868155038
repeat-new minus first-old,118,J3s,0.0030622611597938116,call_minus_fold,177,0.5124793909825156,0.4920443450888827
repeat-new minus first-old,118,J3s,0.0030622611597938116,raise_minus_fold,177,0.10951365006150823,1.149206202161608
repeat-new minus first-old,118,J3s,0.0030622611597938116,raise_minus_call,177,-0.4029657409210073,1.2559175554038593
repeat-new minus first-old,119,J4s,0.0030601926377737078,call_minus_fold,198,0.8846402800457149,0.7995127635499796
repeat-new minus first-old,119,J4s,0.0030601926377737078,raise_minus_fold,198,-1.7214804735028653,1.998799923584787
repeat-new minus first-old,119,J4s,0.0030601926377737078,raise_minus_call,198,-2.6061207535485797,2.1576177498379288
repeat-new minus first-old,120,J5s,0.003040739542766197,call_minus_fold,181,-0.05675411951606849,0.5642812828233646
repeat-new minus first-old,120,J5s,0.003040739542766197,raise_minus_fold,181,-7.5674036792558885,1.2631281070714278
repeat-new minus first-old,120,J5s,0.003040739542766197,raise_minus_call,181,-7.51064955973982,1.4638610776020176
repeat-new minus first-old,121,J6s,0.0030344294563382545,call_minus_fold,204,-0.41740465673487454,1.7100915509201025
repeat-new minus first-old,121,J6s,0.0030344294563382545,raise_minus_fold,204,-7.301608664470108,1.1966008403808879
repeat-new minus first-old,121,J6s,0.0030344294563382545,raise_minus_call,204,-6.884204007735233,2.0495962524656948
repeat-new minus first-old,122,J7s,0.0030297342847703562,call_minus_fold,185,-2.1832272473434045,0.9029952812894082
repeat-new minus first-old,122,J7s,0.0030297342847703562,raise_minus_fold,185,-2.022035529974021,2.338999479266022
repeat-new minus first-old,122,J7s,0.0030297342847703562,raise_minus_call,185,0.16119171736938345,2.241272015943056
repeat-new minus first-old,123,J8s,0.0030183005204907085,call_minus_fold,196,-7.789251774843433,1.936402763642749
repeat-new minus first-old,123,J8s,0.0030183005204907085,raise_minus_fold,196,-0.569405631601153,1.4233831505561083
repeat-new minus first-old,123,J8s,0.0030183005204907085,raise_minus_call,196,7.219846143242281,2.046006308956126
repeat-new minus first-old,124,J9s,0.00299643869350183,call_minus_fold,198,-0.5530952560168133,0.6323394368939018
repeat-new minus first-old,124,J9s,0.00299643869350183,raise_minus_fold,198,0.42631900522066885,1.0538979985435004
repeat-new minus first-old,124,J9s,0.00299643869350183,raise_minus_call,198,0.979414261237482,1.0502650144729715
repeat-new minus first-old,125,JTs,0.002982874835202435,call_minus_fold,200,-2.651452876758571,0.8271582276743236
repeat-new minus first-old,125,JTs,0.002982874835202435,raise_minus_fold,200,-4.406899408183602,1.3036115497714968
repeat-new minus first-old,125,JTs,0.002982874835202435,raise_minus_call,200,-1.7554465314250307,1.4266995776964067
repeat-new minus first-old,126,JJ,0.004464729101391971,call_minus_fold,324,3.1211328903413973,1.1623825312573484
repeat-new minus first-old,126,JJ,0.004464729101391971,raise_minus_fold,324,2.65574311767379,2.2437331126834885
repeat-new minus first-old,126,JJ,0.004464729101391971,raise_minus_call,324,-0.4653897726676073,2.426424308890193
repeat-new minus first-old,127,QJo,0.008838791741356376,call_minus_fold,582,-3.415228667718057,0.7895231390317108
repeat-new minus first-old,127,QJo,0.008838791741356376,raise_minus_fold,582,-8.84574682968551,1.2897311703481977
repeat-new minus first-old,127,QJo,0.008838791741356376,raise_minus_call,582,-5.430518161967454,1.2982548688884952
repeat-new minus first-old,128,KJo,0.008748729593427788,call_minus_fold,561,0.5525368657617972,0.5318880486625621
repeat-new minus first-old,128,KJo,0.008748729593427788,raise_minus_fold,561,5.312276801385584,0.9081788058780081
repeat-new minus first-old,128,KJo,0.008748729593427788,raise_minus_call,561,4.759739935623787,0.9406778767717611
repeat-new minus first-old,129,AJo,0.008436846232518724,call_minus_fold,544,-0.30033846662866787,0.6175399784858528
repeat-new minus first-old,129,AJo,0.008436846232518724,raise_minus_fold,544,1.7461809977364136,1.2771745700117996
repeat-new minus first-old,129,AJo,0.008436846232518724,raise_minus_call,544,2.0465194643650815,1.222091718964289
repeat-new minus first-old,130,Q2s,0.003048589629748466,call_minus_fold,202,-0.6347218629412913,0.5208234797589938
repeat-new minus first-old,130,Q2s,0.003048589629748466,raise_minus_fold,202,2.5696162864088405,0.9213447062382382
repeat-new minus first-old,130,Q2s,0.003048589629748466,raise_minus_call,202,3.2043381493501317,0.9240920178968727
repeat-new minus first-old,131,Q3s,0.0030383263451918183,call_minus_fold,197,0.3270203770150943,0.7052308733112447
repeat-new minus first-old,131,Q3s,0.0030383263451918183,raise_minus_fold,197,4.906677822458878,1.4591868580995788
repeat-new minus first-old,131,Q3s,0.0030383263451918183,raise_minus_call,197,4.579657445443783,1.5067417037567263
repeat-new minus first-old,132,Q4s,0.0030300838891443495,call_minus_fold,218,-0.21021437751409355,0.4892991181344745
repeat-new minus first-old,132,Q4s,0.0030300838891443495,raise_minus_fold,218,1.0465871048154707,1.3549230816908806
repeat-new minus first-old,132,Q4s,0.0030300838891443495,raise_minus_call,218,1.2568014823295643,1.3074505634530782
repeat-new minus first-old,133,Q5s,0.003010523121683423,call_minus_fold,204,-0.3066853275674887,0.51392357528474
repeat-new minus first-old,133,Q5s,0.003010523121683423,raise_minus_fold,204,4.616100351812199,1.593682319815662
repeat-new minus first-old,133,Q5s,0.003010523121683423,raise_minus_call,204,4.922785679379688,1.5647560752158323
repeat-new minus first-old,134,Q6s,0.0030106108780065255,call_minus_fold,234,-0.8582803706911756,0.5863043754295243
repeat-new minus first-old,134,Q6s,0.0030106108780065255,raise_minus_fold,234,-0.21461508579364258,1.4311875624978423
repeat-new minus first-old,134,Q6s,0.0030106108780065255,raise_minus_call,234,0.6436652848975333,1.3084933346549452
repeat-new minus first-old,135,Q7s,0.002999247818911184,call_minus_fold,179,-0.38204584289596083,0.761669014679483
repeat-new minus first-old,135,Q7s,0.002999247818911184,raise_minus_fold,179,6.218576154721927,1.313878409290918
repeat-new minus first-old,135,Q7s,0.002999247818911184,raise_minus_call,179,6.600621997617889,1.380420886377908
repeat-new minus first-old,136,Q8s,0.0029880834387154944,call_minus_fold,187,0.446466762665519,0.7724190445991523
repeat-new minus first-old,136,Q8s,0.0029880834387154944,raise_minus_fold,187,-2.1506376971905468,1.9578081116456307
repeat-new minus first-old,136,Q8s,0.0029880834387154944,raise_minus_call,187,-2.5971044598560655,1.8186196513970068
repeat-new minus first-old,137,Q9s,0.0029662224032688716,call_minus_fold,195,-3.9427824182375066,1.4428099343973906
repeat-new minus first-old,137,Q9s,0.0029662224032688716,raise_minus_fold,195,-3.1676498194564533,2.0701754546571225
repeat-new minus first-old,137,Q9s,0.0029662224032688716,raise_minus_call,195,0.7751325987810541,2.5516364724891605
repeat-new minus first-old,138,QTs,0.0029526608655711306,call_minus_fold,168,-0.6194961031567607,0.8941992892265054
repeat-new minus first-old,138,QTs,0.0029526608655711306,raise_minus_fold,168,1.5884531045866366,2.0767539314420094
repeat-new minus first-old,138,QTs,0.0029526608655711306,raise_minus_call,168,2.2079492077433978,2.023021469827769
repeat-new minus first-old,139,QJs,0.0029462700089081767,call_minus_fold,206,-0.3936285844784815,1.086260395023576
repeat-new minus first-old,139,QJs,0.0029462700089081767,raise_minus_fold,206,4.636620551620309,2.073372243582238
repeat-new minus first-old,139,QJs,0.0029462700089081767,raise_minus_call,206,5.03024913609879,2.086842152486295
repeat-new minus first-old,140,QQ,0.004374080308655107,call_minus_fold,278,0.605517438243047,0.29863419516860973
repeat-new minus first-old,140,QQ,0.004374080308655107,raise_minus_fold,278,7.358893588069524,2.5991557154135227
repeat-new minus first-old,140,QQ,0.004374080308655107,raise_minus_call,278,6.753376149826477,2.5331919652846855
repeat-new minus first-old,141,KQo,0.008658085069170625,call_minus_fold,560,0.06296713099874529,0.46511040776401275
repeat-new minus first-old,141,KQo,0.008658085069170625,raise_minus_fold,560,-1.8623897524670618,1.1737570174353908
repeat-new minus first-old,141,KQo,0.008658085069170625,raise_minus_call,560,-1.9253568834658072,1.1615241046522784
repeat-new minus first-old,142,AQo,0.008346197677690622,call_minus_fold,565,-0.8536518086122824,0.591535577125712
repeat-new minus first-old,142,AQo,0.008346197677690622,raise_minus_fold,565,-3.916344951199208,1.1596725994822867
repeat-new minus first-old,142,AQo,0.008346197677690622,raise_minus_call,565,-3.0626931425869257,1.0773019987883643
repeat-new minus first-old,143,K2s,0.0030248961572387077,call_minus_fold,192,-0.061624648286900174,0.6913390759337894
repeat-new minus first-old,143,K2s,0.0030248961572387077,raise_minus_fold,192,-2.171531553881332,1.934514708075549
repeat-new minus first-old,143,K2s,0.0030248961572387077,raise_minus_call,192,-2.1099069055944315,2.026088181594009
repeat-new minus first-old,144,K3s,0.003008434522343193,call_minus_fold,177,-0.8671614315630634,0.7476953247450755
repeat-new minus first-old,144,K3s,0.003008434522343193,raise_minus_fold,177,-8.140786206951702,1.294159434486025
repeat-new minus first-old,144,K3s,0.003008434522343193,raise_minus_call,177,-7.273624775388639,1.4196225095764485
repeat-new minus first-old,145,K4s,0.0030063569944854033,call_minus_fold,218,0.1666772489611881,0.6377903020837323
repeat-new minus first-old,145,K4s,0.0030063569944854033,raise_minus_fold,218,1.702155699428536,0.956302070449866
repeat-new minus first-old,145,K4s,0.0030063569944854033,raise_minus_call,218,1.535478450467348,1.041710011983082
repeat-new minus first-old,146,K5s,0.002980524350918867,call_minus_fold,194,0.2226866665193653,0.6185775375805883
repeat-new minus first-old,146,K5s,0.002980524350918867,raise_minus_fold,194,-0.7027020847862782,1.44141197173078
repeat-new minus first-old,146,K5s,0.002980524350918867,raise_minus_call,194,-0.9253887513056437,1.4401143334628275
repeat-new minus first-old,147,K6s,0.0029806068083200817,call_minus_fold,188,0.7579835925662641,0.550221764466342
repeat-new minus first-old,147,K6s,0.0029806068083200817,raise_minus_fold,188,-0.7476752724377262,1.3262970718882685
repeat-new minus first-old,147,K6s,0.0029806068083200817,raise_minus_call,188,-1.5056588650039906,1.3847326096756285
repeat-new minus first-old,148,K7s,0.002969502618732987,call_minus_fold,192,-1.0540691885944817,0.7050834346184237
repeat-new minus first-old,148,K7s,0.002969502618732987,raise_minus_fold,192,0.01579540826272929,1.512272962193086
repeat-new minus first-old,148,K7s,0.002969502618732987,raise_minus_call,192,1.069864596857211,1.4271069849077271
repeat-new minus first-old,149,K8s,0.0029580582045670247,call_minus_fold,194,-0.554575899714861,0.6699524953106204
repeat-new minus first-old,149,K8s,0.0029580582045670247,raise_minus_fold,194,1.6728127254090692,1.1261134151600194
repeat-new minus first-old,149,K8s,0.0029580582045670247,raise_minus_call,194,2.2273886251239303,1.1144782829764976
repeat-new minus first-old,150,K9s,0.0029361969996104134,call_minus_fold,180,0.19583524255391063,0.7741498547805694
repeat-new minus first-old,150,K9s,0.0029361969996104134,raise_minus_fold,180,0.4840433284567686,1.7941368458254665
repeat-new minus first-old,150,K9s,0.0029361969996104134,raise_minus_call,180,0.2882080859028579,1.8336846891444516
repeat-new minus first-old,151,KTs,0.0029226356056492116,call_minus_fold,186,-0.8993717913701732,0.8076172558674232
repeat-new minus first-old,151,KTs,0.0029226356056492116,raise_minus_fold,186,2.388705654622482,1.5972922860538052
repeat-new minus first-old,151,KTs,0.0029226356056492116,raise_minus_call,186,3.288077445992655,1.6341183487114042
repeat-new minus first-old,152,KJs,0.0029162448758709276,call_minus_fold,209,-3.1069354616943725,1.0928403619001705
repeat-new minus first-old,152,KJs,0.0029162448758709276,raise_minus_fold,209,-3.970904516574899,1.8794470562909347
repeat-new minus first-old,152,KJs,0.0029162448758709276,raise_minus_call,209,-0.8639690548805263,1.596008879772906
repeat-new minus first-old,153,KQs,0.0028860286010029094,call_minus_fold,175,-1.8611137131555555,0.9904540608237966
repeat-new minus first-old,153,KQs,0.0028860286010029094,raise_minus_fold,175,-0.10931286064874675,2.4031362181864884
repeat-new minus first-old,153,KQs,0.0028860286010029094,raise_minus_call,175,1.7518008525068087,2.424518704425993
repeat-new minus first-old,154,KK,0.004284005053936323,call_minus_fold,279,0.38880691639852843,0.3378649879171993
repeat-new minus first-old,154,KK,0.004284005053936323,raise_minus_fold,279,-0.08129498020239864,2.4292965594755165
repeat-new minus first-old,154,KK,0.004284005053936323,raise_minus_call,279,-0.4701018966009275,2.403215658840263
repeat-new minus first-old,155,AKo,0.0082561217647576,call_minus_fold,559,-0.37730862759342987,0.23488441278269528
repeat-new minus first-old,155,AKo,0.0082561217647576,raise_minus_fold,559,2.8091880182438227,1.2199344584158376
repeat-new minus first-old,155,AKo,0.0082561217647576,raise_minus_call,559,3.186496645837252,1.1783093361532244
repeat-new minus first-old,156,A2s,0.0029209535351987642,call_minus_fold,189,0.509544827303622,0.7223442910347165
repeat-new minus first-old,156,A2s,0.0029209535351987642,raise_minus_fold,189,-6.061963363780132,3.2195912853529265
repeat-new minus first-old,156,A2s,0.0029209535351987642,raise_minus_call,189,-6.571508191083755,3.1528277760311334
repeat-new minus first-old,157,A3s,0.002904478032205372,call_minus_fold,187,-0.8604478053221203,0.7622252424309288
repeat-new minus first-old,157,A3s,0.002904478032205372,raise_minus_fold,187,-4.760541037344238,2.31601434382523
repeat-new minus first-old,157,A3s,0.002904478032205372,raise_minus_call,187,-3.9000932320221176,2.080341747942541
repeat-new minus first-old,158,A4s,0.0029024088276845255,call_minus_fold,178,-0.04096288768158595,0.6871079800508718
repeat-new minus first-old,158,A4s,0.0029024088276845255,raise_minus_fold,178,-5.057735865262215,2.74734331937012
repeat-new minus first-old,158,A4s,0.0029024088276845255,raise_minus_call,178,-5.0167729775806285,2.6006940908302485
repeat-new minus first-old,159,A5s,0.0028765640116156376,call_minus_fold,196,1.3426487942904801,0.7489880285356696
repeat-new minus first-old,159,A5s,0.0028765640116156376,raise_minus_fold,196,1.205275998552451,1.6421714317939566
repeat-new minus first-old,159,A5s,0.0028765640116156376,raise_minus_call,196,-0.13737279573802919,1.6655136400941228
repeat-new minus first-old,160,A6s,0.00287664555405943,call_minus_fold,169,-1.2961356954920082,0.8082753634038105
repeat-new minus first-old,160,A6s,0.00287664555405943,raise_minus_fold,169,-1.6281612508529812,2.679655610983279
repeat-new minus first-old,160,A6s,0.00287664555405943,raise_minus_call,169,-0.3320255553609731,2.6391286709752064
repeat-new minus first-old,161,A7s,0.0028655407057624678,call_minus_fold,193,-0.083254872222809,0.7588070561185887
repeat-new minus first-old,161,A7s,0.0028655407057624678,raise_minus_fold,193,1.7067050618026773,2.2209122052536383
repeat-new minus first-old,161,A7s,0.0028655407057624678,raise_minus_call,193,1.7899599340254861,2.0956805453448197
repeat-new minus first-old,162,A8s,0.002854096463089066,call_minus_fold,201,-0.47023617697618647,0.8334985372990166
repeat-new minus first-old,162,A8s,0.002854096463089066,raise_minus_fold,201,-2.4407390283800185,2.0468347926122403
repeat-new minus first-old,162,A8s,0.002854096463089066,raise_minus_call,201,-1.9705028514038325,1.8511000513724754
repeat-new minus first-old,163,A9s,0.0028322345637362746,call_minus_fold,195,2.1239677546450006,0.8809438215505581
repeat-new minus first-old,163,A9s,0.0028322345637362746,raise_minus_fold,195,1.3812122568669472,2.0772534755045506
repeat-new minus first-old,163,A9s,0.0028322345637362746,raise_minus_call,195,-0.7427554977780537,1.984632638246927
repeat-new minus first-old,164,ATs,0.0028186729016320797,call_minus_fold,170,-0.8366465615788391,0.7395032566315072
repeat-new minus first-old,164,ATs,0.0028186729016320797,raise_minus_fold,170,5.598157568808596,2.0464325161754777
repeat-new minus first-old,164,ATs,0.0028186729016320797,raise_minus_call,170,6.434804130387436,2.278414675586038
repeat-new minus first-old,165,AJs,0.0028122821203068987,call_minus_fold,177,-1.1947974708838855,0.9725625459167989
repeat-new minus first-old,165,AJs,0.0028122821203068987,raise_minus_fold,177,-3.3572712167524195,2.210208151510201
repeat-new minus first-old,165,AJs,0.0028122821203068987,raise_minus_call,177,-2.1624737458685335,1.983801766857025
repeat-new minus first-old,166,AQs,0.002782065810743854,call_minus_fold,165,-1.767563474239599,1.6537891643301792
repeat-new minus first-old,166,AQs,0.002782065810743854,raise_minus_fold,165,-1.219867905109417,2.419803296418644
repeat-new minus first-old,166,AQs,0.002782065810743854,raise_minus_call,165,0.5476955691301819,2.6126550021300194
repeat-new minus first-old,167,AKs,0.002752040727766573,call_minus_fold,166,-0.27396952658612894,0.3730606755389614
repeat-new minus first-old,167,AKs,0.002752040727766573,raise_minus_fold,166,2.5416829774622673,3.073860315888798
repeat-new minus first-old,167,AKs,0.002752040727766573,raise_minus_call,166,2.8156525040483964,3.085750935333788
repeat-new minus first-old,168,AA,0.003972108648688113,call_minus_fold,247,0.10214496026579037,0.2913862290259976
repeat-new minus first-old,168,AA,0.003972108648688113,raise_minus_fold,247,-0.5095771359547131,3.1129308051917572
repeat-new minus first-old,168,AA,0.003972108648688113,raise_minus_call,247,-0.6117220962205037,3.0546171378668494
repeat-old minus first-new,0,22,0.004790793724696479,call_minus_fold,311,0.16481051210627168,0.6858698111355536
repeat-old minus first-new,0,22,0.004790793724696479,raise_minus_fold,311,1.317020157917778,1.7081751960352833
repeat-old minus first-new,0,22,0.004790793724696479,raise_minus_call,311,1.1522096458115063,1.7307633117519137
repeat-old minus first-new,1,32o,0.009512847260521819,call_minus_fold,637,0.4297656457873691,0.24564264559191226
repeat-old minus first-new,1,32o,0.009512847260521819,raise_minus_fold,637,0.018292722902963198,0.858428585024948
repeat-old minus first-new,1,32o,0.009512847260521819,raise_minus_call,637,-0.411472922884406,0.8507712879899901
repeat-old minus first-new,2,42o,0.009506641694301852,call_minus_fold,612,-4.822545363664329,0.9511223279289334
repeat-old minus first-new,2,42o,0.009506641694301852,raise_minus_fold,612,7.766265624749598,0.716655032938609
repeat-old minus first-new,2,42o,0.009506641694301852,raise_minus_call,612,12.588810988413927,1.3344270232593562
repeat-old minus first-new,3,52o,0.009429105229310572,call_minus_fold,620,-0.24612491937175107,0.2523232041157845
repeat-old minus first-new,3,52o,0.009429105229310572,raise_minus_fold,620,-4.414532915914094,0.9555120208638214
repeat-old minus first-new,3,52o,0.009429105229310572,raise_minus_call,620,-4.168407996542344,0.9376736642064909
repeat-old minus first-new,4,62o,0.009429352148007004,call_minus_fold,605,0.4437690562025704,0.25973022827111414
repeat-old minus first-new,4,62o,0.009429352148007004,raise_minus_fold,605,-0.2207922618971938,0.5986643347732163
repeat-old minus first-new,4,62o,0.009429352148007004,raise_minus_call,605,-0.6645613180997642,0.5446388392481584
repeat-old minus first-new,5,72o,0.009396037340559372,call_minus_fold,627,-0.17903764459988047,0.3010729768573091
repeat-old minus first-new,5,72o,0.009396037340559372,raise_minus_fold,627,-6.104368213115167,0.6723001728521203
repeat-old minus first-new,5,72o,0.009396037340559372,raise_minus_call,627,-5.925330568515287,0.7038400184709588
repeat-old minus first-new,6,82o,0.009361703242193552,call_minus_fold,627,0.3376289542618292,0.4649347090885586
repeat-old minus first-new,6,82o,0.009361703242193552,raise_minus_fold,627,-0.5951389252503893,0.7516013628562723
repeat-old minus first-new,6,82o,0.009361703242193552,raise_minus_call,627,-0.9327678795122184,0.7670804022226838
repeat-old minus first-new,7,92o,0.009296117200453959,call_minus_fold,643,-3.9443766422671893,0.6333051622359667
repeat-old minus first-new,7,92o,0.009296117200453959,raise_minus_fold,643,1.2723838568683177,0.691992450792356
repeat-old minus first-new,7,92o,0.009296117200453959,raise_minus_call,643,5.216760499135507,0.8326263533730769
repeat-old minus first-new,8,T2o,0.009255431872587724,call_minus_fold,612,-4.876522824537405,0.7202545351914996
repeat-old minus first-new,8,T2o,0.009255431872587724,raise_minus_fold,612,-1.1826587248503455,0.8902850750450118
repeat-old minus first-new,8,T2o,0.009255431872587724,raise_minus_call,612,3.6938640996870595,1.1388484008295474
repeat-old minus first-new,9,J2o,0.009236259296157876,call_minus_fold,592,0.3471087367457728,0.3108861325893877
repeat-old minus first-new,9,J2o,0.009236259296157876,raise_minus_fold,592,-7.131978421662346,0.8399513769794306
repeat-old minus first-new,9,J2o,0.009236259296157876,raise_minus_call,592,-7.47908715840812,0.8515906130042574
repeat-old minus first-new,10,Q2o,0.009145610283355409,call_minus_fold,580,0.1933095183232766,0.3193290643590878
repeat-old minus first-new,10,Q2o,0.009145610283355409,raise_minus_fold,580,9.767394830633522,0.8458290527814403
repeat-old minus first-new,10,Q2o,0.009145610283355409,raise_minus_call,580,9.574085312310245,0.8569495952340964
repeat-old minus first-new,11,K2o,0.009055534566697113,call_minus_fold,619,-0.2414440922766197,0.2752442279589
repeat-old minus first-new,11,K2o,0.009055534566697113,raise_minus_fold,619,-0.6592044258007486,0.5785895645586816
repeat-old minus first-new,11,K2o,0.009055534566697113,raise_minus_call,619,-0.41776033352412884,0.6036423097456269
repeat-old minus first-new,12,A2o,0.008750471453727546,call_minus_fold,581,0.6743027185212528,0.3917237065432888
repeat-old minus first-new,12,A2o,0.008750471453727546,raise_minus_fold,581,4.554250647770862,1.2213253601726923
repeat-old minus first-new,12,A2o,0.008750471453727546,raise_minus_call,581,3.8799479292496097,1.198498641798988
repeat-old minus first-new,13,32s,0.00317094900525911,call_minus_fold,197,0.6514557657141772,0.3324818705517885
repeat-old minus first-new,13,32s,0.00317094900525911,raise_minus_fold,197,0.5606502666425767,0.5205396087950901
repeat-old minus first-new,13,32s,0.00317094900525911,raise_minus_call,197,-0.09080549907160061,0.5365578553876454
repeat-old minus first-new,14,33,0.00474131789843658,call_minus_fold,334,-0.24468900528930498,0.48915120733357964
repeat-old minus first-new,14,33,0.00474131789843658,raise_minus_fold,334,0.9924418925364378,0.9186714034956948
repeat-old minus first-new,14,33,0.00474131789843658,raise_minus_call,334,1.2371308978257427,0.9996587433116715
repeat-old minus first-new,15,43o,0.009457166113881007,call_minus_fold,591,0.4899914090239842,0.3196927781600467
repeat-old minus first-new,15,43o,0.009457166113881007,raise_minus_fold,591,7.204786004762753,0.8917392836972202
repeat-old minus first-new,15,43o,0.009457166113881007,raise_minus_call,591,6.71479459573877,0.8983295280443442
repeat-old minus first-new,16,53o,0.009379629648889725,call_minus_fold,619,-0.22226039062663802,0.19663235970529314
repeat-old minus first-new,16,53o,0.009379629648889725,raise_minus_fold,619,0.17291155702060465,0.6799671406253237
repeat-old minus first-new,16,53o,0.009379629648889725,raise_minus_call,619,0.3951719476472426,0.6877028184499482
repeat-old minus first-new,17,63o,0.00937987656758616,call_minus_fold,601,-0.4503064155180315,0.34223452467327437
repeat-old minus first-new,17,63o,0.00937987656758616,raise_minus_fold,601,-3.000006642062468,1.057924166193092
repeat-old minus first-new,17,63o,0.00937987656758616,raise_minus_call,601,-2.5497002265444366,1.0995094851968652
repeat-old minus first-new,18,73o,0.009346561760138525,call_minus_fold,640,0.7245101000303878,0.42445630692643166
repeat-old minus first-new,18,73o,0.009346561760138525,raise_minus_fold,640,5.014136651071913,0.651796459161603
repeat-old minus first-new,18,73o,0.009346561760138525,raise_minus_call,640,4.2896265510415255,0.7066552471669092
repeat-old minus first-new,19,83o,0.009312227661772707,call_minus_fold,588,-2.4929449012649796,0.39307157742920956
repeat-old minus first-new,19,83o,0.009312227661772707,raise_minus_fold,588,-0.6456403423436154,0.8567937304505528
repeat-old minus first-new,19,83o,0.009312227661772707,raise_minus_call,588,1.8473045589213637,0.8362396419946974
repeat-old minus first-new,20,93o,0.009246641620033112,call_minus_fold,608,0.7839682627897585,0.28179155334710276
repeat-old minus first-new,20,93o,0.009246641620033112,raise_minus_fold,608,-0.7801560496012309,0.6834375151274651
repeat-old minus first-new,20,93o,0.009246641620033112,raise_minus_call,608,-1.5641243123909894,0.6974735716421469
repeat-old minus first-new,21,T3o,0.009205956292166879,call_minus_fold,589,0.01189347280389957,0.3163706003706542
repeat-old minus first-new,21,T3o,0.009205956292166879,raise_minus_fold,589,2.2867519273491173,1.091189439706685
repeat-old minus first-new,21,T3o,0.009205956292166879,raise_minus_call,589,2.2748584545452175,1.0287476323441906
repeat-old minus first-new,22,J3o,0.00918678371573703,call_minus_fold,640,-0.18871322946089614,0.2784344849946449
repeat-old minus first-new,22,J3o,0.00918678371573703,raise_minus_fold,640,1.306180624317235,0.6165976342343733
repeat-old minus first-new,22,J3o,0.00918678371573703,raise_minus_call,640,1.494893853778131,0.6311830682955
repeat-old minus first-new,23,Q3o,0.009096134702934562,call_minus_fold,606,-7.0354524161273595,0.782612013252987
repeat-old minus first-new,23,Q3o,0.009096134702934562,raise_minus_fold,606,0.6364353706482191,0.675338427618626
repeat-old minus first-new,23,Q3o,0.009096134702934562,raise_minus_call,606,7.671887786775579,0.9825158960546103
repeat-old minus first-new,24,K3o,0.009006058986276266,call_minus_fold,578,0.15161327141892902,0.311929260158771
repeat-old minus first-new,24,K3o,0.009006058986276266,raise_minus_fold,578,7.499104092883274,0.7107135861290219
repeat-old minus first-new,24,K3o,0.009006058986276266,raise_minus_call,578,7.347490821464345,0.7391629575459887
repeat-old minus first-new,25,A3o,0.00871117416475761,call_minus_fold,564,0.33158426484084097,0.38162906319146617
repeat-old minus first-new,25,A3o,0.00871117416475761,raise_minus_fold,564,-1.5350741945683535,0.9718720074598154
repeat-old minus first-new,25,A3o,0.00871117416475761,raise_minus_call,564,-1.8666584594091946,0.9494233578105432
repeat-old minus first-new,26,42s,0.0031688804832390063,call_minus_fold,218,1.5189955038685556,0.5534904449762031
repeat-old minus first-new,26,42s,0.0031688804832390063,raise_minus_fold,218,8.267589435577486,1.2982841722301939
repeat-old minus first-new,26,42s,0.0031688804832390063,raise_minus_call,218,6.748593931708929,1.2295892959582677
repeat-old minus first-new,27,43s,0.0031523886235230235,call_minus_fold,234,-0.5046990909652325,0.5990368318591641
repeat-old minus first-new,27,43s,0.0031523886235230235,raise_minus_fold,234,-2.632965322349811,1.87213451768828
repeat-old minus first-new,27,43s,0.0031523886235230235,raise_minus_call,234,-2.1282662313845786,1.6463555308039834
repeat-old minus first-new,28,44,0.004735112089351418,call_minus_fold,323,0.28861133506647046,0.5271988501399313
repeat-old minus first-new,28,44,0.004735112089351418,raise_minus_fold,323,0.12013068961332257,1.1781134475227861
repeat-old minus first-new,28,44,0.004735112089351418,raise_minus_call,323,-0.16848064545314773,1.190237871788167
repeat-old minus first-new,29,54o,0.00937342408266976,call_minus_fold,621,-0.17989390959222903,0.32226515065441763
repeat-old minus first-new,29,54o,0.00937342408266976,raise_minus_fold,621,1.0272157054504758,0.6634713022930894
repeat-old minus first-new,29,54o,0.00937342408266976,raise_minus_call,621,1.2071096150427048,0.689648296107689
repeat-old minus first-new,30,64o,0.009373671001366192,call_minus_fold,579,0.012274873097004485,0.40955239560457146
repeat-old minus first-new,30,64o,0.009373671001366192,raise_minus_fold,579,0.44534267401317373,0.7058146874895933
repeat-old minus first-new,30,64o,0.009373671001366192,raise_minus_call,579,0.43306780091616914,0.7421763753156182
repeat-old minus first-new,31,74o,0.00934035619391856,call_minus_fold,611,0.6625938461880468,0.335721157876317
repeat-old minus first-new,31,74o,0.00934035619391856,raise_minus_fold,611,4.568204863947401,0.8747992633387721
repeat-old minus first-new,31,74o,0.00934035619391856,raise_minus_call,611,3.9056110177593553,0.7950274537112708
repeat-old minus first-new,32,84o,0.009306022095552742,call_minus_fold,613,-0.04117522176472751,0.296072452794329
repeat-old minus first-new,32,84o,0.009306022095552742,raise_minus_fold,613,-6.341937829472143,0.962848993840457
repeat-old minus first-new,32,84o,0.009306022095552742,raise_minus_call,613,-6.300762607707416,0.9227361791976021
repeat-old minus first-new,33,94o,0.009240436053813146,call_minus_fold,611,1.2647807102508266,0.4142252664229645
repeat-old minus first-new,33,94o,0.009240436053813146,raise_minus_fold,611,-0.007923501215458217,0.8407404548725028
repeat-old minus first-new,33,94o,0.009240436053813146,raise_minus_call,611,-1.2727042114662848,0.9261702930001476
repeat-old minus first-new,34,T4o,0.009199750725946912,call_minus_fold,557,-0.23678558969873856,0.3337626041413248
repeat-old minus first-new,34,T4o,0.009199750725946912,raise_minus_fold,557,3.399454452311178,1.187860189371713
repeat-old minus first-new,34,T4o,0.009199750725946912,raise_minus_call,557,3.6362400420099164,1.1790455427855036
repeat-old minus first-new,35,J4o,0.009180578149517064,call_minus_fold,625,0.23344448161879405,0.3043750722698036
repeat-old minus first-new,35,J4o,0.009180578149517064,raise_minus_fold,625,-2.8063386338466834,0.5714216787313812
repeat-old minus first-new,35,J4o,0.009180578149517064,raise_minus_call,625,-3.039783115465477,0.6468001432000603
repeat-old minus first-new,36,Q4o,0.009089929136714596,call_minus_fold,578,0.05179982042691243,0.35388313892000817
repeat-old minus first-new,36,Q4o,0.009089929136714596,raise_minus_fold,578,1.6978257357449833,0.7169915238798404
repeat-old minus first-new,36,Q4o,0.009089929136714596,raise_minus_call,578,1.6460259153180707,0.7414640206789477
repeat-old minus first-new,37,K4o,0.0089998534200563,call_minus_fold,598,-2.257860938927805,0.5759198142671678
repeat-old minus first-new,37,K4o,0.0089998534200563,raise_minus_fold,598,-4.628338442251177,0.6870779325258366
repeat-old minus first-new,37,K4o,0.0089998534200563,raise_minus_call,598,-2.370477503323372,0.6644283853802361
repeat-old minus first-new,38,A4o,0.008706783739295723,call_minus_fold,553,0.5289639727538045,0.5544884045888594
repeat-old minus first-new,38,A4o,0.008706783739295723,raise_minus_fold,553,5.730788059506587,0.703939040937065
repeat-old minus first-new,38,A4o,0.008706783739295723,raise_minus_call,553,5.201824086752783,0.7733160149944691
repeat-old minus first-new,39,52s,0.0031430349955735267,call_minus_fold,218,1.2298963714882254,0.38036461614779127
repeat-old minus first-new,39,52s,0.0031430349955735267,raise_minus_fold,218,6.083819394912826,1.5642900470336683
repeat-old minus first-new,39,52s,0.0031430349955735267,raise_minus_call,218,4.853923023424601,1.5340796539989578
repeat-old minus first-new,40,53s,0.0031265820393601806,call_minus_fold,185,-1.1341040686647073,0.8827942330569455
repeat-old minus first-new,40,53s,0.0031265820393601806,raise_minus_fold,185,-4.786862873463257,1.7221998212931608
repeat-old minus first-new,40,53s,0.0031265820393601806,raise_minus_call,185,-3.652758804798549,1.6242027118421745
repeat-old minus first-new,41,54s,0.0031308951109540934,call_minus_fold,203,0.33087845306855235,0.3987392153634689
repeat-old minus first-new,41,54s,0.0031308951109540934,raise_minus_fold,203,-2.6621270029573805,1.6788078625677199
repeat-old minus first-new,41,54s,0.0031308951109540934,raise_minus_call,203,-2.9930054560259323,1.6727987009711855
repeat-old minus first-new,42,55,0.004657575877138198,call_minus_fold,316,0.1519595324339676,0.7444993075704952
repeat-old minus first-new,42,55,0.004657575877138198,raise_minus_fold,316,3.47767057850066,2.0490427095311796
repeat-old minus first-new,42,55,0.004657575877138198,raise_minus_call,316,3.325711046066692,1.946531595943368
repeat-old minus first-new,43,65o,0.00929613453637491,call_minus_fold,637,-0.37597372975526727,0.3109171432866886
repeat-old minus first-new,43,65o,0.00929613453637491,raise_minus_fold,637,-1.9157477354814838,0.5753819101918761
repeat-old minus first-new,43,65o,0.00929613453637491,raise_minus_call,637,-1.5397740057262168,0.6268756376018856
repeat-old minus first-new,44,75o,0.009262819728927278,call_minus_fold,616,-1.4703088092672487,0.4953923303320822
repeat-old minus first-new,44,75o,0.009262819728927278,raise_minus_fold,616,-0.2927342165849329,0.9107486732964694
repeat-old minus first-new,44,75o,0.009262819728927278,raise_minus_call,616,1.1775745926823158,1.0883491888635504
repeat-old minus first-new,45,85o,0.00922848563056146,call_minus_fold,584,-0.009705409619005803,0.29948876091597487
repeat-old minus first-new,45,85o,0.00922848563056146,raise_minus_fold,584,-1.5493127515597105,0.5484359988723794
repeat-old minus first-new,45,85o,0.00922848563056146,raise_minus_call,584,-1.5396073419407048,0.5778302255593103
repeat-old minus first-new,46,95o,0.009162899588821865,call_minus_fold,554,-0.0997280693690942,0.2816739271368831
repeat-old minus first-new,46,95o,0.009162899588821865,raise_minus_fold,554,1.2764655388214956,0.7369208885363369
repeat-old minus first-new,46,95o,0.009162899588821865,raise_minus_call,554,1.37619360819059,0.724603514662313
repeat-old minus first-new,47,T5o,0.00912221426095563,call_minus_fold,603,-0.1726970840524537,0.2522622906598792
repeat-old minus first-new,47,T5o,0.00912221426095563,raise_minus_fold,603,-5.376945666670547,0.8593471036763786
repeat-old minus first-new,47,T5o,0.00912221426095563,raise_minus_call,603,-5.204248582618094,0.9000284899025417
repeat-old minus first-new,48,J5o,0.009103041684525784,call_minus_fold,584,-0.23437349725462187,0.27522092732157544
repeat-old minus first-new,48,J5o,0.009103041684525784,raise_minus_fold,584,-2.588619408169792,0.5195147642612458
repeat-old minus first-new,48,J5o,0.009103041684525784,raise_minus_call,584,-2.35424591091517,0.5579399860525391
repeat-old minus first-new,49,Q5o,0.009012392671723315,call_minus_fold,604,-0.12335484659855503,0.30284807248915846
repeat-old minus first-new,49,Q5o,0.009012392671723315,raise_minus_fold,604,-5.6028742256738315,0.7456131487158097
repeat-old minus first-new,49,Q5o,0.009012392671723315,raise_minus_call,604,-5.479519379075277,0.747395848790801
repeat-old minus first-new,50,K5o,0.008922321679882108,call_minus_fold,596,0.1705872740386426,0.258811826651695
repeat-old minus first-new,50,K5o,0.008922321679882108,raise_minus_fold,596,0.46155632437281957,0.2690997181655992
repeat-old minus first-new,50,K5o,0.008922321679882108,raise_minus_call,596,0.290969050334177,0.3229414281250042
repeat-old minus first-new,51,A5o,0.008629658602692861,call_minus_fold,613,-0.43768680830515183,0.37355193393155856
repeat-old minus first-new,51,A5o,0.008629658602692861,raise_minus_fold,613,4.7533176968393365,0.8956803530819432
repeat-old minus first-new,51,A5o,0.008629658602692861,raise_minus_call,613,5.191004505144488,0.8265119506572587
repeat-old minus first-new,52,62s,0.003143117301803553,call_minus_fold,186,-4.962755965244432,1.359240786228675
repeat-old minus first-new,52,62s,0.003143117301803553,raise_minus_fold,186,9.259804308432267,1.3650685100284616
repeat-old minus first-new,52,62s,0.003143117301803553,raise_minus_call,186,14.2225602736767,2.12773878528467
repeat-old minus first-new,53,63s,0.00312662544208757,call_minus_fold,208,-0.18129390421074743,0.5477539256570121
repeat-old minus first-new,53,63s,0.00312662544208757,raise_minus_fold,208,-0.1297032387275417,1.6804332537754614
repeat-old minus first-new,53,63s,0.00312662544208757,raise_minus_call,208,0.051590665483205685,1.6267979353095743
repeat-old minus first-new,54,64s,0.003124612815858345,call_minus_fold,218,1.545097316403424,0.4684807407165886
repeat-old minus first-new,54,64s,0.003124612815858345,raise_minus_fold,218,0.8222825499830381,1.0594247465768092
repeat-old minus first-new,54,64s,0.003124612815858345,raise_minus_call,218,-0.7228147664203863,1.1158768726984036
repeat-old minus first-new,55,65s,0.003105130327599686,call_minus_fold,199,-9.395239225545598,1.8128728333795907
repeat-old minus first-new,55,65s,0.003105130327599686,raise_minus_fold,199,0.7102036727257331,1.4672550568228098
repeat-old minus first-new,55,65s,0.003105130327599686,raise_minus_call,199,10.105442898271331,2.482760157995167
repeat-old minus first-new,56,66,0.004657822776008899,call_minus_fold,320,1.4805096052344853,0.6221287648359338
repeat-old minus first-new,56,66,0.004657822776008899,raise_minus_fold,320,-2.550579352522652,1.46650049593022
repeat-old minus first-new,56,66,0.004657822776008899,raise_minus_call,320,-4.031088957757137,1.5240304202503294
repeat-old minus first-new,57,76o,0.009263066647623712,call_minus_fold,646,-1.5354972836395473,0.4249833676322733
repeat-old minus first-new,57,76o,0.009263066647623712,raise_minus_fold,646,7.217854895826537,0.9920392208529805
repeat-old minus first-new,57,76o,0.009263066647623712,raise_minus_call,646,8.753352179466084,0.9950881019074819
repeat-old minus first-new,58,86o,0.009228732549257894,call_minus_fold,609,-5.03235685890398,0.726404794778563
repeat-old minus first-new,58,86o,0.009228732549257894,raise_minus_fold,609,3.8667428878689787,1.3516900605165394
repeat-old minus first-new,58,86o,0.009228732549257894,raise_minus_call,609,8.899099746772958,1.5603894120476172
repeat-old minus first-new,59,96o,0.009163146507518297,call_minus_fold,602,3.3552934345576286,0.7576485203151946
repeat-old minus first-new,59,96o,0.009163146507518297,raise_minus_fold,602,0.3392373982172677,0.6881959850701864
repeat-old minus first-new,59,96o,0.009163146507518297,raise_minus_call,602,-3.016056036340361,0.9604785257526421
repeat-old minus first-new,60,T6o,0.009122461179652064,call_minus_fold,603,-0.5737288454502473,0.4030635336125227
repeat-old minus first-new,60,T6o,0.009122461179652064,raise_minus_fold,603,2.8054629318699145,0.9099275599564549
repeat-old minus first-new,60,T6o,0.009122461179652064,raise_minus_call,603,3.3791917773201616,0.9915816850250397
repeat-old minus first-new,61,J6o,0.009103288603222215,call_minus_fold,559,2.3758999515859545,0.5600295890420158
repeat-old minus first-new,61,J6o,0.009103288603222215,raise_minus_fold,559,-8.350549102033899,0.9368034593764242
repeat-old minus first-new,61,J6o,0.009103288603222215,raise_minus_call,559,-10.726449053619852,1.106633321449423
repeat-old minus first-new,62,Q6o,0.009012639590419749,call_minus_fold,545,0.8405406160424602,0.3353809917043541
repeat-old minus first-new,62,Q6o,0.009012639590419749,raise_minus_fold,545,-0.28610814147222535,1.0768493343762655
repeat-old minus first-new,62,Q6o,0.009012639590419749,raise_minus_call,545,-1.1266487575146855,1.121026399035339
repeat-old minus first-new,63,K6o,0.008922569928609137,call_minus_fold,546,-0.9815966705448578,0.3319945930111462
repeat-old minus first-new,63,K6o,0.008922569928609137,raise_minus_fold,546,5.207242537986805,1.1956905107763227
repeat-old minus first-new,63,K6o,0.008922569928609137,raise_minus_call,546,6.188839208531663,1.200852863927887
repeat-old minus first-new,64,A6o,0.008629688899514034,call_minus_fold,546,0.021670823367870705,0.40565628246912866
repeat-old minus first-new,64,A6o,0.008629688899514034,raise_minus_fold,546,6.886655313693134,0.841938520721017
repeat-old minus first-new,64,A6o,0.008629688899514034,raise_minus_call,546,6.864984490325262,0.8273756484135052
repeat-old minus first-new,65,72s,0.0031320123662733814,call_minus_fold,205,-0.5037399413834444,0.46580162861246865
repeat-old minus first-new,65,72s,0.0031320123662733814,raise_minus_fold,205,-5.392503372611021,1.804809397983292
repeat-old minus first-new,65,72s,0.0031320123662733814,raise_minus_call,205,-4.888763431227576,1.7459021222397388
repeat-old minus first-new,66,73s,0.003115520506557398,call_minus_fold,213,0.5936339736687983,0.43292724367771024
repeat-old minus first-new,66,73s,0.003115520506557398,raise_minus_fold,213,1.3762121316690747,1.0460397696879014
repeat-old minus first-new,66,73s,0.003115520506557398,raise_minus_call,213,0.7825781580002764,0.89112260048668
repeat-old minus first-new,67,74s,0.0031134519845372947,call_minus_fold,231,-5.6209619966581945,1.4391213700262886
repeat-old minus first-new,67,74s,0.0031134519845372947,raise_minus_fold,231,-8.711917215744041,1.5324437654752376
repeat-old minus first-new,67,74s,0.0031134519845372947,raise_minus_call,231,-3.090955219085848,1.6585703014856386
repeat-old minus first-new,68,75s,0.0030925460922791082,call_minus_fold,214,0.3414657794386795,0.5572491349514019
repeat-old minus first-new,68,75s,0.0030925460922791082,raise_minus_fold,214,2.217494848348972,1.7901605998656447
repeat-old minus first-new,68,75s,0.0030925460922791082,raise_minus_call,214,1.8760290689102923,1.562621501536612
repeat-old minus first-new,69,76s,0.003094107729029421,call_minus_fold,209,-0.19371652990335972,0.5628297219414293
repeat-old minus first-new,69,76s,0.003094107729029421,raise_minus_fold,209,2.690916736452044,1.7972090430104348
repeat-old minus first-new,69,76s,0.003094107729029421,raise_minus_call,209,2.8846332663554035,1.6768305493863396
repeat-old minus first-new,70,77,0.004624507869432617,call_minus_fold,325,-1.1940808525949704,0.7906737895671757
repeat-old minus first-new,70,77,0.004624507869432617,raise_minus_fold,325,0.21116418246771523,1.862881233808769
repeat-old minus first-new,70,77,0.004624507869432617,raise_minus_call,325,1.4052450350626855,1.69543871087242
repeat-old minus first-new,71,87o,0.009195417741810262,call_minus_fold,584,0.09712696855999968,0.32618901314091436
repeat-old minus first-new,71,87o,0.009195417741810262,raise_minus_fold,584,0.8169313241168926,0.9443414165497968
repeat-old minus first-new,71,87o,0.009195417741810262,raise_minus_call,584,0.719804355556893,0.8700075961736354
repeat-old minus first-new,72,97o,0.009129831700070664,call_minus_fold,628,-4.285999158818071,0.5947668210877973
repeat-old minus first-new,72,97o,0.009129831700070664,raise_minus_fold,628,-6.464730490194034,0.8810347299053376
repeat-old minus first-new,72,97o,0.009129831700070664,raise_minus_call,628,-2.1787313313759626,0.9224412127053445
repeat-old minus first-new,73,T7o,0.009089146372204432,call_minus_fold,592,-0.4344205664297376,0.3150153905241367
repeat-old minus first-new,73,T7o,0.009089146372204432,raise_minus_fold,592,6.758032207531241,0.7718388848807527
repeat-old minus first-new,73,T7o,0.009089146372204432,raise_minus_call,592,7.192452773960979,0.7571256300446779
repeat-old minus first-new,74,J7o,0.009069973795774582,call_minus_fold,561,-0.5421145199963013,0.26067439790012126
repeat-old minus first-new,74,J7o,0.009069973795774582,raise_minus_fold,561,-6.2886139563208205,0.921965829064238
repeat-old minus first-new,74,J7o,0.009069973795774582,raise_minus_call,561,-5.746499436324519,0.9125002876545982
repeat-old minus first-new,75,Q7o,0.008979324782972116,call_minus_fold,560,-0.4203920698575153,0.3669302528073785
repeat-old minus first-new,75,Q7o,0.008979324782972116,raise_minus_fold,560,-0.0949978513535442,0.6815345287080402
repeat-old minus first-new,75,Q7o,0.008979324782972116,raise_minus_call,560,0.3253942185039711,0.7610849794270564
repeat-old minus first-new,76,K7o,0.008889249585588644,call_minus_fold,634,-4.032956761863261,0.6896060723181323
repeat-old minus first-new,76,K7o,0.008889249585588644,raise_minus_fold,634,-2.680106859870396,1.0163266639898503
repeat-old minus first-new,76,K7o,0.008889249585588644,raise_minus_call,634,1.352849901992865,1.1399868912119542
repeat-old minus first-new,77,A7o,0.008596451115028006,call_minus_fold,556,-0.5969824640478674,0.432807238021896
repeat-old minus first-new,77,A7o,0.008596451115028006,raise_minus_fold,556,-0.3502797252171017,1.2330773813705835
repeat-old minus first-new,77,A7o,0.008596451115028006,raise_minus_call,556,0.24670273883076574,1.167284946173138
repeat-old minus first-new,78,82s,0.003120567667112555,call_minus_fold,192,-9.787220044777266,1.8158759340157575
repeat-old minus first-new,78,82s,0.003120567667112555,raise_minus_fold,192,-0.5497268809277949,1.6630695984399537
repeat-old minus first-new,78,82s,0.003120567667112555,raise_minus_call,192,9.23749316384947,1.8528637950680544
repeat-old minus first-new,79,83s,0.0031040758073965723,call_minus_fold,219,-3.8159452553482596,1.2388193425262162
repeat-old minus first-new,79,83s,0.0031040758073965723,raise_minus_fold,219,7.999392689923867,1.2523795991837707
repeat-old minus first-new,79,83s,0.0031040758073965723,raise_minus_call,219,11.815337945272125,1.7998948473793575
repeat-old minus first-new,80,84s,0.0031020072853764685,call_minus_fold,189,-0.6260247804213959,0.6650554181320671
repeat-old minus first-new,80,84s,0.0031020072853764685,raise_minus_fold,189,0.08480571440608022,1.6285880430641009
repeat-old minus first-new,80,84s,0.0031020072853764685,raise_minus_call,189,0.7108304948274762,1.6136693345868567
repeat-old minus first-new,81,85s,0.0030766711611621336,call_minus_fold,196,-0.34258632277089324,0.6374234504337771
repeat-old minus first-new,81,85s,0.0030766711611621336,raise_minus_fold,196,1.799654445005562,1.8120761189825743
repeat-old minus first-new,81,85s,0.0030766711611621336,raise_minus_call,196,2.1422407677764554,1.7769834005796983
repeat-old minus first-new,82,86s,0.0030826649524687264,call_minus_fold,193,1.9513004174631912,0.9729490333116805
repeat-old minus first-new,82,86s,0.0030826649524687264,raise_minus_fold,193,4.585284981111983,1.8151619480888483
repeat-old minus first-new,82,86s,0.0030826649524687264,raise_minus_call,193,2.6339845636487924,1.9470243089532655
repeat-old minus first-new,83,87s,0.003071559958948295,call_minus_fold,205,0.5360498865448058,0.8449679383165184
repeat-old minus first-new,83,87s,0.003071559958948295,raise_minus_fold,205,-0.8867449991777518,1.7888458973367625
repeat-old minus first-new,83,87s,0.003071559958948295,raise_minus_call,205,-1.4227948857225579,1.8540386602892323
repeat-old minus first-new,84,88,0.004590173593626515,call_minus_fold,311,-0.9145326312141547,1.1381994153149655
repeat-old minus first-new,84,88,0.004590173593626515,raise_minus_fold,311,-1.359581012905808,1.8862076187970676
repeat-old minus first-new,84,88,0.004590173593626515,raise_minus_call,311,-0.445048381691653,2.2806223626951723
repeat-old minus first-new,85,98o,0.009095536099493505,call_minus_fold,644,-6.265049347879394,0.8346693368205846
repeat-old minus first-new,85,98o,0.009095536099493505,raise_minus_fold,644,-5.92460677936501,0.8401511225598517
repeat-old minus first-new,85,98o,0.009095536099493505,raise_minus_call,644,0.34044256851438354,0.9944662023328816
repeat-old minus first-new,86,T8o,0.009054823459607524,call_minus_fold,597,-0.2375538442001814,0.3916956463094641
repeat-old minus first-new,86,T8o,0.009054823459607524,raise_minus_fold,597,1.5862991299320084,0.7184583453257646
repeat-old minus first-new,86,T8o,0.009054823459607524,raise_minus_call,597,1.82385297413219,0.774116794996168
repeat-old minus first-new,87,J8o,0.009035639697408766,call_minus_fold,613,-0.7582358686740639,0.3407200055590244
repeat-old minus first-new,87,J8o,0.009035639697408766,raise_minus_fold,613,-1.5549732015737865,1.0646860658755009
repeat-old minus first-new,87,J8o,0.009035639697408766,raise_minus_call,613,-0.7967373328997224,0.9813691968243486
repeat-old minus first-new,88,Q8o,0.008944991632856244,call_minus_fold,581,-4.688309654577827,0.8003716126124337
repeat-old minus first-new,88,Q8o,0.008944991632856244,raise_minus_fold,581,-1.6640107945901255,0.9753820759194123
repeat-old minus first-new,88,Q8o,0.008944991632856244,raise_minus_call,581,3.024298859987702,1.1129360291550077
repeat-old minus first-new,89,K8o,0.008870288926542031,call_minus_fold,602,0.2764729766259577,0.3739158649296759
repeat-old minus first-new,89,K8o,0.008870288926542031,raise_minus_fold,602,8.574130660903938,1.1055228062082987
repeat-old minus first-new,89,K8o,0.008870288926542031,raise_minus_call,602,8.297657684277981,1.1277972081268317
repeat-old minus first-new,90,A8o,0.008562270572889864,call_minus_fold,560,3.234004462689932,0.509633187676154
repeat-old minus first-new,90,A8o,0.008562270572889864,raise_minus_fold,560,-4.273257199345023,1.0361304054864349
repeat-old minus first-new,90,A8o,0.008562270572889864,raise_minus_call,560,-7.507261662034955,1.1573107191260668
repeat-old minus first-new,91,92s,0.0030987056537618175,call_minus_fold,209,2.4008400619995096,0.7234472457454632
repeat-old minus first-new,91,92s,0.0030987056537618175,raise_minus_fold,209,5.397920911684598,1.4541567674876492
repeat-old minus first-new,91,92s,0.0030987056537618175,raise_minus_call,209,2.9970808496850885,1.627633478167511
repeat-old minus first-new,92,93s,0.003082213794045835,call_minus_fold,202,0.6627703262204492,0.5338663327115507
repeat-old minus first-new,92,93s,0.003082213794045835,raise_minus_fold,202,-5.660080722443664,1.5403765633751183
repeat-old minus first-new,92,93s,0.003082213794045835,raise_minus_call,202,-6.322851048664112,1.6275898259755237
repeat-old minus first-new,93,94s,0.003080145272025731,call_minus_fold,198,-1.9705932410612317,0.8469454212996331
repeat-old minus first-new,93,94s,0.003080145272025731,raise_minus_fold,198,0.7299861638898292,1.193142891267069
repeat-old minus first-new,93,94s,0.003080145272025731,raise_minus_call,198,2.700579404951061,1.3979127179159656
repeat-old minus first-new,94,95s,0.0030551849830528464,call_minus_fold,178,-0.6008363937455159,0.4433637604654518
repeat-old minus first-new,94,95s,0.0030551849830528464,raise_minus_fold,178,3.74528922553189,2.1001673758571204
repeat-old minus first-new,94,95s,0.0030551849830528464,raise_minus_call,178,4.346125619277406,2.1430922199180027
repeat-old minus first-new,95,96s,0.003060802798850952,call_minus_fold,192,4.9374517241142994,1.2875298092536285
repeat-old minus first-new,95,96s,0.003060802798850952,raise_minus_fold,192,-7.034583047735073,1.8991845033217256
repeat-old minus first-new,95,96s,0.003060802798850952,raise_minus_call,192,-11.972034771849373,2.3916542112165393
repeat-old minus first-new,96,97s,0.0030496971044909785,call_minus_fold,202,0.9931168534578768,0.6118185484200733
repeat-old minus first-new,96,97s,0.0030496971044909785,raise_minus_fold,202,7.164786482459051,2.118326046089723
repeat-old minus first-new,96,97s,0.0030496971044909785,raise_minus_call,202,6.171669629001173,1.9631955892674267
repeat-old minus first-new,97,98s,0.003038252900973393,call_minus_fold,196,-0.10867240616413221,0.8740286448454807
repeat-old minus first-new,97,98s,0.003038252900973393,raise_minus_fold,196,0.7765225633650192,1.6390640363568676
repeat-old minus first-new,97,98s,0.003038252900973393,raise_minus_call,196,0.8851949695291512,1.6200451549959094
repeat-old minus first-new,98,99,0.004524587518183176,call_minus_fold,305,-2.105129749743848,0.746811334596302
repeat-old minus first-new,98,99,0.004524587518183176,raise_minus_fold,305,9.722505066656282,2.3997272564006815
repeat-old minus first-new,98,99,0.004524587518183176,raise_minus_call,305,11.82763481640013,2.5697913555641594
repeat-old minus first-new,99,T9o,0.008989226232099018,call_minus_fold,599,0.16780439198377164,0.42506527179543685
repeat-old minus first-new,99,T9o,0.008989226232099018,raise_minus_fold,599,-7.838448349940234,1.2966287310555402
repeat-old minus first-new,99,T9o,0.008989226232099018,raise_minus_call,599,-8.006252741924005,1.2543078009865274
repeat-old minus first-new,100,J9o,0.00897005864301116,call_minus_fold,596,-0.27692952831489476,0.41527773262396184
repeat-old minus first-new,100,J9o,0.00897005864301116,raise_minus_fold,596,0.14278703587651173,0.46449824359944
repeat-old minus first-new,100,J9o,0.00897005864301116,raise_minus_call,596,0.41971656419140646,0.5112498526882348
repeat-old minus first-new,101,Q9o,0.008897074213832389,call_minus_fold,551,1.3125527887653274,0.5371038570017482
repeat-old minus first-new,101,Q9o,0.008897074213832389,raise_minus_fold,551,0.7802326812253301,0.5193140835410963
repeat-old minus first-new,101,Q9o,0.008897074213832389,raise_minus_call,551,-0.5323201075399975,0.6420221227490378
repeat-old minus first-new,102,K9o,0.008808510962475227,call_minus_fold,576,0.6423172282544896,0.484614592649534
repeat-old minus first-new,102,K9o,0.008808510962475227,raise_minus_fold,576,-7.3760979736742485,1.454074105611143
repeat-old minus first-new,102,K9o,0.008808510962475227,raise_minus_call,576,-8.018415201928738,1.4494398702701425
repeat-old minus first-new,103,A9o,0.00849669870654732,call_minus_fold,576,0.7290549795911259,0.5112266624025582
repeat-old minus first-new,103,A9o,0.00849669870654732,raise_minus_fold,576,0.41926986869812155,1.620462412902595
repeat-old minus first-new,103,A9o,0.00849669870654732,raise_minus_call,576,-0.30978511089300453,1.6099111640377872
repeat-old minus first-new,104,T2s,0.003085143878155321,call_minus_fold,234,-2.028465606108008,0.6873623526698315
repeat-old minus first-new,104,T2s,0.003085143878155321,raise_minus_fold,234,0.3552396971181343,1.6715811622786163
repeat-old minus first-new,104,T2s,0.003085143878155321,raise_minus_call,234,2.3837053032261424,1.5760459674813512
repeat-old minus first-new,105,T3s,0.003068652018439338,call_minus_fold,207,-0.48289384659362156,0.9356845594530193
repeat-old minus first-new,105,T3s,0.003068652018439338,raise_minus_fold,207,-1.7115985192948553,1.2024249973822396
repeat-old minus first-new,105,T3s,0.003068652018439338,raise_minus_call,207,-1.2287046727012336,1.0733002881186975
repeat-old minus first-new,106,T4s,0.003066583496419234,call_minus_fold,209,-0.5106118275656013,0.5288798460289375
repeat-old minus first-new,106,T4s,0.003066583496419234,raise_minus_fold,209,3.3801196744086166,1.6123899864357143
repeat-old minus first-new,106,T4s,0.003066583496419234,raise_minus_call,209,3.8907315019742184,1.6712515134470902
repeat-old minus first-new,107,T5s,0.003040740248649781,call_minus_fold,195,3.0438524546328942,1.0089379706889106
repeat-old minus first-new,107,T5s,0.003040740248649781,raise_minus_fold,195,-2.6857398120745537,1.0066003830281922
repeat-old minus first-new,107,T5s,0.003040740248649781,raise_minus_call,195,-5.7295922667074475,1.3790692169632475
repeat-old minus first-new,108,T6s,0.0030408203149837813,call_minus_fold,190,0.49446172657112075,0.4727107683070012
repeat-old minus first-new,108,T6s,0.0030408203149837813,raise_minus_fold,190,-5.413928311694541,2.4757637915678345
repeat-old minus first-new,108,T6s,0.0030408203149837813,raise_minus_call,190,-5.908390038265662,2.3911551754859364
repeat-old minus first-new,109,T7s,0.0030361325646821274,call_minus_fold,196,-0.348116628175648,0.6738029600783723
repeat-old minus first-new,109,T7s,0.0030361325646821274,raise_minus_fold,196,0.8210589975174689,1.517207966646389
repeat-old minus first-new,109,T7s,0.0030361325646821274,raise_minus_call,196,1.169175625693117,1.657481362344547
repeat-old minus first-new,110,T8s,0.003024691110993242,call_minus_fold,210,-0.1353325895851788,0.8038845640131177
repeat-old minus first-new,110,T8s,0.003024691110993242,raise_minus_fold,210,-0.6476170940276773,0.683619270764414
repeat-old minus first-new,110,T8s,0.003024691110993242,raise_minus_call,210,-0.5122845044424985,0.7866580627521389
repeat-old minus first-new,111,T9s,0.003002829561068935,call_minus_fold,199,-0.13118087807920334,0.4011716373356631
repeat-old minus first-new,111,T9s,0.003002829561068935,raise_minus_fold,199,-0.11637968007547561,2.2127617812828193
repeat-old minus first-new,111,T9s,0.003002829561068935,raise_minus_call,199,0.014801198003727725,2.189092176487026
repeat-old minus first-new,112,TT,0.004483901867157541,call_minus_fold,292,-3.462180536744552,0.7179341934484197
repeat-old minus first-new,112,TT,0.004483901867157541,raise_minus_fold,292,-4.334982071767512,1.705979423458101
repeat-old minus first-new,112,TT,0.004483901867157541,raise_minus_call,292,-0.8728015350229597,1.6873514399042782
repeat-old minus first-new,113,JTo,0.008948627684417313,call_minus_fold,540,1.0111716962660884,0.40038185603907483
repeat-old minus first-new,113,JTo,0.008948627684417313,raise_minus_fold,540,2.701032596121088,0.7284719869637669
repeat-old minus first-new,113,JTo,0.008948627684417313,raise_minus_call,540,1.689860899855,0.6816729210326843
repeat-old minus first-new,114,QTo,0.008857952729646955,call_minus_fold,588,0.14552293810431707,0.4213336448504062
repeat-old minus first-new,114,QTo,0.008857952729646955,raise_minus_fold,588,1.8191505042897775,1.113506579728909
repeat-old minus first-new,114,QTo,0.008857952729646955,raise_minus_call,588,1.6736275661854603,0.9580468299756437
repeat-old minus first-new,115,KTo,0.008767899905759253,call_minus_fold,621,2.1766837760590385,0.46131596403447406
repeat-old minus first-new,115,KTo,0.008767899905759253,raise_minus_fold,621,5.67761758866995,1.0736829132561234
repeat-old minus first-new,115,KTo,0.008767899905759253,raise_minus_call,621,3.5009338126109113,1.002274796909237
repeat-old minus first-new,116,ATo,0.008456018424329408,call_minus_fold,503,0.3116737282378281,0.48039068322563044
repeat-old minus first-new,116,ATo,0.008456018424329408,raise_minus_fold,503,0.34017404695700726,1.2065486797368699
repeat-old minus first-new,116,ATo,0.008456018424329408,raise_minus_call,503,0.02850031871917908,1.154971534195959
repeat-old minus first-new,117,J2s,0.003078753019509794,call_minus_fold,197,1.5990938267033976,1.1453523510442003
repeat-old minus first-new,117,J2s,0.003078753019509794,raise_minus_fold,197,0.3461620528170285,1.7927790308005243
repeat-old minus first-new,117,J2s,0.003078753019509794,raise_minus_call,197,-1.2529317738863692,1.7726839683591624
repeat-old minus first-new,118,J3s,0.0030622611597938116,call_minus_fold,177,-0.29639039380795057,0.4396346460706571
repeat-old minus first-new,118,J3s,0.0030622611597938116,raise_minus_fold,177,0.7284910471795241,0.8727651532937493
repeat-old minus first-new,118,J3s,0.0030622611597938116,raise_minus_call,177,1.0248814409874747,0.8951592719955688
repeat-old minus first-new,119,J4s,0.0030601926377737078,call_minus_fold,198,0.6215932599102864,0.6152117151791788
repeat-old minus first-new,119,J4s,0.0030601926377737078,raise_minus_fold,198,-1.8224640509755046,1.8708017466767217
repeat-old minus first-new,119,J4s,0.0030601926377737078,raise_minus_call,198,-2.444057310885791,1.8238688591943484
repeat-old minus first-new,120,J5s,0.003040739542766197,call_minus_fold,181,-0.5821507848049926,0.7063671631568446
repeat-old minus first-new,120,J5s,0.003040739542766197,raise_minus_fold,181,-6.937999969275073,1.4447659550914476
repeat-old minus first-new,120,J5s,0.003040739542766197,raise_minus_call,181,-6.35584918447008,1.5554962722182122
repeat-old minus first-new,121,J6s,0.0030344294563382545,call_minus_fold,204,-10.548781370888477,1.9084738778354586
repeat-old minus first-new,121,J6s,0.0030344294563382545,raise_minus_fold,204,-5.202699626968287,1.3950669478422568
repeat-old minus first-new,121,J6s,0.0030344294563382545,raise_minus_call,204,5.346081743920191,2.2004254346670606
repeat-old minus first-new,122,J7s,0.0030297342847703562,call_minus_fold,185,0.8859416904225005,0.6665911260582029
repeat-old minus first-new,122,J7s,0.0030297342847703562,raise_minus_fold,185,-2.4774971540268176,2.4111112925591835
repeat-old minus first-new,122,J7s,0.0030297342847703562,raise_minus_call,185,-3.363438844449318,2.16557329928483
repeat-old minus first-new,123,J8s,0.0030183005204907085,call_minus_fold,196,0.14365985372534146,0.661558271647856
repeat-old minus first-new,123,J8s,0.0030183005204907085,raise_minus_fold,196,-9.368810358551134,2.3499190093491165
repeat-old minus first-new,123,J8s,0.0030183005204907085,raise_minus_call,196,-9.512470212276474,2.384576184111636
repeat-old minus first-new,124,J9s,0.00299643869350183,call_minus_fold,198,-0.803384409513498,0.6135372151646848
repeat-old minus first-new,124,J9s,0.00299643869350183,raise_minus_fold,198,-3.5968073681462087,1.8560181238397893
repeat-old minus first-new,124,J9s,0.00299643869350183,raise_minus_call,198,-2.7934229586327106,1.587611079851806
repeat-old minus first-new,125,JTs,0.002982874835202435,call_minus_fold,200,-0.07693396874538838,0.5798585710749692
repeat-old minus first-new,125,JTs,0.002982874835202435,raise_minus_fold,200,4.435223724406186,1.5769447080478616
repeat-old minus first-new,125,JTs,0.002982874835202435,raise_minus_call,200,4.5121576931515746,1.4752091896129726
repeat-old minus first-new,126,JJ,0.004464729101391971,call_minus_fold,324,-0.42578710714447404,0.31850582360200735
repeat-old minus first-new,126,JJ,0.004464729101391971,raise_minus_fold,324,2.08421848562238,1.6350522931197065
repeat-old minus first-new,126,JJ,0.004464729101391971,raise_minus_call,324,2.5100055927668543,1.593375233376973
repeat-old minus first-new,127,QJo,0.008838791741356376,call_minus_fold,582,0.9897117078378119,0.38671288592008374
repeat-old minus first-new,127,QJo,0.008838791741356376,raise_minus_fold,582,-5.7572704081648,1.077396225667174
repeat-old minus first-new,127,QJo,0.008838791741356376,raise_minus_call,582,-6.746982116002612,1.111466992449187
repeat-old minus first-new,128,KJo,0.008748729593427788,call_minus_fold,561,1.0302595018446046,0.46183782387565286
repeat-old minus first-new,128,KJo,0.008748729593427788,raise_minus_fold,561,-2.3730810848365036,1.290840703628755
repeat-old minus first-new,128,KJo,0.008748729593427788,raise_minus_call,561,-3.4033405866811077,1.2936894131596617
repeat-old minus first-new,129,AJo,0.008436846232518724,call_minus_fold,544,2.6448770470075313,0.7091629410738071
repeat-old minus first-new,129,AJo,0.008436846232518724,raise_minus_fold,544,4.224512980087128,1.5252846304174654
repeat-old minus first-new,129,AJo,0.008436846232518724,raise_minus_call,544,1.5796359330795964,1.439342838534905
repeat-old minus first-new,130,Q2s,0.003048589629748466,call_minus_fold,202,-0.3989968481297402,0.5168954029208137
repeat-old minus first-new,130,Q2s,0.003048589629748466,raise_minus_fold,202,-7.767248639799089,1.3470335236620266
repeat-old minus first-new,130,Q2s,0.003048589629748466,raise_minus_call,202,-7.36825179166935,1.2885479568076053
repeat-old minus first-new,131,Q3s,0.0030383263451918183,call_minus_fold,197,0.736468240183457,0.485339440982029
repeat-old minus first-new,131,Q3s,0.0030383263451918183,raise_minus_fold,197,-2.1268782635661707,1.1301304307855293
repeat-old minus first-new,131,Q3s,0.0030383263451918183,raise_minus_call,197,-2.8633465037496277,1.1104126161963574
repeat-old minus first-new,132,Q4s,0.0030300838891443495,call_minus_fold,218,0.026088125217062563,0.6612809324356806
repeat-old minus first-new,132,Q4s,0.0030300838891443495,raise_minus_fold,218,-8.713849137523415,2.0743249752836705
repeat-old minus first-new,132,Q4s,0.0030300838891443495,raise_minus_call,218,-8.739937262740478,1.9831661241939174
repeat-old minus first-new,133,Q5s,0.003010523121683423,call_minus_fold,204,0.5328432956710127,0.7618940459437995
repeat-old minus first-new,133,Q5s,0.003010523121683423,raise_minus_fold,204,1.331602506487757,1.3502719330666282
repeat-old minus first-new,133,Q5s,0.003010523121683423,raise_minus_call,204,0.7987592108167444,1.6163208508037425
repeat-old minus first-new,134,Q6s,0.0030106108780065255,call_minus_fold,234,0.2333300513166911,0.6298105455819737
repeat-old minus first-new,134,Q6s,0.0030106108780065255,raise_minus_fold,234,7.17871947568872,1.6025790225719707
repeat-old minus first-new,134,Q6s,0.0030106108780065255,raise_minus_call,234,6.945389424372028,1.5330858706027242
repeat-old minus first-new,135,Q7s,0.002999247818911184,call_minus_fold,179,1.383300248710718,0.6129525293406043
repeat-old minus first-new,135,Q7s,0.002999247818911184,raise_minus_fold,179,-2.2404581997394706,1.788211827172458
repeat-old minus first-new,135,Q7s,0.002999247818911184,raise_minus_call,179,-3.623758448450188,1.6835212772632162
repeat-old minus first-new,136,Q8s,0.0029880834387154944,call_minus_fold,187,-0.7451007383371513,0.8067383351603751
repeat-old minus first-new,136,Q8s,0.0029880834387154944,raise_minus_fold,187,0.9062561263596718,1.3786798564153124
repeat-old minus first-new,136,Q8s,0.0029880834387154944,raise_minus_call,187,1.651356864696823,1.5741244023040954
repeat-old minus first-new,137,Q9s,0.0029662224032688716,call_minus_fold,195,1.917343749703424,0.9323969351692233
repeat-old minus first-new,137,Q9s,0.0029662224032688716,raise_minus_fold,195,-3.843282518068706,2.1629078282528083
repeat-old minus first-new,137,Q9s,0.0029662224032688716,raise_minus_call,195,-5.76062626777213,2.247345355145043
repeat-old minus first-new,138,QTs,0.0029526608655711306,call_minus_fold,168,-0.7461773072473395,0.9897076426217911
repeat-old minus first-new,138,QTs,0.0029526608655711306,raise_minus_fold,168,3.0245476176156876,2.161381803136887
repeat-old minus first-new,138,QTs,0.0029526608655711306,raise_minus_call,168,3.7707249248630266,2.1610462653103824
repeat-old minus first-new,139,QJs,0.0029462700089081767,call_minus_fold,206,0.9177228183131582,0.785541292589224
repeat-old minus first-new,139,QJs,0.0029462700089081767,raise_minus_fold,206,1.6209113298900555,2.1797268633215907
repeat-old minus first-new,139,QJs,0.0029462700089081767,raise_minus_call,206,0.7031885115768973,2.1016475726465718
repeat-old minus first-new,140,QQ,0.004374080308655107,call_minus_fold,278,5.646950666513192,1.8771820644720942
repeat-old minus first-new,140,QQ,0.004374080308655107,raise_minus_fold,278,0.07410316795860268,2.5593333241261664
repeat-old minus first-new,140,QQ,0.004374080308655107,raise_minus_call,278,-5.57284749855459,2.9786828705627824
repeat-old minus first-new,141,KQo,0.008658085069170625,call_minus_fold,560,0.42826187384017905,0.45351206145087997
repeat-old minus first-new,141,KQo,0.008658085069170625,raise_minus_fold,560,-4.094552123789458,1.0993511194069594
repeat-old minus first-new,141,KQo,0.008658085069170625,raise_minus_call,560,-4.522813997629637,1.1328089932387893
repeat-old minus first-new,142,AQo,0.008346197677690622,call_minus_fold,565,-1.2282037924714808,0.5780675315764765
repeat-old minus first-new,142,AQo,0.008346197677690622,raise_minus_fold,565,1.668650925362203,1.4123299243823708
repeat-old minus first-new,142,AQo,0.008346197677690622,raise_minus_call,565,2.8968547178336834,1.3407753273961223
repeat-old minus first-new,143,K2s,0.0030248961572387077,call_minus_fold,192,-6.451261337960081,1.576104666630598
repeat-old minus first-new,143,K2s,0.0030248961572387077,raise_minus_fold,192,-7.41136307089221,2.2655596421773097
repeat-old minus first-new,143,K2s,0.0030248961572387077,raise_minus_call,192,-0.9601017329321282,2.0822028161661414
repeat-old minus first-new,144,K3s,0.003008434522343193,call_minus_fold,177,-3.133013929770674,1.0996311978857813
repeat-old minus first-new,144,K3s,0.003008434522343193,raise_minus_fold,177,2.977273164249873,1.2748351845324926
repeat-old minus first-new,144,K3s,0.003008434522343193,raise_minus_call,177,6.1102870940205465,1.7074276753617408
repeat-old minus first-new,145,K4s,0.0030063569944854033,call_minus_fold,218,0.11987898777070259,0.7329143252177583
repeat-old minus first-new,145,K4s,0.0030063569944854033,raise_minus_fold,218,7.525913084738184,1.3959514648150704
repeat-old minus first-new,145,K4s,0.0030063569944854033,raise_minus_call,218,7.406034096967482,1.4883614918585006
repeat-old minus first-new,146,K5s,0.002980524350918867,call_minus_fold,194,1.1223212767309554,0.7648982878022074
repeat-old minus first-new,146,K5s,0.002980524350918867,raise_minus_fold,194,-2.264584513753133,1.4641473815538082
repeat-old minus first-new,146,K5s,0.002980524350918867,raise_minus_call,194,-3.386905790484089,1.238428218560734
repeat-old minus first-new,147,K6s,0.0029806068083200817,call_minus_fold,188,-10.412242077103963,1.8136119111293822
repeat-old minus first-new,147,K6s,0.0029806068083200817,raise_minus_fold,188,-1.0651314688057263,1.341739704062143
repeat-old minus first-new,147,K6s,0.0029806068083200817,raise_minus_call,188,9.347110608298236,2.059356026217572
repeat-old minus first-new,148,K7s,0.002969502618732987,call_minus_fold,192,-0.6048309239528357,0.7438366004052631
repeat-old minus first-new,148,K7s,0.002969502618732987,raise_minus_fold,192,2.328449176918778,2.476873091692827
repeat-old minus first-new,148,K7s,0.002969502618732987,raise_minus_call,192,2.9332801008716136,2.274866721320122
repeat-old minus first-new,149,K8s,0.0029580582045670247,call_minus_fold,194,-0.07419406938746398,0.8282662736759381
repeat-old minus first-new,149,K8s,0.0029580582045670247,raise_minus_fold,194,5.53522248505921,1.1320305745040948
repeat-old minus first-new,149,K8s,0.0029580582045670247,raise_minus_call,194,5.609416554446674,1.2627609094740742
repeat-old minus first-new,150,K9s,0.0029361969996104134,call_minus_fold,180,1.6995194823983755,0.9243986727644995
repeat-old minus first-new,150,K9s,0.0029361969996104134,raise_minus_fold,180,2.9434103153292477,2.0088110686314615
repeat-old minus first-new,150,K9s,0.0029361969996104134,raise_minus_call,180,1.2438908329308722,2.0189011134058874
repeat-old minus first-new,151,KTs,0.0029226356056492116,call_minus_fold,186,-0.5706134664107082,0.7994590844238417
repeat-old minus first-new,151,KTs,0.0029226356056492116,raise_minus_fold,186,-1.751180223120384,1.8561212722582798
repeat-old minus first-new,151,KTs,0.0029226356056492116,raise_minus_call,186,-1.1805667567096756,1.7954525420042016
repeat-old minus first-new,152,KJs,0.0029162448758709276,call_minus_fold,209,-2.2360614098964926,1.3418555549480113
repeat-old minus first-new,152,KJs,0.0029162448758709276,raise_minus_fold,209,-0.8265606860692237,0.8695856743936622
repeat-old minus first-new,152,KJs,0.0029162448758709276,raise_minus_call,209,1.4095007238272685,1.4728502690407477
repeat-old minus first-new,153,KQs,0.0028860286010029094,call_minus_fold,175,-3.336268014578045,0.9540034391295377
repeat-old minus first-new,153,KQs,0.0028860286010029094,raise_minus_fold,175,1.4041042902613525,2.0537435016273506
repeat-old minus first-new,153,KQs,0.0028860286010029094,raise_minus_call,175,4.740372304839398,1.940076749564729
repeat-old minus first-new,154,KK,0.004284005053936323,call_minus_fold,279,1.3203880833899886,0.6878557733413204
repeat-old minus first-new,154,KK,0.004284005053936323,raise_minus_fold,279,-3.2956801982759156,2.925202587718761
repeat-old minus first-new,154,KK,0.004284005053936323,raise_minus_call,279,-4.616068281665904,2.9228131325807616
repeat-old minus first-new,155,AKo,0.0082561217647576,call_minus_fold,559,-0.6434685500209663,0.2270566641576586
repeat-old minus first-new,155,AKo,0.0082561217647576,raise_minus_fold,559,-1.1621385179419368,1.6662102698491452
repeat-old minus first-new,155,AKo,0.0082561217647576,raise_minus_call,559,-0.5186699679209705,1.6114932401299482
repeat-old minus first-new,156,A2s,0.0029209535351987642,call_minus_fold,189,0.8612236742582028,0.8068118526493802
repeat-old minus first-new,156,A2s,0.0029209535351987642,raise_minus_fold,189,-5.173844625594293,3.735785607787247
repeat-old minus first-new,156,A2s,0.0029209535351987642,raise_minus_call,189,-6.035068299852496,3.5842233634132534
repeat-old minus first-new,157,A3s,0.002904478032205372,call_minus_fold,187,-4.8233117437952675,1.2790316828404724
repeat-old minus first-new,157,A3s,0.002904478032205372,raise_minus_fold,187,-1.6332993844653874,2.0523758574089266
repeat-old minus first-new,157,A3s,0.002904478032205372,raise_minus_call,187,3.1900123593298804,1.9014414030626734
repeat-old minus first-new,158,A4s,0.0029024088276845255,call_minus_fold,178,1.7647473773665907,1.0869044279865878
repeat-old minus first-new,158,A4s,0.0029024088276845255,raise_minus_fold,178,-2.364450586623949,2.6650219049317454
repeat-old minus first-new,158,A4s,0.0029024088276845255,raise_minus_call,178,-4.12919796399054,2.48576484334741
repeat-old minus first-new,159,A5s,0.0028765640116156376,call_minus_fold,196,0.15195957894983658,0.6799436202713511
repeat-old minus first-new,159,A5s,0.0028765640116156376,raise_minus_fold,196,-2.5929030842670664,1.5032258376154017
repeat-old minus first-new,159,A5s,0.0028765640116156376,raise_minus_call,196,-2.7448626632169026,1.3718202745066754
repeat-old minus first-new,160,A6s,0.00287664555405943,call_minus_fold,169,-1.1512697062742592,0.771165366888737
repeat-old minus first-new,160,A6s,0.00287664555405943,raise_minus_fold,169,3.308596701901091,2.190380107614234
repeat-old minus first-new,160,A6s,0.00287664555405943,raise_minus_call,169,4.459866408175351,2.467183656446864
repeat-old minus first-new,161,A7s,0.0028655407057624678,call_minus_fold,193,-0.2087220565104033,0.7425544016932525
repeat-old minus first-new,161,A7s,0.0028655407057624678,raise_minus_fold,193,-4.511897654645867,2.047834056224283
repeat-old minus first-new,161,A7s,0.0028655407057624678,raise_minus_call,193,-4.303175598135463,2.1029287835182755
repeat-old minus first-new,162,A8s,0.002854096463089066,call_minus_fold,201,0.12500878870397145,0.8261984515771533
repeat-old minus first-new,162,A8s,0.002854096463089066,raise_minus_fold,201,0.8289492553139818,1.7087434804668598
repeat-old minus first-new,162,A8s,0.002854096463089066,raise_minus_call,201,0.7039404666100103,1.8329409053421968
repeat-old minus first-new,163,A9s,0.0028322345637362746,call_minus_fold,195,-0.08649669248884975,1.0311151704510304
repeat-old minus first-new,163,A9s,0.0028322345637362746,raise_minus_fold,195,1.6711001657657183,2.0713810923951255
repeat-old minus first-new,163,A9s,0.0028322345637362746,raise_minus_call,195,1.7575968582545678,1.8354436979020399
repeat-old minus first-new,164,ATs,0.0028186729016320797,call_minus_fold,170,0.5183636776108064,1.0274685969016872
repeat-old minus first-new,164,ATs,0.0028186729016320797,raise_minus_fold,170,6.138444441638951,2.1834622156971233
repeat-old minus first-new,164,ATs,0.0028186729016320797,raise_minus_call,170,5.6200807640281445,1.883466474017503
repeat-old minus first-new,165,AJs,0.0028122821203068987,call_minus_fold,177,3.2313614776758204,0.7846923649370929
repeat-old minus first-new,165,AJs,0.0028122821203068987,raise_minus_fold,177,-2.7723927365449863,2.407957399371015
repeat-old minus first-new,165,AJs,0.0028122821203068987,raise_minus_call,177,-6.003754214220805,2.3776917090334018
repeat-old minus first-new,166,AQs,0.002782065810743854,call_minus_fold,165,-2.142230155058033,1.0864617047893597
repeat-old minus first-new,166,AQs,0.002782065810743854,raise_minus_fold,165,7.593149035703396,2.2674960622838523
repeat-old minus first-new,166,AQs,0.002782065810743854,raise_minus_call,165,9.73537919076143,2.3712879487500302
repeat-old minus first-new,167,AKs,0.002752040727766573,call_minus_fold,166,-0.002163645728723925,0.4379029351307455
repeat-old minus first-new,167,AKs,0.002752040727766573,raise_minus_fold,166,5.445514961877597,3.134736649621853
repeat-old minus first-new,167,AKs,0.002752040727766573,raise_minus_call,166,5.447678607606321,3.045313951042642
repeat-old minus first-new,168,AA,0.003972108648688113,call_minus_fold,247,-0.26990917753598165,0.2644229922197932
repeat-old minus first-new,168,AA,0.003972108648688113,raise_minus_fold,247,0.13079471076343463,3.1929620666508223
repeat-old minus first-new,168,AA,0.003972108648688113,raise_minus_call,247,0.4007038882994165,3.095490441991395
repeat-new minus first-new,0,22,0.004790793724696479,call_minus_fold,311,0.01721343209535595,0.6955270210020162
repeat-new minus first-new,0,22,0.004790793724696479,raise_minus_fold,311,-1.5439108676263489,1.681794673664612
repeat-new minus first-new,0,22,0.004790793724696479,raise_minus_call,311,-1.5611242997217052,1.6648043451155665
repeat-new minus first-new,1,32o,0.009512847260521819,call_minus_fold,637,-0.36137909050676453,0.3417765012284082
repeat-new minus first-new,1,32o,0.009512847260521819,raise_minus_fold,637,-0.9092519299313068,0.8052607906000796
repeat-new minus first-new,1,32o,0.009512847260521819,raise_minus_call,637,-0.5478728394245423,0.8235801544622103
repeat-new minus first-new,2,42o,0.009506641694301852,call_minus_fold,612,-0.010696144973412952,0.32086131292615816
repeat-new minus first-new,2,42o,0.009506641694301852,raise_minus_fold,612,-1.1816039475024105,0.609927102802267
repeat-new minus first-new,2,42o,0.009506641694301852,raise_minus_call,612,-1.1709078025289974,0.6523497112894541
repeat-new minus first-new,3,52o,0.009429105229310572,call_minus_fold,620,0.017464574641890548,0.2593924518876737
repeat-new minus first-new,3,52o,0.009429105229310572,raise_minus_fold,620,2.5366723665921893,0.8855968704063334
repeat-new minus first-new,3,52o,0.009429105229310572,raise_minus_call,620,2.519207791950299,0.837499615016754
repeat-new minus first-new,4,62o,0.009429352148007004,call_minus_fold,605,-0.39675651448315885,0.3093289026879744
repeat-new minus first-new,4,62o,0.009429352148007004,raise_minus_fold,605,-6.829252637078408,0.6265425781402069
repeat-new minus first-new,4,62o,0.009429352148007004,raise_minus_call,605,-6.432496122595249,0.6446206742724488
repeat-new minus first-new,5,72o,0.009396037340559372,call_minus_fold,627,-0.6091935942977843,0.27739047094349506
repeat-new minus first-new,5,72o,0.009396037340559372,raise_minus_fold,627,-0.3524677755264779,0.8525748688833834
repeat-new minus first-new,5,72o,0.009396037340559372,raise_minus_call,627,0.25672581877130635,0.8664833267592009
repeat-new minus first-new,6,82o,0.009361703242193552,call_minus_fold,627,0.3866516637524905,0.45692901224675514
repeat-new minus first-new,6,82o,0.009361703242193552,raise_minus_fold,627,1.7797527172987633,0.7851505002643729
repeat-new minus first-new,6,82o,0.009361703242193552,raise_minus_call,627,1.393101053546273,0.8054323994128832
repeat-new minus first-new,7,92o,0.009296117200453959,call_minus_fold,643,-0.537099037561335,0.17134132658199203
repeat-new minus first-new,7,92o,0.009296117200453959,raise_minus_fold,643,7.904221173488912,0.7653633892182459
repeat-new minus first-new,7,92o,0.009296117200453959,raise_minus_call,643,8.441320211050247,0.7653637556352151
repeat-new minus first-new,8,T2o,0.009255431872587724,call_minus_fold,612,-0.45607553862127276,0.2264512735059399
repeat-new minus first-new,8,T2o,0.009255431872587724,raise_minus_fold,612,1.8589090039260137,0.8622445142558531
repeat-new minus first-new,8,T2o,0.009255431872587724,raise_minus_call,612,2.314984542547286,0.8678688139428152
repeat-new minus first-new,9,J2o,0.009236259296157876,call_minus_fold,592,-2.3948258199217864,0.49201795026523093
repeat-new minus first-new,9,J2o,0.009236259296157876,raise_minus_fold,592,-9.487597914808374,0.8616558133978668
repeat-new minus first-new,9,J2o,0.009236259296157876,raise_minus_call,592,-7.092772094886587,0.9014498133529828
repeat-new minus first-new,10,Q2o,0.009145610283355409,call_minus_fold,580,-2.1885089720906015,0.4900133147912525
repeat-new minus first-new,10,Q2o,0.009145610283355409,raise_minus_fold,580,5.9774252930313665,0.7023366304510631
repeat-new minus first-new,10,Q2o,0.009145610283355409,raise_minus_call,580,8.165934265121967,0.8420663812204485
repeat-new minus first-new,11,K2o,0.009055534566697113,call_minus_fold,619,-0.02216870504327725,0.25447495463747055
repeat-new minus first-new,11,K2o,0.009055534566697113,raise_minus_fold,619,1.3819917035061056,0.6434717503640506
repeat-new minus first-new,11,K2o,0.009055534566697113,raise_minus_call,619,1.4041604085493828,0.6431096467585299
repeat-new minus first-new,12,A2o,0.008750471453727546,call_minus_fold,581,0.4315810875640775,0.3178147761284571
repeat-new minus first-new,12,A2o,0.008750471453727546,raise_minus_fold,581,-0.05624808429806138,1.3924903492346272
repeat-new minus first-new,12,A2o,0.008750471453727546,raise_minus_call,581,-0.4878291718621388,1.3933865939181518
repeat-new minus first-new,13,32s,0.00317094900525911,call_minus_fold,197,-0.030833030199766565,0.4795859792785288
repeat-new minus first-new,13,32s,0.00317094900525911,raise_minus_fold,197,1.2332606734547118,1.1382918526292136
repeat-new minus first-new,13,32s,0.00317094900525911,raise_minus_call,197,1.2640937036544782,1.0948465545034025
repeat-new minus first-new,14,33,0.00474131789843658,call_minus_fold,334,0.19214834641078513,0.5944380987616357
repeat-new minus first-new,14,33,0.00474131789843658,raise_minus_fold,334,3.472082914578919,1.190203951704053
repeat-new minus first-new,14,33,0.00474131789843658,raise_minus_call,334,3.279934568168134,1.1471424175663696
repeat-new minus first-new,15,43o,0.009457166113881007,call_minus_fold,591,0.5261977980827236,0.33019361928066826
repeat-new minus first-new,15,43o,0.009457166113881007,raise_minus_fold,591,-1.0894176517390053,0.5769324627238824
repeat-new minus first-new,15,43o,0.009457166113881007,raise_minus_call,591,-1.6156154498217288,0.6274708442319009
repeat-new minus first-new,16,53o,0.009379629648889725,call_minus_fold,619,0.035555384560594566,0.30329823913400467
repeat-new minus first-new,16,53o,0.009379629648889725,raise_minus_fold,619,-0.9663145143368533,0.5620553195824243
repeat-new minus first-new,16,53o,0.009379629648889725,raise_minus_call,619,-1.001869898897448,0.6079669575314779
repeat-new minus first-new,17,63o,0.00937987656758616,call_minus_fold,601,0.5405087362163753,0.3166782127985857
repeat-new minus first-new,17,63o,0.00937987656758616,raise_minus_fold,601,-4.524838945913191,1.0309270426671573
repeat-new minus first-new,17,63o,0.00937987656758616,raise_minus_call,601,-5.065347682129567,1.0212241303579175
repeat-new minus first-new,18,73o,0.009346561760138525,call_minus_fold,640,-2.5706537594524055,0.5614146542630445
repeat-new minus first-new,18,73o,0.009346561760138525,raise_minus_fold,640,-0.4635765855201589,0.5915008082651524
repeat-new minus first-new,18,73o,0.009346561760138525,raise_minus_call,640,2.1070771739322463,0.7433811250121798
repeat-new minus first-new,19,83o,0.009312227661772707,call_minus_fold,588,-0.17487650767963153,0.213315327789173
repeat-new minus first-new,19,83o,0.009312227661772707,raise_minus_fold,588,-0.29737614443351973,0.7595177803531569
repeat-new minus first-new,19,83o,0.009312227661772707,raise_minus_call,588,-0.12249963675388821,0.7037771800030254
repeat-new minus first-new,20,93o,0.009246641620033112,call_minus_fold,608,0.7715112545958056,0.31277744902689525
repeat-new minus first-new,20,93o,0.009246641620033112,raise_minus_fold,608,1.3760153308505692,0.7752031233848123
repeat-new minus first-new,20,93o,0.009246641620033112,raise_minus_call,608,0.6045040762547635,0.8299780573107713
repeat-new minus first-new,21,T3o,0.009205956292166879,call_minus_fold,589,-0.7267460481756501,0.35088565245077574
repeat-new minus first-new,21,T3o,0.009205956292166879,raise_minus_fold,589,2.8736708456607105,0.8068607241468745
repeat-new minus first-new,21,T3o,0.009205956292166879,raise_minus_call,589,3.6004168938363605,0.7655671200153775
repeat-new minus first-new,22,J3o,0.00918678371573703,call_minus_fold,640,-0.29213713468124364,0.2666836263583935
repeat-new minus first-new,22,J3o,0.00918678371573703,raise_minus_fold,640,7.093943711570096,0.8310410526791263
repeat-new minus first-new,22,J3o,0.00918678371573703,raise_minus_call,640,7.386080846251339,0.8161602561081802
repeat-new minus first-new,23,Q3o,0.009096134702934562,call_minus_fold,606,-5.06613928649124,0.7388839421397599
repeat-new minus first-new,23,Q3o,0.009096134702934562,raise_minus_fold,606,-1.6025191656222932,0.6189902540123845
repeat-new minus first-new,23,Q3o,0.009096134702934562,raise_minus_call,606,3.463620120868946,0.8939726137805503
repeat-new minus first-new,24,K3o,0.009006058986276266,call_minus_fold,578,0.06360502275813613,0.3626121759286925
repeat-new minus first-new,24,K3o,0.009006058986276266,raise_minus_fold,578,-0.8889382705100689,0.6191373078780292
repeat-new minus first-new,24,K3o,0.009006058986276266,raise_minus_call,578,-0.952543293268205,0.7089415121848002
repeat-new minus first-new,25,A3o,0.00871117416475761,call_minus_fold,564,0.23217547317933976,0.32632976253680634
repeat-new minus first-new,25,A3o,0.00871117416475761,raise_minus_fold,564,-1.6275494509677637,0.8633299405831063
repeat-new minus first-new,25,A3o,0.00871117416475761,raise_minus_call,564,-1.8597249241471034,0.8616252582427573
repeat-new minus first-new,26,42s,0.0031688804832390063,call_minus_fold,218,1.3027055066138509,0.6102925828861201
repeat-new minus first-new,26,42s,0.0031688804832390063,raise_minus_fold,218,6.536576957555561,1.296594583795265
repeat-new minus first-new,26,42s,0.0031688804832390063,raise_minus_call,218,5.233871450941711,1.2112119146399318
repeat-new minus first-new,27,43s,0.0031523886235230235,call_minus_fold,234,-1.0409342308110159,0.6148680836425064
repeat-new minus first-new,27,43s,0.0031523886235230235,raise_minus_fold,234,-0.9543612650022998,1.4092548393536464
repeat-new minus first-new,27,43s,0.0031523886235230235,raise_minus_call,234,0.08657296580871592,1.3000466454430282
repeat-new minus first-new,28,44,0.004735112089351418,call_minus_fold,323,0.6119266976926283,0.6979754510690053
repeat-new minus first-new,28,44,0.004735112089351418,raise_minus_fold,323,-1.4592996617986307,1.0921414152053528
repeat-new minus first-new,28,44,0.004735112089351418,raise_minus_call,323,-2.0712263594912588,1.1468307863016793
repeat-new minus first-new,29,54o,0.00937342408266976,call_minus_fold,621,0.5321143685881006,0.3900645667820294
repeat-new minus first-new,29,54o,0.00937342408266976,raise_minus_fold,621,-0.26161019939205893,0.6019563020322882
repeat-new minus first-new,29,54o,0.00937342408266976,raise_minus_call,621,-0.7937245679801594,0.6618040972569529
repeat-new minus first-new,30,64o,0.009373671001366192,call_minus_fold,579,0.37978458958472827,0.3989763196179352
repeat-new minus first-new,30,64o,0.009373671001366192,raise_minus_fold,579,4.287381594916877,0.7410449073435909
repeat-new minus first-new,30,64o,0.009373671001366192,raise_minus_call,579,3.907597005332149,0.8014047405554978
repeat-new minus first-new,31,74o,0.00934035619391856,call_minus_fold,611,0.48607154140043485,0.3244237466761052
repeat-new minus first-new,31,74o,0.00934035619391856,raise_minus_fold,611,-3.279062080391883,0.5505836148502892
repeat-new minus first-new,31,74o,0.00934035619391856,raise_minus_call,611,-3.7651336217923173,0.602586148187545
repeat-new minus first-new,32,84o,0.009306022095552742,call_minus_fold,613,0.14887202690437565,0.2961223238116667
repeat-new minus first-new,32,84o,0.009306022095552742,raise_minus_fold,613,-0.9154656250111878,0.7005838753061305
repeat-new minus first-new,32,84o,0.009306022095552742,raise_minus_call,613,-1.0643376519155634,0.6135029034324003
repeat-new minus first-new,33,94o,0.009240436053813146,call_minus_fold,611,0.9746815148504664,0.43689793818058775
repeat-new minus first-new,33,94o,0.009240436053813146,raise_minus_fold,611,2.879612918570884,1.0498772077539653
repeat-new minus first-new,33,94o,0.009240436053813146,raise_minus_call,611,1.9049314037204175,1.0660409494440377
repeat-new minus first-new,34,T4o,0.009199750725946912,call_minus_fold,557,-0.4591182923382647,0.29505581128963687
repeat-new minus first-new,34,T4o,0.009199750725946912,raise_minus_fold,557,8.096262713314598,0.8126051941364986
repeat-new minus first-new,34,T4o,0.009199750725946912,raise_minus_call,557,8.555381005652864,0.8305415144904409
repeat-new minus first-new,35,J4o,0.009180578149517064,call_minus_fold,625,0.25204161418753995,0.31465326520610415
repeat-new minus first-new,35,J4o,0.009180578149517064,raise_minus_fold,625,-3.438740124388617,0.5840433133016728
repeat-new minus first-new,35,J4o,0.009180578149517064,raise_minus_call,625,-3.690781738576157,0.6404788250246234
repeat-new minus first-new,36,Q4o,0.009089929136714596,call_minus_fold,578,0.09649471077047496,0.413932182337151
repeat-new minus first-new,36,Q4o,0.009089929136714596,raise_minus_fold,578,-0.16834698699328576,0.6736219926915848
repeat-new minus first-new,36,Q4o,0.009089929136714596,raise_minus_call,578,-0.26484169776376076,0.7446291938825625
repeat-new minus first-new,37,K4o,0.0089998534200563,call_minus_fold,598,-2.0870991366889133,0.48778645201115767
repeat-new minus first-new,37,K4o,0.0089998534200563,raise_minus_fold,598,-5.798853689279923,0.7117745337200688
repeat-new minus first-new,37,K4o,0.0089998534200563,raise_minus_call,598,-3.7117545525910094,0.7340218466327375
repeat-new minus first-new,38,A4o,0.008706783739295723,call_minus_fold,553,0.7080629534889492,0.572397759433315
repeat-new minus first-new,38,A4o,0.008706783739295723,raise_minus_fold,553,6.356608090797987,1.007473133028669
repeat-new minus first-new,38,A4o,0.008706783739295723,raise_minus_call,553,5.648545137309038,0.9581813339196102
repeat-new minus first-new,39,52s,0.0031430349955735267,call_minus_fold,218,-1.7530897131063867,0.6753402424205366
repeat-new minus first-new,39,52s,0.0031430349955735267,raise_minus_fold,218,8.744884265527183,1.5154626712323513
repeat-new minus first-new,39,52s,0.0031430349955735267,raise_minus_call,218,10.497973978633569,1.6373398198333189
repeat-new minus first-new,40,53s,0.0031265820393601806,call_minus_fold,185,1.2376575155438747,0.7531290188615991
repeat-new minus first-new,40,53s,0.0031265820393601806,raise_minus_fold,185,-1.5162708872400568,1.8179970221146573
repeat-new minus first-new,40,53s,0.0031265820393601806,raise_minus_call,185,-2.7539284027839313,1.7618414785293415
repeat-new minus first-new,41,54s,0.0031308951109540934,call_minus_fold,203,0.8001374675663658,0.6880550347263791
repeat-new minus first-new,41,54s,0.0031308951109540934,raise_minus_fold,203,-2.8903085690283477,1.8537412944595926
repeat-new minus first-new,41,54s,0.0031308951109540934,raise_minus_call,203,-3.6904460365947136,1.9403818187977553
repeat-new minus first-new,42,55,0.004657575877138198,call_minus_fold,316,0.5975375610845794,0.6818277642848366
repeat-new minus first-new,42,55,0.004657575877138198,raise_minus_fold,316,2.0228989147576977,1.5742552944611081
repeat-new minus first-new,42,55,0.004657575877138198,raise_minus_call,316,1.425361353673118,1.4502880863123768
repeat-new minus first-new,43,65o,0.00929613453637491,call_minus_fold,637,0.1634954885753696,0.33201793109418754
repeat-new minus first-new,43,65o,0.00929613453637491,raise_minus_fold,637,-3.6906308030638058,0.5555571442405367
repeat-new minus first-new,43,65o,0.00929613453637491,raise_minus_call,637,-3.854126291639176,0.6206106347636682
repeat-new minus first-new,44,75o,0.009262819728927278,call_minus_fold,616,0.15300846945290697,0.3794668347693827
repeat-new minus first-new,44,75o,0.009262819728927278,raise_minus_fold,616,-2.1709308098765256,0.858308976285556
repeat-new minus first-new,44,75o,0.009262819728927278,raise_minus_call,616,-2.323939279329433,0.9269118754133917
repeat-new minus first-new,45,85o,0.00922848563056146,call_minus_fold,584,-0.5578936201501151,0.22409765654243075
repeat-new minus first-new,45,85o,0.00922848563056146,raise_minus_fold,584,-1.2470462859751628,0.4644380355184638
repeat-new minus first-new,45,85o,0.00922848563056146,raise_minus_call,584,-0.6891526658250475,0.5006594902393956
repeat-new minus first-new,46,95o,0.009162899588821865,call_minus_fold,554,-0.21760994726391159,0.26186160801012137
repeat-new minus first-new,46,95o,0.009162899588821865,raise_minus_fold,554,0.6032741086655582,0.6469338147952521
repeat-new minus first-new,46,95o,0.009162899588821865,raise_minus_call,554,0.8208840559294699,0.6470048459156619
repeat-new minus first-new,47,T5o,0.00912221426095563,call_minus_fold,603,-0.9801964444151515,0.37502283245282475
repeat-new minus first-new,47,T5o,0.00912221426095563,raise_minus_fold,603,-5.573207172850844,0.7916036436189237
repeat-new minus first-new,47,T5o,0.00912221426095563,raise_minus_call,603,-4.593010728435693,0.9197202026378746
repeat-new minus first-new,48,J5o,0.009103041684525784,call_minus_fold,584,-0.70664724283135,0.2910332146333765
repeat-new minus first-new,48,J5o,0.009103041684525784,raise_minus_fold,584,2.0877652784075535,0.9351593729586486
repeat-new minus first-new,48,J5o,0.009103041684525784,raise_minus_call,584,2.7944125212389035,0.8984395237566352
repeat-new minus first-new,49,Q5o,0.009012392671723315,call_minus_fold,604,-0.48240677437268964,0.2960050272688494
repeat-new minus first-new,49,Q5o,0.009012392671723315,raise_minus_fold,604,-3.84320298048719,0.5193529537909184
repeat-new minus first-new,49,Q5o,0.009012392671723315,raise_minus_call,604,-3.3607962061145007,0.5660372218198404
repeat-new minus first-new,50,K5o,0.008922321679882108,call_minus_fold,596,-0.7974429532744142,0.37289907773621506
repeat-new minus first-new,50,K5o,0.008922321679882108,raise_minus_fold,596,-4.117792563656734,0.5612105994314037
repeat-new minus first-new,50,K5o,0.008922321679882108,raise_minus_call,596,-3.320349610382321,0.5792956370291795
repeat-new minus first-new,51,A5o,0.008629658602692861,call_minus_fold,613,-0.06607349166900651,0.3339226491923159
repeat-new minus first-new,51,A5o,0.008629658602692861,raise_minus_fold,613,-4.146910995050666,1.4230341465689567
repeat-new minus first-new,51,A5o,0.008629658602692861,raise_minus_call,613,-4.080837503381661,1.4008586266381382
repeat-new minus first-new,52,62s,0.003143117301803553,call_minus_fold,186,1.0025269029274222,0.7589354869846837
repeat-new minus first-new,52,62s,0.003143117301803553,raise_minus_fold,186,9.405883455878488,1.5133567778162873
repeat-new minus first-new,52,62s,0.003143117301803553,raise_minus_call,186,8.403356552951065,1.6070358390478445
repeat-new minus first-new,53,63s,0.00312662544208757,call_minus_fold,208,-0.7936070519299601,0.6109171173540059
repeat-new minus first-new,53,63s,0.00312662544208757,raise_minus_fold,208,-7.0418616954139095,1.23748254605329
repeat-new minus first-new,53,63s,0.00312662544208757,raise_minus_call,208,-6.24825464348395,1.3301174090916503
repeat-new minus first-new,54,64s,0.003124612815858345,call_minus_fold,218,0.6553097968741769,0.49197905737162
repeat-new minus first-new,54,64s,0.003124612815858345,raise_minus_fold,218,7.038865685113975,1.470450903709481
repeat-new minus first-new,54,64s,0.003124612815858345,raise_minus_call,218,6.383555888239798,1.3863355952182053
repeat-new minus first-new,55,65s,0.003105130327599686,call_minus_fold,199,-0.35463190492798463,0.6006906030661651
repeat-new minus first-new,55,65s,0.003105130327599686,raise_minus_fold,199,2.0984460105172804,1.518244804527891
repeat-new minus first-new,55,65s,0.003105130327599686,raise_minus_call,199,2.453077915445265,1.6428284490590157
repeat-new minus first-new,56,66,0.004657822776008899,call_minus_fold,320,1.2450204479263423,0.7497302244263551
repeat-new minus first-new,56,66,0.004657822776008899,raise_minus_fold,320,4.5807739400034135,1.574896152471661
repeat-new minus first-new,56,66,0.004657822776008899,raise_minus_call,320,3.335753492077071,1.3732391650148645
repeat-new minus first-new,57,76o,0.009263066647623712,call_minus_fold,646,-0.9385702283427492,0.3315573410359349
repeat-new minus first-new,57,76o,0.009263066647623712,raise_minus_fold,646,2.7265699004047597,0.9813603286787052
repeat-new minus first-new,57,76o,0.009263066647623712,raise_minus_call,646,3.665140128747509,0.9470860260627096
repeat-new minus first-new,58,86o,0.009228732549257894,call_minus_fold,609,0.004105383139986327,0.32045883479320203
repeat-new minus first-new,58,86o,0.009228732549257894,raise_minus_fold,609,4.383433951467698,1.2217596102115365
repeat-new minus first-new,58,86o,0.009228732549257894,raise_minus_call,609,4.37932856832771,1.2047009296548725
repeat-new minus first-new,59,96o,0.009163146507518297,call_minus_fold,602,3.4604526750936686,0.7444093380618001
repeat-new minus first-new,59,96o,0.009163146507518297,raise_minus_fold,602,-1.6043870098527562,0.619650065362543
repeat-new minus first-new,59,96o,0.009163146507518297,raise_minus_call,602,-5.064839684946425,0.9528190960826691
repeat-new minus first-new,60,T6o,0.009122461179652064,call_minus_fold,603,-0.6111697547714229,0.3453889591935747
repeat-new minus first-new,60,T6o,0.009122461179652064,raise_minus_fold,603,0.12959860167259718,1.111048650264312
repeat-new minus first-new,60,T6o,0.009122461179652064,raise_minus_call,603,0.7407683564440202,1.1189981357795846
repeat-new minus first-new,61,J6o,0.009103288603222215,call_minus_fold,559,3.3351405931598297,0.6184572015300634
repeat-new minus first-new,61,J6o,0.009103288603222215,raise_minus_fold,559,-1.6901898301937524,0.7125258074592349
repeat-new minus first-new,61,J6o,0.009103288603222215,raise_minus_call,559,-5.025330423353582,0.9903439138471455
repeat-new minus first-new,62,Q6o,0.009012639590419749,call_minus_fold,545,0.6672315211026683,0.32571142109214296
repeat-new minus first-new,62,Q6o,0.009012639590419749,raise_minus_fold,545,0.24925909138684058,1.0321255326994312
repeat-new minus first-new,62,Q6o,0.009012639590419749,raise_minus_call,545,-0.4179724297158277,1.0709858796628706
repeat-new minus first-new,63,K6o,0.008922569928609137,call_minus_fold,546,-0.025004376284001643,0.2845766284742881
repeat-new minus first-new,63,K6o,0.008922569928609137,raise_minus_fold,546,4.9967557254147135,1.0368349081813308
repeat-new minus first-new,63,K6o,0.008922569928609137,raise_minus_call,546,5.021760101698715,1.0411854821078728
repeat-new minus first-new,64,A6o,0.008629688899514034,call_minus_fold,546,0.6244016080677105,0.34573930444597384
repeat-new minus first-new,64,A6o,0.008629688899514034,raise_minus_fold,546,-2.426505206818219,0.8055653666167594
repeat-new minus first-new,64,A6o,0.008629688899514034,raise_minus_call,546,-3.0509068148859297,0.8444888367434792
repeat-new minus first-new,65,72s,0.0031320123662733814,call_minus_fold,205,-5.965531029589851,1.176827393245634
repeat-new minus first-new,65,72s,0.0031320123662733814,raise_minus_fold,205,-7.645364842980154,1.5824036743008332
repeat-new minus first-new,65,72s,0.0031320123662733814,raise_minus_call,205,-1.679833813390303,1.809395185333407
repeat-new minus first-new,66,73s,0.003115520506557398,call_minus_fold,213,-1.1996139776285668,0.38648387488891905
repeat-new minus first-new,66,73s,0.003115520506557398,raise_minus_fold,213,-7.364346911460574,1.1212672406844901
repeat-new minus first-new,66,73s,0.003115520506557398,raise_minus_call,213,-6.164732933832007,1.1176206876305244
repeat-new minus first-new,67,74s,0.0031134519845372947,call_minus_fold,231,-0.4457677327223661,0.5922411360450468
repeat-new minus first-new,67,74s,0.0031134519845372947,raise_minus_fold,231,-0.7369388328015869,1.3998513352317696
repeat-new minus first-new,67,74s,0.0031134519845372947,raise_minus_call,231,-0.29117110007922065,1.3497711520890503
repeat-new minus first-new,68,75s,0.0030925460922791082,call_minus_fold,214,0.12973273754828735,0.4432537016752872
repeat-new minus first-new,68,75s,0.0030925460922791082,raise_minus_fold,214,1.3561962872926623,0.81615778705504
repeat-new minus first-new,68,75s,0.0030925460922791082,raise_minus_call,214,1.2264635497443748,0.7717034476241088
repeat-new minus first-new,69,76s,0.003094107729029421,call_minus_fold,209,-0.5243232357471617,0.32254742440641077
repeat-new minus first-new,69,76s,0.003094107729029421,raise_minus_fold,209,-3.904266656351666,1.1624906575549478
repeat-new minus first-new,69,76s,0.003094107729029421,raise_minus_call,209,-3.3799434206045045,1.1616877007252708
repeat-new minus first-new,70,77,0.004624507869432617,call_minus_fold,325,-0.09700892555417154,0.7185815264608275
repeat-new minus first-new,70,77,0.004624507869432617,raise_minus_fold,325,-1.8143659008469695,1.5706024668770429
repeat-new minus first-new,70,77,0.004624507869432617,raise_minus_call,325,-1.7173569752927977,1.6412112964735517
repeat-new minus first-new,71,87o,0.009195417741810262,call_minus_fold,584,-0.5861795713545511,0.2819287969057099
repeat-new minus first-new,71,87o,0.009195417741810262,raise_minus_fold,584,1.6417879821878103,0.823114275240828
repeat-new minus first-new,71,87o,0.009195417741810262,raise_minus_call,584,2.2279675535423613,0.7796643929795293
repeat-new minus first-new,72,97o,0.009129831700070664,call_minus_fold,628,-1.9846646061102187,0.4201118089968646
repeat-new minus first-new,72,97o,0.009129831700070664,raise_minus_fold,628,-8.11200766200414,0.8735087762298375
repeat-new minus first-new,72,97o,0.009129831700070664,raise_minus_call,628,-6.12734305589392,0.88583113168405
repeat-new minus first-new,73,T7o,0.009089146372204432,call_minus_fold,592,-0.5862776834314469,0.3033791418001149
repeat-new minus first-new,73,T7o,0.009089146372204432,raise_minus_fold,592,6.675804753845724,0.9691350879863839
repeat-new minus first-new,73,T7o,0.009089146372204432,raise_minus_call,592,7.26208243727717,0.8964316811204803
repeat-new minus first-new,74,J7o,0.009069973795774582,call_minus_fold,561,-0.0977785114446234,0.3539185703475228
repeat-new minus first-new,74,J7o,0.009069973795774582,raise_minus_fold,561,0.46079251957963885,0.9532376621371869
repeat-new minus first-new,74,J7o,0.009069973795774582,raise_minus_call,561,0.5585710310242622,0.9150146240119756
repeat-new minus first-new,75,Q7o,0.008979324782972116,call_minus_fold,560,0.0694618274773297,0.3099583494120133
repeat-new minus first-new,75,Q7o,0.008979324782972116,raise_minus_fold,560,7.498422721201125,1.0011101357364327
repeat-new minus first-new,75,Q7o,0.008979324782972116,raise_minus_call,560,7.428960893723795,0.9864421426125881
repeat-new minus first-new,76,K7o,0.008889249585588644,call_minus_fold,634,-3.0601162201592356,0.6059712800483301
repeat-new minus first-new,76,K7o,0.008889249585588644,raise_minus_fold,634,0.34850589830737166,0.9261237447174219
repeat-new minus first-new,76,K7o,0.008889249585588644,raise_minus_call,634,3.4086221184666075,1.0863261228818262
repeat-new minus first-new,77,A7o,0.008596451115028006,call_minus_fold,556,-0.41215888935296746,0.410478624591132
repeat-new minus first-new,77,A7o,0.008596451115028006,raise_minus_fold,556,-6.524237268069716,1.231206785174242
repeat-new minus first-new,77,A7o,0.008596451115028006,raise_minus_call,556,-6.112078378716749,1.2525090217636328
repeat-new minus first-new,78,82s,0.003120567667112555,call_minus_fold,192,-0.47327816629283365,0.4867973828493366
repeat-new minus first-new,78,82s,0.003120567667112555,raise_minus_fold,192,-10.004018801803335,1.4170297092571613
repeat-new minus first-new,78,82s,0.003120567667112555,raise_minus_call,192,-9.530740635510503,1.2984701496249946
repeat-new minus first-new,79,83s,0.0031040758073965723,call_minus_fold,219,-0.6383510658092537,1.1225977219483503
repeat-new minus first-new,79,83s,0.0031040758073965723,raise_minus_fold,219,6.917476288295325,1.2935746566108237
repeat-new minus first-new,79,83s,0.0031040758073965723,raise_minus_call,219,7.555827354104579,1.639406659778958
repeat-new minus first-new,80,84s,0.0031020072853764685,call_minus_fold,189,-3.4275322391148295,1.1657643770261736
repeat-new minus first-new,80,84s,0.0031020072853764685,raise_minus_fold,189,-5.1244631727150605,1.1153110263351442
repeat-new minus first-new,80,84s,0.0031020072853764685,raise_minus_call,189,-1.6969309336002305,1.2665891526443773
repeat-new minus first-new,81,85s,0.0030766711611621336,call_minus_fold,196,0.45410125995239736,0.4476299458836607
repeat-new minus first-new,81,85s,0.0030766711611621336,raise_minus_fold,196,2.6580366890486227,1.750071328430429
repeat-new minus first-new,81,85s,0.0030766711611621336,raise_minus_call,196,2.203935429096225,1.7174872477743948
repeat-new minus first-new,82,86s,0.0030826649524687264,call_minus_fold,193,1.7006638114386974,1.0638484257423892
repeat-new minus first-new,82,86s,0.0030826649524687264,raise_minus_fold,193,7.597920485703137,1.4748827066006045
repeat-new minus first-new,82,86s,0.0030826649524687264,raise_minus_call,193,5.8972566742644394,1.5837765156250962
repeat-new minus first-new,83,87s,0.003071559958948295,call_minus_fold,205,-0.19495778524720328,0.6767754399349079
repeat-new minus first-new,83,87s,0.003071559958948295,raise_minus_fold,205,4.7931859919445,1.9863830832600915
repeat-new minus first-new,83,87s,0.003071559958948295,raise_minus_call,205,4.988143777191704,1.8314146500324606
repeat-new minus first-new,84,88,0.004590173593626515,call_minus_fold,311,0.8417638594853413,0.9934589320848798
repeat-new minus first-new,84,88,0.004590173593626515,raise_minus_fold,311,-4.694688720200072,1.7298073309087303
repeat-new minus first-new,84,88,0.004590173593626515,raise_minus_call,311,-5.536452579685413,1.9025878081853707
repeat-new minus first-new,85,98o,0.009095536099493505,call_minus_fold,644,0.09243289749164281,0.3736256882508409
repeat-new minus first-new,85,98o,0.009095536099493505,raise_minus_fold,644,0.8921179416465407,0.6893878169498617
repeat-new minus first-new,85,98o,0.009095536099493505,raise_minus_call,644,0.7996850441548979,0.653495004998348
repeat-new minus first-new,86,T8o,0.009054823459607524,call_minus_fold,597,-0.1998683835717207,0.4381749984135002
repeat-new minus first-new,86,T8o,0.009054823459607524,raise_minus_fold,597,7.127361897389522,0.7804589290366105
repeat-new minus first-new,86,T8o,0.009054823459607524,raise_minus_call,597,7.327230280961244,0.8892349846069302
repeat-new minus first-new,87,J8o,0.009035639697408766,call_minus_fold,613,-1.638877818923235,0.3863873133190233
repeat-new minus first-new,87,J8o,0.009035639697408766,raise_minus_fold,613,-3.140045446798766,1.192757884081265
repeat-new minus first-new,87,J8o,0.009035639697408766,raise_minus_call,613,-1.5011676278755315,1.1369406271313898
repeat-new minus first-new,88,Q8o,0.008944991632856244,call_minus_fold,581,-0.15596919876855606,0.40912403226994404
repeat-new minus first-new,88,Q8o,0.008944991632856244,raise_minus_fold,581,-3.5531553183642877,0.9444640120366365
repeat-new minus first-new,88,Q8o,0.008944991632856244,raise_minus_call,581,-3.397186119595732,1.011876721294296
repeat-new minus first-new,89,K8o,0.008870288926542031,call_minus_fold,602,0.6089711742325675,0.3641141959883766
repeat-new minus first-new,89,K8o,0.008870288926542031,raise_minus_fold,602,0.45975552640149375,0.7492378651520708
repeat-new minus first-new,89,K8o,0.008870288926542031,raise_minus_call,602,-0.14921564783107374,0.8336368634998002
repeat-new minus first-new,90,A8o,0.008562270572889864,call_minus_fold,560,2.8684294931536485,0.5538696308616986
repeat-new minus first-new,90,A8o,0.008562270572889864,raise_minus_fold,560,-1.0134811080280899,1.0678854753241822
repeat-new minus first-new,90,A8o,0.008562270572889864,raise_minus_call,560,-3.881910601181738,1.1214355991962408
repeat-new minus first-new,91,92s,0.0030987056537618175,call_minus_fold,209,-4.049999726871314,1.8664637120852292
repeat-new minus first-new,91,92s,0.0030987056537618175,raise_minus_fold,209,1.050047597221149,1.4014154262207255
repeat-new minus first-new,91,92s,0.0030987056537618175,raise_minus_call,209,5.100047324092463,1.8012543540748196
repeat-new minus first-new,92,93s,0.003082213794045835,call_minus_fold,202,0.8291520661089198,0.5999884839608292
repeat-new minus first-new,92,93s,0.003082213794045835,raise_minus_fold,202,-4.548338232428009,1.6960470383906063
repeat-new minus first-new,92,93s,0.003082213794045835,raise_minus_call,202,-5.377490298536928,1.788043678303747
repeat-new minus first-new,93,94s,0.003080145272025731,call_minus_fold,198,-4.853358884876225,1.5522541701634944
repeat-new minus first-new,93,94s,0.003080145272025731,raise_minus_fold,198,-1.5386932791070274,1.1343001700059336
repeat-new minus first-new,93,94s,0.003080145272025731,raise_minus_call,198,3.3146656057691977,1.6718989865031564
repeat-new minus first-new,94,95s,0.0030551849830528464,call_minus_fold,178,-0.6635730288965336,0.33402325078123574
repeat-new minus first-new,94,95s,0.0030551849830528464,raise_minus_fold,178,4.0880751380428935,1.9808231538399677
repeat-new minus first-new,94,95s,0.0030551849830528464,raise_minus_call,178,4.751648166939427,1.8977052219198536
repeat-new minus first-new,95,96s,0.003060802798850952,call_minus_fold,192,5.33149305997421,1.2879308201653983
repeat-new minus first-new,95,96s,0.003060802798850952,raise_minus_fold,192,-0.48100050308045444,1.2036635288072208
repeat-new minus first-new,95,96s,0.003060802798850952,raise_minus_call,192,-5.812493563054663,1.6677581892563504
repeat-new minus first-new,96,97s,0.0030496971044909785,call_minus_fold,202,0.39735151801717133,0.6241824879100598
repeat-new minus first-new,96,97s,0.0030496971044909785,raise_minus_fold,202,7.754726905477239,1.5421486655305456
repeat-new minus first-new,96,97s,0.0030496971044909785,raise_minus_call,202,7.357375387460067,1.3776285727830442
repeat-new minus first-new,97,98s,0.003038252900973393,call_minus_fold,196,0.5172837770604622,0.6119625686826862
repeat-new minus first-new,97,98s,0.003038252900973393,raise_minus_fold,196,0.26493152115971397,1.519610883636879
repeat-new minus first-new,97,98s,0.003038252900973393,raise_minus_call,196,-0.2523522559007482,1.538955556173451
repeat-new minus first-new,98,99,0.004524587518183176,call_minus_fold,305,0.9233455934182265,0.9758824795073485
repeat-new minus first-new,98,99,0.004524587518183176,raise_minus_fold,305,6.204006698322387,1.911282497498108
repeat-new minus first-new,98,99,0.004524587518183176,raise_minus_call,305,5.28066110490416,1.6750070447059753
repeat-new minus first-new,99,T9o,0.008989226232099018,call_minus_fold,599,-3.7184383960100442,0.9604763753610263
repeat-new minus first-new,99,T9o,0.008989226232099018,raise_minus_fold,599,-6.7560058901543725,1.2221378378506615
repeat-new minus first-new,99,T9o,0.008989226232099018,raise_minus_call,599,-3.0375674941443287,1.2853733308261097
repeat-new minus first-new,100,J9o,0.00897005864301116,call_minus_fold,596,-3.544535321170584,0.7522783007315055
repeat-new minus first-new,100,J9o,0.00897005864301116,raise_minus_fold,596,-7.760803819479754,0.7046757704830469
repeat-new minus first-new,100,J9o,0.00897005864301116,raise_minus_call,596,-4.216268498309169,0.8181051109696276
repeat-new minus first-new,101,Q9o,0.008897074213832389,call_minus_fold,551,1.4039892537773206,0.5467921360665997
repeat-new minus first-new,101,Q9o,0.008897074213832389,raise_minus_fold,551,-4.677115665551936,1.271281926816267
repeat-new minus first-new,101,Q9o,0.008897074213832389,raise_minus_call,551,-6.081104919329257,1.3358731241165915
repeat-new minus first-new,102,K9o,0.008808510962475227,call_minus_fold,576,0.5905696153460953,0.5198611262212439
repeat-new minus first-new,102,K9o,0.008808510962475227,raise_minus_fold,576,-6.318932064951949,1.5215585564522751
repeat-new minus first-new,102,K9o,0.008808510962475227,raise_minus_call,576,-6.909501680298045,1.5058544943255339
repeat-new minus first-new,103,A9o,0.00849669870654732,call_minus_fold,576,0.5289912877496191,0.49608817930687776
repeat-new minus first-new,103,A9o,0.00849669870654732,raise_minus_fold,576,4.29905346319589,1.5333196756705287
repeat-new minus first-new,103,A9o,0.00849669870654732,raise_minus_call,576,3.770062175446272,1.4175884114085453
repeat-new minus first-new,104,T2s,0.003085143878155321,call_minus_fold,234,-0.925297888158644,0.5241166073953184
repeat-new minus first-new,104,T2s,0.003085143878155321,raise_minus_fold,234,1.3986123896824862,1.380254858776179
repeat-new minus first-new,104,T2s,0.003085143878155321,raise_minus_call,234,2.3239102778411302,1.3871468550591823
repeat-new minus first-new,105,T3s,0.003068652018439338,call_minus_fold,207,-0.05116095987351376,0.6408521246409088
repeat-new minus first-new,105,T3s,0.003068652018439338,raise_minus_fold,207,0.3716327502581847,0.6481907999603926
repeat-new minus first-new,105,T3s,0.003068652018439338,raise_minus_call,207,0.4227937101316984,0.714037412394667
repeat-new minus first-new,106,T4s,0.003066583496419234,call_minus_fold,209,0.0317319501698686,0.32640178728214025
repeat-new minus first-new,106,T4s,0.003066583496419234,raise_minus_fold,209,3.9526397855777198,1.6967496353183962
repeat-new minus first-new,106,T4s,0.003066583496419234,raise_minus_call,209,3.9209078354078506,1.6618294912587799
repeat-new minus first-new,107,T5s,0.003040740248649781,call_minus_fold,195,3.2971416147539983,1.0241712609804463
repeat-new minus first-new,107,T5s,0.003040740248649781,raise_minus_fold,195,-2.8659967654423943,1.6452166758404216
repeat-new minus first-new,107,T5s,0.003040740248649781,raise_minus_call,195,-6.163138380196393,2.1016349528057163
repeat-new minus first-new,108,T6s,0.0030408203149837813,call_minus_fold,190,-0.12408070554465236,0.3753755467046462
repeat-new minus first-new,108,T6s,0.0030408203149837813,raise_minus_fold,190,-4.637619972052461,1.911270198308219
repeat-new minus first-new,108,T6s,0.0030408203149837813,raise_minus_call,190,-4.5135392665078085,1.920031730732489
repeat-new minus first-new,109,T7s,0.0030361325646821274,call_minus_fold,196,-1.0882364249238836,0.7717103972518168
repeat-new minus first-new,109,T7s,0.0030361325646821274,raise_minus_fold,196,0.9459716733336521,1.5179565369221775
repeat-new minus first-new,109,T7s,0.0030361325646821274,raise_minus_call,196,2.0342080982575355,1.5300415983160578
repeat-new minus first-new,110,T8s,0.003024691110993242,call_minus_fold,210,-0.87093183038417,0.735909532665626
repeat-new minus first-new,110,T8s,0.003024691110993242,raise_minus_fold,210,0.06464165189107221,1.0863645185952668
repeat-new minus first-new,110,T8s,0.003024691110993242,raise_minus_call,210,0.9355734822752422,1.17292678802357
repeat-new minus first-new,111,T9s,0.003002829561068935,call_minus_fold,199,-3.811207418675405,1.8113475409613653
repeat-new minus first-new,111,T9s,0.003002829561068935,raise_minus_fold,199,-1.6320006400025764,2.0801357006454717
repeat-new minus first-new,111,T9s,0.003002829561068935,raise_minus_call,199,2.1792067786728286,2.6917110223846947
repeat-new minus first-new,112,TT,0.004483901867157541,call_minus_fold,292,-0.06719096480143238,1.1290277546894176
repeat-new minus first-new,112,TT,0.004483901867157541,raise_minus_fold,292,-4.59425546435117,1.860351106860296
repeat-new minus first-new,112,TT,0.004483901867157541,raise_minus_call,292,-4.527064499549738,1.8328362184888818
repeat-new minus first-new,113,JTo,0.008948627684417313,call_minus_fold,540,0.10713014048565687,0.4095288766110413
repeat-new minus first-new,113,JTo,0.008948627684417313,raise_minus_fold,540,7.030593258179035,0.9137359826651942
repeat-new minus first-new,113,JTo,0.008948627684417313,raise_minus_call,540,6.9234631176933785,0.940750289134054
repeat-new minus first-new,114,QTo,0.008857952729646955,call_minus_fold,588,0.0165643967186834,0.44458687218180465
repeat-new minus first-new,114,QTo,0.008857952729646955,raise_minus_fold,588,3.109742310488463,1.168847864707076
repeat-new minus first-new,114,QTo,0.008857952729646955,raise_minus_call,588,3.0931779137697797,0.9903593408470589
repeat-new minus first-new,115,KTo,0.008767899905759253,call_minus_fold,621,1.8464749871605275,0.49300124735995365
repeat-new minus first-new,115,KTo,0.008767899905759253,raise_minus_fold,621,-0.587046975872793,1.055041765681894
repeat-new minus first-new,115,KTo,0.008767899905759253,raise_minus_call,621,-2.43352196303332,0.99825224934192
repeat-new minus first-new,116,ATo,0.008456018424329408,call_minus_fold,503,0.6295701399673315,0.4841971691713164
repeat-new minus first-new,116,ATo,0.008456018424329408,raise_minus_fold,503,-1.6236760321934227,1.0275336231013863
repeat-new minus first-new,116,ATo,0.008456018424329408,raise_minus_call,503,-2.253246172160754,1.117238265108354
repeat-new minus first-new,117,J2s,0.003078753019509794,call_minus_fold,197,1.8669554867071874,0.9046239345438686
repeat-new minus first-new,117,J2s,0.003078753019509794,raise_minus_fold,197,-6.576256256500828,1.5645204004384698
repeat-new minus first-new,117,J2s,0.003078753019509794,raise_minus_call,197,-8.443211743208014,1.4928867613118706
repeat-new minus first-new,118,J3s,0.0030622611597938116,call_minus_fold,177,-0.22348571171675746,0.39677606566640733
repeat-new minus first-new,118,J3s,0.0030622611597938116,raise_minus_fold,177,-1.1676119829771787,0.9786636190489635
repeat-new minus first-new,118,J3s,0.0030622611597938116,raise_minus_call,177,-0.944126271260421,0.9955164216383967
repeat-new minus first-new,119,J4s,0.0030601926377737078,call_minus_fold,198,0.9426785664644298,0.6263311408666038
repeat-new minus first-new,119,J4s,0.0030601926377737078,raise_minus_fold,198,-6.81976412579149,2.205839572799214
repeat-new minus first-new,119,J4s,0.0030601926377737078,raise_minus_call,198,-7.76244269225592,2.2155136229026895
repeat-new minus first-new,120,J5s,0.003040739542766197,call_minus_fold,181,0.3333055420309292,0.582525246862897
repeat-new minus first-new,120,J5s,0.003040739542766197,raise_minus_fold,181,-9.093823817382066,1.5123201751503283
repeat-new minus first-new,120,J5s,0.003040739542766197,raise_minus_call,181,-9.427129359412994,1.6271934935194092
repeat-new minus first-new,121,J6s,0.0030344294563382545,call_minus_fold,204,-5.167208047003389,1.5184928729182678
repeat-new minus first-new,121,J6s,0.0030344294563382545,raise_minus_fold,204,-7.034478466062756,1.6278639631569602
repeat-new minus first-new,121,J6s,0.0030344294563382545,raise_minus_call,204,-1.8672704190593676,2.288209383450124
repeat-new minus first-new,122,J7s,0.0030297342847703562,call_minus_fold,185,-0.956727945948942,0.9032104168789362
repeat-new minus first-new,122,J7s,0.0030297342847703562,raise_minus_fold,185,-1.9234494893089864,2.46690435464619
repeat-new minus first-new,122,J7s,0.0030297342847703562,raise_minus_call,185,-0.9667215433600446,2.290515383575456
repeat-new minus first-new,123,J8s,0.0030183005204907085,call_minus_fold,196,-7.660808514514818,1.8191917813365048
repeat-new minus first-new,123,J8s,0.0030183005204907085,raise_minus_fold,196,0.19699673576008211,1.6560652372488196
repeat-new minus first-new,123,J8s,0.0030183005204907085,raise_minus_call,196,7.857805250274899,2.4601615958973357
repeat-new minus first-new,124,J9s,0.00299643869350183,call_minus_fold,198,-0.7476519223587009,0.6710375647203701
repeat-new minus first-new,124,J9s,0.00299643869350183,raise_minus_fold,198,-0.30353176113583274,1.6519498630010587
repeat-new minus first-new,124,J9s,0.00299643869350183,raise_minus_call,198,0.4441201612228683,1.3822473811497011
repeat-new minus first-new,125,JTs,0.002982874835202435,call_minus_fold,200,-0.9975070328561597,0.7991029099441221
repeat-new minus first-new,125,JTs,0.002982874835202435,raise_minus_fold,200,4.04002205865186,1.02730677833936
repeat-new minus first-new,125,JTs,0.002982874835202435,raise_minus_call,200,5.037529091508019,1.257687798187772
repeat-new minus first-new,126,JJ,0.004464729101391971,call_minus_fold,324,3.0362450461537707,1.193711850612971
repeat-new minus first-new,126,JJ,0.004464729101391971,raise_minus_fold,324,4.600346273939052,1.5824844153201656
repeat-new minus first-new,126,JJ,0.004464729101391971,raise_minus_call,324,1.5641012277852813,1.7480215882229784
repeat-new minus first-new,127,QJo,0.008838791741356376,call_minus_fold,582,-2.924482485637498,0.7504527788681237
repeat-new minus first-new,127,QJo,0.008838791741356376,raise_minus_fold,582,-7.41533868519454,1.0685108330542823
repeat-new minus first-new,127,QJo,0.008838791741356376,raise_minus_call,582,-4.490856199557041,1.0420757675115258
repeat-new minus first-new,128,KJo,0.008748729593427788,call_minus_fold,561,0.6288342697723706,0.5737239759745935
repeat-new minus first-new,128,KJo,0.008748729593427788,raise_minus_fold,561,-0.8181935030450252,0.9219482214936778
repeat-new minus first-new,128,KJo,0.008748729593427788,raise_minus_call,561,-1.4470277728173957,0.9641050663872709
repeat-new minus first-new,129,AJo,0.008436846232518724,call_minus_fold,544,1.4213552045529663,0.6769712204032579
repeat-new minus first-new,129,AJo,0.008436846232518724,raise_minus_fold,544,-1.1219526486083737,1.4921844778896123
repeat-new minus first-new,129,AJo,0.008436846232518724,raise_minus_call,544,-2.5433078531613402,1.4971654846518894
repeat-new minus first-new,130,Q2s,0.003048589629748466,call_minus_fold,202,-0.1360465447858489,0.5736418582122581
repeat-new minus first-new,130,Q2s,0.003048589629748466,raise_minus_fold,202,-1.6270999500349637,0.7540986367353911
repeat-new minus first-new,130,Q2s,0.003048589629748466,raise_minus_call,202,-1.4910534052491147,0.6814021202662318
repeat-new minus first-new,131,Q3s,0.0030383263451918183,call_minus_fold,197,0.5426301162267239,0.6230654049696092
repeat-new minus first-new,131,Q3s,0.0030383263451918183,raise_minus_fold,197,0.6015372088842184,1.5498778927344303
repeat-new minus first-new,131,Q3s,0.0030383263451918183,raise_minus_call,197,0.058907092657494345,1.4163978137997433
repeat-new minus first-new,132,Q4s,0.0030300838891443495,call_minus_fold,218,-0.169395552899548,0.6268846558770279
repeat-new minus first-new,132,Q4s,0.0030300838891443495,raise_minus_fold,218,-3.335439858656068,1.3338145750335044
repeat-new minus first-new,132,Q4s,0.0030300838891443495,raise_minus_call,218,-3.16604430575652,1.3315724701156093
repeat-new minus first-new,133,Q5s,0.003010523121683423,call_minus_fold,204,0.22334512304099507,0.6594619862206824
repeat-new minus first-new,133,Q5s,0.003010523121683423,raise_minus_fold,204,2.4078099799682806,1.2963591263373924
repeat-new minus first-new,133,Q5s,0.003010523121683423,raise_minus_call,204,2.1844648569272858,1.4355498967798486
repeat-new minus first-new,134,Q6s,0.0030106108780065255,call_minus_fold,234,-0.6479934377607841,0.5797434229583702
repeat-new minus first-new,134,Q6s,0.0030106108780065255,raise_minus_fold,234,7.941229125511738,1.5729679235909952
repeat-new minus first-new,134,Q6s,0.0030106108780065255,raise_minus_call,234,8.589222563272521,1.5819548936972205
repeat-new minus first-new,135,Q7s,0.002999247818911184,call_minus_fold,179,0.6155763039564494,0.564226891172099
repeat-new minus first-new,135,Q7s,0.002999247818911184,raise_minus_fold,179,-0.5164426556179519,0.7618290977380192
repeat-new minus first-new,135,Q7s,0.002999247818911184,raise_minus_call,179,-1.1320189595744012,0.9242586109302846
repeat-new minus first-new,136,Q8s,0.0029880834387154944,call_minus_fold,187,-0.22237674252129874,0.7613607913742046
repeat-new minus first-new,136,Q8s,0.0029880834387154944,raise_minus_fold,187,3.018124571875813,2.0875479933702414
repeat-new minus first-new,136,Q8s,0.0029880834387154944,raise_minus_call,187,3.240501314397112,2.106865802272396
repeat-new minus first-new,137,Q9s,0.0029662224032688716,call_minus_fold,195,-2.880845646481962,1.2980825276548749
repeat-new minus first-new,137,Q9s,0.0029662224032688716,raise_minus_fold,195,-7.227188449818081,2.0844211309461214
repeat-new minus first-new,137,Q9s,0.0029662224032688716,raise_minus_call,195,-4.346342803336119,2.196582567251733
repeat-new minus first-new,138,QTs,0.0029526608655711306,call_minus_fold,168,-1.0378392521292648,0.9025113012996384
repeat-new minus first-new,138,QTs,0.0029526608655711306,raise_minus_fold,168,1.1922460419396956,1.9182946277499886
repeat-new minus first-new,138,QTs,0.0029526608655711306,raise_minus_call,168,2.23008529406896,1.8290832368141299
repeat-new minus first-new,139,QJs,0.0029462700089081767,call_minus_fold,206,0.45833121393675885,0.8948625538969149
repeat-new minus first-new,139,QJs,0.0029462700089081767,raise_minus_fold,206,0.9652927811901504,2.1778189058140547
repeat-new minus first-new,139,QJs,0.0029462700089081767,raise_minus_call,206,0.5069615672533917,2.0070322019879456
repeat-new minus first-new,140,QQ,0.004374080308655107,call_minus_fold,278,0.7209060843049598,0.27462877205170705
repeat-new minus first-new,140,QQ,0.004374080308655107,raise_minus_fold,278,3.203299620780631,2.582223950848846
repeat-new minus first-new,140,QQ,0.004374080308655107,raise_minus_call,278,2.4823935364756715,2.565733438730384
repeat-new minus first-new,141,KQo,0.008658085069170625,call_minus_fold,560,0.773310341799686,0.48548643485294074
repeat-new minus first-new,141,KQo,0.008658085069170625,raise_minus_fold,560,1.3933402802617905,1.2488404703694185
repeat-new minus first-new,141,KQo,0.008658085069170625,raise_minus_call,560,0.6200299384621046,1.3446524309542267
repeat-new minus first-new,142,AQo,0.008346197677690622,call_minus_fold,565,-0.6980408087001103,0.6294726489632434
repeat-new minus first-new,142,AQo,0.008346197677690622,raise_minus_fold,565,-3.8631148616800464,1.2380622297925967
repeat-new minus first-new,142,AQo,0.008346197677690622,raise_minus_call,565,-3.165074052979936,1.1631234816026466
repeat-new minus first-new,143,K2s,0.0030248961572387077,call_minus_fold,192,0.050192857538647606,0.6137628320875893
repeat-new minus first-new,143,K2s,0.0030248961572387077,raise_minus_fold,192,-4.3373948135356795,2.05217105778816
repeat-new minus first-new,143,K2s,0.0030248961572387077,raise_minus_call,192,-4.387587671074327,2.2259775810997895
repeat-new minus first-new,144,K3s,0.003008434522343193,call_minus_fold,177,-0.23131276945370874,0.7725119597468526
repeat-new minus first-new,144,K3s,0.003008434522343193,raise_minus_fold,177,-4.831222970355901,0.9688442526519867
repeat-new minus first-new,144,K3s,0.003008434522343193,raise_minus_call,177,-4.599910200902192,1.1938000102752857
repeat-new minus first-new,145,K4s,0.0030063569944854033,call_minus_fold,218,0.21877385138427197,0.70903118703607
repeat-new minus first-new,145,K4s,0.0030063569944854033,raise_minus_fold,218,1.330471057237681,0.9784084774394909
repeat-new minus first-new,145,K4s,0.0030063569944854033,raise_minus_call,218,1.1116972058534091,1.183778817201226
repeat-new minus first-new,146,K5s,0.002980524350918867,call_minus_fold,194,1.046133385635965,0.7958295923886568
repeat-new minus first-new,146,K5s,0.002980524350918867,raise_minus_fold,194,1.0107535882210876,1.318949135779233
repeat-new minus first-new,146,K5s,0.002980524350918867,raise_minus_call,194,-0.03537979741487742,1.0818458899028172
repeat-new minus first-new,147,K6s,0.0029806068083200817,call_minus_fold,188,-0.4456884013685563,0.7069877153290168
repeat-new minus first-new,147,K6s,0.0029806068083200817,raise_minus_fold,188,-7.729540635428911,1.529346183620453
repeat-new minus first-new,147,K6s,0.0029806068083200817,raise_minus_call,188,-7.2838522340603555,1.5270829583088847
repeat-new minus first-new,148,K7s,0.002969502618732987,call_minus_fold,192,-0.9415702368326008,0.71374914491211
repeat-new minus first-new,148,K7s,0.002969502618732987,raise_minus_fold,192,4.015039010066608,2.3782821097944384
repeat-new minus first-new,148,K7s,0.002969502618732987,raise_minus_call,192,4.956609246899209,2.2250525869098143
repeat-new minus first-new,149,K8s,0.0029580582045670247,call_minus_fold,194,-0.06729338065095058,0.7579996896911025
repeat-new minus first-new,149,K8s,0.0029580582045670247,raise_minus_fold,194,5.342993994472096,1.1612440272907054
repeat-new minus first-new,149,K8s,0.0029580582045670247,raise_minus_call,194,5.410287375123046,1.1872509803129219
repeat-new minus first-new,150,K9s,0.0029361969996104134,call_minus_fold,180,0.9493993646149951,0.8251109559245557
repeat-new minus first-new,150,K9s,0.0029361969996104134,raise_minus_fold,180,-0.8158160950570729,1.681827109462628
repeat-new minus first-new,150,K9s,0.0029361969996104134,raise_minus_call,180,-1.765215459672068,1.8781151203871587
repeat-new minus first-new,151,KTs,0.0029226356056492116,call_minus_fold,186,-1.4585422576678644,0.8747273016213205
repeat-new minus first-new,151,KTs,0.0029226356056492116,raise_minus_fold,186,0.5752236316470832,1.7337692937856741
repeat-new minus first-new,151,KTs,0.0029226356056492116,raise_minus_call,186,2.0337658893149477,1.9235864342181492
repeat-new minus first-new,152,KJs,0.0029162448758709276,call_minus_fold,209,-2.6610798257139456,1.3130524172551405
repeat-new minus first-new,152,KJs,0.0029162448758709276,raise_minus_fold,209,-0.09522418501308781,0.7048462880578341
repeat-new minus first-new,152,KJs,0.0029162448758709276,raise_minus_call,209,2.5658556407008577,1.335158606652574
repeat-new minus first-new,153,KQs,0.0028860286010029094,call_minus_fold,175,-1.2906240113365812,0.7870489850654342
repeat-new minus first-new,153,KQs,0.0028860286010029094,raise_minus_fold,175,3.9508674227515472,2.4371239761165024
repeat-new minus first-new,153,KQs,0.0028860286010029094,raise_minus_call,175,5.241491434088128,2.4537346051707867
repeat-new minus first-new,154,KK,0.004284005053936323,call_minus_fold,279,0.3833971057753446,0.3249478310183051
repeat-new minus first-new,154,KK,0.004284005053936323,raise_minus_fold,279,-0.9953013084504662,2.352356187552722
repeat-new minus first-new,154,KK,0.004284005053936323,raise_minus_call,279,-1.3786984142258105,2.3503284844358334
repeat-new minus first-new,155,AKo,0.0082561217647576,call_minus_fold,559,-0.8706562428493796,0.23609361980366125
repeat-new minus first-new,155,AKo,0.0082561217647576,raise_minus_fold,559,-3.8927499314982135,1.4219387613900338
repeat-new minus first-new,155,AKo,0.0082561217647576,raise_minus_call,559,-3.022093688648834,1.355512017338452
repeat-new minus first-new,156,A2s,0.0029209535351987642,call_minus_fold,189,0.9551604496656948,0.7549591781881556
repeat-new minus first-new,156,A2s,0.0029209535351987642,raise_minus_fold,189,-6.791036014606955,3.1618011380006665
repeat-new minus first-new,156,A2s,0.0029209535351987642,raise_minus_call,189,-7.746196464272649,3.1349255565792946
repeat-new minus first-new,157,A3s,0.002904478032205372,call_minus_fold,187,-0.2664931542146497,0.7719397775064121
repeat-new minus first-new,157,A3s,0.002904478032205372,raise_minus_fold,187,-2.9141770730825556,1.9540400014165276
repeat-new minus first-new,157,A3s,0.002904478032205372,raise_minus_call,187,-2.647683918867906,1.8516941432994756
repeat-new minus first-new,158,A4s,0.0029024088276845255,call_minus_fold,178,0.6045934153709789,0.7640407554291769
repeat-new minus first-new,158,A4s,0.0029024088276845255,raise_minus_fold,178,-6.366960441815661,2.9305173843837733
repeat-new minus first-new,158,A4s,0.0029024088276845255,raise_minus_call,178,-6.971553857186642,2.8664296134303866
repeat-new minus first-new,159,A5s,0.0028765640116156376,call_minus_fold,196,0.6379843991069545,0.8265671958154901
repeat-new minus first-new,159,A5s,0.0028765640116156376,raise_minus_fold,196,2.1977216458986684,1.419294172451487
repeat-new minus first-new,159,A5s,0.0028765640116156376,raise_minus_call,196,1.559737246791714,1.4719249749906416
repeat-new minus first-new,160,A6s,0.00287664555405943,call_minus_fold,169,-1.5800224566365215,0.7488250489273864
repeat-new minus first-new,160,A6s,0.00287664555405943,raise_minus_fold,169,2.6937073939086753,2.488016229951347
repeat-new minus first-new,160,A6s,0.00287664555405943,raise_minus_call,169,4.273729850545196,2.6813962885835227
repeat-new minus first-new,161,A7s,0.0028655407057624678,call_minus_fold,193,-0.2368714467453014,0.7431749297235123
repeat-new minus first-new,161,A7s,0.0028655407057624678,raise_minus_fold,193,2.462637141620876,2.2659855756256286
repeat-new minus first-new,161,A7s,0.0028655407057624678,raise_minus_call,193,2.6995085883661774,2.244054129888464
repeat-new minus first-new,162,A8s,0.002854096463089066,call_minus_fold,201,-0.32363185979177345,0.8457180713273313
repeat-new minus first-new,162,A8s,0.002854096463089066,raise_minus_fold,201,-1.1005991499610195,1.1072993714984238
repeat-new minus first-new,162,A8s,0.002854096463089066,raise_minus_call,201,-0.7769672901692459,1.315213175476257
repeat-new minus first-new,163,A9s,0.0028322345637362746,call_minus_fold,195,1.542594568441158,1.1471048506052453
repeat-new minus first-new,163,A9s,0.0028322345637362746,raise_minus_fold,195,-0.29887689387707356,1.9038324595245557
repeat-new minus first-new,163,A9s,0.0028322345637362746,raise_minus_call,195,-1.8414714623182316,1.8582867377254686
repeat-new minus first-new,164,ATs,0.0028186729016320797,call_minus_fold,170,0.1382077233399272,0.7586624164721418
repeat-new minus first-new,164,ATs,0.0028186729016320797,raise_minus_fold,170,5.222725873420498,2.1012635474488603
repeat-new minus first-new,164,ATs,0.0028186729016320797,raise_minus_call,170,5.084518150080571,2.1278480427991324
repeat-new minus first-new,165,AJs,0.0028122821203068987,call_minus_fold,177,3.0813546558311784,0.8288273507882457
repeat-new minus first-new,165,AJs,0.0028122821203068987,raise_minus_fold,177,-5.801867567761283,2.362402952509505
repeat-new minus first-new,165,AJs,0.0028122821203068987,raise_minus_call,177,-8.88322222359246,2.392740187926416
repeat-new minus first-new,166,AQs,0.002782065810743854,call_minus_fold,165,-1.526179790613209,1.1269304483330855
repeat-new minus first-new,166,AQs,0.002782065810743854,raise_minus_fold,165,6.656684196055312,2.3593323098901973
repeat-new minus first-new,166,AQs,0.002782065810743854,raise_minus_call,165,8.182863986668522,2.5314122293870582
repeat-new minus first-new,167,AKs,0.002752040727766573,call_minus_fold,166,-0.3670074194982762,0.36887762383817996
repeat-new minus first-new,167,AKs,0.002752040727766573,raise_minus_fold,166,2.199576641194131,2.777503494721992
repeat-new minus first-new,167,AKs,0.002752040727766573,raise_minus_call,166,2.5665840606924073,2.7604898023357207
repeat-new minus first-new,168,AA,0.003972108648688113,call_minus_fold,247,-0.0829263270817442,0.29029083571798914
repeat-new minus first-new,168,AA,0.003972108648688113,raise_minus_fold,247,2.4978496098877647,3.2461507917168273
repeat-new minus first-new,168,AA,0.003972108648688113,raise_minus_call,247,2.5807759369695087,3.156825811175877
repeat-new minus repeat-old,0,22,0.004790793724696479,call_minus_fold,311,-0.14759708001091573,0.5449596370315851
repeat-new minus repeat-old,0,22,0.004790793724696479,raise_minus_fold,311,-2.860931025544127,1.1810219709804537
repeat-new minus repeat-old,0,22,0.004790793724696479,raise_minus_call,311,-2.7133339455332113,1.318800690181584
repeat-new minus repeat-old,1,32o,0.009512847260521819,call_minus_fold,637,-0.7911447362941337,0.30990609369777367
repeat-new minus repeat-old,1,32o,0.009512847260521819,raise_minus_fold,637,-0.9275446528342701,0.6638604808587811
repeat-new minus repeat-old,1,32o,0.009512847260521819,raise_minus_call,637,-0.1363999165401363,0.7163835073659991
repeat-new minus repeat-old,2,42o,0.009506641694301852,call_minus_fold,612,4.811849218690916,0.8713334339881965
repeat-new minus repeat-old,2,42o,0.009506641694301852,raise_minus_fold,612,-8.947869572252007,0.7032077694651092
repeat-new minus repeat-old,2,42o,0.009506641694301852,raise_minus_call,612,-13.759718790942925,1.2781075033832612
repeat-new minus repeat-old,3,52o,0.009429105229310572,call_minus_fold,620,0.2635894940136416,0.256542096511208
repeat-new minus repeat-old,3,52o,0.009429105229310572,raise_minus_fold,620,6.951205282506284,0.7937294282619914
repeat-new minus repeat-old,3,52o,0.009429105229310572,raise_minus_call,620,6.687615788492642,0.7922682878986114
repeat-new minus repeat-old,4,62o,0.009429352148007004,call_minus_fold,605,-0.8405255706857293,0.2876800922491188
repeat-new minus repeat-old,4,62o,0.009429352148007004,raise_minus_fold,605,-6.608460375181214,0.5668501515900146
repeat-new minus repeat-old,4,62o,0.009429352148007004,raise_minus_call,605,-5.767934804495485,0.6071583212287699
repeat-new minus repeat-old,5,72o,0.009396037340559372,call_minus_fold,627,-0.43015594969790394,0.2680835819496523
repeat-new minus repeat-old,5,72o,0.009396037340559372,raise_minus_fold,627,5.75190043758869,0.8403443285261473
repeat-new minus repeat-old,5,72o,0.009396037340559372,raise_minus_call,627,6.182056387286594,0.8224212518742526
repeat-new minus repeat-old,6,82o,0.009361703242193552,call_minus_fold,627,0.049022709490661294,0.35355677870851915
repeat-new minus repeat-old,6,82o,0.009361703242193552,raise_minus_fold,627,2.3748916425491524,0.663857526261706
repeat-new minus repeat-old,6,82o,0.009361703242193552,raise_minus_call,627,2.325868933058491,0.6593926075945216
repeat-new minus repeat-old,7,92o,0.009296117200453959,call_minus_fold,643,3.4072776047058544,0.6284060380149592
repeat-new minus repeat-old,7,92o,0.009296117200453959,raise_minus_fold,643,6.631837316620594,0.6930216071724445
repeat-new minus repeat-old,7,92o,0.009296117200453959,raise_minus_call,643,3.22455971191474,0.595833268659126
repeat-new minus repeat-old,8,T2o,0.009255431872587724,call_minus_fold,612,4.420447285916132,0.7339063591883855
repeat-new minus repeat-old,8,T2o,0.009255431872587724,raise_minus_fold,612,3.041567728776359,0.5244819927706541
repeat-new minus repeat-old,8,T2o,0.009255431872587724,raise_minus_call,612,-1.3788795571397732,0.6828670592272434
repeat-new minus repeat-old,9,J2o,0.009236259296157876,call_minus_fold,592,-2.7419345566675593,0.5002268467500841
repeat-new minus repeat-old,9,J2o,0.009236259296157876,raise_minus_fold,592,-2.3556194931460275,0.5590052514254146
repeat-new minus repeat-old,9,J2o,0.009236259296157876,raise_minus_call,592,0.3863150635215318,0.7367475261394203
repeat-new minus repeat-old,10,Q2o,0.009145610283355409,call_minus_fold,580,-2.3818184904138784,0.48552888063838906
repeat-new minus repeat-old,10,Q2o,0.009145610283355409,raise_minus_fold,580,-3.7899695376021563,0.4440458289767554
repeat-new minus repeat-old,10,Q2o,0.009145610283355409,raise_minus_call,580,-1.4081510471882779,0.5571597708447711
repeat-new minus repeat-old,11,K2o,0.009055534566697113,call_minus_fold,619,0.21927538723334242,0.21704668171418945
repeat-new minus repeat-old,11,K2o,0.009055534566697113,raise_minus_fold,619,2.041196129306854,0.5847112688027053
repeat-new minus repeat-old,11,K2o,0.009055534566697113,raise_minus_call,619,1.8219207420735115,0.6029082628554555
repeat-new minus repeat-old,12,A2o,0.008750471453727546,call_minus_fold,581,-0.24272163095717525,0.28482688467826717
repeat-new minus repeat-old,12,A2o,0.008750471453727546,raise_minus_fold,581,-4.6104987320689235,1.2149466838218932
repeat-new minus repeat-old,12,A2o,0.008750471453727546,raise_minus_call,581,-4.3677771011117486,1.1863685927056666
repeat-new minus repeat-old,13,32s,0.00317094900525911,call_minus_fold,197,-0.6822887959139438,0.3791878461479619
repeat-new minus repeat-old,13,32s,0.00317094900525911,raise_minus_fold,197,0.6726104068121351,1.198521577119715
repeat-new minus repeat-old,13,32s,0.00317094900525911,raise_minus_call,197,1.3548992027260789,1.2257521984596254
repeat-new minus repeat-old,14,33,0.00474131789843658,call_minus_fold,334,0.4368373517000901,0.42888868924534473
repeat-new minus repeat-old,14,33,0.00474131789843658,raise_minus_fold,334,2.479641022042481,0.997962226213155
repeat-new minus repeat-old,14,33,0.00474131789843658,raise_minus_call,334,2.042803670342391,0.995490907428053
repeat-new minus repeat-old,15,43o,0.009457166113881007,call_minus_fold,591,0.03620638905873941,0.24954590794417197
repeat-new minus repeat-old,15,43o,0.009457166113881007,raise_minus_fold,591,-8.29420365650176,0.770101307470148
repeat-new minus repeat-old,15,43o,0.009457166113881007,raise_minus_call,591,-8.330410045560498,0.8118882658244709
repeat-new minus repeat-old,16,53o,0.009379629648889725,call_minus_fold,619,0.2578157751872326,0.2675491356175605
repeat-new minus repeat-old,16,53o,0.009379629648889725,raise_minus_fold,619,-1.139226071357458,0.47330840587771844
repeat-new minus repeat-old,16,53o,0.009379629648889725,raise_minus_call,619,-1.3970418465446905,0.553144925513022
repeat-new minus repeat-old,17,63o,0.00937987656758616,call_minus_fold,601,0.9908151517344068,0.2990557093963499
repeat-new minus repeat-old,17,63o,0.00937987656758616,raise_minus_fold,601,-1.5248323038507234,0.4548091453740602
repeat-new minus repeat-old,17,63o,0.00937987656758616,raise_minus_call,601,-2.5156474555851305,0.5289397963197449
repeat-new minus repeat-old,18,73o,0.009346561760138525,call_minus_fold,640,-3.2951638594827934,0.5991479079380488
repeat-new minus repeat-old,18,73o,0.009346561760138525,raise_minus_fold,640,-5.477713236592072,0.5399038773784708
repeat-new minus repeat-old,18,73o,0.009346561760138525,raise_minus_call,640,-2.1825493771092788,0.6851052162496227
repeat-new minus repeat-old,19,83o,0.009312227661772707,call_minus_fold,588,2.318068393585348,0.38630812717075946
repeat-new minus repeat-old,19,83o,0.009312227661772707,raise_minus_fold,588,0.3482641979100956,0.6761690342006796
repeat-new minus repeat-old,19,83o,0.009312227661772707,raise_minus_call,588,-1.9698041956752523,0.7302900468758148
repeat-new minus repeat-old,20,93o,0.009246641620033112,call_minus_fold,608,-0.012457008193952903,0.15032546402058264
repeat-new minus repeat-old,20,93o,0.009246641620033112,raise_minus_fold,608,2.1561713804518,0.7323643405996069
repeat-new minus repeat-old,20,93o,0.009246641620033112,raise_minus_call,608,2.168628388645753,0.7570463597906595
repeat-new minus repeat-old,21,T3o,0.009205956292166879,call_minus_fold,589,-0.7386395209795498,0.2947249393738446
repeat-new minus repeat-old,21,T3o,0.009205956292166879,raise_minus_fold,589,0.5869189183115934,0.949842753524818
repeat-new minus repeat-old,21,T3o,0.009205956292166879,raise_minus_call,589,1.3255584392911433,0.8965443656921722
repeat-new minus repeat-old,22,J3o,0.00918678371573703,call_minus_fold,640,-0.10342390522034753,0.1855417990174216
repeat-new minus repeat-old,22,J3o,0.00918678371573703,raise_minus_fold,640,5.78776308725286,0.6476686260582339
repeat-new minus repeat-old,22,J3o,0.00918678371573703,raise_minus_call,640,5.891186992473207,0.6576613517222396
repeat-new minus repeat-old,23,Q3o,0.009096134702934562,call_minus_fold,606,1.9693131296361197,0.7171355564791108
repeat-new minus repeat-old,23,Q3o,0.009096134702934562,raise_minus_fold,606,-2.238954536270512,0.5039692710303405
repeat-new minus repeat-old,23,Q3o,0.009096134702934562,raise_minus_call,606,-4.208267665906632,0.8453121946457804
repeat-new minus repeat-old,24,K3o,0.009006058986276266,call_minus_fold,578,-0.0880082486607929,0.24492986362181488
repeat-new minus repeat-old,24,K3o,0.009006058986276266,raise_minus_fold,578,-8.388042363393343,0.7538098226404506
repeat-new minus repeat-old,24,K3o,0.009006058986276266,raise_minus_call,578,-8.300034114732549,0.7837307881866901
repeat-new minus repeat-old,25,A3o,0.00871117416475761,call_minus_fold,564,-0.09940879166150118,0.26472243048540145
repeat-new minus repeat-old,25,A3o,0.00871117416475761,raise_minus_fold,564,-0.09247525639941005,0.7148264597749556
repeat-new minus repeat-old,25,A3o,0.00871117416475761,raise_minus_call,564,0.0069335352620911355,0.7411659251261332
repeat-new minus repeat-old,26,42s,0.0031688804832390063,call_minus_fold,218,-0.21628999725470469,0.5036055232952574
repeat-new minus repeat-old,26,42s,0.0031688804832390063,raise_minus_fold,218,-1.7310124780219234,0.678270220644427
repeat-new minus repeat-old,26,42s,0.0031688804832390063,raise_minus_call,218,-1.5147224807672186,0.8719876973829388
repeat-new minus repeat-old,27,43s,0.0031523886235230235,call_minus_fold,234,-0.5362351398457833,0.5292401883475055
repeat-new minus repeat-old,27,43s,0.0031523886235230235,raise_minus_fold,234,1.678604057347511,1.328150220771713
repeat-new minus repeat-old,27,43s,0.0031523886235230235,raise_minus_call,234,2.2148391971932946,1.3033888999107712
repeat-new minus repeat-old,28,44,0.004735112089351418,call_minus_fold,323,0.32331536262615784,0.5205201381570491
repeat-new minus repeat-old,28,44,0.004735112089351418,raise_minus_fold,323,-1.5794303514119532,0.5649415337195492
repeat-new minus repeat-old,28,44,0.004735112089351418,raise_minus_call,323,-1.9027457140381112,0.719459563077083
repeat-new minus repeat-old,29,54o,0.00937342408266976,call_minus_fold,621,0.7120082781803296,0.3299055809010642
repeat-new minus repeat-old,29,54o,0.00937342408266976,raise_minus_fold,621,-1.2888259048425346,0.4668465675448222
repeat-new minus repeat-old,29,54o,0.00937342408266976,raise_minus_call,621,-2.000834183022864,0.5970711770208863
repeat-new minus repeat-old,30,64o,0.009373671001366192,call_minus_fold,579,0.3675097164877238,0.3044552189898574
repeat-new minus repeat-old,30,64o,0.009373671001366192,raise_minus_fold,579,3.8420389209037036,0.6289738826754402
repeat-new minus repeat-old,30,64o,0.009373671001366192,raise_minus_call,579,3.47452920441598,0.6450567356092802
repeat-new minus repeat-old,31,74o,0.00934035619391856,call_minus_fold,611,-0.17652230478761205,0.26083817664039033
repeat-new minus repeat-old,31,74o,0.00934035619391856,raise_minus_fold,611,-7.847266944339285,0.8296255819117239
repeat-new minus repeat-old,31,74o,0.00934035619391856,raise_minus_call,611,-7.670744639551673,0.821146925253153
repeat-new minus repeat-old,32,84o,0.009306022095552742,call_minus_fold,613,0.19004724866910316,0.2602535721711698
repeat-new minus repeat-old,32,84o,0.009306022095552742,raise_minus_fold,613,5.426472204460956,0.8841961375369738
repeat-new minus repeat-old,32,84o,0.009306022095552742,raise_minus_call,613,5.236424955791852,0.8479658006593386
repeat-new minus repeat-old,33,94o,0.009240436053813146,call_minus_fold,611,-0.29009919540036005,0.21879997186941316
repeat-new minus repeat-old,33,94o,0.009240436053813146,raise_minus_fold,611,2.8875364197863425,1.0026658849004073
repeat-new minus repeat-old,33,94o,0.009240436053813146,raise_minus_call,611,3.1776356151867025,0.9865809139145908
repeat-new minus repeat-old,34,T4o,0.009199750725946912,call_minus_fold,557,-0.22233270263952618,0.282251865409568
repeat-new minus repeat-old,34,T4o,0.009199750725946912,raise_minus_fold,557,4.69680826100342,1.3038340395824553
repeat-new minus repeat-old,34,T4o,0.009199750725946912,raise_minus_call,557,4.919140963642946,1.3130869968056893
repeat-new minus repeat-old,35,J4o,0.009180578149517064,call_minus_fold,625,0.018597132568745973,0.2194576957644269
repeat-new minus repeat-old,35,J4o,0.009180578149517064,raise_minus_fold,625,-0.6324014905419337,0.39707628676695506
repeat-new minus repeat-old,35,J4o,0.009180578149517064,raise_minus_call,625,-0.6509986231106798,0.4445204391937904
repeat-new minus repeat-old,36,Q4o,0.009089929136714596,call_minus_fold,578,0.044694890343562485,0.2689565649743597
repeat-new minus repeat-old,36,Q4o,0.009089929136714596,raise_minus_fold,578,-1.866172722738269,0.5409840188514355
repeat-new minus repeat-old,36,Q4o,0.009089929136714596,raise_minus_call,578,-1.9108676130818314,0.5721704032279444
repeat-new minus repeat-old,37,K4o,0.0089998534200563,call_minus_fold,598,0.17076180223889126,0.5073132131028077
repeat-new minus repeat-old,37,K4o,0.0089998534200563,raise_minus_fold,598,-1.1705152470287459,0.48205260675915634
repeat-new minus repeat-old,37,K4o,0.0089998534200563,raise_minus_call,598,-1.3412770492676371,0.6621039693517259
repeat-new minus repeat-old,38,A4o,0.008706783739295723,call_minus_fold,553,0.17909898073514488,0.35778264922106223
repeat-new minus repeat-old,38,A4o,0.008706783739295723,raise_minus_fold,553,0.6258200312914008,0.8719148158850074
repeat-new minus repeat-old,38,A4o,0.008706783739295723,raise_minus_call,553,0.446721050556256,0.8545779108059395
repeat-new minus repeat-old,39,52s,0.0031430349955735267,call_minus_fold,218,-2.9829860845946126,0.6539940373416802
repeat-new minus repeat-old,39,52s,0.0031430349955735267,raise_minus_fold,218,2.6610648706143563,1.4702225348499744
repeat-new minus repeat-old,39,52s,0.0031430349955735267,raise_minus_call,218,5.644050955208969,1.7246239092883946
repeat-new minus repeat-old,40,53s,0.0031265820393601806,call_minus_fold,185,2.371761584208582,0.7501807135725219
repeat-new minus repeat-old,40,53s,0.0031265820393601806,raise_minus_fold,185,3.2705919862232,1.810437095530237
repeat-new minus repeat-old,40,53s,0.0031265820393601806,raise_minus_call,185,0.8988304020146176,1.687292420702408
repeat-new minus repeat-old,41,54s,0.0031308951109540934,call_minus_fold,203,0.46925901449781365,0.48461775690307163
repeat-new minus repeat-old,41,54s,0.0031308951109540934,raise_minus_fold,203,-0.22818156607096737,1.7249678584116843
repeat-new minus repeat-old,41,54s,0.0031308951109540934,raise_minus_call,203,-0.6974405805687813,1.75344114708951
repeat-new minus repeat-old,42,55,0.004657575877138198,call_minus_fold,316,0.44557802865061197,0.6295324505209413
repeat-new minus repeat-old,42,55,0.004657575877138198,raise_minus_fold,316,-1.454771663742962,1.652977663921046
repeat-new minus repeat-old,42,55,0.004657575877138198,raise_minus_call,316,-1.9003496923935739,1.6866680976907469
repeat-new minus repeat-old,43,65o,0.00929613453637491,call_minus_fold,637,0.5394692183306368,0.24906536232272924
repeat-new minus repeat-old,43,65o,0.00929613453637491,raise_minus_fold,637,-1.7748830675823217,0.48499234101473154
repeat-new minus repeat-old,43,65o,0.00929613453637491,raise_minus_call,637,-2.3143522859129586,0.5271799495481932
repeat-new minus repeat-old,44,75o,0.009262819728927278,call_minus_fold,616,1.6233172787201557,0.4720110796690632
repeat-new minus repeat-old,44,75o,0.009262819728927278,raise_minus_fold,616,-1.8781965932915932,0.47603688734967575
repeat-new minus repeat-old,44,75o,0.009262819728927278,raise_minus_call,616,-3.5015138720117487,0.6647372586965022
repeat-new minus repeat-old,45,85o,0.00922848563056146,call_minus_fold,584,-0.5481882105311093,0.28237259420693545
repeat-new minus repeat-old,45,85o,0.00922848563056146,raise_minus_fold,584,0.30226646558454784,0.44964988996946925
repeat-new minus repeat-old,45,85o,0.00922848563056146,raise_minus_call,584,0.8504546761156573,0.4830392368405333
repeat-new minus repeat-old,46,95o,0.009162899588821865,call_minus_fold,554,-0.1178818778948174,0.1670603203541058
repeat-new minus repeat-old,46,95o,0.009162899588821865,raise_minus_fold,554,-0.6731914301559373,0.6126661881002131
repeat-new minus repeat-old,46,95o,0.009162899588821865,raise_minus_call,554,-0.55530955226112,0.6066737306214546
repeat-new minus repeat-old,47,T5o,0.00912221426095563,call_minus_fold,603,-0.8074993603626978,0.3065778051876629
repeat-new minus repeat-old,47,T5o,0.00912221426095563,raise_minus_fold,603,-0.19626150618029625,0.48255604806689245
repeat-new minus repeat-old,47,T5o,0.00912221426095563,raise_minus_call,603,0.6112378541824014,0.5533625549197934
repeat-new minus repeat-old,48,J5o,0.009103041684525784,call_minus_fold,584,-0.47227374557672824,0.23007969639798942
repeat-new minus repeat-old,48,J5o,0.009103041684525784,raise_minus_fold,584,4.676384686577346,0.8674747379879603
repeat-new minus repeat-old,48,J5o,0.009103041684525784,raise_minus_call,584,5.148658432154074,0.8619977071295465
repeat-new minus repeat-old,49,Q5o,0.009012392671723315,call_minus_fold,604,-0.3590519277741345,0.24544203058198716
repeat-new minus repeat-old,49,Q5o,0.009012392671723315,raise_minus_fold,604,1.7596712451866416,0.5627097718744102
repeat-new minus repeat-old,49,Q5o,0.009012392671723315,raise_minus_call,604,2.118723172960776,0.5732190680232196
repeat-new minus repeat-old,50,K5o,0.008922321679882108,call_minus_fold,596,-0.9680302273130567,0.3206730079042393
repeat-new minus repeat-old,50,K5o,0.008922321679882108,raise_minus_fold,596,-4.579348888029554,0.5316628998355828
repeat-new minus repeat-old,50,K5o,0.008922321679882108,raise_minus_call,596,-3.6113186607164978,0.5649842322597107
repeat-new minus repeat-old,51,A5o,0.008629658602692861,call_minus_fold,613,0.37161331663614533,0.33464789626549124
repeat-new minus repeat-old,51,A5o,0.008629658602692861,raise_minus_fold,613,-8.900228691890003,1.430204234657776
repeat-new minus repeat-old,51,A5o,0.008629658602692861,raise_minus_call,613,-9.271842008526148,1.416792074771801
repeat-new minus repeat-old,52,62s,0.003143117301803553,call_minus_fold,186,5.965282868171855,1.472739189402664
repeat-new minus repeat-old,52,62s,0.003143117301803553,raise_minus_fold,186,0.14607914744622102,0.9068413671513208
repeat-new minus repeat-old,52,62s,0.003143117301803553,raise_minus_call,186,-5.819203720725634,1.7395775337816344
repeat-new minus repeat-old,53,63s,0.00312662544208757,call_minus_fold,208,-0.6123131477192127,0.45379458887152724
repeat-new minus repeat-old,53,63s,0.00312662544208757,raise_minus_fold,208,-6.9121584566863685,1.4565029733077437
repeat-new minus repeat-old,53,63s,0.00312662544208757,raise_minus_call,208,-6.299845308967155,1.443727638030193
repeat-new minus repeat-old,54,64s,0.003124612815858345,call_minus_fold,218,-0.8897875195292474,0.420508006917571
repeat-new minus repeat-old,54,64s,0.003124612815858345,raise_minus_fold,218,6.216583135130937,1.4171068704449414
repeat-new minus repeat-old,54,64s,0.003124612815858345,raise_minus_call,218,7.106370654660184,1.3068735563837446
repeat-new minus repeat-old,55,65s,0.003105130327599686,call_minus_fold,199,9.040607320617614,1.8223911571377336
repeat-new minus repeat-old,55,65s,0.003105130327599686,raise_minus_fold,199,1.3882423377915472,0.9510931447744577
repeat-new minus repeat-old,55,65s,0.003105130327599686,raise_minus_call,199,-7.652364982826066,1.9234514238184266
repeat-new minus repeat-old,56,66,0.004657822776008899,call_minus_fold,320,-0.23548915730814285,0.6432252342276589
repeat-new minus repeat-old,56,66,0.004657822776008899,raise_minus_fold,320,7.131353292526066,1.2299696044560189
repeat-new minus repeat-old,56,66,0.004657822776008899,raise_minus_call,320,7.366842449834209,1.2314900674231724
repeat-new minus repeat-old,57,76o,0.009263066647623712,call_minus_fold,646,0.596927055296798,0.3265855272016042
repeat-new minus repeat-old,57,76o,0.009263066647623712,raise_minus_fold,646,-4.491284995421777,0.9716544518300895
repeat-new minus repeat-old,57,76o,0.009263066647623712,raise_minus_call,646,-5.088212050718575,0.9914283410080325
repeat-new minus repeat-old,58,86o,0.009228732549257894,call_minus_fold,609,5.036462242043966,0.7010161387827294
repeat-new minus repeat-old,58,86o,0.009228732549257894,raise_minus_fold,609,0.516691063598719,0.7588741259887904
repeat-new minus repeat-old,58,86o,0.009228732549257894,raise_minus_call,609,-4.5197711784452475,0.8797630786094532
repeat-new minus repeat-old,59,96o,0.009163146507518297,call_minus_fold,602,0.10515924053604007,0.2136722630842569
repeat-new minus repeat-old,59,96o,0.009163146507518297,raise_minus_fold,602,-1.9436244080700238,0.4800520459094384
repeat-new minus repeat-old,59,96o,0.009163146507518297,raise_minus_call,602,-2.048783648606064,0.5137108447957148
repeat-new minus repeat-old,60,T6o,0.009122461179652064,call_minus_fold,603,-0.0374409093211756,0.3679123529652407
repeat-new minus repeat-old,60,T6o,0.009122461179652064,raise_minus_fold,603,-2.6758643301973173,0.9527627753521993
repeat-new minus repeat-old,60,T6o,0.009122461179652064,raise_minus_call,603,-2.638423420876142,0.942520321182192
repeat-new minus repeat-old,61,J6o,0.009103288603222215,call_minus_fold,559,0.9592406415738753,0.3527368190322926
repeat-new minus repeat-old,61,J6o,0.009103288603222215,raise_minus_fold,559,6.660359271840146,0.8507640294693625
repeat-new minus repeat-old,61,J6o,0.009103288603222215,raise_minus_call,559,5.70111863026627,0.8926784882663267
repeat-new minus repeat-old,62,Q6o,0.009012639590419749,call_minus_fold,545,-0.173309094939792,0.24243561552908158
repeat-new minus repeat-old,62,Q6o,0.009012639590419749,raise_minus_fold,545,0.5353672328590658,1.021085810310813
repeat-new minus repeat-old,62,Q6o,0.009012639590419749,raise_minus_call,545,0.7086763277988578,1.0246699264973675
repeat-new minus repeat-old,63,K6o,0.008922569928609137,call_minus_fold,546,0.9565922942608562,0.31802959575956796
repeat-new minus repeat-old,63,K6o,0.008922569928609137,raise_minus_fold,546,-0.21048681257209162,0.8083419331276244
repeat-new minus repeat-old,63,K6o,0.008922569928609137,raise_minus_call,546,-1.167079106832948,0.8124925140646329
repeat-new minus repeat-old,64,A6o,0.008629688899514034,call_minus_fold,546,0.6027307846998398,0.4536018039271593
repeat-new minus repeat-old,64,A6o,0.008629688899514034,raise_minus_fold,546,-9.313160520511353,0.9670909353926795
repeat-new minus repeat-old,64,A6o,0.008629688899514034,raise_minus_call,546,-9.915891305211192,0.9895773411295717
repeat-new minus repeat-old,65,72s,0.0031320123662733814,call_minus_fold,205,-5.4617910882064065,1.048099755771052
repeat-new minus repeat-old,65,72s,0.0031320123662733814,raise_minus_fold,205,-2.2528614703691336,1.2037736618458938
repeat-new minus repeat-old,65,72s,0.0031320123662733814,raise_minus_call,205,3.2089296178372733,1.6972137892696504
repeat-new minus repeat-old,66,73s,0.003115520506557398,call_minus_fold,213,-1.7932479512973651,0.5779483532834225
repeat-new minus repeat-old,66,73s,0.003115520506557398,raise_minus_fold,213,-8.740559043129648,1.1760214778424203
repeat-new minus repeat-old,66,73s,0.003115520506557398,raise_minus_call,213,-6.947311091832284,1.0904566721775222
repeat-new minus repeat-old,67,74s,0.0031134519845372947,call_minus_fold,231,5.175194263935828,1.4205737113079857
repeat-new minus repeat-old,67,74s,0.0031134519845372947,raise_minus_fold,231,7.974978382942455,1.2978403688378046
repeat-new minus repeat-old,67,74s,0.0031134519845372947,raise_minus_call,231,2.799784119006627,1.5588457476459097
repeat-new minus repeat-old,68,75s,0.0030925460922791082,call_minus_fold,214,-0.21173304189039216,0.4458775677461334
repeat-new minus repeat-old,68,75s,0.0030925460922791082,raise_minus_fold,214,-0.8612985610563098,1.4384872382619325
repeat-new minus repeat-old,68,75s,0.0030925460922791082,raise_minus_call,214,-0.6495655191659174,1.2897132652458476
repeat-new minus repeat-old,69,76s,0.003094107729029421,call_minus_fold,209,-0.330606705843802,0.5885350126939629
repeat-new minus repeat-old,69,76s,0.003094107729029421,raise_minus_fold,209,-6.59518339280371,1.6902297372669037
repeat-new minus repeat-old,69,76s,0.003094107729029421,raise_minus_call,209,-6.2645766869599075,1.5871907739625524
repeat-new minus repeat-old,70,77,0.004624507869432617,call_minus_fold,325,1.097071927040799,0.553377242942061
repeat-new minus repeat-old,70,77,0.004624507869432617,raise_minus_fold,325,-2.0255300833146843,1.5880189813067482
repeat-new minus repeat-old,70,77,0.004624507869432617,raise_minus_call,325,-3.1226020103554832,1.4826468760900455
repeat-new minus repeat-old,71,87o,0.009195417741810262,call_minus_fold,584,-0.6833065399145508,0.2618007819044711
repeat-new minus repeat-old,71,87o,0.009195417741810262,raise_minus_fold,584,0.8248566580709178,0.7962287554759823
repeat-new minus repeat-old,71,87o,0.009195417741810262,raise_minus_call,584,1.5081631979854686,0.747496592365594
repeat-new minus repeat-old,72,97o,0.009129831700070664,call_minus_fold,628,2.301334552707852,0.5756559380822361
repeat-new minus repeat-old,72,97o,0.009129831700070664,raise_minus_fold,628,-1.6472771718101051,0.5003660955566799
repeat-new minus repeat-old,72,97o,0.009129831700070664,raise_minus_call,628,-3.9486117245179573,0.7939421829199497
repeat-new minus repeat-old,73,T7o,0.009089146372204432,call_minus_fold,592,-0.15185711700170926,0.26841190603631865
repeat-new minus repeat-old,73,T7o,0.009089146372204432,raise_minus_fold,592,-0.08222745368551836,0.7536576784191258
repeat-new minus repeat-old,73,T7o,0.009089146372204432,raise_minus_call,592,0.06962966331619076,0.7265761266474492
repeat-new minus repeat-old,74,J7o,0.009069973795774582,call_minus_fold,561,0.44433600855167793,0.2973975186629674
repeat-new minus repeat-old,74,J7o,0.009069973795774582,raise_minus_fold,561,6.749406475900458,1.0595452927184927
repeat-new minus repeat-old,74,J7o,0.009069973795774582,raise_minus_call,561,6.305070467348781,1.056256071029688
repeat-new minus repeat-old,75,Q7o,0.008979324782972116,call_minus_fold,560,0.489853897334845,0.3348834890805022
repeat-new minus repeat-old,75,Q7o,0.008979324782972116,raise_minus_fold,560,7.59342057255467,0.8881834613160462
repeat-new minus repeat-old,75,Q7o,0.008979324782972116,raise_minus_call,560,7.103566675219825,0.8924267566612901
repeat-new minus repeat-old,76,K7o,0.008889249585588644,call_minus_fold,634,0.9728405417040257,0.6505078844371068
repeat-new minus repeat-old,76,K7o,0.008889249585588644,raise_minus_fold,634,3.028612758177768,0.5602062439697457
repeat-new minus repeat-old,76,K7o,0.008889249585588644,raise_minus_call,634,2.055772216473742,0.7785520397691748
repeat-new minus repeat-old,77,A7o,0.008596451115028006,call_minus_fold,556,0.1848235746949,0.38864389887584594
repeat-new minus repeat-old,77,A7o,0.008596451115028006,raise_minus_fold,556,-6.173957542852615,1.1193871657896157
repeat-new minus repeat-old,77,A7o,0.008596451115028006,raise_minus_call,556,-6.358781117547514,1.0471089543999195
repeat-new minus repeat-old,78,82s,0.003120567667112555,call_minus_fold,192,9.313941878484432,1.747530739742739
repeat-new minus repeat-old,78,82s,0.003120567667112555,raise_minus_fold,192,-9.45429192087554,1.6629466278541547
repeat-new minus repeat-old,78,82s,0.003120567667112555,raise_minus_call,192,-18.768233799359972,2.3774926682348245
repeat-new minus repeat-old,79,83s,0.0031040758073965723,call_minus_fold,219,3.1775941895390063,1.0127734321095843
repeat-new minus repeat-old,79,83s,0.0031040758073965723,raise_minus_fold,219,-1.0819164016285405,0.5758899192331588
repeat-new minus repeat-old,79,83s,0.0031040758073965723,raise_minus_call,219,-4.259510591167547,1.0758697661918553
repeat-new minus repeat-old,80,84s,0.0031020072853764685,call_minus_fold,189,-2.8015074586934343,1.1763052494944235
repeat-new minus repeat-old,80,84s,0.0031020072853764685,raise_minus_fold,189,-5.209268887121141,1.4204993741936331
repeat-new minus repeat-old,80,84s,0.0031020072853764685,raise_minus_call,189,-2.4077614284277065,1.8046833186960274
repeat-new minus repeat-old,81,85s,0.0030766711611621336,call_minus_fold,196,0.7966875827232905,0.48287340465513956
repeat-new minus repeat-old,81,85s,0.0030766711611621336,raise_minus_fold,196,0.8583822440430604,1.392843764549783
repeat-new minus repeat-old,81,85s,0.0030766711611621336,raise_minus_call,196,0.06169466131976974,1.321926008168832
repeat-new minus repeat-old,82,86s,0.0030826649524687264,call_minus_fold,193,-0.25063660602449395,0.5327363707319966
repeat-new minus repeat-old,82,86s,0.0030826649524687264,raise_minus_fold,193,3.012635504591153,1.5667844056343132
repeat-new minus repeat-old,82,86s,0.0030826649524687264,raise_minus_call,193,3.263272110615647,1.4948573316707159
repeat-new minus repeat-old,83,87s,0.003071559958948295,call_minus_fold,205,-0.731007671792009,0.6033426490680432
repeat-new minus repeat-old,83,87s,0.003071559958948295,raise_minus_fold,205,5.679930991122252,1.739459600128608
repeat-new minus repeat-old,83,87s,0.003071559958948295,raise_minus_call,205,6.410938662914261,1.8682965223015757
repeat-new minus repeat-old,84,88,0.004590173593626515,call_minus_fold,311,1.756296490699496,1.2282135440467452
repeat-new minus repeat-old,84,88,0.004590173593626515,raise_minus_fold,311,-3.3351077072942648,1.8366174215847144
repeat-new minus repeat-old,84,88,0.004590173593626515,raise_minus_call,311,-5.091404197993761,2.2172865457342166
repeat-new minus repeat-old,85,98o,0.009095536099493505,call_minus_fold,644,6.3574822453710365,0.8794197468407394
repeat-new minus repeat-old,85,98o,0.009095536099493505,raise_minus_fold,644,6.816724721011552,0.622641444308544
repeat-new minus repeat-old,85,98o,0.009095536099493505,raise_minus_call,644,0.45924247564051435,0.8642056987599716
repeat-new minus repeat-old,86,T8o,0.009054823459607524,call_minus_fold,597,0.03768546062846069,0.3653078617664387
repeat-new minus repeat-old,86,T8o,0.009054823459607524,raise_minus_fold,597,5.541062767457514,0.6657797183193256
repeat-new minus repeat-old,86,T8o,0.009054823459607524,raise_minus_call,597,5.503377306829053,0.7454087726697963
repeat-new minus repeat-old,87,J8o,0.009035639697408766,call_minus_fold,613,-0.8806419502491709,0.37627850431220633
repeat-new minus repeat-old,87,J8o,0.009035639697408766,raise_minus_fold,613,-1.58507224522498,0.9694293012823266
repeat-new minus repeat-old,87,J8o,0.009035639697408766,raise_minus_call,613,-0.7044302949758091,0.9028937381237251
repeat-new minus repeat-old,88,Q8o,0.008944991632856244,call_minus_fold,581,4.532340455809271,0.7834367505655726
repeat-new minus repeat-old,88,Q8o,0.008944991632856244,raise_minus_fold,581,-1.8891445237741629,0.5458871554473728
repeat-new minus repeat-old,88,Q8o,0.008944991632856244,raise_minus_call,581,-6.4214849795834335,0.9446891535951604
repeat-new minus repeat-old,89,K8o,0.008870288926542031,call_minus_fold,602,0.3324981976066098,0.26942541946145737
repeat-new minus repeat-old,89,K8o,0.008870288926542031,raise_minus_fold,602,-8.114375134502446,0.9294087660602852
repeat-new minus repeat-old,89,K8o,0.008870288926542031,raise_minus_call,602,-8.446873332109055,0.965530279132379
repeat-new minus repeat-old,90,A8o,0.008562270572889864,call_minus_fold,560,-0.3655749695362834,0.37512889717949677
repeat-new minus repeat-old,90,A8o,0.008562270572889864,raise_minus_fold,560,3.2597760913169327,1.0764500966354342
repeat-new minus repeat-old,90,A8o,0.008562270572889864,raise_minus_call,560,3.625351060853216,1.0901665249553765
repeat-new minus repeat-old,91,92s,0.0030987056537618175,call_minus_fold,209,-6.450839788870824,1.949690899863988
repeat-new minus repeat-old,91,92s,0.0030987056537618175,raise_minus_fold,209,-4.347873314463449,1.5079137881574256
repeat-new minus repeat-old,91,92s,0.0030987056537618175,raise_minus_call,209,2.102966474407374,2.1189394435691304
repeat-new minus repeat-old,92,93s,0.003082213794045835,call_minus_fold,202,0.16638173988847063,0.35229876594437604
repeat-new minus repeat-old,92,93s,0.003082213794045835,raise_minus_fold,202,1.111742490015654,1.6667651822395977
repeat-new minus repeat-old,92,93s,0.003082213794045835,raise_minus_call,202,0.9453607501271837,1.7396694109509854
repeat-new minus repeat-old,93,94s,0.003080145272025731,call_minus_fold,198,-2.882765643814994,1.499316866470078
repeat-new minus repeat-old,93,94s,0.003080145272025731,raise_minus_fold,198,-2.2686794429968566,0.8723632134028713
repeat-new minus repeat-old,93,94s,0.003080145272025731,raise_minus_call,198,0.6140862008181369,1.7187129174535194
repeat-new minus repeat-old,94,95s,0.0030551849830528464,call_minus_fold,178,-0.06273663515101766,0.364218877570422
repeat-new minus repeat-old,94,95s,0.0030551849830528464,raise_minus_fold,178,0.342785912511003,0.7328396791630502
repeat-new minus repeat-old,94,95s,0.0030551849830528464,raise_minus_call,178,0.4055225476620206,0.751872043457705
repeat-new minus repeat-old,95,96s,0.003060802798850952,call_minus_fold,192,0.3940413358599096,0.47967091502551773
repeat-new minus repeat-old,95,96s,0.003060802798850952,raise_minus_fold,192,6.55358254465462,1.5480544751660363
repeat-new minus repeat-old,95,96s,0.003060802798850952,raise_minus_call,192,6.15954120879471,1.5713935861601376
repeat-new minus repeat-old,96,97s,0.0030496971044909785,call_minus_fold,202,-0.5957653354407054,0.45695175413567085
repeat-new minus repeat-old,96,97s,0.0030496971044909785,raise_minus_fold,202,0.5899404230181885,1.725290209054575
repeat-new minus repeat-old,96,97s,0.0030496971044909785,raise_minus_call,202,1.1857057584588937,1.6405895756352717
repeat-new minus repeat-old,97,98s,0.003038252900973393,call_minus_fold,196,0.6259561832245945,0.6536126889579134
repeat-new minus repeat-old,97,98s,0.003038252900973393,raise_minus_fold,196,-0.5115910422053052,0.696494911186572
repeat-new minus repeat-old,97,98s,0.003038252900973393,raise_minus_call,196,-1.1375472254298995,0.7375543388180127
repeat-new minus repeat-old,98,99,0.004524587518183176,call_minus_fold,305,3.028475343162074,1.1398157966173361
repeat-new minus repeat-old,98,99,0.004524587518183176,raise_minus_fold,305,-3.518498368333894,1.7460279135790364
repeat-new minus repeat-old,98,99,0.004524587518183176,raise_minus_call,305,-6.546973711495968,2.1156867565050446
repeat-new minus repeat-old,99,T9o,0.008989226232099018,call_minus_fold,599,-3.8862427879938153,0.9819068676424075
repeat-new minus repeat-old,99,T9o,0.008989226232099018,raise_minus_fold,599,1.0824424597858613,1.0571761293520872
repeat-new minus repeat-old,99,T9o,0.008989226232099018,raise_minus_call,599,4.968685247779677,1.2607159566448591
repeat-new minus repeat-old,100,J9o,0.00897005864301116,call_minus_fold,596,-3.2676057928556896,0.6948302357058633
repeat-new minus repeat-old,100,J9o,0.00897005864301116,raise_minus_fold,596,-7.903590855356265,0.7454580911370173
repeat-new minus repeat-old,100,J9o,0.00897005864301116,raise_minus_call,596,-4.635985062500576,0.8055274932732382
repeat-new minus repeat-old,101,Q9o,0.008897074213832389,call_minus_fold,551,0.09143646501199307,0.3940039466998087
repeat-new minus repeat-old,101,Q9o,0.008897074213832389,raise_minus_fold,551,-5.457348346777266,1.1637837979432188
repeat-new minus repeat-old,101,Q9o,0.008897074213832389,raise_minus_call,551,-5.548784811789259,1.1945551878103202
repeat-new minus repeat-old,102,K9o,0.008808510962475227,call_minus_fold,576,-0.05174761290839421,0.42453147407353553
repeat-new minus repeat-old,102,K9o,0.008808510962475227,raise_minus_fold,576,1.057165908722299,1.2212817121839517
repeat-new minus repeat-old,102,K9o,0.008808510962475227,raise_minus_call,576,1.1089135216306931,1.2091211289765595
repeat-new minus repeat-old,103,A9o,0.00849669870654732,call_minus_fold,576,-0.20006369184150677,0.42922968512338633
repeat-new minus repeat-old,103,A9o,0.00849669870654732,raise_minus_fold,576,3.8797835944977686,0.9811767016844368
repeat-new minus repeat-old,103,A9o,0.00849669870654732,raise_minus_call,576,4.079847286339276,1.0792970858044995
repeat-new minus repeat-old,104,T2s,0.003085143878155321,call_minus_fold,234,1.1031677179493637,0.4884887619070129
repeat-new minus repeat-old,104,T2s,0.003085143878155321,raise_minus_fold,234,1.043372692564352,1.6704247688266316
repeat-new minus repeat-old,104,T2s,0.003085143878155321,raise_minus_call,234,-0.05979502538501162,1.6890365022395222
repeat-new minus repeat-old,105,T3s,0.003068652018439338,call_minus_fold,207,0.4317328867201078,0.7421106264918307
repeat-new minus repeat-old,105,T3s,0.003068652018439338,raise_minus_fold,207,2.08323126955304,1.1491378013674167
repeat-new minus repeat-old,105,T3s,0.003068652018439338,raise_minus_call,207,1.651498382832932,1.024603177238665
repeat-new minus repeat-old,106,T4s,0.003066583496419234,call_minus_fold,209,0.5423437777354699,0.4924476332847516
repeat-new minus repeat-old,106,T4s,0.003066583496419234,raise_minus_fold,209,0.572520111169103,0.7747167399670464
repeat-new minus repeat-old,106,T4s,0.003066583496419234,raise_minus_call,209,0.030176333433633032,0.6178216069043727
repeat-new minus repeat-old,107,T5s,0.003040740248649781,call_minus_fold,195,0.25328916012110425,0.3870471598393033
repeat-new minus repeat-old,107,T5s,0.003040740248649781,raise_minus_fold,195,-0.1802569533678415,1.2948904563105093
repeat-new minus repeat-old,107,T5s,0.003040740248649781,raise_minus_call,195,-0.4335461134889456,1.3661043078682875
repeat-new minus repeat-old,108,T6s,0.0030408203149837813,call_minus_fold,190,-0.6185424321157732,0.4336818069705311
repeat-new minus repeat-old,108,T6s,0.0030408203149837813,raise_minus_fold,190,0.7763083396420795,2.0507541479486844
repeat-new minus repeat-old,108,T6s,0.0030408203149837813,raise_minus_call,190,1.394850771757853,2.029222925244623
repeat-new minus repeat-old,109,T7s,0.0030361325646821274,call_minus_fold,196,-0.7401197967482356,0.6288799950912505
repeat-new minus repeat-old,109,T7s,0.0030361325646821274,raise_minus_fold,196,0.12491267581618329,0.9004567300180525
repeat-new minus repeat-old,109,T7s,0.0030361325646821274,raise_minus_call,196,0.8650324725644188,0.8828745033175727
repeat-new minus repeat-old,110,T8s,0.003024691110993242,call_minus_fold,210,-0.7355992407989912,0.4845224165118402
repeat-new minus repeat-old,110,T8s,0.003024691110993242,raise_minus_fold,210,0.7122587459187496,0.994685396213907
repeat-new minus repeat-old,110,T8s,0.003024691110993242,raise_minus_call,210,1.4478579867177406,0.9096376675940612
repeat-new minus repeat-old,111,T9s,0.003002829561068935,call_minus_fold,199,-3.680026540596202,1.8597252120856356
repeat-new minus repeat-old,111,T9s,0.003002829561068935,raise_minus_fold,199,-1.5156209599271009,1.5481901963021483
repeat-new minus repeat-old,111,T9s,0.003002829561068935,raise_minus_call,199,2.1644055806691007,2.225474731600653
repeat-new minus repeat-old,112,TT,0.004483901867157541,call_minus_fold,292,3.39498957194312,0.9641054025254687
repeat-new minus repeat-old,112,TT,0.004483901867157541,raise_minus_fold,292,-0.2592733925836587,1.240888145996371
repeat-new minus repeat-old,112,TT,0.004483901867157541,raise_minus_call,292,-3.6542629645267786,1.4159939961031975
repeat-new minus repeat-old,113,JTo,0.008948627684417313,call_minus_fold,540,-0.9040415557804314,0.37979638835201257
repeat-new minus repeat-old,113,JTo,0.008948627684417313,raise_minus_fold,540,4.329560662057947,0.7895189921315897
repeat-new minus repeat-old,113,JTo,0.008948627684417313,raise_minus_call,540,5.233602217838379,0.7616819969940912
repeat-new minus repeat-old,114,QTo,0.008857952729646955,call_minus_fold,588,-0.1289585413856337,0.34435488421530536
repeat-new minus repeat-old,114,QTo,0.008857952729646955,raise_minus_fold,588,1.2905918061986856,1.0628717715872962
repeat-new minus repeat-old,114,QTo,0.008857952729646955,raise_minus_call,588,1.4195503475843194,0.9588499330968796
repeat-new minus repeat-old,115,KTo,0.008767899905759253,call_minus_fold,621,-0.3302087888985113,0.25850335329920127
repeat-new minus repeat-old,115,KTo,0.008767899905759253,raise_minus_fold,621,-6.264664564542742,0.9565211265421661
repeat-new minus repeat-old,115,KTo,0.008767899905759253,raise_minus_call,621,-5.93445577564423,0.9786703703905004
repeat-new minus repeat-old,116,ATo,0.008456018424329408,call_minus_fold,503,0.3178964117295034,0.3850023302464386
repeat-new minus repeat-old,116,ATo,0.008456018424329408,raise_minus_fold,503,-1.9638500791504299,1.0168877816613726
repeat-new minus repeat-old,116,ATo,0.008456018424329408,raise_minus_call,503,-2.281746490879933,1.0077916416974158
repeat-new minus repeat-old,117,J2s,0.003078753019509794,call_minus_fold,197,0.2678616600037898,0.5026887844706668
repeat-new minus repeat-old,117,J2s,0.003078753019509794,raise_minus_fold,197,-6.922418309317855,1.6787548281916738
repeat-new minus repeat-old,117,J2s,0.003078753019509794,raise_minus_call,197,-7.1902799693216455,1.6871943683839685
repeat-new minus repeat-old,118,J3s,0.0030622611597938116,call_minus_fold,177,0.07290468209119316,0.2764306741488514
repeat-new minus repeat-old,118,J3s,0.0030622611597938116,raise_minus_fold,177,-1.8961030301567028,0.8499640658906643
repeat-new minus repeat-old,118,J3s,0.0030622611597938116,raise_minus_call,177,-1.969007712247896,0.8984349569957588
repeat-new minus repeat-old,119,J4s,0.0030601926377737078,call_minus_fold,198,0.3210853065541435,0.4581771089854445
repeat-new minus repeat-old,119,J4s,0.0030601926377737078,raise_minus_fold,198,-4.9973000748159855,1.9802815973403163
repeat-new minus repeat-old,119,J4s,0.0030601926377737078,raise_minus_call,198,-5.318385381370129,1.9415480083802863
repeat-new minus repeat-old,120,J5s,0.003040739542766197,call_minus_fold,181,0.9154563268359217,0.7052733120181487
repeat-new minus repeat-old,120,J5s,0.003040739542766197,raise_minus_fold,181,-2.155823848106994,1.091559224613566
repeat-new minus repeat-old,120,J5s,0.003040739542766197,raise_minus_call,181,-3.0712801749429155,1.2370501536251848
repeat-new minus repeat-old,121,J6s,0.0030344294563382545,call_minus_fold,204,5.381573323885089,1.7714810607128915
repeat-new minus repeat-old,121,J6s,0.0030344294563382545,raise_minus_fold,204,-1.8317788390944698,0.9073996287829759
repeat-new minus repeat-old,121,J6s,0.0030344294563382545,raise_minus_call,204,-7.213352162979558,1.9469928198761814
repeat-new minus repeat-old,122,J7s,0.0030297342847703562,call_minus_fold,185,-1.8426696363714423,0.794659472612812
repeat-new minus repeat-old,122,J7s,0.0030297342847703562,raise_minus_fold,185,0.5540476647178307,1.23840489905579
repeat-new minus repeat-old,122,J7s,0.0030297342847703562,raise_minus_call,185,2.3967173010892733,1.332631042005799
repeat-new minus repeat-old,123,J8s,0.0030183005204907085,call_minus_fold,196,-7.804468368240158,2.065585147541536
repeat-new minus repeat-old,123,J8s,0.0030183005204907085,raise_minus_fold,196,9.565807094311214,2.0012859675100145
repeat-new minus repeat-old,123,J8s,0.0030183005204907085,raise_minus_call,196,17.370275462551373,3.298955928363733
repeat-new minus repeat-old,124,J9s,0.00299643869350183,call_minus_fold,198,0.05573248715479697,0.5524847811436199
repeat-new minus repeat-old,124,J9s,0.00299643869350183,raise_minus_fold,198,3.2932756070103766,1.1613648496606581
repeat-new minus repeat-old,124,J9s,0.00299643869350183,raise_minus_call,198,3.237543119855579,1.0237417399423236
repeat-new minus repeat-old,125,JTs,0.002982874835202435,call_minus_fold,200,-0.9205730641107713,0.7342731508703327
repeat-new minus repeat-old,125,JTs,0.002982874835202435,raise_minus_fold,200,-0.39520166575432625,1.5197089558025254
repeat-new minus repeat-old,125,JTs,0.002982874835202435,raise_minus_call,200,0.525371398356445,1.7079626200731801
repeat-new minus repeat-old,126,JJ,0.004464729101391971,call_minus_fold,324,3.4620321532982445,1.1780485692333533
repeat-new minus repeat-old,126,JJ,0.004464729101391971,raise_minus_fold,324,2.516127788316673,1.6588357139071466
repeat-new minus repeat-old,126,JJ,0.004464729101391971,raise_minus_call,324,-0.9459043649815724,1.9601287123567297
repeat-new minus repeat-old,127,QJo,0.008838791741356376,call_minus_fold,582,-3.9141941934753097,0.7323610466319093
repeat-new minus repeat-old,127,QJo,0.008838791741356376,raise_minus_fold,582,-1.65806827702974,0.8355045177866356
repeat-new minus repeat-old,127,QJo,0.008838791741356376,raise_minus_call,582,2.2561259164455705,1.0178630091495557
repeat-new minus repeat-old,128,KJo,0.008748729593427788,call_minus_fold,561,-0.4014252320722339,0.45481020133788697
repeat-new minus repeat-old,128,KJo,0.008748729593427788,raise_minus_fold,561,1.554887581791478,1.0299359407990694
repeat-new minus repeat-old,128,KJo,0.008748729593427788,raise_minus_call,561,1.956312813863712,1.0953969202559077
repeat-new minus repeat-old,129,AJo,0.008436846232518724,call_minus_fold,544,-1.223521842454565,0.5114110331163878
repeat-new minus repeat-old,129,AJo,0.008436846232518724,raise_minus_fold,544,-5.346465628695502,1.3325045848106416
repeat-new minus repeat-old,129,AJo,0.008436846232518724,raise_minus_call,544,-4.122943786240937,1.2320623608734056
repeat-new minus repeat-old,130,Q2s,0.003048589629748466,call_minus_fold,202,0.26295030334389125,0.3954831613646731
repeat-new minus repeat-old,130,Q2s,0.003048589629748466,raise_minus_fold,202,6.140148689764126,1.187503643676379
repeat-new minus repeat-old,130,Q2s,0.003048589629748466,raise_minus_call,202,5.877198386420235,1.2042059425787706
repeat-new minus repeat-old,131,Q3s,0.0030383263451918183,call_minus_fold,197,-0.1938381239567331,0.43698459845810067
repeat-new minus repeat-old,131,Q3s,0.0030383263451918183,raise_minus_fold,197,2.7284154724503886,1.4414359007017152
repeat-new minus repeat-old,131,Q3s,0.0030383263451918183,raise_minus_call,197,2.922253596407122,1.4369519644463389
repeat-new minus repeat-old,132,Q4s,0.0030300838891443495,call_minus_fold,218,-0.19548367811661063,0.542825447907569
repeat-new minus repeat-old,132,Q4s,0.0030300838891443495,raise_minus_fold,218,5.378409278867347,1.7278017355798416
repeat-new minus repeat-old,132,Q4s,0.0030300838891443495,raise_minus_call,218,5.573892956983958,1.7285015828751435
repeat-new minus repeat-old,133,Q5s,0.003010523121683423,call_minus_fold,204,-0.30949817263001755,0.5170547671688681
repeat-new minus repeat-old,133,Q5s,0.003010523121683423,raise_minus_fold,204,1.0762074734805238,0.75137043289974
repeat-new minus repeat-old,133,Q5s,0.003010523121683423,raise_minus_call,204,1.3857056461105415,0.8055395737185124
repeat-new minus repeat-old,134,Q6s,0.0030106108780065255,call_minus_fold,234,-0.8813234890774752,0.47983149453543483
repeat-new minus repeat-old,134,Q6s,0.0030106108780065255,raise_minus_fold,234,0.7625096498230184,1.021958564157248
repeat-new minus repeat-old,134,Q6s,0.0030106108780065255,raise_minus_call,234,1.6438331389004937,0.9036831323785682
repeat-new minus repeat-old,135,Q7s,0.002999247818911184,call_minus_fold,179,-0.7677239447542686,0.5183634253985083
repeat-new minus repeat-old,135,Q7s,0.002999247818911184,raise_minus_fold,179,1.7240155441215184,1.5000809546956337
repeat-new minus repeat-old,135,Q7s,0.002999247818911184,raise_minus_call,179,2.491739488875787,1.6090934183594563
repeat-new minus repeat-old,136,Q8s,0.0029880834387154944,call_minus_fold,187,0.5227239958158524,0.6522280419029182
repeat-new minus repeat-old,136,Q8s,0.0029880834387154944,raise_minus_fold,187,2.1118684455161416,1.55094123355099
repeat-new minus repeat-old,136,Q8s,0.0029880834387154944,raise_minus_call,187,1.589144449700289,1.607573719250515
repeat-new minus repeat-old,137,Q9s,0.0029662224032688716,call_minus_fold,195,-4.7981893961853865,1.3610196793772666
repeat-new minus repeat-old,137,Q9s,0.0029662224032688716,raise_minus_fold,195,-3.3839059317493745,1.8980900783976629
repeat-new minus repeat-old,137,Q9s,0.0029662224032688716,raise_minus_call,195,1.4142834644360114,2.292958796938974
repeat-new minus repeat-old,138,QTs,0.0029526608655711306,call_minus_fold,168,-0.29166194488192526,0.8667980972179589
repeat-new minus repeat-old,138,QTs,0.0029526608655711306,raise_minus_fold,168,-1.8323015756759915,1.6587473249258815
repeat-new minus repeat-old,138,QTs,0.0029526608655711306,raise_minus_call,168,-1.5406396307940662,1.5905243812848298
repeat-new minus repeat-old,139,QJs,0.0029462700089081767,call_minus_fold,206,-0.45939160437639937,0.6223384130899263
repeat-new minus repeat-old,139,QJs,0.0029462700089081767,raise_minus_fold,206,-0.6556185486999049,1.2602445146833618
repeat-new minus repeat-old,139,QJs,0.0029462700089081767,raise_minus_call,206,-0.1962269443235057,1.2288377351424178
repeat-new minus repeat-old,140,QQ,0.004374080308655107,call_minus_fold,278,-4.926044582208233,1.8632066534005227
repeat-new minus repeat-old,140,QQ,0.004374080308655107,raise_minus_fold,278,3.129196452822028,1.945841089344627
repeat-new minus repeat-old,140,QQ,0.004374080308655107,raise_minus_call,278,8.05524103503026,2.7035642969196587
repeat-new minus repeat-old,141,KQo,0.008658085069170625,call_minus_fold,560,0.34504846795950694,0.3283730898525802
repeat-new minus repeat-old,141,KQo,0.008658085069170625,raise_minus_fold,560,5.487892404051249,1.0754984941762111
repeat-new minus repeat-old,141,KQo,0.008658085069170625,raise_minus_call,560,5.142843936091741,1.0728586523639867
repeat-new minus repeat-old,142,AQo,0.008346197677690622,call_minus_fold,565,0.5301629837713705,0.4452807998135897
repeat-new minus repeat-old,142,AQo,0.008346197677690622,raise_minus_fold,565,-5.53176578704225,1.1126647348087084
repeat-new minus repeat-old,142,AQo,0.008346197677690622,raise_minus_call,565,-6.06192877081362,1.1104861361448062
repeat-new minus repeat-old,143,K2s,0.0030248961572387077,call_minus_fold,192,6.501454195498728,1.6764565948698165
repeat-new minus repeat-old,143,K2s,0.0030248961572387077,raise_minus_fold,192,3.0739682573565297,1.8495451597793682
repeat-new minus repeat-old,143,K2s,0.0030248961572387077,raise_minus_call,192,-3.427485938142199,2.519790333047855
repeat-new minus repeat-old,144,K3s,0.003008434522343193,call_minus_fold,177,2.9017011603169647,1.2921668641987174
repeat-new minus repeat-old,144,K3s,0.003008434522343193,raise_minus_fold,177,-7.808496134605774,1.33649788224723
repeat-new minus repeat-old,144,K3s,0.003008434522343193,raise_minus_call,177,-10.71019729492274,2.0512865285266177
repeat-new minus repeat-old,145,K4s,0.0030063569944854033,call_minus_fold,218,0.0988948636135693,0.44021213501555095
repeat-new minus repeat-old,145,K4s,0.0030063569944854033,raise_minus_fold,218,-6.195442027500503,1.389000235878599
repeat-new minus repeat-old,145,K4s,0.0030063569944854033,raise_minus_call,218,-6.294336891114072,1.569765250370637
repeat-new minus repeat-old,146,K5s,0.002980524350918867,call_minus_fold,194,-0.07618789109499054,0.4737862811533621
repeat-new minus repeat-old,146,K5s,0.002980524350918867,raise_minus_fold,194,3.2753381019742203,1.1138492864029128
repeat-new minus repeat-old,146,K5s,0.002980524350918867,raise_minus_call,194,3.351525993069211,1.1139135759643901
repeat-new minus repeat-old,147,K6s,0.0029806068083200817,call_minus_fold,188,9.966553675735407,1.8288845532776132
repeat-new minus repeat-old,147,K6s,0.0029806068083200817,raise_minus_fold,188,-6.6644091666231855,1.3725622763998921
repeat-new minus repeat-old,147,K6s,0.0029806068083200817,raise_minus_call,188,-16.630962842358592,2.667068907930148
repeat-new minus repeat-old,148,K7s,0.002969502618732987,call_minus_fold,192,-0.3367393128797651,0.4160460064114303
repeat-new minus repeat-old,148,K7s,0.002969502618732987,raise_minus_fold,192,1.6865898331478297,1.431133627249813
repeat-new minus repeat-old,148,K7s,0.002969502618732987,raise_minus_call,192,2.023329146027595,1.309669887966236
repeat-new minus repeat-old,149,K8s,0.0029580582045670247,call_minus_fold,194,0.0069006887365133905,0.6140727382630743
repeat-new minus repeat-old,149,K8s,0.0029580582045670247,raise_minus_fold,194,-0.19222849058711516,0.8314869803366043
repeat-new minus repeat-old,149,K8s,0.0029580582045670247,raise_minus_call,194,-0.19912917932362845,0.9800296600639686
repeat-new minus repeat-old,150,K9s,0.0029361969996104134,call_minus_fold,180,-0.7501201177833805,0.43379627855855746
repeat-new minus repeat-old,150,K9s,0.0029361969996104134,raise_minus_fold,180,-3.759226410386321,1.950927891479773
repeat-new minus repeat-old,150,K9s,0.0029361969996104134,raise_minus_call,180,-3.00910629260294,1.85603447412123
repeat-new minus repeat-old,151,KTs,0.0029226356056492116,call_minus_fold,186,-0.8879287912571563,0.4357749013252743
repeat-new minus repeat-old,151,KTs,0.0029226356056492116,raise_minus_fold,186,2.326403854767467,1.298713792395419
repeat-new minus repeat-old,151,KTs,0.0029226356056492116,raise_minus_call,186,3.2143326460246233,1.327240797292074
repeat-new minus repeat-old,152,KJs,0.0029162448758709276,call_minus_fold,209,-0.4250184158174529,0.35707240603138396
repeat-new minus repeat-old,152,KJs,0.0029162448758709276,raise_minus_fold,209,0.7313365010561358,0.7411105576508756
repeat-new minus repeat-old,152,KJs,0.0029162448758709276,raise_minus_call,209,1.156354916873589,0.7345948353025294
repeat-new minus repeat-old,153,KQs,0.0028860286010029094,call_minus_fold,175,2.045644003241464,0.7496996072073067
repeat-new minus repeat-old,153,KQs,0.0028860286010029094,raise_minus_fold,175,2.5467631324901947,1.821459968141995
repeat-new minus repeat-old,153,KQs,0.0028860286010029094,raise_minus_call,175,0.5011191292487304,1.8824585194904189
repeat-new minus repeat-old,154,KK,0.004284005053936323,call_minus_fold,279,-0.9369909776146441,0.7119691007754648
repeat-new minus repeat-old,154,KK,0.004284005053936323,raise_minus_fold,279,2.30037888982545,2.078660912297147
repeat-new minus repeat-old,154,KK,0.004284005053936323,raise_minus_call,279,3.2373698674400937,2.1105904001275593
repeat-new minus repeat-old,155,AKo,0.0082561217647576,call_minus_fold,559,-0.22718769282841342,0.18028999733977974
repeat-new minus repeat-old,155,AKo,0.0082561217647576,raise_minus_fold,559,-2.730611413556277,1.1418365072859524
repeat-new minus repeat-old,155,AKo,0.0082561217647576,raise_minus_call,559,-2.5034237207278633,1.1324095649492838
repeat-new minus repeat-old,156,A2s,0.0029209535351987642,call_minus_fold,189,0.09393677540749212,0.8027402334414369
repeat-new minus repeat-old,156,A2s,0.0029209535351987642,raise_minus_fold,189,-1.6171913890126612,3.0786229277298696
repeat-new minus repeat-old,156,A2s,0.0029209535351987642,raise_minus_call,189,-1.711128164420153,3.029140001267366
repeat-new minus repeat-old,157,A3s,0.002904478032205372,call_minus_fold,187,4.556818589580618,0.9577229695479611
repeat-new minus repeat-old,157,A3s,0.002904478032205372,raise_minus_fold,187,-1.2808776886171687,0.7249361390725856
repeat-new minus repeat-old,157,A3s,0.002904478032205372,raise_minus_call,187,-5.837696278197787,1.1086912706161578
repeat-new minus repeat-old,158,A4s,0.0029024088276845255,call_minus_fold,178,-1.1601539619956123,0.9239049116045539
repeat-new minus repeat-old,158,A4s,0.0029024088276845255,raise_minus_fold,178,-4.002509855191713,2.4089512354759055
repeat-new minus repeat-old,158,A4s,0.0029024088276845255,raise_minus_call,178,-2.8423558931961006,2.3013473198836505
repeat-new minus repeat-old,159,A5s,0.0028765640116156376,call_minus_fold,196,0.4860248201571179,0.5865313409885202
repeat-new minus repeat-old,159,A5s,0.0028765640116156376,raise_minus_fold,196,4.790624730165735,1.1134245443989315
repeat-new minus repeat-old,159,A5s,0.0028765640116156376,raise_minus_call,196,4.3045999100086165,1.1689702533989157
repeat-new minus repeat-old,160,A6s,0.00287664555405943,call_minus_fold,169,-0.42875275036226235,0.5200507442685608
repeat-new minus repeat-old,160,A6s,0.00287664555405943,raise_minus_fold,169,-0.6148893079924163,1.964744906514677
repeat-new minus repeat-old,160,A6s,0.00287664555405943,raise_minus_call,169,-0.18613655763015388,1.9866980953098579
repeat-new minus repeat-old,161,A7s,0.0028655407057624678,call_minus_fold,193,-0.028149390234898045,0.8339492803548434
repeat-new minus repeat-old,161,A7s,0.0028655407057624678,raise_minus_fold,193,6.9745347962667426,2.3139870481550906
repeat-new minus repeat-old,161,A7s,0.0028655407057624678,raise_minus_call,193,7.002684186501639,2.523565463150287
repeat-new minus repeat-old,162,A8s,0.002854096463089066,call_minus_fold,201,-0.44864064849574486,0.8426766907515726
repeat-new minus repeat-old,162,A8s,0.002854096463089066,raise_minus_fold,201,-1.9295484052750012,1.4486091637487966
repeat-new minus repeat-old,162,A8s,0.002854096463089066,raise_minus_call,201,-1.4809077567792563,1.3780031819298428
repeat-new minus repeat-old,163,A9s,0.0028322345637362746,call_minus_fold,195,1.629091260930008,0.7466071102551746
repeat-new minus repeat-old,163,A9s,0.0028322345637362746,raise_minus_fold,195,-1.9699770596427917,1.782143096814419
repeat-new minus repeat-old,163,A9s,0.0028322345637362746,raise_minus_call,195,-3.5990683205727994,1.6474536039290588
repeat-new minus repeat-old,164,ATs,0.0028186729016320797,call_minus_fold,170,-0.38015595427087917,0.6466478757364602
repeat-new minus repeat-old,164,ATs,0.0028186729016320797,raise_minus_fold,170,-0.9157185682184525,1.4980137691116626
repeat-new minus repeat-old,164,ATs,0.0028186729016320797,raise_minus_call,170,-0.5355626139475733,1.446237698821348
repeat-new minus repeat-old,165,AJs,0.0028122821203068987,call_minus_fold,177,-0.1500068218446418,0.5818028185355671
repeat-new minus repeat-old,165,AJs,0.0028122821203068987,raise_minus_fold,177,-3.0294748312162962,1.4737177300056294
repeat-new minus repeat-old,165,AJs,0.0028122821203068987,raise_minus_call,177,-2.8794680093716547,1.327921330362477
repeat-new minus repeat-old,166,AQs,0.002782065810743854,call_minus_fold,165,0.6160503644448241,0.5757458773329219
repeat-new minus repeat-old,166,AQs,0.002782065810743854,raise_minus_fold,165,-0.9364648396480838,2.2220266189448257
repeat-new minus repeat-old,166,AQs,0.002782065810743854,raise_minus_call,165,-1.552515204092908,2.26950732850323
repeat-new minus repeat-old,167,AKs,0.002752040727766573,call_minus_fold,166,-0.36484377376955224,0.31919747055305436
repeat-new minus repeat-old,167,AKs,0.002752040727766573,raise_minus_fold,166,-3.245938320683466,2.553841255554146
repeat-new minus repeat-old,167,AKs,0.002752040727766573,raise_minus_call,166,-2.8810945469139138,2.5166869842296906
repeat-new minus repeat-old,168,AA,0.003972108648688113,call_minus_fold,247,0.1869828504542374,0.2097663648578244
repeat-new minus repeat-old,168,AA,0.003972108648688113,raise_minus_fold,247,2.36705489912433,2.3640238811905485
repeat-new minus repeat-old,168,AA,0.003972108648688113,raise_minus_call,247,2.1800720486700924,2.2898897036183836
