{
  "candidate_full_reference_evs_bb": [
    0.19975074522704186,
    -0.11049309639526558,
    -0.32096810384889707
  ],
  "candidate_full_reference_gaps_bb": [
    0.0011446968389180992,
    0.0007286908882493011,
    0.001320814072588646
  ],
  "candidate_iteration": 100,
  "candidate_learning_gap_bb": 0.0031942017997560464,
  "candidate_model": "coupled_preview32_v2",
  "elapsed_seconds": 0.0158255,
  "excess_learning_gap_bb": 0.003192680624565661,
  "live_seats": [
    true,
    true,
    true
  ],
  "nodes": 70,
  "not_evaluated": [
    "physical equity",
    "unselected local action tails",
    "speedup",
    "preview workflow"
  ],
  "passes_global_policy_gates_with_converged_reference": true,
  "passes_relative_policy_gates": true,
  "reference_converged": true,
  "reference_evs_bb": [
    0.1972530361082401,
    -0.11050591410438391,
    -0.3217213572060345
  ],
  "reference_gaps_bb": [
    8.033235209872684e-7,
    3.824968643640486e-7,
    3.353548050340563e-7
  ],
  "reference_iteration": 500,
  "reference_learning_gap_bb": 1.5211751903853732e-6,
  "reference_model": "coupled_deck_v1",
  "schema": 1,
  "scope": "Frozen policy evaluated under unchanged full coupled payoffs; no physical-deal or full postflop accuracy claim",
  "selected_local_action_quality": [
    {
      "actions": [
        {
          "kind": "fold",
          "label": "Fold",
          "to": 0.0
        },
        {
          "kind": "call",
          "label": "Limp 1",
          "to": 1.0
        },
        {
          "kind": "raise",
          "label": "Raise 2",
          "to": 2.0
        },
        {
          "kind": "raise",
          "label": "Raise 3",
          "to": 3.0
        }
      ],
      "actor": 0,
      "actor_mass": 1.000000037252903,
      "forced_or_frozen": false,
      "hands": [
        {
          "action_values_bb": [
            0.0,
            -0.44607269763946533,
            0.00945378839969635,
            0.16288742423057556
          ],
          "candidate_probabilities": [
            7.388798621832393e-7,
            7.388798621832393e-7,
            0.000025854402338154614,
            0.9999727010726929
          ],
          "class_index": 0,
          "conditional_hand_mass": 0.0045248869052198935,
          "expected_action_loss_bb": 4.537237561466742e-6,
          "hand": "22",
          "probability_on_actions_losing_over_0_1bb": 0.000027332162062521093,
          "reference_expected_action_loss_bb": 3.9630911077692126e-8,
          "reference_probabilities": [
            5.982034867457742e-9,
            5.982034867457742e-9,
            2.2820088929620397e-7,
            0.9999997615814209
          ]
        },
        {
          "action_values_bb": [
            0.0,
            -0.9041956067085266,
            -0.7667875289916992,
            -0.7750431895256042
          ],
          "candidate_probabilities": [
            0.9999929666519165,
            7.388799190266582e-7,
            5.636296918964945e-6,
            7.388799190266582e-7
          ],
          "class_index": 1,
          "conditional_hand_mass": 0.009049773810439787,
          "expected_action_loss_bb": 5.562598012944555e-6,
          "hand": "32o",
          "probability_on_actions_losing_over_0_1bb": 7.114056757018261e-6,
          "reference_expected_action_loss_bb": 4.4404481552162994e-8,
          "reference_probabilities": [
            0.9999999403953552,
            5.982033535190112e-9,
            4.48093082638934e-8,
            5.982033535190112e-9
          ]
        },
        {
          "action_values_bb": [
            0.0,
            -0.8833550214767456,
            -0.7346990704536438,
            -0.7396241426467896
          ],
          "candidate_probabilities": [
            0.999992847442627,
            7.388799190266582e-7,
            5.748838248109678e-6,
            7.388799190266582e-7
          ],
          "class_index": 2,
          "conditional_hand_mass": 0.009049773810439787,
          "expected_action_loss_bb": 5.422852830444085e-6,
          "hand": "42o",
          "probability_on_actions_losing_over_0_1bb": 7.226598086162994e-6,
          "reference_expected_action_loss_bb": 4.437662743681063e-8,
          "reference_probabilities": [
            0.9999999403953552,
            5.982033535190112e-9,
            4.7186546225930215e-8,
            5.982033535190112e-9
          ]
        },
        {
          "action_values_bb": [
            0.0,
            -0.8523165583610535,
            -0.6811138391494751,
            -0.6980822682380676
          ],
          "candidate_probabilities": [
            0.9999926686286926,
            7.388800895569148e-7,
            5.923516710026888e-6,
            7.388800895569148e-7
          ],
          "class_index": 3,
          "conditional_hand_mass": 0.009049773810439787,
          "expected_action_loss_bb": 5.180148031478976e-6,
          "hand": "52o",
          "probability_on_actions_losing_over_0_1bb": 7.401276889140718e-6,
          "reference_expected_action_loss_bb": 4.388702667356088e-8,
          "reference_probabilities": [
            0.9999999403953552,
            5.982033535190112e-9,
            5.0817480001796866e-8,
            5.982033535190112e-9
          ]
        },
        {
          "action_values_bb": [
            0.0,
            -0.882992148399353,
            -0.7262982130050659,
            -0.7449963092803955
          ],
          "candidate_probabilities": [
            0.999992847442627,
            7.388799190266582e-7,
            5.748897820012644e-6,
            7.388799190266582e-7
          ],
          "class_index": 4,
          "conditional_hand_mass": 0.009049773810439787,
          "expected_action_loss_bb": 5.378302193210649e-6,
          "hand": "62o",
          "probability_on_actions_losing_over_0_1bb": 7.22665765806596e-6,
          "reference_expected_action_loss_bb": 4.5382761115276906e-8,
          "reference_probabilities": [
            0.9999999403953552,
            5.982033535190112e-9,
            4.9076369634803996e-8,
            5.982033535190112e-9
          ]
        },
        {
          "action_values_bb": [
            0.0,
            -0.90187668800354,
            -0.7463392019271851,
            -0.761473536491394
          ],
          "candidate_probabilities": [
            0.9999921321868896,
            7.388799190266582e-7,
            6.457280505856033e-6,
            7.388799190266582e-7
          ],
          "class_index": 5,
          "conditional_hand_mass": 0.009049773810439787,
          "expected_action_loss_bb": 6.048337658548352e-6,
          "hand": "72o",
          "probability_on_actions_losing_over_0_1bb": 7.93504034390935e-6,
          "reference_expected_action_loss_bb": 4.666910366705206e-8,
          "reference_probabilities": [
            0.9999999403953552,
            5.982033535190112e-9,
            4.919865759234199e-8,
            5.982033535190112e-9
          ]
        },
        {
          "action_values_bb": [
            0.0,
            -0.8773946762084961,
            -0.6941943168640137,
            -0.7076621055603027
          ],
          "candidate_probabilities": [
            0.9999915361404419,
            7.38879975870077e-7,
            6.774712801416172e-6,
            9.754967322805896e-7
          ],
          "class_index": 6,
          "conditional_hand_mass": 0.009049773810439787,
          "expected_action_loss_bb": 6.041578553847332e-6,
          "hand": "82o",
          "probability_on_actions_losing_over_0_1bb": 8.489089509566838e-6,
          "reference_expected_action_loss_bb": 4.79304560467731e-8,
          "reference_probabilities": [
            0.9999999403953552,
            5.982033979279322e-9,
            5.45260760986821e-8,
            6.825516152275668e-9
          ]
        },
        {
          "action_values_bb": [
            0.0,
            -0.8161463737487793,
            -0.5988890528678894,
            -0.622961699962616
          ],
          "candidate_probabilities": [
            0.9999903440475464,
            7.38879975870077e-7,
            7.032365374470828e-6,
            1.882788183138473e-6
          ],
          "class_index": 7,
          "conditional_hand_mass": 0.009049773810439787,
          "expected_action_loss_bb": 5.987545778717192e-6,
          "hand": "92o",
          "probability_on_actions_losing_over_0_1bb": 9.654033533479378e-6,
          "reference_expected_action_loss_bb": 4.9644770706216054e-8,
          "reference_probabilities": [
            0.9999999403953552,
            5.982033979279322e-9,
            5.737229358260265e-8,
            1.669912741419921e-8
          ]
        },
        {
          "action_values_bb": [
            0.0,
            -0.7918838262557983,
            -0.5418668985366821,
            -0.5621743202209473
          ],
          "candidate_probabilities": [
            0.9999894499778748,
            7.388798053398205e-7,
            7.236309102154337e-6,
            2.620575287437532e-6
          ],
          "class_index": 8,
          "conditional_hand_mass": 0.009049773810439787,
          "expected_action_loss_bb": 5.979443468235778e-6,
          "hand": "T2o",
          "probability_on_actions_losing_over_0_1bb": 0.00001059576419493169,
          "reference_expected_action_loss_bb": 5.799774135246044e-8,
          "reference_probabilities": [
            0.9999999403953552,
            5.982034423368532e-9,
            7.239868438091435e-8,
            2.4957053312846256e-8
          ]
        },
        {
          "action_values_bb": [
            0.0,
            -0.6645789742469788,
            -0.4471958875656128,
            -0.4715583324432373
          ],
          "candidate_probabilities": [
            0.9999825358390808,
            1.3157462035451317e-6,
            0.000012143248568463605,
            4.089054982614471e-6
          ],
          "class_index": 9,
          "conditional_hand_mass": 0.009049773810439787,
          "expected_action_loss_bb": 8.23305603269571e-6,
          "hand": "J2o",
          "probability_on_actions_losing_over_0_1bb": 0.000017548049754623207,
          "reference_expected_action_loss_bb": 7.525467176905975e-8,
          "reference_probabilities": [
            0.9999999403953552,
            1.3467691850621577e-8,
            1.107688731849521e-7,
            3.556069572141496e-8
          ]
        },
        {
          "action_values_bb": [
            0.0,
            -0.4649461805820465,
            -0.29889628291130066,
            -0.3244626522064209
          ],
          "candidate_probabilities": [
            0.9999560117721558,
            2.7263652100373292e-6,
            0.000035298551665619016,
            5.947152203589212e-6
          ],
          "class_index": 10,
          "conditional_hand_mass": 0.009049773810439787,
          "expected_action_loss_bb": 0.000013747847753336466,
          "hand": "Q2o",
          "probability_on_actions_losing_over_0_1bb": 0.00004397206907924556,
          "reference_expected_action_loss_bb": 7.394374688489e-8,
          "reference_probabilities": [
            0.9999997615814209,
            2.866193149486662e-8,
            1.5164214062224346e-7,
            4.713090717700652e-8
          ]
        },
        {
          "action_values_bb": [
            0.0,
            -0.3244820237159729,
            -0.1562463939189911,
            -0.1524524986743927
          ],
          "candidate_probabilities": [
            0.9999547004699707,
            4.065417215315392e-6,
            0.000030482911824947223,
            0.000010708507943490986
          ],
          "class_index": 11,
          "conditional_hand_mass": 0.009049773810439787,
          "expected_action_loss_bb": 7.714538647133652e-6,
          "hand": "K2o",
          "probability_on_actions_losing_over_0_1bb": 0.0000452568369837536,
          "reference_expected_action_loss_bb": 6.269237011093443e-8,
          "reference_probabilities": [
            0.9999997019767761,
            2.8856122824549857e-8,
            2.5133684289357916e-7,
            9.221627550459743e-8
          ]
        },
        {
          "action_values_bb": [
            0.0,
            -0.1648147851228714,
            0.03918410837650299,
            0.1410011351108551
          ],
          "candidate_probabilities": [
            7.388799190266582e-7,
            7.388799190266582e-7,
            0.00005474647332448512,
            0.9999437928199768
          ],
          "class_index": 12,
          "conditional_hand_mass": 0.009049773810439787,
          "expected_action_loss_bb": 5.904267287763331e-6,
          "hand": "A2o",
          "probability_on_actions_losing_over_0_1bb": 0.00005622423316253844,
          "reference_expected_action_loss_bb": 2.982979735148097e-8,
          "reference_probabilities": [
            5.982034867457742e-9,
            1.867075916095473e-8,
            2.2861115667183185e-7,
            0.9999997615814209
          ]
        },
        {
          "action_values_bb": [
            0.0,
            -0.805375337600708,
            -0.6025605797767639,
            -0.5726661682128906
          ],
          "candidate_probabilities": [
            0.9999918341636658,
            7.388798053398205e-7,
            6.721187673974782e-6,
            7.757152502563258e-7
          ],
          "class_index": 13,
          "conditional_hand_mass": 0.0030165911925363843,
          "expected_action_loss_bb": 5.089224194279181e-6,
          "hand": "32s",
          "probability_on_actions_losing_over_0_1bb": 8.235782729570928e-6,
          "reference_expected_action_loss_bb": 4.243027295337404e-8,
          "reference_probabilities": [
            1.0,
            5.9820353115469516e-9,
            5.4905310520325656e-8,
            7.908121268940249e-9
          ]
        },
        {
          "action_values_bb": [
            0.0,
            -0.37579864263534546,
            0.1266670972108841,
            0.2814222276210785
          ],
          "candidate_probabilities": [
            7.38879975870077e-7,
            7.38879975870077e-7,
            0.000022001011529937387,
            0.9999765753746033
          ],
          "class_index": 14,
          "conditional_hand_mass": 0.0045248869052198935,
          "expected_action_loss_bb": 4.098313997981994e-6,
          "hand": "33",
          "probability_on_actions_losing_over_0_1bb": 0.00002347877148167754,
          "reference_expected_action_loss_bb": 3.530395474839882e-8,
          "reference_probabilities": [
            5.982034867457742e-9,
            5.982034867457742e-9,
            1.9184474808753293e-7,
            0.9999997615814209
          ]
        },
        {
          "action_values_bb": [
            0.0,
            -0.8420765995979309,
            -0.6589344143867493,
            -0.6586682200431824
          ],
          "candidate_probabilities": [
            0.9999921321868896,
            7.388799190266582e-7,
            6.4976097746693995e-6,
            7.388799190266582e-7
          ],
          "class_index": 15,
          "conditional_hand_mass": 0.009049773810439787,
          "expected_action_loss_bb": 5.390368902601501e-6,
          "hand": "43o",
          "probability_on_actions_losing_over_0_1bb": 7.975369612722716e-6,
          "reference_expected_action_loss_bb": 4.360063723089565e-8,
          "reference_probabilities": [
            0.9999999403953552,
            5.982033535190112e-9,
            5.254412371868966e-8,
            5.982033535190112e-9
          ]
        },
        {
          "action_values_bb": [
            0.0,
            -0.7914036512374878,
            -0.5783734321594238,
            -0.5970487594604492
          ],
          "candidate_probabilities": [
            0.9999913573265076,
            7.38879975870077e-7,
            6.822551767982077e-6,
            1.1168697255925508e-6
          ],
          "class_index": 16,
          "conditional_hand_mass": 0.009049773810439787,
          "expected_action_loss_bb": 5.1975606770069495e-6,
          "hand": "53o",
          "probability_on_actions_losing_over_0_1bb": 8.678301469444705e-6,
          "reference_expected_action_loss_bb": 4.3018315946130667e-8,
          "reference_probabilities": [
            0.9999999403953552,
            5.982033979279322e-9,
            5.560227833711906e-8,
            1.0259181948413243e-8
          ]
        },
        {
          "action_values_bb": [
            0.0,
            -0.8039095997810364,
            -0.5954430103302002,
            -0.6248401403427124
          ],
          "candidate_probabilities": [
            0.9999911785125732,
            7.388800895569148e-7,
            6.884687081765151e-6,
            1.3203696198615944e-6
          ],
          "class_index": 17,
          "conditional_hand_mass": 0.009049773810439787,
          "expected_action_loss_bb": 5.5184515368081306e-6,
          "hand": "63o",
          "probability_on_actions_losing_over_0_1bb": 8.94393679118366e-6,
          "reference_expected_action_loss_bb": 4.350662671149652e-8,
          "reference_probabilities": [
            0.9999999403953552,
            5.982033979279322e-9,
            5.530052860081014e-8,
            9.23323995039027e-9
          ]
        },
        {
          "action_values_bb": [
            0.0,
            -0.8425936102867126,
            -0.6474804282188416,
            -0.6629729270935059
          ],
          "candidate_probabilities": [
            0.999991774559021,
            7.388799190266582e-7,
            6.724947979819262e-6,
            8.02112140263489e-7
          ],
          "class_index": 18,
          "conditional_hand_mass": 0.009049773810439787,
          "expected_action_loss_bb": 5.508626329751557e-6,
          "hand": "73o",
          "probability_on_actions_losing_over_0_1bb": 8.26594003910941e-6,
          "reference_expected_action_loss_bb": 4.5983197539333216e-8,
          "reference_probabilities": [
            0.9999999403953552,
            5.982033979279322e-9,
            5.4931586390694065e-8,
            8.10839573262001e-9
          ]
        },
        {
          "action_values_bb": [
            0.0,
            -0.8277146220207214,
            -0.617715060710907,
            -0.6625279784202576
          ],
          "candidate_probabilities": [
            0.9999907612800598,
            7.38879975870077e-7,
            6.967987246753182e-6,
            1.6304395558108808e-6
          ],
          "class_index": 19,
          "conditional_hand_mass": 0.009049773810439787,
          "expected_action_loss_bb": 5.996024247954754e-6,
          "hand": "83o",
          "probability_on_actions_losing_over_0_1bb": 9.33730677843414e-6,
          "reference_expected_action_loss_bb": 4.731178886999751e-8,
          "reference_probabilities": [
            0.9999999403953552,
            5.982033979279322e-9,
            5.5976343560359965e-8,
            1.1747339989653938e-8
          ]
        },
        {
          "action_values_bb": [
            0.0,
            -0.7912529706954956,
            -0.5551581382751465,
            -0.5838758945465088
          ],
          "candidate_probabilities": [
            0.9999899864196777,
            7.388799190266582e-7,
            7.116066171874991e-6,
            2.1807666144013638e-6
          ],
          "class_index": 20,
          "conditional_hand_mass": 0.009049773810439787,
          "expected_action_loss_bb": 5.808480036518717e-6,
          "hand": "93o",
          "probability_on_actions_losing_over_0_1bb": 0.000010035712705303013,
          "reference_expected_action_loss_bb": 4.9203571246633416e-8,
          "reference_probabilities": [
            0.9999999403953552,
            5.982033979279322e-9,
            5.8484069143105444e-8,
            2.0556358393264418e-8
          ]
        },
        {
          "action_values_bb": [
            0.0,
            -0.7313235402107239,
            -0.4513130784034729,
            -0.5036321878433228
          ],
          "candidate_probabilities": [
            0.999987006187439,
            7.388800895569148e-7,
            9.044450962392148e-6,
            3.245990228606388e-6
          ],
          "class_index": 21,
          "conditional_hand_mass": 0.009049773810439787,
          "expected_action_loss_bb": 6.257024569743515e-6,
          "hand": "T3o",
          "probability_on_actions_losing_over_0_1bb": 0.00001302932128055545,
          "reference_expected_action_loss_bb": 6.811812605016699e-8,
          "reference_probabilities": [
            0.9999999403953552,
            5.9820353115469516e-9,
            1.0604107814060626e-7,
            3.1542061407208166e-8
          ]
        },
        {
          "action_values_bb": [
            0.0,
            -0.5824298858642578,
            -0.3856760859489441,
            -0.42446959018707275
          ],
          "candidate_probabilities": [
            0.9999792575836182,
            2.6682635052566184e-6,
            0.000013512638361135032,
            4.609277311828919e-6
          ],
          "class_index": 22,
          "conditional_hand_mass": 0.009049773810439787,
          "expected_action_loss_bb": 8.722075934399084e-6,
          "hand": "J3o",
          "probability_on_actions_losing_over_0_1bb": 0.00002079017917822057,
          "reference_expected_action_loss_bb": 7.683450929448708e-8,
          "reference_probabilities": [
            0.9999997615814209,
            2.056651560167211e-8,
            1.237896753991663e-7,
            4.0316759708503014e-8
          ]
        },
        {
          "action_values_bb": [
            0.0,
            -0.41520893573760986,
            -0.24869389832019806,
            -0.28018325567245483
          ],
          "candidate_probabilities": [
            0.9999567270278931,
            3.18768479701248e-6,
            0.00003387809920241125,
            6.292035777732963e-6
          ],
          "class_index": 23,
          "conditional_hand_mass": 0.009049773810439787,
          "expected_action_loss_bb": 0.000011511754839373345,
          "hand": "Q3o",
          "probability_on_actions_losing_over_0_1bb": 0.00004335781977715669,
          "reference_expected_action_loss_bb": 7.785493370126771e-8,
          "reference_probabilities": [
            0.9999997019767761,
            2.7043746797517088e-8,
            2.034916803950182e-7,
            5.717325635146153e-8
          ]
        },
        {
          "action_values_bb": [
            0.0,
            -0.29333874583244324,
            -0.1266900897026062,
            -0.11453050374984741
          ],
          "candidate_probabilities": [
            0.9998195767402649,
            1.5261374528563465e-6,
            0.00015788065502420068,
            0.000021070558432256803
          ],
          "class_index": 24,
          "conditional_hand_mass": 0.009049773810439787,
          "expected_action_loss_bb": 0.000022862811265247975,
          "hand": "K3o",
          "probability_on_actions_losing_over_0_1bb": 0.00018047735090931383,
          "reference_expected_action_loss_bb": 6.45683738264163e-8,
          "reference_probabilities": [
            0.9999995231628418,
            2.9023325964772084e-8,
            3.156097250212042e-7,
            1.4031269301995053e-7
          ]
        },
        {
          "action_values_bb": [
            0.0,
            -0.272880494594574,
            0.08925849199295044,
            0.19660146534442902
          ],
          "candidate_probabilities": [
            7.388800895569148e-7,
            7.388800895569148e-7,
            0.000028505171940196306,
            0.999970018863678
          ],
          "class_index": 25,
          "conditional_hand_mass": 0.009049773810439787,
          "expected_action_loss_bb": 3.5519856928816057e-6,
          "hand": "A3o",
          "probability_on_actions_losing_over_0_1bb": 0.000029982932119310135,
          "reference_expected_action_loss_bb": 2.701845029039337e-8,
          "reference_probabilities": [
            5.982034867457742e-9,
            8.624168046367231e-9,
            2.030266301744632e-7,
            0.9999997615814209
          ]
        },
        {
          "action_values_bb": [
            0.0,
            -0.7789841890335083,
            -0.5641765594482422,
            -0.5344530940055847
          ],
          "candidate_probabilities": [
            0.9999908208847046,
            7.388798621832393e-7,
            6.933309578016633e-6,
            1.4995021047070622e-6
          ],
          "class_index": 26,
          "conditional_hand_mass": 0.0030165911925363843,
          "expected_action_loss_bb": 5.288600012879545e-6,
          "hand": "42s",
          "probability_on_actions_losing_over_0_1bb": 9.171691544906935e-6,
          "reference_expected_action_loss_bb": 4.263930172207909e-8,
          "reference_probabilities": [
            1.0,
            5.9820353115469516e-9,
            5.605676633990697e-8,
            1.188781073580003e-8
          ]
        },
        {
          "action_values_bb": [
            0.0,
            -0.6861492395401001,
            -0.4168635606765747,
            -0.41541874408721924
          ],
          "candidate_probabilities": [
            0.9999845027923584,
            7.388799190266582e-7,
            0.00001175247052742634,
            2.9635505143232876e-6
          ],
          "class_index": 27,
          "conditional_hand_mass": 0.0030165911925363843,
          "expected_action_loss_bb": 6.637273038060251e-6,
          "hand": "43s",
          "probability_on_actions_losing_over_0_1bb": 0.000015454900960776286,
          "reference_expected_action_loss_bb": 4.993735945965231e-8,
          "reference_probabilities": [
            0.9999998807907104,
            5.9820353115469516e-9,
            8.69747154297329e-8,
            2.3051923037087363e-8
          ]
        },
        {
          "action_values_bb": [
            0.0,
            -0.29954829812049866,
            0.25545310974121094,
            0.42078104615211487
          ],
          "candidate_probabilities": [
            7.388798621832393e-7,
            7.388798621832393e-7,
            0.00001785927452147007,
            0.999980628490448
          ],
          "class_index": 28,
          "conditional_hand_mass": 0.0045248869052198935,
          "expected_action_loss_bb": 3.795780490443366e-6,
          "hand": "44",
          "probability_on_actions_losing_over_0_1bb": 0.00001933703424583655,
          "reference_expected_action_loss_bb": 3.115709844309746e-8,
          "reference_probabilities": [
            5.982034867457742e-9,
            5.982034867457742e-9,
            1.4716772511746967e-7,
            0.9999998211860657
          ]
        },
        {
          "action_values_bb": [
            0.0,
            -0.7411920428276062,
            -0.49841779470443726,
            -0.504707932472229
          ],
          "candidate_probabilities": [
            0.9999892711639404,
            7.388798053398205e-7,
            7.602422556374222e-6,
            2.3806101125956047e-6
          ],
          "class_index": 29,
          "conditional_hand_mass": 0.009049773810439787,
          "expected_action_loss_bb": 5.5383473252338036e-6,
          "hand": "54o",
          "probability_on_actions_losing_over_0_1bb": 0.000010721912474309647,
          "reference_expected_action_loss_bb": 4.2609868453517276e-8,
          "reference_probabilities": [
            0.9999999403953552,
            5.982033979279322e-9,
            5.794577617734831e-8,
            1.841624808207598e-8
          ]
        },
        {
          "action_values_bb": [
            0.0,
            -0.7608160972595215,
            -0.5268356204032898,
            -0.5380986332893372
          ],
          "candidate_probabilities": [
            0.9999903440475464,
            7.38879975870077e-7,
            7.028862000879599e-6,
            1.8447518641551142e-6
          ],
          "class_index": 30,
          "conditional_hand_mass": 0.009049773810439787,
          "expected_action_loss_bb": 5.257865109407018e-6,
          "hand": "64o",
          "probability_on_actions_losing_over_0_1bb": 9.61249384090479e-6,
          "reference_expected_action_loss_bb": 4.3970353897620137e-8,
          "reference_probabilities": [
            0.9999999403953552,
            5.982033979279322e-9,
            5.751177667434604e-8,
            1.6948330738841832e-8
          ]
        },
        {
          "action_values_bb": [
            0.0,
            -0.8026443719863892,
            -0.5825157165527344,
            -0.5707159638404846
          ],
          "candidate_probabilities": [
            0.9999904632568359,
            7.388800895569148e-7,
            7.021309556876076e-6,
            1.8306315041627386e-6
          ],
          "class_index": 31,
          "conditional_hand_mass": 0.009049773810439787,
          "expected_action_loss_bb": 5.72785173645288e-6,
          "hand": "74o",
          "probability_on_actions_losing_over_0_1bb": 9.59082115059573e-6,
          "reference_expected_action_loss_bb": 4.675446419333184e-8,
          "reference_probabilities": [
            0.9999999403953552,
            5.982033979279322e-9,
            5.699883232068714e-8,
            1.5332149772007142e-8
          ]
        },
        {
          "action_values_bb": [
            0.0,
            -0.7601475715637207,
            -0.5155153870582581,
            -0.54637211561203
          ],
          "candidate_probabilities": [
            0.9999850988388062,
            7.388798621832393e-7,
            0.000011188868484168779,
            2.9977095437061507e-6
          ],
          "class_index": 32,
          "conditional_hand_mass": 0.009049773810439787,
          "expected_action_loss_bb": 7.967556505661242e-6,
          "hand": "84o",
          "probability_on_actions_losing_over_0_1bb": 0.000014925457890058169,
          "reference_expected_action_loss_bb": 5.0211164316350724e-8,
          "reference_probabilities": [
            0.9999999403953552,
            5.982034423368532e-9,
            6.605343116916629e-8,
            2.1253601545367928e-8
          ]
        },
        {
          "action_values_bb": [
            0.0,
            -0.800282895565033,
            -0.5673227310180664,
            -0.5702110528945923
          ],
          "candidate_probabilities": [
            0.9999895691871643,
            7.388798621832393e-7,
            7.204675512184622e-6,
            2.489319513188093e-6
          ],
          "class_index": 33,
          "conditional_hand_mass": 0.009049773810439787,
          "expected_action_loss_bb": 6.098126603860298e-6,
          "hand": "94o",
          "probability_on_actions_losing_over_0_1bb": 0.000010432874887555954,
          "reference_expected_action_loss_bb": 5.028448562119399e-8,
          "reference_probabilities": [
            0.9999999403953552,
            5.982033979279322e-9,
            5.8700283744883563e-8,
            2.1387100090919375e-8
          ]
        },
        {
          "action_values_bb": [
            0.0,
            -0.7532658576965332,
            -0.47639307379722595,
            -0.48440641164779663
          ],
          "candidate_probabilities": [
            0.9999790787696838,
            7.38879975870077e-7,
            0.000015699979485361837,
            4.545453066384653e-6
          ],
          "class_index": 34,
          "conditional_hand_mass": 0.009049773810439787,
          "expected_action_loss_bb": 0.000010237781153544346,
          "hand": "T4o",
          "probability_on_actions_losing_over_0_1bb": 0.000020984312527616567,
          "reference_expected_action_loss_bb": 6.709158209058734e-8,
          "reference_probabilities": [
            0.9999999403953552,
            5.9820353115469516e-9,
            9.90685720125839e-8,
            3.1770714059575766e-8
          ]
        },
        {
          "action_values_bb": [
            0.0,
            -0.5618338584899902,
            -0.3718675374984741,
            -0.3859679698944092
          ],
          "candidate_probabilities": [
            0.9999804496765137,
            3.391766085769632e-6,
            0.000011753303624573164,
            4.459257979760878e-6
          ],
          "class_index": 35,
          "conditional_hand_mass": 0.009049773810439787,
          "expected_action_loss_bb": 7.997411853089107e-6,
          "hand": "J4o",
          "probability_on_actions_losing_over_0_1bb": 0.000019604327690103673,
          "reference_expected_action_loss_bb": 7.862488261712091e-8,
          "reference_probabilities": [
            0.9999997615814209,
            2.846476832019107e-8,
            1.2415539174526202e-7,
            4.2653933718383996e-8
          ]
        },
        {
          "action_values_bb": [
            0.0,
            -0.4451385736465454,
            -0.27476927638053894,
            -0.26268482208251953
          ],
          "candidate_probabilities": [
            0.9999728202819824,
            5.155000508239027e-6,
            0.000014696507605549414,
            7.337462648138171e-6
          ],
          "class_index": 36,
          "conditional_hand_mass": 0.009049773810439787,
          "expected_action_loss_bb": 8.260278403745945e-6,
          "hand": "Q4o",
          "probability_on_actions_losing_over_0_1bb": 0.000027188970761926612,
          "reference_expected_action_loss_bb": 7.668364680618247e-8,
          "reference_probabilities": [
            0.9999997615814209,
            3.665613235170895e-8,
            1.5996589297628816e-7,
            6.248124861940596e-8
          ]
        },
        {
          "action_values_bb": [
            0.0,
            -0.22902101278305054,
            -0.060897789895534515,
            -0.05280804634094238
          ],
          "candidate_probabilities": [
            0.9997087717056274,
            3.3792755402828334e-6,
            0.0002659121237229556,
            0.000021916326659265906
          ],
          "class_index": 37,
          "conditional_hand_mass": 0.009049773810439787,
          "expected_action_loss_bb": 0.000018124744141710238,
          "hand": "K4o",
          "probability_on_actions_losing_over_0_1bb": 3.3792755402828334e-6,
          "reference_expected_action_loss_bb": 7.871510366299093e-8,
          "reference_probabilities": [
            0.9999987483024597,
            2.5779932855130028e-8,
            9.338683639725787e-7,
            3.0185623245415627e-7
          ]
        },
        {
          "action_values_bb": [
            0.0,
            -0.1852036714553833,
            0.11854187399148941,
            0.23580780625343323
          ],
          "candidate_probabilities": [
            7.388799190266582e-7,
            4.7321896090579685e-6,
            0.00001884436460386496,
            0.9999756813049316
          ],
          "class_index": 38,
          "conditional_hand_mass": 0.009049773810439787,
          "expected_action_loss_bb": 4.376341776054393e-6,
          "hand": "A4o",
          "probability_on_actions_losing_over_0_1bb": 0.000024315434131949587,
          "reference_expected_action_loss_bb": 2.8231474338846156e-8,
          "reference_probabilities": [
            5.982034867457742e-9,
            1.1011833223051326e-8,
            1.8918329658390576e-7,
            0.9999997615814209
          ]
        },
        {
          "action_values_bb": [
            0.0,
            -0.7265744209289551,
            -0.4801807701587677,
            -0.4760591983795166
          ],
          "candidate_probabilities": [
            0.9999879598617554,
            7.388798621832393e-7,
            8.867596079653595e-6,
            2.4610467335151043e-6
          ],
          "class_index": 39,
          "conditional_hand_mass": 0.0030165911925363843,
          "expected_action_loss_bb": 5.966504258118514e-6,
          "hand": "52s",
          "probability_on_actions_losing_over_0_1bb": 0.000012067522675351938,
          "reference_expected_action_loss_bb": 4.101627697529255e-8,
          "reference_probabilities": [
            1.0,
            5.9820353115469516e-9,
            5.805238956213543e-8,
            1.847300090673798e-8
          ]
        },
        {
          "action_values_bb": [
            0.0,
            -0.6877977252006531,
            -0.4106694459915161,
            -0.39647865295410156
          ],
          "candidate_probabilities": [
            0.9999811053276062,
            7.388798053398205e-7,
            0.000014611625374527648,
            3.57777798853931e-6
          ],
          "class_index": 40,
          "conditional_hand_mass": 0.0030165911925363843,
          "expected_action_loss_bb": 7.927260544367179e-6,
          "hand": "53s",
          "probability_on_actions_losing_over_0_1bb": 0.00001892828316840678,
          "reference_expected_action_loss_bb": 5.2745130315584473e-8,
          "reference_probabilities": [
            0.9999998807907104,
            5.9820353115469516e-9,
            9.36769168902174e-8,
            2.5626732735872793e-8
          ]
        },
        {
          "action_values_bb": [
            0.0,
            -0.6196315288543701,
            -0.30539411306381226,
            -0.29727810621261597
          ],
          "candidate_probabilities": [
            0.9999761581420898,
            7.388798621832393e-7,
            0.000018465319953975268,
            4.61380250271759e-6
          ],
          "class_index": 41,
          "conditional_hand_mass": 0.0030165911925363843,
          "expected_action_loss_bb": 7.468615738875011e-6,
          "hand": "54s",
          "probability_on_actions_losing_over_0_1bb": 0.000023818002318876097,
          "reference_expected_action_loss_bb": 5.436582058433728e-8,
          "reference_probabilities": [
            0.9999998807907104,
            5.982036199725371e-9,
            1.321542697496625e-7,
            3.4647779756369346e-8
          ]
        },
        {
          "action_values_bb": [
            0.0,
            -0.18424539268016815,
            0.4318512976169586,
            0.6000574231147766
          ],
          "candidate_probabilities": [
            7.388798621832393e-7,
            7.388798621832393e-7,
            0.000015668336345697753,
            0.9999828338623047
          ],
          "class_index": 42,
          "conditional_hand_mass": 0.0045248869052198935,
          "expected_action_loss_bb": 3.6583860522440304e-6,
          "hand": "55",
          "probability_on_actions_losing_over_0_1bb": 0.000017146096070064232,
          "reference_expected_action_loss_bb": 3.3345421677605814e-8,
          "reference_probabilities": [
            5.982034867457742e-9,
            5.982034867457742e-9,
            1.4900842870702036e-7,
            0.9999998211860657
          ]
        },
        {
          "action_values_bb": [
            0.0,
            -0.7178162336349487,
            -0.449756920337677,
            -0.45039504766464233
          ],
          "candidate_probabilities": [
            0.9999805688858032,
            7.38879975870077e-7,
            0.000015136535694182385,
            3.7103677641425747e-6
          ],
          "class_index": 43,
          "conditional_hand_mass": 0.009049773810439787,
          "expected_action_loss_bb": 9.009272985768479e-6,
          "hand": "65o",
          "probability_on_actions_losing_over_0_1bb": 0.000019585783434195037,
          "reference_expected_action_loss_bb": 5.398442035545161e-8,
          "reference_probabilities": [
            0.9999999403953552,
            5.982034423368532e-9,
            8.575485566097996e-8,
            2.4692942801607387e-8
          ]
        },
        {
          "action_values_bb": [
            0.0,
            -0.7470453977584839,
            -0.4854958653450012,
            -0.46765464544296265
          ],
          "candidate_probabilities": [
            0.99998939037323,
            7.388796916529827e-7,
            7.257690413098317e-6,
            2.6627747047314188e-6
          ],
          "class_index": 44,
          "conditional_hand_mass": 0.009049773810439787,
          "expected_action_loss_bb": 5.320814321095516e-6,
          "hand": "75o",
          "probability_on_actions_losing_over_0_1bb": 0.000010659344809482718,
          "reference_expected_action_loss_bb": 5.249761517560894e-8,
          "reference_probabilities": [
            0.9999999403953552,
            5.982034423368532e-9,
            7.57501865678023e-8,
            2.40612632040893e-8
          ]
        },
        {
          "action_values_bb": [
            0.0,
            -0.7260902523994446,
            -0.4515611231327057,
            -0.4639742970466614
          ],
          "candidate_probabilities": [
            0.9999870657920837,
            7.388800895569148e-7,
            9.086865247809328e-6,
            3.1013432817417197e-6
          ],
          "class_index": 45,
          "conditional_hand_mass": 0.009049773810439787,
          "expected_action_loss_bb": 6.078712276822137e-6,
          "hand": "85o",
          "probability_on_actions_losing_over_0_1bb": 0.000012927088619107963,
          "reference_expected_action_loss_bb": 6.121368907597268e-8,
          "reference_probabilities": [
            0.9999999403953552,
            5.982034867457742e-9,
            9.686890223292721e-8,
            2.8294588005906007e-8
          ]
        },
        {
          "action_values_bb": [
            0.0,
            -0.711784839630127,
            -0.42740580439567566,
            -0.4481409788131714
          ],
          "candidate_probabilities": [
            0.999968945980072,
            7.388799190266582e-7,
            0.000025308618205599487,
            5.035662979935296e-6
          ],
          "class_index": 46,
          "conditional_hand_mass": 0.009049773810439787,
          "expected_action_loss_bb": 0.000013599660783779056,
          "hand": "95o",
          "probability_on_actions_losing_over_0_1bb": 0.00003108316110456144,
          "reference_expected_action_loss_bb": 6.627806642740325e-8,
          "reference_probabilities": [
            0.9999999403953552,
            5.9820353115469516e-9,
            1.1103571040393945e-7,
            3.249610713851325e-8
          ]
        },
        {
          "action_values_bb": [
            0.0,
            -0.6434371471405029,
            -0.3939460515975952,
            -0.42921769618988037
          ],
          "candidate_probabilities": [
            0.9999817609786987,
            1.030182488648279e-6,
            0.000013075658898742404,
            4.204762262816075e-6
          ],
          "class_index": 47,
          "conditional_hand_mass": 0.009049773810439787,
          "expected_action_loss_bb": 7.618720248198546e-6,
          "hand": "T5o",
          "probability_on_actions_losing_over_0_1bb": 0.000018310603650206758,
          "reference_expected_action_loss_bb": 7.033446140553709e-8,
          "reference_probabilities": [
            0.9999998211860657,
            9.153283464513606e-9,
            1.2265981297332473e-7,
            3.75649698014513e-8
          ]
        },
        {
          "action_values_bb": [
            0.0,
            -0.49941903352737427,
            -0.3182255029678345,
            -0.3331490159034729
          ],
          "candidate_probabilities": [
            0.9999750852584839,
            3.6262540561438072e-6,
            0.000014816309885645751,
            6.461451448558364e-6
          ],
          "class_index": 48,
          "conditional_hand_mass": 0.009049773810439787,
          "expected_action_loss_bb": 8.678574152926267e-6,
          "hand": "J5o",
          "probability_on_actions_losing_over_0_1bb": 0.000024904015390347922,
          "reference_expected_action_loss_bb": 7.173154670925983e-8,
          "reference_probabilities": [
            0.9999997615814209,
            2.9931509715197535e-8,
            1.312730404379181e-7,
            4.50511663530051e-8
          ]
        },
        {
          "action_values_bb": [
            0.0,
            -0.33283770084381104,
            -0.17412588000297546,
            -0.17691272497177124
          ],
          "candidate_probabilities": [
            0.9999549984931946,
            4.133019047003472e-6,
            0.000031439496524399146,
            9.37537697609514e-6
          ],
          "class_index": 49,
          "conditional_hand_mass": 0.009049773810439787,
          "expected_action_loss_bb": 8.5086780447884e-6,
          "hand": "Q5o",
          "probability_on_actions_losing_over_0_1bb": 0.00004494789254749776,
          "reference_expected_action_loss_bb": 7.218410211723704e-8,
          "reference_probabilities": [
            0.9999995827674866,
            3.05616509876927e-8,
            2.77833095196911e-7,
            7.706681515173841e-8
          ]
        },
        {
          "action_values_bb": [
            0.0,
            -0.2041441649198532,
            -0.03185616433620453,
            -0.0009960830211639404
          ],
          "candidate_probabilities": [
            0.9909743070602417,
            3.963215476687765e-6,
            0.00004255706517142244,
            0.008979122154414654
          ],
          "class_index": 50,
          "conditional_hand_mass": 0.009049773810439787,
          "expected_action_loss_bb": 0.000011108723298622679,
          "hand": "K5o",
          "probability_on_actions_losing_over_0_1bb": 3.963215476687765e-6,
          "reference_expected_action_loss_bb": 2.030402073112509e-6,
          "reference_probabilities": [
            0.9979963302612305,
            2.5524032665202867e-8,
            9.530310194350022e-7,
            0.0020026760175824165
          ]
        },
        {
          "action_values_bb": [
            0.0,
            -0.34468725323677063,
            0.18285684287548065,
            0.31922659277915955
          ],
          "candidate_probabilities": [
            7.388798621832393e-7,
            7.388798621832393e-7,
            0.000023227990823215805,
            0.9999752640724182
          ],
          "class_index": 51,
          "conditional_hand_mass": 0.009049773810439787,
          "expected_action_loss_bb": 3.894017971250573e-6,
          "hand": "A5o",
          "probability_on_actions_losing_over_0_1bb": 0.000024705750547582284,
          "reference_expected_action_loss_bb": 2.5532433358526933e-8,
          "reference_probabilities": [
            5.982034867457742e-9,
            5.982034867457742e-9,
            1.441027279724949e-7,
            0.9999998211860657
          ]
        },
        {
          "action_values_bb": [
            0.0,
            -0.8047075867652893,
            -0.5900248885154724,
            -0.5560334324836731
          ],
          "candidate_probabilities": [
            0.9999910593032837,
            7.388798621832393e-7,
            6.8804902184638195e-6,
            1.344631300526089e-6
          ],
          "class_index": 52,
          "conditional_hand_mass": 0.0030165911925363843,
          "expected_action_loss_bb": 5.401902662344364e-6,
          "hand": "62s",
          "probability_on_actions_losing_over_0_1bb": 8.964001381173148e-6,
          "reference_expected_action_loss_bb": 4.492873336924742e-8,
          "reference_probabilities": [
            1.0,
            5.9820353115469516e-9,
            5.619487453145666e-8,
            1.2514660419071788e-8
          ]
        },
        {
          "action_values_bb": [
            0.0,
            -0.7026063203811646,
            -0.4291668236255646,
            -0.42454761266708374
          ],
          "candidate_probabilities": [
            0.9999691247940063,
            7.388798053398205e-7,
            0.00002591023439890705,
            4.237993834976805e-6
          ],
          "class_index": 53,
          "conditional_hand_mass": 0.0030165911925363843,
          "expected_action_loss_bb": 0.000013438184782743762,
          "hand": "63s",
          "probability_on_actions_losing_over_0_1bb": 0.000030887108039223676,
          "reference_expected_action_loss_bb": 5.1586493945818043e-8,
          "reference_probabilities": [
            0.9999998807907104,
            5.9820353115469516e-9,
            8.629756820255352e-8,
            2.4372825535579068e-8
          ]
        },
        {
          "action_values_bb": [
            0.0,
            -0.6656518578529358,
            -0.3710152804851532,
            -0.344773530960083
          ],
          "candidate_probabilities": [
            0.9999865889549255,
            7.388796916529827e-7,
            9.427320037502795e-6,
            3.1955717076925794e-6
          ],
          "class_index": 54,
          "conditional_hand_mass": 0.0030165911925363843,
          "expected_action_loss_bb": 5.09126496851333e-6,
          "hand": "64s",
          "probability_on_actions_losing_over_0_1bb": 0.000013361771436848358,
          "reference_expected_action_loss_bb": 5.652911618237261e-8,
          "reference_probabilities": [
            0.9999998807907104,
            5.982036199725371e-9,
            1.1245311526408841e-7,
            3.139840387689219e-8
          ]
        },
        {
          "action_values_bb": [
            0.0,
            -0.6094063520431519,
            -0.2763010561466217,
            -0.24835726618766785
          ],
          "candidate_probabilities": [
            0.9999575018882751,
            7.388798053398205e-7,
            0.00003636599285528064,
            5.45337252333411e-6
          ],
          "class_index": 55,
          "conditional_hand_mass": 0.0030165911925363843,
          "expected_action_loss_bb": 0.000011852624971903237,
          "hand": "65s",
          "probability_on_actions_losing_over_0_1bb": 0.00004255824518395457,
          "reference_expected_action_loss_bb": 5.278320291592573e-8,
          "reference_probabilities": [
            0.9999998807907104,
            5.982036199725371e-9,
            1.4209319942892762e-7,
            3.977017115630588e-8
          ]
        },
        {
          "action_values_bb": [
            0.0,
            -0.09329968690872192,
            0.5807717442512512,
            0.7602216601371765
          ],
          "candidate_probabilities": [
            7.388798621832393e-7,
            7.388798621832393e-7,
            0.0000164167613547761,
            0.9999821186065674
          ],
          "class_index": 56,
          "conditional_hand_mass": 0.0045248869052198935,
          "expected_action_loss_bb": 4.1383486549804766e-6,
          "hand": "66",
          "probability_on_actions_losing_over_0_1bb": 0.000017894521079142578,
          "reference_expected_action_loss_bb": 2.8833545316472972e-8,
          "reference_probabilities": [
            5.982034423368532e-9,
            5.982034423368532e-9,
            1.0688263074598581e-7,
            0.9999998211860657
          ]
        },
        {
          "action_values_bb": [
            0.0,
            -0.6629216074943542,
            -0.357455849647522,
            -0.35407334566116333
          ],
          "candidate_probabilities": [
            0.999976396560669,
            7.388799190266582e-7,
            0.00001816884287109133,
            4.7607536544092e-6
          ],
          "class_index": 57,
          "conditional_hand_mass": 0.009049773810439787,
          "expected_action_loss_bb": 8.670034603549999e-6,
          "hand": "76o",
          "probability_on_actions_losing_over_0_1bb": 0.000023668476444527187,
          "reference_expected_action_loss_bb": 6.023915611593583e-8,
          "reference_probabilities": [
            0.9999998211860657,
            5.982034867457742e-9,
            1.2322705345013674e-7,
            3.452760566347024e-8
          ]
        },
        {
          "action_values_bb": [
            0.0,
            -0.6620475649833679,
            -0.3489552438259125,
            -0.3587334156036377
          ],
          "candidate_probabilities": [
            0.9999813437461853,
            7.388799190266582e-7,
            0.00001381057154503651,
            4.184549652563874e-6
          ],
          "class_index": 58,
          "conditional_hand_mass": 0.009049773810439787,
          "expected_action_loss_bb": 6.809582801707385e-6,
          "hand": "86o",
          "probability_on_actions_losing_over_0_1bb": 0.00001873400111662704,
          "reference_expected_action_loss_bb": 6.230529223805342e-8,
          "reference_probabilities": [
            0.9999998211860657,
            5.9820353115469516e-9,
            1.2898873080757767e-7,
            3.7168565114598096e-8
          ]
        },
        {
          "action_values_bb": [
            0.0,
            -0.5991902351379395,
            -0.3504778742790222,
            -0.35771751403808594
          ],
          "candidate_probabilities": [
            0.9999784827232361,
            1.2412813248374732e-6,
            0.00001551124660181813,
            4.794315373146674e-6
          ],
          "class_index": 59,
          "conditional_hand_mass": 0.009049773810439787,
          "expected_action_loss_bb": 7.89512296212123e-6,
          "hand": "96o",
          "probability_on_actions_losing_over_0_1bb": 0.000021546843299802276,
          "reference_expected_action_loss_bb": 6.628072702300136e-8,
          "reference_probabilities": [
            0.9999997615814209,
            8.989842648077229e-9,
            1.3265778875393153e-7,
            4.0256573186070455e-8
          ]
        },
        {
          "action_values_bb": [
            0.0,
            -0.5268987417221069,
            -0.33809036016464233,
            -0.3431687355041504
          ],
          "candidate_probabilities": [
            0.99997478723526,
            2.9829459435859462e-6,
            0.00001676597457844764,
            5.471068106999155e-6
          ],
          "class_index": 60,
          "conditional_hand_mass": 0.009049773810439787,
          "expected_action_loss_bb": 9.117624372175084e-6,
          "hand": "T6o",
          "probability_on_actions_losing_over_0_1bb": 0.00002521998862903274,
          "reference_expected_action_loss_bb": 7.25293827468694e-8,
          "reference_probabilities": [
            0.9999997615814209,
            2.6797749796969583e-8,
            1.286777546738449e-7,
            4.343336712508972e-8
          ]
        },
        {
          "action_values_bb": [
            0.0,
            -0.4819764792919159,
            -0.2998238801956177,
            -0.3003678321838379
          ],
          "candidate_probabilities": [
            0.9999737739562988,
            3.9537039810966235e-6,
            0.000015702124073868617,
            6.546057193190791e-6
          ],
          "class_index": 61,
          "conditional_hand_mass": 0.009049773810439787,
          "expected_action_loss_bb": 8.579689100581827e-6,
          "hand": "J6o",
          "probability_on_actions_losing_over_0_1bb": 0.00002620188524815603,
          "reference_expected_action_loss_bb": 7.116936556545611e-8,
          "reference_probabilities": [
            0.9999997615814209,
            3.354222855023181e-8,
            1.3326517489531398e-7,
            5.009430736890863e-8
          ]
        },
        {
          "action_values_bb": [
            0.0,
            -0.30421897768974304,
            -0.1456504613161087,
            -0.13040034472942352
          ],
          "candidate_probabilities": [
            0.9999533295631409,
            4.526094926404767e-6,
            0.00003138395550195128,
            0.000010712392395362258
          ],
          "class_index": 62,
          "conditional_hand_mass": 0.009049773810439787,
          "expected_action_loss_bb": 7.344911229453116e-6,
          "hand": "Q6o",
          "probability_on_actions_losing_over_0_1bb": 0.0000466224428237183,
          "reference_expected_action_loss_bb": 7.313728663103407e-8,
          "reference_probabilities": [
            0.9999995827674866,
            3.345834542756165e-8,
            3.529009973135544e-7,
            8.863803202530107e-8
          ]
        },
        {
          "action_values_bb": [
            0.0,
            -0.17928525805473328,
            0.03219173848628998,
            0.06844259798526764
          ],
          "candidate_probabilities": [
            7.388799190266582e-7,
            1.295988226956979e-6,
            0.00012952250835951418,
            0.9998684525489807
          ],
          "class_index": 63,
          "conditional_hand_mass": 0.009049773810439787,
          "expected_action_loss_bb": 5.066925498670371e-6,
          "hand": "K6o",
          "probability_on_actions_losing_over_0_1bb": 1.295988226956979e-6,
          "reference_expected_action_loss_bb": 4.857620855498609e-8,
          "reference_probabilities": [
            5.982043749241939e-9,
            1.7257510975809964e-8,
            1.210774485116417e-6,
            0.9999987483024597
          ]
        },
        {
          "action_values_bb": [
            0.0,
            -0.33232951164245605,
            0.2023157924413681,
            0.3391668200492859
          ],
          "candidate_probabilities": [
            7.388799190266582e-7,
            2.0316069822001737e-6,
            0.000019700064513017423,
            0.9999775886535645
          ],
          "class_index": 64,
          "conditional_hand_mass": 0.009049773810439787,
          "expected_action_loss_bb": 4.310794261070001e-6,
          "hand": "A6o",
          "probability_on_actions_losing_over_0_1bb": 0.000022470551414244255,
          "reference_expected_action_loss_bb": 2.6514885047539965e-8,
          "reference_probabilities": [
            5.982034867457742e-9,
            5.982034867457742e-9,
            1.4957186067476869e-7,
            0.9999998211860657
          ]
        },
        {
          "action_values_bb": [
            0.0,
            -0.7889707088470459,
            -0.5621793270111084,
            -0.5459786653518677
          ],
          "candidate_probabilities": [
            0.9999917149543762,
            7.388798621832393e-7,
            6.718299573549302e-6,
            8.182213946383854e-7
          ],
          "class_index": 65,
          "conditional_hand_mass": 0.0030165911925363843,
          "expected_action_loss_bb": 4.806575126543491e-6,
          "hand": "72s",
          "probability_on_actions_losing_over_0_1bb": 8.275400830370927e-6,
          "reference_expected_action_loss_bb": 4.517414800855825e-8,
          "reference_probabilities": [
            1.0,
            5.9820353115469516e-9,
            5.702480976310653e-8,
            1.5378491369233416e-8
          ]
        },
        {
          "action_values_bb": [
            0.0,
            -0.6992249488830566,
            -0.42189082503318787,
            -0.42584747076034546
          ],
          "candidate_probabilities": [
            0.9999797940254211,
            7.388797484964016e-7,
            0.000015603296560584567,
            3.8031496387702646e-6
          ],
          "class_index": 66,
          "conditional_hand_mass": 0.0030165911925363843,
          "expected_action_loss_bb": 8.719092468149087e-6,
          "hand": "73s",
          "probability_on_actions_losing_over_0_1bb": 0.000020145325947851234,
          "reference_expected_action_loss_bb": 5.549906810919636e-8,
          "reference_probabilities": [
            0.9999998807907104,
            5.9820353115469516e-9,
            9.503033027158381e-8,
            2.6356515192560437e-8
          ]
        },
        {
          "action_values_bb": [
            0.0,
            -0.6991556882858276,
            -0.4145474433898926,
            -0.3713998794555664
          ],
          "candidate_probabilities": [
            0.9999805688858032,
            7.388798053398205e-7,
            0.00001462409727537306,
            4.06344634029665e-6
          ],
          "class_index": 67,
          "conditional_hand_mass": 0.0030165911925363843,
          "expected_action_loss_bb": 8.088137637214195e-6,
          "hand": "74s",
          "probability_on_actions_losing_over_0_1bb": 0.00001942642342100953,
          "reference_expected_action_loss_bb": 5.7606305313823895e-8,
          "reference_probabilities": [
            0.9999998807907104,
            5.9820353115469516e-9,
            1.0171923037205488e-7,
            3.030826078997961e-8
          ]
        },
        {
          "action_values_bb": [
            0.0,
            -0.641559362411499,
            -0.3185536861419678,
            -0.27260035276412964
          ],
          "candidate_probabilities": [
            0.9999762177467346,
            7.388799190266582e-7,
            0.000017923268387676217,
            5.08757466377574e-6
          ],
          "class_index": 68,
          "conditional_hand_mass": 0.0030165911925363843,
          "expected_action_loss_bb": 7.57043319041458e-6,
          "hand": "75s",
          "probability_on_actions_losing_over_0_1bb": 0.000023749722970478615,
          "reference_expected_action_loss_bb": 5.6542020062861674e-8,
          "reference_probabilities": [
            0.9999998807907104,
            5.982036199725371e-9,
            1.3210014060405229e-7,
            3.896987621487824e-8
          ]
        },
        {
          "action_values_bb": [
            0.0,
            -0.5631964206695557,
            -0.19763289391994476,
            -0.1638379842042923
          ],
          "candidate_probabilities": [
            0.9999750256538391,
            7.388798621832393e-7,
            0.00001850849002948962,
            5.657338533637812e-6
          ],
          "class_index": 69,
          "conditional_hand_mass": 0.0030165911925363843,
          "expected_action_loss_bb": 5.000907881615379e-6,
          "hand": "76s",
          "probability_on_actions_losing_over_0_1bb": 0.000024904708425310673,
          "reference_expected_action_loss_bb": 5.680523295095548e-8,
          "reference_probabilities": [
            0.9999997615814209,
            5.982036199725371e-9,
            2.2747578043436079e-7,
            5.175524364631201e-8
          ]
        },
        {
          "action_values_bb": [
            0.0,
            -0.039991334080696106,
            0.6740329265594482,
            0.8902177214622498
          ],
          "candidate_probabilities": [
            7.388800895569148e-7,
            7.388800895569148e-7,
            0.000011082619494118262,
            0.9999873638153076
          ],
          "class_index": 70,
          "conditional_hand_mass": 0.0045248869052198935,
          "expected_action_loss_bb": 3.740970922347151e-6,
          "hand": "77",
          "probability_on_actions_losing_over_0_1bb": 0.000012560379673232092,
          "reference_expected_action_loss_bb": 3.084912203830212e-8,
          "reference_probabilities": [
            5.982034423368532e-9,
            5.982034423368532e-9,
            9.232502407030552e-8,
            0.9999999403953552
          ]
        },
        {
          "action_values_bb": [
            0.0,
            -0.5301066637039185,
            -0.2957133948802948,
            -0.27659106254577637
          ],
          "candidate_probabilities": [
            0.999975860118866,
            1.961020643648226e-6,
            0.000016904587027966045,
            5.304160367813893e-6
          ],
          "class_index": 71,
          "conditional_hand_mass": 0.009049773810439787,
          "expected_action_loss_bb": 7.505546281994944e-6,
          "hand": "87o",
          "probability_on_actions_losing_over_0_1bb": 0.000024169768039428163,
          "reference_expected_action_loss_bb": 5.944860808865931e-8,
          "reference_probabilities": [
            0.9999997615814209,
            1.0724264143391338e-8,
            1.4130974079762382e-7,
            4.330010128228423e-8
          ]
        },
        {
          "action_values_bb": [
            0.0,
            -0.48578065633773804,
            -0.3039810061454773,
            -0.2820149064064026
          ],
          "candidate_probabilities": [
            0.9999755620956421,
            3.804843800025992e-6,
            0.000015295763660105877,
            5.3202784329187125e-6
          ],
          "class_index": 72,
          "conditional_hand_mass": 0.009049773810439787,
          "expected_action_loss_bb": 7.998338969917185e-6,
          "hand": "97o",
          "probability_on_actions_losing_over_0_1bb": 0.00002442088589305058,
          "reference_expected_action_loss_bb": 6.453662021595639e-8,
          "reference_probabilities": [
            0.9999997615814209,
            2.288565781327634e-8,
            1.3453525582463044e-7,
            4.4405624066712335e-8
          ]
        },
        {
          "action_values_bb": [
            0.0,
            -0.44315311312675476,
            -0.26582375168800354,
            -0.24912112951278687
          ],
          "candidate_probabilities": [
            0.9999738931655884,
            4.272307705832645e-6,
            0.000015196503227343783,
            6.6066227191186044e-6
          ],
          "class_index": 73,
          "conditional_hand_mass": 0.009049773810439787,
          "expected_action_loss_bb": 7.5787272745582045e-6,
          "hand": "T7o",
          "probability_on_actions_losing_over_0_1bb": 0.000026075433652295033,
          "reference_expected_action_loss_bb": 6.937050211474857e-8,
          "reference_probabilities": [
            0.9999997615814209,
            3.152853977894665e-8,
            1.5768358707646257e-7,
            5.412021408801593e-8
          ]
        },
        {
          "action_values_bb": [
            0.0,
            -0.39846891164779663,
            -0.22905749082565308,
            -0.20651158690452576
          ],
          "candidate_probabilities": [
            0.9999703168869019,
            5.283066002448322e-6,
            0.00001649445403018035,
            7.95791856944561e-6
          ],
          "class_index": 74,
          "conditional_hand_mass": 0.009049773810439787,
          "expected_action_loss_bb": 7.526718205084457e-6,
          "hand": "J7o",
          "probability_on_actions_losing_over_0_1bb": 0.000029735438602074282,
          "reference_expected_action_loss_bb": 7.536492660082671e-8,
          "reference_probabilities": [
            0.9999997019767761,
            3.785845592574333e-8,
            2.0242556786342902e-7,
            6.736869551104974e-8
          ]
        },
        {
          "action_values_bb": [
            0.0,
            -0.3078506290912628,
            -0.14936840534210205,
            -0.11352020502090454
          ],
          "candidate_probabilities": [
            0.9999440312385559,
            4.96791972182109e-6,
            0.000038486512494273484,
            0.000012483503269322682
          ],
          "class_index": 75,
          "conditional_hand_mass": 0.009049773810439787,
          "expected_action_loss_bb": 8.695176060598674e-6,
          "hand": "Q7o",
          "probability_on_actions_losing_over_0_1bb": 0.000055937935485417256,
          "reference_expected_action_loss_bb": 6.586067963464257e-8,
          "reference_probabilities": [
            0.9999997019767761,
            3.949471860664744e-8,
            2.7362372634343046e-7,
            1.1303244207283569e-7
          ]
        },
        {
          "action_values_bb": [
            0.0,
            -0.14219292998313904,
            0.05000942945480347,
            0.10765789449214935
          ],
          "candidate_probabilities": [
            7.388798053398205e-7,
            3.3852950309665175e-6,
            0.00006029278301866725,
            0.9999355673789978
          ],
          "class_index": 76,
          "conditional_hand_mass": 0.009049773810439787,
          "expected_action_loss_bb": 4.401151392560656e-6,
          "hand": "K7o",
          "probability_on_actions_losing_over_0_1bb": 4.124174836306338e-6,
          "reference_expected_action_loss_bb": 3.4155540806418264e-8,
          "reference_probabilities": [
            5.98204064061747e-9,
            2.072141214171097e-8,
            4.915007707495533e-7,
            0.999999463558197
          ]
        },
        {
          "action_values_bb": [
            0.0,
            -0.33208104968070984,
            0.2060558795928955,
            0.3938290476799011
          ],
          "candidate_probabilities": [
            7.38879975870077e-7,
            2.6094658096553758e-6,
            0.000013202772606746294,
            0.9999834299087524
          ],
          "class_index": 77,
          "conditional_hand_mass": 0.009049773810439787,
          "expected_action_loss_bb": 4.664356417093865e-6,
          "hand": "A7o",
          "probability_on_actions_losing_over_0_1bb": 0.000016551118392271746,
          "reference_expected_action_loss_bb": 2.747855443444402e-8,
          "reference_probabilities": [
            5.982034423368532e-9,
            5.982034423368532e-9,
            1.106666971395498e-7,
            0.9999998211860657
          ]
        },
        {
          "action_values_bb": [
            0.0,
            -0.7114129066467285,
            -0.4374973475933075,
            -0.4528447985649109
          ],
          "candidate_probabilities": [
            0.999983012676239,
            7.388797484964016e-7,
            0.00001283050369238481,
            3.455230626059347e-6
          ],
          "class_index": 78,
          "conditional_hand_mass": 0.0030165911925363843,
          "expected_action_loss_bb": 7.703643140097877e-6,
          "hand": "82s",
          "probability_on_actions_losing_over_0_1bb": 0.000017024614066940558,
          "reference_expected_action_loss_bb": 5.740773494067823e-8,
          "reference_probabilities": [
            0.9999998807907104,
            5.9820353115469516e-9,
            9.408895351725732e-8,
            2.6473463421439192e-8
          ]
        },
        {
          "action_values_bb": [
            0.0,
            -0.6948227882385254,
            -0.4108303487300873,
            -0.4372028708457947
          ],
          "candidate_probabilities": [
            0.9999767541885376,
            7.388797484964016e-7,
            0.000018097340216627344,
            4.390333288029069e-6
          ],
          "class_index": 79,
          "conditional_hand_mass": 0.0030165911925363843,
          "expected_action_loss_bb": 9.867793396803462e-6,
          "hand": "83s",
          "probability_on_actions_losing_over_0_1bb": 0.000023226553253152815,
          "reference_expected_action_loss_bb": 6.006704197272983e-8,
          "reference_probabilities": [
            0.9999998807907104,
            5.9820353115469516e-9,
            1.0525739924105437e-7,
            2.8974314503216192e-8
          ]
        },
        {
          "action_values_bb": [
            0.0,
            -0.657551646232605,
            -0.3492652177810669,
            -0.3467234969139099
          ],
          "candidate_probabilities": [
            0.9999805688858032,
            7.388798053398205e-7,
            0.000014457536053669173,
            4.223111318424344e-6
          ],
          "class_index": 80,
          "conditional_hand_mass": 0.0030165911925363843,
          "expected_action_loss_bb": 6.999618034912417e-6,
          "hand": "84s",
          "probability_on_actions_losing_over_0_1bb": 0.000019419527177433338,
          "reference_expected_action_loss_bb": 6.035359214481096e-8,
          "reference_probabilities": [
            0.9999998807907104,
            5.982036199725371e-9,
            1.2597797649505083e-7,
            3.5822115052042136e-8
          ]
        },
        {
          "action_values_bb": [
            0.0,
            -0.5976123809814453,
            -0.2516278922557831,
            -0.24656856060028076
          ],
          "candidate_probabilities": [
            0.9999483823776245,
            7.388798053398205e-7,
            0.00004523027746472508,
            5.688852979801595e-6
          ],
          "class_index": 81,
          "conditional_hand_mass": 0.0030165911925363843,
          "expected_action_loss_bb": 0.00001322545539501755,
          "hand": "85s",
          "probability_on_actions_losing_over_0_1bb": 0.00005165801024986649,
          "reference_expected_action_loss_bb": 5.705145518867493e-8,
          "reference_probabilities": [
            0.9999998807907104,
            5.982036199725371e-9,
            1.6971014815680974e-7,
            4.3690523199302334e-8
          ]
        },
        {
          "action_values_bb": [
            0.0,
            -0.5717160105705261,
            -0.20433589816093445,
            -0.1772732138633728
          ],
          "candidate_probabilities": [
            0.9999483823776245,
            7.388798053398205e-7,
            0.00004384108615340665,
            6.991005648160353e-6
          ],
          "class_index": 82,
          "conditional_hand_mass": 0.0030165911925363843,
          "expected_action_loss_bb": 0.000010620055169493641,
          "hand": "86s",
          "probability_on_actions_losing_over_0_1bb": 0.000051570971606906824,
          "reference_expected_action_loss_bb": 5.7523859408902426e-8,
          "reference_probabilities": [
            0.9999997615814209,
            5.982036199725371e-9,
            2.170109638655049e-7,
            5.506022660028975e-8
          ]
        },
        {
          "action_values_bb": [
            0.0,
            -0.5138518810272217,
            -0.11320401728153229,
            -0.07995758205652237
          ],
          "candidate_probabilities": [
            0.9998162388801575,
            7.388798621832393e-7,
            0.00017326473607681692,
            9.776485057955142e-6
          ],
          "class_index": 83,
          "conditional_hand_mass": 0.0030165911925363843,
          "expected_action_loss_bb": 0.000020775643090401918,
          "hand": "87s",
          "probability_on_actions_losing_over_0_1bb": 0.00017400361593900016,
          "reference_expected_action_loss_bb": 6.437551376890461e-8,
          "reference_probabilities": [
            0.9999994039535522,
            5.98203886426063e-9,
            4.865166829404188e-7,
            7.786614730775909e-8
          ]
        },
        {
          "action_values_bb": [
            0.0,
            0.06588518619537354,
            0.828029990196228,
            1.0616958141326904
          ],
          "candidate_probabilities": [
            7.388799190266582e-7,
            7.388799190266582e-7,
            0.00001024071480060229,
            0.9999882578849792
          ],
          "class_index": 84,
          "conditional_hand_mass": 0.0045248869052198935,
          "expected_action_loss_bb": 3.913155254894574e-6,
          "hand": "88",
          "probability_on_actions_losing_over_0_1bb": 0.000011718474638655607,
          "reference_expected_action_loss_bb": 3.203513812342928e-8,
          "reference_probabilities": [
            5.982034423368532e-9,
            5.982034423368532e-9,
            8.44242578068588e-8,
            0.9999999403953552
          ]
        },
        {
          "action_values_bb": [
            0.0,
            -0.3784050941467285,
            -0.20063869655132294,
            -0.18217869102954865
          ],
          "candidate_probabilities": [
            0.9999497532844543,
            1.915544089570176e-6,
            0.00004039175473735668,
            7.986157470440958e-6
          ],
          "class_index": 85,
          "conditional_hand_mass": 0.009049773810439787,
          "expected_action_loss_bb": 0.000010283908377800764,
          "hand": "98o",
          "probability_on_actions_losing_over_0_1bb": 0.00005029345629736781,
          "reference_expected_action_loss_bb": 6.561783880701177e-8,
          "reference_probabilities": [
            0.9999997019767761,
            2.2052118353599326e-8,
            2.2650408482149942e-7,
            6.492373216815395e-8
          ]
        },
        {
          "action_values_bb": [
            0.0,
            -0.3128305673599243,
            -0.14554347097873688,
            -0.14389044046401978
          ],
          "candidate_probabilities": [
            0.9999607801437378,
            4.101417289348319e-6,
            0.00002590541771496646,
            9.280635822506156e-6
          ],
          "class_index": 86,
          "conditional_hand_mass": 0.009049773810439787,
          "expected_action_loss_bb": 6.388807885283486e-6,
          "hand": "T8o",
          "probability_on_actions_losing_over_0_1bb": 0.000039287470826820936,
          "reference_expected_action_loss_bb": 6.88519146242052e-8,
          "reference_probabilities": [
            0.9999995827674866,
            2.7403002533787912e-8,
            3.351841826315649e-7,
            7.989098094185465e-8
          ]
        },
        {
          "action_values_bb": [
            0.0,
            -0.2542538642883301,
            -0.10596321523189545,
            -0.09456893801689148
          ],
          "candidate_probabilities": [
            0.9999480843544006,
            4.863385584030766e-6,
            0.00003356948946020566,
            0.000013521952496375889
          ],
          "class_index": 87,
          "conditional_hand_mass": 0.009049773810439787,
          "expected_action_loss_bb": 6.07242230265772e-6,
          "hand": "J8o",
          "probability_on_actions_losing_over_0_1bb": 0.000038432875044236425,
          "reference_expected_action_loss_bb": 8.238998371602387e-8,
          "reference_probabilities": [
            0.9999992847442627,
            3.5252259777962536e-8,
            5.980062383059703e-7,
            1.0638056124889772e-7
          ]
        },
        {
          "action_values_bb": [
            0.0,
            -0.18441537022590637,
            -0.03167272359132767,
            0.0014659762382507324
          ],
          "candidate_probabilities": [
            0.15593545138835907,
            5.455987775349058e-6,
            0.0026473149191588163,
            0.8414117097854614
          ],
          "class_index": 88,
          "conditional_hand_mass": 0.009049773810439787,
          "expected_action_loss_bb": 0.00031734040725057907,
          "hand": "Q8o",
          "probability_on_actions_losing_over_0_1bb": 5.455987775349058e-6,
          "reference_expected_action_loss_bb": 2.5139004816333447e-7,
          "reference_probabilities": [
            0.00014246632053982466,
            3.472362308798438e-8,
            1.0888578572121332e-6,
            0.9998564124107361
          ]
        },
        {
          "action_values_bb": [
            0.0,
            -0.36219245195388794,
            0.1439952701330185,
            0.1953878104686737
          ],
          "candidate_probabilities": [
            7.38879975870077e-7,
            7.38879975870077e-7,
            0.0002861047687474638,
            0.9997124671936035
          ],
          "class_index": 89,
          "conditional_hand_mass": 0.009049773810439787,
          "expected_action_loss_bb": 0.000015260003899606156,
          "hand": "K8o",
          "probability_on_actions_losing_over_0_1bb": 1.477759951740154e-6,
          "reference_expected_action_loss_bb": 3.169284001537208e-8,
          "reference_probabilities": [
            5.98204064061747e-9,
            5.98204064061747e-9,
            5.290369813337747e-7,
            0.999999463558197
          ]
        },
        {
          "action_values_bb": [
            0.0,
            -0.26762187480926514,
            0.30271512269973755,
            0.5102850198745728
          ],
          "candidate_probabilities": [
            7.388799190266582e-7,
            7.388799190266582e-7,
            0.000015555193385807797,
            0.9999828934669495
          ],
          "class_index": 90,
          "conditional_hand_mass": 0.009049773810439787,
          "expected_action_loss_bb": 4.180609029146515e-6,
          "hand": "A8o",
          "probability_on_actions_losing_over_0_1bb": 0.000017032953223861114,
          "reference_expected_action_loss_bb": 2.880958902633679e-8,
          "reference_probabilities": [
            5.982034423368532e-9,
            5.982034423368532e-9,
            1.016697552813639e-7,
            0.9999999403953552
          ]
        },
        {
          "action_values_bb": [
            0.0,
            -0.7059627175331116,
            -0.4213981032371521,
            -0.41506892442703247
          ],
          "candidate_probabilities": [
            0.9999827742576599,
            7.388796916529827e-7,
            0.00001256854011444375,
            3.85203793484834e-6
          ],
          "class_index": 91,
          "conditional_hand_mass": 0.0030165911925363843,
          "expected_action_loss_bb": 7.41684172220565e-6,
          "hand": "92s",
          "probability_on_actions_losing_over_0_1bb": 0.000017159457740945072,
          "reference_expected_action_loss_bb": 6.280272648592744e-8,
          "reference_probabilities": [
            0.9999998807907104,
            5.982036199725371e-9,
            1.0752636825372974e-7,
            3.1966315816589486e-8
          ]
        },
        {
          "action_values_bb": [
            0.0,
            -0.6178027391433716,
            -0.29041028022766113,
            -0.3306540846824646
          ],
          "candidate_probabilities": [
            0.999974250793457,
            7.388798053398205e-7,
            0.000019961162252002396,
            5.096952918393072e-6
          ],
          "class_index": 92,
          "conditional_hand_mass": 0.0030165911925363843,
          "expected_action_loss_bb": 7.938736992811367e-6,
          "hand": "93s",
          "probability_on_actions_losing_over_0_1bb": 0.000025796994975735288,
          "reference_expected_action_loss_bb": 5.984087270115447e-8,
          "reference_probabilities": [
            0.9999998807907104,
            5.982036199725371e-9,
            1.4706158424360183e-7,
            4.063750935756616e-8
          ]
        },
        {
          "action_values_bb": [
            0.0,
            -0.6673769950866699,
            -0.35854288935661316,
            -0.35106557607650757
          ],
          "candidate_probabilities": [
            0.9999809861183167,
            7.388797484964016e-7,
            0.000013865987966710236,
            4.3567392822296824e-6
          ],
          "class_index": 93,
          "conditional_hand_mass": 0.0030165911925363843,
          "expected_action_loss_bb": 6.994163921581354e-6,
          "hand": "94s",
          "probability_on_actions_losing_over_0_1bb": 0.00001896160699743632,
          "reference_expected_action_loss_bb": 6.298148186680134e-8,
          "reference_probabilities": [
            0.9999998807907104,
            5.982036199725371e-9,
            1.273091925213521e-7,
            3.800829162514674e-8
          ]
        },
        {
          "action_values_bb": [
            0.0,
            -0.5970669984817505,
            -0.24817711114883423,
            -0.2437863051891327
          ],
          "candidate_probabilities": [
            0.9999647736549377,
            7.388798053398205e-7,
            0.000028597421987797134,
            5.8497093959886115e-6
          ],
          "class_index": 94,
          "conditional_hand_mass": 0.0030165911925363843,
          "expected_action_loss_bb": 8.964465362926888e-6,
          "hand": "95s",
          "probability_on_actions_losing_over_0_1bb": 0.000035186011189125566,
          "reference_expected_action_loss_bb": 5.92580748958074e-8,
          "reference_probabilities": [
            0.9999997615814209,
            5.9820353115469516e-9,
            1.8007638402650628e-7,
            4.5103281109959426e-8
          ]
        },
        {
          "action_values_bb": [
            0.0,
            -0.49520742893218994,
            -0.1892264187335968,
            -0.16811421513557434
          ],
          "candidate_probabilities": [
            0.9999006390571594,
            7.388798621832393e-7,
            0.0000902259853319265,
            8.329787306138314e-6
          ],
          "class_index": 95,
          "conditional_hand_mass": 0.0030165911925363843,
          "expected_action_loss_bb": 0.00001883939453312973,
          "hand": "96s",
          "probability_on_actions_losing_over_0_1bb": 0.00009929465250024805,
          "reference_expected_action_loss_bb": 6.010895626077206e-8,
          "reference_probabilities": [
            0.9999996423721313,
            7.878731445032372e-9,
            2.4138950038832263e-7,
            6.26364595746054e-8
          ]
        },
        {
          "action_values_bb": [
            0.0,
            -0.3376668095588684,
            -0.13544827699661255,
            -0.09064387530088425
          ],
          "candidate_probabilities": [
            0.9999659061431885,
            3.7216664168227e-6,
            0.00002151565240637865,
            8.898013220459688e-6
          ],
          "class_index": 96,
          "conditional_hand_mass": 0.0030165911925363843,
          "expected_action_loss_bb": 4.977491672893883e-6,
          "hand": "97s",
          "probability_on_actions_losing_over_0_1bb": 0.00002523731882320135,
          "reference_expected_action_loss_bb": 5.6118764362998106e-8,
          "reference_probabilities": [
            0.9999995231628418,
            1.6100123900741892e-8,
            3.199652098828665e-7,
            8.101540771576765e-8
          ]
        },
        {
          "action_values_bb": [
            0.0,
            -0.4289267957210541,
            0.024287138134241104,
            0.03058241307735443
          ],
          "candidate_probabilities": [
            7.388799190266582e-7,
            7.388799190266582e-7,
            0.999984860420227,
            0.000013663878235092852
          ],
          "class_index": 97,
          "conditional_hand_mass": 0.0030165911925363843,
          "expected_action_loss_bb": 0.0062955417541540205,
          "hand": "98s",
          "probability_on_actions_losing_over_0_1bb": 7.388799190266582e-7,
          "reference_expected_action_loss_bb": 4.3322265550092084e-7,
          "reference_probabilities": [
            5.982041972885099e-9,
            5.982041972885099e-9,
            0.00006835140811745077,
            0.9999316334724426
          ]
        },
        {
          "action_values_bb": [
            0.0,
            0.1826009452342987,
            1.0191172361373901,
            1.2446744441986084
          ],
          "candidate_probabilities": [
            7.388799190266582e-7,
            7.388799190266582e-7,
            8.72356667969143e-6,
            0.9999897480010986
          ],
          "class_index": 98,
          "conditional_hand_mass": 0.0045248869052198935,
          "expected_action_loss_bb": 3.672073078066198e-6,
          "hand": "99",
          "probability_on_actions_losing_over_0_1bb": 0.000010201326517744747,
          "reference_expected_action_loss_bb": 3.1007802471917013e-8,
          "reference_probabilities": [
            5.982033979279322e-9,
            5.982033979279322e-9,
            7.629442677625775e-8,
            0.9999999403953552
          ]
        },
        {
          "action_values_bb": [
            0.0,
            -0.2191813588142395,
            -0.056707076728343964,
            -0.04560708999633789
          ],
          "candidate_probabilities": [
            0.999742329120636,
            3.2125840334629174e-6,
            0.00023830424470361322,
            0.00001618876376596745
          ],
          "class_index": 99,
          "conditional_hand_mass": 0.009049773810439787,
          "expected_action_loss_bb": 0.000014955998028861115,
          "hand": "T9o",
          "probability_on_actions_losing_over_0_1bb": 3.2125840334629174e-6,
          "reference_expected_action_loss_bb": 9.071543448602816e-8,
          "reference_probabilities": [
            0.9999985098838806,
            2.6239883155199095e-8,
            1.378524075335008e-6,
            1.4892576416514203e-7
          ]
        },
        {
          "action_values_bb": [
            0.0,
            -0.17363868653774261,
            -0.024249158799648285,
            -0.0019626617431640625
          ],
          "candidate_probabilities": [
            0.37618541717529297,
            4.983383405487984e-6,
            0.00006467407365562394,
            0.6237449049949646
          ],
          "class_index": 100,
          "conditional_hand_mass": 0.009049773810439787,
          "expected_action_loss_bb": 0.001226633862558458,
          "hand": "J9o",
          "probability_on_actions_losing_over_0_1bb": 4.983383405487984e-6,
          "reference_expected_action_loss_bb": 1.450733498927797e-6,
          "reference_probabilities": [
            0.9992881417274475,
            3.3644074193261986e-8,
            2.1439916508825263e-6,
            0.0007097002817317843
          ]
        },
        {
          "action_values_bb": [
            0.0,
            -0.1273740828037262,
            0.09231653064489365,
            0.11653470993041992
          ],
          "candidate_probabilities": [
            7.388798621832393e-7,
            7.388798621832393e-7,
            0.9999645352363586,
            0.00003395434396225028
          ],
          "class_index": 101,
          "conditional_hand_mass": 0.009049773810439787,
          "expected_action_loss_bb": 0.024217586717967664,
          "hand": "Q9o",
          "probability_on_actions_losing_over_0_1bb": 1.4777597243664786e-6,
          "reference_expected_action_loss_bb": 5.586398731851063e-8,
          "reference_probabilities": [
            5.9820504105800865e-9,
            1.624772139052766e-8,
            2.1142757304914994e-6,
            0.9999978542327881
          ]
        },
        {
          "action_values_bb": [
            0.0,
            -0.32107013463974,
            0.21646003425121307,
            0.2999945282936096
          ],
          "candidate_probabilities": [
            7.388798621832393e-7,
            7.388798621832393e-7,
            0.000036387009458849207,
            0.9999621510505676
          ],
          "class_index": 102,
          "conditional_hand_mass": 0.009049773810439787,
          "expected_action_loss_bb": 3.7201225131372473e-6,
          "hand": "K9o",
          "probability_on_actions_losing_over_0_1bb": 1.4777597243664786e-6,
          "reference_expected_action_loss_bb": 2.3399057747133198e-8,
          "reference_probabilities": [
            5.982034867457742e-9,
            5.982034867457742e-9,
            2.141540420552701e-7,
            0.9999997615814209
          ]
        },
        {
          "action_values_bb": [
            0.0,
            -0.2258663922548294,
            0.3718213438987732,
            0.5929872989654541
          ],
          "candidate_probabilities": [
            7.388796348095639e-7,
            7.388796348095639e-7,
            0.000012899477042083163,
            0.9999855756759644
          ],
          "class_index": 103,
          "conditional_hand_mass": 0.009049773810439787,
          "expected_action_loss_bb": 3.896105715110658e-6,
          "hand": "A9o",
          "probability_on_actions_losing_over_0_1bb": 0.00001437723631170229,
          "reference_expected_action_loss_bb": 2.986326618887238e-8,
          "reference_probabilities": [
            5.982034423368532e-9,
            5.982034423368532e-9,
            9.683942892024788e-8,
            0.9999999403953552
          ]
        },
        {
          "action_values_bb": [
            0.0,
            -0.5609884262084961,
            -0.3462124466896057,
            -0.34414446353912354
          ],
          "candidate_probabilities": [
            0.9999827146530151,
            1.8876733065553708e-6,
            0.000011297115634079091,
            4.102796083316207e-6
          ],
          "class_index": 104,
          "conditional_hand_mass": 0.0030165911925363843,
          "expected_action_loss_bb": 6.382119478753477e-6,
          "hand": "T2s",
          "probability_on_actions_losing_over_0_1bb": 0.00001728758502395067,
          "reference_expected_action_loss_bb": 6.623955468474272e-8,
          "reference_probabilities": [
            0.9999998807907104,
            1.359459567140675e-8,
            1.2875231902853557e-7,
            4.0789522870454675e-8
          ]
        },
        {
          "action_values_bb": [
            0.0,
            -0.5236172676086426,
            -0.26678818464279175,
            -0.29063740372657776
          ],
          "candidate_probabilities": [
            0.9999303817749023,
            7.388798053398205e-7,
            0.00006303106783889234,
            5.87378826821805e-6
          ],
          "class_index": 105,
          "conditional_hand_mass": 0.0030165911925363843,
          "expected_action_loss_bb": 0.00001890997696191251,
          "hand": "T3s",
          "probability_on_actions_losing_over_0_1bb": 0.00006964373591245021,
          "reference_expected_action_loss_bb": 5.729642180385725e-8,
          "reference_probabilities": [
            0.9999998807907104,
            9.731884631491994e-9,
            1.4708236051319545e-7,
            4.4594408166176436e-8
          ]
        },
        {
          "action_values_bb": [
            0.0,
            -0.4645361602306366,
            -0.2596605718135834,
            -0.2601800560951233
          ],
          "candidate_probabilities": [
            0.9999752640724182,
            2.6374370918347267e-6,
            0.000016044052244978957,
            6.071736606827471e-6
          ],
          "class_index": 106,
          "conditional_hand_mass": 0.0030165911925363843,
          "expected_action_loss_bb": 6.970937450588188e-6,
          "hand": "T4s",
          "probability_on_actions_losing_over_0_1bb": 0.000024753225943641155,
          "reference_expected_action_loss_bb": 5.98833123404295e-8,
          "reference_probabilities": [
            0.9999998807907104,
            1.554597517383627e-8,
            1.5347444559665746e-7,
            4.9236604127145256e-8
          ]
        },
        {
          "action_values_bb": [
            0.0,
            -0.43143466114997864,
            -0.22267363965511322,
            -0.23138312995433807
          ],
          "candidate_probabilities": [
            0.9999752640724182,
            3.931332230422413e-6,
            0.000014465173990174662,
            6.3227575992641505e-6
          ],
          "class_index": 107,
          "conditional_hand_mass": 0.0030165911925363843,
          "expected_action_loss_bb": 6.380105372597268e-6,
          "hand": "T5s",
          "probability_on_actions_losing_over_0_1bb": 0.000024719263819861226,
          "reference_expected_action_loss_bb": 6.486902517689217e-8,
          "reference_probabilities": [
            0.9999997615814209,
            1.524652759599121e-8,
            2.0579436466050538e-7,
            5.387672175061198e-8
          ]
        },
        {
          "action_values_bb": [
            0.0,
            -0.343866229057312,
            -0.14540520310401917,
            -0.13717037439346313
          ],
          "candidate_probabilities": [
            0.9999430179595947,
            2.4756548100413056e-6,
            0.000045915312512079254,
            8.559085472370498e-6
          ],
          "class_index": 108,
          "conditional_hand_mass": 0.0030165911925363843,
          "expected_action_loss_bb": 8.701672384090609e-6,
          "hand": "T6s",
          "probability_on_actions_losing_over_0_1bb": 0.00005695005279449106,
          "reference_expected_action_loss_bb": 5.8672820615905655e-8,
          "reference_probabilities": [
            0.9999996423721313,
            1.8085628994413128e-8,
            2.9096588605170837e-7,
            7.396516821245314e-8
          ]
        },
        {
          "action_values_bb": [
            0.0,
            -0.258661150932312,
            -0.06349416077136993,
            -0.04134991765022278
          ],
          "candidate_probabilities": [
            0.9999312162399292,
            3.785091166719212e-6,
            0.000054326606914401054,
            0.000010626587936712895
          ],
          "class_index": 109,
          "conditional_hand_mass": 0.0030165911925363843,
          "expected_action_loss_bb": 4.867886887239246e-6,
          "hand": "T7s",
          "probability_on_actions_losing_over_0_1bb": 3.785091166719212e-6,
          "reference_expected_action_loss_bb": 7.924429638199913e-8,
          "reference_probabilities": [
            0.9999988079071045,
            1.8144865165936608e-8,
            1.1059471489716088e-6,
            1.047097271111852e-7
          ]
        },
        {
          "action_values_bb": [
            0.0,
            -0.410209059715271,
            0.05983109027147293,
            0.05975160002708435
          ],
          "candidate_probabilities": [
            7.388797484964016e-7,
            7.388797484964016e-7,
            0.9999818801879883,
            0.00001658098517509643
          ],
          "class_index": 110,
          "conditional_hand_mass": 0.0030165911925363843,
          "expected_action_loss_bb": 3.928291553012395e-7,
          "hand": "T8s",
          "probability_on_actions_losing_over_0_1bb": 7.388797484964016e-7,
          "reference_expected_action_loss_bb": 0.00006114328218811423,
          "reference_probabilities": [
            5.98204064061747e-9,
            5.98204064061747e-9,
            0.2308475822210312,
            0.7691524028778076
          ]
        },
        {
          "action_values_bb": [
            0.0,
            -0.3700723648071289,
            0.12366368621587753,
            0.14051468670368195
          ],
          "candidate_probabilities": [
            7.388796916529827e-7,
            7.388796916529827e-7,
            0.11947526037693024,
            0.8805232644081116
          ],
          "class_index": 111,
          "conditional_hand_mass": 0.0030165911925363843,
          "expected_action_loss_bb": 0.0020137587567437775,
          "hand": "T9s",
          "probability_on_actions_losing_over_0_1bb": 1.4777593833059655e-6,
          "reference_expected_action_loss_bb": 1.461790154220903e-7,
          "reference_probabilities": [
            5.98204108470668e-9,
            5.98204108470668e-9,
            8.44365877128439e-6,
            0.9999915957450867
          ]
        },
        {
          "action_values_bb": [
            0.0,
            0.2851158380508423,
            1.1769744157791138,
            1.4290547370910645
          ],
          "candidate_probabilities": [
            7.388798621832393e-7,
            7.388798621832393e-7,
            8.926015652832575e-6,
            0.9999895691871643
          ],
          "class_index": 112,
          "conditional_hand_mass": 0.0045248869052198935,
          "expected_action_loss_bb": 4.151206077064574e-6,
          "hand": "TT",
          "probability_on_actions_losing_over_0_1bb": 0.000010403775377199054,
          "reference_expected_action_loss_bb": 3.1948397309415656e-8,
          "reference_probabilities": [
            5.982033979279322e-9,
            5.982033979279322e-9,
            6.568010491037057e-8,
            0.9999999403953552
          ]
        },
        {
          "action_values_bb": [
            0.0,
            -0.11449805647134781,
            0.10486003756523132,
            0.14317713677883148
          ],
          "candidate_probabilities": [
            7.388798621832393e-7,
            2.5299343633378157e-6,
            0.00012598496687132865,
            0.9998707175254822
          ],
          "class_index": 113,
          "conditional_hand_mass": 0.009049773810439787,
          "expected_action_loss_bb": 5.585070504105104e-6,
          "hand": "JTo",
          "probability_on_actions_losing_over_0_1bb": 3.268814225521055e-6,
          "reference_expected_action_loss_bb": 8.523744322065219e-8,
          "reference_probabilities": [
            5.982049966490877e-9,
            1.5641290929124807e-8,
            2.0969901015632786e-6,
            0.9999978542327881
          ]
        },
        {
          "action_values_bb": [
            0.0,
            -0.3163451552391052,
            0.21336883306503296,
            0.2702208459377289
          ],
          "candidate_probabilities": [
            7.388798621832393e-7,
            7.673677941966162e-7,
            0.00008397497003898025,
            0.9999145269393921
          ],
          "class_index": 114,
          "conditional_hand_mass": 0.009049773810439787,
          "expected_action_loss_bb": 5.423918677519664e-6,
          "hand": "QTo",
          "probability_on_actions_losing_over_0_1bb": 1.5062476563798555e-6,
          "reference_expected_action_loss_bb": 5.1372319416778867e-8,
          "reference_probabilities": [
            5.9820415287958895e-9,
            5.9820415287958895e-9,
            8.134625772981963e-7,
            0.9999992251396179
          ]
        },
        {
          "action_values_bb": [
            0.0,
            -0.24049732089042664,
            0.3389909267425537,
            0.45658382773399353
          ],
          "candidate_probabilities": [
            7.388798621832393e-7,
            7.388798621832393e-7,
            0.00001715378493827302,
            0.9999813437461853
          ],
          "class_index": 115,
          "conditional_hand_mass": 0.009049773810439787,
          "expected_action_loss_bb": 2.8695831526121256e-6,
          "hand": "KTo",
          "probability_on_actions_losing_over_0_1bb": 0.0000186315446626395,
          "reference_expected_action_loss_bb": 2.369547441358844e-8,
          "reference_probabilities": [
            5.982034867457742e-9,
            5.982034867457742e-9,
            1.428165319339314e-7,
            0.9999998211860657
          ]
        },
        {
          "action_values_bb": [
            0.0,
            -0.13916343450546265,
            0.5046528577804565,
            0.7619858384132385
          ],
          "candidate_probabilities": [
            7.388798053398205e-7,
            7.388798053398205e-7,
            9.298427357862238e-6,
            0.9999891519546509
          ],
          "class_index": 116,
          "conditional_hand_mass": 0.009049773810439787,
          "expected_action_loss_bb": 3.6216489745108576e-6,
          "hand": "ATo",
          "probability_on_actions_losing_over_0_1bb": 0.000010776186968541879,
          "reference_expected_action_loss_bb": 3.103467927156608e-8,
          "reference_probabilities": [
            5.982034423368532e-9,
            5.982034423368532e-9,
            8.19395467033246e-8,
            0.9999999403953552
          ]
        },
        {
          "action_values_bb": [
            0.0,
            -0.41629356145858765,
            -0.23322793841362,
            -0.2470223307609558
          ],
          "candidate_probabilities": [
            0.9999760985374451,
            4.375713160698069e-6,
            0.00001289638203161303,
            6.655418019363424e-6
          ],
          "class_index": 117,
          "conditional_hand_mass": 0.0030165911925363843,
          "expected_action_loss_bb": 6.473414681147389e-6,
          "hand": "J2s",
          "probability_on_actions_losing_over_0_1bb": 0.000023927513211674523,
          "reference_expected_action_loss_bb": 6.856609255150823e-8,
          "reference_probabilities": [
            0.9999997615814209,
            2.0543284406926432e-8,
            1.999053154122521e-7,
            5.420785598175826e-8
          ]
        },
        {
          "action_values_bb": [
            0.0,
            -0.4161246418952942,
            -0.23699896037578583,
            -0.23610690236091614
          ],
          "candidate_probabilities": [
            0.9999736547470093,
            3.483337877696613e-6,
            0.000014593777450500056,
            8.2797123468481e-6
          ],
          "class_index": 118,
          "conditional_hand_mass": 0.0030165911925363843,
          "expected_action_loss_bb": 6.863110045334653e-6,
          "hand": "J3s",
          "probability_on_actions_losing_over_0_1bb": 0.00002635682767504477,
          "reference_expected_action_loss_bb": 6.812027518696653e-8,
          "reference_probabilities": [
            0.9999996423721313,
            2.6075531067704105e-8,
            1.8003829893586953e-7,
            6.183942247162122e-8
          ]
        },
        {
          "action_values_bb": [
            0.0,
            -0.36358535289764404,
            -0.18932852149009705,
            -0.18319086730480194
          ],
          "candidate_probabilities": [
            0.9999729990959167,
            4.60676938018878e-6,
            0.000014380299035110511,
            8.04121282271808e-6
          ],
          "class_index": 119,
          "conditional_hand_mass": 0.0030165911925363843,
          "expected_action_loss_bb": 5.87063137689316e-6,
          "hand": "J4s",
          "probability_on_actions_losing_over_0_1bb": 0.00002702828123801737,
          "reference_expected_action_loss_bb": 6.760945265529685e-8,
          "reference_probabilities": [
            0.9999996423721313,
            2.5324295549467024e-8,
            2.400398102508916e-7,
            7.07214695694347e-8
          ]
        },
        {
          "action_values_bb": [
            0.0,
            -0.3091253340244293,
            -0.10267075896263123,
            -0.11322234570980072
          ],
          "candidate_probabilities": [
            7.388798053398205e-7,
            7.388798053398205e-7,
            0.9999856352806091,
            0.000012850639905082062
          ],
          "class_index": 120,
          "conditional_hand_mass": 0.0030165911925363843,
          "expected_action_loss_bb": 0.10267096751204964,
          "hand": "J5s",
          "probability_on_actions_losing_over_0_1bb": 0.9999992248003196,
          "reference_expected_action_loss_bb": 7.376057047577274e-8,
          "reference_probabilities": [
            0.9999992847442627,
            1.6460361962344905e-8,
            5.711297035304597e-7,
            8.862151190669465e-8
          ]
        },
        {
          "action_values_bb": [
            0.0,
            -0.2688564360141754,
            -0.0778379887342453,
            -0.0787012130022049
          ],
          "candidate_probabilities": [
            0.9998161196708679,
            1.0413997415525955e-6,
            0.00016786706692073494,
            0.000014994361663411837
          ],
          "class_index": 121,
          "conditional_hand_mass": 0.0030165911925363843,
          "expected_action_loss_bb": 0.000014526496337911153,
          "hand": "J6s",
          "probability_on_actions_losing_over_0_1bb": 1.0413997415525955e-6,
          "reference_expected_action_loss_bb": 8.462312386113692e-8,
          "reference_probabilities": [
            0.999998927116394,
            1.8988899341820797e-8,
            9.245136993740743e-7,
            9.600295669542902e-8
          ]
        },
        {
          "action_values_bb": [
            0.0,
            -0.20649591088294983,
            -0.0017787963151931763,
            0.01622474193572998
          ],
          "candidate_probabilities": [
            0.9999364018440247,
            5.407973731053062e-6,
            0.000029931195967947133,
            0.000028190974262543023
          ],
          "class_index": 122,
          "conditional_hand_mass": 0.0030165911925363843,
          "expected_action_loss_bb": 0.016225453406933005,
          "hand": "J7s",
          "probability_on_actions_losing_over_0_1bb": 5.407973731053062e-6,
          "reference_expected_action_loss_bb": 1.6282891968483056e-7,
          "reference_probabilities": [
            5.98204064061747e-9,
            1.691525675084904e-8,
            8.829624675854575e-6,
            0.9999911189079285
          ]
        },
        {
          "action_values_bb": [
            0.0,
            -0.3695922791957855,
            0.11798057705163956,
            0.11819937825202942
          ],
          "candidate_probabilities": [
            7.388798621832393e-7,
            7.388798621832393e-7,
            0.652901291847229,
            0.3470972776412964
          ],
          "class_index": 123,
          "conditional_hand_mass": 0.0030165911925363843,
          "expected_action_loss_bb": 0.00014330334096520755,
          "hand": "J8s",
          "probability_on_actions_losing_over_0_1bb": 1.4777597243664786e-6,
          "reference_expected_action_loss_bb": 0.00015283869740568328,
          "reference_probabilities": [
            5.982041972885099e-9,
            5.982041972885099e-9,
            0.6985111236572266,
            0.30148881673812866
          ]
        },
        {
          "action_values_bb": [
            0.0,
            -0.3247058093547821,
            0.14465869963169098,
            0.1801058053970337
          ],
          "candidate_probabilities": [
            7.388798053398205e-7,
            1.6408926057920326e-6,
            0.00013217655941843987,
            0.9998654127120972
          ],
          "class_index": 124,
          "conditional_hand_mass": 0.0030165911925363843,
          "expected_action_loss_bb": 5.646694669801066e-6,
          "hand": "J9s",
          "probability_on_actions_losing_over_0_1bb": 2.379772411131853e-6,
          "reference_expected_action_loss_bb": 8.338548307200004e-8,
          "reference_probabilities": [
            5.982042416974309e-9,
            6.473442670795748e-9,
            2.2298072508419864e-6,
            0.9999977350234985
          ]
        },
        {
          "action_values_bb": [
            0.0,
            -0.2688504457473755,
            0.28274405002593994,
            0.3270200192928314
          ],
          "candidate_probabilities": [
            7.388798053398205e-7,
            7.388798053398205e-7,
            0.00004961618105880916,
            0.9999489188194275
          ],
          "class_index": 125,
          "conditional_hand_mass": 0.0030165911925363843,
          "expected_action_loss_bb": 2.8787096491143255e-6,
          "hand": "JTs",
          "probability_on_actions_losing_over_0_1bb": 1.477759610679641e-6,
          "reference_expected_action_loss_bb": 1.1241068822903339e-7,
          "reference_probabilities": [
            5.982041972885099e-9,
            5.982041972885099e-9,
            2.4141745598171838e-6,
            0.999997615814209
          ]
        },
        {
          "action_values_bb": [
            0.0,
            1.3289597034454346,
            1.340524435043335,
            1.6115288734436035
          ],
          "candidate_probabilities": [
            7.388798621832393e-7,
            7.388798621832393e-7,
            6.298019798123278e-6,
            0.9999922513961792
          ],
          "class_index": 126,
          "conditional_hand_mass": 0.0045248869052198935,
          "expected_action_loss_bb": 3.1063022197239717e-6,
          "hand": "JJ",
          "probability_on_actions_losing_over_0_1bb": 7.775779522489756e-6,
          "reference_expected_action_loss_bb": 3.3181687160089136e-8,
          "reference_probabilities": [
            5.982033979279322e-9,
            2.9651861410684432e-8,
            5.5950245325675496e-8,
            0.9999999403953552
          ]
        },
        {
          "action_values_bb": [
            0.0,
            -0.2805478572845459,
            0.2680855095386505,
            0.3468780517578125
          ],
          "candidate_probabilities": [
            7.388799190266582e-7,
            7.388799190266582e-7,
            0.00007321495650103316,
            0.9999253153800964
          ],
          "class_index": 127,
          "conditional_hand_mass": 0.009049773810439787,
          "expected_action_loss_bb": 6.488686182845146e-6,
          "hand": "QJo",
          "probability_on_actions_losing_over_0_1bb": 1.4777598380533163e-6,
          "reference_expected_action_loss_bb": 3.824969173785533e-8,
          "reference_probabilities": [
            5.982037976082211e-9,
            5.982037976082211e-9,
            4.114776288588473e-7,
            0.9999995827674866
          ]
        },
        {
          "action_values_bb": [
            0.0,
            -0.19561293721199036,
            0.4064967930316925,
            0.5431444644927979
          ],
          "candidate_probabilities": [
            7.388798053398205e-7,
            7.388798053398205e-7,
            0.000013111302905599587,
            0.99998539686203
          ],
          "class_index": 128,
          "conditional_hand_mass": 0.009049773810439787,
          "expected_action_loss_bb": 2.738800413232233e-6,
          "hand": "KJo",
          "probability_on_actions_losing_over_0_1bb": 0.000014589062516279228,
          "reference_expected_action_loss_bb": 2.224793571927795e-8,
          "reference_probabilities": [
            5.982034867457742e-9,
            5.982034867457742e-9,
            1.0669449324041125e-7,
            0.9999999403953552
          ]
        },
        {
          "action_values_bb": [
            0.0,
            -0.12004869431257248,
            0.5333642363548279,
            0.8331185579299927
          ],
          "candidate_probabilities": [
            7.388799190266582e-7,
            7.388799190266582e-7,
            8.561308277421631e-6,
            0.9999899864196777
          ],
          "class_index": 129,
          "conditional_hand_mass": 0.009049773810439787,
          "expected_action_loss_bb": 3.886139869273132e-6,
          "hand": "AJo",
          "probability_on_actions_losing_over_0_1bb": 0.000010039068115474947,
          "reference_expected_action_loss_bb": 3.270432485953445e-8,
          "reference_probabilities": [
            5.982033979279322e-9,
            5.982033979279322e-9,
            7.345582986317822e-8,
            0.9999999403953552
          ]
        },
        {
          "action_values_bb": [
            0.0,
            -0.30528128147125244,
            -0.14980146288871765,
            -0.13530567288398743
          ],
          "candidate_probabilities": [
            0.9999563694000244,
            5.0334938350715674e-6,
            0.000029889182769693434,
            8.724813596927561e-6
          ],
          "class_index": 130,
          "conditional_hand_mass": 0.0030165911925363843,
          "expected_action_loss_bb": 7.1945915262162734e-6,
          "hand": "Q2s",
          "probability_on_actions_losing_over_0_1bb": 0.00004364749020169256,
          "reference_expected_action_loss_bb": 7.049480913655327e-8,
          "reference_probabilities": [
            0.9999995231628418,
            2.8900874582404867e-8,
            3.35843878929154e-7,
            8.397289263939456e-8
          ]
        },
        {
          "action_values_bb": [
            0.0,
            -0.28170034289360046,
            -0.058233074843883514,
            -0.06949733197689056
          ],
          "candidate_probabilities": [
            0.999468982219696,
            1.5615095207976992e-6,
            0.0005159039865247905,
            0.000013540575309889391
          ],
          "class_index": 131,
          "conditional_hand_mass": 0.0030165911925363843,
          "expected_action_loss_bb": 0.0000314235870844658,
          "hand": "Q3s",
          "probability_on_actions_losing_over_0_1bb": 1.5615095207976992e-6,
          "reference_expected_action_loss_bb": 1.3915611553607532e-7,
          "reference_probabilities": [
            0.9999977350234985,
            1.3711627389056957e-8,
            2.172021368096466e-6,
            1.2676835581260093e-7
          ]
        },
        {
          "action_values_bb": [
            0.0,
            -0.2903140187263489,
            -0.13613510131835938,
            -0.08672180771827698
          ],
          "candidate_probabilities": [
            0.9999632835388184,
            5.98609722146648e-6,
            0.00002042493360931985,
            0.000010316685802536085
          ],
          "class_index": 132,
          "conditional_hand_mass": 0.0030165911925363843,
          "expected_action_loss_bb": 5.4130799896334985e-6,
          "hand": "Q4s",
          "probability_on_actions_losing_over_0_1bb": 0.00002641103083078633,
          "reference_expected_action_loss_bb": 6.494526648431278e-8,
          "reference_probabilities": [
            0.9999995231628418,
            3.866443165634337e-8,
            3.082207626903255e-7,
            1.3561496814418206e-7
          ]
        },
        {
          "action_values_bb": [
            0.0,
            -0.2077864706516266,
            -0.0004420429468154907,
            0.0159834623336792
          ],
          "candidate_probabilities": [
            0.9998026490211487,
            4.932584033667808e-6,
            0.00005498643440660089,
            0.00013746938202530146
          ],
          "class_index": 133,
          "conditional_hand_mass": 0.0030165911925363843,
          "expected_action_loss_bb": 0.015982314925709572,
          "hand": "Q5s",
          "probability_on_actions_losing_over_0_1bb": 4.932584033667808e-6,
          "reference_expected_action_loss_bb": 2.1298571798734732e-7,
          "reference_probabilities": [
            5.98204064061747e-9,
            1.59899187224255e-8,
            0.00001274311125598615,
            0.9999871850013733
          ]
        },
        {
          "action_values_bb": [
            0.0,
            -0.16931340098381042,
            0.017276547849178314,
            0.05173882842063904
          ],
          "candidate_probabilities": [
            0.0000926740249269642,
            4.123242433706764e-6,
            0.0002293284487677738,
            0.9996738433837891
          ],
          "class_index": 134,
          "conditional_hand_mass": 0.0030165911925363843,
          "expected_action_loss_bb": 0.000013609478751545011,
          "hand": "Q6s",
          "probability_on_actions_losing_over_0_1bb": 4.123242433706764e-6,
          "reference_expected_action_loss_bb": 1.2481591977141222e-7,
          "reference_probabilities": [
            5.98204108470668e-9,
            1.9731499989461554e-8,
            3.4862673601310235e-6,
            0.9999964237213135
          ]
        },
        {
          "action_values_bb": [
            0.0,
            -0.14471998810768127,
            0.021827511489391327,
            0.0765642523765564
          ],
          "candidate_probabilities": [
            0.00005232179682934657,
            4.904888101009419e-6,
            0.0000806837560958229,
            0.9998620748519897
          ],
          "class_index": 135,
          "conditional_hand_mass": 0.0030165911925363843,
          "expected_action_loss_bb": 9.507719546549326e-6,
          "hand": "Q7s",
          "probability_on_actions_losing_over_0_1bb": 4.904888101009419e-6,
          "reference_expected_action_loss_bb": 7.790414510309294e-8,
          "reference_probabilities": [
            5.9820441933311486e-9,
            2.5363986466686583e-8,
            1.3123449207341764e-6,
            0.9999986886978149
          ]
        },
        {
          "action_values_bb": [
            0.0,
            -0.3353195786476135,
            0.1792420744895935,
            0.2014092057943344
          ],
          "candidate_probabilities": [
            7.388798621832393e-7,
            1.5270704807335278e-6,
            0.004211630206555128,
            0.9957861304283142
          ],
          "class_index": 136,
          "conditional_hand_mass": 0.0030165911925363843,
          "expected_action_loss_bb": 0.00009432819968482162,
          "hand": "Q8s",
          "probability_on_actions_losing_over_0_1bb": 2.265950342916767e-6,
          "reference_expected_action_loss_bb": 1.4767701163085674e-7,
          "reference_probabilities": [
            5.982042416974309e-9,
            5.982042416974309e-9,
            6.462786586780567e-6,
            0.9999934434890747
          ]
        },
        {
          "action_values_bb": [
            0.0,
            -0.2778967618942261,
            0.2743857800960541,
            0.30469945073127747
          ],
          "candidate_probabilities": [
            7.388798053398205e-7,
            6.938420028745895e-6,
            0.008287390694022179,
            0.9917049407958984
          ],
          "class_index": 137,
          "conditional_hand_mass": 0.0030165911925363843,
          "expected_action_loss_bb": 0.0002554886654251995,
          "hand": "Q9s",
          "probability_on_actions_losing_over_0_1bb": 7.677299834085716e-6,
          "reference_expected_action_loss_bb": 8.632905590190135e-8,
          "reference_probabilities": [
            5.982041972885099e-9,
            5.982041972885099e-9,
            2.672761638677912e-6,
            0.9999972581863403
          ]
        },
        {
          "action_values_bb": [
            0.0,
            -0.19927248358726501,
            0.39354991912841797,
            0.45234474539756775
          ],
          "candidate_probabilities": [
            7.388797484964016e-7,
            0.00019252891070209444,
            0.141913503408432,
            0.8578932285308838
          ],
          "class_index": 138,
          "conditional_hand_mass": 0.0030165911925363843,
          "expected_action_loss_bb": 0.008469569161808035,
          "hand": "QTs",
          "probability_on_actions_losing_over_0_1bb": 0.00019326779045059084,
          "reference_expected_action_loss_bb": 6.796348928492539e-8,
          "reference_probabilities": [
            5.982044637420358e-9,
            5.982044637420358e-9,
            1.0436214097353513e-6,
            0.999998927116394
          ]
        },
        {
          "action_values_bb": [
            0.0,
            -0.1974269598722458,
            0.39868494868278503,
            0.49488866329193115
          ],
          "candidate_probabilities": [
            7.388797484964016e-7,
            7.388797484964016e-7,
            0.000021648529582307674,
            0.9999768137931824
          ],
          "class_index": 139,
          "conditional_hand_mass": 0.0030165911925363843,
          "expected_action_loss_bb": 2.9598701662345237e-6,
          "hand": "QJs",
          "probability_on_actions_losing_over_0_1bb": 1.4777594969928032e-6,
          "reference_expected_action_loss_bb": 3.377895015766428e-8,
          "reference_probabilities": [
            5.982036199725371e-9,
            5.982036199725371e-9,
            2.772975165044045e-7,
            0.9999997615814209
          ]
        },
        {
          "action_values_bb": [
            0.0,
            1.7770204544067383,
            1.5380994081497192,
            1.821272850036621
          ],
          "candidate_probabilities": [
            7.388799190266582e-7,
            7.388799190266582e-7,
            4.8420274652016815e-6,
            0.999993622303009
          ],
          "class_index": 140,
          "conditional_hand_mass": 0.0045248869052198935,
          "expected_action_loss_bb": 2.749532725492324e-6,
          "hand": "QQ",
          "probability_on_actions_losing_over_0_1bb": 5.58090738422834e-6,
          "reference_expected_action_loss_bb": 3.184588162117473e-8,
          "reference_probabilities": [
            5.982034867457742e-9,
            2.229796791652916e-7,
            3.9140601870713e-8,
            0.9999997615814209
          ]
        },
        {
          "action_values_bb": [
            0.0,
            -0.12431949377059937,
            0.5129795074462891,
            0.6598175764083862
          ],
          "candidate_probabilities": [
            7.388799190266582e-7,
            7.388799190266582e-7,
            0.000018140799511456862,
            0.9999803304672241
          ],
          "class_index": 141,
          "conditional_hand_mass": 0.009049773810439787,
          "expected_action_loss_bb": 3.7306690620395254e-6,
          "hand": "KQo",
          "probability_on_actions_losing_over_0_1bb": 0.00001961855934951018,
          "reference_expected_action_loss_bb": 2.306113643978214e-8,
          "reference_probabilities": [
            5.982034423368532e-9,
            5.982034423368532e-9,
            9.822623070476766e-8,
            0.9999999403953552
          ]
        },
        {
          "action_values_bb": [
            0.0,
            -0.07168516516685486,
            0.6093084812164307,
            0.9401455521583557
          ],
          "candidate_probabilities": [
            7.38879975870077e-7,
            7.38879975870077e-7,
            8.784396413830109e-6,
            0.9999897480010986
          ],
          "class_index": 142,
          "conditional_hand_mass": 0.009049773810439787,
          "expected_action_loss_bb": 4.348480158439284e-6,
          "hand": "AQo",
          "probability_on_actions_losing_over_0_1bb": 0.000010262156365570263,
          "reference_expected_action_loss_bb": 3.2345724868730605e-8,
          "reference_probabilities": [
            5.982033979279322e-9,
            5.982033979279322e-9,
            6.247466899367282e-8,
            0.9999999403953552
          ]
        },
        {
          "action_values_bb": [
            0.0,
            -0.24226972460746765,
            0.02173725515604019,
            0.0433136522769928
          ],
          "candidate_probabilities": [
            7.388797484964016e-7,
            7.388797484964016e-7,
            0.9999754428863525,
            0.00002305412090208847
          ],
          "class_index": 143,
          "conditional_hand_mass": 0.0030165911925363843,
          "expected_action_loss_bb": 0.02157611028227059,
          "hand": "K2s",
          "probability_on_actions_losing_over_0_1bb": 7.388797484964016e-7,
          "reference_expected_action_loss_bb": 6.61905321606466e-8,
          "reference_probabilities": [
            5.982041972885099e-9,
            1.1956977630234178e-8,
            2.8974584438401507e-6,
            0.9999970197677612
          ]
        },
        {
          "action_values_bb": [
            0.0,
            -0.3755964934825897,
            0.11226198077201843,
            0.11228989064693451
          ],
          "candidate_probabilities": [
            7.388796916529827e-7,
            7.388796916529827e-7,
            0.0022811717353761196,
            0.9977173805236816
          ],
          "class_index": 144,
          "conditional_hand_mass": 0.0030165911925363843,
          "expected_action_loss_bb": 5.071252786407027e-7,
          "hand": "K3s",
          "probability_on_actions_losing_over_0_1bb": 1.4777593833059655e-6,
          "reference_expected_action_loss_bb": 0.000023213176380958456,
          "reference_probabilities": [
            5.982042416974309e-9,
            5.982042416974309e-9,
            0.831590473651886,
            0.16840946674346924
          ]
        },
        {
          "action_values_bb": [
            0.0,
            -0.2338869869709015,
            0.07713688164949417,
            0.11917857825756073
          ],
          "candidate_probabilities": [
            7.388799190266582e-7,
            2.2649173843092285e-6,
            0.00019301562861073762,
            0.9998040199279785
          ],
          "class_index": 145,
          "conditional_hand_mass": 0.0030165911925363843,
          "expected_action_loss_bb": 9.00242749340745e-6,
          "hand": "K4s",
          "probability_on_actions_losing_over_0_1bb": 3.0037973033358867e-6,
          "reference_expected_action_loss_bb": 4.987575903784613e-8,
          "reference_probabilities": [
            5.982044637420358e-9,
            1.0126984584246657e-8,
            1.0843363043022691e-6,
            0.999998927116394
          ]
        },
        {
          "action_values_bb": [
            0.0,
            -0.36623820662498474,
            0.14115780591964722,
            0.19181424379348755
          ],
          "candidate_probabilities": [
            7.388799190266582e-7,
            2.7173352918907767e-6,
            0.00004369125599623658,
            0.9999528527259827
          ],
          "class_index": 146,
          "conditional_hand_mass": 0.0030165911925363843,
          "expected_action_loss_bb": 3.8713867061739464e-6,
          "hand": "K5s",
          "probability_on_actions_losing_over_0_1bb": 3.456215210917435e-6,
          "reference_expected_action_loss_bb": 3.994334994384984e-8,
          "reference_probabilities": [
            5.98204064061747e-9,
            5.98204064061747e-9,
            6.999626975812134e-7,
            0.9999992847442627
          ]
        },
        {
          "action_values_bb": [
            0.0,
            -0.32093119621276855,
            0.20824450254440308,
            0.25339609384536743
          ],
          "candidate_probabilities": [
            7.388797484964016e-7,
            7.388797484964016e-7,
            0.00018801543046720326,
            0.999810516834259
          ],
          "class_index": 147,
          "conditional_hand_mass": 0.0030165911925363843,
          "expected_action_loss_bb": 9.100783920453254e-6,
          "hand": "K6s",
          "probability_on_actions_losing_over_0_1bb": 1.4777594969928032e-6,
          "reference_expected_action_loss_bb": 5.3547566580119324e-8,
          "reference_probabilities": [
            5.982044637420358e-9,
            5.982044637420358e-9,
            1.0762873898784164e-6,
            0.999998927116394
          ]
        },
        {
          "action_values_bb": [
            0.0,
            -0.3465210199356079,
            0.17684605717658997,
            0.2687603831291199
          ],
          "candidate_probabilities": [
            7.388796916529827e-7,
            7.388796916529827e-7,
            0.00007141094101825729,
            0.9999271035194397
          ],
          "class_index": 148,
          "conditional_hand_mass": 0.0030165911925363843,
          "expected_action_loss_bb": 7.216889031720251e-6,
          "hand": "K7s",
          "probability_on_actions_losing_over_0_1bb": 1.4777593833059655e-6,
          "reference_expected_action_loss_bb": 2.6607209237391662e-8,
          "reference_probabilities": [
            5.982036199725371e-9,
            5.982036199725371e-9,
            2.3194250786673365e-7,
            0.9999997615814209
          ]
        },
        {
          "action_values_bb": [
            0.0,
            -0.2678956687450409,
            0.29179564118385315,
            0.36023423075675964
          ],
          "candidate_probabilities": [
            7.388797484964016e-7,
            0.000026811392672243528,
            0.0012426481116563082,
            0.9987297654151917
          ],
          "class_index": 149,
          "conditional_hand_mass": 0.0030165911925363843,
          "expected_action_loss_bb": 0.00010215229125973434,
          "hand": "K8s",
          "probability_on_actions_losing_over_0_1bb": 0.00002755027242073993,
          "reference_expected_action_loss_bb": 2.7895224434483265e-8,
          "reference_probabilities": [
            5.9820353115469516e-9,
            5.9820353115469516e-9,
            3.212046806311264e-7,
            0.9999996423721313
          ]
        },
        {
          "action_values_bb": [
            0.0,
            -0.1929883062839508,
            0.4092561602592468,
            0.48764896392822266
          ],
          "candidate_probabilities": [
            7.388798053398205e-7,
            7.388798053398205e-7,
            0.000030711900762980804,
            0.9999678134918213
          ],
          "class_index": 150,
          "conditional_hand_mass": 0.0030165911925363843,
          "expected_action_loss_bb": 3.270815112076271e-6,
          "hand": "K9s",
          "probability_on_actions_losing_over_0_1bb": 1.477759610679641e-6,
          "reference_expected_action_loss_bb": 2.5765791965369674e-8,
          "reference_probabilities": [
            5.982036199725371e-9,
            5.982036199725371e-9,
            2.3952532046678243e-7,
            0.9999997615814209
          ]
        },
        {
          "action_values_bb": [
            0.0,
            -0.17565199732780457,
            0.4440249800682068,
            0.5928735136985779
          ],
          "candidate_probabilities": [
            7.388797484964016e-7,
            7.388797484964016e-7,
            0.00001803510167519562,
            0.9999805092811584
          ],
          "class_index": 151,
          "conditional_hand_mass": 0.0030165911925363843,
          "expected_action_loss_bb": 3.6904086072195423e-6,
          "hand": "KTs",
          "probability_on_actions_losing_over_0_1bb": 0.000019512861172188423,
          "reference_expected_action_loss_bb": 2.3206996354475866e-8,
          "reference_probabilities": [
            5.9820353115469516e-9,
            5.9820353115469516e-9,
            1.0119723015122872e-7,
            0.9999998807907104
          ]
        },
        {
          "action_values_bb": [
            0.0,
            -0.09997627139091492,
            0.5549064874649048,
            0.6990327835083008
          ],
          "candidate_probabilities": [
            7.388797484964016e-7,
            7.321898465306731e-6,
            0.000022035688743926585,
            0.9999698996543884
          ],
          "class_index": 152,
          "conditional_hand_mass": 0.0030165911925363843,
          "expected_action_loss_bb": 9.542686539529394e-6,
          "hand": "KJs",
          "probability_on_actions_losing_over_0_1bb": 0.000030096466957729717,
          "reference_expected_action_loss_bb": 2.2948199941823487e-8,
          "reference_probabilities": [
            5.9820353115469516e-9,
            5.9820353115469516e-9,
            9.704586290126826e-8,
            0.9999998807907104
          ]
        },
        {
          "action_values_bb": [
            0.0,
            -0.033819712698459625,
            0.6554152965545654,
            0.8112912774085999
          ],
          "candidate_probabilities": [
            7.388796916529827e-7,
            7.388796916529827e-7,
            0.000011919804819626734,
            0.9999865889549255
          ],
          "class_index": 153,
          "conditional_hand_mass": 0.0030165911925363843,
          "expected_action_loss_bb": 3.0818932645232358e-6,
          "hand": "KQs",
          "probability_on_actions_losing_over_0_1bb": 0.000013397564202932699,
          "reference_expected_action_loss_bb": 2.3822579730281105e-8,
          "reference_probabilities": [
            5.9820353115469516e-9,
            5.9820353115469516e-9,
            8.926277672571814e-8,
            0.9999998807907104
          ]
        },
        {
          "action_values_bb": [
            0.0,
            1.9648817777633667,
            1.7313692569732666,
            2.0643978118896484
          ],
          "candidate_probabilities": [
            7.388798621832393e-7,
            0.00001814331699279137,
            4.737314156955108e-6,
            0.999976396560669
          ],
          "class_index": 154,
          "conditional_hand_mass": 0.0045248869052198935,
          "expected_action_loss_bb": 4.908553811634655e-6,
          "hand": "KK",
          "probability_on_actions_losing_over_0_1bb": 5.476194019138347e-6,
          "reference_expected_action_loss_bb": 3.658098783559499e-8,
          "reference_probabilities": [
            5.982034867457742e-9,
            1.1460535631613311e-7,
            3.851506846785924e-8,
            0.9999998211860657
          ]
        },
        {
          "action_values_bb": [
            0.0,
            0.005626644939184189,
            0.7278450727462769,
            1.0773941278457642
          ],
          "candidate_probabilities": [
            7.388799190266582e-7,
            7.388799190266582e-7,
            8.529914339305833e-6,
            0.9999899864196777
          ],
          "class_index": 155,
          "conditional_hand_mass": 0.009049773810439787,
          "expected_action_loss_bb": 4.5695958543118155e-6,
          "hand": "AKo",
          "probability_on_actions_losing_over_0_1bb": 0.00001000767417735915,
          "reference_expected_action_loss_bb": 3.1420850003131003e-8,
          "reference_probabilities": [
            5.982033535190112e-9,
            5.982033535190112e-9,
            5.310983652861978e-8,
            0.9999999403953552
          ]
        },
        {
          "action_values_bb": [
            0.0,
            -0.3357238173484802,
            0.15820401906967163,
            0.30016785860061646
          ],
          "candidate_probabilities": [
            7.388799190266582e-7,
            1.639303377487522e-6,
            0.000018126154827768914,
            0.9999794960021973
          ],
          "class_index": 156,
          "conditional_hand_mass": 0.0030165911925363843,
          "expected_action_loss_bb": 3.837465910439231e-6,
          "hand": "A2s",
          "probability_on_actions_losing_over_0_1bb": 0.000020504338124283095,
          "reference_expected_action_loss_bb": 2.304015843554113e-8,
          "reference_probabilities": [
            5.9820353115469516e-9,
            6.36020702771134e-9,
            1.2115860670292022e-7,
            0.9999998807907104
          ]
        },
        {
          "action_values_bb": [
            0.0,
            -0.2890700101852417,
            0.26362019777297974,
            0.3793742060661316
          ],
          "candidate_probabilities": [
            7.388796916529827e-7,
            7.388796916529827e-7,
            0.00007390889368252829,
            0.9999246597290039
          ],
          "class_index": 157,
          "conditional_hand_mass": 0.0030165911925363843,
          "expected_action_loss_bb": 9.329462445055331e-6,
          "hand": "A3s",
          "probability_on_actions_losing_over_0_1bb": 0.00007538665306583425,
          "reference_expected_action_loss_bb": 2.570226172783198e-8,
          "reference_probabilities": [
            5.9820353115469516e-9,
            5.9820353115469516e-9,
            1.678920256154015e-7,
            0.9999997615814209
          ]
        },
        {
          "action_values_bb": [
            0.0,
            -0.2758522033691406,
            0.288917601108551,
            0.4168284833431244
          ],
          "candidate_probabilities": [
            7.388798621832393e-7,
            1.2713697969957138e-6,
            0.000013938714801042806,
            0.999984085559845
          ],
          "class_index": 158,
          "conditional_hand_mass": 0.0030165911925363843,
          "expected_action_loss_bb": 2.9715527837923315e-6,
          "hand": "A4s",
          "probability_on_actions_losing_over_0_1bb": 0.00001594896446022176,
          "reference_expected_action_loss_bb": 2.5141800090932048e-8,
          "reference_probabilities": [
            5.982036199725371e-9,
            5.982036199725371e-9,
            1.4466850473127124e-7,
            0.9999998807907104
          ]
        },
        {
          "action_values_bb": [
            0.0,
            -0.2386242151260376,
            0.34645259380340576,
            0.48962393403053284
          ],
          "candidate_probabilities": [
            7.388798053398205e-7,
            7.388798053398205e-7,
            0.000023324304493144155,
            0.9999752044677734
          ],
          "class_index": 159,
          "conditional_hand_mass": 0.0030165911925363843,
          "expected_action_loss_bb": 4.239233021903139e-6,
          "hand": "A5s",
          "probability_on_actions_losing_over_0_1bb": 0.000024802064103823795,
          "reference_expected_action_loss_bb": 2.3081246257903042e-8,
          "reference_probabilities": [
            5.9820353115469516e-9,
            5.9820353115469516e-9,
            1.1032859248416571e-7,
            0.9999998807907104
          ]
        },
        {
          "action_values_bb": [
            0.0,
            -0.24101313948631287,
            0.3458675742149353,
            0.4998999834060669
          ],
          "candidate_probabilities": [
            7.388798053398205e-7,
            7.388798053398205e-7,
            0.000013533667697629426,
            0.9999849796295166
          ],
          "class_index": 160,
          "conditional_hand_mass": 0.0030165911925363843,
          "expected_action_loss_bb": 3.0014351871029497e-6,
          "hand": "A6s",
          "probability_on_actions_losing_over_0_1bb": 0.000015011427308309067,
          "reference_expected_action_loss_bb": 2.415377855659523e-8,
          "reference_probabilities": [
            5.9820353115469516e-9,
            5.9820353115469516e-9,
            1.0862123644983512e-7,
            0.9999998807907104
          ]
        },
        {
          "action_values_bb": [
            0.0,
            -0.22268721461296082,
            0.37420403957366943,
            0.567757248878479
          ],
          "candidate_probabilities": [
            7.38879975870077e-7,
            7.38879975870077e-7,
            0.000013139905604475643,
            0.99998539686203
          ],
          "class_index": 161,
          "conditional_hand_mass": 0.0030165911925363843,
          "expected_action_loss_bb": 3.5468189481710975e-6,
          "hand": "A7s",
          "probability_on_actions_losing_over_0_1bb": 0.000014617665556215798,
          "reference_expected_action_loss_bb": 2.7428616586886322e-8,
          "reference_probabilities": [
            5.9820353115469516e-9,
            5.9820353115469516e-9,
            9.973384607064872e-8,
            0.9999998807907104
          ]
        },
        {
          "action_values_bb": [
            0.0,
            -0.15317866206169128,
            0.4784238338470459,
            0.6825588941574097
          ],
          "candidate_probabilities": [
            7.388797484964016e-7,
            7.388797484964016e-7,
            0.000012144319043727592,
            0.9999863505363464
          ],
          "class_index": 162,
          "conditional_hand_mass": 0.0030165911925363843,
          "expected_action_loss_bb": 3.6009197998168066e-6,
          "hand": "A8s",
          "probability_on_actions_losing_over_0_1bb": 0.000013622078540720395,
          "reference_expected_action_loss_bb": 2.807949058340559e-8,
          "reference_probabilities": [
            5.9820353115469516e-9,
            5.9820353115469516e-9,
            9.306087633831339e-8,
            0.9999998807907104
          ]
        },
        {
          "action_values_bb": [
            0.0,
            -0.12888573110103607,
            0.5227303504943848,
            0.7490898370742798
          ],
          "candidate_probabilities": [
            7.388798621832393e-7,
            7.388798621832393e-7,
            0.00001143351437349338,
            0.9999871253967285
          ],
          "class_index": 163,
          "conditional_hand_mass": 0.0030165911925363843,
          "expected_action_loss_bb": 3.7902903057817494e-6,
          "hand": "A9s",
          "probability_on_actions_losing_over_0_1bb": 0.00001291127409785986,
          "reference_expected_action_loss_bb": 2.9693711560251518e-8,
          "reference_probabilities": [
            5.9820353115469516e-9,
            5.9820353115469516e-9,
            8.818074803684794e-8,
            0.9999998807907104
          ]
        },
        {
          "action_values_bb": [
            0.0,
            -0.07848268747329712,
            0.6024482250213623,
            0.8836170434951782
          ],
          "candidate_probabilities": [
            7.388799190266582e-7,
            7.388799190266582e-7,
            7.3779065132839605e-6,
            0.9999911189079285
          ],
          "class_index": 164,
          "conditional_hand_mass": 0.0030165911925363843,
          "expected_action_loss_bb": 3.438200318012171e-6,
          "hand": "ATs",
          "probability_on_actions_losing_over_0_1bb": 8.855666351337277e-6,
          "reference_expected_action_loss_bb": 3.13114861904688e-8,
          "reference_probabilities": [
            5.982034867457742e-9,
            5.982034867457742e-9,
            7.209314389911015e-8,
            0.9999998807907104
          ]
        },
        {
          "action_values_bb": [
            0.0,
            -0.08953984826803207,
            0.5898597240447998,
            0.9282565712928772
          ],
          "candidate_probabilities": [
            7.388797484964016e-7,
            7.388797484964016e-7,
            7.054603884171229e-6,
            0.9999914169311523
          ],
          "class_index": 165,
          "conditional_hand_mass": 0.0030165911925363843,
          "expected_action_loss_bb": 3.825154857430301e-6,
          "hand": "AJs",
          "probability_on_actions_losing_over_0_1bb": 8.532363381164032e-6,
          "reference_expected_action_loss_bb": 3.241606729154737e-8,
          "reference_probabilities": [
            5.982034867457742e-9,
            5.982034867457742e-9,
            6.139156027984427e-8,
            0.9999998807907104
          ]
        },
        {
          "action_values_bb": [
            0.0,
            0.03221457451581955,
            0.770935595035553,
            1.087765097618103
          ],
          "candidate_probabilities": [
            7.388796348095639e-7,
            7.388796348095639e-7,
            0.000010251660569338128,
            0.9999882578849792
          ],
          "class_index": 166,
          "conditional_hand_mass": 0.0030165911925363843,
          "expected_action_loss_bb": 4.831680781948054e-6,
          "hand": "AQs",
          "probability_on_actions_losing_over_0_1bb": 0.000011729419838957256,
          "reference_expected_action_loss_bb": 3.1052085724608625e-8,
          "reference_probabilities": [
            5.982034867457742e-9,
            5.982034867457742e-9,
            5.754103327149096e-8,
            0.9999998807907104
          ]
        },
        {
          "action_values_bb": [
            0.0,
            0.09996359050273895,
            0.8743252754211426,
            1.2147955894470215
          ],
          "candidate_probabilities": [
            7.388797484964016e-7,
            7.388797484964016e-7,
            6.98263693266199e-6,
            0.9999915361404419
          ],
          "class_index": 167,
          "conditional_hand_mass": 0.0030165911925363843,
          "expected_action_loss_bb": 4.098695235792973e-6,
          "hand": "AKs",
          "probability_on_actions_losing_over_0_1bb": 8.460396429654793e-6,
          "reference_expected_action_loss_bb": 3.05097000641281e-8,
          "reference_probabilities": [
            5.982034867457742e-9,
            5.982034867457742e-9,
            4.867909453309949e-8,
            0.9999998807907104
          ]
        },
        {
          "action_values_bb": [
            0.0,
            0.7791628241539001,
            1.9637502431869507,
            2.4033920764923096
          ],
          "candidate_probabilities": [
            7.388799190266582e-7,
            7.388799190266582e-7,
            4.68041935164365e-6,
            0.9999938607215881
          ],
          "class_index": 168,
          "conditional_hand_mass": 0.0045248869052198935,
          "expected_action_loss_bb": 5.0336366657109765e-6,
          "hand": "AA",
          "probability_on_actions_losing_over_0_1bb": 6.158179189696966e-6,
          "reference_expected_action_loss_bb": 4.0728158419929617e-8,
          "reference_probabilities": [
            5.982033535190112e-9,
            5.982033535190112e-9,
            3.783714674909788e-8,
            0.9999999403953552
          ]
        }
      ],
      "joint_reach_independent_model": 1.000000037252903,
      "opponent_mass": 1.0,
      "passes_local_tail_gate": false,
      "path": [],
      "position": "BTN",
      "reference_weighted_action_loss_bb": 8.019450218852656e-7,
      "scope": "One-action deviation followed by reference play, same reference arriving ranges; excludes physical-deal validation",
      "status": "evaluated",
      "weighted_action_loss_bb": 0.0007640835746090267,
      "weighted_excess_action_loss_bb": 0.0007632816295871415,
      "worst_relevant_probability_on_strongly_inferior_actions": 0.9999992248003196
    },
    {
      "actions": [
        {
          "kind": "fold",
          "label": "Fold",
          "to": 0.0
        },
        {
          "kind": "call",
          "label": "Limp 1",
          "to": 1.0
        },
        {
          "kind": "raise",
          "label": "Raise 2",
          "to": 2.0
        },
        {
          "kind": "raise",
          "label": "Raise 3",
          "to": 3.0
        }
      ],
      "actor": 1,
      "actor_mass": 1.000000037252903,
      "forced_or_frozen": false,
      "hands": [
        {
          "action_values_bb": [
            -0.5000005577998391,
            -0.32190827043623665,
            0.01028065776376805,
            0.034528445312683995
          ],
          "candidate_probabilities": [
            0.004926110152155161,
            0.004926110152155161,
            0.5077120065689087,
            0.48243579268455505
          ],
          "class_index": 0,
          "conditional_hand_mass": 0.0045248869052198935,
          "expected_action_loss_bb": 0.016699888144222293,
          "hand": "22",
          "probability_on_actions_losing_over_0_1bb": 0.009852220304310322,
          "reference_expected_action_loss_bb": 0.024761536110150903,
          "reference_probabilities": [
            0.016330799087882042,
            0.011235961690545082,
            0.49601808190345764,
            0.47641515731811523
          ]
        },
        {
          "action_values_bb": [
            -0.5000005577998391,
            -0.7829096327073993,
            -0.7645125883028134,
            -1.0239941319456927
          ],
          "candidate_probabilities": [
            0.8433015942573547,
            0.004926107358187437,
            0.1468462347984314,
            0.004926107358187437
          ],
          "class_index": 1,
          "conditional_hand_mass": 0.009049773810439787,
          "expected_action_loss_bb": 0.042817484815092566,
          "hand": "32o",
          "probability_on_actions_losing_over_0_1bb": 0.15669844951480627,
          "reference_expected_action_loss_bb": 0.07242824551602453,
          "reference_probabilities": [
            0.7379854321479797,
            0.011235949583351612,
            0.23954270780086517,
            0.011235949583351612
          ]
        },
        {
          "action_values_bb": [
            -0.5000005577998391,
            -0.7609858058534276,
            -0.729346903157271,
            -0.9829760108882528
          ],
          "candidate_probabilities": [
            0.8792591691017151,
            0.00492610689252615,
            0.11088868975639343,
            0.00492610689252615
          ],
          "class_index": 2,
          "conditional_hand_mass": 0.009049773810439787,
          "expected_action_loss_bb": 0.029096745674767138,
          "hand": "42o",
          "probability_on_actions_losing_over_0_1bb": 0.12074090354144573,
          "reference_expected_action_loss_bb": 0.07080978861211705,
          "reference_probabilities": [
            0.7052295804023743,
            0.011235959827899933,
            0.27229854464530945,
            0.011235959827899933
          ]
        },
        {
          "action_values_bb": [
            -0.5000005577998391,
            -0.7290117274317284,
            -0.6739979745668064,
            -0.926402773628711
          ],
          "candidate_probabilities": [
            0.7980486154556274,
            0.004926109220832586,
            0.1920992136001587,
            0.004926109220832586
          ],
          "class_index": 3,
          "conditional_hand_mass": 0.009049773810439787,
          "expected_action_loss_bb": 0.03665340485096885,
          "hand": "52o",
          "probability_on_actions_losing_over_0_1bb": 0.20195143204182386,
          "reference_expected_action_loss_bb": 0.06684428203939469,
          "reference_probabilities": [
            0.6356834769248962,
            0.011235948652029037,
            0.34184467792510986,
            0.011235948652029037
          ]
        },
        {
          "action_values_bb": [
            -0.5000005577998391,
            -0.7563224132652239,
            -0.7290950875187947,
            -1.0070186714199476
          ],
          "candidate_probabilities": [
            0.9004008769989014,
            0.004926108755171299,
            0.08974692970514297,
            0.004926108755171299
          ],
          "class_index": 4,
          "conditional_hand_mass": 0.009049773810439787,
          "expected_action_loss_bb": 0.024320826359404135,
          "hand": "62o",
          "probability_on_actions_losing_over_0_1bb": 0.09959914721548557,
          "reference_expected_action_loss_bb": 0.06524237394954421,
          "reference_probabilities": [
            0.7301825284957886,
            0.011235951445996761,
            0.24734559655189514,
            0.011235951445996761
          ]
        },
        {
          "action_values_bb": [
            -0.5000005577998391,
            -0.7744988788223234,
            -0.7734344107960299,
            -1.0732775450857215
          ],
          "candidate_probabilities": [
            0.8663659691810608,
            0.004926108755171299,
            0.12378185987472534,
            0.004926108755171299
          ],
          "class_index": 5,
          "conditional_hand_mass": 0.009049773810439787,
          "expected_action_loss_bb": 0.03802238424525664,
          "hand": "72o",
          "probability_on_actions_losing_over_0_1bb": 0.13363407738506794,
          "reference_expected_action_loss_bb": 0.058324041268841546,
          "reference_probabilities": [
            0.7990627884864807,
            0.011235958896577358,
            0.1784653663635254,
            0.011235958896577358
          ]
        },
        {
          "action_values_bb": [
            -0.5000005577998391,
            -0.7402711031173573,
            -0.722789470226504,
            -1.013377527607993
          ],
          "candidate_probabilities": [
            0.8122742176055908,
            0.004926108289510012,
            0.17787356674671173,
            0.004926108289510012
          ],
          "class_index": 6,
          "conditional_hand_mass": 0.009049773810439787,
          "expected_action_loss_bb": 0.04334080775658088,
          "hand": "82o",
          "probability_on_actions_losing_over_0_1bb": 0.18772578332573175,
          "reference_expected_action_loss_bb": 0.061988873039573775,
          "reference_probabilities": [
            0.7372966408729553,
            0.011235962621867657,
            0.24023151397705078,
            0.011235962621867657
          ]
        },
        {
          "action_values_bb": [
            -0.5000005577998391,
            -0.6769918722365666,
            -0.6167464527029121,
            -0.8895992022222745
          ],
          "candidate_probabilities": [
            0.7782019376754761,
            0.004926107823848724,
            0.21194593608379364,
            0.004926107823848724
          ],
          "class_index": 7,
          "conditional_hand_mass": 0.009049773810439787,
          "expected_action_loss_bb": 0.027534901208422242,
          "hand": "92o",
          "probability_on_actions_losing_over_0_1bb": 0.2217981517314911,
          "reference_expected_action_loss_bb": 0.04519763690611061,
          "reference_probabilities": [
            0.6449128985404968,
            0.011235946789383888,
            0.3326152265071869,
            0.011235946789383888
          ]
        },
        {
          "action_values_bb": [
            -0.5000005577998391,
            -0.646851281886008,
            -0.5788992997752687,
            -0.8392797688477467
          ],
          "candidate_probabilities": [
            0.7875533103942871,
            0.004926109686493874,
            0.20259450376033783,
            0.004926109686493874
          ],
          "class_index": 8,
          "conditional_hand_mass": 0.009049773810439787,
          "expected_action_loss_bb": 0.018379180860185702,
          "hand": "T2o",
          "probability_on_actions_losing_over_0_1bb": 0.009852219372987747,
          "reference_expected_action_loss_bb": 0.03869901407127737,
          "reference_probabilities": [
            0.5562680959701538,
            0.011235946789383888,
            0.4212599992752075,
            0.011235946789383888
          ]
        },
        {
          "action_values_bb": [
            -0.5000005577998391,
            -0.5862752729810434,
            -0.48052342697346484,
            -0.710475914822725
          ],
          "candidate_probabilities": [
            0.4445017874240875,
            0.004926109220832586,
            0.545646071434021,
            0.004926109220832586
          ],
          "class_index": 9,
          "conditional_hand_mass": 0.009049773810439787,
          "expected_action_loss_bb": 0.010311335680701788,
          "hand": "J2o",
          "probability_on_actions_losing_over_0_1bb": 0.009852218441665173,
          "reference_expected_action_loss_bb": 0.008877505428461633,
          "reference_probabilities": [
            0.2621302902698517,
            0.011235957033932209,
            0.715397834777832,
            0.011235957033932209
          ]
        },
        {
          "action_values_bb": [
            -0.5000005577998391,
            -0.4826140607704331,
            -0.285179010363921,
            -0.4446790233792506
          ],
          "candidate_probabilities": [
            0.09940821677446365,
            0.025528762489557266,
            0.5757770538330078,
            0.29928597807884216
          ],
          "class_index": 10,
          "conditional_hand_mass": 0.009049773810439787,
          "expected_action_loss_bb": 0.07413141686315805,
          "hand": "Q2o",
          "probability_on_actions_losing_over_0_1bb": 0.4242229573428631,
          "reference_expected_action_loss_bb": 0.06733452056518752,
          "reference_probabilities": [
            0.08918124437332153,
            0.011235957033932209,
            0.6114442944526672,
            0.2881385087966919
          ]
        },
        {
          "action_values_bb": [
            -0.5000005577998391,
            -0.36789239049459493,
            -0.07329581303045216,
            -0.10698391739108339
          ],
          "candidate_probabilities": [
            0.017331626266241074,
            0.004926108755171299,
            0.5086192488670349,
            0.46912306547164917
          ],
          "class_index": 11,
          "conditional_hand_mass": 0.009049773810439787,
          "expected_action_loss_bb": 0.024650568729452565,
          "hand": "K2o",
          "probability_on_actions_losing_over_0_1bb": 0.022257735021412373,
          "reference_expected_action_loss_bb": 0.02787911266590884,
          "reference_probabilities": [
            0.020051484927535057,
            0.01123595330864191,
            0.4933822751045227,
            0.47533026337623596
          ]
        },
        {
          "action_values_bb": [
            -0.5000005577998391,
            -0.2578121881743955,
            0.12338808242050422,
            0.198935253073787
          ],
          "candidate_probabilities": [
            0.004926109220832586,
            0.004926109220832586,
            0.4303475022315979,
            0.5598002076148987
          ],
          "class_index": 12,
          "conditional_hand_mass": 0.009049773810439787,
          "expected_action_loss_bb": 0.03820455811594355,
          "hand": "A2o",
          "probability_on_actions_losing_over_0_1bb": 0.009852218441665173,
          "reference_expected_action_loss_bb": 0.046748195573812656,
          "reference_probabilities": [
            0.011235957033932209,
            0.011235957033932209,
            0.4469126760959625,
            0.5306154489517212
          ]
        },
        {
          "action_values_bb": [
            -0.5000005577998391,
            -0.6805728232481056,
            -0.5878138088928169,
            -0.7795593629182104
          ],
          "candidate_probabilities": [
            0.5518642067909241,
            0.004926105961203575,
            0.4382835328578949,
            0.004926105961203575
          ],
          "class_index": 13,
          "conditional_hand_mass": 0.0030165911925363843,
          "expected_action_loss_bb": 0.040753756330421,
          "hand": "32s",
          "probability_on_actions_losing_over_0_1bb": 0.00985221192240715,
          "reference_expected_action_loss_bb": 0.05085276781983858,
          "reference_probabilities": [
            0.4573017358779907,
            0.011235951445996761,
            0.520226240158081,
            0.011235951445996761
          ]
        },
        {
          "action_values_bb": [
            -0.5000005577998391,
            -0.2513003553804753,
            0.12462071935106807,
            0.16918812853195758
          ],
          "candidate_probabilities": [
            0.004926107358187437,
            0.004926107358187437,
            0.466937392950058,
            0.5232104063034058
          ],
          "class_index": 14,
          "conditional_hand_mass": 0.0045248869052198935,
          "expected_action_loss_bb": 0.02617805657985199,
          "hand": "33",
          "probability_on_actions_losing_over_0_1bb": 0.009852214716374874,
          "reference_expected_action_loss_bb": 0.033011071512630635,
          "reference_probabilities": [
            0.011235951445996761,
            0.011235951445996761,
            0.46597978472709656,
            0.5115482807159424
          ]
        },
        {
          "action_values_bb": [
            -0.5000005577998391,
            -0.7186354728469236,
            -0.6593387468840681,
            -0.8901537172401056
          ],
          "candidate_probabilities": [
            0.7875823378562927,
            0.004926109220832586,
            0.20256546139717102,
            0.004926109220832586
          ],
          "class_index": 15,
          "conditional_hand_mass": 0.009049773810439787,
          "expected_action_loss_bb": 0.03527537033730158,
          "hand": "43o",
          "probability_on_actions_losing_over_0_1bb": 0.2124176798388362,
          "reference_expected_action_loss_bb": 0.06883954199621245,
          "reference_probabilities": [
            0.5884235501289368,
            0.011235960759222507,
            0.38910460472106934,
            0.011235960759222507
          ]
        },
        {
          "action_values_bb": [
            -0.5000005577998391,
            -0.6631920281726106,
            -0.5567973488393425,
            -0.7808980205543042
          ],
          "candidate_probabilities": [
            0.5786260962486267,
            0.004926108755171299,
            0.4115217626094818,
            0.004926108755171299
          ],
          "class_index": 16,
          "conditional_hand_mass": 0.009049773810439787,
          "expected_action_loss_bb": 0.025560745940691628,
          "hand": "53o",
          "probability_on_actions_losing_over_0_1bb": 0.009852217510342598,
          "reference_expected_action_loss_bb": 0.035672062363906784,
          "reference_probabilities": [
            0.43731632828712463,
            0.011235960759222507,
            0.5402117967605591,
            0.011235960759222507
          ]
        },
        {
          "action_values_bb": [
            -0.5000005577998391,
            -0.6777989466259927,
            -0.5878213701795247,
            -0.8287720594341926
          ],
          "candidate_probabilities": [
            0.4959966838359833,
            0.004926107358187437,
            0.49415114521980286,
            0.004926107358187437
          ],
          "class_index": 17,
          "conditional_hand_mass": 0.009049773810439787,
          "expected_action_loss_bb": 0.04589217267638881,
          "hand": "63o",
          "probability_on_actions_losing_over_0_1bb": 0.009852214716374874,
          "reference_expected_action_loss_bb": 0.044373807424481396,
          "reference_probabilities": [
            0.5370628833770752,
            0.011235951445996761,
            0.44046521186828613,
            0.011235951445996761
          ]
        },
        {
          "action_values_bb": [
            -0.5000005577998391,
            -0.7126975076263633,
            -0.6640343059296602,
            -0.9315983692411814
          ],
          "candidate_probabilities": [
            0.8330918550491333,
            0.004926107823848724,
            0.15705598890781403,
            0.004926107823848724
          ],
          "class_index": 18,
          "conditional_hand_mass": 0.009049773810439787,
          "expected_action_loss_bb": 0.028936347991130724,
          "hand": "73o",
          "probability_on_actions_losing_over_0_1bb": 0.16690820455551147,
          "reference_expected_action_loss_bb": 0.0584619623071928,
          "reference_probabilities": [
            0.6652588844299316,
            0.011235949583351612,
            0.31226927042007446,
            0.011235949583351612
          ]
        },
        {
          "action_values_bb": [
            -0.5000005577998391,
            -0.6919953243977931,
            -0.6301773431621797,
            -0.9057800458883334
          ],
          "candidate_probabilities": [
            0.6253588199615479,
            0.004926107358187437,
            0.3647890090942383,
            0.004926107358187437
          ],
          "class_index": 19,
          "conditional_hand_mass": 0.009049773810439787,
          "expected_action_loss_bb": 0.050431760693947475,
          "hand": "83o",
          "probability_on_actions_losing_over_0_1bb": 0.37464122381061316,
          "reference_expected_action_loss_bb": 0.049656432742638854,
          "reference_probabilities": [
            0.6476700305938721,
            0.011235951445996761,
            0.32985812425613403,
            0.011235951445996761
          ]
        },
        {
          "action_values_bb": [
            -0.5000005577998391,
            -0.652458223890939,
            -0.5736563531542341,
            -0.8343579909785173
          ],
          "candidate_probabilities": [
            0.7369754910469055,
            0.004926107823848724,
            0.2531723082065582,
            0.004926107823848724
          ],
          "class_index": 20,
          "conditional_hand_mass": 0.009049773810439787,
          "expected_action_loss_bb": 0.02104571139194263,
          "hand": "93o",
          "probability_on_actions_losing_over_0_1bb": 0.009852215647697449,
          "reference_expected_action_loss_bb": 0.03523719512458785,
          "reference_probabilities": [
            0.5733866095542908,
            0.011235950514674187,
            0.40414151549339294,
            0.011235950514674187
          ]
        },
        {
          "action_values_bb": [
            -0.5000005577998391,
            -0.5888804461407069,
            -0.4697786836171708,
            -0.7135247247877572
          ],
          "candidate_probabilities": [
            0.6300431489944458,
            0.00492610689252615,
            0.36010468006134033,
            0.00492610689252615
          ],
          "class_index": 21,
          "conditional_hand_mass": 0.009049773810439787,
          "expected_action_loss_bb": 0.020828511845277876,
          "hand": "T3o",
          "probability_on_actions_losing_over_0_1bb": 0.0098522137850523,
          "reference_expected_action_loss_bb": 0.015532316138078114,
          "reference_probabilities": [
            0.37904253602027893,
            0.011235951445996761,
            0.5984855890274048,
            0.011235951445996761
          ]
        },
        {
          "action_values_bb": [
            -0.5000005577998391,
            -0.5500567096503091,
            -0.4132212506864037,
            -0.626138934304814
          ],
          "candidate_probabilities": [
            0.3045876920223236,
            0.004926107358187437,
            0.6855601072311401,
            0.004926107358187437
          ],
          "class_index": 22,
          "conditional_hand_mass": 0.009049773810439787,
          "expected_action_loss_bb": 0.028154830398201623,
          "hand": "J3o",
          "probability_on_actions_losing_over_0_1bb": 0.009852214716374874,
          "reference_expected_action_loss_bb": 0.017029014464012764,
          "reference_probabilities": [
            0.15094847977161407,
            0.01123595330864191,
            0.8265796899795532,
            0.01123595330864191
          ]
        },
        {
          "action_values_bb": [
            -0.5000005577998391,
            -0.4507090255732633,
            -0.22619183232288925,
            -0.3666840410986921
          ],
          "candidate_probabilities": [
            0.09718282520771027,
            0.024050289765000343,
            0.5615572333335876,
            0.3172096312046051
          ],
          "class_index": 23,
          "conditional_hand_mass": 0.009049773810439787,
          "expected_action_loss_bb": 0.07657469079616122,
          "hand": "Q3o",
          "probability_on_actions_losing_over_0_1bb": 0.4384427461773157,
          "reference_expected_action_loss_bb": 0.07081404928512011,
          "reference_probabilities": [
            0.07415665686130524,
            0.011235951445996761,
            0.5730465054512024,
            0.34156090021133423
          ]
        },
        {
          "action_values_bb": [
            -0.5000005577998391,
            -0.349826586227798,
            -0.041557556111564926,
            -0.060662436891145984
          ],
          "candidate_probabilities": [
            0.004926108755171299,
            0.004926108755171299,
            0.4785498380661011,
            0.5115978717803955
          ],
          "class_index": 24,
          "conditional_hand_mass": 0.009049773810439787,
          "expected_action_loss_bb": 0.01355092320001921,
          "hand": "K3o",
          "probability_on_actions_losing_over_0_1bb": 0.009852217510342598,
          "reference_expected_action_loss_bb": 0.020851954330457084,
          "reference_probabilities": [
            0.01757846213877201,
            0.01123595330864191,
            0.48285308480262756,
            0.4883325397968292
          ]
        },
        {
          "action_values_bb": [
            -0.5000005577998391,
            -0.23023712071160385,
            0.172020326226137,
            0.26417180358999975
          ],
          "candidate_probabilities": [
            0.004926107823848724,
            0.004926107823848724,
            0.4328543543815613,
            0.5572934150695801
          ],
          "class_index": 25,
          "conditional_hand_mass": 0.009049773810439787,
          "expected_action_loss_bb": 0.04608807535803607,
          "hand": "A3o",
          "probability_on_actions_losing_over_0_1bb": 0.009852215647697449,
          "reference_expected_action_loss_bb": 0.05454893709987174,
          "reference_probabilities": [
            0.011235956102609634,
            0.011235956102609634,
            0.43849077820777893,
            0.5390373468399048
          ]
        },
        {
          "action_values_bb": [
            -0.5000005577998391,
            -0.6556033472948567,
            -0.5462602619675956,
            -0.7336184723473829
          ],
          "candidate_probabilities": [
            0.42882418632507324,
            0.004926108755171299,
            0.5613235831260681,
            0.004926108755171299
          ],
          "class_index": 26,
          "conditional_hand_mass": 0.0030165911925363843,
          "expected_action_loss_bb": 0.027884006415674976,
          "hand": "42s",
          "probability_on_actions_losing_over_0_1bb": 0.009852217510342598,
          "reference_expected_action_loss_bb": 0.031465699020215655,
          "reference_probabilities": [
            0.39186859130859375,
            0.01123595517128706,
            0.5856594443321228,
            0.01123595517128706
          ]
        },
        {
          "action_values_bb": [
            -0.5000005577998391,
            -0.5652780756153462,
            -0.37945573610365657,
            -0.5306492418260631
          ],
          "candidate_probabilities": [
            0.11953473836183548,
            0.01150252390652895,
            0.8640366196632385,
            0.004926108755171299
          ],
          "class_index": 27,
          "conditional_hand_mass": 0.0030165911925363843,
          "expected_action_loss_bb": 0.017291515277191825,
          "hand": "43s",
          "probability_on_actions_losing_over_0_1bb": 0.13596337102353573,
          "reference_expected_action_loss_bb": 0.015294464969817432,
          "reference_probabilities": [
            0.09546465426683426,
            0.011235956102609634,
            0.8820633888244629,
            0.011235956102609634
          ]
        },
        {
          "action_values_bb": [
            -0.5000005577998391,
            -0.17430966072134677,
            0.2510193327226458,
            0.32150969146231567
          ],
          "candidate_probabilities": [
            0.004926108755171299,
            0.004926108755171299,
            0.4304000437259674,
            0.5597477555274963
          ],
          "class_index": 28,
          "conditional_hand_mass": 0.0045248869052198935,
          "expected_action_loss_bb": 0.03682836236694159,
          "hand": "44",
          "probability_on_actions_losing_over_0_1bb": 0.009852217510342598,
          "reference_expected_action_loss_bb": 0.04569081592259443,
          "reference_probabilities": [
            0.011235962621867657,
            0.011235962621867657,
            0.4382067322731018,
            0.5393213629722595
          ]
        },
        {
          "action_values_bb": [
            -0.5000005577998391,
            -0.6166350166906107,
            -0.47961068050340816,
            -0.6781806676492208
          ],
          "candidate_probabilities": [
            0.33158424496650696,
            0.004926108755171299,
            0.6585636138916016,
            0.004926108755171299
          ],
          "class_index": 29,
          "conditional_hand_mass": 0.009049773810439787,
          "expected_action_loss_bb": 0.008414136202653327,
          "hand": "54o",
          "probability_on_actions_losing_over_0_1bb": 0.009852217510342598,
          "reference_expected_action_loss_bb": 0.009039405795673458,
          "reference_probabilities": [
            0.25839710235595703,
            0.011235948652029037,
            0.7191310524940491,
            0.011235948652029037
          ]
        },
        {
          "action_values_bb": [
            -0.5000005577998391,
            -0.6312528432297354,
            -0.5100733072944105,
            -0.728836640260009
          ],
          "candidate_probabilities": [
            0.5388113856315613,
            0.004926107823848724,
            0.45133647322654724,
            0.004926107823848724
          ],
          "class_index": 30,
          "conditional_hand_mass": 0.009049773810439787,
          "expected_action_loss_bb": 0.006320033358914505,
          "hand": "64o",
          "probability_on_actions_losing_over_0_1bb": 0.009852215647697449,
          "reference_expected_action_loss_bb": 0.010040159469355148,
          "reference_probabilities": [
            0.38243529200553894,
            0.011235959827899933,
            0.5950928330421448,
            0.011235959827899933
          ]
        },
        {
          "action_values_bb": [
            -0.5000005577998391,
            -0.675315621742294,
            -0.6054136333718009,
            -0.8529296887105031
          ],
          "candidate_probabilities": [
            0.8000839948654175,
            0.004926110617816448,
            0.19006384909152985,
            0.004926110617816448
          ],
          "class_index": 31,
          "conditional_hand_mass": 0.009049773810439787,
          "expected_action_loss_bb": 0.022637404224849222,
          "hand": "74o",
          "probability_on_actions_losing_over_0_1bb": 0.19991607032716274,
          "reference_expected_action_loss_bb": 0.04808798084761748,
          "reference_probabilities": [
            0.5776474475860596,
            0.011235950514674187,
            0.39988070726394653,
            0.011235950514674187
          ]
        },
        {
          "action_values_bb": [
            -0.5000005577998391,
            -0.6269683826655643,
            -0.5160735291747909,
            -0.7637172277100085
          ],
          "candidate_probabilities": [
            0.306422621011734,
            0.0074218641966581345,
            0.6812294125556946,
            0.004926108755171299
          ],
          "class_index": 32,
          "conditional_hand_mass": 0.009049773810439787,
          "expected_action_loss_bb": 0.01319081579781049,
          "hand": "84o",
          "probability_on_actions_losing_over_0_1bb": 0.012347972951829433,
          "reference_expected_action_loss_bb": 0.012571125751762684,
          "reference_probabilities": [
            0.46851128339767456,
            0.011235954239964485,
            0.5090168118476868,
            0.011235954239964485
          ]
        },
        {
          "action_values_bb": [
            -0.5000005577998391,
            -0.6596124406717894,
            -0.5938852122304432,
            -0.8590786882035251
          ],
          "candidate_probabilities": [
            0.8227487206459045,
            0.004926107823848724,
            0.1673991084098816,
            0.004926107823848724
          ],
          "class_index": 33,
          "conditional_hand_mass": 0.009049773810439787,
          "expected_action_loss_bb": 0.018271330377602278,
          "hand": "94o",
          "probability_on_actions_losing_over_0_1bb": 0.009852215647697449,
          "reference_expected_action_loss_bb": 0.04062143862685687,
          "reference_probabilities": [
            0.6069301962852478,
            0.011235959827899933,
            0.3705979287624359,
            0.011235959827899933
          ]
        },
        {
          "action_values_bb": [
            -0.5000005577998391,
            -0.6072724703467408,
            -0.5138492403385969,
            -0.7562842349651251
          ],
          "candidate_probabilities": [
            0.394992470741272,
            0.004926108755171299,
            0.5951553583145142,
            0.004926108755171299
          ],
          "class_index": 34,
          "conditional_hand_mass": 0.009049773810439787,
          "expected_action_loss_bb": 0.010033031992011039,
          "hand": "T4o",
          "probability_on_actions_losing_over_0_1bb": 0.009852217510342598,
          "reference_expected_action_loss_bb": 0.011378641517853417,
          "reference_probabilities": [
            0.450853556394577,
            0.011235950514674187,
            0.5266745686531067,
            0.011235950514674187
          ]
        },
        {
          "action_values_bb": [
            -0.5000005577998391,
            -0.5452021776505719,
            -0.41073262670423344,
            -0.6159251854064688
          ],
          "candidate_probabilities": [
            0.4309278130531311,
            0.004926107823848724,
            0.5592199563980103,
            0.004926107823848724
          ],
          "class_index": 35,
          "conditional_hand_mass": 0.009049773810439787,
          "expected_action_loss_bb": 0.04014124649861175,
          "hand": "J4o",
          "probability_on_actions_losing_over_0_1bb": 0.009852215647697449,
          "reference_expected_action_loss_bb": 0.017531841938194057,
          "reference_probabilities": [
            0.15364322066307068,
            0.011235958896577358,
            0.8238848447799683,
            0.011235958896577358
          ]
        },
        {
          "action_values_bb": [
            -0.5000005577998391,
            -0.4689197958204678,
            -0.2702999165779352,
            -0.40766076101251825
          ],
          "candidate_probabilities": [
            0.12468008697032928,
            0.01367900799959898,
            0.6466150879859924,
            0.21502581238746643
          ],
          "class_index": 36,
          "conditional_hand_mass": 0.009049773810439787,
          "expected_action_loss_bb": 0.06089214600649999,
          "hand": "Q4o",
          "probability_on_actions_losing_over_0_1bb": 0.3533849073573947,
          "reference_expected_action_loss_bb": 0.06617933843158486,
          "reference_probabilities": [
            0.08125511556863785,
            0.011235961690545082,
            0.5778421759605408,
            0.32966673374176025
          ]
        },
        {
          "action_values_bb": [
            -0.5000005577998391,
            -0.31122863471671824,
            0.02816957363019854,
            0.027293750410602658
          ],
          "candidate_probabilities": [
            0.004926109220832586,
            0.004926109220832586,
            0.4814494252204895,
            0.5086984038352966
          ],
          "class_index": 37,
          "conditional_hand_mass": 0.009049773810439787,
          "expected_action_loss_bb": 0.004719266272127988,
          "hand": "K4o",
          "probability_on_actions_losing_over_0_1bb": 0.009852218441665173,
          "reference_expected_action_loss_bb": 0.010488003573772319,
          "reference_probabilities": [
            0.011791672557592392,
            0.011235951445996761,
            0.4671291708946228,
            0.5098432302474976
          ]
        },
        {
          "action_values_bb": [
            -0.5000005577998391,
            -0.21009605313229401,
            0.20634825799110249,
            0.3097733349364914
          ],
          "candidate_probabilities": [
            0.004926108755171299,
            0.004926108755171299,
            0.4436759054660797,
            0.546471893787384
          ],
          "class_index": 38,
          "conditional_hand_mass": 0.009049773810439787,
          "expected_action_loss_bb": 0.05243718206847316,
          "hand": "A4o",
          "probability_on_actions_losing_over_0_1bb": 0.4535281229764223,
          "reference_expected_action_loss_bb": 0.05945597899541333,
          "reference_probabilities": [
            0.011235957033932209,
            0.011235957033932209,
            0.4304194450378418,
            0.5471087098121643
          ]
        },
        {
          "action_values_bb": [
            -0.5000005577998391,
            -0.600830811871468,
            -0.44458924859403454,
            -0.6212956822573787
          ],
          "candidate_probabilities": [
            0.0397544763982296,
            0.009344046004116535,
            0.9459753036499023,
            0.004926107358187437
          ],
          "class_index": 39,
          "conditional_hand_mass": 0.0030165911925363843,
          "expected_action_loss_bb": 0.004533250802144643,
          "hand": "52s",
          "probability_on_actions_losing_over_0_1bb": 0.014270153362303972,
          "reference_expected_action_loss_bb": 0.012698295230935092,
          "reference_probabilities": [
            0.16165128350257874,
            0.011235946789383888,
            0.8158767819404602,
            0.011235946789383888
          ]
        },
        {
          "action_values_bb": [
            -0.5000005577998391,
            -0.5580247563964147,
            -0.3727762069858852,
            -0.5270382316009723
          ],
          "candidate_probabilities": [
            0.07365762442350388,
            0.012576940469443798,
            0.9051393270492554,
            0.008626110851764679
          ],
          "class_index": 40,
          "conditional_hand_mass": 0.0030165911925363843,
          "expected_action_loss_bb": 0.013031584752312756,
          "hand": "53s",
          "probability_on_actions_losing_over_0_1bb": 0.09486067574471235,
          "reference_expected_action_loss_bb": 0.015379793045741177,
          "reference_probabilities": [
            0.09090295433998108,
            0.011235949583351612,
            0.8866250514984131,
            0.011235949583351612
          ]
        },
        {
          "action_values_bb": [
            -0.5000005577998391,
            -0.49517391579205716,
            -0.2613636222777818,
            -0.38797377349112044
          ],
          "candidate_probabilities": [
            0.004926109220832586,
            0.012781377881765366,
            0.940228283405304,
            0.04206420108675957
          ],
          "class_index": 41,
          "conditional_hand_mass": 0.0030165911925363843,
          "expected_action_loss_bb": 0.009489724182821777,
          "hand": "54s",
          "probability_on_actions_losing_over_0_1bb": 0.05977168818935752,
          "reference_expected_action_loss_bb": 0.025100239311063036,
          "reference_probabilities": [
            0.06359023600816727,
            0.011235957965254784,
            0.867530882358551,
            0.05764291062951088
          ]
        },
        {
          "action_values_bb": [
            -0.5000005577998391,
            -0.06801837578603294,
            0.4359495798527656,
            0.5538446663799163
          ],
          "candidate_probabilities": [
            0.004926107823848724,
            0.004926107823848724,
            0.4088113009929657,
            0.5813364386558533
          ],
          "class_index": 42,
          "conditional_hand_mass": 0.0045248869052198935,
          "expected_action_loss_bb": 0.05645156330517627,
          "hand": "55",
          "probability_on_actions_losing_over_0_1bb": 0.41866351664066315,
          "reference_expected_action_loss_bb": 0.067228140932655,
          "reference_probabilities": [
            0.011235957033932209,
            0.011235957033932209,
            0.4105341136455536,
            0.5669940114021301
          ]
        },
        {
          "action_values_bb": [
            -0.5000005577998391,
            -0.5848132176249875,
            -0.4313150379117957,
            -0.6284009985856676
          ],
          "candidate_probabilities": [
            0.18035359680652618,
            0.011440613307058811,
            0.80327969789505,
            0.004926109220832586
          ],
          "class_index": 43,
          "conditional_hand_mass": 0.009049773810439787,
          "expected_action_loss_bb": 0.015114660845943068,
          "hand": "65o",
          "probability_on_actions_losing_over_0_1bb": 0.016366722527891397,
          "reference_expected_action_loss_bb": 0.014026594938215786,
          "reference_probabilities": [
            0.14686420559883118,
            0.011235963553190231,
            0.8306639194488525,
            0.011235963553190231
          ]
        },
        {
          "action_values_bb": [
            -0.5000005577998391,
            -0.6134341752805423,
            -0.495917555944225,
            -0.7154336397926968
          ],
          "candidate_probabilities": [
            0.6611821055412292,
            0.00492610689252615,
            0.3289657235145569,
            0.00492610689252615
          ],
          "class_index": 44,
          "conditional_hand_mass": 0.009049773810439787,
          "expected_action_loss_bb": 0.0043598668859889935,
          "hand": "75o",
          "probability_on_actions_losing_over_0_1bb": 0.0098522137850523,
          "reference_expected_action_loss_bb": 0.0052565162221531875,
          "reference_probabilities": [
            0.3599396049976349,
            0.011235948652029037,
            0.617588460445404,
            0.011235948652029037
          ]
        },
        {
          "action_values_bb": [
            -0.5000005577998391,
            -0.5863443162055728,
            -0.44919022957801824,
            -0.6761519496343932
          ],
          "candidate_probabilities": [
            0.4475301206111908,
            0.004926108755171299,
            0.5426177382469177,
            0.004926108755171299
          ],
          "class_index": 45,
          "conditional_hand_mass": 0.009049773810439787,
          "expected_action_loss_bb": 0.024532826380607647,
          "hand": "85o",
          "probability_on_actions_losing_over_0_1bb": 0.009852217510342598,
          "reference_expected_action_loss_bb": 0.018523518411718724,
          "reference_probabilities": [
            0.28404325246810913,
            0.011235951445996761,
            0.693484902381897,
            0.011235951445996761
          ]
        },
        {
          "action_values_bb": [
            -0.5000005577998391,
            -0.5706215501629396,
            -0.43054443743407117,
            -0.6632417963138107
          ],
          "candidate_probabilities": [
            0.1409749835729599,
            0.01738484390079975,
            0.8367140889167786,
            0.004926109686493874
          ],
          "class_index": 46,
          "conditional_hand_mass": 0.009049773810439787,
          "expected_action_loss_bb": 0.013373086880070793,
          "hand": "95o",
          "probability_on_actions_losing_over_0_1bb": 0.022310953587293625,
          "reference_expected_action_loss_bb": 0.02483515236528776,
          "reference_probabilities": [
            0.29726216197013855,
            0.011235951445996761,
            0.6802659630775452,
            0.011235951445996761
          ]
        },
        {
          "action_values_bb": [
            -0.5000005577998391,
            -0.5535319885812175,
            -0.41222969949463334,
            -0.6404439590897203
          ],
          "candidate_probabilities": [
            0.5615924000740051,
            0.004926108289510012,
            0.428555428981781,
            0.004926108289510012
          ],
          "class_index": 47,
          "conditional_hand_mass": 0.009049773810439787,
          "expected_action_loss_bb": 0.051111725505747836,
          "hand": "T5o",
          "probability_on_actions_losing_over_0_1bb": 0.009852216579020023,
          "reference_expected_action_loss_bb": 0.025503039837650905,
          "reference_probabilities": [
            0.24326032400131226,
            0.011235957965254784,
            0.7342678308486938,
            0.011235957965254784
          ]
        },
        {
          "action_values_bb": [
            -0.5000005577998391,
            -0.5050057577338948,
            -0.33705647165571107,
            -0.5214490772131328
          ],
          "candidate_probabilities": [
            0.20588423311710358,
            0.004926105961203575,
            0.7842636108398438,
            0.004926105961203575
          ],
          "class_index": 48,
          "conditional_hand_mass": 0.009049773810439787,
          "expected_action_loss_bb": 0.03528329170951896,
          "hand": "J5o",
          "probability_on_actions_losing_over_0_1bb": 0.21573644503951073,
          "reference_expected_action_loss_bb": 0.031925625162470536,
          "reference_probabilities": [
            0.12834681570529938,
            0.011235954239964485,
            0.8109293580055237,
            0.0494878850877285
          ]
        },
        {
          "action_values_bb": [
            -0.5000005577998391,
            -0.4065173333201114,
            -0.15178390586322005,
            -0.2546319078861741
          ],
          "candidate_probabilities": [
            0.07042834907770157,
            0.01870909333229065,
            0.5712636709213257,
            0.3395988941192627
          ],
          "class_index": 49,
          "conditional_hand_mass": 0.009049773810439787,
          "expected_action_loss_bb": 0.06421722313577688,
          "hand": "Q5o",
          "probability_on_actions_losing_over_0_1bb": 0.4287363365292549,
          "reference_expected_action_loss_bb": 0.06478571340934346,
          "reference_probabilities": [
            0.05992039665579796,
            0.011235951445996761,
            0.5296306610107422,
            0.3992130160331726
          ]
        },
        {
          "action_values_bb": [
            -0.5000005577998391,
            -0.2947763904400545,
            0.05522063462747028,
            0.08234589849778305
          ],
          "candidate_probabilities": [
            0.004926108289510012,
            0.004926108289510012,
            0.4789782464504242,
            0.5111694931983948
          ],
          "class_index": 50,
          "conditional_hand_mass": 0.009049773810439787,
          "expected_action_loss_bb": 0.017718858262537624,
          "hand": "K5o",
          "probability_on_actions_losing_over_0_1bb": 0.009852216579020023,
          "reference_expected_action_loss_bb": 0.02325013583390461,
          "reference_probabilities": [
            0.011235957965254784,
            0.011235957965254784,
            0.4597037434577942,
            0.5178244113922119
          ]
        },
        {
          "action_values_bb": [
            -0.5000005577998391,
            -0.17412994071207488,
            0.2695520619380941,
            0.4036921391128008
          ],
          "candidate_probabilities": [
            0.004926108289510012,
            0.004926108289510012,
            0.4157175123691559,
            0.5744302868843079
          ],
          "class_index": 51,
          "conditional_hand_mass": 0.009049773810439787,
          "expected_action_loss_bb": 0.0630624814147939,
          "hand": "A5o",
          "probability_on_actions_losing_over_0_1bb": 0.4255697289481759,
          "reference_expected_action_loss_bb": 0.07327671667893468,
          "reference_probabilities": [
            0.01123595330864191,
            0.01123595330864191,
            0.42217424511909485,
            0.5553538799285889
          ]
        },
        {
          "action_values_bb": [
            -0.5000005577998391,
            -0.6744015737392794,
            -0.5921910501635593,
            -0.8045173729858778
          ],
          "candidate_probabilities": [
            0.618676483631134,
            0.004926107358187437,
            0.3714712858200073,
            0.004926107358187437
          ],
          "class_index": 52,
          "conditional_hand_mass": 0.0030165911925363843,
          "expected_action_loss_bb": 0.03660532139060511,
          "hand": "62s",
          "probability_on_actions_losing_over_0_1bb": 0.009852214716374874,
          "reference_expected_action_loss_bb": 0.0503890819023044,
          "reference_probabilities": [
            0.48932167887687683,
            0.011235951445996761,
            0.4882063567638397,
            0.011235951445996761
          ]
        },
        {
          "action_values_bb": [
            -0.5000005577998391,
            -0.5749442510049694,
            -0.407587348355916,
            -0.5788176750654795
          ],
          "candidate_probabilities": [
            0.004926107358187437,
            0.009832463227212429,
            0.9537367224693298,
            0.03150470182299614
          ],
          "class_index": 53,
          "conditional_hand_mass": 0.0030165911925363843,
          "expected_action_loss_bb": 0.007495328368191426,
          "hand": "63s",
          "probability_on_actions_losing_over_0_1bb": 0.04133716505020857,
          "reference_expected_action_loss_bb": 0.014560265403797335,
          "reference_probabilities": [
            0.11638937890529633,
            0.011235950514674187,
            0.8611387014389038,
            0.011235950514674187
          ]
        },
        {
          "action_values_bb": [
            -0.5000005577998391,
            -0.5385307056415876,
            -0.3495049836316736,
            -0.5024453015279997
          ],
          "candidate_probabilities": [
            0.3018832802772522,
            0.0049261064268648624,
            0.6882644891738892,
            0.0049261064268648624
          ],
          "class_index": 54,
          "conditional_hand_mass": 0.0030165911925363843,
          "expected_action_loss_bb": 0.04711665870404595,
          "hand": "64s",
          "probability_on_actions_losing_over_0_1bb": 0.3117354931309819,
          "reference_expected_action_loss_bb": 0.018787217319513896,
          "reference_probabilities": [
            0.09930459409952164,
            0.011235956102609634,
            0.8782234787940979,
            0.011235956102609634
          ]
        },
        {
          "action_values_bb": [
            -0.5000005577998391,
            -0.4771517128793504,
            -0.2412570608162967,
            -0.3674098006671286
          ],
          "candidate_probabilities": [
            0.05812068656086922,
            0.019597677513957024,
            0.7652339339256287,
            0.15704765915870667
          ],
          "class_index": 55,
          "conditional_hand_mass": 0.0030165911925363843,
          "expected_action_loss_bb": 0.03947332949627294,
          "hand": "65s",
          "probability_on_actions_losing_over_0_1bb": 0.2347660232335329,
          "reference_expected_action_loss_bb": 0.030303946702204675,
          "reference_probabilities": [
            0.058397628366947174,
            0.011235942132771015,
            0.8309357762336731,
            0.09943059086799622
          ]
        },
        {
          "action_values_bb": [
            -0.5000005577998391,
            0.01522391480041302,
            0.5771106836022961,
            0.7429205903753497
          ],
          "candidate_probabilities": [
            0.004926109686493874,
            0.004926109686493874,
            0.3783637583255768,
            0.6117839813232422
          ],
          "class_index": 56,
          "conditional_hand_mass": 0.0045248869052198935,
          "expected_action_loss_bb": 0.07244393904421906,
          "hand": "66",
          "probability_on_actions_losing_over_0_1bb": 0.38821597769856453,
          "reference_expected_action_loss_bb": 0.08734496907953546,
          "reference_probabilities": [
            0.011235946789383888,
            0.011235946789383888,
            0.393240749835968,
            0.5842873454093933
          ]
        },
        {
          "action_values_bb": [
            -0.5000005577998391,
            -0.53435005782525,
            -0.35451892242987526,
            -0.5438290603799733
          ],
          "candidate_probabilities": [
            0.0639728233218193,
            0.014256510883569717,
            0.9168446063995361,
            0.004926107823848724
          ],
          "class_index": 57,
          "conditional_hand_mass": 0.009049773810439787,
          "expected_action_loss_bb": 0.012803197646750754,
          "hand": "76o",
          "probability_on_actions_losing_over_0_1bb": 0.08315544202923775,
          "reference_expected_action_loss_bb": 0.02216018669421903,
          "reference_probabilities": [
            0.12381309270858765,
            0.011235957033932209,
            0.8537150025367737,
            0.011235957033932209
          ]
        },
        {
          "action_values_bb": [
            -0.5000005577998391,
            -0.5266477097358384,
            -0.34644393305906107,
            -0.5431585849733681
          ],
          "candidate_probabilities": [
            0.3002474308013916,
            0.004926107358187437,
            0.6899003386497498,
            0.004926107358187437
          ],
          "class_index": 58,
          "conditional_hand_mass": 0.009049773810439787,
          "expected_action_loss_bb": 0.047961722705471,
          "hand": "86o",
          "probability_on_actions_losing_over_0_1bb": 0.3100996455177665,
          "reference_expected_action_loss_bb": 0.02443922168947152,
          "reference_probabilities": [
            0.13157479465007782,
            0.011235959827899933,
            0.8459533452987671,
            0.011235959827899933
          ]
        },
        {
          "action_values_bb": [
            -0.5000005577998391,
            -0.5277718623449161,
            -0.3613128005146633,
            -0.5679220468527074
          ],
          "candidate_probabilities": [
            0.14925144612789154,
            0.006121464539319277,
            0.8397009968757629,
            0.004926108289510012
          ],
          "class_index": 59,
          "conditional_hand_mass": 0.009049773810439787,
          "expected_action_loss_bb": 0.022736101100364017,
          "hand": "96o",
          "probability_on_actions_losing_over_0_1bb": 0.16029901895672083,
          "reference_expected_action_loss_bb": 0.025316520950167978,
          "reference_probabilities": [
            0.15231871604919434,
            0.011235957965254784,
            0.8252094388008118,
            0.011235957965254784
          ]
        },
        {
          "action_values_bb": [
            -0.5000005577998391,
            -0.5240474947969671,
            -0.3690270483339758,
            -0.5694936788882677
          ],
          "candidate_probabilities": [
            0.18451088666915894,
            0.00799655169248581,
            0.8025664687156677,
            0.004926109220832586
          ],
          "class_index": 60,
          "conditional_hand_mass": 0.009049773810439787,
          "expected_action_loss_bb": 0.026393187892494188,
          "hand": "T6o",
          "probability_on_actions_losing_over_0_1bb": 0.19743354758247733,
          "reference_expected_action_loss_bb": 0.023134114424403586,
          "reference_probabilities": [
            0.14613547921180725,
            0.011235957965254784,
            0.8313926458358765,
            0.011235957965254784
          ]
        },
        {
          "action_values_bb": [
            -0.5000005577998391,
            -0.498186127889868,
            -0.3287058361977388,
            -0.5004421183502512
          ],
          "candidate_probabilities": [
            0.09858793765306473,
            0.007587145548313856,
            0.8446422219276428,
            0.0491827130317688
          ],
          "class_index": 61,
          "conditional_hand_mass": 0.009049773810439787,
          "expected_action_loss_bb": 0.02661992125649571,
          "hand": "J6o",
          "probability_on_actions_losing_over_0_1bb": 0.15535779623314738,
          "reference_expected_action_loss_bb": 0.04310466182148424,
          "reference_probabilities": [
            0.1264577955007553,
            0.011235954239964485,
            0.7485339045524597,
            0.11377232521772385
          ]
        },
        {
          "action_values_bb": [
            -0.5000005577998391,
            -0.38919420855020387,
            -0.12213171575511843,
            -0.19979569031448755
          ],
          "candidate_probabilities": [
            0.05957804620265961,
            0.017197245731949806,
            0.5393364429473877,
            0.38388821482658386
          ],
          "class_index": 62,
          "conditional_hand_mass": 0.009049773810439787,
          "expected_action_loss_bb": 0.05691971119420344,
          "hand": "Q6o",
          "probability_on_actions_losing_over_0_1bb": 0.07677529193460941,
          "reference_expected_action_loss_bb": 0.05531900459478797,
          "reference_probabilities": [
            0.04981067776679993,
            0.01123595517128706,
            0.5076543688774109,
            0.4312990605831146
          ]
        },
        {
          "action_values_bb": [
            -0.5000005577998391,
            -0.2601200695142555,
            0.11746098654958655,
            0.17001288207739534
          ],
          "candidate_probabilities": [
            0.004926108755171299,
            0.004926108755171299,
            0.4516167938709259,
            0.5385309457778931
          ],
          "class_index": 63,
          "conditional_hand_mass": 0.009049773810439787,
          "expected_action_loss_bb": 0.029152759341093848,
          "hand": "K6o",
          "probability_on_actions_losing_over_0_1bb": 0.009852217510342598,
          "reference_expected_action_loss_bb": 0.03566835723371583,
          "reference_probabilities": [
            0.011235945858061314,
            0.011235945858061314,
            0.44350773096084595,
            0.5340203642845154
          ]
        },
        {
          "action_values_bb": [
            -0.5000005577998391,
            -0.1667556254113774,
            0.2848345379743933,
            0.4226657316288623
          ],
          "candidate_probabilities": [
            0.004926107823848724,
            0.004926107823848724,
            0.42297592759132385,
            0.5671718120574951
          ],
          "class_index": 64,
          "conditional_hand_mass": 0.009049773810439787,
          "expected_action_loss_bb": 0.06574798377263406,
          "hand": "A6o",
          "probability_on_actions_losing_over_0_1bb": 0.4328281432390213,
          "reference_expected_action_loss_bb": 0.07473106219642126,
          "reference_probabilities": [
            0.011235957965254784,
            0.011235957965254784,
            0.41892772912979126,
            0.5586003661155701
          ]
        },
        {
          "action_values_bb": [
            -0.5000005577998391,
            -0.6602075511223553,
            -0.5720363164881914,
            -0.7985536869949588
          ],
          "candidate_probabilities": [
            0.879173219203949,
            0.004926105961203575,
            0.11097452044487,
            0.004926105961203575
          ],
          "class_index": 65,
          "conditional_hand_mass": 0.0030165911925363843,
          "expected_action_loss_bb": 0.010254034749618885,
          "hand": "72s",
          "probability_on_actions_losing_over_0_1bb": 0.00985221192240715,
          "reference_expected_action_loss_bb": 0.038455618534629095,
          "reference_probabilities": [
            0.5152435302734375,
            0.011235949583351612,
            0.46228447556495667,
            0.011235949583351612
          ]
        },
        {
          "action_values_bb": [
            -0.5000005577998391,
            -0.5725333781225945,
            -0.4105034639370008,
            -0.5973557188738393
          ],
          "candidate_probabilities": [
            0.10275617241859436,
            0.015588292852044106,
            0.8767293691635132,
            0.0049261064268648624
          ],
          "class_index": 66,
          "conditional_hand_mass": 0.0030165911925363843,
          "expected_action_loss_bb": 0.012642602654968093,
          "hand": "73s",
          "probability_on_actions_losing_over_0_1bb": 0.020514399278908968,
          "reference_expected_action_loss_bb": 0.01767059255189245,
          "reference_probabilities": [
            0.1536426544189453,
            0.011235946789383888,
            0.823885440826416,
            0.011235946789383888
          ]
        },
        {
          "action_values_bb": [
            -0.5000005577998391,
            -0.5723636210382267,
            -0.4245095699859063,
            -0.6010265996149942
          ],
          "candidate_probabilities": [
            0.12572692334651947,
            0.009211339987814426,
            0.8601356148719788,
            0.004926109686493874
          ],
          "class_index": 67,
          "conditional_hand_mass": 0.0030165911925363843,
          "expected_action_loss_bb": 0.011722725820540937,
          "hand": "74s",
          "probability_on_actions_losing_over_0_1bb": 0.0141374496743083,
          "reference_expected_action_loss_bb": 0.015197097336334897,
          "reference_probabilities": [
            0.15303122997283936,
            0.011235954239964485,
            0.824496865272522,
            0.011235954239964485
          ]
        },
        {
          "action_values_bb": [
            -0.5000005577998391,
            -0.5083490860139748,
            -0.31026708076073983,
            -0.4625396502718964
          ],
          "candidate_probabilities": [
            0.045999735593795776,
            0.009263206273317337,
            0.9394719004631042,
            0.0052651832811534405
          ],
          "class_index": 68,
          "conditional_hand_mass": 0.0030165911925363843,
          "expected_action_loss_bb": 0.01136430723795155,
          "hand": "75s",
          "probability_on_actions_losing_over_0_1bb": 0.060528125148266554,
          "reference_expected_action_loss_bb": 0.020954730192432155,
          "reference_probabilities": [
            0.08969510346651077,
            0.011235949583351612,
            0.8878329992294312,
            0.011235949583351612
          ]
        },
        {
          "action_values_bb": [
            -0.5000005577998391,
            -0.43591177341922627,
            -0.18096235346908116,
            -0.3028203599420384
          ],
          "candidate_probabilities": [
            0.05909133329987526,
            0.009413064457476139,
            0.9116758108139038,
            0.019819818437099457
          ],
          "class_index": 69,
          "conditional_hand_mass": 0.0030165911925363843,
          "expected_action_loss_bb": 0.023667451754290296,
          "hand": "76s",
          "probability_on_actions_losing_over_0_1bb": 0.08832421619445086,
          "reference_expected_action_loss_bb": 0.038080357793305375,
          "reference_probabilities": [
            0.05428023636341095,
            0.011235949583351612,
            0.7876055836677551,
            0.14687824249267578
          ]
        },
        {
          "action_values_bb": [
            -0.5000005577998391,
            0.0660901314672243,
            0.6558044651257343,
            0.8579055731641257
          ],
          "candidate_probabilities": [
            0.004926107358187437,
            0.004926107358187437,
            0.37296584248542786,
            0.6171819567680359
          ],
          "class_index": 70,
          "conditional_hand_mass": 0.0045248869052198935,
          "expected_action_loss_bb": 0.0859665692839161,
          "hand": "77",
          "probability_on_actions_losing_over_0_1bb": 0.38281805720180273,
          "reference_expected_action_loss_bb": 0.10154076942796408,
          "reference_probabilities": [
            0.011235947720706463,
            0.011235947720706463,
            0.3829103708267212,
            0.5946177244186401
          ]
        },
        {
          "action_values_bb": [
            -0.5000005577998391,
            -0.49867965679195675,
            -0.3077221189948199,
            -0.48640889703138923
          ],
          "candidate_probabilities": [
            0.16225533187389374,
            0.007174778264015913,
            0.82564377784729,
            0.004926108289510012
          ],
          "class_index": 71,
          "conditional_hand_mass": 0.009049773810439787,
          "expected_action_loss_bb": 0.03344851031055123,
          "hand": "87o",
          "probability_on_actions_losing_over_0_1bb": 0.17435621842741966,
          "reference_expected_action_loss_bb": 0.027511117220567028,
          "reference_probabilities": [
            0.1214791014790535,
            0.011235950514674187,
            0.8560490012168884,
            0.011235950514674187
          ]
        },
        {
          "action_values_bb": [
            -0.5000005577998391,
            -0.5039025536076635,
            -0.3300967720743089,
            -0.5158500373725892
          ],
          "candidate_probabilities": [
            0.29468074440956116,
            0.004926107358187437,
            0.6954670548439026,
            0.004926107358187437
          ],
          "class_index": 72,
          "conditional_hand_mass": 0.009049773810439787,
          "expected_action_loss_bb": 0.051838600521902,
          "hand": "97o",
          "probability_on_actions_losing_over_0_1bb": 0.30453295912593603,
          "reference_expected_action_loss_bb": 0.02655046458325346,
          "reference_probabilities": [
            0.13248951733112335,
            0.011235968209803104,
            0.8450385928153992,
            0.011235968209803104
          ]
        },
        {
          "action_values_bb": [
            -0.5000005577998391,
            -0.4798353808719279,
            -0.2957895408811502,
            -0.4662394746269249
          ],
          "candidate_probabilities": [
            0.20577305555343628,
            0.004926108755171299,
            0.7843747138977051,
            0.004926108755171299
          ],
          "class_index": 73,
          "conditional_hand_mass": 0.009049773810439787,
          "expected_action_loss_bb": 0.04376740966370793,
          "hand": "T7o",
          "probability_on_actions_losing_over_0_1bb": 0.21562527306377888,
          "reference_expected_action_loss_bb": 0.03484143859542826,
          "reference_probabilities": [
            0.12181314826011658,
            0.011235951445996761,
            0.8206151723861694,
            0.04633572697639465
          ]
        },
        {
          "action_values_bb": [
            -0.5000005577998391,
            -0.4498560566526308,
            -0.24637572653429043,
            -0.3815989270410206
          ],
          "candidate_probabilities": [
            0.14425446093082428,
            0.008363403379917145,
            0.7457982897758484,
            0.10158378630876541
          ],
          "class_index": 74,
          "conditional_hand_mass": 0.009049773810439787,
          "expected_action_loss_bb": 0.05202478609780439,
          "hand": "J7o",
          "probability_on_actions_losing_over_0_1bb": 0.25420165061950684,
          "reference_expected_action_loss_bb": 0.06192096105665858,
          "reference_probabilities": [
            0.08360284566879272,
            0.011235958896577358,
            0.6209576725959778,
            0.28420349955558777
          ]
        },
        {
          "action_values_bb": [
            -0.5000005577998391,
            -0.38783798021917815,
            -0.12344404059047451,
            -0.18311998522450204
          ],
          "candidate_probabilities": [
            0.0568498894572258,
            0.015220566652715206,
            0.5041726231575012,
            0.423756867647171
          ],
          "class_index": 75,
          "conditional_hand_mass": 0.009049773810439787,
          "expected_action_loss_bb": 0.05071951333044447,
          "hand": "Q7o",
          "probability_on_actions_losing_over_0_1bb": 0.072070456109941,
          "reference_expected_action_loss_bb": 0.047330518625653156,
          "reference_probabilities": [
            0.04608342424035072,
            0.011235950514674187,
            0.49012330174446106,
            0.45255735516548157
          ]
        },
        {
          "action_values_bb": [
            -0.5000005577998391,
            -0.24393642135456112,
            0.1445574540032055,
            0.21914150576207234
          ],
          "candidate_probabilities": [
            0.00492610689252615,
            0.00492610689252615,
            0.4475370943546295,
            0.5426107048988342
          ],
          "class_index": 76,
          "conditional_hand_mass": 0.009049773810439787,
          "expected_action_loss_bb": 0.03920287185392234,
          "hand": "K7o",
          "probability_on_actions_losing_over_0_1bb": 0.0098522137850523,
          "reference_expected_action_loss_bb": 0.045627519703858074,
          "reference_probabilities": [
            0.011235949583351612,
            0.011235949583351612,
            0.43366047739982605,
            0.5438676476478577
          ]
        },
        {
          "action_values_bb": [
            -0.5000005577998391,
            -0.1680022460740188,
            0.2729765810836439,
            0.4249072502823087
          ],
          "candidate_probabilities": [
            0.004926108755171299,
            0.004926108755171299,
            0.42261937260627747,
            0.5675284266471863
          ],
          "class_index": 77,
          "conditional_hand_mass": 0.009049773810439787,
          "expected_action_loss_bb": 0.07168577720853647,
          "hand": "A7o",
          "probability_on_actions_losing_over_0_1bb": 0.43247159011662006,
          "reference_expected_action_loss_bb": 0.080520034497318,
          "reference_probabilities": [
            0.011235951445996761,
            0.011235951445996761,
            0.4177294373512268,
            0.5597987174987793
          ]
        },
        {
          "action_values_bb": [
            -0.5000005577998391,
            -0.5779759551082689,
            -0.42468385144674686,
            -0.6270765958343508
          ],
          "candidate_probabilities": [
            0.105188749730587,
            0.008478155359625816,
            0.8814069628715515,
            0.0049261050298810005
          ],
          "class_index": 78,
          "conditional_hand_mass": 0.0030165911925363843,
          "expected_action_loss_bb": 0.010219112361492977,
          "hand": "82s",
          "probability_on_actions_losing_over_0_1bb": 0.013404260389506817,
          "reference_expected_action_loss_bb": 0.02173223592560178,
          "reference_probabilities": [
            0.23548266291618347,
            0.011235950514674187,
            0.7420453429222107,
            0.011235950514674187
          ]
        },
        {
          "action_values_bb": [
            -0.5000005577998391,
            -0.5601499737834076,
            -0.3923694841343132,
            -0.5921580779952922
          ],
          "candidate_probabilities": [
            0.01013101078569889,
            0.009344968013465405,
            0.9754129648208618,
            0.005111022386699915
          ],
          "class_index": 79,
          "conditional_hand_mass": 0.0030165911925363843,
          "expected_action_loss_bb": 0.0036794388530669055,
          "hand": "83s",
          "probability_on_actions_losing_over_0_1bb": 0.02458700118586421,
          "reference_expected_action_loss_bb": 0.019351546131935817,
          "reference_probabilities": [
            0.14142343401908875,
            0.011235956102609634,
            0.8361046314239502,
            0.011235956102609634
          ]
        },
        {
          "action_values_bb": [
            -0.5000005577998391,
            -0.5234931657124158,
            -0.33416028192443425,
            -0.5114623838381835
          ],
          "candidate_probabilities": [
            0.04702354595065117,
            0.005617841146886349,
            0.9424325227737427,
            0.004926107358187437
          ],
          "class_index": 80,
          "conditional_hand_mass": 0.0030165911925363843,
          "expected_action_loss_bb": 0.00973544908695796,
          "hand": "84s",
          "probability_on_actions_losing_over_0_1bb": 0.057567494455724955,
          "reference_expected_action_loss_bb": 0.023188526489253257,
          "reference_probabilities": [
            0.11498433351516724,
            0.011235951445996761,
            0.8625437021255493,
            0.011235951445996761
          ]
        },
        {
          "action_values_bb": [
            -0.5000005577998391,
            -0.46101812725521574,
            -0.2228018347896041,
            -0.3733001979569651
          ],
          "candidate_probabilities": [
            0.004926107358187437,
            0.015952281653881073,
            0.8669589161872864,
            0.11216269433498383
          ],
          "class_index": 81,
          "conditional_hand_mass": 0.0030165911925363843,
          "expected_action_loss_bb": 0.022045905966911725,
          "hand": "85s",
          "probability_on_actions_losing_over_0_1bb": 0.13304108334705234,
          "reference_expected_action_loss_bb": 0.03311748678535725,
          "reference_probabilities": [
            0.07797425985336304,
            0.011235958896577358,
            0.8521410226821899,
            0.05864869803190231
          ]
        },
        {
          "action_values_bb": [
            -0.5000005577998391,
            -0.4367030434798777,
            -0.1892817366416235,
            -0.3209301374294848
          ],
          "candidate_probabilities": [
            0.00492610689252615,
            0.013888154178857803,
            0.801486074924469,
            0.17969964444637299
          ],
          "class_index": 82,
          "conditional_hand_mass": 0.0030165911925363843,
          "expected_action_loss_bb": 0.028624030196561526,
          "hand": "86s",
          "probability_on_actions_losing_over_0_1bb": 0.19851390551775694,
          "reference_expected_action_loss_bb": 0.041417580692939146,
          "reference_probabilities": [
            0.069541797041893,
            0.011235950514674187,
            0.7898653745651245,
            0.12935684621334076
          ]
        },
        {
          "action_values_bb": [
            -0.5000005577998391,
            -0.3822701461807445,
            -0.09700024543192921,
            -0.2055335603372086
          ],
          "candidate_probabilities": [
            0.004926107823848724,
            0.019073184579610825,
            0.7190061211585999,
            0.2569945454597473
          ],
          "class_index": 83,
          "conditional_hand_mass": 0.0030165911925363843,
          "expected_action_loss_bb": 0.03531869839508035,
          "hand": "87s",
          "probability_on_actions_losing_over_0_1bb": 0.28099383786320686,
          "reference_expected_action_loss_bb": 0.04854802279628308,
          "reference_probabilities": [
            0.04392874240875244,
            0.011235949583351612,
            0.6901720762252808,
            0.25466325879096985
          ]
        },
        {
          "action_values_bb": [
            -0.5000005577998391,
            0.16309546682268536,
            0.8262343180773012,
            1.0789529725153426
          ],
          "candidate_probabilities": [
            0.004926107823848724,
            0.004926107823848724,
            0.36180925369262695,
            0.6283385157585144
          ],
          "class_index": 84,
          "conditional_hand_mass": 0.0045248869052198935,
          "expected_action_loss_bb": 0.10372565591993502,
          "hand": "88",
          "probability_on_actions_losing_over_0_1bb": 0.3716614693403244,
          "reference_expected_action_loss_bb": 0.12106869875466182,
          "reference_probabilities": [
            0.01123595517128706,
            0.01123595517128706,
            0.36814501881599426,
            0.6093831062316895
          ]
        },
        {
          "action_values_bb": [
            -0.5000005577998391,
            -0.43614753681788826,
            -0.20801477797707071,
            -0.34793186412987565
          ],
          "candidate_probabilities": [
            0.06503009796142578,
            0.0205189511179924,
            0.7227659225463867,
            0.19168506562709808
          ],
          "class_index": 85,
          "conditional_hand_mass": 0.009049773810439787,
          "expected_action_loss_bb": 0.05048892463383817,
          "hand": "98o",
          "probability_on_actions_losing_over_0_1bb": 0.27723411470651627,
          "reference_expected_action_loss_bb": 0.050803877489430674,
          "reference_probabilities": [
            0.09260444343090057,
            0.011235950514674187,
            0.7446312308311462,
            0.15152837336063385
          ]
        },
        {
          "action_values_bb": [
            -0.5000005577998391,
            -0.39805151219536383,
            -0.14375569420669088,
            -0.2640034410052297
          ],
          "candidate_probabilities": [
            0.09612686932086945,
            0.015099182724952698,
            0.7299520969390869,
            0.15882183611392975
          ],
          "class_index": 86,
          "conditional_hand_mass": 0.009049773810439787,
          "expected_action_loss_bb": 0.05718233040595866,
          "hand": "T8o",
          "probability_on_actions_losing_over_0_1bb": 0.2700478881597519,
          "reference_expected_action_loss_bb": 0.06194056933249677,
          "reference_probabilities": [
            0.06718207150697708,
            0.011235954239964485,
            0.6292684078216553,
            0.2923135459423065
          ]
        },
        {
          "action_values_bb": [
            -0.5000005577998391,
            -0.36648075404621805,
            -0.0895716686024387,
            -0.17168271787351827
          ],
          "candidate_probabilities": [
            0.054306890815496445,
            0.01345205307006836,
            0.5868744254112244,
            0.34536662697792053
          ],
          "class_index": 87,
          "conditional_hand_mass": 0.009049773810439787,
          "expected_action_loss_bb": 0.05437252871051312,
          "hand": "J8o",
          "probability_on_actions_losing_over_0_1bb": 0.0677589438855648,
          "reference_expected_action_loss_bb": 0.0572425562915707,
          "reference_probabilities": [
            0.04875317960977554,
            0.01123595330864191,
            0.5244576930999756,
            0.41555315256118774
          ]
        },
        {
          "action_values_bb": [
            -0.5000005577998391,
            -0.3157919332226824,
            0.009818233949929407,
            0.0098935872851386
          ],
          "candidate_probabilities": [
            0.044639091938734055,
            0.016671447083353996,
            0.4572800099849701,
            0.4814094603061676
          ],
          "class_index": 88,
          "conditional_hand_mass": 0.009049773810439787,
          "expected_action_loss_bb": 0.02822531811630812,
          "hand": "Q8o",
          "probability_on_actions_losing_over_0_1bb": 0.06131053902208805,
          "reference_expected_action_loss_bb": 0.018685688671129904,
          "reference_probabilities": [
            0.029402395710349083,
            0.01123595330864191,
            0.45375490188598633,
            0.5056067109107971
          ]
        },
        {
          "action_values_bb": [
            -0.5000005577998391,
            -0.19015635129490133,
            0.24449203647763038,
            0.34958056550987243
          ],
          "candidate_probabilities": [
            0.004926108755171299,
            0.004926108755171299,
            0.41259127855300903,
            0.5775564908981323
          ],
          "class_index": 89,
          "conditional_hand_mass": 0.009049773810439787,
          "expected_action_loss_bb": 0.05020254231579316,
          "hand": "K8o",
          "probability_on_actions_losing_over_0_1bb": 0.42244349606335163,
          "reference_expected_action_loss_bb": 0.05968336039318966,
          "reference_probabilities": [
            0.011235947720706463,
            0.011235947720706463,
            0.4193897843360901,
            0.5581383109092712
          ]
        },
        {
          "action_values_bb": [
            -0.5000005577998391,
            -0.11642345560718992,
            0.3648196881031211,
            0.5416071576875354
          ],
          "candidate_probabilities": [
            0.004926109220832586,
            0.004926109220832586,
            0.38289308547973633,
            0.6072547435760498
          ],
          "class_index": 90,
          "conditional_hand_mass": 0.009049773810439787,
          "expected_action_loss_bb": 0.07606330374682543,
          "hand": "A8o",
          "probability_on_actions_losing_over_0_1bb": 0.3927453039214015,
          "reference_expected_action_loss_bb": 0.0912751258272826,
          "reference_probabilities": [
            0.01123595330864191,
            0.01123595330864191,
            0.40827593207359314,
            0.5692521333694458
          ]
        },
        {
          "action_values_bb": [
            -0.5000005577998391,
            -0.5685836594396467,
            -0.4247340224433864,
            -0.62610410280375
          ],
          "candidate_probabilities": [
            0.3080578148365021,
            0.004926107358187437,
            0.6820899844169617,
            0.004926107358187437
          ],
          "class_index": 91,
          "conditional_hand_mass": 0.0030165911925363843,
          "expected_action_loss_bb": 0.024887033802084985,
          "hand": "92s",
          "probability_on_actions_losing_over_0_1bb": 0.009852214716374874,
          "reference_expected_action_loss_bb": 0.022146587874736938,
          "reference_probabilities": [
            0.2427070289850235,
            0.011235947720706463,
            0.734821081161499,
            0.011235947720706463
          ]
        },
        {
          "action_values_bb": [
            -0.5000005577998391,
            -0.48646923238065254,
            -0.2673282689239793,
            -0.4437683221752706
          ],
          "candidate_probabilities": [
            0.110441654920578,
            0.013558454811573029,
            0.8710737228393555,
            0.004926105495542288
          ],
          "class_index": 92,
          "conditional_hand_mass": 0.0030165911925363843,
          "expected_action_loss_bb": 0.029537087803955586,
          "hand": "93s",
          "probability_on_actions_losing_over_0_1bb": 0.12892621522769332,
          "reference_expected_action_loss_bb": 0.027462090508367717,
          "reference_probabilities": [
            0.09892607480287552,
            0.011235964484512806,
            0.8786019682884216,
            0.011235964484512806
          ]
        },
        {
          "action_values_bb": [
            -0.5000005577998391,
            -0.5308178213329928,
            -0.36076212811794617,
            -0.5499030048057555
          ],
          "candidate_probabilities": [
            0.3550693392753601,
            0.004926107823848724,
            0.6350784301757812,
            0.004926107823848724
          ],
          "class_index": 93,
          "conditional_hand_mass": 0.0030165911925363843,
          "expected_action_loss_bb": 0.0512087382621865,
          "hand": "94s",
          "probability_on_actions_losing_over_0_1bb": 0.36492155492305756,
          "reference_expected_action_loss_bb": 0.02300378957373051,
          "reference_probabilities": [
            0.1362258493900299,
            0.011235954239964485,
            0.841302216053009,
            0.011235954239964485
          ]
        },
        {
          "action_values_bb": [
            -0.5000005577998391,
            -0.46071728720865807,
            -0.23374267577822375,
            -0.3955976267476179
          ],
          "candidate_probabilities": [
            0.0778154507279396,
            0.016391150653362274,
            0.8460658192634583,
            0.05972762033343315
          ],
          "class_index": 94,
          "conditional_hand_mass": 0.0030165911925363843,
          "expected_action_loss_bb": 0.03410656321040959,
          "hand": "95s",
          "probability_on_actions_losing_over_0_1bb": 0.15393422171473503,
          "reference_expected_action_loss_bb": 0.03518170817032494,
          "reference_probabilities": [
            0.09865979850292206,
            0.011235949583351612,
            0.8507944345474243,
            0.0393097884953022
          ]
        },
        {
          "action_values_bb": [
            -0.5000005577998391,
            -0.4289174282700396,
            -0.18472114966265504,
            -0.3221508823773677
          ],
          "candidate_probabilities": [
            0.004926107358187437,
            0.021377651020884514,
            0.7453708648681641,
            0.22832535207271576
          ],
          "class_index": 95,
          "conditional_hand_mass": 0.0030165911925363843,
          "expected_action_loss_bb": 0.03815213514432291,
          "hand": "96s",
          "probability_on_actions_losing_over_0_1bb": 0.2546291104517877,
          "reference_expected_action_loss_bb": 0.04199233951784288,
          "reference_probabilities": [
            0.08142640441656113,
            0.011235946789383888,
            0.8085490465164185,
            0.09878862649202347
          ]
        },
        {
          "action_values_bb": [
            -0.5000005577998391,
            -0.39793062457467765,
            -0.13930668268998353,
            -0.25639923469862075
          ],
          "candidate_probabilities": [
            0.0546235516667366,
            0.008847394958138466,
            0.8796637654304504,
            0.056865304708480835
          ],
          "class_index": 96,
          "conditional_hand_mass": 0.0030165911925363843,
          "expected_action_loss_bb": 0.028649032331487967,
          "hand": "97s",
          "probability_on_actions_losing_over_0_1bb": 0.1203362513333559,
          "reference_expected_action_loss_bb": 0.04977751435320968,
          "reference_probabilities": [
            0.060916706919670105,
            0.011235949583351612,
            0.7152006030082703,
            0.2126467078924179
          ]
        },
        {
          "action_values_bb": [
            -0.5000005577998391,
            -0.29528048655020633,
            0.054480542702056795,
            -0.00892631588080933
          ],
          "candidate_probabilities": [
            0.0049261064268648624,
            0.022407464683055878,
            0.5283152461051941,
            0.4443511664867401
          ],
          "class_index": 97,
          "conditional_hand_mass": 0.0030165911925363843,
          "expected_action_loss_bb": 0.03874360239779319,
          "hand": "98s",
          "probability_on_actions_losing_over_0_1bb": 0.02733357110992074,
          "reference_expected_action_loss_bb": 0.039251841114570335,
          "reference_probabilities": [
            0.016953814774751663,
            0.011235954239964485,
            0.5630000233650208,
            0.40881022810935974
          ]
        },
        {
          "action_values_bb": [
            -0.5000005577998391,
            0.26638357291869386,
            1.0102599843072313,
            1.3174228159967079
          ],
          "candidate_probabilities": [
            0.004926109220832586,
            0.004926109220832586,
            0.35196372866630554,
            0.6381840109825134
          ],
          "class_index": 98,
          "conditional_hand_mass": 0.0045248869052198935,
          "expected_action_loss_bb": 0.12224053569572835,
          "hand": "99",
          "probability_on_actions_losing_over_0_1bb": 0.3618159471079707,
          "reference_expected_action_loss_bb": 0.14125371527991287,
          "reference_probabilities": [
            0.01123595517128706,
            0.01123595517128706,
            0.3549381196498871,
            0.6225899457931519
          ]
        },
        {
          "action_values_bb": [
            -0.5000005577998391,
            -0.34176817590775727,
            -0.04385351835347404,
            -0.12154602592405742
          ],
          "candidate_probabilities": [
            0.04205287992954254,
            0.022049404680728912,
            0.5731255412101746,
            0.3627721965312958
          ],
          "class_index": 99,
          "conditional_hand_mass": 0.009049773810439787,
          "expected_action_loss_bb": 0.05393581915019432,
          "hand": "T9o",
          "probability_on_actions_losing_over_0_1bb": 0.06410228461027145,
          "reference_expected_action_loss_bb": 0.05325943545308666,
          "reference_probabilities": [
            0.04177923500537872,
            0.01123595517128706,
            0.5498473048210144,
            0.39713746309280396
          ]
        },
        {
          "action_values_bb": [
            -0.5000005577998391,
            -0.3171671577371176,
            -0.0012318060412201686,
            -0.03698801721990081
          ],
          "candidate_probabilities": [
            0.007249403279274702,
            0.01047523319721222,
            0.5352221727371216,
            0.4470531642436981
          ],
          "class_index": 100,
          "conditional_hand_mass": 0.009049773810439787,
          "expected_action_loss_bb": 0.022910199657651537,
          "hand": "J9o",
          "probability_on_actions_losing_over_0_1bb": 0.01772463647648692,
          "reference_expected_action_loss_bb": 0.036424905406558974,
          "reference_probabilities": [
            0.03204159811139107,
            0.011235959827899933,
            0.4842529296875,
            0.4724695384502411
          ]
        },
        {
          "action_values_bb": [
            -0.5000005577998391,
            -0.23981798371472382,
            0.1504684898870889,
            0.19707505258812927
          ],
          "candidate_probabilities": [
            0.00946758408099413,
            0.012555583380162716,
            0.4297015070915222,
            0.548275351524353
          ],
          "class_index": 101,
          "conditional_hand_mass": 0.009049773810439787,
          "expected_action_loss_bb": 0.032111979130663895,
          "hand": "Q9o",
          "probability_on_actions_losing_over_0_1bb": 0.022023167461156845,
          "reference_expected_action_loss_bb": 0.03612434438880244,
          "reference_probabilities": [
            0.01600632630288601,
            0.011235956102609634,
            0.43036457896232605,
            0.542393147945404
          ]
        },
        {
          "action_values_bb": [
            -0.5000005577998391,
            -0.1559700077224289,
            0.2987308814105146,
            0.43159551826422604
          ],
          "candidate_probabilities": [
            0.004926109220832586,
            0.004926109220832586,
            0.40518829226493835,
            0.5849595069885254
          ],
          "class_index": 102,
          "conditional_hand_mass": 0.009049773810439787,
          "expected_action_loss_bb": 0.06131875128495338,
          "hand": "K9o",
          "probability_on_actions_losing_over_0_1bb": 0.4150405107066035,
          "reference_expected_action_loss_bb": 0.0717197992308213,
          "reference_probabilities": [
            0.01123595517128706,
            0.01123595517128706,
            0.4113251566886902,
            0.5662029981613159
          ]
        },
        {
          "action_values_bb": [
            -0.5000005577998391,
            -0.08532543282168627,
            0.4172792755047779,
            0.607105750172608
          ],
          "candidate_probabilities": [
            0.004926107823848724,
            0.004926107823848724,
            0.39032137393951416,
            0.599826455116272
          ],
          "class_index": 103,
          "conditional_hand_mass": 0.009049773810439787,
          "expected_action_loss_bb": 0.08295804611600222,
          "hand": "A9o",
          "probability_on_actions_losing_over_0_1bb": 0.4001735895872116,
          "reference_expected_action_loss_bb": 0.096800538893728,
          "reference_probabilities": [
            0.011235957033932209,
            0.011235957033932209,
            0.4034264087677002,
            0.5741016864776611
          ]
        },
        {
          "action_values_bb": [
            -0.5000005577998391,
            -0.5247680482335718,
            -0.35923468622519494,
            -0.5419980514192287
          ],
          "candidate_probabilities": [
            0.4761386215686798,
            0.004926107823848724,
            0.5140091180801392,
            0.004926107823848724
          ],
          "class_index": 104,
          "conditional_hand_mass": 0.0030165911925363843,
          "expected_action_loss_bb": 0.06873981528835758,
          "hand": "T2s",
          "probability_on_actions_losing_over_0_1bb": 0.48599083721637726,
          "reference_expected_action_loss_bb": 0.021468131942794864,
          "reference_probabilities": [
            0.1247083991765976,
            0.011235952377319336,
            0.8528196215629578,
            0.011235952377319336
          ]
        },
        {
          "action_values_bb": [
            -0.5000005577998391,
            -0.47466783019581255,
            -0.26431023091673783,
            -0.43039872772054477
          ],
          "candidate_probabilities": [
            0.03177884966135025,
            0.031038416549563408,
            0.8144603967666626,
            0.12272239476442337
          ],
          "class_index": 105,
          "conditional_hand_mass": 0.0030165911925363843,
          "expected_action_loss_bb": 0.0344019123260291,
          "hand": "T3s",
          "probability_on_actions_losing_over_0_1bb": 0.18553966097533703,
          "reference_expected_action_loss_bb": 0.02629888187833035,
          "reference_probabilities": [
            0.09363623708486557,
            0.011235942132771015,
            0.8838918805122375,
            0.011235942132771015
          ]
        },
        {
          "action_values_bb": [
            -0.5000005577998391,
            -0.473319008207095,
            -0.2690848425950832,
            -0.4349633897372267
          ],
          "candidate_probabilities": [
            0.2360541820526123,
            0.004926108289510012,
            0.754093587398529,
            0.004926108289510012
          ],
          "class_index": 106,
          "conditional_hand_mass": 0.0030165911925363843,
          "expected_action_loss_bb": 0.0563318355781039,
          "hand": "T4s",
          "probability_on_actions_losing_over_0_1bb": 0.24590639863163233,
          "reference_expected_action_loss_bb": 0.02797801474789447,
          "reference_probabilities": [
            0.10315212607383728,
            0.011235949583351612,
            0.8743759393692017,
            0.011235949583351612
          ]
        },
        {
          "action_values_bb": [
            -0.5000005577998391,
            -0.4497928393375321,
            -0.22679887349223604,
            -0.3849845241533528
          ],
          "candidate_probabilities": [
            0.3081924021244049,
            0.004926108289510012,
            0.6819553375244141,
            0.004926108289510012
          ],
          "class_index": 107,
          "conditional_hand_mass": 0.0030165911925363843,
          "expected_action_loss_bb": 0.08607641541985801,
          "hand": "T5s",
          "probability_on_actions_losing_over_0_1bb": 0.31804461870342493,
          "reference_expected_action_loss_bb": 0.03774476836590896,
          "reference_probabilities": [
            0.09785611927509308,
            0.011235954239964485,
            0.8371435403823853,
            0.05376443266868591
          ]
        },
        {
          "action_values_bb": [
            -0.5000005577998391,
            -0.40294577193919734,
            -0.14698956976278632,
            -0.2760999193049566
          ],
          "candidate_probabilities": [
            0.0995342805981636,
            0.018596101552248,
            0.7590354681015015,
            0.12283413112163544
          ],
          "class_index": 108,
          "conditional_hand_mass": 0.0030165911925363843,
          "expected_action_loss_bb": 0.05575563987093838,
          "hand": "T6s",
          "probability_on_actions_losing_over_0_1bb": 0.24096451327204704,
          "reference_expected_action_loss_bb": 0.05235538898184148,
          "reference_probabilities": [
            0.06624667346477509,
            0.011235957965254784,
            0.7204137444496155,
            0.2021036446094513
          ]
        },
        {
          "action_values_bb": [
            -0.5000005577998391,
            -0.35105746453942466,
            -0.057838063889154016,
            -0.1529229641235539
          ],
          "candidate_probabilities": [
            0.10743322223424911,
            0.01843399927020073,
            0.6766263246536255,
            0.19750644266605377
          ],
          "class_index": 109,
          "conditional_hand_mass": 0.0030165911925363843,
          "expected_action_loss_bb": 0.07168802808610518,
          "hand": "T7s",
          "probability_on_actions_losing_over_0_1bb": 0.12586722150444984,
          "reference_expected_action_loss_bb": 0.05223621977044872,
          "reference_probabilities": [
            0.038559164851903915,
            0.011235957965254784,
            0.6147972345352173,
            0.33540764451026917
          ]
        },
        {
          "action_values_bb": [
            -0.5000005577998391,
            -0.2694731642497406,
            0.09506801129482696,
            0.04800555568639749
          ],
          "candidate_probabilities": [
            0.004926107358187437,
            0.023249663412570953,
            0.5336642265319824,
            0.4381600022315979
          ],
          "class_index": 110,
          "conditional_hand_mass": 0.0030165911925363843,
          "expected_action_loss_bb": 0.032027716942691374,
          "hand": "T8s",
          "probability_on_actions_losing_over_0_1bb": 0.02817577077075839,
          "reference_expected_action_loss_bb": 0.03215765776239761,
          "reference_probabilities": [
            0.011515771970152855,
            0.01123594306409359,
            0.5265913605690002,
            0.4506568908691406
          ]
        },
        {
          "action_values_bb": [
            -0.5000005577998391,
            -0.23009503669703163,
            0.16106564870261955,
            0.14886971159269208
          ],
          "candidate_probabilities": [
            0.004926107823848724,
            0.015531190671026707,
            0.4839129149913788,
            0.49562978744506836
          ],
          "class_index": 111,
          "conditional_hand_mass": 0.0030165911925363843,
          "expected_action_loss_bb": 0.015376344317372007,
          "hand": "T9s",
          "probability_on_actions_losing_over_0_1bb": 0.02045729849487543,
          "reference_expected_action_loss_bb": 0.017807836113365685,
          "reference_probabilities": [
            0.011235954239964485,
            0.011235954239964485,
            0.48678579926490784,
            0.49074235558509827
          ]
        },
        {
          "action_values_bb": [
            -0.5000005577998391,
            0.3567460622430247,
            1.1681354982578052,
            1.530462192946683
          ],
          "candidate_probabilities": [
            0.004926108289510012,
            0.004926108289510012,
            0.3271348774433136,
            0.6630128622055054
          ],
          "class_index": 112,
          "conditional_hand_mass": 0.0045248869052198935,
          "expected_action_loss_bb": 0.13431383101047162,
          "hand": "TT",
          "probability_on_actions_losing_over_0_1bb": 0.3369870940223336,
          "reference_expected_action_loss_bb": 0.16116763871093026,
          "reference_probabilities": [
            0.011235960759222507,
            0.011235960759222507,
            0.3454495966434479,
            0.6320785284042358
          ]
        },
        {
          "action_values_bb": [
            -0.5000005577998391,
            -0.23240352232005068,
            0.1549261473013024,
            0.1734726200850087
          ],
          "candidate_probabilities": [
            0.012506234459578991,
            0.013624366372823715,
            0.47487640380859375,
            0.4989929795265198
          ],
          "class_index": 113,
          "conditional_hand_mass": 0.009049773810439787,
          "expected_action_loss_bb": 0.02275970102984095,
          "hand": "JTo",
          "probability_on_actions_losing_over_0_1bb": 0.026130600832402706,
          "reference_expected_action_loss_bb": 0.02147695543901406,
          "reference_probabilities": [
            0.012761575169861317,
            0.011235951445996761,
            0.4487091600894928,
            0.52729332447052
          ]
        },
        {
          "action_values_bb": [
            -0.5000005577998391,
            -0.16182390011168393,
            0.29085719580385777,
            0.38618940279470115
          ],
          "candidate_probabilities": [
            0.00492610689252615,
            0.00492610689252615,
            0.41545018553733826,
            0.5746976137161255
          ],
          "class_index": 114,
          "conditional_hand_mass": 0.009049773810439787,
          "expected_action_loss_bb": 0.04667082166364522,
          "hand": "QTo",
          "probability_on_actions_losing_over_0_1bb": 0.0098522137850523,
          "reference_expected_action_loss_bb": 0.05539254155646717,
          "reference_probabilities": [
            0.01123595330864191,
            0.01123595330864191,
            0.4120108187198639,
            0.5655173063278198
          ]
        },
        {
          "action_values_bb": [
            -0.5000005577998391,
            -0.08261454109807237,
            0.4289431490403983,
            0.6074466278520616
          ],
          "candidate_probabilities": [
            0.004926110617816448,
            0.004926110617816448,
            0.3771834671497345,
            0.6129643321037292
          ],
          "class_index": 115,
          "conditional_hand_mass": 0.009049773810439787,
          "expected_action_loss_bb": 0.07618328602769117,
          "hand": "KTo",
          "probability_on_actions_losing_over_0_1bb": 0.3870356883853674,
          "reference_expected_action_loss_bb": 0.09092822643917488,
          "reference_probabilities": [
            0.011235957033932209,
            0.011235957033932209,
            0.39624717831611633,
            0.5812808871269226
          ]
        },
        {
          "action_values_bb": [
            -0.5000005577998391,
            -0.007265714770911606,
            0.5565840833675244,
            0.7945847552064417
          ],
          "candidate_probabilities": [
            0.004926107823848724,
            0.004926107823848724,
            0.36626341938972473,
            0.623884379863739
          ],
          "class_index": 116,
          "conditional_hand_mass": 0.009049773810439787,
          "expected_action_loss_bb": 0.09749820859752571,
          "hand": "ATo",
          "probability_on_actions_losing_over_0_1bb": 0.3761156350374222,
          "reference_expected_action_loss_bb": 0.11594829064676802,
          "reference_probabilities": [
            0.01123595330864191,
            0.01123595330864191,
            0.38820409774780273,
            0.5893239974975586
          ]
        },
        {
          "action_values_bb": [
            -0.5000005577998391,
            -0.4540201564070749,
            -0.23908461637625955,
            -0.390858900192255
          ],
          "candidate_probabilities": [
            0.2110920399427414,
            0.004926107823848724,
            0.7790557146072388,
            0.004926107823848724
          ],
          "class_index": 117,
          "conditional_hand_mass": 0.0030165911925363843,
          "expected_action_loss_bb": 0.05688373046101818,
          "hand": "J2s",
          "probability_on_actions_losing_over_0_1bb": 0.22094425559043884,
          "reference_expected_action_loss_bb": 0.04773476436290228,
          "reference_probabilities": [
            0.0878586620092392,
            0.01123595517128706,
            0.753343939781189,
            0.1475614458322525
          ]
        },
        {
          "action_values_bb": [
            -0.5000005577998391,
            -0.45807331597129686,
            -0.250865767328052,
            -0.39683213075819873
          ],
          "candidate_probabilities": [
            0.10761608183383942,
            0.0076467315666377544,
            0.8226140737533569,
            0.0621231347322464
          ],
          "class_index": 118,
          "conditional_hand_mass": 0.0030165911925363843,
          "expected_action_loss_bb": 0.037463258563871255,
          "hand": "J3s",
          "probability_on_actions_losing_over_0_1bb": 0.17738594813272357,
          "reference_expected_action_loss_bb": 0.04968587826054066,
          "reference_probabilities": [
            0.09112709760665894,
            0.011235964484512806,
            0.7287297248840332,
            0.16890721023082733
          ]
        },
        {
          "action_values_bb": [
            -0.5000005577998391,
            -0.43020210327726,
            -0.20294817357739348,
            -0.3383885906381354
          ],
          "candidate_probabilities": [
            0.12098953872919083,
            0.004926107823848724,
            0.8514065146446228,
            0.022677844390273094
          ],
          "class_index": 119,
          "conditional_hand_mass": 0.0030165911925363843,
          "expected_action_loss_bb": 0.04013120500883214,
          "hand": "J4s",
          "probability_on_actions_losing_over_0_1bb": 0.14859349094331264,
          "reference_expected_action_loss_bb": 0.05720350725258632,
          "reference_probabilities": [
            0.08102045953273773,
            0.011235943995416164,
            0.6819411516189575,
            0.22580242156982422
          ]
        },
        {
          "action_values_bb": [
            -0.5000005577998391,
            -0.3704207732097414,
            -0.08823006702274956,
            -0.1940929926705101
          ],
          "candidate_probabilities": [
            0.004926105961203575,
            0.019614581018686295,
            0.604429304599762,
            0.3710300624370575
          ],
          "class_index": 120,
          "conditional_hand_mass": 0.0030165911925363843,
          "expected_action_loss_bb": 0.046841805451347966,
          "hand": "J5s",
          "probability_on_actions_losing_over_0_1bb": 0.39557074941694736,
          "reference_expected_action_loss_bb": 0.05760195948135223,
          "reference_probabilities": [
            0.045137982815504074,
            0.011235958896577358,
            0.6050298810005188,
            0.3385962247848511
          ]
        },
        {
          "action_values_bb": [
            -0.5000005577998391,
            -0.3567162509405125,
            -0.06557205937221487,
            -0.15979003794278462
          ],
          "candidate_probabilities": [
            0.004926107358187437,
            0.014235520735383034,
            0.6182215809822083,
            0.36261674761772156
          ],
          "class_index": 121,
          "conditional_hand_mass": 0.0030165911925363843,
          "expected_action_loss_bb": 0.040449647555143665,
          "hand": "J6s",
          "probability_on_actions_losing_over_0_1bb": 0.01916162809357047,
          "reference_expected_action_loss_bb": 0.05701101662600836,
          "reference_probabilities": [
            0.04249247908592224,
            0.011235954239964485,
            0.571823000907898,
            0.37444859743118286
          ]
        },
        {
          "action_values_bb": [
            -0.5000005577998391,
            -0.30817263533153766,
            0.01854394331638035,
            -0.03856789229752795
          ],
          "candidate_probabilities": [
            0.02487063780426979,
            0.011055730283260345,
            0.6269368529319763,
            0.33713680505752563
          ],
          "class_index": 122,
          "conditional_hand_mass": 0.0030165911925363843,
          "expected_action_loss_bb": 0.035763124635101916,
          "hand": "J7s",
          "probability_on_actions_losing_over_0_1bb": 0.035926368087530136,
          "reference_expected_action_loss_bb": 0.04233093287441593,
          "reference_probabilities": [
            0.025552568957209587,
            0.011235952377319336,
            0.5182981491088867,
            0.4449133276939392
          ]
        },
        {
          "action_values_bb": [
            -0.5000005577998391,
            -0.2260617564992978,
            0.17310445669675895,
            0.1670138557480034
          ],
          "candidate_probabilities": [
            0.004926107823848724,
            0.010825606994330883,
            0.4860289394855499,
            0.49821937084198
          ],
          "class_index": 123,
          "conditional_hand_mass": 0.0030165911925363843,
          "expected_action_loss_bb": 0.01067145980039786,
          "hand": "J8s",
          "probability_on_actions_losing_over_0_1bb": 0.015751714818179607,
          "reference_expected_action_loss_bb": 0.015162350121199125,
          "reference_probabilities": [
            0.011235954239964485,
            0.011235954239964485,
            0.466189444065094,
            0.5113386511802673
          ]
        },
        {
          "action_values_bb": [
            -0.5000005577998391,
            -0.2125075457922679,
            0.19042942530502355,
            0.21786400468056044
          ],
          "candidate_probabilities": [
            0.004926107823848724,
            0.008672822266817093,
            0.4727499186992645,
            0.5136511921882629
          ],
          "class_index": 124,
          "conditional_hand_mass": 0.0030165911925363843,
          "expected_action_loss_bb": 0.020238509372977366,
          "hand": "J9s",
          "probability_on_actions_losing_over_0_1bb": 0.013598930090665817,
          "reference_expected_action_loss_bb": 0.025241160355672365,
          "reference_probabilities": [
            0.011235951445996761,
            0.011235951445996761,
            0.4497840106487274,
            0.5277441143989563
          ]
        },
        {
          "action_values_bb": [
            -0.5000005577998391,
            -0.12176936278185936,
            0.35905368017740513,
            0.44140641172321726
          ],
          "candidate_probabilities": [
            0.004926105495542288,
            0.010672514326870441,
            0.4468798339366913,
            0.5375215411186218
          ],
          "class_index": 125,
          "conditional_hand_mass": 0.0030165911925363843,
          "expected_action_loss_bb": 0.04744974656548657,
          "hand": "JTs",
          "probability_on_actions_losing_over_0_1bb": 0.01559861982241273,
          "reference_expected_action_loss_bb": 0.05122845175133785,
          "reference_probabilities": [
            0.01123595517128706,
            0.01123595517128706,
            0.4167806804180145,
            0.5607474446296692
          ]
        },
        {
          "action_values_bb": [
            -0.5000005577998391,
            0.46350297059403206,
            1.3737082905170308,
            1.8132359704043801
          ],
          "candidate_probabilities": [
            0.004926105961203575,
            0.004926105961203575,
            0.3222030997276306,
            0.6679446697235107
          ],
          "class_index": 126,
          "conditional_hand_mass": 0.0045248869052198935,
          "expected_action_loss_bb": 0.15966135690345734,
          "hand": "JJ",
          "probability_on_actions_losing_over_0_1bb": 0.33205531165003777,
          "reference_expected_action_loss_bb": 0.1878591501091114,
          "reference_probabilities": [
            0.011235957965254784,
            0.011235957965254784,
            0.33377233147621155,
            0.6437557935714722
          ]
        },
        {
          "action_values_bb": [
            -0.5000005577998391,
            -0.13237857627169067,
            0.34452181679126265,
            0.4689111499229616
          ],
          "candidate_probabilities": [
            0.004926109220832586,
            0.004926109220832586,
            0.3871196210384369,
            0.6030281186103821
          ],
          "class_index": 127,
          "conditional_hand_mass": 0.009049773810439787,
          "expected_action_loss_bb": 0.05588853526535251,
          "hand": "QJo",
          "probability_on_actions_losing_over_0_1bb": 0.39697183948010206,
          "reference_expected_action_loss_bb": 0.06777748428501126,
          "reference_probabilities": [
            0.011235958896577358,
            0.011235958896577358,
            0.4030471444129944,
            0.5744809508323669
          ]
        },
        {
          "action_values_bb": [
            -0.5000005577998391,
            -0.045871173338159335,
            0.496740248729146,
            0.7045150798087614
          ],
          "candidate_probabilities": [
            0.004926108755171299,
            0.004926108755171299,
            0.37573158740997314,
            0.6144161820411682
          ],
          "class_index": 128,
          "conditional_hand_mass": 0.009049773810439787,
          "expected_action_loss_bb": 0.0876976264249346,
          "hand": "KJo",
          "probability_on_actions_losing_over_0_1bb": 0.38558380492031574,
          "reference_expected_action_loss_bb": 0.10255326599502491,
          "reference_probabilities": [
            0.011235957033932209,
            0.011235957033932209,
            0.38786253333091736,
            0.5896655321121216
          ]
        },
        {
          "action_values_bb": [
            -0.5000005577998391,
            0.002054008814477013,
            0.5701339091480413,
            0.8303260897859412
          ],
          "candidate_probabilities": [
            0.004926107823848724,
            0.004926107823848724,
            0.3785085380077362,
            0.6116392612457275
          ],
          "class_index": 129,
          "conditional_hand_mass": 0.009049773810439787,
          "expected_action_loss_bb": 0.10911845197959207,
          "hand": "AJo",
          "probability_on_actions_losing_over_0_1bb": 0.38836075365543365,
          "reference_expected_action_loss_bb": 0.12432261500393031,
          "reference_probabilities": [
            0.011235950514674187,
            0.011235950514674187,
            0.3845953643321991,
            0.5929327011108398
          ]
        },
        {
          "action_values_bb": [
            -0.5000005577998391,
            -0.3919542641318589,
            -0.12644201329794816,
            -0.21928225725480668
          ],
          "candidate_probabilities": [
            0.11575763672590256,
            0.01563396118581295,
            0.5368840098381042,
            0.3317243456840515
          ],
          "class_index": 130,
          "conditional_hand_mass": 0.0030165911925363843,
          "expected_action_loss_bb": 0.07819063169393861,
          "hand": "Q2s",
          "probability_on_actions_losing_over_0_1bb": 0.1313915979117155,
          "reference_expected_action_loss_bb": 0.058408440510188384,
          "reference_probabilities": [
            0.04796113446354866,
            0.011235954239964485,
            0.5367876887321472,
            0.4040151536464691
          ]
        },
        {
          "action_values_bb": [
            -0.5000005577998391,
            -0.3334053308310846,
            -0.013423619693309253,
            -0.0798225359811885
          ],
          "candidate_probabilities": [
            0.051538363099098206,
            0.01899050921201706,
            0.49937114119529724,
            0.43010005354881287
          ],
          "class_index": 131,
          "conditional_hand_mass": 0.0030165911925363843,
          "expected_action_loss_bb": 0.059712171995820684,
          "hand": "Q3s",
          "probability_on_actions_losing_over_0_1bb": 0.07052887231111526,
          "reference_expected_action_loss_bb": 0.04806457629606653,
          "reference_probabilities": [
            0.029486965388059616,
            0.011235954239964485,
            0.505631148815155,
            0.4536459445953369
          ]
        },
        {
          "action_values_bb": [
            -0.5000005577998391,
            -0.3855479639686095,
            -0.12419415741855193,
            -0.1998276553441563
          ],
          "candidate_probabilities": [
            0.11177185922861099,
            0.014275486581027508,
            0.5543230772018433,
            0.3196295201778412
          ],
          "class_index": 132,
          "conditional_hand_mass": 0.0030165911925363843,
          "expected_action_loss_bb": 0.06991023149026673,
          "hand": "Q4s",
          "probability_on_actions_losing_over_0_1bb": 0.1260473458096385,
          "reference_expected_action_loss_bb": 0.05311338367746671,
          "reference_probabilities": [
            0.048906728625297546,
            0.011235959827899933,
            0.5194435715675354,
            0.4204137325286865
          ]
        },
        {
          "action_values_bb": [
            -0.5000005577998391,
            -0.29935530734151355,
            0.042788151649662036,
            0.00857911646984596
          ],
          "candidate_probabilities": [
            0.034286171197891235,
            0.013887391425669193,
            0.5329549908638,
            0.41887137293815613
          ],
          "class_index": 133,
          "conditional_hand_mass": 0.0030165911925363843,
          "expected_action_loss_bb": 0.037690812287870135,
          "hand": "Q5s",
          "probability_on_actions_losing_over_0_1bb": 0.04817356262356043,
          "reference_expected_action_loss_bb": 0.03387838357403532,
          "reference_probabilities": [
            0.02493557706475258,
            0.01123594120144844,
            0.48151934146881104,
            0.48230913281440735
          ]
        },
        {
          "action_values_bb": [
            -0.5000005577998391,
            -0.2872611532077829,
            0.06229829338040337,
            0.0474541550510015
          ],
          "candidate_probabilities": [
            0.027867980301380157,
            0.013873472809791565,
            0.49179381132125854,
            0.46646472811698914
          ],
          "class_index": 134,
          "conditional_hand_mass": 0.0030165911925363843,
          "expected_action_loss_bb": 0.0274440037357821,
          "hand": "Q6s",
          "probability_on_actions_losing_over_0_1bb": 0.04174145311117172,
          "reference_expected_action_loss_bb": 0.023072572429751616,
          "reference_probabilities": [
            0.020893845707178116,
            0.011235954239964485,
            0.4696025550365448,
            0.49826759099960327
          ]
        },
        {
          "action_values_bb": [
            -0.5000005577998391,
            -0.2844362379003918,
            0.06351657471233023,
            0.06869401084114976
          ],
          "candidate_probabilities": [
            0.020440593361854553,
            0.011611987836658955,
            0.4853321313858032,
            0.48261529207229614
          ],
          "class_index": 135,
          "conditional_hand_mass": 0.0030165911925363843,
          "expected_action_loss_bb": 0.01823777468934271,
          "hand": "Q7s",
          "probability_on_actions_losing_over_0_1bb": 0.03205258119851351,
          "reference_expected_action_loss_bb": 0.017464839002128106,
          "reference_probabilities": [
            0.019559139385819435,
            0.011235945858061314,
            0.45851078629493713,
            0.510694146156311
          ]
        },
        {
          "action_values_bb": [
            -0.5000005577998391,
            -0.18458606913495162,
            0.25327800372114473,
            0.31952658907877496
          ],
          "candidate_probabilities": [
            0.0070792618207633495,
            0.01176848728209734,
            0.441199392080307,
            0.5399528741836548
          ],
          "class_index": 136,
          "conditional_hand_mass": 0.0030165911925363843,
          "expected_action_loss_bb": 0.040963126234876204,
          "hand": "Q8s",
          "probability_on_actions_losing_over_0_1bb": 0.01884774910286069,
          "reference_expected_action_loss_bb": 0.042883675326360046,
          "reference_probabilities": [
            0.011235947720706463,
            0.011235947720706463,
            0.4228215217590332,
            0.5547065734863281
          ]
        },
        {
          "action_values_bb": [
            -0.5000005577998391,
            -0.12878756936860777,
            0.3539642524676445,
            0.4640829584711822
          ],
          "candidate_probabilities": [
            0.005882104393094778,
            0.010118908248841763,
            0.41205647587776184,
            0.5719425082206726
          ],
          "class_index": 137,
          "conditional_hand_mass": 0.0030165911925363843,
          "expected_action_loss_bb": 0.05704516828505833,
          "hand": "Q9s",
          "probability_on_actions_losing_over_0_1bb": 0.4280574885196984,
          "reference_expected_action_loss_bb": 0.062217792874328756,
          "reference_probabilities": [
            0.011235951445996761,
            0.011235951445996761,
            0.406142920255661,
            0.5713850855827332
          ]
        },
        {
          "action_values_bb": [
            -0.5000005577998391,
            -0.05310108433189834,
            0.4914918170763603,
            0.6466992504409718
          ],
          "candidate_probabilities": [
            0.00492610689252615,
            0.00492610689252615,
            0.3748999238014221,
            0.6152478456497192
          ],
          "class_index": 138,
          "conditional_hand_mass": 0.0030165911925363843,
          "expected_action_loss_bb": 0.06728331202335736,
          "hand": "QTs",
          "probability_on_actions_losing_over_0_1bb": 0.3847521375864744,
          "reference_expected_action_loss_bb": 0.08132097302218289,
          "reference_probabilities": [
            0.01123595517128706,
            0.01123595517128706,
            0.3902762830257416,
            0.5872517824172974
          ]
        },
        {
          "action_values_bb": [
            -0.5000005577998391,
            -0.04967929220778416,
            0.4929269740846195,
            0.6647827493582203
          ],
          "candidate_probabilities": [
            0.004926107823848724,
            0.004926107823848724,
            0.3810552954673767,
            0.6090924739837646
          ],
          "class_index": 139,
          "conditional_hand_mass": 0.0030165911925363843,
          "expected_action_loss_bb": 0.074743918439938,
          "hand": "QJs",
          "probability_on_actions_losing_over_0_1bb": 0.39090751111507416,
          "reference_expected_action_loss_bb": 0.08790755461370336,
          "reference_probabilities": [
            0.011235946789383888,
            0.011235946789383888,
            0.38865411281585693,
            0.5888739228248596
          ]
        },
        {
          "action_values_bb": [
            -0.5000005577998391,
            0.6200328234216433,
            1.672817422196219,
            2.2525073102767803
          ],
          "candidate_probabilities": [
            0.004926108755171299,
            0.004926108755171299,
            0.296604722738266,
            0.6935430765151978
          ],
          "class_index": 140,
          "conditional_hand_mass": 0.0045248869052198935,
          "expected_action_loss_bb": 0.1935396584982123,
          "hand": "QQ",
          "probability_on_actions_losing_over_0_1bb": 0.3064569402486086,
          "reference_expected_action_loss_bb": 0.23491319408314254,
          "reference_probabilities": [
            0.01123595330864191,
            0.01123595330864191,
            0.3202466368675232,
            0.6572814583778381
          ]
        },
        {
          "action_values_bb": [
            -0.5000005577998391,
            0.02268341465848395,
            0.6278260309070693,
            0.8783716831052345
          ],
          "candidate_probabilities": [
            0.00492610689252615,
            0.00492610689252615,
            0.34960901737213135,
            0.6405388116836548
          ],
          "class_index": 141,
          "conditional_hand_mass": 0.009049773810439787,
          "expected_action_loss_bb": 0.0985982401452988,
          "hand": "KQo",
          "probability_on_actions_losing_over_0_1bb": 0.35946123115718365,
          "reference_expected_action_loss_bb": 0.11920545022079611,
          "reference_probabilities": [
            0.011235946789383888,
            0.011235946789383888,
            0.3755948841571808,
            0.6019331812858582
          ]
        },
        {
          "action_values_bb": [
            -0.5000005577998391,
            0.045551464937321894,
            0.6493483038546448,
            0.9453205551719821
          ],
          "candidate_probabilities": [
            0.004926108755171299,
            0.004926108755171299,
            0.3472917377948761,
            0.6428560614585876
          ],
          "class_index": 142,
          "conditional_hand_mass": 0.009049773810439787,
          "expected_action_loss_bb": 0.11434088688074176,
          "hand": "AQo",
          "probability_on_actions_losing_over_0_1bb": 0.3571439553052187,
          "reference_expected_action_loss_bb": 0.1379954288554603,
          "reference_probabilities": [
            0.011235959827899933,
            0.011235959827899933,
            0.377218097448349,
            0.6003100275993347
          ]
        },
        {
          "action_values_bb": [
            -0.5000005577998391,
            -0.25916694453362354,
            0.12347416952900621,
            0.15460143032274298
          ],
          "candidate_probabilities": [
            0.004926107358187437,
            0.004926107358187437,
            0.4336380362510681,
            0.556509792804718
          ],
          "class_index": 143,
          "conditional_hand_mass": 0.0030165911925363843,
          "expected_action_loss_bb": 0.01876087135081086,
          "hand": "K2s",
          "probability_on_actions_losing_over_0_1bb": 0.009852214716374874,
          "reference_expected_action_loss_bb": 0.026062360789440176,
          "reference_probabilities": [
            0.011235952377319336,
            0.011235952377319336,
            0.45163634419441223,
            0.5258917808532715
          ]
        },
        {
          "action_values_bb": [
            -0.5000005577998391,
            -0.19964432513037023,
            0.23746944496436898,
            0.29394437000226836
          ],
          "candidate_probabilities": [
            0.004926108289510012,
            0.004926108289510012,
            0.4394673705101013,
            0.5506804585456848
          ],
          "class_index": 144,
          "conditional_hand_mass": 0.0030165911925363843,
          "expected_action_loss_bb": 0.031161416859122437,
          "hand": "K3s",
          "probability_on_actions_losing_over_0_1bb": 0.009852216579020023,
          "reference_expected_action_loss_bb": 0.03884511426220581,
          "reference_probabilities": [
            0.011235951445996761,
            0.011235951445996761,
            0.43166854977607727,
            0.5458595752716064
          ]
        },
        {
          "action_values_bb": [
            -0.5000005577998391,
            -0.22793184243765968,
            0.17523692548166017,
            0.2322427675053084
          ],
          "candidate_probabilities": [
            0.004926108289510012,
            0.004926108289510012,
            0.4487294852733612,
            0.5414183139801025
          ],
          "class_index": 145,
          "conditional_hand_mass": 0.0030165911925363843,
          "expected_action_loss_bb": 0.03145418202423236,
          "hand": "K4s",
          "probability_on_actions_losing_over_0_1bb": 0.009852216579020023,
          "reference_expected_action_loss_bb": 0.03836648807629987,
          "reference_probabilities": [
            0.011235951445996761,
            0.011235951445996761,
            0.4379996359348297,
            0.5395285487174988
          ]
        },
        {
          "action_values_bb": [
            -0.5000005577998391,
            -0.19259328582531443,
            0.2399803499512235,
            0.33254848830045824
          ],
          "candidate_probabilities": [
            0.004926107358187437,
            0.004926107358187437,
            0.4453786015510559,
            0.5447692275047302
          ],
          "class_index": 146,
          "conditional_hand_mass": 0.0030165911925363843,
          "expected_action_loss_bb": 0.04791599874582602,
          "hand": "K5s",
          "probability_on_actions_losing_over_0_1bb": 0.009852214716374874,
          "reference_expected_action_loss_bb": 0.05480626879558389,
          "reference_probabilities": [
            0.011235949583351612,
            0.011235949583351612,
            0.4272671341896057,
            0.5502610206604004
          ]
        },
        {
          "action_values_bb": [
            -0.5000005577998391,
            -0.1490166453669765,
            0.3208131853965523,
            0.43344084408750766
          ],
          "candidate_probabilities": [
            0.004926107358187437,
            0.004926107358187437,
            0.4125402569770813,
            0.5776075124740601
          ],
          "class_index": 147,
          "conditional_hand_mass": 0.0030165911925363843,
          "expected_action_loss_bb": 0.053930923942000907,
          "hand": "K6s",
          "probability_on_actions_losing_over_0_1bb": 0.4223924716934562,
          "reference_expected_action_loss_bb": 0.06359660622192212,
          "reference_probabilities": [
            0.011235956102609634,
            0.011235956102609634,
            0.41343337297439575,
            0.5640947222709656
          ]
        },
        {
          "action_values_bb": [
            -0.5000005577998391,
            -0.16995099728413457,
            0.2735692124238138,
            0.39805715217151477
          ],
          "candidate_probabilities": [
            0.004926108755171299,
            0.004926108755171299,
            0.4125179052352905,
            0.5776299238204956
          ],
          "class_index": 148,
          "conditional_hand_mass": 0.0030165911925363843,
          "expected_action_loss_bb": 0.05857550399755976,
          "hand": "K7s",
          "probability_on_actions_losing_over_0_1bb": 0.4223701227456331,
          "reference_expected_action_loss_bb": 0.06813612973368743,
          "reference_probabilities": [
            0.011235954239964485,
            0.011235954239964485,
            0.41500791907310486,
            0.5625202059745789
          ]
        },
        {
          "action_values_bb": [
            -0.5000005577998391,
            -0.09981380331481851,
            0.4075217758859411,
            0.5654992742404316
          ],
          "candidate_probabilities": [
            0.0049261064268648624,
            0.0049261064268648624,
            0.38511812686920166,
            0.6050296425819397
          ],
          "class_index": 149,
          "conditional_hand_mass": 0.0030165911925363843,
          "expected_action_loss_bb": 0.06936616685142294,
          "hand": "K8s",
          "probability_on_actions_losing_over_0_1bb": 0.3949703397229314,
          "reference_expected_action_loss_bb": 0.08254371831666903,
          "reference_probabilities": [
            0.011235963553190231,
            0.011235963553190231,
            0.3994009792804718,
            0.5781271457672119
          ]
        },
        {
          "action_values_bb": [
            -0.5000005577998391,
            -0.03764823918085234,
            0.5161809986104586,
            0.7056720186528266
          ],
          "candidate_probabilities": [
            0.004926107358187437,
            0.004926107358187437,
            0.38716572523117065,
            0.6029821038246155
          ],
          "class_index": 150,
          "conditional_hand_mass": 0.0030165911925363843,
          "expected_action_loss_bb": 0.08296537614153023,
          "hand": "K9s",
          "probability_on_actions_losing_over_0_1bb": 0.39701793994754553,
          "reference_expected_action_loss_bb": 0.095485655048722,
          "reference_probabilities": [
            0.011235958896577358,
            0.011235958896577358,
            0.3883395195007324,
            0.5891885161399841
          ]
        },
        {
          "action_values_bb": [
            -0.5000005577998391,
            -0.02180946239251507,
            0.5346826304848769,
            0.7559734784769834
          ],
          "candidate_probabilities": [
            0.004926108755171299,
            0.004926108755171299,
            0.3566821217536926,
            0.6334656476974487
          ],
          "class_index": 151,
          "conditional_hand_mass": 0.0030165911925363843,
          "expected_action_loss_bb": 0.08894899723750962,
          "hand": "KTs",
          "probability_on_actions_losing_over_0_1bb": 0.3665343392640352,
          "reference_expected_action_loss_bb": 0.1082301566080397,
          "reference_probabilities": [
            0.011235954239964485,
            0.011235954239964485,
            0.3858223557472229,
            0.5917056798934937
          ]
        },
        {
          "action_values_bb": [
            -0.5000005577998391,
            0.04540974891569909,
            0.663852897026431,
            0.9237086004058304
          ],
          "candidate_probabilities": [
            0.0049261064268648624,
            0.0049261064268648624,
            0.3534105718135834,
            0.6367372274398804
          ],
          "class_index": 152,
          "conditional_hand_mass": 0.0030165911925363843,
          "expected_action_loss_bb": 0.1031756891715913,
          "hand": "KJs",
          "probability_on_actions_losing_over_0_1bb": 0.3632627846673131,
          "reference_expected_action_loss_bb": 0.12293174937327492,
          "reference_probabilities": [
            0.011235959827899933,
            0.011235959827899933,
            0.37353992462158203,
            0.6039881706237793
          ]
        },
        {
          "action_values_bb": [
            -0.5000005577998391,
            0.10922198853163531,
            0.7849598570049123,
            1.0831639894340315
          ],
          "candidate_probabilities": [
            0.004926108755171299,
            0.004926108755171299,
            0.3380913734436035,
            0.6520564556121826
          ],
          "class_index": 153,
          "conditional_hand_mass": 0.0030165911925363843,
          "expected_action_loss_bb": 0.11341682965419904,
          "hand": "KQs",
          "probability_on_actions_losing_over_0_1bb": 0.3479435909539461,
          "reference_expected_action_loss_bb": 0.13725098298370733,
          "reference_probabilities": [
            0.011235949583351612,
            0.011235949583351612,
            0.3639099895954132,
            0.6136181354522705
          ]
        },
        {
          "action_values_bb": [
            -0.5000005577998391,
            0.774330733159713,
            1.9610063204919546,
            2.680602572572858
          ],
          "candidate_probabilities": [
            0.004926108755171299,
            0.004926108755171299,
            0.28342920541763306,
            0.7067185640335083
          ],
          "class_index": 154,
          "conditional_hand_mass": 0.0045248869052198935,
          "expected_action_loss_bb": 0.229013093273921,
          "hand": "KK",
          "probability_on_actions_losing_over_0_1bb": 0.29328142292797565,
          "reference_expected_action_loss_bb": 0.2793759113090406,
          "reference_probabilities": [
            0.011235945858061314,
            0.011235945858061314,
            0.30881214141845703,
            0.6687160134315491
          ]
        },
        {
          "action_values_bb": [
            -0.5000005577998391,
            0.12279445168895593,
            0.7934717585941461,
            1.135608826128832
          ],
          "candidate_probabilities": [
            0.004926108755171299,
            0.004926108755171299,
            0.3401884436607361,
            0.6499593257904053
          ],
          "class_index": 155,
          "conditional_hand_mass": 0.009049773810439787,
          "expected_action_loss_bb": 0.12943749998677592,
          "hand": "AKo",
          "probability_on_actions_losing_over_0_1bb": 0.3500406611710787,
          "reference_expected_action_loss_bb": 0.1554130868950884,
          "reference_probabilities": [
            0.011235951445996761,
            0.011235951445996761,
            0.36726662516593933,
            0.6102614402770996
          ]
        },
        {
          "action_values_bb": [
            -0.5000005577998391,
            -0.18861387979537422,
            0.24211611905183944,
            0.3693504792740173
          ],
          "candidate_probabilities": [
            0.004926107358187437,
            0.004926107358187437,
            0.421326607465744,
            0.5688211917877197
          ],
          "class_index": 156,
          "conditional_hand_mass": 0.0030165911925363843,
          "expected_action_loss_bb": 0.06063833022088009,
          "hand": "A2s",
          "probability_on_actions_losing_over_0_1bb": 0.4311788221821189,
          "reference_expected_action_loss_bb": 0.07025898454300775,
          "reference_probabilities": [
            0.011235946789383888,
            0.011235946789383888,
            0.4261564612388611,
            0.5513716340065002
          ]
        },
        {
          "action_values_bb": [
            -0.5000005577998391,
            -0.12031937759454397,
            0.3725599355927119,
            0.5234191022893345
          ],
          "candidate_probabilities": [
            0.004926107358187437,
            0.004926107358187437,
            0.3861079812049866,
            0.6040397882461548
          ],
          "class_index": 157,
          "conditional_hand_mass": 0.0030165911925363843,
          "expected_action_loss_bb": 0.06646052828008285,
          "hand": "A3s",
          "probability_on_actions_losing_over_0_1bb": 0.39596019592136145,
          "reference_expected_action_loss_bb": 0.08042351292394992,
          "reference_probabilities": [
            0.011235958896577358,
            0.011235958896577358,
            0.4089336693286896,
            0.5685945153236389
          ]
        },
        {
          "action_values_bb": [
            -0.5000005577998391,
            -0.10509026440951928,
            0.39777558720828615,
            0.5591322369880792
          ],
          "candidate_probabilities": [
            0.004926109686493874,
            0.004926109686493874,
            0.4107188582420349,
            0.5794289708137512
          ],
          "class_index": 158,
          "conditional_hand_mass": 0.0030165911925363843,
          "expected_action_loss_bb": 0.07476165618512651,
          "hand": "A4s",
          "probability_on_actions_losing_over_0_1bb": 0.42057107761502266,
          "reference_expected_action_loss_bb": 0.0846041918299982,
          "reference_probabilities": [
            0.011235946789383888,
            0.011235946789383888,
            0.40432584285736084,
            0.5732022523880005
          ]
        },
        {
          "action_values_bb": [
            -0.5000005577998391,
            -0.0745570139611102,
            0.4518689703386837,
            0.6411353829791717
          ],
          "candidate_probabilities": [
            0.004926105961203575,
            0.004926105961203575,
            0.384867787361145,
            0.6052800416946411
          ],
          "class_index": 159,
          "conditional_hand_mass": 0.0030165911925363843,
          "expected_action_loss_bb": 0.08198947859809681,
          "hand": "A5s",
          "probability_on_actions_losing_over_0_1bb": 0.39471999928355217,
          "reference_expected_action_loss_bb": 0.09631103076783502,
          "reference_probabilities": [
            0.011235947720706463,
            0.011235947720706463,
            0.39863282442092896,
            0.5788952708244324
          ]
        },
        {
          "action_values_bb": [
            -0.5000005577998391,
            -0.08137083339014628,
            0.43678352160110867,
            0.628827343596024
          ],
          "candidate_probabilities": [
            0.0049261064268648624,
            0.0049261064268648624,
            0.3990212380886078,
            0.591126561164856
          ],
          "class_index": 160,
          "conditional_hand_mass": 0.0030165911925363843,
          "expected_action_loss_bb": 0.08568880180356914,
          "hand": "A6s",
          "probability_on_actions_losing_over_0_1bb": 0.4088734509423375,
          "reference_expected_action_loss_bb": 0.09746167719271984,
          "reference_probabilities": [
            0.011235950514674187,
            0.011235950514674187,
            0.39990076422691345,
            0.5776273012161255
          ]
        },
        {
          "action_values_bb": [
            -0.5000005577998391,
            -0.06855979800208493,
            0.4535253879497881,
            0.6612520623099607
          ],
          "candidate_probabilities": [
            0.004926107823848724,
            0.004926107823848724,
            0.38126155734062195,
            0.6088862419128418
          ],
          "class_index": 161,
          "conditional_hand_mass": 0.0030165911925363843,
          "expected_action_loss_bb": 0.08851378290015613,
          "hand": "A7s",
          "probability_on_actions_losing_over_0_1bb": 0.3911137729883194,
          "reference_expected_action_loss_bb": 0.10357507870043572,
          "reference_probabilities": [
            0.011235949583351612,
            0.011235949583351612,
            0.3963245153427124,
            0.5812035202980042
          ]
        },
        {
          "action_values_bb": [
            -0.5000005577998391,
            -0.010782325120453776,
            0.5584023868874893,
            0.7922298482412571
          ],
          "candidate_probabilities": [
            0.0049261064268648624,
            0.0049261064268648624,
            0.3755166530609131,
            0.614631175994873
          ],
          "class_index": 162,
          "conditional_hand_mass": 0.0030165911925363843,
          "expected_action_loss_bb": 0.09812749361753394,
          "hand": "A8s",
          "probability_on_actions_losing_over_0_1bb": 0.3853688659146428,
          "reference_expected_action_loss_bb": 0.11405663949680654,
          "reference_probabilities": [
            0.011235959827899933,
            0.011235959827899933,
            0.38709986209869385,
            0.5904281735420227
          ]
        },
        {
          "action_values_bb": [
            -0.5000005577998391,
            0.004909665090778825,
            0.5807335935572879,
            0.823728185377959
          ],
          "candidate_probabilities": [
            0.004926107358187437,
            0.004926107358187437,
            0.3780379295349121,
            0.612109899520874
          ],
          "class_index": 163,
          "conditional_hand_mass": 0.0030165911925363843,
          "expected_action_loss_bb": 0.10241559021988676,
          "hand": "A9s",
          "probability_on_actions_losing_over_0_1bb": 0.387890144251287,
          "reference_expected_action_loss_bb": 0.11785253268419157,
          "reference_probabilities": [
            0.011235951445996761,
            0.011235951445996761,
            0.38593029975891113,
            0.5915977954864502
          ]
        },
        {
          "action_values_bb": [
            -0.5000005577998391,
            0.050212816133058814,
            0.6567152283074742,
            0.9359127650633846
          ],
          "candidate_probabilities": [
            0.004926107358187437,
            0.004926107358187437,
            0.3583001494407654,
            0.631847620010376
          ],
          "class_index": 164,
          "conditional_hand_mass": 0.0030165911925363843,
          "expected_action_loss_bb": 0.1114730353641841,
          "hand": "ATs",
          "probability_on_actions_losing_over_0_1bb": 0.36815236415714025,
          "reference_expected_action_loss_bb": 0.13184029521414214,
          "reference_probabilities": [
            0.011235951445996761,
            0.011235951445996761,
            0.37878113985061646,
            0.5987470149993896
          ]
        },
        {
          "action_values_bb": [
            -0.5000005577998391,
            0.034127100581227435,
            0.6201590101408011,
            0.912620965092886
          ],
          "candidate_probabilities": [
            0.004926110152155161,
            0.004926110152155161,
            0.3645324110984802,
            0.6256153583526611
          ],
          "class_index": 165,
          "conditional_hand_mass": 0.0030165911925363843,
          "expected_action_loss_bb": 0.11789814836291027,
          "hand": "AJs",
          "probability_on_actions_losing_over_0_1bb": 0.37438463140279055,
          "reference_expected_action_loss_bb": 0.13690305171385914,
          "reference_probabilities": [
            0.011235951445996761,
            0.011235951445996761,
            0.3800842761993408,
            0.5974437594413757
          ]
        },
        {
          "action_values_bb": [
            -0.5000005577998391,
            0.146374115112533,
            0.8370941231448507,
            1.1848274725097645
          ],
          "candidate_probabilities": [
            0.004926109220832586,
            0.004926109220832586,
            0.32877635955810547,
            0.6613714694976807
          ],
          "class_index": 166,
          "conditional_hand_mass": 0.0030165911925363843,
          "expected_action_loss_bb": 0.12774168625604762,
          "hand": "AQs",
          "probability_on_actions_losing_over_0_1bb": 0.33862857799977064,
          "reference_expected_action_loss_bb": 0.15668655163134887,
          "reference_probabilities": [
            0.01123595517128706,
            0.01123595517128706,
            0.36259934306144714,
            0.6149287819862366
          ]
        },
        {
          "action_values_bb": [
            -0.5000005577998391,
            0.21169526527101015,
            0.9570770544697741,
            1.3470351698996332
          ],
          "candidate_probabilities": [
            0.004926107358187437,
            0.004926107358187437,
            0.3361627757549286,
            0.6539850234985352
          ],
          "class_index": 167,
          "conditional_hand_mass": 0.0030165911925363843,
          "expected_action_loss_bb": 0.14578090505835264,
          "hand": "AKs",
          "probability_on_actions_losing_over_0_1bb": 0.34601499047130346,
          "reference_expected_action_loss_bb": 0.17203861455283145,
          "reference_probabilities": [
            0.011235943995416164,
            0.011235943995416164,
            0.35524022579193115,
            0.622287929058075
          ]
        },
        {
          "action_values_bb": [
            -0.5000005577998391,
            0.889482931944701,
            2.1715056009301623,
            2.9772821760639414
          ],
          "candidate_probabilities": [
            0.00492610689252615,
            0.00492610689252615,
            0.27893128991127014,
            0.7112164497375488
          ],
          "class_index": 168,
          "conditional_hand_mass": 0.0045248869052198935,
          "expected_action_loss_bb": 0.25217048817156573,
          "hand": "AA",
          "probability_on_actions_losing_over_0_1bb": 0.28878350369632244,
          "reference_expected_action_loss_bb": 0.30571461180304177,
          "reference_probabilities": [
            0.011235957033932209,
            0.011235957033932209,
            0.30180275440216064,
            0.6757252812385559
          ]
        }
      ],
      "joint_reach_independent_model": 1.4330599463602386e-8,
      "opponent_mass": 1.4330598929745975e-8,
      "passes_local_tail_gate": false,
      "path": [
        1
      ],
      "position": "SB",
      "reference_weighted_action_loss_bb": 0.05625807796044082,
      "scope": "One-action deviation followed by reference play, same reference arriving ranges; excludes physical-deal validation",
      "status": "evaluated",
      "weighted_action_loss_bb": 0.04870168909764369,
      "weighted_excess_action_loss_bb": -0.00755638886279713,
      "worst_relevant_probability_on_strongly_inferior_actions": 0.48599083721637726
    },
    {
      "actions": [
        {
          "kind": "fold",
          "label": "Fold",
          "to": 0.0
        },
        {
          "kind": "call",
          "label": "Call 2",
          "to": 2.0
        }
      ],
      "actor": 1,
      "actor_mass": 1.000000037252903,
      "forced_or_frozen": false,
      "hands": [
        {
          "action_values_bb": [
            -0.5,
            -0.15352323256918557
          ],
          "candidate_probabilities": [
            1.4777598380533163e-6,
            0.9999985098838806
          ],
          "class_index": 0,
          "conditional_hand_mass": 0.0045248869052198935,
          "expected_action_loss_bb": 5.12009451727797e-7,
          "hand": "22",
          "probability_on_actions_losing_over_0_1bb": 1.4777598380533163e-6,
          "reference_expected_action_loss_bb": 4.1452715916039826e-9,
          "reference_probabilities": [
            1.1964067958558644e-8,
            1.0
          ]
        },
        {
          "action_values_bb": [
            -0.5,
            -0.9658611828167069
          ],
          "candidate_probabilities": [
            0.9999985098838806,
            1.4777598380533163e-6
          ],
          "class_index": 1,
          "conditional_hand_mass": 0.009049773810439787,
          "expected_action_loss_bb": 6.884309460745431e-7,
          "hand": "32o",
          "probability_on_actions_losing_over_0_1bb": 1.4777598380533163e-6,
          "reference_expected_action_loss_bb": 5.573594850473593e-9,
          "reference_probabilities": [
            1.0,
            1.1964067958558644e-8
          ]
        },
        {
          "action_values_bb": [
            -0.5,
            -0.8031878392685582
          ],
          "candidate_probabilities": [
            0.9999985098838806,
            1.4777598380533163e-6
          ],
          "class_index": 2,
          "conditional_hand_mass": 0.009049773810439787,
          "expected_action_loss_bb": 4.4803881225723947e-7,
          "hand": "42o",
          "probability_on_actions_losing_over_0_1bb": 1.4777598380533163e-6,
          "reference_expected_action_loss_bb": 3.6273599132175853e-9,
          "reference_probabilities": [
            1.0,
            1.1964067958558644e-8
          ]
        },
        {
          "action_values_bb": [
            -0.5,
            -0.7360021576101995
          ],
          "candidate_probabilities": [
            0.9999985098838806,
            1.4777598380533163e-6
          ],
          "class_index": 3,
          "conditional_hand_mass": 0.009049773810439787,
          "expected_action_loss_bb": 3.4875451021028164e-7,
          "hand": "52o",
          "probability_on_actions_losing_over_0_1bb": 1.4777598380533163e-6,
          "reference_expected_action_loss_bb": 2.8235458520148947e-9,
          "reference_probabilities": [
            1.0,
            1.1964067958558644e-8
          ]
        },
        {
          "action_values_bb": [
            -0.5,
            -0.8102371486728935
          ],
          "candidate_probabilities": [
            0.9999985098838806,
            1.4777598380533163e-6
          ],
          "class_index": 4,
          "conditional_hand_mass": 0.009049773810439787,
          "expected_action_loss_bb": 4.5845599858097776e-7,
          "hand": "62o",
          "probability_on_actions_losing_over_0_1bb": 1.4777598380533163e-6,
          "reference_expected_action_loss_bb": 3.71169832999196e-9,
          "reference_probabilities": [
            1.0,
            1.1964067958558644e-8
          ]
        },
        {
          "action_values_bb": [
            -0.5,
            -0.8949495565706094
          ],
          "candidate_probabilities": [
            0.9999985098838806,
            1.4777598380533163e-6
          ],
          "class_index": 5,
          "conditional_hand_mass": 0.009049773810439787,
          "expected_action_loss_bb": 5.836405927570128e-7,
          "hand": "72o",
          "probability_on_actions_losing_over_0_1bb": 1.4777598380533163e-6,
          "reference_expected_action_loss_bb": 4.725203335013372e-9,
          "reference_probabilities": [
            1.0,
            1.1964067958558644e-8
          ]
        },
        {
          "action_values_bb": [
            -0.5,
            -0.9645316966489113
          ],
          "candidate_probabilities": [
            0.9999859929084778,
            0.00001396424340782687
          ],
          "class_index": 6,
          "conditional_hand_mass": 0.009049773810439787,
          "expected_action_loss_bb": 6.486833682656191e-6,
          "hand": "82o",
          "probability_on_actions_losing_over_0_1bb": 0.00001396424340782687,
          "reference_expected_action_loss_bb": 5.5576887876121226e-9,
          "reference_probabilities": [
            1.0,
            1.1964067958558644e-8
          ]
        },
        {
          "action_values_bb": [
            -0.5,
            -0.7473888630465341
          ],
          "candidate_probabilities": [
            0.9999825358390808,
            0.000017438380382372998
          ],
          "class_index": 7,
          "conditional_hand_mass": 0.009049773810439787,
          "expected_action_loss_bb": 4.31406109616824e-6,
          "hand": "92o",
          "probability_on_actions_losing_over_0_1bb": 0.000017438380382372998,
          "reference_expected_action_loss_bb": 3.995009801455722e-8,
          "reference_probabilities": [
            0.9999998211860657,
            1.614870512867128e-7
          ]
        },
        {
          "action_values_bb": [
            -0.5,
            -0.7811407022873946
          ],
          "candidate_probabilities": [
            0.9999805688858032,
            0.00001947205419128295
          ],
          "class_index": 8,
          "conditional_hand_mass": 0.009049773810439787,
          "expected_action_loss_bb": 5.4743869903154944e-6,
          "hand": "T2o",
          "probability_on_actions_losing_over_0_1bb": 0.00001947205419128295,
          "reference_expected_action_loss_bb": 6.597604691946333e-8,
          "reference_probabilities": [
            0.9999997615814209,
            2.3467269727461826e-7
          ]
        },
        {
          "action_values_bb": [
            -0.5,
            -0.7401259488300338
          ],
          "candidate_probabilities": [
            0.9999452829360962,
            0.00005472269913298078
          ],
          "class_index": 9,
          "conditional_hand_mass": 0.009049773810439787,
          "expected_action_loss_bb": 0.000013140340051847478,
          "hand": "J2o",
          "probability_on_actions_losing_over_0_1bb": 0.00005472269913298078,
          "reference_expected_action_loss_bb": 4.2833451817786813e-7,
          "reference_probabilities": [
            0.999998152256012,
            1.7837910490925424e-6
          ]
        },
        {
          "action_values_bb": [
            -0.5,
            -0.4167819492802079
          ],
          "candidate_probabilities": [
            0.7109389305114746,
            0.28906112909317017
          ],
          "class_index": 10,
          "conditional_hand_mass": 0.009049773810439787,
          "expected_action_loss_bb": 0.05916295197797865,
          "hand": "Q2o",
          "probability_on_actions_losing_over_0_1bb": -0.0,
          "reference_expected_action_loss_bb": 9.956264141903728e-10,
          "reference_probabilities": [
            1.1964067958558644e-8,
            1.0
          ]
        },
        {
          "action_values_bb": [
            -0.5,
            -0.31158438411211437
          ],
          "candidate_probabilities": [
            1.4777598380533163e-6,
            0.9999985098838806
          ],
          "class_index": 11,
          "conditional_hand_mass": 0.009049773810439787,
          "expected_action_loss_bb": 2.7843303002119776e-7,
          "hand": "K2o",
          "probability_on_actions_losing_over_0_1bb": 1.4777598380533163e-6,
          "reference_expected_action_loss_bb": 2.2542172329363456e-9,
          "reference_probabilities": [
            1.1964067958558644e-8,
            1.0
          ]
        },
        {
          "action_values_bb": [
            -0.5,
            -0.04007984893222574
          ],
          "candidate_probabilities": [
            1.4777598380533163e-6,
            0.9999985098838806
          ],
          "class_index": 12,
          "conditional_hand_mass": 0.009049773810439787,
          "expected_action_loss_bb": 6.79651527959371e-7,
          "hand": "A2o",
          "probability_on_actions_losing_over_0_1bb": 1.4777598380533163e-6,
          "reference_expected_action_loss_bb": 5.50251594288541e-9,
          "reference_probabilities": [
            1.1964067958558644e-8,
            1.0
          ]
        },
        {
          "action_values_bb": [
            -0.5,
            -0.8300519970384573
          ],
          "candidate_probabilities": [
            0.999986469745636,
            0.0000135344753289246
          ],
          "class_index": 13,
          "conditional_hand_mass": 0.0030165911925363843,
          "expected_action_loss_bb": 4.467080611179296e-6,
          "hand": "32s",
          "probability_on_actions_losing_over_0_1bb": 0.0000135344753289246,
          "reference_expected_action_loss_bb": 4.1362238121781024e-8,
          "reference_probabilities": [
            0.9999998807907104,
            1.2532036919310485e-7
          ]
        },
        {
          "action_values_bb": [
            -0.5,
            0.004149822799820036
          ],
          "candidate_probabilities": [
            1.4777598380533163e-6,
            0.9999985098838806
          ],
          "class_index": 14,
          "conditional_hand_mass": 0.0045248869052198935,
          "expected_action_loss_bb": 7.450123604952701e-7,
          "hand": "33",
          "probability_on_actions_losing_over_0_1bb": 1.4777598380533163e-6,
          "reference_expected_action_loss_bb": 6.031682741272345e-9,
          "reference_probabilities": [
            1.1964067958558644e-8,
            1.0
          ]
        },
        {
          "action_values_bb": [
            -0.5,
            -0.847924768332565
          ],
          "candidate_probabilities": [
            0.9999985098838806,
            1.4777598380533163e-6
          ],
          "class_index": 15,
          "conditional_hand_mass": 0.009049773810439787,
          "expected_action_loss_bb": 5.141492493058689e-7,
          "hand": "43o",
          "probability_on_actions_losing_over_0_1bb": 1.4777598380533163e-6,
          "reference_expected_action_loss_bb": 4.162595572796581e-9,
          "reference_probabilities": [
            1.0,
            1.1964067958558644e-8
          ]
        },
        {
          "action_values_bb": [
            -0.5,
            -0.7578139523998724
          ],
          "candidate_probabilities": [
            0.9999837279319763,
            0.00001626006451260764
          ],
          "class_index": 16,
          "conditional_hand_mass": 0.009049773810439787,
          "expected_action_loss_bb": 4.19207149827228e-6,
          "hand": "53o",
          "probability_on_actions_losing_over_0_1bb": 0.00001626006451260764,
          "reference_expected_action_loss_bb": 4.0831193633500046e-8,
          "reference_probabilities": [
            0.9999998211860657,
            1.5837464673040813e-7
          ]
        },
        {
          "action_values_bb": [
            -0.5,
            -0.7804240699754289
          ],
          "candidate_probabilities": [
            0.9999799728393555,
            0.000020008152205264196
          ],
          "class_index": 17,
          "conditional_hand_mass": 0.009049773810439787,
          "expected_action_loss_bb": 5.610767474088039e-6,
          "hand": "63o",
          "probability_on_actions_losing_over_0_1bb": 0.000020008152205264196,
          "reference_expected_action_loss_bb": 3.933188530068261e-8,
          "reference_probabilities": [
            0.9999998211860657,
            1.4025859229604976e-7
          ]
        },
        {
          "action_values_bb": [
            -0.5,
            -0.8967075671235811
          ],
          "candidate_probabilities": [
            0.9999985098838806,
            1.4777598380533163e-6
          ],
          "class_index": 18,
          "conditional_hand_mass": 0.009049773810439787,
          "expected_action_loss_bb": 5.862385101470684e-7,
          "hand": "73o",
          "probability_on_actions_losing_over_0_1bb": 1.4777598380533163e-6,
          "reference_expected_action_loss_bb": 4.639613875713566e-8,
          "reference_probabilities": [
            0.9999999403953552,
            1.1695299662051184e-7
          ]
        },
        {
          "action_values_bb": [
            -0.5,
            -0.9658767846454165
          ],
          "candidate_probabilities": [
            0.9999803304672241,
            0.000019673589122248814
          ],
          "class_index": 19,
          "conditional_hand_mass": 0.009049773810439787,
          "expected_action_loss_bb": 9.165468442708319e-6,
          "hand": "83o",
          "probability_on_actions_losing_over_0_1bb": 0.000019673589122248814,
          "reference_expected_action_loss_bb": 6.44745452347093e-8,
          "reference_probabilities": [
            0.9999998211860657,
            1.383939860488681e-7
          ]
        },
        {
          "action_values_bb": [
            -0.5,
            -0.8190431538693543
          ],
          "candidate_probabilities": [
            0.9999810457229614,
            0.000018945949705084786
          ],
          "class_index": 20,
          "conditional_hand_mass": 0.009049773810439787,
          "expected_action_loss_bb": 6.044575546960414e-6,
          "hand": "93o",
          "probability_on_actions_losing_over_0_1bb": 0.000018945949705084786,
          "reference_expected_action_loss_bb": 6.500730669972597e-8,
          "reference_probabilities": [
            0.9999997615814209,
            2.0375709652853402e-7
          ]
        },
        {
          "action_values_bb": [
            -0.5,
            -0.783947716694281
          ],
          "candidate_probabilities": [
            0.9999752044677734,
            0.00002481991032254882
          ],
          "class_index": 21,
          "conditional_hand_mass": 0.009049773810439787,
          "expected_action_loss_bb": 7.0475568646445526e-6,
          "hand": "T3o",
          "probability_on_actions_losing_over_0_1bb": 0.00002481991032254882,
          "reference_expected_action_loss_bb": 4.921535023508819e-7,
          "reference_probabilities": [
            0.9999982714653015,
            1.7332539528069901e-6
          ]
        },
        {
          "action_values_bb": [
            -0.5,
            -0.7926713302110393
          ],
          "candidate_probabilities": [
            0.9998893141746521,
            0.00011069184984080493
          ],
          "class_index": 22,
          "conditional_hand_mass": 0.009049773810439787,
          "expected_action_loss_bb": 0.000032396330936428997,
          "hand": "J3o",
          "probability_on_actions_losing_over_0_1bb": 0.00011069184984080493,
          "reference_expected_action_loss_bb": 7.302993192687419e-6,
          "reference_probabilities": [
            0.9999750852584839,
            0.00002495288208592683
          ]
        },
        {
          "action_values_bb": [
            -0.5,
            -0.4997054497450635
          ],
          "candidate_probabilities": [
            0.011286838911473751,
            0.9887131452560425
          ],
          "class_index": 23,
          "conditional_hand_mass": 0.009049773810439787,
          "expected_action_loss_bb": 3.324541278802037e-6,
          "hand": "Q3o",
          "probability_on_actions_losing_over_0_1bb": -0.0,
          "reference_expected_action_loss_bb": 0.0001812380358507284,
          "reference_probabilities": [
            0.6153042912483215,
            0.3846956491470337
          ]
        },
        {
          "action_values_bb": [
            -0.5,
            -0.296962643875375
          ],
          "candidate_probabilities": [
            1.4777598380533163e-6,
            0.9999985098838806
          ],
          "class_index": 24,
          "conditional_hand_mass": 0.009049773810439787,
          "expected_action_loss_bb": 3.0004045050549933e-7,
          "hand": "K3o",
          "probability_on_actions_losing_over_0_1bb": 1.4777598380533163e-6,
          "reference_expected_action_loss_bb": 2.429152726801086e-9,
          "reference_probabilities": [
            1.1964067958558644e-8,
            1.0
          ]
        },
        {
          "action_values_bb": [
            -0.5,
            0.08071185359454301
          ],
          "candidate_probabilities": [
            1.4777598380533163e-6,
            0.9999985098838806
          ],
          "class_index": 25,
          "conditional_hand_mass": 0.009049773810439787,
          "expected_action_loss_bb": 8.581526547235131e-7,
          "hand": "A3o",
          "probability_on_actions_losing_over_0_1bb": 1.4777598380533163e-6,
          "reference_expected_action_loss_bb": 6.94767608074567e-9,
          "reference_probabilities": [
            1.1964067958558644e-8,
            1.0
          ]
        },
        {
          "action_values_bb": [
            -0.5,
            -0.6605961528870526
          ],
          "candidate_probabilities": [
            0.9999786019325256,
            0.000021402667698566802
          ],
          "class_index": 26,
          "conditional_hand_mass": 0.0030165911925363843,
          "expected_action_loss_bb": 3.4371860939098173e-6,
          "hand": "42s",
          "probability_on_actions_losing_over_0_1bb": 0.000021402667698566802,
          "reference_expected_action_loss_bb": 2.7763416754316766e-8,
          "reference_probabilities": [
            0.9999998807907104,
            1.728772218712038e-7
          ]
        },
        {
          "action_values_bb": [
            -0.5,
            -0.6089356055556183
          ],
          "candidate_probabilities": [
            0.9990035891532898,
            0.0009964428609237075
          ],
          "class_index": 27,
          "conditional_hand_mass": 0.0030165911925363843,
          "expected_action_loss_bb": 0.00010854810645629684,
          "hand": "43s",
          "probability_on_actions_losing_over_0_1bb": 0.0009964428609237075,
          "reference_expected_action_loss_bb": 0.000015369176144439595,
          "reference_probabilities": [
            0.9998589158058167,
            0.0001410849654348567
          ]
        },
        {
          "action_values_bb": [
            -0.5,
            0.14840646822017056
          ],
          "candidate_probabilities": [
            1.4777598380533163e-6,
            0.9999985098838806
          ],
          "class_index": 28,
          "conditional_hand_mass": 0.0045248869052198935,
          "expected_action_loss_bb": 9.58189037469762e-7,
          "hand": "44",
          "probability_on_actions_losing_over_0_1bb": 1.4777598380533163e-6,
          "reference_expected_action_loss_bb": 7.757579050555116e-9,
          "reference_probabilities": [
            1.1964067958558644e-8,
            1.0
          ]
        },
        {
          "action_values_bb": [
            -0.5,
            -0.5267136176529958
          ],
          "candidate_probabilities": [
            0.999734103679657,
            0.00026584562147036195
          ],
          "class_index": 29,
          "conditional_hand_mass": 0.009049773810439787,
          "expected_action_loss_bb": 7.101698286682313e-6,
          "hand": "54o",
          "probability_on_actions_losing_over_0_1bb": -0.0,
          "reference_expected_action_loss_bb": 7.700426806225707e-8,
          "reference_probabilities": [
            0.9999971389770508,
            2.8825847948610317e-6
          ]
        },
        {
          "action_values_bb": [
            -0.5,
            -0.5990286196264519
          ],
          "candidate_probabilities": [
            0.9999784827232361,
            0.00002150161162717268
          ],
          "class_index": 30,
          "conditional_hand_mass": 0.009049773810439787,
          "expected_action_loss_bb": 2.1292749191829793e-6,
          "hand": "64o",
          "probability_on_actions_losing_over_0_1bb": -0.0,
          "reference_expected_action_loss_bb": 5.370523851051683e-8,
          "reference_probabilities": [
            0.999999463558197,
            5.423203788268438e-7
          ]
        },
        {
          "action_values_bb": [
            -0.5,
            -0.7030637170795936
          ],
          "candidate_probabilities": [
            0.9999818205833435,
            0.00001814665665733628
          ],
          "class_index": 31,
          "conditional_hand_mass": 0.009049773810439787,
          "expected_action_loss_bb": 3.684927553405858e-6,
          "hand": "74o",
          "probability_on_actions_losing_over_0_1bb": 0.00001814665665733628,
          "reference_expected_action_loss_bb": 3.310027669956823e-8,
          "reference_probabilities": [
            0.9999998211860657,
            1.6300438687721908e-7
          ]
        },
        {
          "action_values_bb": [
            -0.5,
            -0.7351214431446135
          ],
          "candidate_probabilities": [
            0.9996188282966614,
            0.0003811140777543187
          ],
          "class_index": 32,
          "conditional_hand_mass": 0.009049773810439787,
          "expected_action_loss_bb": 0.00008960809196432385,
          "hand": "84o",
          "probability_on_actions_losing_over_0_1bb": 0.0003811140777543187,
          "reference_expected_action_loss_bb": 1.321206150277136e-7,
          "reference_probabilities": [
            0.999999463558197,
            5.619249918709102e-7
          ]
        },
        {
          "action_values_bb": [
            -0.5,
            -0.7230788035220514
          ],
          "candidate_probabilities": [
            0.9999793767929077,
            0.00002063664942397736
          ],
          "class_index": 33,
          "conditional_hand_mass": 0.009049773810439787,
          "expected_action_loss_bb": 4.603599062204902e-6,
          "hand": "94o",
          "probability_on_actions_losing_over_0_1bb": 0.00002063664942397736,
          "reference_expected_action_loss_bb": 4.259341449690659e-8,
          "reference_probabilities": [
            0.9999998211860657,
            1.9093438652362238e-7
          ]
        },
        {
          "action_values_bb": [
            -0.5,
            -0.7074956005910814
          ],
          "candidate_probabilities": [
            0.9981887936592102,
            0.0018111697863787413
          ],
          "class_index": 34,
          "conditional_hand_mass": 0.009049773810439787,
          "expected_action_loss_bb": 0.00037580976259707756,
          "hand": "T4o",
          "probability_on_actions_losing_over_0_1bb": 0.0018111697863787413,
          "reference_expected_action_loss_bb": 1.4567921920728134e-7,
          "reference_probabilities": [
            0.9999992847442627,
            7.020834118520725e-7
          ]
        },
        {
          "action_values_bb": [
            -0.5,
            -0.6350120462771276
          ],
          "candidate_probabilities": [
            0.9999484419822693,
            0.000051550043281167746
          ],
          "class_index": 35,
          "conditional_hand_mass": 0.009049773810439787,
          "expected_action_loss_bb": 6.95987682906495e-6,
          "hand": "J4o",
          "probability_on_actions_losing_over_0_1bb": 0.000051550043281167746,
          "reference_expected_action_loss_bb": 0.00001841923528752096,
          "reference_probabilities": [
            0.9998636245727539,
            0.00013642660633195192
          ]
        },
        {
          "action_values_bb": [
            -0.5,
            -0.4304019074900961
          ],
          "candidate_probabilities": [
            0.9995822906494141,
            0.00041774348937906325
          ],
          "class_index": 36,
          "conditional_hand_mass": 0.009049773810439787,
          "expected_action_loss_bb": 0.06956902073587956,
          "hand": "Q4o",
          "probability_on_actions_losing_over_0_1bb": -0.0,
          "reference_expected_action_loss_bb": 8.326763085745415e-10,
          "reference_probabilities": [
            1.1964067958558644e-8,
            1.0
          ]
        },
        {
          "action_values_bb": [
            -0.5,
            -0.16114959050896935
          ],
          "candidate_probabilities": [
            1.4777598380533163e-6,
            0.9999985098838806
          ],
          "class_index": 37,
          "conditional_hand_mass": 0.009049773810439787,
          "expected_action_loss_bb": 5.007395262537653e-7,
          "hand": "K4o",
          "probability_on_actions_losing_over_0_1bb": 1.4777598380533163e-6,
          "reference_expected_action_loss_bb": 4.054029326936116e-9,
          "reference_probabilities": [
            1.1964067958558644e-8,
            1.0
          ]
        },
        {
          "action_values_bb": [
            -0.5,
            0.042342722172012966
          ],
          "candidate_probabilities": [
            1.4777598380533163e-6,
            0.9999985098838806
          ],
          "class_index": 38,
          "conditional_hand_mass": 0.009049773810439787,
          "expected_action_loss_bb": 8.014522932863086e-7,
          "hand": "A4o",
          "probability_on_actions_losing_over_0_1bb": 1.4777598380533163e-6,
          "reference_expected_action_loss_bb": 6.488625184895653e-9,
          "reference_probabilities": [
            1.1964067958558644e-8,
            1.0
          ]
        },
        {
          "action_values_bb": [
            -0.5,
            -0.539463248007984
          ],
          "candidate_probabilities": [
            0.9993442893028259,
            0.000655741838272661
          ],
          "class_index": 39,
          "conditional_hand_mass": 0.0030165911925363843,
          "expected_action_loss_bb": 0.000025877702792965323,
          "hand": "52s",
          "probability_on_actions_losing_over_0_1bb": -0.0,
          "reference_expected_action_loss_bb": 1.2828102506508988e-6,
          "reference_probabilities": [
            0.9999674558639526,
            0.000032506453862879425
          ]
        },
        {
          "action_values_bb": [
            -0.5,
            -0.577114492617574
          ],
          "candidate_probabilities": [
            0.9937825202941895,
            0.006217507645487785
          ],
          "class_index": 40,
          "conditional_hand_mass": 0.0030165911925363843,
          "expected_action_loss_bb": 0.00047945994742767755,
          "hand": "53s",
          "probability_on_actions_losing_over_0_1bb": -0.0,
          "reference_expected_action_loss_bb": 0.00001390471183268484,
          "reference_probabilities": [
            0.9998197555541992,
            0.00018031256331596524
          ]
        },
        {
          "action_values_bb": [
            -0.5,
            -0.3293644209411952
          ],
          "candidate_probabilities": [
            1.4777594969928032e-6,
            0.9999985098838806
          ],
          "class_index": 41,
          "conditional_hand_mass": 0.0030165911925363843,
          "expected_action_loss_bb": 2.5215834747901507e-7,
          "hand": "54s",
          "probability_on_actions_losing_over_0_1bb": 1.4777594969928032e-6,
          "reference_expected_action_loss_bb": 2.0414961186720634e-9,
          "reference_probabilities": [
            1.1964070623093903e-8,
            1.0
          ]
        },
        {
          "action_values_bb": [
            -0.5,
            0.3312868204253181
          ],
          "candidate_probabilities": [
            1.4777598380533163e-6,
            0.9999985098838806
          ],
          "class_index": 42,
          "conditional_hand_mass": 0.0045248869052198935,
          "expected_action_loss_bb": 1.2284422771275743e-6,
          "hand": "55",
          "probability_on_actions_losing_over_0_1bb": 1.4777598380533163e-6,
          "reference_expected_action_loss_bb": 9.945572012622642e-9,
          "reference_probabilities": [
            1.1964067958558644e-8,
            1.0
          ]
        },
        {
          "action_values_bb": [
            -0.5,
            -0.5245476806347735
          ],
          "candidate_probabilities": [
            0.018670616671442986,
            0.9813294410705566
          ],
          "class_index": 43,
          "conditional_hand_mass": 0.009049773810439787,
          "expected_action_loss_bb": 0.024089361716900834,
          "hand": "65o",
          "probability_on_actions_losing_over_0_1bb": -0.0,
          "reference_expected_action_loss_bb": 1.4500298016091614e-6,
          "reference_probabilities": [
            0.9999408721923828,
            0.00005906993101234548
          ]
        },
        {
          "action_values_bb": [
            -0.5,
            -0.5833476861392389
          ],
          "candidate_probabilities": [
            0.9999767541885376,
            0.000023258471628651023
          ],
          "class_index": 44,
          "conditional_hand_mass": 0.009049773810439787,
          "expected_action_loss_bb": 1.938539793383199e-6,
          "hand": "75o",
          "probability_on_actions_losing_over_0_1bb": -0.0,
          "reference_expected_action_loss_bb": 7.494127092167728e-8,
          "reference_probabilities": [
            0.9999991059303284,
            8.991403888103378e-7
          ]
        },
        {
          "action_values_bb": [
            -0.5,
            -0.6592883164478598
          ],
          "candidate_probabilities": [
            0.9999570250511169,
            0.0000429671308666002
          ],
          "class_index": 45,
          "conditional_hand_mass": 0.009049773810439787,
          "expected_action_loss_bb": 6.844161938335617e-6,
          "hand": "85o",
          "probability_on_actions_losing_over_0_1bb": 0.0000429671308666002,
          "reference_expected_action_loss_bb": 4.1285541240184316e-7,
          "reference_probabilities": [
            0.9999973773956299,
            2.59187504525471e-6
          ]
        },
        {
          "action_values_bb": [
            -0.5,
            -0.5241549177446172
          ],
          "candidate_probabilities": [
            0.9974560141563416,
            0.002544042654335499
          ],
          "class_index": 46,
          "conditional_hand_mass": 0.009049773810439787,
          "expected_action_loss_bb": 0.00006145114105427158,
          "hand": "95o",
          "probability_on_actions_losing_over_0_1bb": -0.0,
          "reference_expected_action_loss_bb": 1.5289843016561246e-7,
          "reference_probabilities": [
            0.9999936819076538,
            6.329908956104191e-6
          ]
        },
        {
          "action_values_bb": [
            -0.5,
            -0.5927446325107576
          ],
          "candidate_probabilities": [
            0.9999051094055176,
            0.00009492052049608901
          ],
          "class_index": 47,
          "conditional_hand_mass": 0.009049773810439787,
          "expected_action_loss_bb": 8.80336879113961e-6,
          "hand": "T5o",
          "probability_on_actions_losing_over_0_1bb": -0.0,
          "reference_expected_action_loss_bb": 3.5697548609096205e-6,
          "reference_probabilities": [
            0.9999614953994751,
            0.000038490150473080575
          ]
        },
        {
          "action_values_bb": [
            -0.5,
            -0.5783398059009798
          ],
          "candidate_probabilities": [
            0.9991627335548401,
            0.0008373267482966185
          ],
          "class_index": 48,
          "conditional_hand_mass": 0.009049773810439787,
          "expected_action_loss_bb": 0.00006559601493725564,
          "hand": "J5o",
          "probability_on_actions_losing_over_0_1bb": -0.0,
          "reference_expected_action_loss_bb": 0.00013238253039266727,
          "reference_probabilities": [
            0.9983102083206177,
            0.0016898501198738813
          ]
        },
        {
          "action_values_bb": [
            -0.5,
            -0.2866238904842781
          ],
          "candidate_probabilities": [
            0.9960058927536011,
            0.003994133323431015
          ],
          "class_index": 49,
          "conditional_hand_mass": 0.009049773810439787,
          "expected_action_loss_bb": 0.21252386245049673,
          "hand": "Q5o",
          "probability_on_actions_losing_over_0_1bb": 0.9960058927536011,
          "reference_expected_action_loss_bb": 2.5528462749789486e-9,
          "reference_probabilities": [
            1.1964067958558644e-8,
            1.0
          ]
        },
        {
          "action_values_bb": [
            -0.5,
            -0.1291350105123895
          ],
          "candidate_probabilities": [
            1.4777598380533163e-6,
            0.9999985098838806
          ],
          "class_index": 50,
          "conditional_hand_mass": 0.009049773810439787,
          "expected_action_loss_bb": 5.480493868048561e-7,
          "hand": "K5o",
          "probability_on_actions_losing_over_0_1bb": 1.4777598380533163e-6,
          "reference_expected_action_loss_bb": 4.437053937679909e-9,
          "reference_probabilities": [
            1.1964067958558644e-8,
            1.0
          ]
        },
        {
          "action_values_bb": [
            -0.5,
            0.10069212078725426
          ],
          "candidate_probabilities": [
            1.4777598380533163e-6,
            0.9999985098838806
          ],
          "class_index": 51,
          "conditional_hand_mass": 0.009049773810439787,
          "expected_action_loss_bb": 8.876786911344759e-7,
          "hand": "A5o",
          "probability_on_actions_losing_over_0_1bb": 1.4777598380533163e-6,
          "reference_expected_action_loss_bb": 7.1867213552694265e-9,
          "reference_probabilities": [
            1.1964067958558644e-8,
            1.0
          ]
        },
        {
          "action_values_bb": [
            -0.5,
            -0.7124011047847741
          ],
          "candidate_probabilities": [
            0.9999847412109375,
            0.000015301084204111248
          ],
          "class_index": 52,
          "conditional_hand_mass": 0.0030165911925363843,
          "expected_action_loss_bb": 3.249967189358086e-6,
          "hand": "62s",
          "probability_on_actions_losing_over_0_1bb": 0.000015301084204111248,
          "reference_expected_action_loss_bb": 3.056633820769583e-8,
          "reference_probabilities": [
            0.9999998807907104,
            1.439085650645211e-7
          ]
        },
        {
          "action_values_bb": [
            -0.5,
            -0.6320424397789133
          ],
          "candidate_probabilities": [
            1.4777594969928032e-6,
            0.9999985098838806
          ],
          "class_index": 53,
          "conditional_hand_mass": 0.0030165911925363843,
          "expected_action_loss_bb": 0.1320422430203453,
          "hand": "63s",
          "probability_on_actions_losing_over_0_1bb": 0.9999985098838806,
          "reference_expected_action_loss_bb": 6.573933371170064e-6,
          "reference_probabilities": [
            0.9999501705169678,
            0.00004978651850251481
          ]
        },
        {
          "action_values_bb": [
            -0.5,
            -0.4529821799944412
          ],
          "candidate_probabilities": [
            0.9999192953109741,
            0.00008070783223956823
          ],
          "class_index": 54,
          "conditional_hand_mass": 0.0030165911925363843,
          "expected_action_loss_bb": 0.0470140254470166,
          "hand": "64s",
          "probability_on_actions_losing_over_0_1bb": -0.0,
          "reference_expected_action_loss_bb": 5.625245190904231e-10,
          "reference_probabilities": [
            1.1964070623093903e-8,
            1.0
          ]
        },
        {
          "action_values_bb": [
            -0.5,
            -0.3546775553406944
          ],
          "candidate_probabilities": [
            1.4777594969928032e-6,
            0.9999985098838806
          ],
          "class_index": 55,
          "conditional_hand_mass": 0.0030165911925363843,
          "expected_action_loss_bb": 2.1475162272149993e-7,
          "hand": "65s",
          "probability_on_actions_losing_over_0_1bb": 1.4777594969928032e-6,
          "reference_expected_action_loss_bb": 1.7386479910245876e-9,
          "reference_probabilities": [
            1.1964070623093903e-8,
            1.0
          ]
        },
        {
          "action_values_bb": [
            -0.5,
            0.42018205230486777
          ],
          "candidate_probabilities": [
            1.4777598380533163e-6,
            0.9999985098838806
          ],
          "class_index": 56,
          "conditional_hand_mass": 0.0045248869052198935,
          "expected_action_loss_bb": 1.3598080805936098e-6,
          "hand": "66",
          "probability_on_actions_losing_over_0_1bb": 1.4777598380533163e-6,
          "reference_expected_action_loss_bb": 1.1009120608021404e-8,
          "reference_probabilities": [
            1.1964067958558644e-8,
            1.0
          ]
        },
        {
          "action_values_bb": [
            -0.5,
            -0.47444657114315564
          ],
          "candidate_probabilities": [
            1.4777598380533163e-6,
            0.9999985098838806
          ],
          "class_index": 57,
          "conditional_hand_mass": 0.009049773810439787,
          "expected_action_loss_bb": 3.7761830889197264e-8,
          "hand": "76o",
          "probability_on_actions_losing_over_0_1bb": -0.0,
          "reference_expected_action_loss_bb": 6.619756667860106e-10,
          "reference_probabilities": [
            2.5905551481741895e-8,
            1.0
          ]
        },
        {
          "action_values_bb": [
            -0.5,
            -0.6104206279315332
          ],
          "candidate_probabilities": [
            0.9997128844261169,
            0.0002871841425076127
          ],
          "class_index": 58,
          "conditional_hand_mass": 0.009049773810439787,
          "expected_action_loss_bb": 0.000031711053347669505,
          "hand": "86o",
          "probability_on_actions_losing_over_0_1bb": 0.0002871841425076127,
          "reference_expected_action_loss_bb": 9.576357311184912e-6,
          "reference_probabilities": [
            0.9999132752418518,
            0.0000867261624080129
          ]
        },
        {
          "action_values_bb": [
            -0.5,
            -0.4830131145641406
          ],
          "candidate_probabilities": [
            0.9995272159576416,
            0.00047282507875934243
          ],
          "class_index": 59,
          "conditional_hand_mass": 0.009049773810439787,
          "expected_action_loss_bb": 0.016978854307495968,
          "hand": "96o",
          "probability_on_actions_losing_over_0_1bb": -0.0,
          "reference_expected_action_loss_bb": 0.00005304499312735057,
          "reference_probabilities": [
            0.003122702706605196,
            0.9968772530555725
          ]
        },
        {
          "action_values_bb": [
            -0.5,
            -0.5712180093486509
          ],
          "candidate_probabilities": [
            0.060848213732242584,
            0.9391517639160156
          ],
          "class_index": 60,
          "conditional_hand_mass": 0.009049773810439787,
          "expected_action_loss_bb": 0.06688451910237274,
          "hand": "T6o",
          "probability_on_actions_losing_over_0_1bb": -0.0,
          "reference_expected_action_loss_bb": 0.000013559051527551113,
          "reference_probabilities": [
            0.9998096227645874,
            0.00019038796017412096
          ]
        },
        {
          "action_values_bb": [
            -0.5,
            -0.5875118405170551
          ],
          "candidate_probabilities": [
            1.4777598380533163e-6,
            0.9999985098838806
          ],
          "class_index": 61,
          "conditional_hand_mass": 0.009049773810439787,
          "expected_action_loss_bb": 0.08751171011425088,
          "hand": "J6o",
          "probability_on_actions_losing_over_0_1bb": -0.0,
          "reference_expected_action_loss_bb": 0.00012627177579505413,
          "reference_probabilities": [
            0.9985570907592773,
            0.00144291075412184
          ]
        },
        {
          "action_values_bb": [
            -0.5,
            -0.30142522705262437
          ],
          "candidate_probabilities": [
            0.7587056159973145,
            0.24129441380500793
          ],
          "class_index": 62,
          "conditional_hand_mass": 0.009049773810439787,
          "expected_action_loss_bb": 0.15065979543056549,
          "hand": "Q6o",
          "probability_on_actions_losing_over_0_1bb": 0.7587056159973145,
          "reference_expected_action_loss_bb": 2.3757620783977547e-9,
          "reference_probabilities": [
            1.1964067958558644e-8,
            1.0
          ]
        },
        {
          "action_values_bb": [
            -0.5,
            -0.08947459220281957
          ],
          "candidate_probabilities": [
            1.4777598380533163e-6,
            0.9999985098838806
          ],
          "class_index": 63,
          "conditional_hand_mass": 0.009049773810439787,
          "expected_action_loss_bb": 6.06657960143133e-7,
          "hand": "K6o",
          "probability_on_actions_losing_over_0_1bb": 1.4777598380533163e-6,
          "reference_expected_action_loss_bb": 4.911553877600467e-9,
          "reference_probabilities": [
            1.1964067958558644e-8,
            1.0
          ]
        },
        {
          "action_values_bb": [
            -0.5,
            0.10972757366407808
          ],
          "candidate_probabilities": [
            1.4777598380533163e-6,
            0.9999985098838806
          ],
          "class_index": 64,
          "conditional_hand_mass": 0.009049773810439787,
          "expected_action_loss_bb": 9.010309205144695e-7,
          "hand": "A6o",
          "probability_on_actions_losing_over_0_1bb": 1.4777598380533163e-6,
          "reference_expected_action_loss_bb": 7.294822127524101e-9,
          "reference_probabilities": [
            1.1964067958558644e-8,
            1.0
          ]
        },
        {
          "action_values_bb": [
            -0.5,
            -0.7199720674675664
          ],
          "candidate_probabilities": [
            0.9999985098838806,
            1.4777594969928032e-6
          ],
          "class_index": 65,
          "conditional_hand_mass": 0.0030165911925363843,
          "expected_action_loss_bb": 3.2506581177333783e-7,
          "hand": "72s",
          "probability_on_actions_losing_over_0_1bb": 1.4777594969928032e-6,
          "reference_expected_action_loss_bb": 3.818524409143123e-8,
          "reference_probabilities": [
            0.9999998807907104,
            1.7359133153149742e-7
          ]
        },
        {
          "action_values_bb": [
            -0.5,
            -0.6708449766362615
          ],
          "candidate_probabilities": [
            0.3590552806854248,
            0.64094477891922
          ],
          "class_index": 66,
          "conditional_hand_mass": 0.0030165911925363843,
          "expected_action_loss_bb": 0.10950219577958795,
          "hand": "73s",
          "probability_on_actions_losing_over_0_1bb": 0.64094477891922,
          "reference_expected_action_loss_bb": 4.708204377286119e-6,
          "reference_probabilities": [
            0.9999724626541138,
            0.0000275583424809156
          ]
        },
        {
          "action_values_bb": [
            -0.5,
            -0.5740681040859349
          ],
          "candidate_probabilities": [
            0.8686583638191223,
            0.1313416063785553
          ],
          "class_index": 67,
          "conditional_hand_mass": 0.0030165911925363843,
          "expected_action_loss_bb": 0.009728223772060724,
          "hand": "74s",
          "probability_on_actions_losing_over_0_1bb": -0.0,
          "reference_expected_action_loss_bb": 2.68724269665967e-6,
          "reference_probabilities": [
            0.9999637007713318,
            0.00003628070044214837
          ]
        },
        {
          "action_values_bb": [
            -0.5,
            -0.4485005985229626
          ],
          "candidate_probabilities": [
            0.988293468952179,
            0.011706534773111343
          ],
          "class_index": 68,
          "conditional_hand_mass": 0.0030165911925363843,
          "expected_action_loss_bb": 0.05089652213470227,
          "hand": "75s",
          "probability_on_actions_losing_over_0_1bb": -0.0,
          "reference_expected_action_loss_bb": 2.2963383302328914e-8,
          "reference_probabilities": [
            4.4589612002710055e-7,
            0.9999995231628418
          ]
        },
        {
          "action_values_bb": [
            -0.5,
            -0.28976327643311345
          ],
          "candidate_probabilities": [
            1.4777594969928032e-6,
            0.9999985098838806
          ],
          "class_index": 69,
          "conditional_hand_mass": 0.0030165911925363843,
          "expected_action_loss_bb": 3.106793148676173e-7,
          "hand": "76s",
          "probability_on_actions_losing_over_0_1bb": 1.4777594969928032e-6,
          "reference_expected_action_loss_bb": 2.515287008322101e-9,
          "reference_probabilities": [
            1.1964070623093903e-8,
            1.0
          ]
        },
        {
          "action_values_bb": [
            -0.5,
            0.43808782409621805
          ],
          "candidate_probabilities": [
            1.4777598380533163e-6,
            0.9999985098838806
          ],
          "class_index": 70,
          "conditional_hand_mass": 0.0045248869052198935,
          "expected_action_loss_bb": 1.3862685110162152e-6,
          "hand": "77",
          "probability_on_actions_losing_over_0_1bb": 1.4777598380533163e-6,
          "reference_expected_action_loss_bb": 1.122334647858356e-8,
          "reference_probabilities": [
            1.1964067958558644e-8,
            1.0
          ]
        },
        {
          "action_values_bb": [
            -0.5,
            -0.534880999681039
          ],
          "candidate_probabilities": [
            0.9946108460426331,
            0.005389179103076458
          ],
          "class_index": 71,
          "conditional_hand_mass": 0.009049773810439787,
          "expected_action_loss_bb": 0.00018797995457547182,
          "hand": "87o",
          "probability_on_actions_losing_over_0_1bb": -0.0,
          "reference_expected_action_loss_bb": 0.000018455563761682826,
          "reference_probabilities": [
            0.9994708895683289,
            0.0005291007691994309
          ]
        },
        {
          "action_values_bb": [
            -0.5,
            -0.506560262194867
          ],
          "candidate_probabilities": [
            0.9997625350952148,
            0.00023752554261591285
          ],
          "class_index": 72,
          "conditional_hand_mass": 0.009049773810439787,
          "expected_action_loss_bb": 1.5582298375384556e-6,
          "hand": "97o",
          "probability_on_actions_losing_over_0_1bb": -0.0,
          "reference_expected_action_loss_bb": 0.001842606001847404,
          "reference_probabilities": [
            0.7191261649131775,
            0.2808738350868225
          ]
        },
        {
          "action_values_bb": [
            -0.5,
            -0.5357574192611938
          ],
          "candidate_probabilities": [
            0.9992173314094543,
            0.0007826323271729052
          ],
          "class_index": 73,
          "conditional_hand_mass": 0.009049773810439787,
          "expected_action_loss_bb": 0.00002798491225008537,
          "hand": "T7o",
          "probability_on_actions_losing_over_0_1bb": -0.0,
          "reference_expected_action_loss_bb": 0.0002406435860976605,
          "reference_probabilities": [
            0.9932700991630554,
            0.0067298924550414085
          ]
        },
        {
          "action_values_bb": [
            -0.5,
            -0.5488523934651478
          ],
          "candidate_probabilities": [
            0.9983047842979431,
            0.0016952212899923325
          ],
          "class_index": 74,
          "conditional_hand_mass": 0.009049773810439787,
          "expected_action_loss_bb": 0.00008281561746920085,
          "hand": "J7o",
          "probability_on_actions_losing_over_0_1bb": -0.0,
          "reference_expected_action_loss_bb": 0.00038738730216489016,
          "reference_probabilities": [
            0.9920702576637268,
            0.007929750718176365
          ]
        },
        {
          "action_values_bb": [
            -0.5,
            -0.33855928857063494
          ],
          "candidate_probabilities": [
            0.980606734752655,
            0.019393261522054672
          ],
          "class_index": 75,
          "conditional_hand_mass": 0.009049773810439787,
          "expected_action_loss_bb": 0.1583098488908953,
          "hand": "Q7o",
          "probability_on_actions_losing_over_0_1bb": 0.980606734752655,
          "reference_expected_action_loss_bb": 1.9314876428189787e-9,
          "reference_probabilities": [
            1.1964067958558644e-8,
            1.0
          ]
        },
        {
          "action_values_bb": [
            -0.5,
            -0.04550119680488572
          ],
          "candidate_probabilities": [
            1.4777598380533163e-6,
            0.9999985098838806
          ],
          "class_index": 76,
          "conditional_hand_mass": 0.009049773810439787,
          "expected_action_loss_bb": 6.716400778050382e-7,
          "hand": "K7o",
          "probability_on_actions_losing_over_0_1bb": 1.4777598380533163e-6,
          "reference_expected_action_loss_bb": 5.437654568509918e-9,
          "reference_probabilities": [
            1.1964067958558644e-8,
            1.0
          ]
        },
        {
          "action_values_bb": [
            -0.5,
            0.05899071156522366
          ],
          "candidate_probabilities": [
            1.4777598380533163e-6,
            0.9999985098838806
          ],
          "class_index": 77,
          "conditional_hand_mass": 0.009049773810439787,
          "expected_action_loss_bb": 8.26054023395933e-7,
          "hand": "A7o",
          "probability_on_actions_losing_over_0_1bb": 1.4777598380533163e-6,
          "reference_expected_action_loss_bb": 6.687802861369389e-9,
          "reference_probabilities": [
            1.1964067958558644e-8,
            1.0
          ]
        },
        {
          "action_values_bb": [
            -0.5,
            -0.6763550078670907
          ],
          "candidate_probabilities": [
            0.0037231252063065767,
            0.99627685546875
          ],
          "class_index": 78,
          "conditional_hand_mass": 0.0030165911925363843,
          "expected_action_loss_bb": 0.17569841268399178,
          "hand": "82s",
          "probability_on_actions_losing_over_0_1bb": 0.99627685546875,
          "reference_expected_action_loss_bb": 1.0782963351733754e-6,
          "reference_probabilities": [
            0.9999938011169434,
            6.114350526331691e-6
          ]
        },
        {
          "action_values_bb": [
            -0.5,
            -0.7532224569216417
          ],
          "candidate_probabilities": [
            1.4777594969928032e-6,
            0.9999985098838806
          ],
          "class_index": 79,
          "conditional_hand_mass": 0.0030165911925363843,
          "expected_action_loss_bb": 0.25322207959077686,
          "hand": "83s",
          "probability_on_actions_losing_over_0_1bb": 0.9999985098838806,
          "reference_expected_action_loss_bb": 3.4462267672526724e-6,
          "reference_probabilities": [
            0.9999863505363464,
            0.000013609483175969217
          ]
        },
        {
          "action_values_bb": [
            -0.5,
            -0.5288717099315018
          ],
          "candidate_probabilities": [
            0.703195333480835,
            0.29680463671684265
          ],
          "class_index": 80,
          "conditional_hand_mass": 0.0030165911925363843,
          "expected_action_loss_bb": 0.008569257377613446,
          "hand": "84s",
          "probability_on_actions_losing_over_0_1bb": -0.0,
          "reference_expected_action_loss_bb": 8.553087362607024e-6,
          "reference_probabilities": [
            0.9997037649154663,
            0.0002962445723824203
          ]
        },
        {
          "action_values_bb": [
            -0.5,
            -0.43382453675058963
          ],
          "candidate_probabilities": [
            1.4777594969928032e-6,
            0.9999985098838806
          ],
          "class_index": 81,
          "conditional_hand_mass": 0.0030165911925363843,
          "expected_action_loss_bb": 9.77914192847144e-8,
          "hand": "85s",
          "probability_on_actions_losing_over_0_1bb": -0.0,
          "reference_expected_action_loss_bb": 7.917279158319008e-10,
          "reference_probabilities": [
            1.1964070623093903e-8,
            1.0
          ]
        },
        {
          "action_values_bb": [
            -0.5,
            -0.46775404400714915
          ],
          "candidate_probabilities": [
            1.4777594969928032e-6,
            0.9999985098838806
          ],
          "class_index": 82,
          "conditional_hand_mass": 0.0030165911925363843,
          "expected_action_loss_bb": 4.765176770804734e-8,
          "hand": "86s",
          "probability_on_actions_losing_over_0_1bb": -0.0,
          "reference_expected_action_loss_bb": 5.907705893578483e-6,
          "reference_probabilities": [
            0.0001832076522987336,
            0.9998167753219604
          ]
        },
        {
          "action_values_bb": [
            -0.5,
            -0.35785121272225706
          ],
          "candidate_probabilities": [
            1.4777594969928032e-6,
            0.9999985098838806
          ],
          "class_index": 83,
          "conditional_hand_mass": 0.0030165911925363843,
          "expected_action_loss_bb": 2.100617203856944e-7,
          "hand": "87s",
          "probability_on_actions_losing_over_0_1bb": 1.4777594969928032e-6,
          "reference_expected_action_loss_bb": 1.7006781299780687e-9,
          "reference_probabilities": [
            1.1964070623093903e-8,
            1.0
          ]
        },
        {
          "action_values_bb": [
            -0.5,
            0.690124936464182
          ],
          "candidate_probabilities": [
            1.4777598380533163e-6,
            0.9999985098838806
          ],
          "class_index": 84,
          "conditional_hand_mass": 0.0045248869052198935,
          "expected_action_loss_bb": 1.7587188333725232e-6,
          "hand": "88",
          "probability_on_actions_losing_over_0_1bb": 1.4777598380533163e-6,
          "reference_expected_action_loss_bb": 1.4238735619032764e-8,
          "reference_probabilities": [
            1.1964067958558644e-8,
            1.0
          ]
        },
        {
          "action_values_bb": [
            -0.5,
            -0.4858713169933102
          ],
          "candidate_probabilities": [
            0.986976146697998,
            0.01302389893680811
          ],
          "class_index": 85,
          "conditional_hand_mass": 0.009049773810439787,
          "expected_action_loss_bb": 0.013944673111860175,
          "hand": "98o",
          "probability_on_actions_losing_over_0_1bb": -0.0,
          "reference_expected_action_loss_bb": 0.000029089617268263212,
          "reference_probabilities": [
            0.0020589050836861134,
            0.9979411363601685
          ]
        },
        {
          "action_values_bb": [
            -0.5,
            -0.5052216603518703
          ],
          "candidate_probabilities": [
            1.4777598380533163e-6,
            0.9999985098838806
          ],
          "class_index": 86,
          "conditional_hand_mass": 0.009049773810439787,
          "expected_action_loss_bb": 0.005221652570990067,
          "hand": "T8o",
          "probability_on_actions_losing_over_0_1bb": -0.0,
          "reference_expected_action_loss_bb": 0.0018663798289785306,
          "reference_probabilities": [
            0.6425696015357971,
            0.3574303388595581
          ]
        },
        {
          "action_values_bb": [
            -0.5,
            -0.3517033033541565
          ],
          "candidate_probabilities": [
            1.4777598380533163e-6,
            0.9999985098838806
          ],
          "class_index": 87,
          "conditional_hand_mass": 0.009049773810439787,
          "expected_action_loss_bb": 2.1914690241920347e-7,
          "hand": "J8o",
          "probability_on_actions_losing_over_0_1bb": 1.4777598380533163e-6,
          "reference_expected_action_loss_bb": 1.7742317567006273e-9,
          "reference_probabilities": [
            1.1964067958558644e-8,
            1.0
          ]
        },
        {
          "action_values_bb": [
            -0.5,
            -0.11989797192880412
          ],
          "candidate_probabilities": [
            1.4777598380533163e-6,
            0.9999985098838806
          ],
          "class_index": 88,
          "conditional_hand_mass": 0.009049773810439787,
          "expected_action_loss_bb": 5.616995114462275e-7,
          "hand": "Q8o",
          "probability_on_actions_losing_over_0_1bb": 1.4777598380533163e-6,
          "reference_expected_action_loss_bb": 4.5475664950297525e-9,
          "reference_probabilities": [
            1.1964067958558644e-8,
            1.0
          ]
        },
        {
          "action_values_bb": [
            -0.5,
            0.2229574072705749
          ],
          "candidate_probabilities": [
            1.4777598380533163e-6,
            0.9999985098838806
          ],
          "class_index": 89,
          "conditional_hand_mass": 0.009049773810439787,
          "expected_action_loss_bb": 1.0683574210876101e-6,
          "hand": "K8o",
          "probability_on_actions_losing_over_0_1bb": 1.4777598380533163e-6,
          "reference_expected_action_loss_bb": 8.649511551728517e-9,
          "reference_probabilities": [
            1.1964067958558644e-8,
            1.0
          ]
        },
        {
          "action_values_bb": [
            -0.5,
            0.256070995858591
          ],
          "candidate_probabilities": [
            1.4777598380533163e-6,
            0.9999985098838806
          ],
          "class_index": 90,
          "conditional_hand_mass": 0.009049773810439787,
          "expected_action_loss_bb": 1.117291352396801e-6,
          "hand": "A8o",
          "probability_on_actions_losing_over_0_1bb": 1.4777598380533163e-6,
          "reference_expected_action_loss_bb": 9.045684775947293e-9,
          "reference_probabilities": [
            1.1964067958558644e-8,
            1.0
          ]
        },
        {
          "action_values_bb": [
            -0.5,
            -0.5774542706456238
          ],
          "candidate_probabilities": [
            0.9997563362121582,
            0.0002436260983813554
          ],
          "class_index": 91,
          "conditional_hand_mass": 0.0030165911925363843,
          "expected_action_loss_bb": 0.00001886988176036688,
          "hand": "92s",
          "probability_on_actions_losing_over_0_1bb": -0.0,
          "reference_expected_action_loss_bb": 6.851410454295728e-7,
          "reference_probabilities": [
            0.9999911189079285,
            8.845749107422307e-6
          ]
        },
        {
          "action_values_bb": [
            -0.5,
            -0.5080505874395287
          ],
          "candidate_probabilities": [
            0.9934517741203308,
            0.006548173259943724
          ],
          "class_index": 92,
          "conditional_hand_mass": 0.0030165911925363843,
          "expected_action_loss_bb": 0.00005271664139836057,
          "hand": "93s",
          "probability_on_actions_losing_over_0_1bb": -0.0,
          "reference_expected_action_loss_bb": 0.0038009015394480034,
          "reference_probabilities": [
            0.5278728008270264,
            0.472127228975296
          ]
        },
        {
          "action_values_bb": [
            -0.5,
            -0.4709071034687861
          ],
          "candidate_probabilities": [
            0.9997844696044922,
            0.00021547234791796654
          ],
          "class_index": 93,
          "conditional_hand_mass": 0.0030165911925363843,
          "expected_action_loss_bb": 0.029086626127718045,
          "hand": "94s",
          "probability_on_actions_losing_over_0_1bb": -0.0,
          "reference_expected_action_loss_bb": 0.00004002780204333088,
          "reference_probabilities": [
            0.0013758616987615824,
            0.9986241459846497
          ]
        },
        {
          "action_values_bb": [
            -0.5,
            -0.35401787408605495
          ],
          "candidate_probabilities": [
            0.9893968105316162,
            0.010603179223835468
          ],
          "class_index": 94,
          "conditional_hand_mass": 0.0030165911925363843,
          "expected_action_loss_bb": 0.14443424977388203,
          "hand": "95s",
          "probability_on_actions_losing_over_0_1bb": 0.9893968105316162,
          "reference_expected_action_loss_bb": 1.7465404641438252e-9,
          "reference_probabilities": [
            1.1964070623093903e-8,
            1.0
          ]
        },
        {
          "action_values_bb": [
            -0.5,
            -0.33403830809912843
          ],
          "candidate_probabilities": [
            1.4777594969928032e-6,
            0.9999985098838806
          ],
          "class_index": 95,
          "conditional_hand_mass": 0.0030165911925363843,
          "expected_action_loss_bb": 2.4525146634350656e-7,
          "hand": "96s",
          "probability_on_actions_losing_over_0_1bb": 1.4777594969928032e-6,
          "reference_expected_action_loss_bb": 1.985577402630179e-9,
          "reference_probabilities": [
            1.1964070623093903e-8,
            1.0
          ]
        },
        {
          "action_values_bb": [
            -0.5,
            -0.32755566061955566
          ],
          "candidate_probabilities": [
            0.9971150755882263,
            0.002884904621168971
          ],
          "class_index": 96,
          "conditional_hand_mass": 0.0030165911925363843,
          "expected_action_loss_bb": 0.1719468504960935,
          "hand": "97s",
          "probability_on_actions_losing_over_0_1bb": 0.9971150755882263,
          "reference_expected_action_loss_bb": 2.0631362549004095e-9,
          "reference_probabilities": [
            1.1964070623093903e-8,
            1.0
          ]
        },
        {
          "action_values_bb": [
            -0.5,
            -0.23122935661126176
          ],
          "candidate_probabilities": [
            1.4777594969928032e-6,
            0.9999985098838806
          ],
          "class_index": 97,
          "conditional_hand_mass": 0.0030165911925363843,
          "expected_action_loss_bb": 3.971783707805739e-7,
          "hand": "98s",
          "probability_on_actions_losing_over_0_1bb": 1.4777594969928032e-6,
          "reference_expected_action_loss_bb": 3.2155909589172506e-9,
          "reference_probabilities": [
            1.1964070623093903e-8,
            1.0
          ]
        },
        {
          "action_values_bb": [
            -0.5,
            0.917650743247454
          ],
          "candidate_probabilities": [
            1.4777598380533163e-6,
            0.9999985098838806
          ],
          "class_index": 98,
          "conditional_hand_mass": 0.0045248869052198935,
          "expected_action_loss_bb": 2.094947332757521e-6,
          "hand": "99",
          "probability_on_actions_losing_over_0_1bb": 1.4777598380533163e-6,
          "reference_expected_action_loss_bb": 1.696086983371371e-8,
          "reference_probabilities": [
            1.1964067958558644e-8,
            1.0
          ]
        },
        {
          "action_values_bb": [
            -0.5,
            -0.17020580565082458
          ],
          "candidate_probabilities": [
            1.4777598380533163e-6,
            0.9999985098838806
          ],
          "class_index": 99,
          "conditional_hand_mass": 0.009049773810439787,
          "expected_action_loss_bb": 4.873566152323614e-7,
          "hand": "T9o",
          "probability_on_actions_losing_over_0_1bb": 1.4777598380533163e-6,
          "reference_expected_action_loss_bb": 3.945680153531632e-9,
          "reference_probabilities": [
            1.1964067958558644e-8,
            1.0
          ]
        },
        {
          "action_values_bb": [
            -0.5,
            -0.11634142331977289
          ],
          "candidate_probabilities": [
            1.4777598380533163e-6,
            0.9999985098838806
          ],
          "class_index": 100,
          "conditional_hand_mass": 0.009049773810439787,
          "expected_action_loss_bb": 5.669552361427383e-7,
          "hand": "J9o",
          "probability_on_actions_losing_over_0_1bb": 1.4777598380533163e-6,
          "reference_expected_action_loss_bb": 4.59011728428612e-9,
          "reference_probabilities": [
            1.1964067958558644e-8,
            1.0
          ]
        },
        {
          "action_values_bb": [
            -0.5,
            -0.036546007338644444
          ],
          "candidate_probabilities": [
            1.4777598380533163e-6,
            0.9999985098838806
          ],
          "class_index": 101,
          "conditional_hand_mass": 0.009049773810439787,
          "expected_action_loss_bb": 6.848736971404077e-7,
          "hand": "Q9o",
          "probability_on_actions_losing_over_0_1bb": 1.4777598380533163e-6,
          "reference_expected_action_loss_bb": 5.544795063865797e-9,
          "reference_probabilities": [
            1.1964067958558644e-8,
            1.0
          ]
        },
        {
          "action_values_bb": [
            -0.5,
            0.20016142633671077
          ],
          "candidate_probabilities": [
            1.4777598380533163e-6,
            0.9999985098838806
          ],
          "class_index": 102,
          "conditional_hand_mass": 0.009049773810439787,
          "expected_action_loss_bb": 1.0346704359945167e-6,
          "hand": "K9o",
          "probability_on_actions_losing_over_0_1bb": 1.4777598380533163e-6,
          "reference_expected_action_loss_bb": 8.376778886653759e-9,
          "reference_probabilities": [
            1.1964067958558644e-8,
            1.0
          ]
        },
        {
          "action_values_bb": [
            -0.5,
            0.24817776337968567
          ],
          "candidate_probabilities": [
            1.4777598380533163e-6,
            0.9999985098838806
          ],
          "class_index": 103,
          "conditional_hand_mass": 0.009049773810439787,
          "expected_action_loss_bb": 1.1056270504470567e-6,
          "hand": "A9o",
          "probability_on_actions_losing_over_0_1bb": 1.4777598380533163e-6,
          "reference_expected_action_loss_bb": 8.951249606156969e-9,
          "reference_probabilities": [
            1.1964067958558644e-8,
            1.0
          ]
        },
        {
          "action_values_bb": [
            -0.5,
            -0.5619924639661303
          ],
          "candidate_probabilities": [
            0.9999545812606812,
            0.00004539603105513379
          ],
          "class_index": 104,
          "conditional_hand_mass": 0.0030165911925363843,
          "expected_action_loss_bb": 2.8142118193907154e-6,
          "hand": "T2s",
          "probability_on_actions_losing_over_0_1bb": -0.0,
          "reference_expected_action_loss_bb": 0.00002447150761224379,
          "reference_probabilities": [
            0.9996052980422974,
            0.0003947497170884162
          ]
        },
        {
          "action_values_bb": [
            -0.5,
            -0.6103104947979734
          ],
          "candidate_probabilities": [
            1.4777594969928032e-6,
            0.9999985098838806
          ],
          "class_index": 105,
          "conditional_hand_mass": 0.0030165911925363843,
          "expected_action_loss_bb": 0.11031033042252696,
          "hand": "T3s",
          "probability_on_actions_losing_over_0_1bb": 0.9999985098838806,
          "reference_expected_action_loss_bb": 0.00006689473251293911,
          "reference_probabilities": [
            0.9993935823440552,
            0.0006064221961423755
          ]
        },
        {
          "action_values_bb": [
            -0.5,
            -0.4887865362178485
          ],
          "candidate_probabilities": [
            0.0005829230649396777,
            0.9994170665740967
          ],
          "class_index": 106,
          "conditional_hand_mass": 0.0030165911925363843,
          "expected_action_loss_bb": 6.536586676481817e-6,
          "hand": "T4s",
          "probability_on_actions_losing_over_0_1bb": -0.0,
          "reference_expected_action_loss_bb": 0.00007160651364971588,
          "reference_probabilities": [
            0.006385762244462967,
            0.9936141967773438
          ]
        },
        {
          "action_values_bb": [
            -0.5,
            -0.4129218114354217
          ],
          "candidate_probabilities": [
            0.999596118927002,
            0.00040387202170677483
          ],
          "class_index": 107,
          "conditional_hand_mass": 0.0030165911925363843,
          "expected_action_loss_bb": 0.08704301933234608,
          "hand": "T5s",
          "probability_on_actions_losing_over_0_1bb": -0.0,
          "reference_expected_action_loss_bb": 1.0418095977177024e-9,
          "reference_probabilities": [
            1.1964070623093903e-8,
            1.0
          ]
        },
        {
          "action_values_bb": [
            -0.5,
            -0.35707453966497615
          ],
          "candidate_probabilities": [
            1.4777594969928032e-6,
            0.9999985098838806
          ],
          "class_index": 108,
          "conditional_hand_mass": 0.0030165911925363843,
          "expected_action_loss_bb": 2.1120945637214968e-7,
          "hand": "T6s",
          "probability_on_actions_losing_over_0_1bb": 1.4777594969928032e-6,
          "reference_expected_action_loss_bb": 1.7099703012864316e-9,
          "reference_probabilities": [
            1.1964070623093903e-8,
            1.0
          ]
        },
        {
          "action_values_bb": [
            -0.5,
            -0.29834699939582354
          ],
          "candidate_probabilities": [
            1.4777594969928032e-6,
            0.9999985098838806
          ],
          "class_index": 109,
          "conditional_hand_mass": 0.0030165911925363843,
          "expected_action_loss_bb": 2.9799463673991723e-7,
          "hand": "T7s",
          "probability_on_actions_losing_over_0_1bb": 1.4777594969928032e-6,
          "reference_expected_action_loss_bb": 2.4125907405871645e-9,
          "reference_probabilities": [
            1.1964070623093903e-8,
            1.0
          ]
        },
        {
          "action_values_bb": [
            -0.5,
            -0.2734222891756879
          ],
          "candidate_probabilities": [
            1.4777594969928032e-6,
            0.9999985098838806
          ],
          "class_index": 110,
          "conditional_hand_mass": 0.0030165911925363843,
          "expected_action_loss_bb": 3.3482736397751626e-7,
          "hand": "T8s",
          "probability_on_actions_losing_over_0_1bb": 1.4777594969928032e-6,
          "reference_expected_action_loss_bb": 2.710791733921018e-9,
          "reference_probabilities": [
            1.1964070623093903e-8,
            1.0
          ]
        },
        {
          "action_values_bb": [
            -0.5,
            0.02080729422086352
          ],
          "candidate_probabilities": [
            1.4777594969928032e-6,
            0.9999985098838806
          ],
          "class_index": 111,
          "conditional_hand_mass": 0.0030165911925363843,
          "expected_action_loss_bb": 7.69627925138006e-7,
          "hand": "T9s",
          "probability_on_actions_losing_over_0_1bb": 1.4777594969928032e-6,
          "reference_expected_action_loss_bb": 6.230975249080856e-9,
          "reference_probabilities": [
            1.1964070623093903e-8,
            1.0
          ]
        },
        {
          "action_values_bb": [
            -0.5,
            1.0865681490069306
          ],
          "candidate_probabilities": [
            1.4777598380533163e-6,
            0.9999985098838806
          ],
          "class_index": 112,
          "conditional_hand_mass": 0.0045248869052198935,
          "expected_action_loss_bb": 2.3445666909370315e-6,
          "hand": "TT",
          "probability_on_actions_losing_over_0_1bb": 1.4777598380533163e-6,
          "reference_expected_action_loss_bb": 1.8981809155603515e-8,
          "reference_probabilities": [
            1.1964067958558644e-8,
            1.0
          ]
        },
        {
          "action_values_bb": [
            -0.5,
            0.0335236734523227
          ],
          "candidate_probabilities": [
            1.4777598380533163e-6,
            0.9999985098838806
          ],
          "class_index": 113,
          "conditional_hand_mass": 0.009049773810439787,
          "expected_action_loss_bb": 7.884198572785148e-7,
          "hand": "JTo",
          "probability_on_actions_losing_over_0_1bb": 1.4777598380533163e-6,
          "reference_expected_action_loss_bb": 6.383113486683438e-9,
          "reference_probabilities": [
            1.1964067958558644e-8,
            1.0
          ]
        },
        {
          "action_values_bb": [
            -0.5,
            0.06188522330643245
          ],
          "candidate_probabilities": [
            1.4777598380533163e-6,
            0.9999985098838806
          ],
          "class_index": 114,
          "conditional_hand_mass": 0.009049773810439787,
          "expected_action_loss_bb": 8.30331416597865e-7,
          "hand": "QTo",
          "probability_on_actions_losing_over_0_1bb": 1.4777598380533163e-6,
          "reference_expected_action_loss_bb": 6.722432996548057e-9,
          "reference_probabilities": [
            1.1964067958558644e-8,
            1.0
          ]
        },
        {
          "action_values_bb": [
            -0.5,
            0.3370253132658756
          ],
          "candidate_probabilities": [
            1.4777598380533163e-6,
            0.9999985098838806
          ],
          "class_index": 115,
          "conditional_hand_mass": 0.009049773810439787,
          "expected_action_loss_bb": 1.2369223913783067e-6,
          "hand": "KTo",
          "probability_on_actions_losing_over_0_1bb": 1.4777598380533163e-6,
          "reference_expected_action_loss_bb": 1.0014227730946773e-8,
          "reference_probabilities": [
            1.1964067958558644e-8,
            1.0
          ]
        },
        {
          "action_values_bb": [
            -0.5,
            0.3814893418035486
          ],
          "candidate_probabilities": [
            1.4777598380533163e-6,
            0.9999985098838806
          ],
          "class_index": 116,
          "conditional_hand_mass": 0.009049773810439787,
          "expected_action_loss_bb": 1.3026295469893362e-6,
          "hand": "ATo",
          "probability_on_actions_losing_over_0_1bb": 1.4777598380533163e-6,
          "reference_expected_action_loss_bb": 1.0546198390082784e-8,
          "reference_probabilities": [
            1.1964067958558644e-8,
            1.0
          ]
        },
        {
          "action_values_bb": [
            -0.5,
            -0.49855341246615914
          ],
          "candidate_probabilities": [
            0.9998548626899719,
            0.00014512513007503003
          ],
          "class_index": 117,
          "conditional_hand_mass": 0.0030165911925363843,
          "expected_action_loss_bb": 0.0014463775800174778,
          "hand": "J2s",
          "probability_on_actions_losing_over_0_1bb": -0.0,
          "reference_expected_action_loss_bb": 0.0012224260015846306,
          "reference_probabilities": [
            0.8450411558151245,
            0.15495888888835907
          ]
        },
        {
          "action_values_bb": [
            -0.5,
            -0.6431395472261657
          ],
          "candidate_probabilities": [
            0.9860146641731262,
            0.013985395431518555
          ],
          "class_index": 118,
          "conditional_hand_mass": 0.0030165911925363843,
          "expected_action_loss_bb": 0.0020018631698464524,
          "hand": "J3s",
          "probability_on_actions_losing_over_0_1bb": 0.013985395431518555,
          "reference_expected_action_loss_bb": 0.00021437465023098362,
          "reference_probabilities": [
            0.9985023736953735,
            0.0014976619277149439
          ]
        },
        {
          "action_values_bb": [
            -0.5,
            -0.4253335920782679
          ],
          "candidate_probabilities": [
            0.9951016902923584,
            0.004898276180028915
          ],
          "class_index": 119,
          "conditional_hand_mass": 0.0030165911925363843,
          "expected_action_loss_bb": 0.07430066873097438,
          "hand": "J4s",
          "probability_on_actions_losing_over_0_1bb": -0.0,
          "reference_expected_action_loss_bb": 8.933141775483412e-10,
          "reference_probabilities": [
            1.1964070623093903e-8,
            1.0
          ]
        },
        {
          "action_values_bb": [
            -0.5,
            -0.32299144642888605
          ],
          "candidate_probabilities": [
            1.4777594969928032e-6,
            0.9999985098838806
          ],
          "class_index": 120,
          "conditional_hand_mass": 0.0030165911925363843,
          "expected_action_loss_bb": 2.61576071088673e-7,
          "hand": "J5s",
          "probability_on_actions_losing_over_0_1bb": 1.4777594969928032e-6,
          "reference_expected_action_loss_bb": 2.1177428358165076e-9,
          "reference_probabilities": [
            1.1964070623093903e-8,
            1.0
          ]
        },
        {
          "action_values_bb": [
            -0.5,
            -0.3121524703611271
          ],
          "candidate_probabilities": [
            1.4777594969928032e-6,
            0.9999985098838806
          ],
          "class_index": 121,
          "conditional_hand_mass": 0.0030165911925363843,
          "expected_action_loss_bb": 2.775934709104815e-7,
          "hand": "J6s",
          "probability_on_actions_losing_over_0_1bb": 1.4777594969928032e-6,
          "reference_expected_action_loss_bb": 2.2474211109732006e-9,
          "reference_probabilities": [
            1.1964070623093903e-8,
            1.0
          ]
        },
        {
          "action_values_bb": [
            -0.5,
            -0.28935900938555176
          ],
          "candidate_probabilities": [
            1.4777594969928032e-6,
            0.9999985098838806
          ],
          "class_index": 122,
          "conditional_hand_mass": 0.0030165911925363843,
          "expected_action_loss_bb": 3.112767243364728e-7,
          "hand": "J7s",
          "probability_on_actions_losing_over_0_1bb": 1.4777594969928032e-6,
          "reference_expected_action_loss_bb": 2.5201236878297187e-9,
          "reference_probabilities": [
            1.1964070623093903e-8,
            1.0
          ]
        },
        {
          "action_values_bb": [
            -0.5,
            -0.14723262782389812
          ],
          "candidate_probabilities": [
            1.4777594969928032e-6,
            0.9999985098838806
          ],
          "class_index": 123,
          "conditional_hand_mass": 0.0030165911925363843,
          "expected_action_loss_bb": 5.213053344624293e-7,
          "hand": "J8s",
          "probability_on_actions_losing_over_0_1bb": 1.4777594969928032e-6,
          "reference_expected_action_loss_bb": 4.220533754238134e-9,
          "reference_probabilities": [
            1.1964070623093903e-8,
            1.0
          ]
        },
        {
          "action_values_bb": [
            -0.5,
            0.0686968239497537
          ],
          "candidate_probabilities": [
            1.4777594969928032e-6,
            0.9999985098838806
          ],
          "class_index": 124,
          "conditional_hand_mass": 0.0030165911925363843,
          "expected_action_loss_bb": 8.403971325013928e-7,
          "hand": "J9s",
          "probability_on_actions_losing_over_0_1bb": 1.4777594969928032e-6,
          "reference_expected_action_loss_bb": 6.803928964864054e-9,
          "reference_probabilities": [
            1.1964070623093903e-8,
            1.0
          ]
        },
        {
          "action_values_bb": [
            -0.5,
            0.2533092749628602
          ],
          "candidate_probabilities": [
            1.4777594969928032e-6,
            0.9999985098838806
          ],
          "class_index": 125,
          "conditional_hand_mass": 0.0030165911925363843,
          "expected_action_loss_bb": 1.1132099352491297e-6,
          "hand": "JTs",
          "probability_on_actions_losing_over_0_1bb": 1.4777594969928032e-6,
          "reference_expected_action_loss_bb": 9.012645366687325e-9,
          "reference_probabilities": [
            1.1964070623093903e-8,
            1.0
          ]
        },
        {
          "action_values_bb": [
            -0.5,
            1.3914207822844566
          ],
          "candidate_probabilities": [
            1.4777598380533163e-6,
            0.9999985098838806
          ],
          "class_index": 126,
          "conditional_hand_mass": 0.0045248869052198935,
          "expected_action_loss_bb": 2.7950656689193557e-6,
          "hand": "JJ",
          "probability_on_actions_losing_over_0_1bb": 1.4777598380533163e-6,
          "reference_expected_action_loss_bb": 2.2629086777481392e-8,
          "reference_probabilities": [
            1.1964067958558644e-8,
            1.0
          ]
        },
        {
          "action_values_bb": [
            -0.5,
            0.161032061845649
          ],
          "candidate_probabilities": [
            1.4777598380533163e-6,
            0.9999985098838806
          ],
          "class_index": 127,
          "conditional_hand_mass": 0.009049773810439787,
          "expected_action_loss_bb": 9.76846632661076e-7,
          "hand": "QJo",
          "probability_on_actions_losing_over_0_1bb": 1.4777598380533163e-6,
          "reference_expected_action_loss_bb": 7.908632510707486e-9,
          "reference_probabilities": [
            1.1964067958558644e-8,
            1.0
          ]
        },
        {
          "action_values_bb": [
            -0.5,
            0.485800232256886
          ],
          "candidate_probabilities": [
            1.4777598380533163e-6,
            0.9999985098838806
          ],
          "class_index": 128,
          "conditional_hand_mass": 0.009049773810439787,
          "expected_action_loss_bb": 1.4567759915728575e-6,
          "hand": "KJo",
          "probability_on_actions_losing_over_0_1bb": 1.4777598380533163e-6,
          "reference_expected_action_loss_bb": 1.1794180972284279e-8,
          "reference_probabilities": [
            1.1964067958558644e-8,
            1.0
          ]
        },
        {
          "action_values_bb": [
            -0.5,
            0.445352403676457
          ],
          "candidate_probabilities": [
            1.4777598380533163e-6,
            0.9999985098838806
          ],
          "class_index": 129,
          "conditional_hand_mass": 0.009049773810439787,
          "expected_action_loss_bb": 1.3970038149602344e-6,
          "hand": "AJo",
          "probability_on_actions_losing_over_0_1bb": 1.4777598380533163e-6,
          "reference_expected_action_loss_bb": 1.1310260402371896e-8,
          "reference_probabilities": [
            1.1964067958558644e-8,
            1.0
          ]
        },
        {
          "action_values_bb": [
            -0.5,
            -0.26905239663810393
          ],
          "candidate_probabilities": [
            0.9949052929878235,
            0.005094718188047409
          ],
          "class_index": 130,
          "conditional_hand_mass": 0.0030165911925363843,
          "expected_action_loss_bb": 0.22977099298760287,
          "hand": "Q2s",
          "probability_on_actions_losing_over_0_1bb": 0.9949052929878235,
          "reference_expected_action_loss_bb": 2.7630734368560036e-9,
          "reference_probabilities": [
            1.1964070623093903e-8,
            1.0
          ]
        },
        {
          "action_values_bb": [
            -0.5,
            -0.2867740580856083
          ],
          "candidate_probabilities": [
            1.4777594969928032e-6,
            0.9999985098838806
          ],
          "class_index": 131,
          "conditional_hand_mass": 0.0030165911925363843,
          "expected_action_loss_bb": 3.1509666066922815e-7,
          "hand": "Q3s",
          "probability_on_actions_losing_over_0_1bb": 1.4777594969928032e-6,
          "reference_expected_action_loss_bb": 2.551050227739501e-9,
          "reference_probabilities": [
            1.1964070623093903e-8,
            1.0
          ]
        },
        {
          "action_values_bb": [
            -0.5,
            -0.2660434130525425
          ],
          "candidate_probabilities": [
            0.9289326667785645,
            0.07106732577085495
          ],
          "class_index": 132,
          "conditional_hand_mass": 0.0030165911925363843,
          "expected_action_loss_bb": 0.2173299162235128,
          "hand": "Q4s",
          "probability_on_actions_losing_over_0_1bb": 0.9289326667785645,
          "reference_expected_action_loss_bb": 2.799073128977391e-9,
          "reference_probabilities": [
            1.1964070623093903e-8,
            1.0
          ]
        },
        {
          "action_values_bb": [
            -0.5,
            -0.06912859141168413
          ],
          "candidate_probabilities": [
            1.4777594969928032e-6,
            0.9999985098838806
          ],
          "class_index": 133,
          "conditional_hand_mass": 0.0030165911925363843,
          "expected_action_loss_bb": 6.367243160240502e-7,
          "hand": "Q5s",
          "probability_on_actions_losing_over_0_1bb": 1.4777594969928032e-6,
          "reference_expected_action_loss_bb": 5.1549759618225594e-9,
          "reference_probabilities": [
            1.1964070623093903e-8,
            1.0
          ]
        },
        {
          "action_values_bb": [
            -0.5,
            -0.12284049435358424
          ],
          "candidate_probabilities": [
            1.4777594969928032e-6,
            0.9999985098838806
          ],
          "class_index": 134,
          "conditional_hand_mass": 0.0030165911925363843,
          "expected_action_loss_bb": 5.573510413501017e-7,
          "hand": "Q6s",
          "probability_on_actions_losing_over_0_1bb": 1.4777594969928032e-6,
          "reference_expected_action_loss_bb": 4.512362961724902e-9,
          "reference_probabilities": [
            1.1964070623093903e-8,
            1.0
          ]
        },
        {
          "action_values_bb": [
            -0.5,
            -0.1446566935920923
          ],
          "candidate_probabilities": [
            1.4777594969928032e-6,
            0.9999985098838806
          ],
          "class_index": 135,
          "conditional_hand_mass": 0.0030165911925363843,
          "expected_action_loss_bb": 5.251119457371092e-7,
          "hand": "Q7s",
          "probability_on_actions_losing_over_0_1bb": 1.4777594969928032e-6,
          "reference_expected_action_loss_bb": 4.2513524133079035e-9,
          "reference_probabilities": [
            1.1964070623093903e-8,
            1.0
          ]
        },
        {
          "action_values_bb": [
            -0.5,
            0.15643291884182892
          ],
          "candidate_probabilities": [
            1.4777594969928032e-6,
            0.9999985098838806
          ],
          "class_index": 136,
          "conditional_hand_mass": 0.0030165911925363843,
          "expected_action_loss_bb": 9.700499799572188e-7,
          "hand": "Q8s",
          "probability_on_actions_losing_over_0_1bb": 1.4777594969928032e-6,
          "reference_expected_action_loss_bb": 7.85360980034731e-9,
          "reference_probabilities": [
            1.1964070623093903e-8,
            1.0
          ]
        },
        {
          "action_values_bb": [
            -0.5,
            0.1772112349119141
          ],
          "candidate_probabilities": [
            1.4777594969928032e-6,
            0.9999985098838806
          ],
          "class_index": 137,
          "conditional_hand_mass": 0.0030165911925363843,
          "expected_action_loss_bb": 1.0007553338613053e-6,
          "hand": "Q9s",
          "probability_on_actions_losing_over_0_1bb": 1.4777594969928032e-6,
          "reference_expected_action_loss_bb": 8.102203041238776e-9,
          "reference_probabilities": [
            1.1964070623093903e-8,
            1.0
          ]
        },
        {
          "action_values_bb": [
            -0.5,
            0.30500461963136033
          ],
          "candidate_probabilities": [
            1.4777594969928032e-6,
            0.9999985098838806
          ],
          "class_index": 138,
          "conditional_hand_mass": 0.0030165911925363843,
          "expected_action_loss_bb": 1.1896032217833218e-6,
          "hand": "QTs",
          "probability_on_actions_losing_over_0_1bb": 1.4777594969928032e-6,
          "reference_expected_action_loss_bb": 9.631132121186439e-9,
          "reference_probabilities": [
            1.1964070623093903e-8,
            1.0
          ]
        },
        {
          "action_values_bb": [
            -0.5,
            0.29676067469670003
          ],
          "candidate_probabilities": [
            1.4777594969928032e-6,
            0.9999985098838806
          ],
          "class_index": 139,
          "conditional_hand_mass": 0.0030165911925363843,
          "expected_action_loss_bb": 1.1774206538634419e-6,
          "hand": "QJs",
          "probability_on_actions_losing_over_0_1bb": 1.4777594969928032e-6,
          "reference_expected_action_loss_bb": 9.532500981775265e-9,
          "reference_probabilities": [
            1.1964070623093903e-8,
            1.0
          ]
        },
        {
          "action_values_bb": [
            -0.5,
            1.4964316952377346
          ],
          "candidate_probabilities": [
            1.4777598380533163e-6,
            0.9999985098838806
          ],
          "class_index": 140,
          "conditional_hand_mass": 0.0045248869052198935,
          "expected_action_loss_bb": 2.9502465786390223e-6,
          "hand": "QQ",
          "probability_on_actions_losing_over_0_1bb": 1.4777598380533163e-6,
          "reference_expected_action_loss_bb": 2.3885444476444695e-8,
          "reference_probabilities": [
            1.1964067958558644e-8,
            1.0
          ]
        },
        {
          "action_values_bb": [
            -0.5,
            0.6036975106931691
          ],
          "candidate_probabilities": [
            1.4777598380533163e-6,
            0.9999985098838806
          ],
          "class_index": 141,
          "conditional_hand_mass": 0.009049773810439787,
          "expected_action_loss_bb": 1.6309998546617858e-6,
          "hand": "KQo",
          "probability_on_actions_losing_over_0_1bb": 1.4777598380533163e-6,
          "reference_expected_action_loss_bb": 1.320471202362508e-8,
          "reference_probabilities": [
            1.1964067958558644e-8,
            1.0
          ]
        },
        {
          "action_values_bb": [
            -0.5,
            0.44556521963211415
          ],
          "candidate_probabilities": [
            1.4777598380533163e-6,
            0.9999985098838806
          ],
          "class_index": 142,
          "conditional_hand_mass": 0.009049773810439787,
          "expected_action_loss_bb": 1.3973183058324015e-6,
          "hand": "AQo",
          "probability_on_actions_losing_over_0_1bb": 1.4777598380533163e-6,
          "reference_expected_action_loss_bb": 1.1312806546928044e-8,
          "reference_probabilities": [
            1.1964067958558644e-8,
            1.0
          ]
        },
        {
          "action_values_bb": [
            -0.5,
            -0.1295253301386398
          ],
          "candidate_probabilities": [
            1.4777594969928032e-6,
            0.9999985098838806
          ],
          "class_index": 143,
          "conditional_hand_mass": 0.0030165911925363843,
          "expected_action_loss_bb": 5.474724617828986e-7,
          "hand": "K2s",
          "probability_on_actions_losing_over_0_1bb": 1.4777594969928032e-6,
          "reference_expected_action_loss_bb": 4.432385114288712e-9,
          "reference_probabilities": [
            1.1964070623093903e-8,
            1.0
          ]
        },
        {
          "action_values_bb": [
            -0.5,
            -0.07608886411587286
          ],
          "candidate_probabilities": [
            1.4777594969928032e-6,
            0.9999985098838806
          ],
          "class_index": 144,
          "conditional_hand_mass": 0.0030165911925363843,
          "expected_action_loss_bb": 6.264387069337755e-7,
          "hand": "K3s",
          "probability_on_actions_losing_over_0_1bb": 1.4777594969928032e-6,
          "reference_expected_action_loss_bb": 5.071702767633654e-9,
          "reference_probabilities": [
            1.1964070623093903e-8,
            1.0
          ]
        },
        {
          "action_values_bb": [
            -0.5,
            -0.006073201506864936
          ],
          "candidate_probabilities": [
            1.4777594969928032e-6,
            0.9999985098838806
          ],
          "class_index": 145,
          "conditional_hand_mass": 0.0030165911925363843,
          "expected_action_loss_bb": 7.29905017292481e-7,
          "hand": "K4s",
          "probability_on_actions_losing_over_0_1bb": 1.4777594969928032e-6,
          "reference_expected_action_loss_bb": 5.909375099810539e-9,
          "reference_probabilities": [
            1.1964070623093903e-8,
            1.0
          ]
        },
        {
          "action_values_bb": [
            -0.5,
            0.08269851201502965
          ],
          "candidate_probabilities": [
            1.4777594969928032e-6,
            0.9999985098838806
          ],
          "class_index": 146,
          "conditional_hand_mass": 0.0030165911925363843,
          "expected_action_loss_bb": 8.610882600137851e-7,
          "hand": "K5s",
          "probability_on_actions_losing_over_0_1bb": 1.4777594969928032e-6,
          "reference_expected_action_loss_bb": 6.971446149719546e-9,
          "reference_probabilities": [
            1.1964070623093903e-8,
            1.0
          ]
        },
        {
          "action_values_bb": [
            -0.5,
            0.18863241995144325
          ],
          "candidate_probabilities": [
            1.4777594969928032e-6,
            0.9999985098838806
          ],
          "class_index": 147,
          "conditional_hand_mass": 0.0030165911925363843,
          "expected_action_loss_bb": 1.0176330985203817e-6,
          "hand": "K6s",
          "probability_on_actions_losing_over_0_1bb": 1.4777594969928032e-6,
          "reference_expected_action_loss_bb": 8.238846905651127e-9,
          "reference_probabilities": [
            1.1964070623093903e-8,
            1.0
          ]
        },
        {
          "action_values_bb": [
            -0.5,
            0.13481730828310728
          ],
          "candidate_probabilities": [
            1.4777594969928032e-6,
            0.9999985098838806
          ],
          "class_index": 148,
          "conditional_hand_mass": 0.0030165911925363843,
          "expected_action_loss_bb": 9.381073061707698e-7,
          "hand": "K7s",
          "probability_on_actions_losing_over_0_1bb": 1.4777594969928032e-6,
          "reference_expected_action_loss_bb": 7.594999109061468e-9,
          "reference_probabilities": [
            1.1964070623093903e-8,
            1.0
          ]
        },
        {
          "action_values_bb": [
            -0.5,
            0.41010015935777966
          ],
          "candidate_probabilities": [
            1.4777594969928032e-6,
            0.9999985098838806
          ],
          "class_index": 149,
          "conditional_hand_mass": 0.0030165911925363843,
          "expected_action_loss_bb": 1.3449091537056226e-6,
          "hand": "K8s",
          "probability_on_actions_losing_over_0_1bb": 1.4777594969928032e-6,
          "reference_expected_action_loss_bb": 1.0888502580645492e-8,
          "reference_probabilities": [
            1.1964070623093903e-8,
            1.0
          ]
        },
        {
          "action_values_bb": [
            -0.5,
            0.45699097346558426
          ],
          "candidate_probabilities": [
            1.4777594969928032e-6,
            0.9999985098838806
          ],
          "class_index": 150,
          "conditional_hand_mass": 0.0030165911925363843,
          "expected_action_loss_bb": 1.4142024995751549e-6,
          "hand": "K9s",
          "probability_on_actions_losing_over_0_1bb": 1.4777594969928032e-6,
          "reference_expected_action_loss_bb": 1.1449507592205634e-8,
          "reference_probabilities": [
            1.1964070623093903e-8,
            1.0
          ]
        },
        {
          "action_values_bb": [
            -0.5,
            0.48314871023275735
          ],
          "candidate_probabilities": [
            1.4777594969928032e-6,
            0.9999985098838806
          ],
          "class_index": 151,
          "conditional_hand_mass": 0.0030165911925363843,
          "expected_action_loss_bb": 1.4528573435026828e-6,
          "hand": "KTs",
          "probability_on_actions_losing_over_0_1bb": 1.4777594969928032e-6,
          "reference_expected_action_loss_bb": 1.1762460602228392e-8,
          "reference_probabilities": [
            1.1964070623093903e-8,
            1.0
          ]
        },
        {
          "action_values_bb": [
            -0.5,
            0.6578297207649559
          ],
          "candidate_probabilities": [
            1.4777594969928032e-6,
            0.9999985098838806
          ],
          "class_index": 152,
          "conditional_hand_mass": 0.0030165911925363843,
          "expected_action_loss_bb": 1.7109938657609391e-6,
          "hand": "KJs",
          "probability_on_actions_losing_over_0_1bb": 1.4777594969928032e-6,
          "reference_expected_action_loss_bb": 1.3852356548749026e-8,
          "reference_probabilities": [
            1.1964070623093903e-8,
            1.0
          ]
        },
        {
          "action_values_bb": [
            -0.5,
            0.7668712522194259
          ],
          "candidate_probabilities": [
            1.4777594969928032e-6,
            0.9999985098838806
          ],
          "class_index": 153,
          "conditional_hand_mass": 0.0030165911925363843,
          "expected_action_loss_bb": 1.8721310244344215e-6,
          "hand": "KQs",
          "probability_on_actions_losing_over_0_1bb": 1.4777594969928032e-6,
          "reference_expected_action_loss_bb": 1.515693713192062e-8,
          "reference_probabilities": [
            1.1964070623093903e-8,
            1.0
          ]
        },
        {
          "action_values_bb": [
            -0.5,
            1.8837104549519548
          ],
          "candidate_probabilities": [
            1.4777598380533163e-6,
            0.9999985098838806
          ],
          "class_index": 154,
          "conditional_hand_mass": 0.0045248869052198935,
          "expected_action_loss_bb": 3.522551575875798e-6,
          "hand": "KK",
          "probability_on_actions_losing_over_0_1bb": 1.4777598380533163e-6,
          "reference_expected_action_loss_bb": 2.8518873876571932e-8,
          "reference_probabilities": [
            1.1964067958558644e-8,
            1.0
          ]
        },
        {
          "action_values_bb": [
            -0.5,
            0.6691436761011276
          ],
          "candidate_probabilities": [
            1.4777598380533163e-6,
            0.9999985098838806
          ],
          "class_index": 155,
          "conditional_hand_mass": 0.009049773810439787,
          "expected_action_loss_bb": 1.7277135694562613e-6,
          "hand": "AKo",
          "probability_on_actions_losing_over_0_1bb": 1.4777598380533163e-6,
          "reference_expected_action_loss_bb": 1.3987714394192966e-8,
          "reference_probabilities": [
            1.1964067958558644e-8,
            1.0
          ]
        },
        {
          "action_values_bb": [
            -0.5,
            0.06585173078185584
          ],
          "candidate_probabilities": [
            1.4777594969928032e-6,
            0.9999985098838806
          ],
          "class_index": 156,
          "conditional_hand_mass": 0.0030165911925363843,
          "expected_action_loss_bb": 8.361927690527023e-7,
          "hand": "A2s",
          "probability_on_actions_losing_over_0_1bb": 1.4777594969928032e-6,
          "reference_expected_action_loss_bb": 6.769890069274041e-9,
          "reference_probabilities": [
            1.1964070623093903e-8,
            1.0
          ]
        },
        {
          "action_values_bb": [
            -0.5,
            0.29846488961837664
          ],
          "candidate_probabilities": [
            1.4777594969928032e-6,
            0.9999985098838806
          ],
          "class_index": 157,
          "conditional_hand_mass": 0.0030165911925363843,
          "expected_action_loss_bb": 1.1799390736488663e-6,
          "hand": "A3s",
          "probability_on_actions_losing_over_0_1bb": 1.4777594969928032e-6,
          "reference_expected_action_loss_bb": 9.552890329455135e-9,
          "reference_probabilities": [
            1.1964070623093903e-8,
            1.0
          ]
        },
        {
          "action_values_bb": [
            -0.5,
            0.26895718604014984
          ],
          "candidate_probabilities": [
            1.4777594969928032e-6,
            0.9999985098838806
          ],
          "class_index": 158,
          "conditional_hand_mass": 0.0030165911925363843,
          "expected_action_loss_bb": 1.1363337844516932e-6,
          "hand": "A4s",
          "probability_on_actions_losing_over_0_1bb": 1.4777594969928032e-6,
          "reference_expected_action_loss_bb": 9.19985807991991e-9,
          "reference_probabilities": [
            1.1964070623093903e-8,
            1.0
          ]
        },
        {
          "action_values_bb": [
            -0.5,
            0.31021733960947573
          ],
          "candidate_probabilities": [
            1.4777594969928032e-6,
            0.9999985098838806
          ],
          "class_index": 159,
          "conditional_hand_mass": 0.0030165911925363843,
          "expected_action_loss_bb": 1.197306368236146e-6,
          "hand": "A5s",
          "probability_on_actions_losing_over_0_1bb": 1.4777594969928032e-6,
          "reference_expected_action_loss_bb": 9.693497471143024e-9,
          "reference_probabilities": [
            1.1964070623093903e-8,
            1.0
          ]
        },
        {
          "action_values_bb": [
            -0.5,
            0.2722876505653165
          ],
          "candidate_probabilities": [
            1.4777594969928032e-6,
            0.9999985098838806
          ],
          "class_index": 160,
          "conditional_hand_mass": 0.0030165911925363843,
          "expected_action_loss_bb": 1.1412554100331559e-6,
          "hand": "A6s",
          "probability_on_actions_losing_over_0_1bb": 1.4777594969928032e-6,
          "reference_expected_action_loss_bb": 9.239703992706712e-9,
          "reference_probabilities": [
            1.1964070623093903e-8,
            1.0
          ]
        },
        {
          "action_values_bb": [
            -0.5,
            0.2646716354108571
          ],
          "candidate_probabilities": [
            1.4777594969928032e-6,
            0.9999985098838806
          ],
          "class_index": 161,
          "conditional_hand_mass": 0.0030165911925363843,
          "expected_action_loss_bb": 1.1300007713094124e-6,
          "hand": "A7s",
          "probability_on_actions_losing_over_0_1bb": 1.4777594969928032e-6,
          "reference_expected_action_loss_bb": 9.148585449532207e-9,
          "reference_probabilities": [
            1.1964070623093903e-8,
            1.0
          ]
        },
        {
          "action_values_bb": [
            -0.5,
            0.4948103321620567
          ],
          "candidate_probabilities": [
            1.4777594969928032e-6,
            0.9999985098838806
          ],
          "class_index": 162,
          "conditional_hand_mass": 0.0030165911925363843,
          "expected_action_loss_bb": 1.4700904160590444e-6,
          "hand": "A8s",
          "probability_on_actions_losing_over_0_1bb": 1.4777594969928032e-6,
          "reference_expected_action_loss_bb": 1.190198107057035e-8,
          "reference_probabilities": [
            1.1964070623093903e-8,
            1.0
          ]
        },
        {
          "action_values_bb": [
            -0.5,
            0.43252353706779756
          ],
          "candidate_probabilities": [
            1.4777594969928032e-6,
            0.9999985098838806
          ],
          "class_index": 163,
          "conditional_hand_mass": 0.0030165911925363843,
          "expected_action_loss_bb": 1.3780455130712581e-6,
          "hand": "A9s",
          "probability_on_actions_losing_over_0_1bb": 1.4777594969928032e-6,
          "reference_expected_action_loss_bb": 1.1156777455176455e-8,
          "reference_probabilities": [
            1.1964070623093903e-8,
            1.0
          ]
        },
        {
          "action_values_bb": [
            -0.5,
            0.512031683282176
          ],
          "candidate_probabilities": [
            1.4777594969928032e-6,
            0.9999985098838806
          ],
          "class_index": 164,
          "conditional_hand_mass": 0.0030165911925363843,
          "expected_action_loss_bb": 1.4955394312278484e-6,
          "hand": "ATs",
          "probability_on_actions_losing_over_0_1bb": 1.4777594969928032e-6,
          "reference_expected_action_loss_bb": 1.2108018531596557e-8,
          "reference_probabilities": [
            1.1964070623093903e-8,
            1.0
          ]
        },
        {
          "action_values_bb": [
            -0.5,
            0.4899528167392546
          ],
          "candidate_probabilities": [
            1.4777594969928032e-6,
            0.9999985098838806
          ],
          "class_index": 165,
          "conditional_hand_mass": 0.0030165911925363843,
          "expected_action_loss_bb": 1.4629121765112095e-6,
          "hand": "AJs",
          "probability_on_actions_losing_over_0_1bb": 1.4777594969928032e-6,
          "reference_expected_action_loss_bb": 1.1843865412999178e-8,
          "reference_probabilities": [
            1.1964070623093903e-8,
            1.0
          ]
        },
        {
          "action_values_bb": [
            -0.5,
            0.6669319415800918
          ],
          "candidate_probabilities": [
            1.4777594969928032e-6,
            0.9999985098838806
          ],
          "class_index": 166,
          "conditional_hand_mass": 0.0030165911925363843,
          "expected_action_loss_bb": 1.7244447590142316e-6,
          "hand": "AQs",
          "probability_on_actions_losing_over_0_1bb": 1.4777594969928032e-6,
          "reference_expected_action_loss_bb": 1.3961256161408308e-8,
          "reference_probabilities": [
            1.1964070623093903e-8,
            1.0
          ]
        },
        {
          "action_values_bb": [
            -0.5,
            0.8907192697222235
          ],
          "candidate_probabilities": [
            1.4777594969928032e-6,
            0.9999985098838806
          ],
          "class_index": 167,
          "conditional_hand_mass": 0.0030165911925363843,
          "expected_action_loss_bb": 2.0551486084829114e-6,
          "hand": "AKs",
          "probability_on_actions_losing_over_0_1bb": 1.4777594969928032e-6,
          "reference_expected_action_loss_bb": 1.663866355985426e-8,
          "reference_probabilities": [
            1.1964070623093903e-8,
            1.0
          ]
        },
        {
          "action_values_bb": [
            -0.5,
            2.0149889748537966
          ],
          "candidate_probabilities": [
            1.4777598380533163e-6,
            0.9999985098838806
          ],
          "class_index": 168,
          "conditional_hand_mass": 0.0045248869052198935,
          "expected_action_loss_bb": 3.7165497001858227e-6,
          "hand": "AA",
          "probability_on_actions_losing_over_0_1bb": 1.4777598380533163e-6,
          "reference_expected_action_loss_bb": 3.008949901017656e-8,
          "reference_probabilities": [
            1.1964067958558644e-8,
            1.0
          ]
        }
      ],
      "joint_reach_independent_model": 0.0053126921062429215,
      "opponent_mass": 0.005312691908329725,
      "passes_local_tail_gate": false,
      "path": [
        2
      ],
      "position": "SB",
      "reference_weighted_action_loss_bb": 0.00006126049943163763,
      "scope": "One-action deviation followed by reference play, same reference arriving ranges; excludes physical-deal validation",
      "status": "evaluated",
      "weighted_action_loss_bb": 0.013432830875122375,
      "weighted_excess_action_loss_bb": 0.013371570375690738,
      "worst_relevant_probability_on_strongly_inferior_actions": 0.9999985098838806
    },
    {
      "actions": [
        {
          "kind": "fold",
          "label": "Fold",
          "to": 0.0
        },
        {
          "kind": "call",
          "label": "Call 2",
          "to": 2.0
        }
      ],
      "actor": 2,
      "actor_mass": 1.000000037252903,
      "forced_or_frozen": false,
      "hands": [
        {
          "action_values_bb": [
            -1.0000000283803316,
            -0.21819232954572676
          ],
          "candidate_probabilities": [
            1.4777598380533163e-6,
            0.9999985098838806
          ],
          "class_index": 0,
          "conditional_hand_mass": 0.0045248869052198935,
          "expected_action_loss_bb": 1.1553240184186616e-6,
          "hand": "22",
          "probability_on_actions_losing_over_0_1bb": 1.4777598380533163e-6,
          "reference_expected_action_loss_bb": 9.353600439381562e-9,
          "reference_probabilities": [
            1.1964067958558644e-8,
            1.0
          ]
        },
        {
          "action_values_bb": [
            -1.0000000283803316,
            -0.9845818938754782
          ],
          "candidate_probabilities": [
            1.4777598380533163e-6,
            0.9999985098838806
          ],
          "class_index": 1,
          "conditional_hand_mass": 0.009049773810439787,
          "expected_action_loss_bb": 2.2784299948976423e-8,
          "hand": "32o",
          "probability_on_actions_losing_over_0_1bb": -0.0,
          "reference_expected_action_loss_bb": 1.844636090102641e-10,
          "reference_probabilities": [
            1.1964067958558644e-8,
            1.0
          ]
        },
        {
          "action_values_bb": [
            -1.0000000283803316,
            -0.837970046515517
          ],
          "candidate_probabilities": [
            1.4777598380533163e-6,
            0.9999985098838806
          ],
          "class_index": 2,
          "conditional_hand_mass": 0.009049773810439787,
          "expected_action_loss_bb": 2.394413997603303e-7,
          "hand": "42o",
          "probability_on_actions_losing_over_0_1bb": 1.4777598380533163e-6,
          "reference_expected_action_loss_bb": 1.9385377143546673e-9,
          "reference_probabilities": [
            1.1964067958558644e-8,
            1.0
          ]
        },
        {
          "action_values_bb": [
            -1.0000000283803316,
            -0.7797961543185593
          ],
          "candidate_probabilities": [
            0.9969633221626282,
            0.0030366797000169754
          ],
          "class_index": 3,
          "conditional_hand_mass": 0.009049773810439787,
          "expected_action_loss_bb": 0.21953518583770554,
          "hand": "52o",
          "probability_on_actions_losing_over_0_1bb": 0.9969633221626282,
          "reference_expected_action_loss_bb": 2.634534114012933e-9,
          "reference_probabilities": [
            1.1964067958558644e-8,
            1.0
          ]
        },
        {
          "action_values_bb": [
            -1.0000000283803316,
            -0.8627957821551717
          ],
          "candidate_probabilities": [
            0.9997640252113342,
            0.00023604156740475446
          ],
          "class_index": 4,
          "conditional_hand_mass": 0.009049773810439787,
          "expected_action_loss_bb": 0.1371718694821529,
          "hand": "62o",
          "probability_on_actions_losing_over_0_1bb": 0.9997640252113342,
          "reference_expected_action_loss_bb": 1.6415209260406265e-9,
          "reference_probabilities": [
            1.1964067958558644e-8,
            1.0
          ]
        },
        {
          "action_values_bb": [
            -1.0000000283803316,
            -0.9510783440367885
          ],
          "candidate_probabilities": [
            1.4777598380533163e-6,
            0.9999985098838806
          ],
          "class_index": 5,
          "conditional_hand_mass": 0.009049773810439787,
          "expected_action_loss_bb": 7.22945003328098e-8,
          "hand": "72o",
          "probability_on_actions_losing_over_0_1bb": -0.0,
          "reference_expected_action_loss_bb": 5.853023561333047e-10,
          "reference_probabilities": [
            1.1964067958558644e-8,
            1.0
          ]
        },
        {
          "action_values_bb": [
            -1.0000000283803316,
            -1.026016772215617
          ],
          "candidate_probabilities": [
            1.4777598380533163e-6,
            0.9999985098838806
          ],
          "class_index": 6,
          "conditional_hand_mass": 0.009049773810439787,
          "expected_action_loss_bb": 0.026016705067316043,
          "hand": "82o",
          "probability_on_actions_losing_over_0_1bb": -0.0,
          "reference_expected_action_loss_bb": 0.00004235794087206865,
          "reference_probabilities": [
            0.9983718991279602,
            0.0016281030839309096
          ]
        },
        {
          "action_values_bb": [
            -1.0000000283803316,
            -0.82421245438689
          ],
          "candidate_probabilities": [
            0.9858981966972351,
            0.01410182099789381
          ],
          "class_index": 7,
          "conditional_hand_mass": 0.009049773810439787,
          "expected_action_loss_bb": 0.17330865220191594,
          "hand": "92o",
          "probability_on_actions_losing_over_0_1bb": 0.9858981966972351,
          "reference_expected_action_loss_bb": 2.1031344815276926e-9,
          "reference_probabilities": [
            1.1964067958558644e-8,
            1.0
          ]
        },
        {
          "action_values_bb": [
            -1.0000000283803316,
            -0.8608188383486607
          ],
          "candidate_probabilities": [
            1.4777598380533163e-6,
            0.9999985098838806
          ],
          "class_index": 8,
          "conditional_hand_mass": 0.009049773810439787,
          "expected_action_loss_bb": 2.0567637284126991e-7,
          "hand": "T2o",
          "probability_on_actions_losing_over_0_1bb": 1.4777598380533163e-6,
          "reference_expected_action_loss_bb": 1.6651732160919761e-9,
          "reference_probabilities": [
            1.1964067958558644e-8,
            1.0
          ]
        },
        {
          "action_values_bb": [
            -1.0000000283803316,
            -0.8510118524169775
          ],
          "candidate_probabilities": [
            1.4777598380533163e-6,
            0.9999985098838806
          ],
          "class_index": 9,
          "conditional_hand_mass": 0.009049773810439787,
          "expected_action_loss_bb": 2.2016874278346517e-7,
          "hand": "J2o",
          "probability_on_actions_losing_over_0_1bb": 1.4777598380533163e-6,
          "reference_expected_action_loss_bb": 1.7825046622472622e-9,
          "reference_probabilities": [
            1.1964067958558644e-8,
            1.0
          ]
        },
        {
          "action_values_bb": [
            -1.0000000283803316,
            -0.5819444844567803
          ],
          "candidate_probabilities": [
            1.4777598380533163e-6,
            0.9999985098838806
          ],
          "class_index": 10,
          "conditional_hand_mass": 0.009049773810439787,
          "expected_action_loss_bb": 6.177856928857584e-7,
          "hand": "Q2o",
          "probability_on_actions_losing_over_0_1bb": 1.4777598380533163e-6,
          "reference_expected_action_loss_bb": 5.001644937953567e-9,
          "reference_probabilities": [
            1.1964067958558644e-8,
            1.0
          ]
        },
        {
          "action_values_bb": [
            -1.0000000283803316,
            -0.4777984269881566
          ],
          "candidate_probabilities": [
            1.4777598380533163e-6,
            0.9999985098838806
          ],
          "class_index": 11,
          "conditional_hand_mass": 0.009049773810439787,
          "expected_action_loss_bb": 7.716885539044831e-7,
          "hand": "K2o",
          "probability_on_actions_losing_over_0_1bb": 1.4777598380533163e-6,
          "reference_expected_action_loss_bb": 6.247655447124135e-9,
          "reference_probabilities": [
            1.1964067958558644e-8,
            1.0
          ]
        },
        {
          "action_values_bb": [
            -1.0000000283803316,
            -0.17619864427757922
          ],
          "candidate_probabilities": [
            1.4777598380533163e-6,
            0.9999985098838806
          ],
          "class_index": 12,
          "conditional_hand_mass": 0.009049773810439787,
          "expected_action_loss_bb": 1.2173805999597813e-6,
          "hand": "A2o",
          "probability_on_actions_losing_over_0_1bb": 1.4777598380533163e-6,
          "reference_expected_action_loss_bb": 9.856015743760003e-9,
          "reference_probabilities": [
            1.1964067958558644e-8,
            1.0
          ]
        },
        {
          "action_values_bb": [
            -1.0000000283803316,
            -0.8526065477105702
          ],
          "candidate_probabilities": [
            1.4777594969928032e-6,
            0.9999985098838806
          ],
          "class_index": 13,
          "conditional_hand_mass": 0.0030165911925363843,
          "expected_action_loss_bb": 2.1781211585456512e-7,
          "hand": "32s",
          "probability_on_actions_losing_over_0_1bb": 1.4777594969928032e-6,
          "reference_expected_action_loss_bb": 1.7634260121166518e-9,
          "reference_probabilities": [
            1.1964070623093903e-8,
            1.0
          ]
        },
        {
          "action_values_bb": [
            -1.0000000283803316,
            -0.08288635517660586
          ],
          "candidate_probabilities": [
            1.4777598380533163e-6,
            0.9999985098838806
          ],
          "class_index": 14,
          "conditional_hand_mass": 0.0045248869052198935,
          "expected_action_loss_bb": 1.3552737531900197e-6,
          "hand": "33",
          "probability_on_actions_losing_over_0_1bb": 1.4777598380533163e-6,
          "reference_expected_action_loss_bb": 1.0972410311932718e-8,
          "reference_probabilities": [
            1.1964067958558644e-8,
            1.0
          ]
        },
        {
          "action_values_bb": [
            -1.0000000283803316,
            -0.8808244654510359
          ],
          "candidate_probabilities": [
            1.4777598380533163e-6,
            0.9999985098838806
          ],
          "class_index": 15,
          "conditional_hand_mass": 0.009049773810439787,
          "expected_action_loss_bb": 1.761128605743089e-7,
          "hand": "43o",
          "probability_on_actions_losing_over_0_1bb": 1.4777598380533163e-6,
          "reference_expected_action_loss_bb": 1.4258245338855768e-9,
          "reference_probabilities": [
            1.1964067958558644e-8,
            1.0
          ]
        },
        {
          "action_values_bb": [
            -1.0000000283803316,
            -0.7980145763840941
          ],
          "candidate_probabilities": [
            1.4777598380533163e-6,
            0.9999985098838806
          ],
          "class_index": 16,
          "conditional_hand_mass": 0.009049773810439787,
          "expected_action_loss_bb": 2.984859888310859e-7,
          "hand": "53o",
          "probability_on_actions_losing_over_0_1bb": 1.4777598380533163e-6,
          "reference_expected_action_loss_bb": 2.4165676743231704e-9,
          "reference_probabilities": [
            1.1964067958558644e-8,
            1.0
          ]
        },
        {
          "action_values_bb": [
            -1.0000000283803316,
            -0.8212818581477297
          ],
          "candidate_probabilities": [
            1.4777598380533163e-6,
            0.9999985098838806
          ],
          "class_index": 17,
          "conditional_hand_mass": 0.009049773810439787,
          "expected_action_loss_bb": 2.6410253430011486e-7,
          "hand": "63o",
          "probability_on_actions_losing_over_0_1bb": 1.4777598380533163e-6,
          "reference_expected_action_loss_bb": 2.138196334092102e-9,
          "reference_probabilities": [
            1.1964067958558644e-8,
            1.0
          ]
        },
        {
          "action_values_bb": [
            -1.0000000283803316,
            -0.9493574965250827
          ],
          "candidate_probabilities": [
            0.9961852431297302,
            0.0038147736340761185
          ],
          "class_index": 18,
          "conditional_hand_mass": 0.009049773810439787,
          "expected_action_loss_bb": 0.05044934290892625,
          "hand": "73o",
          "probability_on_actions_losing_over_0_1bb": -0.0,
          "reference_expected_action_loss_bb": 6.05890692709669e-10,
          "reference_probabilities": [
            1.1964067958558644e-8,
            1.0
          ]
        },
        {
          "action_values_bb": [
            -1.0000000283803316,
            -1.0210842934077524
          ],
          "candidate_probabilities": [
            1.4777598380533163e-6,
            0.9999985098838806
          ],
          "class_index": 19,
          "conditional_hand_mass": 0.009049773810439787,
          "expected_action_loss_bb": 0.021084233609417597,
          "hand": "83o",
          "probability_on_actions_losing_over_0_1bb": -0.0,
          "reference_expected_action_loss_bb": 0.0007222023402713143,
          "reference_probabilities": [
            0.9657468795776367,
            0.03425314277410507
          ]
        },
        {
          "action_values_bb": [
            -1.0000000283803316,
            -0.8928934408658799
          ],
          "candidate_probabilities": [
            1.4777598380533163e-6,
            0.9999985098838806
          ],
          "class_index": 20,
          "conditional_hand_mass": 0.009049773810439787,
          "expected_action_loss_bb": 1.5827781341979963e-7,
          "hand": "93o",
          "probability_on_actions_losing_over_0_1bb": 1.4777598380533163e-6,
          "reference_expected_action_loss_bb": 1.28143049183221e-9,
          "reference_probabilities": [
            1.1964067958558644e-8,
            1.0
          ]
        },
        {
          "action_values_bb": [
            -1.0000000283803316,
            -0.8665622644499564
          ],
          "candidate_probabilities": [
            1.4777598380533163e-6,
            0.9999985098838806
          ],
          "class_index": 21,
          "conditional_hand_mass": 0.009049773810439787,
          "expected_action_loss_bb": 1.971889684159479e-7,
          "hand": "T3o",
          "probability_on_actions_losing_over_0_1bb": 1.4777598380533163e-6,
          "reference_expected_action_loss_bb": 1.5964584759011144e-9,
          "reference_probabilities": [
            1.1964067958558644e-8,
            1.0
          ]
        },
        {
          "action_values_bb": [
            -1.0000000283803316,
            -0.8984912450136658
          ],
          "candidate_probabilities": [
            1.4777598380533163e-6,
            0.9999985098838806
          ],
          "class_index": 22,
          "conditional_hand_mass": 0.009049773810439787,
          "expected_action_loss_bb": 1.5000560326891323e-7,
          "hand": "J3o",
          "probability_on_actions_losing_over_0_1bb": 1.4777598380533163e-6,
          "reference_expected_action_loss_bb": 1.214457982589397e-9,
          "reference_probabilities": [
            1.1964067958558644e-8,
            1.0
          ]
        },
        {
          "action_values_bb": [
            -1.0000000283803316,
            -0.6596885233823725
          ],
          "candidate_probabilities": [
            1.4777598380533163e-6,
            0.9999985098838806
          ],
          "class_index": 23,
          "conditional_hand_mass": 0.009049773810439787,
          "expected_action_loss_bb": 5.028986745134644e-7,
          "hand": "Q3o",
          "probability_on_actions_losing_over_0_1bb": 1.4777598380533163e-6,
          "reference_expected_action_loss_bb": 4.071509972874953e-9,
          "reference_probabilities": [
            1.1964067958558644e-8,
            1.0
          ]
        },
        {
          "action_values_bb": [
            -1.0000000283803316,
            -0.47623526974909225
          ],
          "candidate_probabilities": [
            1.4777598380533163e-6,
            0.9999985098838806
          ],
          "class_index": 24,
          "conditional_hand_mass": 0.009049773810439787,
          "expected_action_loss_bb": 7.739985248929347e-7,
          "hand": "K3o",
          "probability_on_actions_losing_over_0_1bb": 1.4777598380533163e-6,
          "reference_expected_action_loss_bb": 6.266357166562213e-9,
          "reference_probabilities": [
            1.1964067958558644e-8,
            1.0
          ]
        },
        {
          "action_values_bb": [
            -1.0000000283803316,
            -0.06146266411608571
          ],
          "candidate_probabilities": [
            1.4777598380533163e-6,
            0.9999985098838806
          ],
          "class_index": 25,
          "conditional_hand_mass": 0.009049773810439787,
          "expected_action_loss_bb": 1.3869328234221184e-6,
          "hand": "A3o",
          "probability_on_actions_losing_over_0_1bb": 1.4777598380533163e-6,
          "reference_expected_action_loss_bb": 1.1228724807703947e-8,
          "reference_probabilities": [
            1.1964067958558644e-8,
            1.0
          ]
        },
        {
          "action_values_bb": [
            -1.0000000283803316,
            -0.7009764672025703
          ],
          "candidate_probabilities": [
            1.4777594969928032e-6,
            0.9999985098838806
          ],
          "class_index": 26,
          "conditional_hand_mass": 0.0030165911925363843,
          "expected_action_loss_bb": 4.4188490735504524e-7,
          "hand": "42s",
          "probability_on_actions_losing_over_0_1bb": 1.4777594969928032e-6,
          "reference_expected_action_loss_bb": 3.5775390038997766e-9,
          "reference_probabilities": [
            1.1964070623093903e-8,
            1.0
          ]
        },
        {
          "action_values_bb": [
            -1.0000000283803316,
            -0.6436684313280836
          ],
          "candidate_probabilities": [
            1.4777594969928032e-6,
            0.9999985098838806
          ],
          "class_index": 27,
          "conditional_hand_mass": 0.0030165911925363843,
          "expected_action_loss_bb": 5.265724016225723e-7,
          "hand": "43s",
          "probability_on_actions_losing_over_0_1bb": 1.4777594969928032e-6,
          "reference_expected_action_loss_bb": 4.263176392372935e-9,
          "reference_probabilities": [
            1.1964070623093903e-8,
            1.0
          ]
        },
        {
          "action_values_bb": [
            -1.0000000283803316,
            0.03406320674461317
          ],
          "candidate_probabilities": [
            1.4777598380533163e-6,
            0.9999985098838806
          ],
          "class_index": 28,
          "conditional_hand_mass": 0.0045248869052198935,
          "expected_action_loss_bb": 1.5280971188751269e-6,
          "hand": "44",
          "probability_on_actions_losing_over_0_1bb": 1.4777598380533163e-6,
          "reference_expected_action_loss_bb": 1.2371602818481846e-8,
          "reference_probabilities": [
            1.1964067958558644e-8,
            1.0
          ]
        },
        {
          "action_values_bb": [
            -1.0000000283803316,
            -0.5810817637096728
          ],
          "candidate_probabilities": [
            1.4777598380533163e-6,
            0.9999985098838806
          ],
          "class_index": 29,
          "conditional_hand_mass": 0.009049773810439787,
          "expected_action_loss_bb": 6.190605869572891e-7,
          "hand": "54o",
          "probability_on_actions_losing_over_0_1bb": 1.4777598380533163e-6,
          "reference_expected_action_loss_bb": 5.011966587601219e-9,
          "reference_probabilities": [
            1.1964067958558644e-8,
            1.0
          ]
        },
        {
          "action_values_bb": [
            -1.0000000283803316,
            -0.66135387850218
          ],
          "candidate_probabilities": [
            1.4777598380533163e-6,
            0.9999985098838806
          ],
          "class_index": 30,
          "conditional_hand_mass": 0.009049773810439787,
          "expected_action_loss_bb": 5.004376796013165e-7,
          "hand": "64o",
          "probability_on_actions_losing_over_0_1bb": 1.4777598380533163e-6,
          "reference_expected_action_loss_bb": 4.051585551046443e-9,
          "reference_probabilities": [
            1.1964067958558644e-8,
            1.0
          ]
        },
        {
          "action_values_bb": [
            -1.0000000283803316,
            -0.7706122728399261
          ],
          "candidate_probabilities": [
            1.4777598380533163e-6,
            0.9999985098838806
          ],
          "class_index": 31,
          "conditional_hand_mass": 0.009049773810439787,
          "expected_action_loss_bb": 3.3898001247880345e-7,
          "hand": "74o",
          "probability_on_actions_losing_over_0_1bb": 1.4777598380533163e-6,
          "reference_expected_action_loss_bb": 2.7444106961466493e-9,
          "reference_probabilities": [
            1.1964067958558644e-8,
            1.0
          ]
        },
        {
          "action_values_bb": [
            -1.0000000283803316,
            -0.8023938813615508
          ],
          "candidate_probabilities": [
            1.4777598380533163e-6,
            0.9999985098838806
          ],
          "class_index": 32,
          "conditional_hand_mass": 0.009049773810439787,
          "expected_action_loss_bb": 2.9201442781681346e-7,
          "hand": "84o",
          "probability_on_actions_losing_over_0_1bb": 1.4777598380533163e-6,
          "reference_expected_action_loss_bb": 2.364173371961625e-9,
          "reference_probabilities": [
            1.1964067958558644e-8,
            1.0
          ]
        },
        {
          "action_values_bb": [
            -1.0000000283803316,
            -0.811869663030419
          ],
          "candidate_probabilities": [
            0.9970171451568604,
            0.0029828804545104504
          ],
          "class_index": 33,
          "conditional_hand_mass": 0.009049773810439787,
          "expected_action_loss_bb": 0.18756919977848704,
          "hand": "94o",
          "probability_on_actions_losing_over_0_1bb": 0.9970171451568604,
          "reference_expected_action_loss_bb": 2.2508044761148214e-9,
          "reference_probabilities": [
            1.1964067958558644e-8,
            1.0
          ]
        },
        {
          "action_values_bb": [
            -1.0000000283803316,
            -0.7948572707541168
          ],
          "candidate_probabilities": [
            1.4777598380533163e-6,
            0.9999985098838806
          ],
          "class_index": 34,
          "conditional_hand_mass": 0.009049773810439787,
          "expected_action_loss_bb": 3.0315172828752595e-7,
          "hand": "T4o",
          "probability_on_actions_losing_over_0_1bb": 1.4777598380533163e-6,
          "reference_expected_action_loss_bb": 2.4543418934461585e-9,
          "reference_probabilities": [
            1.1964067958558644e-8,
            1.0
          ]
        },
        {
          "action_values_bb": [
            -1.0000000283803316,
            -0.750955715487902
          ],
          "candidate_probabilities": [
            1.4777598380533163e-6,
            0.9999985098838806
          ],
          "class_index": 35,
          "conditional_hand_mass": 0.009049773810439787,
          "expected_action_loss_bb": 3.6802768348801635e-7,
          "hand": "J4o",
          "probability_on_actions_losing_over_0_1bb": 1.4777598380533163e-6,
          "reference_expected_action_loss_bb": 2.9795830841375713e-9,
          "reference_probabilities": [
            1.1964067958558644e-8,
            1.0
          ]
        },
        {
          "action_values_bb": [
            -1.0000000283803316,
            -0.6008439826594113
          ],
          "candidate_probabilities": [
            1.4777598380533163e-6,
            0.9999985098838806
          ],
          "class_index": 36,
          "conditional_hand_mass": 0.009049773810439787,
          "expected_action_loss_bb": 5.898567734825493e-7,
          "hand": "Q4o",
          "probability_on_actions_losing_over_0_1bb": 1.4777598380533163e-6,
          "reference_expected_action_loss_bb": 4.7755300570746326e-9,
          "reference_probabilities": [
            1.1964067958558644e-8,
            1.0
          ]
        },
        {
          "action_values_bb": [
            -1.0000000283803316,
            -0.3353679787559648
          ],
          "candidate_probabilities": [
            1.4777598380533163e-6,
            0.9999985098838806
          ],
          "class_index": 37,
          "conditional_hand_mass": 0.009049773810439787,
          "expected_action_loss_bb": 9.82166550017948e-7,
          "hand": "K4o",
          "probability_on_actions_losing_over_0_1bb": 1.4777598380533163e-6,
          "reference_expected_action_loss_bb": 7.951703009142047e-9,
          "reference_probabilities": [
            1.1964067958558644e-8,
            1.0
          ]
        },
        {
          "action_values_bb": [
            -1.0000000283803316,
            -0.09939597981947729
          ],
          "candidate_probabilities": [
            1.4777598380533163e-6,
            0.9999985098838806
          ],
          "class_index": 38,
          "conditional_hand_mass": 0.009049773810439787,
          "expected_action_loss_bb": 1.3308764929514493e-6,
          "hand": "A4o",
          "probability_on_actions_losing_over_0_1bb": 1.4777598380533163e-6,
          "reference_expected_action_loss_bb": 1.0774888040735111e-8,
          "reference_probabilities": [
            1.1964067958558644e-8,
            1.0
          ]
        },
        {
          "action_values_bb": [
            -1.0000000283803316,
            -0.5824865743928801
          ],
          "candidate_probabilities": [
            1.4777594969928032e-6,
            0.9999985098838806
          ],
          "class_index": 39,
          "conditional_hand_mass": 0.0030165911925363843,
          "expected_action_loss_bb": 6.169844717522243e-7,
          "hand": "52s",
          "probability_on_actions_losing_over_0_1bb": 1.4777594969928032e-6,
          "reference_expected_action_loss_bb": 4.995160449597737e-9,
          "reference_probabilities": [
            1.1964070623093903e-8,
            1.0
          ]
        },
        {
          "action_values_bb": [
            -1.0000000283803316,
            -0.6198759042308823
          ],
          "candidate_probabilities": [
            1.4777594969928032e-6,
            0.9999985098838806
          ],
          "class_index": 40,
          "conditional_hand_mass": 0.0030165911925363843,
          "expected_action_loss_bb": 5.617320344979201e-7,
          "hand": "53s",
          "probability_on_actions_losing_over_0_1bb": 1.4777594969928032e-6,
          "reference_expected_action_loss_bb": 4.547831866865726e-9,
          "reference_probabilities": [
            1.1964070623093903e-8,
            1.0
          ]
        },
        {
          "action_values_bb": [
            -1.0000000283803316,
            -0.38359236218291454
          ],
          "candidate_probabilities": [
            1.4777594969928032e-6,
            0.9999985098838806
          ],
          "class_index": 41,
          "conditional_hand_mass": 0.0030165911925363843,
          "expected_action_loss_bb": 9.109022827424029e-7,
          "hand": "54s",
          "probability_on_actions_losing_over_0_1bb": 1.4777594969928032e-6,
          "reference_expected_action_loss_bb": 7.374744851002391e-9,
          "reference_probabilities": [
            1.1964070623093903e-8,
            1.0
          ]
        },
        {
          "action_values_bb": [
            -1.0000000283803316,
            0.19278623901248385
          ],
          "candidate_probabilities": [
            1.4777598380533163e-6,
            0.9999985098838806
          ],
          "class_index": 42,
          "conditional_hand_mass": 0.0045248869052198935,
          "expected_action_loss_bb": 1.7626516413346268e-6,
          "hand": "55",
          "probability_on_actions_losing_over_0_1bb": 1.4777598380533163e-6,
          "reference_expected_action_loss_bb": 1.4270575963123148e-8,
          "reference_probabilities": [
            1.1964067958558644e-8,
            1.0
          ]
        },
        {
          "action_values_bb": [
            -1.0000000283803316,
            -0.5892339679733557
          ],
          "candidate_probabilities": [
            1.4777598380533163e-6,
            0.9999985098838806
          ],
          "class_index": 43,
          "conditional_hand_mass": 0.009049773810439787,
          "expected_action_loss_bb": 6.070135869048115e-7,
          "hand": "65o",
          "probability_on_actions_losing_over_0_1bb": 1.4777598380533163e-6,
          "reference_expected_action_loss_bb": 4.9144330617784656e-9,
          "reference_probabilities": [
            1.1964067958558644e-8,
            1.0
          ]
        },
        {
          "action_values_bb": [
            -1.0000000283803316,
            -0.653066990338581
          ],
          "candidate_probabilities": [
            0.03459544852375984,
            0.9654045104980469
          ],
          "class_index": 44,
          "conditional_hand_mass": 0.009049773810439787,
          "expected_action_loss_bb": 0.012002304058765002,
          "hand": "75o",
          "probability_on_actions_losing_over_0_1bb": 0.03459544852375984,
          "reference_expected_action_loss_bb": 4.1507304442007165e-9,
          "reference_probabilities": [
            1.1964067958558644e-8,
            1.0
          ]
        },
        {
          "action_values_bb": [
            -1.0000000283803316,
            -0.7347708234261359
          ],
          "candidate_probabilities": [
            1.4777598380533163e-6,
            0.9999985098838806
          ],
          "class_index": 45,
          "conditional_hand_mass": 0.009049773810439787,
          "expected_action_loss_bb": 3.919450669601222e-7,
          "hand": "85o",
          "probability_on_actions_losing_over_0_1bb": 1.4777598380533163e-6,
          "reference_expected_action_loss_bb": 3.1732202326664774e-9,
          "reference_probabilities": [
            1.1964067958558644e-8,
            1.0
          ]
        },
        {
          "action_values_bb": [
            -1.0000000283803316,
            -0.6216698908609507
          ],
          "candidate_probabilities": [
            1.4777598380533163e-6,
            0.9999985098838806
          ],
          "class_index": 46,
          "conditional_hand_mass": 0.009049773810439787,
          "expected_action_loss_bb": 5.590810827513293e-7,
          "hand": "95o",
          "probability_on_actions_losing_over_0_1bb": 1.4777598380533163e-6,
          "reference_expected_action_loss_bb": 4.526367476052711e-9,
          "reference_probabilities": [
            1.1964067958558644e-8,
            1.0
          ]
        },
        {
          "action_values_bb": [
            -1.0000000283803316,
            -0.6897602953662424
          ],
          "candidate_probabilities": [
            1.4777598380533163e-6,
            0.9999985098838806
          ],
          "class_index": 47,
          "conditional_hand_mass": 0.009049773810439787,
          "expected_action_loss_bb": 4.5845981761660464e-7,
          "hand": "T5o",
          "probability_on_actions_losing_over_0_1bb": 1.4777598380533163e-6,
          "reference_expected_action_loss_bb": 3.7117292492256536e-9,
          "reference_probabilities": [
            1.1964067958558644e-8,
            1.0
          ]
        },
        {
          "action_values_bb": [
            -1.0000000283803316,
            -0.704907676584475
          ],
          "candidate_probabilities": [
            1.4777598380533163e-6,
            0.9999985098838806
          ],
          "class_index": 48,
          "conditional_hand_mass": 0.009049773810439787,
          "expected_action_loss_bb": 4.360756260006174e-7,
          "hand": "J5o",
          "probability_on_actions_losing_over_0_1bb": 1.4777598380533163e-6,
          "reference_expected_action_loss_bb": 3.5305049509365245e-9,
          "reference_probabilities": [
            1.1964067958558644e-8,
            1.0
          ]
        },
        {
          "action_values_bb": [
            -1.0000000283803316,
            -0.4573033219874669
          ],
          "candidate_probabilities": [
            1.4777598380533163e-6,
            0.9999985098838806
          ],
          "class_index": 49,
          "conditional_hand_mass": 0.009049773810439787,
          "expected_action_loss_bb": 8.019753969511879e-7,
          "hand": "Q5o",
          "probability_on_actions_losing_over_0_1bb": 1.4777598380533163e-6,
          "reference_expected_action_loss_bb": 6.4928602761701805e-9,
          "reference_probabilities": [
            1.1964067958558644e-8,
            1.0
          ]
        },
        {
          "action_values_bb": [
            -1.0000000283803316,
            -0.2996833992607964
          ],
          "candidate_probabilities": [
            1.4777598380533163e-6,
            0.9999985098838806
          ],
          "class_index": 50,
          "conditional_hand_mass": 0.009049773810439787,
          "expected_action_loss_bb": 1.0348997884337288e-6,
          "hand": "K5o",
          "probability_on_actions_losing_over_0_1bb": 1.4777598380533163e-6,
          "reference_expected_action_loss_bb": 8.37863574329483e-9,
          "reference_probabilities": [
            1.1964067958558644e-8,
            1.0
          ]
        },
        {
          "action_values_bb": [
            -1.0000000283803316,
            -0.03489866211437743
          ],
          "candidate_probabilities": [
            1.4777598380533163e-6,
            0.9999985098838806
          ],
          "class_index": 51,
          "conditional_hand_mass": 0.009049773810439787,
          "expected_action_loss_bb": 1.426188038718211e-6,
          "hand": "A5o",
          "probability_on_actions_losing_over_0_1bb": 1.4777598380533163e-6,
          "reference_expected_action_loss_bb": 1.1546538332903672e-8,
          "reference_probabilities": [
            1.1964067958558644e-8,
            1.0
          ]
        },
        {
          "action_values_bb": [
            -1.0000000283803316,
            -0.7649529239105867
          ],
          "candidate_probabilities": [
            1.4777594969928032e-6,
            0.9999985098838806
          ],
          "class_index": 52,
          "conditional_hand_mass": 0.0030165911925363843,
          "expected_action_loss_bb": 3.473430908708252e-7,
          "hand": "62s",
          "probability_on_actions_losing_over_0_1bb": 1.4777594969928032e-6,
          "reference_expected_action_loss_bb": 2.8121201576297593e-9,
          "reference_probabilities": [
            1.1964070623093903e-8,
            1.0
          ]
        },
        {
          "action_values_bb": [
            -1.0000000283803316,
            -0.6735285155147382
          ],
          "candidate_probabilities": [
            1.4777594969928032e-6,
            0.9999985098838806
          ],
          "class_index": 53,
          "conditional_hand_mass": 0.0030165911925363843,
          "expected_action_loss_bb": 4.824463786347388e-7,
          "hand": "63s",
          "probability_on_actions_losing_over_0_1bb": 1.4777594969928032e-6,
          "reference_expected_action_loss_bb": 3.905928236352269e-9,
          "reference_probabilities": [
            1.1964070623093903e-8,
            1.0
          ]
        },
        {
          "action_values_bb": [
            -1.0000000283803316,
            -0.5161731296142295
          ],
          "candidate_probabilities": [
            1.4777594969928032e-6,
            0.9999985098838806
          ],
          "class_index": 54,
          "conditional_hand_mass": 0.0030165911925363843,
          "expected_action_loss_bb": 7.149797945521831e-7,
          "hand": "64s",
          "probability_on_actions_losing_over_0_1bb": 1.4777594969928032e-6,
          "reference_expected_action_loss_bb": 5.788539186190151e-9,
          "reference_probabilities": [
            1.1964070623093903e-8,
            1.0
          ]
        },
        {
          "action_values_bb": [
            -1.0000000283803316,
            -0.42223807331685864
          ],
          "candidate_probabilities": [
            1.4777594969928032e-6,
            0.9999985098838806
          ],
          "class_index": 55,
          "conditional_hand_mass": 0.0030165911925363843,
          "expected_action_loss_bb": 8.537932160961763e-7,
          "hand": "65s",
          "probability_on_actions_losing_over_0_1bb": 1.4777594969928032e-6,
          "reference_expected_action_loss_bb": 6.9123848337161965e-9,
          "reference_probabilities": [
            1.1964070623093903e-8,
            1.0
          ]
        },
        {
          "action_values_bb": [
            -1.0000000283803316,
            0.28485116159668533
          ],
          "candidate_probabilities": [
            1.4777598380533163e-6,
            0.9999985098838806
          ],
          "class_index": 56,
          "conditional_hand_mass": 0.0045248869052198935,
          "expected_action_loss_bb": 1.8987014864230474e-6,
          "hand": "66",
          "probability_on_actions_losing_over_0_1bb": 1.4777598380533163e-6,
          "reference_expected_action_loss_bb": 1.5372046953519972e-8,
          "reference_probabilities": [
            1.1964067958558644e-8,
            1.0
          ]
        },
        {
          "action_values_bb": [
            -1.0000000283803316,
            -0.5510433163290849
          ],
          "candidate_probabilities": [
            1.4777598380533163e-6,
            0.9999985098838806
          ],
          "class_index": 57,
          "conditional_hand_mass": 0.009049773810439787,
          "expected_action_loss_bb": 6.634501980937997e-7,
          "hand": "76o",
          "probability_on_actions_losing_over_0_1bb": 1.4777598380533163e-6,
          "reference_expected_action_loss_bb": 5.371348613432161e-9,
          "reference_probabilities": [
            1.1964067958558644e-8,
            1.0
          ]
        },
        {
          "action_values_bb": [
            -1.0000000283803316,
            -0.6860476282951383
          ],
          "candidate_probabilities": [
            1.4777598380533163e-6,
            0.9999985098838806
          ],
          "class_index": 58,
          "conditional_hand_mass": 0.009049773810439787,
          "expected_action_loss_bb": 4.639462479063453e-7,
          "hand": "86o",
          "probability_on_actions_losing_over_0_1bb": 1.4777598380533163e-6,
          "reference_expected_action_loss_bb": 3.756147850371846e-9,
          "reference_probabilities": [
            1.1964067958558644e-8,
            1.0
          ]
        },
        {
          "action_values_bb": [
            -1.0000000283803316,
            -0.5866917455571263
          ],
          "candidate_probabilities": [
            1.4777598380533163e-6,
            0.9999985098838806
          ],
          "class_index": 59,
          "conditional_hand_mass": 0.009049773810439787,
          "expected_action_loss_bb": 6.107703810909141e-7,
          "hand": "96o",
          "probability_on_actions_losing_over_0_1bb": 1.4777598380533163e-6,
          "reference_expected_action_loss_bb": 4.944848383532005e-9,
          "reference_probabilities": [
            1.1964067958558644e-8,
            1.0
          ]
        },
        {
          "action_values_bb": [
            -1.0000000283803316,
            -0.6706954137932759
          ],
          "candidate_probabilities": [
            1.4777598380533163e-6,
            0.9999985098838806
          ],
          "class_index": 60,
          "conditional_hand_mass": 0.009049773810439787,
          "expected_action_loss_bb": 4.866331339223772e-7,
          "hand": "T6o",
          "probability_on_actions_losing_over_0_1bb": 1.4777598380533163e-6,
          "reference_expected_action_loss_bb": 3.939822787986497e-9,
          "reference_probabilities": [
            1.1964067958558644e-8,
            1.0
          ]
        },
        {
          "action_values_bb": [
            -1.0000000283803316,
            -0.7166184672043064
          ],
          "candidate_probabilities": [
            1.4777598380533163e-6,
            0.9999985098838806
          ],
          "class_index": 61,
          "conditional_hand_mass": 0.009049773810439787,
          "expected_action_loss_bb": 4.18769889950779e-7,
          "hand": "J6o",
          "probability_on_actions_losing_over_0_1bb": 1.4777598380533163e-6,
          "reference_expected_action_loss_bb": 3.390396256112409e-9,
          "reference_probabilities": [
            1.1964067958558644e-8,
            1.0
          ]
        },
        {
          "action_values_bb": [
            -1.0000000283803316,
            -0.46701948561414436
          ],
          "candidate_probabilities": [
            1.4777598380533163e-6,
            0.9999985098838806
          ],
          "class_index": 62,
          "conditional_hand_mass": 0.009049773810439787,
          "expected_action_loss_bb": 7.876172405637296e-7,
          "hand": "Q6o",
          "probability_on_actions_losing_over_0_1bb": 1.4777598380533163e-6,
          "reference_expected_action_loss_bb": 6.376615434244137e-9,
          "reference_probabilities": [
            1.1964067958558644e-8,
            1.0
          ]
        },
        {
          "action_values_bb": [
            -1.0000000283803316,
            -0.2599740717954086
          ],
          "candidate_probabilities": [
            1.4777598380533163e-6,
            0.9999985098838806
          ],
          "class_index": 63,
          "conditional_hand_mass": 0.009049773810439787,
          "expected_action_loss_bb": 1.0935806377581863e-6,
          "hand": "K6o",
          "probability_on_actions_losing_over_0_1bb": 1.4777598380533163e-6,
          "reference_expected_action_loss_bb": 8.853720835679387e-9,
          "reference_probabilities": [
            1.1964067958558644e-8,
            1.0
          ]
        },
        {
          "action_values_bb": [
            -1.0000000283803316,
            -0.017884093621162323
          ],
          "candidate_probabilities": [
            1.4777598380533163e-6,
            0.9999985098838806
          ],
          "class_index": 64,
          "conditional_hand_mass": 0.009049773810439787,
          "expected_action_loss_bb": 1.4513314846992916e-6,
          "hand": "A6o",
          "probability_on_actions_losing_over_0_1bb": 1.4777598380533163e-6,
          "reference_expected_action_loss_bb": 1.175010178664205e-8,
          "reference_probabilities": [
            1.1964067958558644e-8,
            1.0
          ]
        },
        {
          "action_values_bb": [
            -1.0000000283803316,
            -0.7755765449235695
          ],
          "candidate_probabilities": [
            0.9998615980148315,
            0.00013845092325937003
          ],
          "class_index": 65,
          "conditional_hand_mass": 0.0030165911925363843,
          "expected_action_loss_bb": 0.22439242280113328,
          "hand": "72s",
          "probability_on_actions_losing_over_0_1bb": 0.9998615980148315,
          "reference_expected_action_loss_bb": 2.685018405557448e-9,
          "reference_probabilities": [
            1.1964070623093903e-8,
            1.0
          ]
        },
        {
          "action_values_bb": [
            -1.0000000283803316,
            -0.7216486592909408
          ],
          "candidate_probabilities": [
            1.4777594969928032e-6,
            0.9999985098838806
          ],
          "class_index": 66,
          "conditional_hand_mass": 0.0030165911925363843,
          "expected_action_loss_bb": 4.1133637917279633e-7,
          "hand": "73s",
          "probability_on_actions_losing_over_0_1bb": 1.4777594969928032e-6,
          "reference_expected_action_loss_bb": 3.3302154378203494e-9,
          "reference_probabilities": [
            1.1964070623093903e-8,
            1.0
          ]
        },
        {
          "action_values_bb": [
            -1.0000000283803316,
            -0.6428091378377687
          ],
          "candidate_probabilities": [
            1.4777594969928032e-6,
            0.9999985098838806
          ],
          "class_index": 67,
          "conditional_hand_mass": 0.0030165911925363843,
          "expected_action_loss_bb": 5.278422307385892e-7,
          "hand": "74s",
          "probability_on_actions_losing_over_0_1bb": 1.4777594969928032e-6,
          "reference_expected_action_loss_bb": 4.273457040377027e-9,
          "reference_probabilities": [
            1.1964070623093903e-8,
            1.0
          ]
        },
        {
          "action_values_bb": [
            -1.0000000283803316,
            -0.5253518337474951
          ],
          "candidate_probabilities": [
            1.4777594969928032e-6,
            0.9999985098838806
          ],
          "class_index": 68,
          "conditional_hand_mass": 0.0030165911925363843,
          "expected_action_loss_bb": 7.014158773491627e-7,
          "hand": "75s",
          "probability_on_actions_losing_over_0_1bb": 1.4777594969928032e-6,
          "reference_expected_action_loss_bb": 5.678724521711277e-9,
          "reference_probabilities": [
            1.1964070623093903e-8,
            1.0
          ]
        },
        {
          "action_values_bb": [
            -1.0000000283803316,
            -0.3709263148825735
          ],
          "candidate_probabilities": [
            1.4777594969928032e-6,
            0.9999985098838806
          ],
          "class_index": 69,
          "conditional_hand_mass": 0.0030165911925363843,
          "expected_action_loss_bb": 9.296196544298419e-7,
          "hand": "76s",
          "probability_on_actions_losing_over_0_1bb": 1.4777594969928032e-6,
          "reference_expected_action_loss_bb": 7.526282335419119e-9,
          "reference_probabilities": [
            1.1964070623093903e-8,
            1.0
          ]
        },
        {
          "action_values_bb": [
            -1.0000000283803316,
            0.28378072721183495
          ],
          "candidate_probabilities": [
            1.4777598380533163e-6,
            0.9999985098838806
          ],
          "class_index": 70,
          "conditional_hand_mass": 0.0045248869052198935,
          "expected_action_loss_bb": 1.8971196414798442e-6,
          "hand": "77",
          "probability_on_actions_losing_over_0_1bb": 1.4777598380533163e-6,
          "reference_expected_action_loss_bb": 1.5359240203794445e-8,
          "reference_probabilities": [
            1.1964067958558644e-8,
            1.0
          ]
        },
        {
          "action_values_bb": [
            -1.0000000283803316,
            -0.62356640351337
          ],
          "candidate_probabilities": [
            1.4777598380533163e-6,
            0.9999985098838806
          ],
          "class_index": 71,
          "conditional_hand_mass": 0.009049773810439787,
          "expected_action_loss_bb": 5.56278492521224e-7,
          "hand": "87o",
          "probability_on_actions_losing_over_0_1bb": 1.4777598380533163e-6,
          "reference_expected_action_loss_bb": 4.5036774697949e-9,
          "reference_probabilities": [
            1.1964067958558644e-8,
            1.0
          ]
        },
        {
          "action_values_bb": [
            -1.0000000283803316,
            -0.6160870353864094
          ],
          "candidate_probabilities": [
            1.4777598380533163e-6,
            0.9999985098838806
          ],
          "class_index": 72,
          "conditional_hand_mass": 0.009049773810439787,
          "expected_action_loss_bb": 5.673312023532625e-7,
          "hand": "97o",
          "probability_on_actions_losing_over_0_1bb": 1.4777598380533163e-6,
          "reference_expected_action_loss_bb": 4.593161138352934e-9,
          "reference_probabilities": [
            1.1964067958558644e-8,
            1.0
          ]
        },
        {
          "action_values_bb": [
            -1.0000000283803316,
            -0.6468465192598888
          ],
          "candidate_probabilities": [
            1.4777598380533163e-6,
            0.9999985098838806
          ],
          "class_index": 73,
          "conditional_hand_mass": 0.009049773810439787,
          "expected_action_loss_bb": 5.21876072445786e-7,
          "hand": "T7o",
          "probability_on_actions_losing_over_0_1bb": 1.4777598380533163e-6,
          "reference_expected_action_loss_bb": 4.225152582920438e-9,
          "reference_probabilities": [
            1.1964067958558644e-8,
            1.0
          ]
        },
        {
          "action_values_bb": [
            -1.0000000283803316,
            -0.6905332511535249
          ],
          "candidate_probabilities": [
            1.4777598380533163e-6,
            0.9999985098838806
          ],
          "class_index": 74,
          "conditional_hand_mass": 0.009049773810439787,
          "expected_action_loss_bb": 4.573175745975676e-7,
          "hand": "J7o",
          "probability_on_actions_losing_over_0_1bb": 1.4777598380533163e-6,
          "reference_expected_action_loss_bb": 3.702481553657644e-9,
          "reference_probabilities": [
            1.1964067958558644e-8,
            1.0
          ]
        },
        {
          "action_values_bb": [
            -1.0000000283803316,
            -0.5107220412253126
          ],
          "candidate_probabilities": [
            1.4777598380533163e-6,
            0.9999985098838806
          ],
          "class_index": 75,
          "conditional_hand_mass": 0.009049773810439787,
          "expected_action_loss_bb": 7.230353590612536e-7,
          "hand": "Q7o",
          "probability_on_actions_losing_over_0_1bb": 1.4777598380533163e-6,
          "reference_expected_action_loss_bb": 5.853755088949431e-9,
          "reference_probabilities": [
            1.1964067958558644e-8,
            1.0
          ]
        },
        {
          "action_values_bb": [
            -1.0000000283803316,
            -0.22796883476806235
          ],
          "candidate_probabilities": [
            1.4777598380533163e-6,
            0.9999985098838806
          ],
          "class_index": 76,
          "conditional_hand_mass": 0.009049773810439787,
          "expected_action_loss_bb": 1.1408766916445756e-6,
          "hand": "K7o",
          "probability_on_actions_losing_over_0_1bb": 1.4777598380533163e-6,
          "reference_expected_action_loss_bb": 9.236633666504335e-9,
          "reference_probabilities": [
            1.1964067958558644e-8,
            1.0
          ]
        },
        {
          "action_values_bb": [
            -1.0000000283803316,
            -0.07552420196646788
          ],
          "candidate_probabilities": [
            1.4777598380533163e-6,
            0.9999985098838806
          ],
          "class_index": 77,
          "conditional_hand_mass": 0.009049773810439787,
          "expected_action_loss_bb": 1.3661532475255571e-6,
          "hand": "A7o",
          "probability_on_actions_losing_over_0_1bb": 1.4777598380533163e-6,
          "reference_expected_action_loss_bb": 1.106049161326013e-8,
          "reference_probabilities": [
            1.1964067958558644e-8,
            1.0
          ]
        },
        {
          "action_values_bb": [
            -1.0000000283803316,
            -0.7372291145111235
          ],
          "candidate_probabilities": [
            1.4777594969928032e-6,
            0.9999985098838806
          ],
          "class_index": 78,
          "conditional_hand_mass": 0.0030165911925363843,
          "expected_action_loss_bb": 3.8831221350370026e-7,
          "hand": "82s",
          "probability_on_actions_losing_over_0_1bb": 1.4777594969928032e-6,
          "reference_expected_action_loss_bb": 3.1438097712261316e-9,
          "reference_probabilities": [
            1.1964070623093903e-8,
            1.0
          ]
        },
        {
          "action_values_bb": [
            -1.0000000283803316,
            -0.810299177295447
          ],
          "candidate_probabilities": [
            1.4777594969928032e-6,
            0.9999985098838806
          ],
          "class_index": 79,
          "conditional_hand_mass": 0.0030165911925363843,
          "expected_action_loss_bb": 2.8033223427830583e-7,
          "hand": "83s",
          "probability_on_actions_losing_over_0_1bb": 1.4777594969928032e-6,
          "reference_expected_action_loss_bb": 2.2695943796405796e-9,
          "reference_probabilities": [
            1.1964070623093903e-8,
            1.0
          ]
        },
        {
          "action_values_bb": [
            -1.0000000283803316,
            -0.5966458483096436
          ],
          "candidate_probabilities": [
            1.4777594969928032e-6,
            0.9999985098838806
          ],
          "class_index": 80,
          "conditional_hand_mass": 0.0030165911925363843,
          "expected_action_loss_bb": 5.960604702512045e-7,
          "hand": "84s",
          "probability_on_actions_losing_over_0_1bb": 1.4777594969928032e-6,
          "reference_expected_action_loss_bb": 4.825757896485847e-9,
          "reference_probabilities": [
            1.1964070623093903e-8,
            1.0
          ]
        },
        {
          "action_values_bb": [
            -1.0000000283803316,
            -0.5109736164579659
          ],
          "candidate_probabilities": [
            1.4777594969928032e-6,
            0.9999985098838806
          ],
          "class_index": 81,
          "conditional_hand_mass": 0.0030165911925363843,
          "expected_action_loss_bb": 7.226634244985906e-7,
          "hand": "85s",
          "probability_on_actions_losing_over_0_1bb": 1.4777594969928032e-6,
          "reference_expected_action_loss_bb": 5.850746528797394e-9,
          "reference_probabilities": [
            1.1964070623093903e-8,
            1.0
          ]
        },
        {
          "action_values_bb": [
            -1.0000000283803316,
            -0.5513604834231212
          ],
          "candidate_probabilities": [
            1.4777594969928032e-6,
            0.9999985098838806
          ],
          "class_index": 82,
          "conditional_hand_mass": 0.0030165911925363843,
          "expected_action_loss_bb": 6.629813482870474e-7,
          "hand": "86s",
          "probability_on_actions_losing_over_0_1bb": 1.4777594969928032e-6,
          "reference_expected_action_loss_bb": 5.367555200180778e-9,
          "reference_probabilities": [
            1.1964070623093903e-8,
            1.0
          ]
        },
        {
          "action_values_bb": [
            -1.0000000283803316,
            -0.4492876246326324
          ],
          "candidate_probabilities": [
            1.4777594969928032e-6,
            0.9999985098838806
          ],
          "class_index": 83,
          "conditional_hand_mass": 0.0030165911925363843,
          "expected_action_loss_bb": 8.138204847498976e-7,
          "hand": "87s",
          "probability_on_actions_losing_over_0_1bb": 1.4777594969928032e-6,
          "reference_expected_action_loss_bb": 6.5887620914512775e-9,
          "reference_probabilities": [
            1.1964070623093903e-8,
            1.0
          ]
        },
        {
          "action_values_bb": [
            -1.0000000283803316,
            0.5127089022004152
          ],
          "candidate_probabilities": [
            1.4777598380533163e-6,
            0.9999985098838806
          ],
          "class_index": 84,
          "conditional_hand_mass": 0.0045248869052198935,
          "expected_action_loss_bb": 2.23542050427681e-6,
          "hand": "88",
          "probability_on_actions_losing_over_0_1bb": 1.4777598380533163e-6,
          "reference_expected_action_loss_bb": 1.8098152446986625e-8,
          "reference_probabilities": [
            1.1964067958558644e-8,
            1.0
          ]
        },
        {
          "action_values_bb": [
            -1.0000000283803316,
            -0.5922928311209904
          ],
          "candidate_probabilities": [
            1.4777598380533163e-6,
            0.9999985098838806
          ],
          "class_index": 85,
          "conditional_hand_mass": 0.009049773810439787,
          "expected_action_loss_bb": 6.024933217951356e-7,
          "hand": "98o",
          "probability_on_actions_losing_over_0_1bb": 1.4777598380533163e-6,
          "reference_expected_action_loss_bb": 4.877836615204233e-9,
          "reference_probabilities": [
            1.1964067958558644e-8,
            1.0
          ]
        },
        {
          "action_values_bb": [
            -1.0000000283803316,
            -0.6228843794116291
          ],
          "candidate_probabilities": [
            1.4777598380533163e-6,
            0.9999985098838806
          ],
          "class_index": 86,
          "conditional_hand_mass": 0.009049773810439787,
          "expected_action_loss_bb": 5.572863603473611e-7,
          "hand": "T8o",
          "probability_on_actions_losing_over_0_1bb": 1.4777598380533163e-6,
          "reference_expected_action_loss_bb": 4.5118372524975035e-9,
          "reference_probabilities": [
            1.1964067958558644e-8,
            1.0
          ]
        },
        {
          "action_values_bb": [
            -1.0000000283803316,
            -0.5413953332364743
          ],
          "candidate_probabilities": [
            1.4777598380533163e-6,
            0.9999985098838806
          ],
          "class_index": 87,
          "conditional_hand_mass": 0.009049773810439787,
          "expected_action_loss_bb": 6.777076000262772e-7,
          "hand": "J8o",
          "probability_on_actions_losing_over_0_1bb": 1.4777598380533163e-6,
          "reference_expected_action_loss_bb": 5.486777738815179e-9,
          "reference_probabilities": [
            1.1964067958558644e-8,
            1.0
          ]
        },
        {
          "action_values_bb": [
            -1.0000000283803316,
            -0.30569579209995923
          ],
          "candidate_probabilities": [
            1.4777598380533163e-6,
            0.9999985098838806
          ],
          "class_index": 88,
          "conditional_hand_mass": 0.009049773810439787,
          "expected_action_loss_bb": 1.0260149157654145e-6,
          "hand": "Q8o",
          "probability_on_actions_losing_over_0_1bb": 1.4777598380533163e-6,
          "reference_expected_action_loss_bb": 8.306703066773534e-9,
          "reference_probabilities": [
            1.1964067958558644e-8,
            1.0
          ]
        },
        {
          "action_values_bb": [
            -1.0000000283803316,
            0.030001342312532757
          ],
          "candidate_probabilities": [
            1.4777598380533163e-6,
            0.9999985098838806
          ],
          "class_index": 89,
          "conditional_hand_mass": 0.009049773810439787,
          "expected_action_loss_bb": 1.5220946587497812e-6,
          "hand": "K8o",
          "probability_on_actions_losing_over_0_1bb": 1.4777598380533163e-6,
          "reference_expected_action_loss_bb": 1.2323006396377982e-8,
          "reference_probabilities": [
            1.1964067958558644e-8,
            1.0
          ]
        },
        {
          "action_values_bb": [
            -1.0000000283803316,
            0.12417352421800745
          ],
          "candidate_probabilities": [
            1.4777598380533163e-6,
            0.9999985098838806
          ],
          "class_index": 90,
          "conditional_hand_mass": 0.009049773810439787,
          "expected_action_loss_bb": 1.661258527031543e-6,
          "hand": "A8o",
          "probability_on_actions_losing_over_0_1bb": 1.4777598380533163e-6,
          "reference_expected_action_loss_bb": 1.344968878050083e-8,
          "reference_probabilities": [
            1.1964067958558644e-8,
            1.0
          ]
        },
        {
          "action_values_bb": [
            -1.0000000283803316,
            -0.6569207583010427
          ],
          "candidate_probabilities": [
            1.4777594969928032e-6,
            0.9999985098838806
          ],
          "class_index": 91,
          "conditional_hand_mass": 0.0030165911925363843,
          "expected_action_loss_bb": 5.069886495810282e-7,
          "hand": "92s",
          "probability_on_actions_losing_over_0_1bb": 1.4777594969928032e-6,
          "reference_expected_action_loss_bb": 4.10462461654812e-9,
          "reference_probabilities": [
            1.1964070623093903e-8,
            1.0
          ]
        },
        {
          "action_values_bb": [
            -1.0000000283803316,
            -0.5842201465069331
          ],
          "candidate_probabilities": [
            1.4777594969928032e-6,
            0.9999985098838806
          ],
          "class_index": 92,
          "conditional_hand_mass": 0.0030165911925363843,
          "expected_action_loss_bb": 6.144226690969606e-7,
          "hand": "93s",
          "probability_on_actions_losing_over_0_1bb": 1.4777594969928032e-6,
          "reference_expected_action_loss_bb": 4.97441987039498e-9,
          "reference_probabilities": [
            1.1964070623093903e-8,
            1.0
          ]
        },
        {
          "action_values_bb": [
            -1.0000000283803316,
            -0.5576147166272389
          ],
          "candidate_probabilities": [
            1.4777594969928032e-6,
            0.9999985098838806
          ],
          "class_index": 93,
          "conditional_hand_mass": 0.0030165911925363843,
          "expected_action_loss_bb": 6.537390957732547e-7,
          "hand": "94s",
          "probability_on_actions_losing_over_0_1bb": 1.4777594969928032e-6,
          "reference_expected_action_loss_bb": 5.292729112433414e-9,
          "reference_probabilities": [
            1.1964070623093903e-8,
            1.0
          ]
        },
        {
          "action_values_bb": [
            -1.0000000283803316,
            -0.45612310600471523
          ],
          "candidate_probabilities": [
            1.4777594969928032e-6,
            0.9999985098838806
          ],
          "class_index": 94,
          "conditional_hand_mass": 0.0030165911925363843,
          "expected_action_loss_bb": 8.037192872357847e-7,
          "hand": "95s",
          "probability_on_actions_losing_over_0_1bb": 1.4777594969928032e-6,
          "reference_expected_action_loss_bb": 6.506981909572835e-9,
          "reference_probabilities": [
            1.1964070623093903e-8,
            1.0
          ]
        },
        {
          "action_values_bb": [
            -1.0000000283803316,
            -0.4350519666416068
          ],
          "candidate_probabilities": [
            1.4777594969928032e-6,
            0.9999985098838806
          ],
          "class_index": 95,
          "conditional_hand_mass": 0.0030165911925363843,
          "expected_action_loss_bb": 8.348573635420771e-7,
          "hand": "96s",
          "probability_on_actions_losing_over_0_1bb": 1.4777594969928032e-6,
          "reference_expected_action_loss_bb": 6.759078509022118e-9,
          "reference_probabilities": [
            1.1964070623093903e-8,
            1.0
          ]
        },
        {
          "action_values_bb": [
            -1.0000000283803316,
            -0.4376888396815996
          ],
          "candidate_probabilities": [
            1.4777594969928032e-6,
            0.9999985098838806
          ],
          "class_index": 96,
          "conditional_hand_mass": 0.0030165911925363843,
          "expected_action_loss_bb": 8.309606993648634e-7,
          "hand": "97s",
          "probability_on_actions_losing_over_0_1bb": 1.4777594969928032e-6,
          "reference_expected_action_loss_bb": 6.727530773747512e-9,
          "reference_probabilities": [
            1.1964070623093903e-8,
            1.0
          ]
        },
        {
          "action_values_bb": [
            -1.0000000283803316,
            -0.33049478419857753
          ],
          "candidate_probabilities": [
            1.4777594969928032e-6,
            0.9999985098838806
          ],
          "class_index": 97,
          "conditional_hand_mass": 0.0030165911925363843,
          "expected_action_loss_bb": 9.893677328760729e-7,
          "hand": "98s",
          "probability_on_actions_losing_over_0_1bb": 1.4777594969928032e-6,
          "reference_expected_action_loss_bb": 8.010008023922235e-9,
          "reference_probabilities": [
            1.1964070623093903e-8,
            1.0
          ]
        },
        {
          "action_values_bb": [
            -1.0000000283803316,
            0.7423255182821779
          ],
          "candidate_probabilities": [
            1.4777598380533163e-6,
            0.9999985098838806
          ],
          "class_index": 98,
          "conditional_hand_mass": 0.0045248869052198935,
          "expected_action_loss_bb": 2.574738717672146e-6,
          "hand": "99",
          "probability_on_actions_losing_over_0_1bb": 1.4777598380533163e-6,
          "reference_expected_action_loss_bb": 2.0845301246203105e-8,
          "reference_probabilities": [
            1.1964067958558644e-8,
            1.0
          ]
        },
        {
          "action_values_bb": [
            -1.0000000283803316,
            -0.31786782220974436
          ],
          "candidate_probabilities": [
            1.4777598380533163e-6,
            0.9999985098838806
          ],
          "class_index": 99,
          "conditional_hand_mass": 0.009049773810439787,
          "expected_action_loss_bb": 1.0080275785215985e-6,
          "hand": "T9o",
          "probability_on_actions_losing_over_0_1bb": 1.4777598380533163e-6,
          "reference_expected_action_loss_bb": 8.161076071346441e-9,
          "reference_probabilities": [
            1.1964067958558644e-8,
            1.0
          ]
        },
        {
          "action_values_bb": [
            -1.0000000283803316,
            -0.3095121336890415
          ],
          "candidate_probabilities": [
            1.4777598380533163e-6,
            0.9999985098838806
          ],
          "class_index": 100,
          "conditional_hand_mass": 0.009049773810439787,
          "expected_action_loss_bb": 1.0203752794367761e-6,
          "hand": "J9o",
          "probability_on_actions_losing_over_0_1bb": 1.4777598380533163e-6,
          "reference_expected_action_loss_bb": 8.261044096648679e-9,
          "reference_probabilities": [
            1.1964067958558644e-8,
            1.0
          ]
        },
        {
          "action_values_bb": [
            -1.0000000283803316,
            -0.19916607753203505
          ],
          "candidate_probabilities": [
            1.4777598380533163e-6,
            0.9999985098838806
          ],
          "class_index": 101,
          "conditional_hand_mass": 0.009049773810439787,
          "expected_action_loss_bb": 1.1834402495131761e-6,
          "hand": "Q9o",
          "probability_on_actions_losing_over_0_1bb": 1.4777598380533163e-6,
          "reference_expected_action_loss_bb": 9.581231811470033e-9,
          "reference_probabilities": [
            1.1964067958558644e-8,
            1.0
          ]
        },
        {
          "action_values_bb": [
            -1.0000000283803316,
            0.02658079647149682
          ],
          "candidate_probabilities": [
            1.4777598380533163e-6,
            0.9999985098838806
          ],
          "class_index": 102,
          "conditional_hand_mass": 0.009049773810439787,
          "expected_action_loss_bb": 1.5170399134816779e-6,
          "hand": "K9o",
          "probability_on_actions_losing_over_0_1bb": 1.4777598380533163e-6,
          "reference_expected_action_loss_bb": 1.2282082753480464e-8,
          "reference_probabilities": [
            1.1964067958558644e-8,
            1.0
          ]
        },
        {
          "action_values_bb": [
            -1.0000000283803316,
            0.1363898716749361
          ],
          "candidate_probabilities": [
            1.4777598380533163e-6,
            0.9999985098838806
          ],
          "class_index": 103,
          "conditional_hand_mass": 0.009049773810439787,
          "expected_action_loss_bb": 1.6793113546710969e-6,
          "hand": "A9o",
          "probability_on_actions_losing_over_0_1bb": 1.4777598380533163e-6,
          "reference_expected_action_loss_bb": 1.359584599168089e-8,
          "reference_probabilities": [
            1.1964067958558644e-8,
            1.0
          ]
        },
        {
          "action_values_bb": [
            -1.0000000283803316,
            -0.6401468885134387
          ],
          "candidate_probabilities": [
            1.4777594969928032e-6,
            0.9999985098838806
          ],
          "class_index": 104,
          "conditional_hand_mass": 0.0030165911925363843,
          "expected_action_loss_bb": 5.317763949609805e-7,
          "hand": "T2s",
          "probability_on_actions_losing_over_0_1bb": 1.4777594969928032e-6,
          "reference_expected_action_loss_bb": 4.305308379309595e-9,
          "reference_probabilities": [
            1.1964070623093903e-8,
            1.0
          ]
        },
        {
          "action_values_bb": [
            -1.0000000283803316,
            -0.6866250116841669
          ],
          "candidate_probabilities": [
            1.4777594969928032e-6,
            0.9999985098838806
          ],
          "class_index": 105,
          "conditional_hand_mass": 0.0030165911925363843,
          "expected_action_loss_bb": 4.630929070430357e-7,
          "hand": "T3s",
          "probability_on_actions_losing_over_0_1bb": 1.4777594969928032e-6,
          "reference_expected_action_loss_bb": 3.749240831266146e-9,
          "reference_probabilities": [
            1.1964070623093903e-8,
            1.0
          ]
        },
        {
          "action_values_bb": [
            -1.0000000283803316,
            -0.5751145814920302
          ],
          "candidate_probabilities": [
            1.4777594969928032e-6,
            0.9999985098838806
          ],
          "class_index": 106,
          "conditional_hand_mass": 0.0030165911925363843,
          "expected_action_loss_bb": 6.278785042732187e-7,
          "hand": "T4s",
          "probability_on_actions_losing_over_0_1bb": 1.4777594969928032e-6,
          "reference_expected_action_loss_bb": 5.083359493296452e-9,
          "reference_probabilities": [
            1.1964070623093903e-8,
            1.0
          ]
        },
        {
          "action_values_bb": [
            -1.0000000283803316,
            -0.5114585732941284
          ],
          "candidate_probabilities": [
            1.4777594969928032e-6,
            0.9999985098838806
          ],
          "class_index": 107,
          "conditional_hand_mass": 0.0030165911925363843,
          "expected_action_loss_bb": 7.219467749283199e-7,
          "hand": "T5s",
          "probability_on_actions_losing_over_0_1bb": 1.4777594969928032e-6,
          "reference_expected_action_loss_bb": 5.8449444709603945e-9,
          "reference_probabilities": [
            1.1964070623093903e-8,
            1.0
          ]
        },
        {
          "action_values_bb": [
            -1.0000000283803316,
            -0.4544125402633875
          ],
          "candidate_probabilities": [
            1.4777594969928032e-6,
            0.9999985098838806
          ],
          "class_index": 108,
          "conditional_hand_mass": 0.0030165911925363843,
          "expected_action_loss_bb": 8.062470920052623e-7,
          "hand": "T6s",
          "probability_on_actions_losing_over_0_1bb": 1.4777594969928032e-6,
          "reference_expected_action_loss_bb": 6.527447238907525e-9,
          "reference_probabilities": [
            1.1964070623093903e-8,
            1.0
          ]
        },
        {
          "action_values_bb": [
            -1.0000000283803316,
            -0.40618542232303934
          ],
          "candidate_probabilities": [
            1.4777594969928032e-6,
            0.9999985098838806
          ],
          "class_index": 109,
          "conditional_hand_mass": 0.0030165911925363843,
          "expected_action_loss_bb": 8.775151735542039e-7,
          "hand": "T7s",
          "probability_on_actions_losing_over_0_1bb": 1.4777594969928032e-6,
          "reference_expected_action_loss_bb": 7.10443988389413e-9,
          "reference_probabilities": [
            1.1964070623093903e-8,
            1.0
          ]
        },
        {
          "action_values_bb": [
            -1.0000000283803316,
            -0.39079357560698935
          ],
          "candidate_probabilities": [
            1.4777594969928032e-6,
            0.9999985098838806
          ],
          "class_index": 110,
          "conditional_hand_mass": 0.0030165911925363843,
          "expected_action_loss_bb": 9.002606212151042e-7,
          "hand": "T8s",
          "probability_on_actions_losing_over_0_1bb": 1.4777594969928032e-6,
          "reference_expected_action_loss_bb": 7.288589025024787e-9,
          "reference_probabilities": [
            1.1964070623093903e-8,
            1.0
          ]
        },
        {
          "action_values_bb": [
            -1.0000000283803316,
            -0.12210443642501484
          ],
          "candidate_probabilities": [
            1.4777594969928032e-6,
            0.9999985098838806
          ],
          "class_index": 111,
          "conditional_hand_mass": 0.0030165911925363843,
          "expected_action_loss_bb": 1.2973185483800882e-6,
          "hand": "T9s",
          "probability_on_actions_losing_over_0_1bb": 1.4777594969928032e-6,
          "reference_expected_action_loss_bb": 1.050320486185624e-8,
          "reference_probabilities": [
            1.1964070623093903e-8,
            1.0
          ]
        },
        {
          "action_values_bb": [
            -1.0000000283803316,
            0.9034262760340357
          ],
          "candidate_probabilities": [
            1.4777598380533163e-6,
            0.9999985098838806
          ],
          "class_index": 112,
          "conditional_hand_mass": 0.0045248869052198935,
          "expected_action_loss_bb": 2.812806947357798e-6,
          "hand": "TT",
          "probability_on_actions_losing_over_0_1bb": 1.4777598380533163e-6,
          "reference_expected_action_loss_bb": 2.2772721660121623e-8,
          "reference_probabilities": [
            1.1964067958558644e-8,
            1.0
          ]
        },
        {
          "action_values_bb": [
            -1.0000000283803316,
            -0.16849887437070715
          ],
          "candidate_probabilities": [
            1.4777598380533163e-6,
            0.9999985098838806
          ],
          "class_index": 113,
          "conditional_hand_mass": 0.009049773810439787,
          "expected_action_loss_bb": 1.2287590106904083e-6,
          "hand": "JTo",
          "probability_on_actions_losing_over_0_1bb": 1.4777598380533163e-6,
          "reference_expected_action_loss_bb": 9.948136314191084e-9,
          "reference_probabilities": [
            1.1964067958558644e-8,
            1.0
          ]
        },
        {
          "action_values_bb": [
            -1.0000000283803316,
            -0.1021941435747527
          ],
          "candidate_probabilities": [
            1.4777598380533163e-6,
            0.9999985098838806
          ],
          "class_index": 114,
          "conditional_hand_mass": 0.009049773810439787,
          "expected_action_loss_bb": 1.3267414789336068e-6,
          "hand": "QTo",
          "probability_on_actions_losing_over_0_1bb": 1.4777598380533163e-6,
          "reference_expected_action_loss_bb": 1.0741410619407821e-8,
          "reference_probabilities": [
            1.1964067958558644e-8,
            1.0
          ]
        },
        {
          "action_values_bb": [
            -1.0000000283803316,
            0.16289392402790667
          ],
          "candidate_probabilities": [
            1.4777598380533163e-6,
            0.9999985098838806
          ],
          "class_index": 115,
          "conditional_hand_mass": 0.009049773810439787,
          "expected_action_loss_bb": 1.718477978783979e-6,
          "hand": "KTo",
          "probability_on_actions_losing_over_0_1bb": 1.4777598380533163e-6,
          "reference_expected_action_loss_bb": 1.3912942275209023e-8,
          "reference_probabilities": [
            1.1964067958558644e-8,
            1.0
          ]
        },
        {
          "action_values_bb": [
            -1.0000000283803316,
            0.2739933021659951
          ],
          "candidate_probabilities": [
            1.4777598380533163e-6,
            0.9999985098838806
          ],
          "class_index": 116,
          "conditional_hand_mass": 0.009049773810439787,
          "expected_action_loss_bb": 1.8826561778291448e-6,
          "hand": "ATo",
          "probability_on_actions_losing_over_0_1bb": 1.4777598380533163e-6,
          "reference_expected_action_loss_bb": 1.524214278540672e-8,
          "reference_probabilities": [
            1.1964067958558644e-8,
            1.0
          ]
        },
        {
          "action_values_bb": [
            -1.0000000283803316,
            -0.6090937908213279
          ],
          "candidate_probabilities": [
            1.4777594969928032e-6,
            0.9999985098838806
          ],
          "class_index": 117,
          "conditional_hand_mass": 0.0030165911925363843,
          "expected_action_loss_bb": 5.776654049865426e-7,
          "hand": "J2s",
          "probability_on_actions_losing_over_0_1bb": 1.4777594969928032e-6,
          "reference_expected_action_loss_bb": 4.6768298331638436e-9,
          "reference_probabilities": [
            1.1964070623093903e-8,
            1.0
          ]
        },
        {
          "action_values_bb": [
            -1.0000000283803316,
            -0.7497640510090556
          ],
          "candidate_probabilities": [
            1.4777594969928032e-6,
            0.9999985098838806
          ],
          "class_index": 118,
          "conditional_hand_mass": 0.0030165911925363843,
          "expected_action_loss_bb": 3.6978859204967934e-7,
          "hand": "J3s",
          "probability_on_actions_losing_over_0_1bb": 1.4777594969928032e-6,
          "reference_expected_action_loss_bb": 2.993840905708874e-9,
          "reference_probabilities": [
            1.1964070623093903e-8,
            1.0
          ]
        },
        {
          "action_values_bb": [
            -1.0000000283803316,
            -0.5460047748615406
          ],
          "candidate_probabilities": [
            1.4777594969928032e-6,
            0.9999985098838806
          ],
          "class_index": 119,
          "conditional_hand_mass": 0.0030165911925363843,
          "expected_action_loss_bb": 6.708957974770487e-7,
          "hand": "J4s",
          "probability_on_actions_losing_over_0_1bb": 1.4777594969928032e-6,
          "reference_expected_action_loss_bb": 5.431631275648236e-9,
          "reference_probabilities": [
            1.1964070623093903e-8,
            1.0
          ]
        },
        {
          "action_values_bb": [
            -1.0000000283803316,
            -0.4444703235291086
          ],
          "candidate_probabilities": [
            1.4777594969928032e-6,
            0.9999985098838806
          ],
          "class_index": 120,
          "conditional_hand_mass": 0.0030165911925363843,
          "expected_action_loss_bb": 8.209392972055038e-7,
          "hand": "J5s",
          "probability_on_actions_losing_over_0_1bb": 1.4777594969928032e-6,
          "reference_expected_action_loss_bb": 6.646396622066545e-9,
          "reference_probabilities": [
            1.1964070623093903e-8,
            1.0
          ]
        },
        {
          "action_values_bb": [
            -1.0000000283803316,
            -0.43264792830244353
          ],
          "candidate_probabilities": [
            1.4777594969928032e-6,
            0.9999985098838806
          ],
          "class_index": 121,
          "conditional_hand_mass": 0.0030165911925363843,
          "expected_action_loss_bb": 8.384099540289104e-7,
          "hand": "J6s",
          "probability_on_actions_losing_over_0_1bb": 1.4777594969928032e-6,
          "reference_expected_action_loss_bb": 6.787840593492493e-9,
          "reference_probabilities": [
            1.1964070623093903e-8,
            1.0
          ]
        },
        {
          "action_values_bb": [
            -1.0000000283803316,
            -0.4223552927912036
          ],
          "candidate_probabilities": [
            1.4777594969928032e-6,
            0.9999985098838806
          ],
          "class_index": 122,
          "conditional_hand_mass": 0.0030165911925363843,
          "expected_action_loss_bb": 8.536199939047308e-7,
          "hand": "J7s",
          "probability_on_actions_losing_over_0_1bb": 1.4777594969928032e-6,
          "reference_expected_action_loss_bb": 6.910982411646733e-9,
          "reference_probabilities": [
            1.1964070623093903e-8,
            1.0
          ]
        },
        {
          "action_values_bb": [
            -1.0000000283803316,
            -0.3352640672468254
          ],
          "candidate_probabilities": [
            1.4777594969928032e-6,
            0.9999985098838806
          ],
          "class_index": 123,
          "conditional_hand_mass": 0.0030165911925363843,
          "expected_action_loss_bb": 9.823198795576777e-7,
          "hand": "J8s",
          "probability_on_actions_losing_over_0_1bb": 1.4777594969928032e-6,
          "reference_expected_action_loss_bb": 7.952947984711472e-9,
          "reference_probabilities": [
            1.1964070623093903e-8,
            1.0
          ]
        },
        {
          "action_values_bb": [
            -1.0000000283803316,
            -0.11712543442919864
          ],
          "candidate_probabilities": [
            1.4777594969928032e-6,
            0.9999985098838806
          ],
          "class_index": 124,
          "conditional_hand_mass": 0.0030165911925363843,
          "expected_action_loss_bb": 1.3046763158649516e-6,
          "hand": "J9s",
          "probability_on_actions_losing_over_0_1bb": 1.4777594969928032e-6,
          "reference_expected_action_loss_bb": 1.0562773993366709e-8,
          "reference_probabilities": [
            1.1964070623093903e-8,
            1.0
          ]
        },
        {
          "action_values_bb": [
            -1.0000000283803316,
            0.060137177109043746
          ],
          "candidate_probabilities": [
            1.4777594969928032e-6,
            0.9999985098838806
          ],
          "class_index": 125,
          "conditional_hand_mass": 0.0030165911925363843,
          "expected_action_loss_bb": 1.5666278235273354e-6,
          "hand": "JTs",
          "probability_on_actions_losing_over_0_1bb": 1.4777594969928032e-6,
          "reference_expected_action_loss_bb": 1.26835563966443e-8,
          "reference_probabilities": [
            1.1964070623093903e-8,
            1.0
          ]
        },
        {
          "action_values_bb": [
            -1.0000000283803316,
            1.1989928289133542
          ],
          "candidate_probabilities": [
            1.4777598380533163e-6,
            0.9999985098838806
          ],
          "class_index": 126,
          "conditional_hand_mass": 0.0045248869052198935,
          "expected_action_loss_bb": 3.2495833286747167e-6,
          "hand": "JJ",
          "probability_on_actions_losing_over_0_1bb": 1.4777598380533163e-6,
          "reference_expected_action_loss_bb": 2.6308899985046707e-8,
          "reference_probabilities": [
            1.1964067958558644e-8,
            1.0
          ]
        },
        {
          "action_values_bb": [
            -1.0000000283803316,
            -0.008230234173196672
          ],
          "candidate_probabilities": [
            1.4777598380533163e-6,
            0.9999985098838806
          ],
          "class_index": 127,
          "conditional_hand_mass": 0.009049773810439787,
          "expected_action_loss_bb": 1.4655975704737066e-6,
          "hand": "QJo",
          "probability_on_actions_losing_over_0_1bb": 1.4777598380533163e-6,
          "reference_expected_action_loss_bb": 1.1865601217139884e-8,
          "reference_probabilities": [
            1.1964067958558644e-8,
            1.0
          ]
        },
        {
          "action_values_bb": [
            -1.0000000283803316,
            0.31447060860428033
          ],
          "candidate_probabilities": [
            1.4777598380533163e-6,
            0.9999985098838806
          ],
          "class_index": 128,
          "conditional_hand_mass": 0.009049773810439787,
          "expected_action_loss_bb": 1.94247191563622e-6,
          "hand": "KJo",
          "probability_on_actions_losing_over_0_1bb": 1.4777598380533163e-6,
          "reference_expected_action_loss_bb": 1.572641603041377e-8,
          "reference_probabilities": [
            1.1964067958558644e-8,
            1.0
          ]
        },
        {
          "action_values_bb": [
            -1.0000000283803316,
            0.33992907418414736
          ],
          "candidate_probabilities": [
            1.4777598380533163e-6,
            0.9999985098838806
          ],
          "class_index": 129,
          "conditional_hand_mass": 0.009049773810439787,
          "expected_action_loss_bb": 1.98009341360861e-6,
          "hand": "AJo",
          "probability_on_actions_losing_over_0_1bb": 1.4777598380533163e-6,
          "reference_expected_action_loss_bb": 1.6031002842731923e-8,
          "reference_probabilities": [
            1.1964067958558644e-8,
            1.0
          ]
        },
        {
          "action_values_bb": [
            -1.0000000283803316,
            -0.4277131525033242
          ],
          "candidate_probabilities": [
            1.4777594969928032e-6,
            0.9999985098838806
          ],
          "class_index": 130,
          "conditional_hand_mass": 0.0030165911925363843,
          "expected_action_loss_bb": 8.457023658315893e-7,
          "hand": "Q2s",
          "probability_on_actions_losing_over_0_1bb": 1.4777594969928032e-6,
          "reference_expected_action_loss_bb": 6.846880599662292e-9,
          "reference_probabilities": [
            1.1964070623093903e-8,
            1.0
          ]
        },
        {
          "action_values_bb": [
            -1.0000000283803316,
            -0.4372637139985942
          ],
          "candidate_probabilities": [
            1.4777594969928032e-6,
            0.9999985098838806
          ],
          "class_index": 131,
          "conditional_hand_mass": 0.0030165911925363843,
          "expected_action_loss_bb": 8.315889328803403e-7,
          "hand": "Q3s",
          "probability_on_actions_losing_over_0_1bb": 1.4777594969928032e-6,
          "reference_expected_action_loss_bb": 6.73261700744268e-9,
          "reference_probabilities": [
            1.1964070623093903e-8,
            1.0
          ]
        },
        {
          "action_values_bb": [
            -1.0000000283803316,
            -0.4368990028316042
          ],
          "candidate_probabilities": [
            1.4777594969928032e-6,
            0.9999985098838806
          ],
          "class_index": 132,
          "conditional_hand_mass": 0.0030165911925363843,
          "expected_action_loss_bb": 8.321278882710191e-7,
          "hand": "Q4s",
          "probability_on_actions_losing_over_0_1bb": 1.4777594969928032e-6,
          "reference_expected_action_loss_bb": 6.736980437601579e-9,
          "reference_probabilities": [
            1.1964070623093903e-8,
            1.0
          ]
        },
        {
          "action_values_bb": [
            -1.0000000283803316,
            -0.23097494003719715
          ],
          "candidate_probabilities": [
            1.4777594969928032e-6,
            0.9999985098838806
          ],
          "class_index": 133,
          "conditional_hand_mass": 0.0030165911925363843,
          "expected_action_loss_bb": 1.1364341277247964e-6,
          "hand": "Q5s",
          "probability_on_actions_losing_over_0_1bb": 1.4777594969928032e-6,
          "reference_expected_action_loss_bb": 9.200670467868288e-9,
          "reference_probabilities": [
            1.1964070623093903e-8,
            1.0
          ]
        },
        {
          "action_values_bb": [
            -1.0000000283803316,
            -0.28452354866146706
          ],
          "candidate_probabilities": [
            1.4777594969928032e-6,
            0.9999985098838806
          ],
          "class_index": 134,
          "conditional_hand_mass": 0.0030165911925363843,
          "expected_action_loss_bb": 1.057302162779531e-6,
          "hand": "Q6s",
          "probability_on_actions_losing_over_0_1bb": 1.4777594969928032e-6,
          "reference_expected_action_loss_bb": 8.560011132519109e-9,
          "reference_probabilities": [
            1.1964070623093903e-8,
            1.0
          ]
        },
        {
          "action_values_bb": [
            -1.0000000283803316,
            -0.30909637827194797
          ],
          "candidate_probabilities": [
            1.4777594969928032e-6,
            0.9999985098838806
          ],
          "class_index": 135,
          "conditional_hand_mass": 0.0030165911925363843,
          "expected_action_loss_bb": 1.0209894304546566e-6,
          "hand": "Q7s",
          "probability_on_actions_losing_over_0_1bb": 1.4777594969928032e-6,
          "reference_expected_action_loss_bb": 8.266020063650062e-9,
          "reference_probabilities": [
            1.1964070623093903e-8,
            1.0
          ]
        },
        {
          "action_values_bb": [
            -1.0000000283803316,
            -0.024224700988491086
          ],
          "candidate_probabilities": [
            1.4777594969928032e-6,
            0.9999985098838806
          ],
          "class_index": 136,
          "conditional_hand_mass": 0.0030165911925363843,
          "expected_action_loss_bb": 1.4419612569845542e-6,
          "hand": "Q8s",
          "probability_on_actions_losing_over_0_1bb": 1.4777594969928032e-6,
          "reference_expected_action_loss_bb": 1.1674244929188556e-8,
          "reference_probabilities": [
            1.1964070623093903e-8,
            1.0
          ]
        },
        {
          "action_values_bb": [
            -1.0000000283803316,
            0.02229731112228149
          ],
          "candidate_probabilities": [
            1.4777594969928032e-6,
            0.9999985098838806
          ],
          "class_index": 137,
          "conditional_hand_mass": 0.0030165911925363843,
          "expected_action_loss_bb": 1.5107096022004625e-6,
          "hand": "Q9s",
          "probability_on_actions_losing_over_0_1bb": 1.4777594969928032e-6,
          "reference_expected_action_loss_bb": 1.2230837567610269e-8,
          "reference_probabilities": [
            1.1964070623093903e-8,
            1.0
          ]
        },
        {
          "action_values_bb": [
            -1.0000000283803316,
            0.1466006905452957
          ],
          "candidate_probabilities": [
            1.4777594969928032e-6,
            0.9999985098838806
          ],
          "class_index": 138,
          "conditional_hand_mass": 0.0030165911925363843,
          "expected_action_loss_bb": 1.6944001016511215e-6,
          "hand": "QTs",
          "probability_on_actions_losing_over_0_1bb": 1.4777594969928032e-6,
          "reference_expected_action_loss_bb": 1.3718011977716447e-8,
          "reference_probabilities": [
            1.1964070623093903e-8,
            1.0
          ]
        },
        {
          "action_values_bb": [
            -1.0000000283803316,
            0.12949072171589374
          ],
          "candidate_probabilities": [
            1.4777594969928032e-6,
            0.9999985098838806
          ],
          "class_index": 139,
          "conditional_hand_mass": 0.0030165911925363843,
          "expected_action_loss_bb": 1.6691156827202221e-6,
          "hand": "QJs",
          "probability_on_actions_losing_over_0_1bb": 1.4777594969928032e-6,
          "reference_expected_action_loss_bb": 1.3513307102282549e-8,
          "reference_probabilities": [
            1.1964070623093903e-8,
            1.0
          ]
        },
        {
          "action_values_bb": [
            -1.0000000283803316,
            1.3651980116755684
          ],
          "candidate_probabilities": [
            1.4777598380533163e-6,
            0.9999985098838806
          ],
          "class_index": 140,
          "conditional_hand_mass": 0.0045248869052198935,
          "expected_action_loss_bb": 3.4951946726370282e-6,
          "hand": "QQ",
          "probability_on_actions_losing_over_0_1bb": 1.4777598380533163e-6,
          "reference_expected_action_loss_bb": 2.82973900866785e-8,
          "reference_probabilities": [
            1.1964067958558644e-8,
            1.0
          ]
        },
        {
          "action_values_bb": [
            -1.0000000283803316,
            0.45448287194799447
          ],
          "candidate_probabilities": [
            1.4777598380533163e-6,
            0.9999985098838806
          ],
          "class_index": 141,
          "conditional_hand_mass": 0.009049773810439787,
          "expected_action_loss_bb": 2.149376415240505e-6,
          "hand": "KQo",
          "probability_on_actions_losing_over_0_1bb": 1.4777598380533163e-6,
          "reference_expected_action_loss_bb": 1.7401532264089572e-8,
          "reference_probabilities": [
            1.1964067958558644e-8,
            1.0
          ]
        },
        {
          "action_values_bb": [
            -1.0000000283803316,
            0.36701862231589516
          ],
          "candidate_probabilities": [
            1.4777598380533163e-6,
            0.9999985098838806
          ],
          "class_index": 142,
          "conditional_hand_mass": 0.009049773810439787,
          "expected_action_loss_bb": 2.020125259868719e-6,
          "hand": "AQo",
          "probability_on_actions_losing_over_0_1bb": 1.4777598380533163e-6,
          "reference_expected_action_loss_bb": 1.6355104037546797e-8,
          "reference_probabilities": [
            1.1964067958558644e-8,
            1.0
          ]
        },
        {
          "action_values_bb": [
            -1.0000000283803316,
            -0.2905340455713404
          ],
          "candidate_probabilities": [
            1.4777594969928032e-6,
            0.9999985098838806
          ],
          "class_index": 143,
          "conditional_hand_mass": 0.0030165911925363843,
          "expected_action_loss_bb": 1.0484200938893197e-6,
          "hand": "K2s",
          "probability_on_actions_losing_over_0_1bb": 1.4777594969928032e-6,
          "reference_expected_action_loss_bb": 8.488101123009497e-9,
          "reference_probabilities": [
            1.1964070623093903e-8,
            1.0
          ]
        },
        {
          "action_values_bb": [
            -1.0000000283803316,
            -0.2553565360106829
          ],
          "candidate_probabilities": [
            1.4777594969928032e-6,
            0.9999985098838806
          ],
          "class_index": 144,
          "conditional_hand_mass": 0.0030165911925363843,
          "expected_action_loss_bb": 1.1004039927231365e-6,
          "hand": "K3s",
          "probability_on_actions_losing_over_0_1bb": 1.4777594969928032e-6,
          "reference_expected_action_loss_bb": 8.908967331737764e-9,
          "reference_probabilities": [
            1.1964070623093903e-8,
            1.0
          ]
        },
        {
          "action_values_bb": [
            -1.0000000283803316,
            -0.17371479460736117
          ],
          "candidate_probabilities": [
            1.4777594969928032e-6,
            0.9999985098838806
          ],
          "class_index": 145,
          "conditional_hand_mass": 0.0030165911925363843,
          "expected_action_loss_bb": 1.2210508514329257e-6,
          "hand": "K4s",
          "probability_on_actions_losing_over_0_1bb": 1.4777594969928032e-6,
          "reference_expected_action_loss_bb": 9.885734891679474e-9,
          "reference_probabilities": [
            1.1964070623093903e-8,
            1.0
          ]
        },
        {
          "action_values_bb": [
            -1.0000000283803316,
            -0.07352551877843953
          ],
          "candidate_probabilities": [
            1.4777594969928032e-6,
            0.9999985098838806
          ],
          "class_index": 146,
          "conditional_hand_mass": 0.0030165911925363843,
          "expected_action_loss_bb": 1.3691065052859462e-6,
          "hand": "K5s",
          "probability_on_actions_losing_over_0_1bb": 1.4777594969928032e-6,
          "reference_expected_action_loss_bb": 1.1084406463373328e-8,
          "reference_probabilities": [
            1.1964070623093903e-8,
            1.0
          ]
        },
        {
          "action_values_bb": [
            -1.0000000283803316,
            0.019048639702760564
          ],
          "candidate_probabilities": [
            1.4777594969928032e-6,
            0.9999985098838806
          ],
          "class_index": 147,
          "conditional_hand_mass": 0.0030165911925363843,
          "expected_action_loss_bb": 1.5059088471576562e-6,
          "hand": "K6s",
          "probability_on_actions_losing_over_0_1bb": 1.4777594969928032e-6,
          "reference_expected_action_loss_bb": 1.2191970233315892e-8,
          "reference_probabilities": [
            1.1964070623093903e-8,
            1.0
          ]
        },
        {
          "action_values_bb": [
            -1.0000000283803316,
            -0.04770674004063163
          ],
          "candidate_probabilities": [
            1.4777594969928032e-6,
            0.9999985098838806
          ],
          "class_index": 148,
          "conditional_hand_mass": 0.0030165911925363843,
          "expected_action_loss_bb": 1.4072604507664976e-6,
          "hand": "K7s",
          "probability_on_actions_losing_over_0_1bb": 1.4777594969928032e-6,
          "reference_expected_action_loss_bb": 1.1393304155594497e-8,
          "reference_probabilities": [
            1.1964070623093903e-8,
            1.0
          ]
        },
        {
          "action_values_bb": [
            -1.0000000283803316,
            0.22482589444847134
          ],
          "candidate_probabilities": [
            1.4777594969928032e-6,
            0.9999985098838806
          ],
          "class_index": 149,
          "conditional_hand_mass": 0.0030165911925363843,
          "expected_action_loss_bb": 1.809998139623238e-6,
          "hand": "K8s",
          "probability_on_actions_losing_over_0_1bb": 1.4777594969928032e-6,
          "reference_expected_action_loss_bb": 1.4653903841719962e-8,
          "reference_probabilities": [
            1.1964070623093903e-8,
            1.0
          ]
        },
        {
          "action_values_bb": [
            -1.0000000283803316,
            0.2880270801478611
          ],
          "candidate_probabilities": [
            1.4777594969928032e-6,
            0.9999985098838806
          ],
          "class_index": 150,
          "conditional_hand_mass": 0.0030165911925363843,
          "expected_action_loss_bb": 1.9033942920117167e-6,
          "hand": "K9s",
          "probability_on_actions_losing_over_0_1bb": 1.4777594969928032e-6,
          "reference_expected_action_loss_bb": 1.5410047290890734e-8,
          "reference_probabilities": [
            1.1964070623093903e-8,
            1.0
          ]
        },
        {
          "action_values_bb": [
            -1.0000000283803316,
            0.31211258301056755
          ],
          "candidate_probabilities": [
            1.4777594969928032e-6,
            0.9999985098838806
          ],
          "class_index": 151,
          "conditional_hand_mass": 0.0030165911925363843,
          "expected_action_loss_bb": 1.9389868726069286e-6,
          "hand": "KTs",
          "probability_on_actions_losing_over_0_1bb": 1.4777594969928032e-6,
          "reference_expected_action_loss_bb": 1.5698207948132883e-8,
          "reference_probabilities": [
            1.1964070623093903e-8,
            1.0
          ]
        },
        {
          "action_values_bb": [
            -1.0000000283803316,
            0.4937979190415109
          ],
          "candidate_probabilities": [
            1.4777594969928032e-6,
            0.9999985098838806
          ],
          "class_index": 152,
          "conditional_hand_mass": 0.0030165911925363843,
          "expected_action_loss_bb": 2.207474103390984e-6,
          "hand": "KJs",
          "probability_on_actions_losing_over_0_1bb": 1.4777594969928032e-6,
          "reference_expected_action_loss_bb": 1.7871904139587637e-8,
          "reference_probabilities": [
            1.1964070623093903e-8,
            1.0
          ]
        },
        {
          "action_values_bb": [
            -1.0000000283803316,
            0.6268569346361176
          ],
          "candidate_probabilities": [
            1.4777594969928032e-6,
            0.9999985098838806
          ],
          "class_index": 153,
          "conditional_hand_mass": 0.0030165911925363843,
          "expected_action_loss_bb": 2.4041033273464275e-6,
          "hand": "KQs",
          "probability_on_actions_losing_over_0_1bb": 1.4777594969928032e-6,
          "reference_expected_action_loss_bb": 1.9463831599200865e-8,
          "reference_probabilities": [
            1.1964070623093903e-8,
            1.0
          ]
        },
        {
          "action_values_bb": [
            -1.0000000283803316,
            1.7845505899942513
          ],
          "candidate_probabilities": [
            1.4777598380533163e-6,
            0.9999985098838806
          ],
          "class_index": 154,
          "conditional_hand_mass": 0.0045248869052198935,
          "expected_action_loss_bb": 4.1148970708604855e-6,
          "hand": "KK",
          "probability_on_actions_losing_over_0_1bb": 1.4777598380533163e-6,
          "reference_expected_action_loss_bb": 3.331455283228001e-8,
          "reference_probabilities": [
            1.1964067958558644e-8,
            1.0
          ]
        },
        {
          "action_values_bb": [
            -1.0000000283803316,
            0.6018413143860776
          ],
          "candidate_probabilities": [
            1.4777598380533163e-6,
            0.9999985098838806
          ],
          "class_index": 155,
          "conditional_hand_mass": 0.009049773810439787,
          "expected_action_loss_bb": 2.367136803273596e-6,
          "hand": "AKo",
          "probability_on_actions_losing_over_0_1bb": 1.4777598380533163e-6,
          "reference_expected_action_loss_bb": 1.9164538683686152e-8,
          "reference_probabilities": [
            1.1964067958558644e-8,
            1.0
          ]
        },
        {
          "action_values_bb": [
            -1.0000000283803316,
            -0.06343740208178869
          ],
          "candidate_probabilities": [
            1.4777594969928032e-6,
            0.9999985098838806
          ],
          "class_index": 156,
          "conditional_hand_mass": 0.0030165911925363843,
          "expected_action_loss_bb": 1.3840143155411934e-6,
          "hand": "A2s",
          "probability_on_actions_losing_over_0_1bb": 1.4777594969928032e-6,
          "reference_expected_action_loss_bb": 1.120510140398607e-8,
          "reference_probabilities": [
            1.1964070623093903e-8,
            1.0
          ]
        },
        {
          "action_values_bb": [
            -1.0000000283803316,
            0.15948466033340034
          ],
          "candidate_probabilities": [
            1.4777594969928032e-6,
            0.9999985098838806
          ],
          "class_index": 157,
          "conditional_hand_mass": 0.0030165911925363843,
          "expected_action_loss_bb": 1.7134395103644615e-6,
          "hand": "A3s",
          "probability_on_actions_losing_over_0_1bb": 1.4777594969928032e-6,
          "reference_expected_action_loss_bb": 1.3872156702167139e-8,
          "reference_probabilities": [
            1.1964070623093903e-8,
            1.0
          ]
        },
        {
          "action_values_bb": [
            -1.0000000283803316,
            0.1304059268901613
          ],
          "candidate_probabilities": [
            1.4777594969928032e-6,
            0.9999985098838806
          ],
          "class_index": 158,
          "conditional_hand_mass": 0.0030165911925363843,
          "expected_action_loss_bb": 1.6704681358581929e-6,
          "hand": "A4s",
          "probability_on_actions_losing_over_0_1bb": 1.4777594969928032e-6,
          "reference_expected_action_loss_bb": 1.3524256681622106e-8,
          "reference_probabilities": [
            1.1964070623093903e-8,
            1.0
          ]
        },
        {
          "action_values_bb": [
            -1.0000000283803316,
            0.1813429020331057
          ],
          "candidate_probabilities": [
            1.4777594969928032e-6,
            0.9999985098838806
          ],
          "class_index": 159,
          "conditional_hand_mass": 0.0030165911925363843,
          "expected_action_loss_bb": 1.7457407346237653e-6,
          "hand": "A5s",
          "probability_on_actions_losing_over_0_1bb": 1.4777594969928032e-6,
          "reference_expected_action_loss_bb": 1.413367024955907e-8,
          "reference_probabilities": [
            1.1964070623093903e-8,
            1.0
          ]
        },
        {
          "action_values_bb": [
            -1.0000000283803316,
            0.15105679888906887
          ],
          "candidate_probabilities": [
            1.4777594969928032e-6,
            0.9999985098838806
          ],
          "class_index": 160,
          "conditional_hand_mass": 0.0030165911925363843,
          "expected_action_loss_bb": 1.7009851580757614e-6,
          "hand": "A6s",
          "probability_on_actions_losing_over_0_1bb": 1.4777594969928032e-6,
          "reference_expected_action_loss_bb": 1.3771325172645509e-8,
          "reference_probabilities": [
            1.1964070623093903e-8,
            1.0
          ]
        },
        {
          "action_values_bb": [
            -1.0000000283803316,
            0.13639558680793876
          ],
          "candidate_probabilities": [
            1.4777594969928032e-6,
            0.9999985098838806
          ],
          "class_index": 161,
          "conditional_hand_mass": 0.0030165911925363843,
          "expected_action_loss_bb": 1.6793194126854456e-6,
          "hand": "A7s",
          "probability_on_actions_losing_over_0_1bb": 1.4777594969928032e-6,
          "reference_expected_action_loss_bb": 1.3595917395886709e-8,
          "reference_probabilities": [
            1.1964070623093903e-8,
            1.0
          ]
        },
        {
          "action_values_bb": [
            -1.0000000283803316,
            0.3742086789253045
          ],
          "candidate_probabilities": [
            1.4777594969928032e-6,
            0.9999985098838806
          ],
          "class_index": 162,
          "conditional_hand_mass": 0.0030165911925363843,
          "expected_action_loss_bb": 2.030749968071107e-6,
          "hand": "A8s",
          "probability_on_actions_losing_over_0_1bb": 1.4777594969928032e-6,
          "reference_expected_action_loss_bb": 1.644113002507521e-8,
          "reference_probabilities": [
            1.1964070623093903e-8,
            1.0
          ]
        },
        {
          "action_values_bb": [
            -1.0000000283803316,
            0.3299993632911438
          ],
          "candidate_probabilities": [
            1.4777594969928032e-6,
            0.9999985098838806
          ],
          "class_index": 163,
          "conditional_hand_mass": 0.0030165911925363843,
          "expected_action_loss_bb": 1.965419232037174e-6,
          "hand": "A9s",
          "probability_on_actions_losing_over_0_1bb": 1.4777594969928032e-6,
          "reference_expected_action_loss_bb": 1.5912206650629462e-8,
          "reference_probabilities": [
            1.1964070623093903e-8,
            1.0
          ]
        },
        {
          "action_values_bb": [
            -1.0000000283803316,
            0.41075052837087295
          ],
          "candidate_probabilities": [
            1.4777594969928032e-6,
            0.9999985098838806
          ],
          "class_index": 164,
          "conditional_hand_mass": 0.0030165911925363843,
          "expected_action_loss_bb": 2.0847500331269773e-6,
          "hand": "ATs",
          "probability_on_actions_losing_over_0_1bb": 1.4777594969928032e-6,
          "reference_expected_action_loss_bb": 1.6878319292540457e-8,
          "reference_probabilities": [
            1.1964070623093903e-8,
            1.0
          ]
        },
        {
          "action_values_bb": [
            -1.0000000283803316,
            0.38649335275701463
          ],
          "candidate_probabilities": [
            1.4777594969928032e-6,
            0.9999985098838806
          ],
          "class_index": 165,
          "conditional_hand_mass": 0.0030165911925363843,
          "expected_action_loss_bb": 2.048903761493376e-6,
          "hand": "AJs",
          "probability_on_actions_losing_over_0_1bb": 1.4777594969928032e-6,
          "reference_expected_action_loss_bb": 1.6588104730379463e-8,
          "reference_probabilities": [
            1.1964070623093903e-8,
            1.0
          ]
        },
        {
          "action_values_bb": [
            -1.0000000283803316,
            0.5969534263766962
          ],
          "candidate_probabilities": [
            1.4777594969928032e-6,
            0.9999985098838806
          ],
          "class_index": 166,
          "conditional_hand_mass": 0.0030165911925363843,
          "expected_action_loss_bb": 2.359913134022665e-6,
          "hand": "AQs",
          "probability_on_actions_losing_over_0_1bb": 1.4777594969928032e-6,
          "reference_expected_action_loss_bb": 1.9106063914506877e-8,
          "reference_probabilities": [
            1.1964070623093903e-8,
            1.0
          ]
        },
        {
          "action_values_bb": [
            -1.0000000283803316,
            0.8323607938716364
          ],
          "candidate_probabilities": [
            1.4777594969928032e-6,
            0.9999985098838806
          ],
          "class_index": 167,
          "conditional_hand_mass": 0.0030165911925363843,
          "expected_action_loss_bb": 2.7077886070003875e-6,
          "hand": "AKs",
          "probability_on_actions_losing_over_0_1bb": 1.4777594969928032e-6,
          "reference_expected_action_loss_bb": 2.192249428441296e-8,
          "reference_probabilities": [
            1.1964070623093903e-8,
            1.0
          ]
        },
        {
          "action_values_bb": [
            -1.0000000283803316,
            1.9899018998423177
          ],
          "candidate_probabilities": [
            1.4777598380533163e-6,
            0.9999985098838806
          ],
          "class_index": 168,
          "conditional_hand_mass": 0.0045248869052198935,
          "expected_action_loss_bb": 4.418356989245601e-6,
          "hand": "AA",
          "probability_on_actions_losing_over_0_1bb": 1.4777598380533163e-6,
          "reference_expected_action_loss_bb": 3.577138985868131e-8,
          "reference_probabilities": [
            1.1964067958558644e-8,
            1.0
          ]
        }
      ],
      "joint_reach_independent_model": 0.003192944480496184,
      "opponent_mass": 0.0031929443615497377,
      "passes_local_tail_gate": false,
      "path": [
        2,
        1
      ],
      "position": "BB",
      "reference_weighted_action_loss_bb": 6.926881665166081e-6,
      "scope": "One-action deviation followed by reference play, same reference arriving ranges; excludes physical-deal validation",
      "status": "evaluated",
      "weighted_action_loss_bb": 0.008163252922940874,
      "weighted_excess_action_loss_bb": 0.008156326041275709,
      "worst_relevant_probability_on_strongly_inferior_actions": 0.9998615980148315
    }
  ],
  "thresholds": {
    "excess_gap_bb": 0.02,
    "max_loss_bb": 0.03,
    "mean_loss_bb": 0.01,
    "reference_gap_bb": 0.005
  },
  "unilateral_max_positive_loss_bb": 0.0013746912575178794,
  "unilateral_mean_positive_loss_bb": 0.000899931214273004,
  "unilateral_replacements": [
    {
      "candidate_vs_reference_opponents_ev_bb": 0.1964902159766304,
      "position": "BTN",
      "reference_ev_bb": 0.1972530361082401,
      "seat": 0,
      "signed_loss_bb": 0.0007628201316096928
    },
    {
      "candidate_vs_reference_opponents_ev_bb": -0.11106819635807536,
      "position": "SB",
      "reference_ev_bb": -0.11050591410438391,
      "seat": 1,
      "signed_loss_bb": 0.0005622822536914401
    },
    {
      "candidate_vs_reference_opponents_ev_bb": -0.3230960484635524,
      "position": "BB",
      "reference_ev_bb": -0.3217213572060345,
      "seat": 2,
      "signed_loss_bb": 0.0013746912575178794
    }
  ]
}
