{
  "candidate_full_reference_evs_bb": [
    0.19660944142688705,
    -0.11088513712947615,
    -0.320484761668811
  ],
  "candidate_full_reference_gaps_bb": [
    0.0009271341974613393,
    0.00028299213667861735,
    0.000494829674433617
  ],
  "candidate_iteration": 100,
  "candidate_learning_gap_bb": 0.0017049560085735738,
  "candidate_model": "coupled_preview64_v1",
  "elapsed_seconds": 0.0157384,
  "excess_learning_gap_bb": 0.0017034348333831884,
  "live_seats": [
    true,
    true,
    true
  ],
  "nodes": 70,
  "not_evaluated": [
    "physical equity",
    "unselected local action tails",
    "speedup",
    "preview workflow"
  ],
  "passes_global_policy_gates_with_converged_reference": true,
  "passes_relative_policy_gates": true,
  "reference_converged": true,
  "reference_evs_bb": [
    0.1972530361082401,
    -0.11050591410438391,
    -0.3217213572060345
  ],
  "reference_gaps_bb": [
    8.033235209872684e-7,
    3.824968643640486e-7,
    3.353548050340563e-7
  ],
  "reference_iteration": 500,
  "reference_learning_gap_bb": 1.5211751903853732e-6,
  "reference_model": "coupled_deck_v1",
  "schema": 1,
  "scope": "Frozen policy evaluated under unchanged full coupled payoffs; no physical-deal or full postflop accuracy claim",
  "selected_local_action_quality": [
    {
      "actions": [
        {
          "kind": "fold",
          "label": "Fold",
          "to": 0.0
        },
        {
          "kind": "call",
          "label": "Limp 1",
          "to": 1.0
        },
        {
          "kind": "raise",
          "label": "Raise 2",
          "to": 2.0
        },
        {
          "kind": "raise",
          "label": "Raise 3",
          "to": 3.0
        }
      ],
      "actor": 0,
      "actor_mass": 1.000000037252903,
      "forced_or_frozen": false,
      "hands": [
        {
          "action_values_bb": [
            0.0,
            -0.44607269763946533,
            0.00945378839969635,
            0.16288742423057556
          ],
          "candidate_probabilities": [
            7.388799190266582e-7,
            7.388799190266582e-7,
            0.000029040344088571146,
            0.9999695420265198
          ],
          "class_index": 0,
          "conditional_hand_mass": 0.0045248869052198935,
          "expected_action_loss_bb": 5.026068231652999e-6,
          "hand": "22",
          "probability_on_actions_losing_over_0_1bb": 0.00003051810392662446,
          "reference_expected_action_loss_bb": 3.9630911077692126e-8,
          "reference_probabilities": [
            5.982034867457742e-9,
            5.982034867457742e-9,
            2.2820088929620397e-7,
            0.9999997615814209
          ]
        },
        {
          "action_values_bb": [
            0.0,
            -0.9041956067085266,
            -0.7667875289916992,
            -0.7750431895256042
          ],
          "candidate_probabilities": [
            0.9999931454658508,
            7.388799190266582e-7,
            5.4735496632929426e-6,
            7.388799190266582e-7
          ],
          "class_index": 1,
          "conditional_hand_mass": 0.009049773810439787,
          "expected_action_loss_bb": 5.43780544691764e-6,
          "hand": "32o",
          "probability_on_actions_losing_over_0_1bb": 6.951309501346259e-6,
          "reference_expected_action_loss_bb": 4.4404481552162994e-8,
          "reference_probabilities": [
            0.9999999403953552,
            5.982033535190112e-9,
            4.48093082638934e-8,
            5.982033535190112e-9
          ]
        },
        {
          "action_values_bb": [
            0.0,
            -0.8833550214767456,
            -0.7346990704536438,
            -0.7396241426467896
          ],
          "candidate_probabilities": [
            0.999992847442627,
            7.38879975870077e-7,
            5.789022452518111e-6,
            7.38879975870077e-7
          ],
          "class_index": 2,
          "conditional_hand_mass": 0.009049773810439787,
          "expected_action_loss_bb": 5.452376220325565e-6,
          "hand": "42o",
          "probability_on_actions_losing_over_0_1bb": 7.266782404258265e-6,
          "reference_expected_action_loss_bb": 4.437662743681063e-8,
          "reference_probabilities": [
            0.9999999403953552,
            5.982033535190112e-9,
            4.7186546225930215e-8,
            5.982033535190112e-9
          ]
        },
        {
          "action_values_bb": [
            0.0,
            -0.8523165583610535,
            -0.6811138391494751,
            -0.6980822682380676
          ],
          "candidate_probabilities": [
            0.9999923706054688,
            7.388799190266582e-7,
            6.291296813287772e-6,
            7.388799190266582e-7
          ],
          "class_index": 3,
          "conditional_hand_mass": 0.009049773810439787,
          "expected_action_loss_bb": 5.430647885183877e-6,
          "hand": "52o",
          "probability_on_actions_losing_over_0_1bb": 7.769056651341089e-6,
          "reference_expected_action_loss_bb": 4.388702667356088e-8,
          "reference_probabilities": [
            0.9999999403953552,
            5.982033535190112e-9,
            5.0817480001796866e-8,
            5.982033535190112e-9
          ]
        },
        {
          "action_values_bb": [
            0.0,
            -0.882992148399353,
            -0.7262982130050659,
            -0.7449963092803955
          ],
          "candidate_probabilities": [
            0.9999926686286926,
            7.388800895569148e-7,
            5.99720351601718e-6,
            7.388800895569148e-7
          ],
          "class_index": 4,
          "conditional_hand_mass": 0.009049773810439787,
          "expected_action_loss_bb": 5.558646454119012e-6,
          "hand": "62o",
          "probability_on_actions_losing_over_0_1bb": 7.4749636951310094e-6,
          "reference_expected_action_loss_bb": 4.5382761115276906e-8,
          "reference_probabilities": [
            0.9999999403953552,
            5.982033535190112e-9,
            4.9076369634803996e-8,
            5.982033535190112e-9
          ]
        },
        {
          "action_values_bb": [
            0.0,
            -0.90187668800354,
            -0.7463392019271851,
            -0.761473536491394
          ],
          "candidate_probabilities": [
            0.9999924302101135,
            7.38879975870077e-7,
            6.174110239953734e-6,
            7.38879975870077e-7
          ],
          "class_index": 5,
          "conditional_hand_mass": 0.009049773810439787,
          "expected_action_loss_bb": 5.836996682835835e-6,
          "hand": "72o",
          "probability_on_actions_losing_over_0_1bb": 7.651870191693888e-6,
          "reference_expected_action_loss_bb": 4.666910366705206e-8,
          "reference_probabilities": [
            0.9999999403953552,
            5.982033535190112e-9,
            4.919865759234199e-8,
            5.982033535190112e-9
          ]
        },
        {
          "action_values_bb": [
            0.0,
            -0.8773946762084961,
            -0.6941943168640137,
            -0.7076621055603027
          ],
          "candidate_probabilities": [
            0.999991774559021,
            7.388799190266582e-7,
            6.727175787091255e-6,
            8.175001653398795e-7
          ],
          "class_index": 6,
          "conditional_hand_mass": 0.009049773810439787,
          "expected_action_loss_bb": 5.896770395555617e-6,
          "hand": "82o",
          "probability_on_actions_losing_over_0_1bb": 8.283555871457793e-6,
          "reference_expected_action_loss_bb": 4.79304560467731e-8,
          "reference_probabilities": [
            0.9999999403953552,
            5.982033979279322e-9,
            5.45260760986821e-8,
            6.825516152275668e-9
          ]
        },
        {
          "action_values_bb": [
            0.0,
            -0.8161463737487793,
            -0.5988890528678894,
            -0.622961699962616
          ],
          "candidate_probabilities": [
            0.9999906420707703,
            7.388799190266582e-7,
            6.9688871917605866e-6,
            1.6716575146347168e-6
          ],
          "class_index": 7,
          "conditional_hand_mass": 0.009049773810439787,
          "expected_action_loss_bb": 5.818003023438187e-6,
          "hand": "92o",
          "probability_on_actions_losing_over_0_1bb": 9.379424625421962e-6,
          "reference_expected_action_loss_bb": 4.9644770706216054e-8,
          "reference_probabilities": [
            0.9999999403953552,
            5.982033979279322e-9,
            5.737229358260265e-8,
            1.669912741419921e-8
          ]
        },
        {
          "action_values_bb": [
            0.0,
            -0.7918838262557983,
            -0.5418668985366821,
            -0.5621743202209473
          ],
          "candidate_probabilities": [
            0.9999892711639404,
            7.388798621832393e-7,
            7.282179012690904e-6,
            2.7732999114959966e-6
          ],
          "class_index": 8,
          "conditional_hand_mass": 0.009049773810439787,
          "expected_action_loss_bb": 6.0901567611188335e-6,
          "hand": "T2o",
          "probability_on_actions_losing_over_0_1bb": 0.00001079435878637014,
          "reference_expected_action_loss_bb": 5.799774135246044e-8,
          "reference_probabilities": [
            0.9999999403953552,
            5.982034423368532e-9,
            7.239868438091435e-8,
            2.4957053312846256e-8
          ]
        },
        {
          "action_values_bb": [
            0.0,
            -0.6645789742469788,
            -0.4471958875656128,
            -0.4715583324432373
          ],
          "candidate_probabilities": [
            0.9999803304672241,
            1.5470346852453076e-6,
            0.000013733455489273183,
            4.409401299199089e-6
          ],
          "class_index": 9,
          "conditional_hand_mass": 0.009049773810439787,
          "expected_action_loss_bb": 9.248961464836549e-6,
          "hand": "J2o",
          "probability_on_actions_losing_over_0_1bb": 0.00001968989147371758,
          "reference_expected_action_loss_bb": 7.525467176905975e-8,
          "reference_probabilities": [
            0.9999999403953552,
            1.3467691850621577e-8,
            1.107688731849521e-7,
            3.556069572141496e-8
          ]
        },
        {
          "action_values_bb": [
            0.0,
            -0.4649461805820465,
            -0.29889628291130066,
            -0.3244626522064209
          ],
          "candidate_probabilities": [
            0.9999741911888123,
            4.006335529993521e-6,
            0.000016087344192783348,
            5.725828032154823e-6
          ],
          "class_index": 10,
          "conditional_hand_mass": 0.009049773810439787,
          "expected_action_loss_bb": 8.528995133329104e-6,
          "hand": "Q2o",
          "probability_on_actions_losing_over_0_1bb": 0.000025819507754931692,
          "reference_expected_action_loss_bb": 7.394374688489e-8,
          "reference_probabilities": [
            0.9999997615814209,
            2.866193149486662e-8,
            1.5164214062224346e-7,
            4.713090717700652e-8
          ]
        },
        {
          "action_values_bb": [
            0.0,
            -0.3244820237159729,
            -0.1562463939189911,
            -0.1524524986743927
          ],
          "candidate_probabilities": [
            0.9999528527259827,
            3.671446847874904e-6,
            0.00003232588278478943,
            0.000011103910765086766
          ],
          "class_index": 11,
          "conditional_hand_mass": 0.009049773810439787,
          "expected_action_loss_bb": 7.934940059730385e-6,
          "hand": "K2o",
          "probability_on_actions_losing_over_0_1bb": 0.0000471012403977511,
          "reference_expected_action_loss_bb": 6.269237011093443e-8,
          "reference_probabilities": [
            0.9999997019767761,
            2.8856122824549857e-8,
            2.5133684289357916e-7,
            9.221627550459743e-8
          ]
        },
        {
          "action_values_bb": [
            0.0,
            -0.1648147851228714,
            0.03918410837650299,
            0.1410011351108551
          ],
          "candidate_probabilities": [
            7.388799190266582e-7,
            2.7857204258907586e-6,
            0.000028809445211663842,
            0.999967634677887
          ],
          "class_index": 12,
          "conditional_hand_mass": 0.009049773810439787,
          "expected_action_loss_bb": 3.889392616168876e-6,
          "hand": "A2o",
          "probability_on_actions_losing_over_0_1bb": 0.00003233404555658126,
          "reference_expected_action_loss_bb": 2.982979735148097e-8,
          "reference_probabilities": [
            5.982034867457742e-9,
            1.867075916095473e-8,
            2.2861115667183185e-7,
            0.9999997615814209
          ]
        },
        {
          "action_values_bb": [
            0.0,
            -0.805375337600708,
            -0.6025605797767639,
            -0.5726661682128906
          ],
          "candidate_probabilities": [
            0.9999918341636658,
            7.388797484964016e-7,
            6.693342129437951e-6,
            7.388797484964016e-7
          ],
          "class_index": 13,
          "conditional_hand_mass": 0.0030165911925363843,
          "expected_action_loss_bb": 5.051351075391526e-6,
          "hand": "32s",
          "probability_on_actions_losing_over_0_1bb": 8.171101626430755e-6,
          "reference_expected_action_loss_bb": 4.243027295337404e-8,
          "reference_probabilities": [
            1.0,
            5.9820353115469516e-9,
            5.4905310520325656e-8,
            7.908121268940249e-9
          ]
        },
        {
          "action_values_bb": [
            0.0,
            -0.37579864263534546,
            0.1266670972108841,
            0.2814222276210785
          ],
          "candidate_probabilities": [
            7.388799190266582e-7,
            7.388799190266582e-7,
            0.000021808715246152133,
            0.9999766945838928
          ],
          "class_index": 14,
          "conditional_hand_mass": 0.0045248869052198935,
          "expected_action_loss_bb": 4.068555108151729e-6,
          "hand": "33",
          "probability_on_actions_losing_over_0_1bb": 0.00002328647508420545,
          "reference_expected_action_loss_bb": 3.530395474839882e-8,
          "reference_probabilities": [
            5.982034867457742e-9,
            5.982034867457742e-9,
            1.9184474808753293e-7,
            0.9999997615814209
          ]
        },
        {
          "action_values_bb": [
            0.0,
            -0.8420765995979309,
            -0.6589344143867493,
            -0.6586682200431824
          ],
          "candidate_probabilities": [
            0.9999921321868896,
            7.388799190266582e-7,
            6.5026847551052924e-6,
            7.388799190266582e-7
          ],
          "class_index": 15,
          "conditional_hand_mass": 0.009049773810439787,
          "expected_action_loss_bb": 5.3937129818630504e-6,
          "hand": "43o",
          "probability_on_actions_losing_over_0_1bb": 7.980444593158609e-6,
          "reference_expected_action_loss_bb": 4.360063723089565e-8,
          "reference_probabilities": [
            0.9999999403953552,
            5.982033535190112e-9,
            5.254412371868966e-8,
            5.982033535190112e-9
          ]
        },
        {
          "action_values_bb": [
            0.0,
            -0.7914036512374878,
            -0.5783734321594238,
            -0.5970487594604492
          ],
          "candidate_probabilities": [
            0.9999911785125732,
            7.38879975870077e-7,
            6.870920515211765e-6,
            1.277577553082665e-6
          ],
          "class_index": 16,
          "conditional_hand_mass": 0.009049773810439787,
          "expected_action_loss_bb": 5.321486284389992e-6,
          "hand": "53o",
          "probability_on_actions_losing_over_0_1bb": 8.887378044164507e-6,
          "reference_expected_action_loss_bb": 4.3018315946130667e-8,
          "reference_probabilities": [
            0.9999999403953552,
            5.982033979279322e-9,
            5.560227833711906e-8,
            1.0259181948413243e-8
          ]
        },
        {
          "action_values_bb": [
            0.0,
            -0.8039095997810364,
            -0.5954430103302002,
            -0.6248401403427124
          ],
          "candidate_probabilities": [
            0.9999916553497314,
            7.38879975870077e-7,
            6.762614702893188e-6,
            9.14824170195061e-7
          ],
          "class_index": 17,
          "conditional_hand_mass": 0.009049773810439787,
          "expected_action_loss_bb": 5.192363224975515e-6,
          "hand": "63o",
          "probability_on_actions_losing_over_0_1bb": 8.416318848958326e-6,
          "reference_expected_action_loss_bb": 4.350662671149652e-8,
          "reference_probabilities": [
            0.9999999403953552,
            5.982033979279322e-9,
            5.530052860081014e-8,
            9.23323995039027e-9
          ]
        },
        {
          "action_values_bb": [
            0.0,
            -0.8425936102867126,
            -0.6474804282188416,
            -0.6629729270935059
          ],
          "candidate_probabilities": [
            0.9999911785125732,
            7.38879975870077e-7,
            6.861917881906265e-6,
            1.2572390915011056e-6
          ],
          "class_index": 18,
          "conditional_hand_mass": 0.009049773810439787,
          "expected_action_loss_bb": 5.89904855556499e-6,
          "hand": "73o",
          "probability_on_actions_losing_over_0_1bb": 8.858036949277448e-6,
          "reference_expected_action_loss_bb": 4.5983197539333216e-8,
          "reference_probabilities": [
            0.9999999403953552,
            5.982033979279322e-9,
            5.4931586390694065e-8,
            8.10839573262001e-9
          ]
        },
        {
          "action_values_bb": [
            0.0,
            -0.8277146220207214,
            -0.617715060710907,
            -0.6625279784202576
          ],
          "candidate_probabilities": [
            0.9999906420707703,
            7.38879975870077e-7,
            6.983443199715111e-6,
            1.6818105450511212e-6
          ],
          "class_index": 19,
          "conditional_hand_mass": 0.009049773810439787,
          "expected_action_loss_bb": 6.039606340527762e-6,
          "hand": "83o",
          "probability_on_actions_losing_over_0_1bb": 9.40413372063631e-6,
          "reference_expected_action_loss_bb": 4.731178886999751e-8,
          "reference_probabilities": [
            0.9999999403953552,
            5.982033979279322e-9,
            5.5976343560359965e-8,
            1.1747339989653938e-8
          ]
        },
        {
          "action_values_bb": [
            0.0,
            -0.7912529706954956,
            -0.5551581382751465,
            -0.5838758945465088
          ],
          "candidate_probabilities": [
            0.9999894499778748,
            7.388798053398205e-7,
            7.225555691547925e-6,
            2.5450515295233345e-6
          ],
          "class_index": 20,
          "conditional_hand_mass": 0.009049773810439787,
          "expected_action_loss_bb": 6.081961125152574e-6,
          "hand": "93o",
          "probability_on_actions_losing_over_0_1bb": 0.00001050948702641108,
          "reference_expected_action_loss_bb": 4.9203571246633416e-8,
          "reference_probabilities": [
            0.9999999403953552,
            5.982033979279322e-9,
            5.8484069143105444e-8,
            2.0556358393264418e-8
          ]
        },
        {
          "action_values_bb": [
            0.0,
            -0.7313235402107239,
            -0.4513130784034729,
            -0.5036321878433228
          ],
          "candidate_probabilities": [
            0.9999810457229614,
            7.388799190266582e-7,
            0.000014177825505612418,
            4.093606094102142e-6
          ],
          "class_index": 21,
          "conditional_hand_mass": 0.009049773810439787,
          "expected_action_loss_bb": 9.000670145519825e-6,
          "hand": "T3o",
          "probability_on_actions_losing_over_0_1bb": 0.00001901031151874122,
          "reference_expected_action_loss_bb": 6.811812605016699e-8,
          "reference_probabilities": [
            0.9999999403953552,
            5.9820353115469516e-9,
            1.0604107814060626e-7,
            3.1542061407208166e-8
          ]
        },
        {
          "action_values_bb": [
            0.0,
            -0.5824298858642578,
            -0.3856760859489441,
            -0.42446959018707275
          ],
          "candidate_probabilities": [
            0.9999777674674988,
            2.8154690880910493e-6,
            0.000014559589544660412,
            4.821461516257841e-6
          ],
          "class_index": 22,
          "conditional_hand_mass": 0.009049773810439787,
          "expected_action_loss_bb": 9.301662642147721e-6,
          "hand": "J3o",
          "probability_on_actions_losing_over_0_1bb": 0.000022196520149009302,
          "reference_expected_action_loss_bb": 7.683450929448708e-8,
          "reference_probabilities": [
            0.9999997615814209,
            2.056651560167211e-8,
            1.237896753991663e-7,
            4.0316759708503014e-8
          ]
        },
        {
          "action_values_bb": [
            0.0,
            -0.41520893573760986,
            -0.24869389832019806,
            -0.28018325567245483
          ],
          "candidate_probabilities": [
            0.999961793422699,
            3.124111572105903e-6,
            0.00002813020364555996,
            7.001604899414815e-6
          ],
          "class_index": 23,
          "conditional_hand_mass": 0.009049773810439787,
          "expected_action_loss_bb": 0.00001025470150178525,
          "hand": "Q3o",
          "probability_on_actions_losing_over_0_1bb": 0.00003825592011708068,
          "reference_expected_action_loss_bb": 7.785493370126771e-8,
          "reference_probabilities": [
            0.9999997019767761,
            2.7043746797517088e-8,
            2.034916803950182e-7,
            5.717325635146153e-8
          ]
        },
        {
          "action_values_bb": [
            0.0,
            -0.29333874583244324,
            -0.1266900897026062,
            -0.11453050374984741
          ],
          "candidate_probabilities": [
            0.9999464750289917,
            3.354342425154755e-6,
            0.000031085579394130036,
            0.000019025510482606478
          ],
          "class_index": 24,
          "conditional_hand_mass": 0.009049773810439787,
          "expected_action_loss_bb": 7.101194741658196e-6,
          "hand": "K3o",
          "probability_on_actions_losing_over_0_1bb": 0.00005346543230189127,
          "reference_expected_action_loss_bb": 6.45683738264163e-8,
          "reference_probabilities": [
            0.9999995231628418,
            2.9023325964772084e-8,
            3.156097250212042e-7,
            1.4031269301995053e-7
          ]
        },
        {
          "action_values_bb": [
            0.0,
            -0.272880494594574,
            0.08925849199295044,
            0.19660146534442902
          ],
          "candidate_probabilities": [
            7.388799190266582e-7,
            1.6546603092137957e-6,
            0.00002533024235162884,
            0.9999722838401794
          ],
          "class_index": 25,
          "conditional_hand_mass": 0.009049773810439787,
          "expected_action_loss_bb": 3.641121569534572e-6,
          "hand": "A3o",
          "probability_on_actions_losing_over_0_1bb": 0.000027723782579869294,
          "reference_expected_action_loss_bb": 2.701845029039337e-8,
          "reference_probabilities": [
            5.982034867457742e-9,
            8.624168046367231e-9,
            2.030266301744632e-7,
            0.9999997615814209
          ]
        },
        {
          "action_values_bb": [
            0.0,
            -0.7789841890335083,
            -0.5641765594482422,
            -0.5344530940055847
          ],
          "candidate_probabilities": [
            0.9999903440475464,
            7.388797484964016e-7,
            7.046716291370103e-6,
            1.8763720390779781e-6
          ],
          "class_index": 26,
          "conditional_hand_mass": 0.0030165911925363843,
          "expected_action_loss_bb": 5.554000636139607e-6,
          "hand": "42s",
          "probability_on_actions_losing_over_0_1bb": 9.661968078944483e-6,
          "reference_expected_action_loss_bb": 4.263930172207909e-8,
          "reference_probabilities": [
            1.0,
            5.9820353115469516e-9,
            5.605676633990697e-8,
            1.188781073580003e-8
          ]
        },
        {
          "action_values_bb": [
            0.0,
            -0.6861492395401001,
            -0.4168635606765747,
            -0.41541874408721924
          ],
          "candidate_probabilities": [
            0.9999859929084778,
            7.388796916529827e-7,
            0.000010427524102851748,
            2.8059505439159693e-6
          ],
          "class_index": 27,
          "conditional_hand_mass": 0.0030165911925363843,
          "expected_action_loss_bb": 6.0194810160193245e-6,
          "hand": "43s",
          "probability_on_actions_losing_over_0_1bb": 0.0000139723543384207,
          "reference_expected_action_loss_bb": 4.993735945965231e-8,
          "reference_probabilities": [
            0.9999998807907104,
            5.9820353115469516e-9,
            8.69747154297329e-8,
            2.3051923037087363e-8
          ]
        },
        {
          "action_values_bb": [
            0.0,
            -0.29954829812049866,
            0.25545310974121094,
            0.42078104615211487
          ],
          "candidate_probabilities": [
            7.388798621832393e-7,
            7.388798621832393e-7,
            0.000017346286767860875,
            0.999981164932251
          ],
          "class_index": 28,
          "conditional_hand_mass": 0.0045248869052198935,
          "expected_action_loss_bb": 3.7109692837350927e-6,
          "hand": "44",
          "probability_on_actions_losing_over_0_1bb": 0.000018824046492227353,
          "reference_expected_action_loss_bb": 3.115709844309746e-8,
          "reference_probabilities": [
            5.982034867457742e-9,
            5.982034867457742e-9,
            1.4716772511746967e-7,
            0.9999998211860657
          ]
        },
        {
          "action_values_bb": [
            0.0,
            -0.7411920428276062,
            -0.49841779470443726,
            -0.504707932472229
          ],
          "candidate_probabilities": [
            0.9999898672103882,
            7.388799190266582e-7,
            7.149957127694506e-6,
            2.2504214030050207e-6
          ],
          "class_index": 29,
          "conditional_hand_mass": 0.009049773810439787,
          "expected_action_loss_bb": 5.24712331390635e-6,
          "hand": "54o",
          "probability_on_actions_losing_over_0_1bb": 0.000010139258449726185,
          "reference_expected_action_loss_bb": 4.2609868453517276e-8,
          "reference_probabilities": [
            0.9999999403953552,
            5.982033979279322e-9,
            5.794577617734831e-8,
            1.841624808207598e-8
          ]
        },
        {
          "action_values_bb": [
            0.0,
            -0.7608160972595215,
            -0.5268356204032898,
            -0.5380986332893372
          ],
          "candidate_probabilities": [
            0.9999902844429016,
            7.38879975870077e-7,
            7.0563596636930015e-6,
            1.936185753947939e-6
          ],
          "class_index": 30,
          "conditional_hand_mass": 0.009049773810439787,
          "expected_action_loss_bb": 5.321552308788804e-6,
          "hand": "64o",
          "probability_on_actions_losing_over_0_1bb": 9.731425393511017e-6,
          "reference_expected_action_loss_bb": 4.3970353897620137e-8,
          "reference_probabilities": [
            0.9999999403953552,
            5.982033979279322e-9,
            5.751177667434604e-8,
            1.6948330738841832e-8
          ]
        },
        {
          "action_values_bb": [
            0.0,
            -0.8026443719863892,
            -0.5825157165527344,
            -0.5707159638404846
          ],
          "candidate_probabilities": [
            0.9999902844429016,
            7.38879975870077e-7,
            7.064432793413289e-6,
            1.9740243715204997e-6
          ],
          "class_index": 31,
          "conditional_hand_mass": 0.009049773810439787,
          "expected_action_loss_bb": 5.834808206736262e-6,
          "hand": "74o",
          "probability_on_actions_losing_over_0_1bb": 9.777337140803866e-6,
          "reference_expected_action_loss_bb": 4.675446419333184e-8,
          "reference_probabilities": [
            0.9999999403953552,
            5.982033979279322e-9,
            5.699883232068714e-8,
            1.5332149772007142e-8
          ]
        },
        {
          "action_values_bb": [
            0.0,
            -0.7601475715637207,
            -0.5155153870582581,
            -0.54637211561203
          ],
          "candidate_probabilities": [
            0.9999881982803345,
            7.388799190266582e-7,
            8.433943548880052e-6,
            2.664205112523632e-6
          ],
          "class_index": 32,
          "conditional_hand_mass": 0.009049773810439787,
          "expected_action_loss_bb": 6.365132832907635e-6,
          "hand": "84o",
          "probability_on_actions_losing_over_0_1bb": 0.000011837028580430342,
          "reference_expected_action_loss_bb": 5.0211164316350724e-8,
          "reference_probabilities": [
            0.9999999403953552,
            5.982034423368532e-9,
            6.605343116916629e-8,
            2.1253601545367928e-8
          ]
        },
        {
          "action_values_bb": [
            0.0,
            -0.800282895565033,
            -0.5673227310180664,
            -0.5702110528945923
          ],
          "candidate_probabilities": [
            0.9999885559082031,
            7.388799190266582e-7,
            7.940558134578168e-6,
            2.771510253296583e-6
          ],
          "class_index": 33,
          "conditional_hand_mass": 0.009049773810439787,
          "expected_action_loss_bb": 6.676517867430523e-6,
          "hand": "94o",
          "probability_on_actions_losing_over_0_1bb": 0.00001145094830690141,
          "reference_expected_action_loss_bb": 5.028448562119399e-8,
          "reference_probabilities": [
            0.9999999403953552,
            5.982033979279322e-9,
            5.8700283744883563e-8,
            2.1387100090919375e-8
          ]
        },
        {
          "action_values_bb": [
            0.0,
            -0.7532658576965332,
            -0.47639307379722595,
            -0.48440641164779663
          ],
          "candidate_probabilities": [
            0.9999807476997375,
            7.388799190266582e-7,
            0.000014296462722995784,
            4.301956778363092e-6
          ],
          "class_index": 34,
          "conditional_hand_mass": 0.009049773810439787,
          "expected_action_loss_bb": 9.451204283046562e-6,
          "hand": "T4o",
          "probability_on_actions_losing_over_0_1bb": 0.000019337299420385534,
          "reference_expected_action_loss_bb": 6.709158209058734e-8,
          "reference_probabilities": [
            0.9999999403953552,
            5.9820353115469516e-9,
            9.90685720125839e-8,
            3.1770714059575766e-8
          ]
        },
        {
          "action_values_bb": [
            0.0,
            -0.5618338584899902,
            -0.3718675374984741,
            -0.3859679698944092
          ],
          "candidate_probabilities": [
            0.9999755620956421,
            3.4003280688921222e-6,
            0.000015719830116722733,
            5.340696134226164e-6
          ],
          "class_index": 35,
          "conditional_hand_mass": 0.009049773810439787,
          "expected_action_loss_bb": 9.817451599227704e-6,
          "hand": "J4o",
          "probability_on_actions_losing_over_0_1bb": 0.00002446085431984102,
          "reference_expected_action_loss_bb": 7.862488261712091e-8,
          "reference_probabilities": [
            0.9999997615814209,
            2.846476832019107e-8,
            1.2415539174526202e-7,
            4.2653933718383996e-8
          ]
        },
        {
          "action_values_bb": [
            0.0,
            -0.4451385736465454,
            -0.27476927638053894,
            -0.26268482208251953
          ],
          "candidate_probabilities": [
            0.999968945980072,
            4.7566500143148005e-6,
            0.000018643808289198205,
            7.613273737661075e-6
          ],
          "class_index": 36,
          "conditional_hand_mass": 0.009049773810439787,
          "expected_action_loss_bb": 9.240005572551412e-6,
          "hand": "Q4o",
          "probability_on_actions_losing_over_0_1bb": 0.00003101373204117408,
          "reference_expected_action_loss_bb": 7.668364680618247e-8,
          "reference_probabilities": [
            0.9999997615814209,
            3.665613235170895e-8,
            1.5996589297628816e-7,
            6.248124861940596e-8
          ]
        },
        {
          "action_values_bb": [
            0.0,
            -0.22902101278305054,
            -0.060897789895534515,
            -0.05280804634094238
          ],
          "candidate_probabilities": [
            0.9997887015342712,
            2.8359427233226597e-6,
            0.00014638836728408933,
            0.00006201428914209828
          ],
          "class_index": 37,
          "conditional_hand_mass": 0.009049773810439787,
          "expected_action_loss_bb": 0.000012839071963523414,
          "hand": "K4o",
          "probability_on_actions_losing_over_0_1bb": 2.8359427233226597e-6,
          "reference_expected_action_loss_bb": 7.871510366299093e-8,
          "reference_probabilities": [
            0.9999987483024597,
            2.5779932855130028e-8,
            9.338683639725787e-7,
            3.0185623245415627e-7
          ]
        },
        {
          "action_values_bb": [
            0.0,
            -0.1852036714553833,
            0.11854187399148941,
            0.23580780625343323
          ],
          "candidate_probabilities": [
            7.38879975870077e-7,
            7.38879975870077e-7,
            0.00003468524300842546,
            0.9999638795852661
          ],
          "class_index": 38,
          "conditional_hand_mass": 0.009049773810439787,
          "expected_action_loss_bb": 4.552707973800109e-6,
          "hand": "A4o",
          "probability_on_actions_losing_over_0_1bb": 0.00003616300296016561,
          "reference_expected_action_loss_bb": 2.8231474338846156e-8,
          "reference_probabilities": [
            5.982034867457742e-9,
            1.1011833223051326e-8,
            1.8918329658390576e-7,
            0.9999997615814209
          ]
        },
        {
          "action_values_bb": [
            0.0,
            -0.7265744209289551,
            -0.4801807701587677,
            -0.4760591983795166
          ],
          "candidate_probabilities": [
            0.9999904036521912,
            7.388797484964016e-7,
            7.024978458503028e-6,
            1.8292031427336042e-6
          ],
          "class_index": 39,
          "conditional_hand_mass": 0.0030165911925363843,
          "expected_action_loss_bb": 4.780919673755694e-6,
          "hand": "52s",
          "probability_on_actions_losing_over_0_1bb": 9.593061349733034e-6,
          "reference_expected_action_loss_bb": 4.101627697529255e-8,
          "reference_probabilities": [
            1.0,
            5.9820353115469516e-9,
            5.805238956213543e-8,
            1.847300090673798e-8
          ]
        },
        {
          "action_values_bb": [
            0.0,
            -0.6877977252006531,
            -0.4106694459915161,
            -0.39647865295410156
          ],
          "candidate_probabilities": [
            0.999983012676239,
            7.388796916529827e-7,
            0.000012862050425610505,
            3.3290816645603627e-6
          ],
          "class_index": 40,
          "conditional_hand_mass": 0.0030165911925363843,
          "expected_action_loss_bb": 7.1101607076553824e-6,
          "hand": "53s",
          "probability_on_actions_losing_over_0_1bb": 0.00001693001178182385,
          "reference_expected_action_loss_bb": 5.2745130315584473e-8,
          "reference_probabilities": [
            0.9999998807907104,
            5.9820353115469516e-9,
            9.36769168902174e-8,
            2.5626732735872793e-8
          ]
        },
        {
          "action_values_bb": [
            0.0,
            -0.6196315288543701,
            -0.30539411306381226,
            -0.29727810621261597
          ],
          "candidate_probabilities": [
            0.9999793767929077,
            7.388798621832393e-7,
            0.000015711073501734063,
            4.184095359960338e-6
          ],
          "class_index": 41,
          "conditional_hand_mass": 0.0030165911925363843,
          "expected_action_loss_bb": 6.499742560808747e-6,
          "hand": "54s",
          "probability_on_actions_losing_over_0_1bb": 0.00002063404872387764,
          "reference_expected_action_loss_bb": 5.436582058433728e-8,
          "reference_probabilities": [
            0.9999998807907104,
            5.982036199725371e-9,
            1.321542697496625e-7,
            3.4647779756369346e-8
          ]
        },
        {
          "action_values_bb": [
            0.0,
            -0.18424539268016815,
            0.4318512976169586,
            0.6000574231147766
          ],
          "candidate_probabilities": [
            7.388798621832393e-7,
            7.388798621832393e-7,
            0.000013310900612850673,
            0.9999852180480957
          ],
          "class_index": 42,
          "conditional_hand_mass": 0.0045248869052198935,
          "expected_action_loss_bb": 3.261850921511714e-6,
          "hand": "55",
          "probability_on_actions_losing_over_0_1bb": 0.000014788660337217152,
          "reference_expected_action_loss_bb": 3.3345421677605814e-8,
          "reference_probabilities": [
            5.982034867457742e-9,
            5.982034867457742e-9,
            1.4900842870702036e-7,
            0.9999998211860657
          ]
        },
        {
          "action_values_bb": [
            0.0,
            -0.7178162336349487,
            -0.449756920337677,
            -0.45039504766464233
          ],
          "candidate_probabilities": [
            0.9999856948852539,
            7.388796916529827e-7,
            0.000010485399798199069,
            3.0289802452898584e-6
          ],
          "class_index": 43,
          "conditional_hand_mass": 0.009049773810439787,
          "expected_action_loss_bb": 6.610498661071595e-6,
          "hand": "65o",
          "probability_on_actions_losing_over_0_1bb": 0.00001425325973514191,
          "reference_expected_action_loss_bb": 5.398442035545161e-8,
          "reference_probabilities": [
            0.9999999403953552,
            5.982034423368532e-9,
            8.575485566097996e-8,
            2.4692942801607387e-8
          ]
        },
        {
          "action_values_bb": [
            0.0,
            -0.7470453977584839,
            -0.4854958653450012,
            -0.46765464544296265
          ],
          "candidate_probabilities": [
            0.99998939037323,
            7.388798053398205e-7,
            7.2620168793946505e-6,
            2.6771747343445895e-6
          ],
          "class_index": 44,
          "conditional_hand_mass": 0.009049773810439787,
          "expected_action_loss_bb": 5.329649128266285e-6,
          "hand": "75o",
          "probability_on_actions_losing_over_0_1bb": 0.00001067807141907906,
          "reference_expected_action_loss_bb": 5.249761517560894e-8,
          "reference_probabilities": [
            0.9999999403953552,
            5.982034423368532e-9,
            7.57501865678023e-8,
            2.40612632040893e-8
          ]
        },
        {
          "action_values_bb": [
            0.0,
            -0.7260902523994446,
            -0.4515611231327057,
            -0.4639742970466614
          ],
          "candidate_probabilities": [
            0.999984622001648,
            7.388800895569148e-7,
            0.000011334340342727955,
            3.392670123503194e-6
          ],
          "class_index": 45,
          "conditional_hand_mass": 0.009049773810439787,
          "expected_action_loss_bb": 7.228752821513481e-6,
          "hand": "85o",
          "probability_on_actions_losing_over_0_1bb": 0.000015465890555788064,
          "reference_expected_action_loss_bb": 6.121368907597268e-8,
          "reference_probabilities": [
            0.9999999403953552,
            5.982034867457742e-9,
            9.686890223292721e-8,
            2.8294588005906007e-8
          ]
        },
        {
          "action_values_bb": [
            0.0,
            -0.711784839630127,
            -0.42740580439567566,
            -0.4481409788131714
          ],
          "candidate_probabilities": [
            0.9999812245368958,
            7.388799190266582e-7,
            0.00001402117504767375,
            4.046539743285393e-6
          ],
          "class_index": 46,
          "conditional_hand_mass": 0.009049773810439787,
          "expected_action_loss_bb": 8.332075405856202e-6,
          "hand": "95o",
          "probability_on_actions_losing_over_0_1bb": 0.000018806594709985802,
          "reference_expected_action_loss_bb": 6.627806642740325e-8,
          "reference_probabilities": [
            0.9999999403953552,
            5.9820353115469516e-9,
            1.1103571040393945e-7,
            3.249610713851325e-8
          ]
        },
        {
          "action_values_bb": [
            0.0,
            -0.6434371471405029,
            -0.3939460515975952,
            -0.42921769618988037
          ],
          "candidate_probabilities": [
            0.9999775886535645,
            8.582794635003665e-7,
            0.000016621364920865744,
            4.916363195661688e-6
          ],
          "class_index": 47,
          "conditional_hand_mass": 0.009049773810439787,
          "expected_action_loss_bb": 9.21036005665642e-6,
          "hand": "T5o",
          "probability_on_actions_losing_over_0_1bb": 0.0000223960075800278,
          "reference_expected_action_loss_bb": 7.033446140553709e-8,
          "reference_probabilities": [
            0.9999998211860657,
            9.153283464513606e-9,
            1.2265981297332473e-7,
            3.75649698014513e-8
          ]
        },
        {
          "action_values_bb": [
            0.0,
            -0.49941903352737427,
            -0.3182255029678345,
            -0.3331490159034729
          ],
          "candidate_probabilities": [
            0.9999743700027466,
            3.432620587773272e-6,
            0.000016255387890851125,
            5.8517803154245485e-6
          ],
          "class_index": 48,
          "conditional_hand_mass": 0.009049773810439787,
          "expected_action_loss_bb": 8.836709897282243e-6,
          "hand": "J5o",
          "probability_on_actions_losing_over_0_1bb": 0.000025539788794048945,
          "reference_expected_action_loss_bb": 7.173154670925983e-8,
          "reference_probabilities": [
            0.9999997615814209,
            2.9931509715197535e-8,
            1.312730404379181e-7,
            4.50511663530051e-8
          ]
        },
        {
          "action_values_bb": [
            0.0,
            -0.33283770084381104,
            -0.17412588000297546,
            -0.17691272497177124
          ],
          "candidate_probabilities": [
            0.9999464750289917,
            3.6075675780011807e-6,
            0.00004017867468064651,
            9.727114957058802e-6
          ],
          "class_index": 49,
          "conditional_hand_mass": 0.009049773810439787,
          "expected_action_loss_bb": 9.917731997588378e-6,
          "hand": "Q5o",
          "probability_on_actions_losing_over_0_1bb": 0.00005351335721570649,
          "reference_expected_action_loss_bb": 7.218410211723704e-8,
          "reference_probabilities": [
            0.9999995827674866,
            3.05616509876927e-8,
            2.77833095196911e-7,
            7.706681515173841e-8
          ]
        },
        {
          "action_values_bb": [
            0.0,
            -0.2041441649198532,
            -0.03185616433620453,
            -0.0009960830211639404
          ],
          "candidate_probabilities": [
            0.9997525811195374,
            4.409138909977628e-6,
            0.000028800433938158676,
            0.00021427636966109276
          ],
          "class_index": 50,
          "conditional_hand_mass": 0.009049773810439787,
          "expected_action_loss_bb": 2.0310083909370622e-6,
          "hand": "K5o",
          "probability_on_actions_losing_over_0_1bb": 4.409138909977628e-6,
          "reference_expected_action_loss_bb": 2.030402073112509e-6,
          "reference_probabilities": [
            0.9979963302612305,
            2.5524032665202867e-8,
            9.530310194350022e-7,
            0.0020026760175824165
          ]
        },
        {
          "action_values_bb": [
            0.0,
            -0.34468725323677063,
            0.18285684287548065,
            0.31922659277915955
          ],
          "candidate_probabilities": [
            7.388799190266582e-7,
            1.394687842548592e-6,
            0.00001495477044954896,
            0.9999828934669495
          ],
          "class_index": 51,
          "conditional_hand_mass": 0.009049773810439787,
          "expected_action_loss_bb": 3.2012009946338364e-6,
          "hand": "A5o",
          "probability_on_actions_losing_over_0_1bb": 0.00001708833821112421,
          "reference_expected_action_loss_bb": 2.5532433358526933e-8,
          "reference_probabilities": [
            5.982034867457742e-9,
            5.982034867457742e-9,
            1.441027279724949e-7,
            0.9999998211860657
          ]
        },
        {
          "action_values_bb": [
            0.0,
            -0.8047075867652893,
            -0.5900248885154724,
            -0.5560334324836731
          ],
          "candidate_probabilities": [
            0.9999904632568359,
            7.388798053398205e-7,
            7.0199712354224175e-6,
            1.8083050008499413e-6
          ],
          "class_index": 52,
          "conditional_hand_mass": 0.0030165911925363843,
          "expected_action_loss_bb": 5.742017967226533e-6,
          "hand": "62s",
          "probability_on_actions_losing_over_0_1bb": 9.56715604161218e-6,
          "reference_expected_action_loss_bb": 4.492873336924742e-8,
          "reference_probabilities": [
            1.0,
            5.9820353115469516e-9,
            5.619487453145666e-8,
            1.2514660419071788e-8
          ]
        },
        {
          "action_values_bb": [
            0.0,
            -0.7026063203811646,
            -0.4291668236255646,
            -0.42454761266708374
          ],
          "candidate_probabilities": [
            0.9999803900718689,
            7.388796916529827e-7,
            0.0000151893818838289,
            3.6328112855699146e-6
          ],
          "class_index": 53,
          "conditional_hand_mass": 0.0030165911925363843,
          "expected_action_loss_bb": 8.580221675833962e-6,
          "hand": "63s",
          "probability_on_actions_losing_over_0_1bb": 0.000019561072861051798,
          "reference_expected_action_loss_bb": 5.1586493945818043e-8,
          "reference_probabilities": [
            0.9999998807907104,
            5.9820353115469516e-9,
            8.629756820255352e-8,
            2.4372825535579068e-8
          ]
        },
        {
          "action_values_bb": [
            0.0,
            -0.6656518578529358,
            -0.3710152804851532,
            -0.344773530960083
          ],
          "candidate_probabilities": [
            0.9999814629554749,
            7.388797484964016e-7,
            0.000013909836525272112,
            3.872597972076619e-6
          ],
          "class_index": 54,
          "conditional_hand_mass": 0.0030165911925363843,
          "expected_action_loss_bb": 6.987767854064714e-6,
          "hand": "64s",
          "probability_on_actions_losing_over_0_1bb": 0.000018521314245845133,
          "reference_expected_action_loss_bb": 5.652911618237261e-8,
          "reference_probabilities": [
            0.9999998807907104,
            5.982036199725371e-9,
            1.1245311526408841e-7,
            3.139840387689219e-8
          ]
        },
        {
          "action_values_bb": [
            0.0,
            -0.6094063520431519,
            -0.2763010561466217,
            -0.24835726618766785
          ],
          "candidate_probabilities": [
            0.9999680519104004,
            7.388798053398205e-7,
            0.00002593618592072744,
            5.2818631957052276e-6
          ],
          "class_index": 55,
          "conditional_hand_mass": 0.0030165911925363843,
          "expected_action_loss_bb": 8.928262712745235e-6,
          "hand": "65s",
          "probability_on_actions_losing_over_0_1bb": 0.00003195692892177249,
          "reference_expected_action_loss_bb": 5.278320291592573e-8,
          "reference_probabilities": [
            0.9999998807907104,
            5.982036199725371e-9,
            1.4209319942892762e-7,
            3.977017115630588e-8
          ]
        },
        {
          "action_values_bb": [
            0.0,
            -0.09329968690872192,
            0.5807717442512512,
            0.7602216601371765
          ],
          "candidate_probabilities": [
            7.388798621832393e-7,
            7.388798621832393e-7,
            0.00001233047169080237,
            0.9999861717224121
          ],
          "class_index": 56,
          "conditional_hand_mass": 0.0045248869052198935,
          "expected_action_loss_bb": 3.4050643184948648e-6,
          "hand": "66",
          "probability_on_actions_losing_over_0_1bb": 0.000013808231415168848,
          "reference_expected_action_loss_bb": 2.8833545316472972e-8,
          "reference_probabilities": [
            5.982034423368532e-9,
            5.982034423368532e-9,
            1.0688263074598581e-7,
            0.9999998211860657
          ]
        },
        {
          "action_values_bb": [
            0.0,
            -0.6629216074943542,
            -0.357455849647522,
            -0.35407334566116333
          ],
          "candidate_probabilities": [
            0.99997878074646,
            7.388798621832393e-7,
            0.00001614319990039803,
            4.416580850374885e-6
          ],
          "class_index": 57,
          "conditional_hand_mass": 0.009049773810439787,
          "expected_action_loss_bb": 7.824094220485551e-6,
          "hand": "76o",
          "probability_on_actions_losing_over_0_1bb": 0.000021298660612956155,
          "reference_expected_action_loss_bb": 6.023915611593583e-8,
          "reference_probabilities": [
            0.9999998211860657,
            5.982034867457742e-9,
            1.2322705345013674e-7,
            3.452760566347024e-8
          ]
        },
        {
          "action_values_bb": [
            0.0,
            -0.6620475649833679,
            -0.3489552438259125,
            -0.3587334156036377
          ],
          "candidate_probabilities": [
            0.999978244304657,
            7.388799190266582e-7,
            0.000016351639715139754,
            4.655037173506571e-6
          ],
          "class_index": 58,
          "conditional_hand_mass": 0.009049773810439787,
          "expected_action_loss_bb": 7.86508145997069e-6,
          "hand": "86o",
          "probability_on_actions_losing_over_0_1bb": 0.000021745556807672983,
          "reference_expected_action_loss_bb": 6.230529223805342e-8,
          "reference_probabilities": [
            0.9999998211860657,
            5.9820353115469516e-9,
            1.2898873080757767e-7,
            3.7168565114598096e-8
          ]
        },
        {
          "action_values_bb": [
            0.0,
            -0.5991902351379395,
            -0.3504778742790222,
            -0.35771751403808594
          ],
          "candidate_probabilities": [
            0.9999767541885376,
            1.4184851124809938e-6,
            0.000016749268979765475,
            5.051800599176204e-6
          ],
          "class_index": 59,
          "conditional_hand_mass": 0.009049773810439787,
          "expected_action_loss_bb": 8.527308167596349e-6,
          "hand": "96o",
          "probability_on_actions_losing_over_0_1bb": 0.000023219554691422672,
          "reference_expected_action_loss_bb": 6.628072702300136e-8,
          "reference_probabilities": [
            0.9999997615814209,
            8.989842648077229e-9,
            1.3265778875393153e-7,
            4.0256573186070455e-8
          ]
        },
        {
          "action_values_bb": [
            0.0,
            -0.5268987417221069,
            -0.33809036016464233,
            -0.3431687355041504
          ],
          "candidate_probabilities": [
            0.99997478723526,
            2.657705408637412e-6,
            0.000017053806004696526,
            5.501482519321144e-6
          ],
          "class_index": 60,
          "conditional_hand_mass": 0.009049773810439787,
          "expected_action_loss_bb": 9.054005849538503e-6,
          "hand": "T6o",
          "probability_on_actions_losing_over_0_1bb": 0.00002521299393265508,
          "reference_expected_action_loss_bb": 7.25293827468694e-8,
          "reference_probabilities": [
            0.9999997615814209,
            2.6797749796969583e-8,
            1.286777546738449e-7,
            4.343336712508972e-8
          ]
        },
        {
          "action_values_bb": [
            0.0,
            -0.4819764792919159,
            -0.2998238801956177,
            -0.3003678321838379
          ],
          "candidate_probabilities": [
            0.9999655485153198,
            3.16601358463231e-6,
            0.000024556056814617477,
            6.70796680424246e-6
          ],
          "class_index": 61,
          "conditional_hand_mass": 0.009049773810439787,
          "expected_action_loss_bb": 0.000010903293764725565,
          "hand": "J6o",
          "probability_on_actions_losing_over_0_1bb": 0.00003443003720349225,
          "reference_expected_action_loss_bb": 7.116936556545611e-8,
          "reference_probabilities": [
            0.9999997615814209,
            3.354222855023181e-8,
            1.3326517489531398e-7,
            5.009430736890863e-8
          ]
        },
        {
          "action_values_bb": [
            0.0,
            -0.30421897768974304,
            -0.1456504613161087,
            -0.13040034472942352
          ],
          "candidate_probabilities": [
            0.9999512434005737,
            4.201528099656571e-6,
            0.00003341303818160668,
            0.000011073144378315192
          ],
          "class_index": 62,
          "conditional_hand_mass": 0.009049773810439787,
          "expected_action_loss_bb": 7.588750852506997e-6,
          "hand": "Q6o",
          "probability_on_actions_losing_over_0_1bb": 0.00004868771065957844,
          "reference_expected_action_loss_bb": 7.313728663103407e-8,
          "reference_probabilities": [
            0.9999995827674866,
            3.345834542756165e-8,
            3.529009973135544e-7,
            8.863803202530107e-8
          ]
        },
        {
          "action_values_bb": [
            0.0,
            -0.17928525805473328,
            0.03219173848628998,
            0.06844259798526764
          ],
          "candidate_probabilities": [
            7.388798621832393e-7,
            2.1034079509263393e-6,
            0.00008496920054312795,
            0.9999122023582458
          ],
          "class_index": 63,
          "conditional_hand_mass": 0.009049773810439787,
          "expected_action_loss_bb": 3.6518501500566787e-6,
          "hand": "K6o",
          "probability_on_actions_losing_over_0_1bb": 2.1034079509263393e-6,
          "reference_expected_action_loss_bb": 4.857620855498609e-8,
          "reference_probabilities": [
            5.982043749241939e-9,
            1.7257510975809964e-8,
            1.210774485116417e-6,
            0.9999987483024597
          ]
        },
        {
          "action_values_bb": [
            0.0,
            -0.33232951164245605,
            0.2023157924413681,
            0.3391668200492859
          ],
          "candidate_probabilities": [
            7.388799190266582e-7,
            7.388799190266582e-7,
            0.000023507807782152668,
            0.9999749660491943
          ],
          "class_index": 64,
          "conditional_hand_mass": 0.009049773810439787,
          "expected_action_loss_bb": 3.963826359518637e-6,
          "hand": "A6o",
          "probability_on_actions_losing_over_0_1bb": 0.000024985567620205984,
          "reference_expected_action_loss_bb": 2.6514885047539965e-8,
          "reference_probabilities": [
            5.982034867457742e-9,
            5.982034867457742e-9,
            1.4957186067476869e-7,
            0.9999998211860657
          ]
        },
        {
          "action_values_bb": [
            0.0,
            -0.7889707088470459,
            -0.5621793270111084,
            -0.5459786653518677
          ],
          "candidate_probabilities": [
            0.9999905228614807,
            7.388797484964016e-7,
            6.994524028414162e-6,
            1.7366535303153796e-6
          ],
          "class_index": 65,
          "conditional_hand_mass": 0.0030165911925363843,
          "expected_action_loss_bb": 5.4633070666410335e-6,
          "hand": "72s",
          "probability_on_actions_losing_over_0_1bb": 9.470057307225943e-6,
          "reference_expected_action_loss_bb": 4.517414800855825e-8,
          "reference_probabilities": [
            1.0,
            5.9820353115469516e-9,
            5.702480976310653e-8,
            1.5378491369233416e-8
          ]
        },
        {
          "action_values_bb": [
            0.0,
            -0.6992249488830566,
            -0.42189082503318787,
            -0.42584747076034546
          ],
          "candidate_probabilities": [
            0.9999815821647644,
            7.388798053398205e-7,
            0.000014108532923273742,
            3.59873865818372e-6
          ],
          "class_index": 66,
          "conditional_hand_mass": 0.0030165911925363843,
          "expected_action_loss_bb": 8.001417544642328e-6,
          "hand": "73s",
          "probability_on_actions_losing_over_0_1bb": 0.000018446151386797283,
          "reference_expected_action_loss_bb": 5.549906810919636e-8,
          "reference_probabilities": [
            0.9999998807907104,
            5.9820353115469516e-9,
            9.503033027158381e-8,
            2.6356515192560437e-8
          ]
        },
        {
          "action_values_bb": [
            0.0,
            -0.6991556882858276,
            -0.4145474433898926,
            -0.3713998794555664
          ],
          "candidate_probabilities": [
            0.9999818205833435,
            7.388798053398205e-7,
            0.000013540343388740439,
            3.903205197275383e-6
          ],
          "class_index": 67,
          "conditional_hand_mass": 0.0030165911925363843,
          "expected_action_loss_bb": 7.5793566930448616e-6,
          "hand": "74s",
          "probability_on_actions_losing_over_0_1bb": 0.000018182428391355643,
          "reference_expected_action_loss_bb": 5.7606305313823895e-8,
          "reference_probabilities": [
            0.9999998807907104,
            5.9820353115469516e-9,
            1.0171923037205488e-7,
            3.030826078997961e-8
          ]
        },
        {
          "action_values_bb": [
            0.0,
            -0.641559362411499,
            -0.3185536861419678,
            -0.27260035276412964
          ],
          "candidate_probabilities": [
            0.9999812841415405,
            7.388798053398205e-7,
            0.000013613445844384842,
            4.316031208873028e-6
          ],
          "class_index": 68,
          "conditional_hand_mass": 0.0030165911925363843,
          "expected_action_loss_bb": 5.987200241715172e-6,
          "hand": "75s",
          "probability_on_actions_losing_over_0_1bb": 0.00001866835685859769,
          "reference_expected_action_loss_bb": 5.6542020062861674e-8,
          "reference_probabilities": [
            0.9999998807907104,
            5.982036199725371e-9,
            1.3210014060405229e-7,
            3.896987621487824e-8
          ]
        },
        {
          "action_values_bb": [
            0.0,
            -0.5631964206695557,
            -0.19763289391994476,
            -0.1638379842042923
          ],
          "candidate_probabilities": [
            0.9999712109565735,
            7.388797484964016e-7,
            0.00002198908077843953,
            6.092252533562714e-6
          ],
          "class_index": 69,
          "conditional_hand_mass": 0.0030165911925363843,
          "expected_action_loss_bb": 5.7600424729032385e-6,
          "hand": "76s",
          "probability_on_actions_losing_over_0_1bb": 0.000028820213060498645,
          "reference_expected_action_loss_bb": 5.680523295095548e-8,
          "reference_probabilities": [
            0.9999997615814209,
            5.982036199725371e-9,
            2.2747578043436079e-7,
            5.175524364631201e-8
          ]
        },
        {
          "action_values_bb": [
            0.0,
            -0.039991334080696106,
            0.6740329265594482,
            0.8902177214622498
          ],
          "candidate_probabilities": [
            7.388800895569148e-7,
            7.388800895569148e-7,
            0.000010888356882787775,
            0.9999876022338867
          ],
          "class_index": 70,
          "conditional_hand_mass": 0.0045248869052198935,
          "expected_action_loss_bb": 3.698974299559387e-6,
          "hand": "77",
          "probability_on_actions_losing_over_0_1bb": 0.000012366117061901605,
          "reference_expected_action_loss_bb": 3.084912203830212e-8,
          "reference_probabilities": [
            5.982034423368532e-9,
            5.982034423368532e-9,
            9.232502407030552e-8,
            0.9999999403953552
          ]
        },
        {
          "action_values_bb": [
            0.0,
            -0.5301066637039185,
            -0.2957133948802948,
            -0.27659106254577637
          ],
          "candidate_probabilities": [
            0.9999755620956421,
            1.3538768826037995e-6,
            0.00001771495954017155,
            5.385155873227632e-6
          ],
          "class_index": 71,
          "conditional_hand_mass": 0.009049773810439787,
          "expected_action_loss_bb": 7.445735968044815e-6,
          "hand": "87o",
          "probability_on_actions_losing_over_0_1bb": 0.00002445399229600298,
          "reference_expected_action_loss_bb": 5.944860808865931e-8,
          "reference_probabilities": [
            0.9999997615814209,
            1.0724264143391338e-8,
            1.4130974079762382e-7,
            4.330010128228423e-8
          ]
        },
        {
          "action_values_bb": [
            0.0,
            -0.48578065633773804,
            -0.3039810061454773,
            -0.2820149064064026
          ],
          "candidate_probabilities": [
            0.9999749660491943,
            2.9777083909721114e-6,
            0.000016532860172446817,
            5.477921149577014e-6
          ],
          "class_index": 72,
          "conditional_hand_mass": 0.009049773810439787,
          "expected_action_loss_bb": 8.01704402653131e-6,
          "hand": "97o",
          "probability_on_actions_losing_over_0_1bb": 0.000024988489712995943,
          "reference_expected_action_loss_bb": 6.453662021595639e-8,
          "reference_probabilities": [
            0.9999997615814209,
            2.288565781327634e-8,
            1.3453525582463044e-7,
            4.4405624066712335e-8
          ]
        },
        {
          "action_values_bb": [
            0.0,
            -0.44315311312675476,
            -0.26582375168800354,
            -0.24912112951278687
          ],
          "candidate_probabilities": [
            0.9999746680259705,
            4.669358986575389e-6,
            0.000013907322681916412,
            6.7826322265318595e-6
          ],
          "class_index": 73,
          "conditional_hand_mass": 0.009049773810439787,
          "expected_action_loss_bb": 7.4558346637934055e-6,
          "hand": "T7o",
          "probability_on_actions_losing_over_0_1bb": 0.00002535931389502366,
          "reference_expected_action_loss_bb": 6.937050211474857e-8,
          "reference_probabilities": [
            0.9999997615814209,
            3.152853977894665e-8,
            1.5768358707646257e-7,
            5.412021408801593e-8
          ]
        },
        {
          "action_values_bb": [
            0.0,
            -0.39846891164779663,
            -0.22905749082565308,
            -0.20651158690452576
          ],
          "candidate_probabilities": [
            0.999956488609314,
            4.267214990250068e-6,
            0.00003060572998947464,
            8.627507668279577e-6
          ],
          "class_index": 74,
          "conditional_hand_mass": 0.009049773810439787,
          "expected_action_loss_bb": 0.00001049250452881599,
          "hand": "J7o",
          "probability_on_actions_losing_over_0_1bb": 0.000043500452648004284,
          "reference_expected_action_loss_bb": 7.536492660082671e-8,
          "reference_probabilities": [
            0.9999997019767761,
            3.785845592574333e-8,
            2.0242556786342902e-7,
            6.736869551104974e-8
          ]
        },
        {
          "action_values_bb": [
            0.0,
            -0.3078506290912628,
            -0.14936840534210205,
            -0.11352020502090454
          ],
          "candidate_probabilities": [
            0.9999505281448364,
            5.238611265667714e-6,
            0.000031891260732663795,
            0.000012284730473766103
          ],
          "class_index": 75,
          "conditional_hand_mass": 0.009049773810439787,
          "expected_action_loss_bb": 7.770821655696052e-6,
          "hand": "Q7o",
          "probability_on_actions_losing_over_0_1bb": 0.00004941460247209761,
          "reference_expected_action_loss_bb": 6.586067963464257e-8,
          "reference_probabilities": [
            0.9999997019767761,
            3.949471860664744e-8,
            2.7362372634343046e-7,
            1.1303244207283569e-7
          ]
        },
        {
          "action_values_bb": [
            0.0,
            -0.14219292998313904,
            0.05000942945480347,
            0.10765789449214935
          ],
          "candidate_probabilities": [
            7.388799190266582e-7,
            4.360289494798053e-6,
            0.00003446638220339082,
            0.9999604821205139
          ],
          "class_index": 76,
          "conditional_hand_mass": 0.009049773810439787,
          "expected_action_loss_bb": 3.1559022110071483e-6,
          "hand": "K7o",
          "probability_on_actions_losing_over_0_1bb": 5.099169413824711e-6,
          "reference_expected_action_loss_bb": 3.4155540806418264e-8,
          "reference_probabilities": [
            5.98204064061747e-9,
            2.072141214171097e-8,
            4.915007707495533e-7,
            0.999999463558197
          ]
        },
        {
          "action_values_bb": [
            0.0,
            -0.33208104968070984,
            0.2060558795928955,
            0.3938290476799011
          ],
          "candidate_probabilities": [
            7.388801464003336e-7,
            7.388801464003336e-7,
            0.000014436120181926526,
            0.999984085559845
          ],
          "class_index": 77,
          "conditional_hand_mass": 0.009049773810439787,
          "expected_action_loss_bb": 3.5380690448628216e-6,
          "hand": "A7o",
          "probability_on_actions_losing_over_0_1bb": 0.000015913880474727193,
          "reference_expected_action_loss_bb": 2.747855443444402e-8,
          "reference_probabilities": [
            5.982034423368532e-9,
            5.982034423368532e-9,
            1.106666971395498e-7,
            0.9999998211860657
          ]
        },
        {
          "action_values_bb": [
            0.0,
            -0.7114129066467285,
            -0.4374973475933075,
            -0.4528447985649109
          ],
          "candidate_probabilities": [
            0.9999844431877136,
            7.388798621832393e-7,
            0.000011521605301823001,
            3.258667675254401e-6
          ],
          "class_index": 78,
          "conditional_hand_mass": 0.0030165911925363843,
          "expected_action_loss_bb": 7.04199113697363e-6,
          "hand": "82s",
          "probability_on_actions_losing_over_0_1bb": 0.00001551915283926064,
          "reference_expected_action_loss_bb": 5.740773494067823e-8,
          "reference_probabilities": [
            0.9999998807907104,
            5.9820353115469516e-9,
            9.408895351725732e-8,
            2.6473463421439192e-8
          ]
        },
        {
          "action_values_bb": [
            0.0,
            -0.6948227882385254,
            -0.4108303487300873,
            -0.4372028708457947
          ],
          "candidate_probabilities": [
            0.9999826550483704,
            7.388798621832393e-7,
            0.000013050876987108495,
            3.5866487451130524e-6
          ],
          "class_index": 79,
          "conditional_hand_mass": 0.0030165911925363843,
          "expected_action_loss_bb": 7.443180037941603e-6,
          "hand": "83s",
          "probability_on_actions_losing_over_0_1bb": 0.000017376405594404787,
          "reference_expected_action_loss_bb": 6.006704197272983e-8,
          "reference_probabilities": [
            0.9999998807907104,
            5.9820353115469516e-9,
            1.0525739924105437e-7,
            2.8974314503216192e-8
          ]
        },
        {
          "action_values_bb": [
            0.0,
            -0.657551646232605,
            -0.3492652177810669,
            -0.3467234969139099
          ],
          "candidate_probabilities": [
            0.9999793767929077,
            7.388798621832393e-7,
            0.000015482177332160063,
            4.419949164002901e-6
          ],
          "class_index": 80,
          "conditional_hand_mass": 0.0030165911925363843,
          "expected_action_loss_bb": 7.4257379377134895e-6,
          "hand": "84s",
          "probability_on_actions_losing_over_0_1bb": 0.000020641006358346203,
          "reference_expected_action_loss_bb": 6.035359214481096e-8,
          "reference_probabilities": [
            0.9999998807907104,
            5.982036199725371e-9,
            1.2597797649505083e-7,
            3.5822115052042136e-8
          ]
        },
        {
          "action_values_bb": [
            0.0,
            -0.5976123809814453,
            -0.2516278922557831,
            -0.24656856060028076
          ],
          "candidate_probabilities": [
            0.9999728202819824,
            7.388798053398205e-7,
            0.000021069865397294052,
            5.39554321221658e-6
          ],
          "class_index": 81,
          "conditional_hand_mass": 0.0030165911925363843,
          "expected_action_loss_bb": 7.073700863255254e-6,
          "hand": "85s",
          "probability_on_actions_losing_over_0_1bb": 0.000027204288414850453,
          "reference_expected_action_loss_bb": 5.705145518867493e-8,
          "reference_probabilities": [
            0.9999998807907104,
            5.982036199725371e-9,
            1.6971014815680974e-7,
            4.3690523199302334e-8
          ]
        },
        {
          "action_values_bb": [
            0.0,
            -0.5717160105705261,
            -0.20433589816093445,
            -0.1772732138633728
          ],
          "candidate_probabilities": [
            0.999954104423523,
            7.388798053398205e-7,
            0.000038226437027333304,
            6.933192707947455e-6
          ],
          "class_index": 82,
          "conditional_hand_mass": 0.0030165911925363843,
          "expected_action_loss_bb": 9.462532111744507e-6,
          "hand": "86s",
          "probability_on_actions_losing_over_0_1bb": 0.00004589850954062058,
          "reference_expected_action_loss_bb": 5.7523859408902426e-8,
          "reference_probabilities": [
            0.9999997615814209,
            5.982036199725371e-9,
            2.170109638655049e-7,
            5.506022660028975e-8
          ]
        },
        {
          "action_values_bb": [
            0.0,
            -0.5138518810272217,
            -0.11320401728153229,
            -0.07995758205652237
          ],
          "candidate_probabilities": [
            0.9998947978019714,
            7.388799190266582e-7,
            0.00009493708057561889,
            9.547365152684506e-6
          ],
          "class_index": 83,
          "conditional_hand_mass": 0.0030165911925363843,
          "expected_action_loss_bb": 0.000011890317979005028,
          "hand": "87s",
          "probability_on_actions_losing_over_0_1bb": 0.00009567596049464555,
          "reference_expected_action_loss_bb": 6.437551376890461e-8,
          "reference_probabilities": [
            0.9999994039535522,
            5.98203886426063e-9,
            4.865166829404188e-7,
            7.786614730775909e-8
          ]
        },
        {
          "action_values_bb": [
            0.0,
            0.06588518619537354,
            0.828029990196228,
            1.0616958141326904
          ],
          "candidate_probabilities": [
            7.388798621832393e-7,
            7.388798621832393e-7,
            0.00001020276340568671,
            0.9999882578849792
          ],
          "class_index": 84,
          "conditional_hand_mass": 0.0045248869052198935,
          "expected_action_loss_bb": 3.904287193976386e-6,
          "hand": "88",
          "probability_on_actions_losing_over_0_1bb": 0.000011680523130053189,
          "reference_expected_action_loss_bb": 3.203513812342928e-8,
          "reference_probabilities": [
            5.982034423368532e-9,
            5.982034423368532e-9,
            8.44242578068588e-8,
            0.9999999403953552
          ]
        },
        {
          "action_values_bb": [
            0.0,
            -0.3784050941467285,
            -0.20063869655132294,
            -0.18217869102954865
          ],
          "candidate_probabilities": [
            0.9999539256095886,
            1.693988110673672e-6,
            0.000035961704270448536,
            8.455152055830695e-6
          ],
          "class_index": 85,
          "conditional_hand_mass": 0.009049773810439787,
          "expected_action_loss_bb": 9.39667173507688e-6,
          "hand": "98o",
          "probability_on_actions_losing_over_0_1bb": 0.0000461108444369529,
          "reference_expected_action_loss_bb": 6.561783880701177e-8,
          "reference_probabilities": [
            0.9999997019767761,
            2.2052118353599326e-8,
            2.2650408482149942e-7,
            6.492373216815395e-8
          ]
        },
        {
          "action_values_bb": [
            0.0,
            -0.3128305673599243,
            -0.14554347097873688,
            -0.14389044046401978
          ],
          "candidate_probabilities": [
            0.9997002482414246,
            7.38879975870077e-7,
            0.0002863483387045562,
            0.000012734009033010807
          ],
          "class_index": 86,
          "conditional_hand_mass": 0.009049773810439787,
          "expected_action_loss_bb": 0.00004373957753475115,
          "hand": "T8o",
          "probability_on_actions_losing_over_0_1bb": 0.0002998212277134371,
          "reference_expected_action_loss_bb": 6.88519146242052e-8,
          "reference_probabilities": [
            0.9999995827674866,
            2.7403002533787912e-8,
            3.351841826315649e-7,
            7.989098094185465e-8
          ]
        },
        {
          "action_values_bb": [
            0.0,
            -0.2542538642883301,
            -0.10596321523189545,
            -0.09456893801689148
          ],
          "candidate_probabilities": [
            0.9999458193778992,
            4.63491733171395e-6,
            0.00003350284896441735,
            0.000016082009096862748
          ],
          "class_index": 87,
          "conditional_hand_mass": 0.009049773810439787,
          "expected_action_loss_bb": 6.249373759411767e-6,
          "hand": "J8o",
          "probability_on_actions_losing_over_0_1bb": 0.000038137766296131304,
          "reference_expected_action_loss_bb": 8.238998371602387e-8,
          "reference_probabilities": [
            0.9999992847442627,
            3.5252259777962536e-8,
            5.980062383059703e-7,
            1.0638056124889772e-7
          ]
        },
        {
          "action_values_bb": [
            0.0,
            -0.18441537022590637,
            -0.03167272359132767,
            0.0014659762382507324
          ],
          "candidate_probabilities": [
            7.388799190266582e-7,
            1.6461355016872403e-6,
            0.9999628663063049,
            0.00003476876372587867
          ],
          "class_index": 88,
          "conditional_hand_mass": 0.009049773810439787,
          "expected_action_loss_bb": 0.033137776336313395,
          "hand": "Q8o",
          "probability_on_actions_losing_over_0_1bb": 1.6461355016872403e-6,
          "reference_expected_action_loss_bb": 2.5139004816333447e-7,
          "reference_probabilities": [
            0.00014246632053982466,
            3.472362308798438e-8,
            1.0888578572121332e-6,
            0.9998564124107361
          ]
        },
        {
          "action_values_bb": [
            0.0,
            -0.36219245195388794,
            0.1439952701330185,
            0.1953878104686737
          ],
          "candidate_probabilities": [
            7.38879975870077e-7,
            7.38879975870077e-7,
            0.00006777045200578868,
            0.9999307990074158
          ],
          "class_index": 89,
          "conditional_hand_mass": 0.009049773810439787,
          "expected_action_loss_bb": 4.039248719801895e-6,
          "hand": "K8o",
          "probability_on_actions_losing_over_0_1bb": 1.477759951740154e-6,
          "reference_expected_action_loss_bb": 3.169284001537208e-8,
          "reference_probabilities": [
            5.98204064061747e-9,
            5.98204064061747e-9,
            5.290369813337747e-7,
            0.999999463558197
          ]
        },
        {
          "action_values_bb": [
            0.0,
            -0.26762187480926514,
            0.30271512269973755,
            0.5102850198745728
          ],
          "candidate_probabilities": [
            7.388796348095639e-7,
            7.388796348095639e-7,
            0.000013081794350000564,
            0.99998539686203
          ],
          "class_index": 90,
          "conditional_hand_mass": 0.009049773810439787,
          "expected_action_loss_bb": 3.6672054794855086e-6,
          "hand": "A8o",
          "probability_on_actions_losing_over_0_1bb": 0.000014559553619619692,
          "reference_expected_action_loss_bb": 2.880958902633679e-8,
          "reference_probabilities": [
            5.982034423368532e-9,
            5.982034423368532e-9,
            1.016697552813639e-7,
            0.9999999403953552
          ]
        },
        {
          "action_values_bb": [
            0.0,
            -0.7059627175331116,
            -0.4213981032371521,
            -0.41506892442703247
          ],
          "candidate_probabilities": [
            0.9999830722808838,
            7.388797484964016e-7,
            0.00001236731532117119,
            3.7873983274039347e-6
          ],
          "class_index": 91,
          "conditional_hand_mass": 0.0030165911925363843,
          "expected_action_loss_bb": 7.305216123788305e-6,
          "hand": "92s",
          "probability_on_actions_losing_over_0_1bb": 0.000016893593397071527,
          "reference_expected_action_loss_bb": 6.280272648592744e-8,
          "reference_probabilities": [
            0.9999998807907104,
            5.982036199725371e-9,
            1.0752636825372974e-7,
            3.1966315816589486e-8
          ]
        },
        {
          "action_values_bb": [
            0.0,
            -0.6178027391433716,
            -0.29041028022766113,
            -0.3306540846824646
          ],
          "candidate_probabilities": [
            0.9999762177467346,
            7.388799190266582e-7,
            0.000018037078916677274,
            4.986303792975377e-6
          ],
          "class_index": 92,
          "conditional_hand_mass": 0.0030165911925363843,
          "expected_action_loss_bb": 7.3433768971683624e-6,
          "hand": "93s",
          "probability_on_actions_losing_over_0_1bb": 0.00002376226262867931,
          "reference_expected_action_loss_bb": 5.984087270115447e-8,
          "reference_probabilities": [
            0.9999998807907104,
            5.982036199725371e-9,
            1.4706158424360183e-7,
            4.063750935756616e-8
          ]
        },
        {
          "action_values_bb": [
            0.0,
            -0.6673769950866699,
            -0.35854288935661316,
            -0.35106557607650757
          ],
          "candidate_probabilities": [
            0.9999796748161316,
            7.388798053398205e-7,
            0.000015047660781419836,
            4.569896645989502e-6
          ],
          "class_index": 93,
          "conditional_hand_mass": 0.0030165911925363843,
          "expected_action_loss_bb": 7.492676557480777e-6,
          "hand": "94s",
          "probability_on_actions_losing_over_0_1bb": 0.000020356437232749158,
          "reference_expected_action_loss_bb": 6.298148186680134e-8,
          "reference_probabilities": [
            0.9999998807907104,
            5.982036199725371e-9,
            1.273091925213521e-7,
            3.800829162514674e-8
          ]
        },
        {
          "action_values_bb": [
            0.0,
            -0.5970669984817505,
            -0.24817711114883423,
            -0.2437863051891327
          ],
          "candidate_probabilities": [
            0.9999752044677734,
            1.0094850040331949e-6,
            0.000018250037101097405,
            5.494957804330625e-6
          ],
          "class_index": 94,
          "conditional_hand_mass": 0.0030165911925363843,
          "expected_action_loss_bb": 6.471567127767789e-6,
          "hand": "95s",
          "probability_on_actions_losing_over_0_1bb": 0.000024754479909461224,
          "reference_expected_action_loss_bb": 5.92580748958074e-8,
          "reference_probabilities": [
            0.9999997615814209,
            5.9820353115469516e-9,
            1.8007638402650628e-7,
            4.5103281109959426e-8
          ]
        },
        {
          "action_values_bb": [
            0.0,
            -0.49520742893218994,
            -0.1892264187335968,
            -0.16811421513557434
          ],
          "candidate_probabilities": [
            0.9998975992202759,
            7.388799190266582e-7,
            0.0000939535821089521,
            7.640097464900464e-6
          ],
          "class_index": 95,
          "conditional_hand_mass": 0.0030165911925363843,
          "expected_action_loss_bb": 0.00001942880768353179,
          "hand": "96s",
          "probability_on_actions_losing_over_0_1bb": 0.00010233255949287923,
          "reference_expected_action_loss_bb": 6.010895626077206e-8,
          "reference_probabilities": [
            0.9999996423721313,
            7.878731445032372e-9,
            2.4138950038832263e-7,
            6.26364595746054e-8
          ]
        },
        {
          "action_values_bb": [
            0.0,
            -0.3376668095588684,
            -0.13544827699661255,
            -0.09064387530088425
          ],
          "candidate_probabilities": [
            0.9999606013298035,
            3.2677828585292445e-6,
            0.000027112362658954225,
            9.01799739949638e-6
          ],
          "class_index": 96,
          "conditional_hand_mass": 0.0030165911925363843,
          "expected_action_loss_bb": 5.593170851377024e-6,
          "hand": "97s",
          "probability_on_actions_losing_over_0_1bb": 0.00003038014551748347,
          "reference_expected_action_loss_bb": 5.6118764362998106e-8,
          "reference_probabilities": [
            0.9999995231628418,
            1.6100123900741892e-8,
            3.199652098828665e-7,
            8.101540771576765e-8
          ]
        },
        {
          "action_values_bb": [
            0.0,
            -0.4289267957210541,
            0.024287138134241104,
            0.03058241307735443
          ],
          "candidate_probabilities": [
            7.388798621832393e-7,
            7.388798621832393e-7,
            0.9806239008903503,
            0.019374560564756393
          ],
          "class_index": 97,
          "conditional_hand_mass": 0.0030165911925363843,
          "expected_action_loss_bb": 0.006173659190723098,
          "hand": "98s",
          "probability_on_actions_losing_over_0_1bb": 7.388798621832393e-7,
          "reference_expected_action_loss_bb": 4.3322265550092084e-7,
          "reference_probabilities": [
            5.982041972885099e-9,
            5.982041972885099e-9,
            0.00006835140811745077,
            0.9999316334724426
          ]
        },
        {
          "action_values_bb": [
            0.0,
            0.1826009452342987,
            1.0191172361373901,
            1.2446744441986084
          ],
          "candidate_probabilities": [
            7.388799190266582e-7,
            7.388799190266582e-7,
            8.432320100837387e-6,
            0.9999900460243225
          ],
          "class_index": 98,
          "conditional_hand_mass": 0.0045248869052198935,
          "expected_action_loss_bb": 3.6063803128824987e-6,
          "hand": "99",
          "probability_on_actions_losing_over_0_1bb": 9.910079938890703e-6,
          "reference_expected_action_loss_bb": 3.1007802471917013e-8,
          "reference_probabilities": [
            5.982033979279322e-9,
            5.982033979279322e-9,
            7.629442677625775e-8,
            0.9999999403953552
          ]
        },
        {
          "action_values_bb": [
            0.0,
            -0.2191813588142395,
            -0.056707076728343964,
            -0.04560708999633789
          ],
          "candidate_probabilities": [
            0.9998251795768738,
            3.678279881569324e-6,
            0.00015508002252317965,
            0.000016122292436193675
          ],
          "class_index": 99,
          "conditional_hand_mass": 0.009049773810439787,
          "expected_action_loss_bb": 0.000010335635960881465,
          "hand": "T9o",
          "probability_on_actions_losing_over_0_1bb": 3.678279881569324e-6,
          "reference_expected_action_loss_bb": 9.071543448602816e-8,
          "reference_probabilities": [
            0.9999985098838806,
            2.6239883155199095e-8,
            1.378524075335008e-6,
            1.4892576416514203e-7
          ]
        },
        {
          "action_values_bb": [
            0.0,
            -0.17363868653774261,
            -0.024249158799648285,
            -0.0019626617431640625
          ],
          "candidate_probabilities": [
            0.11878956109285355,
            3.6550684399117017e-6,
            0.47413069009780884,
            0.4070760905742645
          ],
          "class_index": 100,
          "conditional_hand_mass": 0.009049773810439787,
          "expected_action_loss_bb": 0.012296857726778604,
          "hand": "J9o",
          "probability_on_actions_losing_over_0_1bb": 3.6550684399117017e-6,
          "reference_expected_action_loss_bb": 1.450733498927797e-6,
          "reference_probabilities": [
            0.9992881417274475,
            3.3644074193261986e-8,
            2.1439916508825263e-6,
            0.0007097002817317843
          ]
        },
        {
          "action_values_bb": [
            0.0,
            -0.1273740828037262,
            0.09231653064489365,
            0.11653470993041992
          ],
          "candidate_probabilities": [
            7.38879975870077e-7,
            9.044372291100444e-7,
            0.0014566575409844518,
            0.9985417127609253
          ],
          "class_index": 101,
          "conditional_hand_mass": 0.009049773810439787,
          "expected_action_loss_bb": 0.000035584298841492754,
          "hand": "Q9o",
          "probability_on_actions_losing_over_0_1bb": 1.6433172049801215e-6,
          "reference_expected_action_loss_bb": 5.586398731851063e-8,
          "reference_probabilities": [
            5.9820504105800865e-9,
            1.624772139052766e-8,
            2.1142757304914994e-6,
            0.9999978542327881
          ]
        },
        {
          "action_values_bb": [
            0.0,
            -0.32107013463974,
            0.21646003425121307,
            0.2999945282936096
          ],
          "candidate_probabilities": [
            7.388799190266582e-7,
            7.388799190266582e-7,
            0.000025093648218899034,
            0.9999734163284302
          ],
          "class_index": 102,
          "conditional_hand_mass": 0.009049773810439787,
          "expected_action_loss_bb": 2.776737348276151e-6,
          "hand": "K9o",
          "probability_on_actions_losing_over_0_1bb": 1.4777598380533163e-6,
          "reference_expected_action_loss_bb": 2.3399057747133198e-8,
          "reference_probabilities": [
            5.982034867457742e-9,
            5.982034867457742e-9,
            2.141540420552701e-7,
            0.9999997615814209
          ]
        },
        {
          "action_values_bb": [
            0.0,
            -0.2258663922548294,
            0.3718213438987732,
            0.5929872989654541
          ],
          "candidate_probabilities": [
            7.388798621832393e-7,
            7.388798621832393e-7,
            0.000012299938134674449,
            0.9999861717224121
          ],
          "class_index": 103,
          "conditional_hand_mass": 0.009049773810439787,
          "expected_action_loss_bb": 3.76350844106945e-6,
          "hand": "A9o",
          "probability_on_actions_losing_over_0_1bb": 0.000013777697859040927,
          "reference_expected_action_loss_bb": 2.986326618887238e-8,
          "reference_probabilities": [
            5.982034423368532e-9,
            5.982034423368532e-9,
            9.683942892024788e-8,
            0.9999999403953552
          ]
        },
        {
          "action_values_bb": [
            0.0,
            -0.5609884262084961,
            -0.3462124466896057,
            -0.34414446353912354
          ],
          "candidate_probabilities": [
            0.9999819993972778,
            1.793746719158662e-6,
            0.000011980352610407863,
            4.248878667567624e-6
          ],
          "class_index": 104,
          "conditional_hand_mass": 0.0030165911925363843,
          "expected_action_loss_bb": 6.616246408143868e-6,
          "hand": "T2s",
          "probability_on_actions_losing_over_0_1bb": 0.00001802297799713415,
          "reference_expected_action_loss_bb": 6.623955468474272e-8,
          "reference_probabilities": [
            0.9999998807907104,
            1.359459567140675e-8,
            1.2875231902853557e-7,
            4.0789522870454675e-8
          ]
        },
        {
          "action_values_bb": [
            0.0,
            -0.5236172676086426,
            -0.26678818464279175,
            -0.29063740372657776
          ],
          "candidate_probabilities": [
            0.9999728798866272,
            1.1027303798982757e-6,
            0.00002047149246209301,
            5.544804025703343e-6
          ],
          "class_index": 105,
          "conditional_hand_mass": 0.0030165911925363843,
          "expected_action_loss_bb": 7.650488425524861e-6,
          "hand": "T3s",
          "probability_on_actions_losing_over_0_1bb": 0.00002711902686769463,
          "reference_expected_action_loss_bb": 5.729642180385725e-8,
          "reference_probabilities": [
            0.9999998807907104,
            9.731884631491994e-9,
            1.4708236051319545e-7,
            4.4594408166176436e-8
          ]
        },
        {
          "action_values_bb": [
            0.0,
            -0.4645361602306366,
            -0.2596605718135834,
            -0.2601800560951233
          ],
          "candidate_probabilities": [
            0.9999696016311646,
            1.1320611292831018e-6,
            0.000022789794456912205,
            6.44961482976214e-6
          ],
          "class_index": 106,
          "conditional_hand_mass": 0.0030165911925363843,
          "expected_action_loss_bb": 8.121555538538839e-6,
          "hand": "T4s",
          "probability_on_actions_losing_over_0_1bb": 0.000030371470415957447,
          "reference_expected_action_loss_bb": 5.98833123404295e-8,
          "reference_probabilities": [
            0.9999998807907104,
            1.554597517383627e-8,
            1.5347444559665746e-7,
            4.9236604127145256e-8
          ]
        },
        {
          "action_values_bb": [
            0.0,
            -0.43143466114997864,
            -0.22267363965511322,
            -0.23138312995433807
          ],
          "candidate_probabilities": [
            0.9999675154685974,
            1.8900652776210336e-6,
            0.000023746717488393188,
            6.846702490292955e-6
          ],
          "class_index": 107,
          "conditional_hand_mass": 0.0030165911925363843,
          "expected_action_loss_bb": 7.687419137674156e-6,
          "hand": "T5s",
          "probability_on_actions_losing_over_0_1bb": 0.000032483485256307176,
          "reference_expected_action_loss_bb": 6.486902517689217e-8,
          "reference_probabilities": [
            0.9999997615814209,
            1.524652759599121e-8,
            2.0579436466050538e-7,
            5.387672175061198e-8
          ]
        },
        {
          "action_values_bb": [
            0.0,
            -0.343866229057312,
            -0.14540520310401917,
            -0.13717037439346313
          ],
          "candidate_probabilities": [
            0.999957263469696,
            2.7643568500934634e-6,
            0.0000309604947688058,
            8.995731150207575e-6
          ],
          "class_index": 108,
          "conditional_hand_mass": 0.0030165911925363843,
          "expected_action_loss_bb": 6.686333805686431e-6,
          "hand": "T6s",
          "probability_on_actions_losing_over_0_1bb": 0.00004272058276910684,
          "reference_expected_action_loss_bb": 5.8672820615905655e-8,
          "reference_probabilities": [
            0.9999996423721313,
            1.8085628994413128e-8,
            2.9096588605170837e-7,
            7.396516821245314e-8
          ]
        },
        {
          "action_values_bb": [
            0.0,
            -0.258661150932312,
            -0.06349416077136993,
            -0.04134991765022278
          ],
          "candidate_probabilities": [
            0.9998502731323242,
            1.970473704204778e-6,
            0.00013286435569170862,
            0.000014936003935872577
          ],
          "class_index": 109,
          "conditional_hand_mass": 0.0030165911925363843,
          "expected_action_loss_bb": 9.563398290057026e-6,
          "hand": "T7s",
          "probability_on_actions_losing_over_0_1bb": 1.970473704204778e-6,
          "reference_expected_action_loss_bb": 7.924429638199913e-8,
          "reference_probabilities": [
            0.9999988079071045,
            1.8144865165936608e-8,
            1.1059471489716088e-6,
            1.047097271111852e-7
          ]
        },
        {
          "action_values_bb": [
            0.0,
            -0.410209059715271,
            0.05983109027147293,
            0.05975160002708435
          ],
          "candidate_probabilities": [
            7.388798621832393e-7,
            7.388798621832393e-7,
            0.0014334634179249406,
            0.9985650777816772
          ],
          "class_index": 110,
          "conditional_hand_mass": 0.0030165911925363843,
          "expected_action_loss_bb": 0.0000797676932597441,
          "hand": "T8s",
          "probability_on_actions_losing_over_0_1bb": 7.388798621832393e-7,
          "reference_expected_action_loss_bb": 0.00006114328218811423,
          "reference_probabilities": [
            5.98204064061747e-9,
            5.98204064061747e-9,
            0.2308475822210312,
            0.7691524028778076
          ]
        },
        {
          "action_values_bb": [
            0.0,
            -0.3700723648071289,
            0.12366368621587753,
            0.14051468670368195
          ],
          "candidate_probabilities": [
            7.388798053398205e-7,
            7.388798053398205e-7,
            0.00201809941790998,
            0.9979804158210754
          ],
          "class_index": 111,
          "conditional_hand_mass": 0.0030165911925363843,
          "expected_action_loss_bb": 0.000034488080201227216,
          "hand": "T9s",
          "probability_on_actions_losing_over_0_1bb": 1.477759610679641e-6,
          "reference_expected_action_loss_bb": 1.461790154220903e-7,
          "reference_probabilities": [
            5.98204108470668e-9,
            5.98204108470668e-9,
            8.44365877128439e-6,
            0.9999915957450867
          ]
        },
        {
          "action_values_bb": [
            0.0,
            0.2851158380508423,
            1.1769744157791138,
            1.4290547370910645
          ],
          "candidate_probabilities": [
            7.38879975870077e-7,
            7.38879975870077e-7,
            7.498995728383306e-6,
            0.9999910593032837
          ],
          "class_index": 112,
          "conditional_hand_mass": 0.0045248869052198935,
          "expected_action_loss_bb": 3.7914827285063564e-6,
          "hand": "TT",
          "probability_on_actions_losing_over_0_1bb": 8.97675568012346e-6,
          "reference_expected_action_loss_bb": 3.1948397309415656e-8,
          "reference_probabilities": [
            5.982033979279322e-9,
            5.982033979279322e-9,
            6.568010491037057e-8,
            0.9999999403953552
          ]
        },
        {
          "action_values_bb": [
            0.0,
            -0.11449805647134781,
            0.10486003756523132,
            0.14317713677883148
          ],
          "candidate_probabilities": [
            7.38879975870077e-7,
            9.611486575522576e-7,
            0.00019302470900584012,
            0.9998052716255188
          ],
          "class_index": 113,
          "conditional_hand_mass": 0.009049773810439787,
          "expected_action_loss_bb": 7.749601811098293e-6,
          "hand": "JTo",
          "probability_on_actions_losing_over_0_1bb": 1.7000286334223347e-6,
          "reference_expected_action_loss_bb": 8.523744322065219e-8,
          "reference_probabilities": [
            5.982049966490877e-9,
            1.5641290929124807e-8,
            2.0969901015632786e-6,
            0.9999978542327881
          ]
        },
        {
          "action_values_bb": [
            0.0,
            -0.3163451552391052,
            0.21336883306503296,
            0.2702208459377289
          ],
          "candidate_probabilities": [
            7.388798621832393e-7,
            7.388798621832393e-7,
            0.00007609329622937366,
            0.9999224543571472
          ],
          "class_index": 114,
          "conditional_hand_mass": 0.009049773810439787,
          "expected_action_loss_bb": 4.959119604274636e-6,
          "hand": "QTo",
          "probability_on_actions_losing_over_0_1bb": 1.4777597243664786e-6,
          "reference_expected_action_loss_bb": 5.1372319416778867e-8,
          "reference_probabilities": [
            5.9820415287958895e-9,
            5.9820415287958895e-9,
            8.134625772981963e-7,
            0.9999992251396179
          ]
        },
        {
          "action_values_bb": [
            0.0,
            -0.24049732089042664,
            0.3389909267425537,
            0.45658382773399353
          ],
          "candidate_probabilities": [
            7.388799190266582e-7,
            7.388799190266582e-7,
            0.000016187474102480337,
            0.9999822974205017
          ],
          "class_index": 115,
          "conditional_hand_mass": 0.009049773810439787,
          "expected_action_loss_bb": 2.7559519237500626e-6,
          "hand": "KTo",
          "probability_on_actions_losing_over_0_1bb": 0.000017665233940533653,
          "reference_expected_action_loss_bb": 2.369547441358844e-8,
          "reference_probabilities": [
            5.982034867457742e-9,
            5.982034867457742e-9,
            1.428165319339314e-7,
            0.9999998211860657
          ]
        },
        {
          "action_values_bb": [
            0.0,
            -0.13916343450546265,
            0.5046528577804565,
            0.7619858384132385
          ],
          "candidate_probabilities": [
            7.388800895569148e-7,
            7.388800895569148e-7,
            0.000010812413165695034,
            0.9999876618385315
          ],
          "class_index": 116,
          "conditional_hand_mass": 0.009049773810439787,
          "expected_action_loss_bb": 4.01124792776763e-6,
          "hand": "ATo",
          "probability_on_actions_losing_over_0_1bb": 0.000012290173344808863,
          "reference_expected_action_loss_bb": 3.103467927156608e-8,
          "reference_probabilities": [
            5.982034423368532e-9,
            5.982034423368532e-9,
            8.19395467033246e-8,
            0.9999999403953552
          ]
        },
        {
          "action_values_bb": [
            0.0,
            -0.41629356145858765,
            -0.23322793841362,
            -0.2470223307609558
          ],
          "candidate_probabilities": [
            0.9999741315841675,
            3.454284296822152e-6,
            0.000015521816749242134,
            6.941438186913729e-6
          ],
          "class_index": 117,
          "conditional_hand_mass": 0.0030165911925363843,
          "expected_action_loss_bb": 6.772807872838839e-6,
          "hand": "J2s",
          "probability_on_actions_losing_over_0_1bb": 0.000025917539232978015,
          "reference_expected_action_loss_bb": 6.856609255150823e-8,
          "reference_probabilities": [
            0.9999997615814209,
            2.0543284406926432e-8,
            1.999053154122521e-7,
            5.420785598175826e-8
          ]
        },
        {
          "action_values_bb": [
            0.0,
            -0.4161246418952942,
            -0.23699896037578583,
            -0.23610690236091614
          ],
          "candidate_probabilities": [
            0.9999312162399292,
            7.388797484964016e-7,
            0.00005925960431341082,
            8.788366358203348e-6
          ],
          "class_index": 118,
          "conditional_hand_mass": 0.0030165911925363843,
          "expected_action_loss_bb": 0.000016426924642953826,
          "hand": "J3s",
          "probability_on_actions_losing_over_0_1bb": 0.00006878685042011057,
          "reference_expected_action_loss_bb": 6.812027518696653e-8,
          "reference_probabilities": [
            0.9999996423721313,
            2.6075531067704105e-8,
            1.8003829893586953e-7,
            6.183942247162122e-8
          ]
        },
        {
          "action_values_bb": [
            0.0,
            -0.36358535289764404,
            -0.18932852149009705,
            -0.18319086730480194
          ],
          "candidate_probabilities": [
            0.9999580979347229,
            3.363039695614134e-6,
            0.000030077757401159033,
            8.512851309205871e-6
          ],
          "class_index": 119,
          "conditional_hand_mass": 0.0030165911925363843,
          "expected_action_loss_bb": 8.476805927608156e-6,
          "hand": "J4s",
          "probability_on_actions_losing_over_0_1bb": 0.00004195364840597904,
          "reference_expected_action_loss_bb": 6.760945265529685e-8,
          "reference_probabilities": [
            0.9999996423721313,
            2.5324295549467024e-8,
            2.400398102508916e-7,
            7.07214695694347e-8
          ]
        },
        {
          "action_values_bb": [
            0.0,
            -0.3091253340244293,
            -0.10267075896263123,
            -0.11322234570980072
          ],
          "candidate_probabilities": [
            0.999330461025238,
            7.388798621832393e-7,
            0.000655852782074362,
            0.000012846209756389726
          ],
          "class_index": 120,
          "conditional_hand_mass": 0.0030165911925363843,
          "expected_action_loss_bb": 0.00006901978738962782,
          "hand": "J5s",
          "probability_on_actions_losing_over_0_1bb": 0.000669437871692935,
          "reference_expected_action_loss_bb": 7.376057047577274e-8,
          "reference_probabilities": [
            0.9999992847442627,
            1.6460361962344905e-8,
            5.711297035304597e-7,
            8.862151190669465e-8
          ]
        },
        {
          "action_values_bb": [
            0.0,
            -0.2688564360141754,
            -0.0778379887342453,
            -0.0787012130022049
          ],
          "candidate_probabilities": [
            0.9999513626098633,
            3.418169171709451e-6,
            0.00003347792517160997,
            0.000011696872206812259
          ],
          "class_index": 121,
          "conditional_hand_mass": 0.0030165911925363843,
          "expected_action_loss_bb": 4.445409174560915e-6,
          "hand": "J6s",
          "probability_on_actions_losing_over_0_1bb": 3.418169171709451e-6,
          "reference_expected_action_loss_bb": 8.462312386113692e-8,
          "reference_probabilities": [
            0.999998927116394,
            1.8988899341820797e-8,
            9.245136993740743e-7,
            9.600295669542902e-8
          ]
        },
        {
          "action_values_bb": [
            0.0,
            -0.20649591088294983,
            -0.0017787963151931763,
            0.01622474193572998
          ],
          "candidate_probabilities": [
            0.0004171194741502404,
            2.9383327273535542e-6,
            0.00025339011335745454,
            0.9993265271186829
          ],
          "class_index": 122,
          "conditional_hand_mass": 0.0030165911925363843,
          "expected_action_loss_bb": 0.000011984001805926406,
          "hand": "J7s",
          "probability_on_actions_losing_over_0_1bb": 2.9383327273535542e-6,
          "reference_expected_action_loss_bb": 1.6282891968483056e-7,
          "reference_probabilities": [
            5.98204064061747e-9,
            1.691525675084904e-8,
            8.829624675854575e-6,
            0.9999911189079285
          ]
        },
        {
          "action_values_bb": [
            0.0,
            -0.3695922791957855,
            0.11798057705163956,
            0.11819937825202942
          ],
          "candidate_probabilities": [
            7.388798621832393e-7,
            7.388798621832393e-7,
            0.0011628654319792986,
            0.9988356828689575
          ],
          "class_index": 123,
          "conditional_hand_mass": 0.0030165911925363843,
          "expected_action_loss_bb": 7.021909253511255e-7,
          "hand": "J8s",
          "probability_on_actions_losing_over_0_1bb": 1.4777597243664786e-6,
          "reference_expected_action_loss_bb": 0.00015283869740568328,
          "reference_probabilities": [
            5.982041972885099e-9,
            5.982041972885099e-9,
            0.6985111236572266,
            0.30148881673812866
          ]
        },
        {
          "action_values_bb": [
            0.0,
            -0.3247058093547821,
            0.14465869963169098,
            0.1801058053970337
          ],
          "candidate_probabilities": [
            7.388798053398205e-7,
            7.388798053398205e-7,
            0.0008190079242922366,
            0.9991795420646667
          ],
          "class_index": 124,
          "conditional_hand_mass": 0.0030165911925363843,
          "expected_action_loss_bb": 0.00002953753216511414,
          "hand": "J9s",
          "probability_on_actions_losing_over_0_1bb": 1.477759610679641e-6,
          "reference_expected_action_loss_bb": 8.338548307200004e-8,
          "reference_probabilities": [
            5.982042416974309e-9,
            6.473442670795748e-9,
            2.2298072508419864e-6,
            0.9999977350234985
          ]
        },
        {
          "action_values_bb": [
            0.0,
            -0.2688504457473755,
            0.28274405002593994,
            0.3270200192928314
          ],
          "candidate_probabilities": [
            7.388797484964016e-7,
            7.388797484964016e-7,
            0.00007765759073663503,
            0.9999208450317383
          ],
          "class_index": 125,
          "conditional_hand_mass": 0.0030165911925363843,
          "expected_action_loss_bb": 4.120270189749807e-6,
          "hand": "JTs",
          "probability_on_actions_losing_over_0_1bb": 1.4777594969928032e-6,
          "reference_expected_action_loss_bb": 1.1241068822903339e-7,
          "reference_probabilities": [
            5.982041972885099e-9,
            5.982041972885099e-9,
            2.4141745598171838e-6,
            0.999997615814209
          ]
        },
        {
          "action_values_bb": [
            0.0,
            1.3289597034454346,
            1.340524435043335,
            1.6115288734436035
          ],
          "candidate_probabilities": [
            7.388799190266582e-7,
            7.388799190266582e-7,
            5.797878657176625e-6,
            0.9999927282333374
          ],
          "class_index": 126,
          "conditional_hand_mass": 0.0045248869052198935,
          "expected_action_loss_bb": 2.970761858367863e-6,
          "hand": "JJ",
          "probability_on_actions_losing_over_0_1bb": 7.275638495229941e-6,
          "reference_expected_action_loss_bb": 3.3181687160089136e-8,
          "reference_probabilities": [
            5.982033979279322e-9,
            2.9651861410684432e-8,
            5.5950245325675496e-8,
            0.9999999403953552
          ]
        },
        {
          "action_values_bb": [
            0.0,
            -0.2805478572845459,
            0.2680855095386505,
            0.3468780517578125
          ],
          "candidate_probabilities": [
            7.388799190266582e-7,
            7.388799190266582e-7,
            0.00003998209649580531,
            0.9999585151672363
          ],
          "class_index": 127,
          "conditional_hand_mass": 0.009049773810439787,
          "expected_action_loss_bb": 3.870184657819731e-6,
          "hand": "QJo",
          "probability_on_actions_losing_over_0_1bb": 1.4777598380533163e-6,
          "reference_expected_action_loss_bb": 3.824969173785533e-8,
          "reference_probabilities": [
            5.982037976082211e-9,
            5.982037976082211e-9,
            4.114776288588473e-7,
            0.9999995827674866
          ]
        },
        {
          "action_values_bb": [
            0.0,
            -0.19561293721199036,
            0.4064967930316925,
            0.5431444644927979
          ],
          "candidate_probabilities": [
            7.388798053398205e-7,
            7.388798053398205e-7,
            0.00001265497940039495,
            0.9999858736991882
          ],
          "class_index": 128,
          "conditional_hand_mass": 0.009049773810439787,
          "expected_action_loss_bb": 2.67644486881305e-6,
          "hand": "KJo",
          "probability_on_actions_losing_over_0_1bb": 0.000014132739011074591,
          "reference_expected_action_loss_bb": 2.224793571927795e-8,
          "reference_probabilities": [
            5.982034867457742e-9,
            5.982034867457742e-9,
            1.0669449324041125e-7,
            0.9999999403953552
          ]
        },
        {
          "action_values_bb": [
            0.0,
            -0.12004869431257248,
            0.5333642363548279,
            0.8331185579299927
          ],
          "candidate_probabilities": [
            7.388799190266582e-7,
            7.388799190266582e-7,
            8.871160389389843e-6,
            0.9999896883964539
          ],
          "class_index": 129,
          "conditional_hand_mass": 0.009049773810439787,
          "expected_action_loss_bb": 3.9790193788847955e-6,
          "hand": "AJo",
          "probability_on_actions_losing_over_0_1bb": 0.000010348920227443159,
          "reference_expected_action_loss_bb": 3.270432485953445e-8,
          "reference_probabilities": [
            5.982033979279322e-9,
            5.982033979279322e-9,
            7.345582986317822e-8,
            0.9999999403953552
          ]
        },
        {
          "action_values_bb": [
            0.0,
            -0.30528128147125244,
            -0.14980146288871765,
            -0.13530567288398743
          ],
          "candidate_probabilities": [
            0.9999613761901855,
            4.933188847644487e-6,
            0.000024657985704834573,
            9.115456123254262e-6
          ],
          "class_index": 130,
          "conditional_hand_mass": 0.0030165911925363843,
          "expected_action_loss_bb": 6.433185468023288e-6,
          "hand": "Q2s",
          "probability_on_actions_losing_over_0_1bb": 0.00003870663067573332,
          "reference_expected_action_loss_bb": 7.049480913655327e-8,
          "reference_probabilities": [
            0.9999995231628418,
            2.8900874582404867e-8,
            3.35843878929154e-7,
            8.397289263939456e-8
          ]
        },
        {
          "action_values_bb": [
            0.0,
            -0.28170034289360046,
            -0.058233074843883514,
            -0.06949733197689056
          ],
          "candidate_probabilities": [
            0.9999495148658752,
            3.805196229222929e-6,
            0.00003214583557564765,
            0.000014522045603371225
          ],
          "class_index": 131,
          "conditional_hand_mass": 0.0030165911925363843,
          "expected_action_loss_bb": 3.953119355826432e-6,
          "hand": "Q3s",
          "probability_on_actions_losing_over_0_1bb": 3.805196229222929e-6,
          "reference_expected_action_loss_bb": 1.3915611553607532e-7,
          "reference_probabilities": [
            0.9999977350234985,
            1.3711627389056957e-8,
            2.172021368096466e-6,
            1.2676835581260093e-7
          ]
        },
        {
          "action_values_bb": [
            0.0,
            -0.2903140187263489,
            -0.13613510131835938,
            -0.08672180771827698
          ],
          "candidate_probabilities": [
            0.9999526143074036,
            5.309153038979275e-6,
            0.000027112384486827068,
            0.000014949946489650756
          ],
          "class_index": 132,
          "conditional_hand_mass": 0.0030165911925363843,
          "expected_action_loss_bb": 6.528755148749822e-6,
          "hand": "Q4s",
          "probability_on_actions_losing_over_0_1bb": 0.00003242153752580634,
          "reference_expected_action_loss_bb": 6.494526648431278e-8,
          "reference_probabilities": [
            0.9999995231628418,
            3.866443165634337e-8,
            3.082207626903255e-7,
            1.3561496814418206e-7
          ]
        },
        {
          "action_values_bb": [
            0.0,
            -0.2077864706516266,
            -0.0004420429468154907,
            0.0159834623336792
          ],
          "candidate_probabilities": [
            0.9997785687446594,
            4.607629762176657e-6,
            0.000053822917834622785,
            0.00016303974553011358
          ],
          "class_index": 133,
          "conditional_hand_mass": 0.0030165911925363843,
          "expected_action_loss_bb": 0.01598183821317417,
          "hand": "Q5s",
          "probability_on_actions_losing_over_0_1bb": 4.607629762176657e-6,
          "reference_expected_action_loss_bb": 2.1298571798734732e-7,
          "reference_probabilities": [
            5.98204064061747e-9,
            1.59899187224255e-8,
            0.00001274311125598615,
            0.9999871850013733
          ]
        },
        {
          "action_values_bb": [
            0.0,
            -0.16931340098381042,
            0.017276547849178314,
            0.05173882842063904
          ],
          "candidate_probabilities": [
            0.00010115053009940311,
            3.951042799599236e-6,
            0.00014254191773943603,
            0.9997523427009583
          ],
          "class_index": 134,
          "conditional_hand_mass": 0.0030165911925363843,
          "expected_action_loss_bb": 0.00001101911630312403,
          "hand": "Q6s",
          "probability_on_actions_losing_over_0_1bb": 3.951042799599236e-6,
          "reference_expected_action_loss_bb": 1.2481591977141222e-7,
          "reference_probabilities": [
            5.98204108470668e-9,
            1.9731499989461554e-8,
            3.4862673601310235e-6,
            0.9999964237213135
          ]
        },
        {
          "action_values_bb": [
            0.0,
            -0.14471998810768127,
            0.021827511489391327,
            0.0765642523765564
          ],
          "candidate_probabilities": [
            0.9975853562355042,
            6.617512553930283e-6,
            0.000021990006644045934,
            0.002386102918535471
          ],
          "class_index": 135,
          "conditional_hand_mass": 0.0030165911925363843,
          "expected_action_loss_bb": 0.07638204499450724,
          "hand": "Q7s",
          "probability_on_actions_losing_over_0_1bb": 6.617512553930283e-6,
          "reference_expected_action_loss_bb": 7.790414510309294e-8,
          "reference_probabilities": [
            5.9820441933311486e-9,
            2.5363986466686583e-8,
            1.3123449207341764e-6,
            0.9999986886978149
          ]
        },
        {
          "action_values_bb": [
            0.0,
            -0.3353195786476135,
            0.1792420744895935,
            0.2014092057943344
          ],
          "candidate_probabilities": [
            7.388797484964016e-7,
            4.092058134119725e-6,
            0.9999356865882874,
            0.00005947088357061148
          ],
          "class_index": 136,
          "conditional_hand_mass": 0.0030165911925363843,
          "expected_action_loss_bb": 0.02216805080347033,
          "hand": "Q8s",
          "probability_on_actions_losing_over_0_1bb": 4.8309378826161264e-6,
          "reference_expected_action_loss_bb": 1.4767701163085674e-7,
          "reference_probabilities": [
            5.982042416974309e-9,
            5.982042416974309e-9,
            6.462786586780567e-6,
            0.9999934434890747
          ]
        },
        {
          "action_values_bb": [
            0.0,
            -0.2778967618942261,
            0.2743857800960541,
            0.30469945073127747
          ],
          "candidate_probabilities": [
            7.388796916529827e-7,
            7.388796916529827e-7,
            0.00030799079104326665,
            0.9996905326843262
          ],
          "class_index": 137,
          "conditional_hand_mass": 0.0030165911925363843,
          "expected_action_loss_bb": 9.991936144513582e-6,
          "hand": "Q9s",
          "probability_on_actions_losing_over_0_1bb": 1.4777593833059655e-6,
          "reference_expected_action_loss_bb": 8.632905590190135e-8,
          "reference_probabilities": [
            5.982041972885099e-9,
            5.982041972885099e-9,
            2.672761638677912e-6,
            0.9999972581863403
          ]
        },
        {
          "action_values_bb": [
            0.0,
            -0.19927248358726501,
            0.39354991912841797,
            0.45234474539756775
          ],
          "candidate_probabilities": [
            7.388798621832393e-7,
            0.00002081331331282854,
            0.0001473313895985484,
            0.9998311400413513
          ],
          "class_index": 138,
          "conditional_hand_mass": 0.0030165911925363843,
          "expected_action_loss_bb": 0.000022558865425476206,
          "hand": "QTs",
          "probability_on_actions_losing_over_0_1bb": 0.00002155219317501178,
          "reference_expected_action_loss_bb": 6.796348928492539e-8,
          "reference_probabilities": [
            5.982044637420358e-9,
            5.982044637420358e-9,
            1.0436214097353513e-6,
            0.999998927116394
          ]
        },
        {
          "action_values_bb": [
            0.0,
            -0.1974269598722458,
            0.39868494868278503,
            0.49488866329193115
          ],
          "candidate_probabilities": [
            7.388798053398205e-7,
            7.388798053398205e-7,
            0.000039083039155229926,
            0.999959409236908
          ],
          "class_index": 139,
          "conditional_hand_mass": 0.0030165911925363843,
          "expected_action_loss_bb": 4.637134817023113e-6,
          "hand": "QJs",
          "probability_on_actions_losing_over_0_1bb": 1.477759610679641e-6,
          "reference_expected_action_loss_bb": 3.377895015766428e-8,
          "reference_probabilities": [
            5.982036199725371e-9,
            5.982036199725371e-9,
            2.772975165044045e-7,
            0.9999997615814209
          ]
        },
        {
          "action_values_bb": [
            0.0,
            1.7770204544067383,
            1.5380994081497192,
            1.821272850036621
          ],
          "candidate_probabilities": [
            7.388798621832393e-7,
            0.000016772677554399706,
            4.835828349314397e-6,
            0.9999776482582092
          ],
          "class_index": 140,
          "conditional_hand_mass": 0.0045248869052198935,
          "expected_action_loss_bb": 3.457311153392498e-6,
          "hand": "QQ",
          "probability_on_actions_losing_over_0_1bb": 5.5747082114976365e-6,
          "reference_expected_action_loss_bb": 3.184588162117473e-8,
          "reference_probabilities": [
            5.982034867457742e-9,
            2.229796791652916e-7,
            3.9140601870713e-8,
            0.9999997615814209
          ]
        },
        {
          "action_values_bb": [
            0.0,
            -0.12431949377059937,
            0.5129795074462891,
            0.6598175764083862
          ],
          "candidate_probabilities": [
            7.388798621832393e-7,
            7.388798621832393e-7,
            0.000012193763723189477,
            0.9999862909317017
          ],
          "class_index": 141,
          "conditional_hand_mass": 0.009049773810439787,
          "expected_action_loss_bb": 2.8574177287625404e-6,
          "hand": "KQo",
          "probability_on_actions_losing_over_0_1bb": 0.000013671523447555955,
          "reference_expected_action_loss_bb": 2.306113643978214e-8,
          "reference_probabilities": [
            5.982034423368532e-9,
            5.982034423368532e-9,
            9.822623070476766e-8,
            0.9999999403953552
          ]
        },
        {
          "action_values_bb": [
            0.0,
            -0.07168516516685486,
            0.6093084812164307,
            0.9401455521583557
          ],
          "candidate_probabilities": [
            7.38879975870077e-7,
            7.38879975870077e-7,
            8.142576007230673e-6,
            0.9999903440475464
          ],
          "class_index": 142,
          "conditional_hand_mass": 0.009049773810439787,
          "expected_action_loss_bb": 4.136142175049171e-6,
          "hand": "AQo",
          "probability_on_actions_losing_over_0_1bb": 9.620335958970827e-6,
          "reference_expected_action_loss_bb": 3.2345724868730605e-8,
          "reference_probabilities": [
            5.982033979279322e-9,
            5.982033979279322e-9,
            6.247466899367282e-8,
            0.9999999403953552
          ]
        },
        {
          "action_values_bb": [
            0.0,
            -0.24226972460746765,
            0.02173725515604019,
            0.0433136522769928
          ],
          "candidate_probabilities": [
            7.388798621832393e-7,
            7.388798621832393e-7,
            0.004258347675204277,
            0.9957401752471924
          ],
          "class_index": 143,
          "conditional_hand_mass": 0.0030165911925363843,
          "expected_action_loss_bb": 0.00009212281591087208,
          "hand": "K2s",
          "probability_on_actions_losing_over_0_1bb": 7.388798621832393e-7,
          "reference_expected_action_loss_bb": 6.61905321606466e-8,
          "reference_probabilities": [
            5.982041972885099e-9,
            1.1956977630234178e-8,
            2.8974584438401507e-6,
            0.9999970197677612
          ]
        },
        {
          "action_values_bb": [
            0.0,
            -0.3755964934825897,
            0.11226198077201843,
            0.11228989064693451
          ],
          "candidate_probabilities": [
            7.388798621832393e-7,
            7.388798621832393e-7,
            0.6684882044792175,
            0.3315102458000183
          ],
          "class_index": 144,
          "conditional_hand_mass": 0.0030165911925363843,
          "expected_action_loss_bb": 0.00001910088033308012,
          "hand": "K3s",
          "probability_on_actions_losing_over_0_1bb": 1.4777597243664786e-6,
          "reference_expected_action_loss_bb": 0.000023213176380958456,
          "reference_probabilities": [
            5.982042416974309e-9,
            5.982042416974309e-9,
            0.831590473651886,
            0.16840946674346924
          ]
        },
        {
          "action_values_bb": [
            0.0,
            -0.2338869869709015,
            0.07713688164949417,
            0.11917857825756073
          ],
          "candidate_probabilities": [
            7.388799190266582e-7,
            2.280191438330803e-6,
            0.00009621247590985149,
            0.999900758266449
          ],
          "class_index": 145,
          "conditional_hand_mass": 0.0030165911925363843,
          "expected_action_loss_bb": 4.938051459368913e-6,
          "hand": "K4s",
          "probability_on_actions_losing_over_0_1bb": 3.0190713573574612e-6,
          "reference_expected_action_loss_bb": 4.987575903784613e-8,
          "reference_probabilities": [
            5.982044637420358e-9,
            1.0126984584246657e-8,
            1.0843363043022691e-6,
            0.999998927116394
          ]
        },
        {
          "action_values_bb": [
            0.0,
            -0.36623820662498474,
            0.14115780591964722,
            0.19181424379348755
          ],
          "candidate_probabilities": [
            7.388798053398205e-7,
            1.341551296718535e-6,
            0.00003897614442394115,
            0.9999589920043945
          ],
          "class_index": 146,
          "conditional_hand_mass": 0.0030165911925363843,
          "expected_action_loss_bb": 2.8647762981845976e-6,
          "hand": "K5s",
          "probability_on_actions_losing_over_0_1bb": 2.0804311020583555e-6,
          "reference_expected_action_loss_bb": 3.994334994384984e-8,
          "reference_probabilities": [
            5.98204064061747e-9,
            5.98204064061747e-9,
            6.999626975812134e-7,
            0.9999992847442627
          ]
        },
        {
          "action_values_bb": [
            0.0,
            -0.32093119621276855,
            0.20824450254440308,
            0.25339609384536743
          ],
          "candidate_probabilities": [
            7.388796916529827e-7,
            7.388796916529827e-7,
            0.00015478655404876918,
            0.9998437166213989
          ],
          "class_index": 147,
          "conditional_hand_mass": 0.0030165911925363843,
          "expected_action_loss_bb": 7.600447225967239e-6,
          "hand": "K6s",
          "probability_on_actions_losing_over_0_1bb": 1.4777593833059655e-6,
          "reference_expected_action_loss_bb": 5.3547566580119324e-8,
          "reference_probabilities": [
            5.982044637420358e-9,
            5.982044637420358e-9,
            1.0762873898784164e-6,
            0.999998927116394
          ]
        },
        {
          "action_values_bb": [
            0.0,
            -0.3465210199356079,
            0.17684605717658997,
            0.2687603831291199
          ],
          "candidate_probabilities": [
            7.388798053398205e-7,
            7.388798053398205e-7,
            0.0000916988356038928,
            0.9999068379402161
          ],
          "class_index": 148,
          "conditional_hand_mass": 0.0030165911925363843,
          "expected_action_loss_bb": 9.081637288058835e-6,
          "hand": "K7s",
          "probability_on_actions_losing_over_0_1bb": 1.477759610679641e-6,
          "reference_expected_action_loss_bb": 2.6607209237391662e-8,
          "reference_probabilities": [
            5.982036199725371e-9,
            5.982036199725371e-9,
            2.3194250786673365e-7,
            0.9999997615814209
          ]
        },
        {
          "action_values_bb": [
            0.0,
            -0.2678956687450409,
            0.29179564118385315,
            0.36023423075675964
          ],
          "candidate_probabilities": [
            7.388797484964016e-7,
            7.388797484964016e-7,
            0.00008473654452245682,
            0.99991375207901
          ],
          "class_index": 149,
          "conditional_hand_mass": 0.0030165911925363843,
          "expected_action_loss_bb": 6.52953183238705e-6,
          "hand": "K8s",
          "probability_on_actions_losing_over_0_1bb": 1.4777594969928032e-6,
          "reference_expected_action_loss_bb": 2.7895224434483265e-8,
          "reference_probabilities": [
            5.9820353115469516e-9,
            5.9820353115469516e-9,
            3.212046806311264e-7,
            0.9999996423721313
          ]
        },
        {
          "action_values_bb": [
            0.0,
            -0.1929883062839508,
            0.4092561602592468,
            0.48764896392822266
          ],
          "candidate_probabilities": [
            7.388797484964016e-7,
            7.388797484964016e-7,
            0.00003870012369588949,
            0.9999597668647766
          ],
          "class_index": 150,
          "conditional_hand_mass": 0.0030165911925363843,
          "expected_action_loss_bb": 3.897034237710408e-6,
          "hand": "K9s",
          "probability_on_actions_losing_over_0_1bb": 1.4777594969928032e-6,
          "reference_expected_action_loss_bb": 2.5765791965369674e-8,
          "reference_probabilities": [
            5.982036199725371e-9,
            5.982036199725371e-9,
            2.3952532046678243e-7,
            0.9999997615814209
          ]
        },
        {
          "action_values_bb": [
            0.0,
            -0.17565199732780457,
            0.4440249800682068,
            0.5928735136985779
          ],
          "candidate_probabilities": [
            7.388796916529827e-7,
            7.388796916529827e-7,
            0.000012204520317027345,
            0.9999862909317017
          ],
          "class_index": 151,
          "conditional_hand_mass": 0.0030165911925363843,
          "expected_action_loss_bb": 2.822535044457042e-6,
          "hand": "KTs",
          "probability_on_actions_losing_over_0_1bb": 0.00001368227970033331,
          "reference_expected_action_loss_bb": 2.3206996354475866e-8,
          "reference_probabilities": [
            5.9820353115469516e-9,
            5.9820353115469516e-9,
            1.0119723015122872e-7,
            0.9999998807907104
          ]
        },
        {
          "action_values_bb": [
            0.0,
            -0.09997627139091492,
            0.5549064874649048,
            0.6990327835083008
          ],
          "candidate_probabilities": [
            7.388796916529827e-7,
            7.388796916529827e-7,
            0.000014942012967367191,
            0.999983549118042
          ],
          "class_index": 152,
          "conditional_hand_mass": 0.0030165911925363843,
          "expected_action_loss_bb": 3.2604096760648388e-6,
          "hand": "KJs",
          "probability_on_actions_losing_over_0_1bb": 0.000016419772350673156,
          "reference_expected_action_loss_bb": 2.2948199941823487e-8,
          "reference_probabilities": [
            5.9820353115469516e-9,
            5.9820353115469516e-9,
            9.704586290126826e-8,
            0.9999998807907104
          ]
        },
        {
          "action_values_bb": [
            0.0,
            -0.033819712698459625,
            0.6554152965545654,
            0.8112912774085999
          ],
          "candidate_probabilities": [
            7.388797484964016e-7,
            7.388797484964016e-7,
            0.00001000775046122726,
            0.9999885559082031
          ],
          "class_index": 153,
          "conditional_hand_mass": 0.0030165911925363843,
          "expected_action_loss_bb": 2.7838500101170543e-6,
          "hand": "KQs",
          "probability_on_actions_losing_over_0_1bb": 0.000011485509958220064,
          "reference_expected_action_loss_bb": 2.3822579730281105e-8,
          "reference_probabilities": [
            5.9820353115469516e-9,
            5.9820353115469516e-9,
            8.926277672571814e-8,
            0.9999998807907104
          ]
        },
        {
          "action_values_bb": [
            0.0,
            1.9648817777633667,
            1.7313692569732666,
            2.0643978118896484
          ],
          "candidate_probabilities": [
            7.388799190266582e-7,
            0.000025326098693767563,
            4.748872015625238e-6,
            0.9999692440032959
          ],
          "class_index": 154,
          "conditional_hand_mass": 0.0045248869052198935,
          "expected_action_loss_bb": 5.6272049748289045e-6,
          "hand": "KK",
          "probability_on_actions_losing_over_0_1bb": 5.487751934651897e-6,
          "reference_expected_action_loss_bb": 3.658098783559499e-8,
          "reference_probabilities": [
            5.982034867457742e-9,
            1.1460535631613311e-7,
            3.851506846785924e-8,
            0.9999998211860657
          ]
        },
        {
          "action_values_bb": [
            0.0,
            0.005626644939184189,
            0.7278450727462769,
            1.0773941278457642
          ],
          "candidate_probabilities": [
            7.38879975870077e-7,
            7.38879975870077e-7,
            6.979903446335811e-6,
            0.9999915361404419
          ],
          "class_index": 155,
          "conditional_hand_mass": 0.009049773810439787,
          "expected_action_loss_bb": 4.027791133445925e-6,
          "hand": "AKo",
          "probability_on_actions_losing_over_0_1bb": 8.457663398075965e-6,
          "reference_expected_action_loss_bb": 3.1420850003131003e-8,
          "reference_probabilities": [
            5.982033535190112e-9,
            5.982033535190112e-9,
            5.310983652861978e-8,
            0.9999999403953552
          ]
        },
        {
          "action_values_bb": [
            0.0,
            -0.3357238173484802,
            0.15820401906967163,
            0.30016785860061646
          ],
          "candidate_probabilities": [
            7.388798621832393e-7,
            7.388798621832393e-7,
            0.000020473835320444778,
            0.9999780058860779
          ],
          "class_index": 156,
          "conditional_hand_mass": 0.0030165911925363843,
          "expected_action_loss_bb": 3.598179811898012e-6,
          "hand": "A2s",
          "probability_on_actions_losing_over_0_1bb": 0.000021951595044811256,
          "reference_expected_action_loss_bb": 2.304015843554113e-8,
          "reference_probabilities": [
            5.9820353115469516e-9,
            6.36020702771134e-9,
            1.2115860670292022e-7,
            0.9999998807907104
          ]
        },
        {
          "action_values_bb": [
            0.0,
            -0.2890700101852417,
            0.26362019777297974,
            0.3793742060661316
          ],
          "candidate_probabilities": [
            7.388796916529827e-7,
            7.388796916529827e-7,
            0.00003455381374806166,
            0.9999639391899109
          ],
          "class_index": 157,
          "conditional_hand_mass": 0.0030165911925363843,
          "expected_action_loss_bb": 4.7739541959434265e-6,
          "hand": "A3s",
          "probability_on_actions_losing_over_0_1bb": 0.00003603157313136762,
          "reference_expected_action_loss_bb": 2.570226172783198e-8,
          "reference_probabilities": [
            5.9820353115469516e-9,
            5.9820353115469516e-9,
            1.678920256154015e-7,
            0.9999997615814209
          ]
        },
        {
          "action_values_bb": [
            0.0,
            -0.2758522033691406,
            0.288917601108551,
            0.4168284833431244
          ],
          "candidate_probabilities": [
            7.388797484964016e-7,
            7.388797484964016e-7,
            0.0000219043704419164,
            0.999976634979248
          ],
          "class_index": 158,
          "conditional_hand_mass": 0.0030165911925363843,
          "expected_action_loss_bb": 3.6216012045434156e-6,
          "hand": "A4s",
          "probability_on_actions_losing_over_0_1bb": 0.000023382129938909202,
          "reference_expected_action_loss_bb": 2.5141800090932048e-8,
          "reference_probabilities": [
            5.982036199725371e-9,
            5.982036199725371e-9,
            1.4466850473127124e-7,
            0.9999998807907104
          ]
        },
        {
          "action_values_bb": [
            0.0,
            -0.2386242151260376,
            0.34645259380340576,
            0.48962393403053284
          ],
          "candidate_probabilities": [
            7.388799190266582e-7,
            7.388799190266582e-7,
            0.00001303358112636488,
            0.9999854564666748
          ],
          "class_index": 159,
          "conditional_hand_mass": 0.0030165911925363843,
          "expected_action_loss_bb": 2.7658965040307626e-6,
          "hand": "A5s",
          "probability_on_actions_losing_over_0_1bb": 0.000014511340964418196,
          "reference_expected_action_loss_bb": 2.3081246257903042e-8,
          "reference_probabilities": [
            5.9820353115469516e-9,
            5.9820353115469516e-9,
            1.1032859248416571e-7,
            0.9999998807907104
          ]
        },
        {
          "action_values_bb": [
            0.0,
            -0.24101313948631287,
            0.3458675742149353,
            0.4998999834060669
          ],
          "candidate_probabilities": [
            7.388798053398205e-7,
            7.388798053398205e-7,
            0.000017102149286074564,
            0.9999814033508301
          ],
          "class_index": 160,
          "conditional_hand_mass": 0.0030165911925363843,
          "expected_action_loss_bb": 3.5510970033253504e-6,
          "hand": "A6s",
          "probability_on_actions_losing_over_0_1bb": 0.000018579908896754205,
          "reference_expected_action_loss_bb": 2.415377855659523e-8,
          "reference_probabilities": [
            5.9820353115469516e-9,
            5.9820353115469516e-9,
            1.0862123644983512e-7,
            0.9999998807907104
          ]
        },
        {
          "action_values_bb": [
            0.0,
            -0.22268721461296082,
            0.37420403957366943,
            0.567757248878479
          ],
          "candidate_probabilities": [
            7.388799190266582e-7,
            7.388799190266582e-7,
            0.000013187762306188233,
            0.9999853372573853
          ],
          "class_index": 161,
          "conditional_hand_mass": 0.0030165911925363843,
          "expected_action_loss_bb": 3.5560816891694833e-6,
          "hand": "A7s",
          "probability_on_actions_losing_over_0_1bb": 0.00001466552214424155,
          "reference_expected_action_loss_bb": 2.7428616586886322e-8,
          "reference_probabilities": [
            5.9820353115469516e-9,
            5.9820353115469516e-9,
            9.973384607064872e-8,
            0.9999998807907104
          ]
        },
        {
          "action_values_bb": [
            0.0,
            -0.15317866206169128,
            0.4784238338470459,
            0.6825588941574097
          ],
          "candidate_probabilities": [
            7.38879975870077e-7,
            7.38879975870077e-7,
            0.000011123502190457657,
            0.9999874234199524
          ],
          "class_index": 162,
          "conditional_hand_mass": 0.0030165911925363843,
          "expected_action_loss_bb": 3.392535635129357e-6,
          "hand": "A8s",
          "probability_on_actions_losing_over_0_1bb": 0.000012601262142197811,
          "reference_expected_action_loss_bb": 2.807949058340559e-8,
          "reference_probabilities": [
            5.9820353115469516e-9,
            5.9820353115469516e-9,
            9.306087633831339e-8,
            0.9999998807907104
          ]
        },
        {
          "action_values_bb": [
            0.0,
            -0.12888573110103607,
            0.5227303504943848,
            0.7490898370742798
          ],
          "candidate_probabilities": [
            7.388798053398205e-7,
            7.388798053398205e-7,
            0.000011541352250787895,
            0.9999869465827942
          ],
          "class_index": 163,
          "conditional_hand_mass": 0.0030165911925363843,
          "expected_action_loss_bb": 3.814700339832041e-6,
          "hand": "A9s",
          "probability_on_actions_losing_over_0_1bb": 0.000013019111861467536,
          "reference_expected_action_loss_bb": 2.9693711560251518e-8,
          "reference_probabilities": [
            5.9820353115469516e-9,
            5.9820353115469516e-9,
            8.818074803684794e-8,
            0.9999998807907104
          ]
        },
        {
          "action_values_bb": [
            0.0,
            -0.07848268747329712,
            0.6024482250213623,
            0.8836170434951782
          ],
          "candidate_probabilities": [
            7.388797484964016e-7,
            7.388797484964016e-7,
            9.1898591563222e-6,
            0.9999893307685852
          ],
          "class_index": 164,
          "conditional_hand_mass": 0.0030165911925363843,
          "expected_action_loss_bb": 3.947664587035186e-6,
          "hand": "ATs",
          "probability_on_actions_losing_over_0_1bb": 0.000010667618653315003,
          "reference_expected_action_loss_bb": 3.13114861904688e-8,
          "reference_probabilities": [
            5.982034867457742e-9,
            5.982034867457742e-9,
            7.209314389911015e-8,
            0.9999998807907104
          ]
        },
        {
          "action_values_bb": [
            0.0,
            -0.08953984826803207,
            0.5898597240447998,
            0.9282565712928772
          ],
          "candidate_probabilities": [
            7.388799190266582e-7,
            7.388799190266582e-7,
            7.397968602163019e-6,
            0.9999911189079285
          ],
          "class_index": 165,
          "conditional_hand_mass": 0.0030165911925363843,
          "expected_action_loss_bb": 3.941348727315864e-6,
          "hand": "AJs",
          "probability_on_actions_losing_over_0_1bb": 8.875728440216335e-6,
          "reference_expected_action_loss_bb": 3.241606729154737e-8,
          "reference_probabilities": [
            5.982034867457742e-9,
            5.982034867457742e-9,
            6.139156027984427e-8,
            0.9999998807907104
          ]
        },
        {
          "action_values_bb": [
            0.0,
            0.03221457451581955,
            0.770935595035553,
            1.087765097618103
          ],
          "candidate_probabilities": [
            7.388797484964016e-7,
            7.388797484964016e-7,
            8.202249773603398e-6,
            0.9999903440475464
          ],
          "class_index": 166,
          "conditional_hand_mass": 0.0030165911925363843,
          "expected_action_loss_bb": 4.1823672226148865e-6,
          "hand": "AQs",
          "probability_on_actions_losing_over_0_1bb": 9.680009270596202e-6,
          "reference_expected_action_loss_bb": 3.1052085724608625e-8,
          "reference_probabilities": [
            5.982034867457742e-9,
            5.982034867457742e-9,
            5.754103327149096e-8,
            0.9999998807907104
          ]
        },
        {
          "action_values_bb": [
            0.0,
            0.09996359050273895,
            0.8743252754211426,
            1.2147955894470215
          ],
          "candidate_probabilities": [
            7.388798053398205e-7,
            7.388798053398205e-7,
            5.406527179729892e-6,
            0.9999931454658508
          ],
          "class_index": 167,
          "conditional_hand_mass": 0.0030165911925363843,
          "expected_action_loss_bb": 3.562076785696928e-6,
          "hand": "AKs",
          "probability_on_actions_losing_over_0_1bb": 6.884286790409533e-6,
          "reference_expected_action_loss_bb": 3.05097000641281e-8,
          "reference_probabilities": [
            5.982034867457742e-9,
            5.982034867457742e-9,
            4.867909453309949e-8,
            0.9999998807907104
          ]
        },
        {
          "action_values_bb": [
            0.0,
            0.7791628241539001,
            1.9637502431869507,
            2.4033920764923096
          ],
          "candidate_probabilities": [
            7.388799190266582e-7,
            7.388799190266582e-7,
            4.690091827797005e-6,
            0.9999938607215881
          ],
          "class_index": 168,
          "conditional_hand_mass": 0.0045248869052198935,
          "expected_action_loss_bb": 5.03788909085964e-6,
          "hand": "AA",
          "probability_on_actions_losing_over_0_1bb": 6.167851665850321e-6,
          "reference_expected_action_loss_bb": 4.0728158419929617e-8,
          "reference_probabilities": [
            5.982033535190112e-9,
            5.982033535190112e-9,
            3.783714674909788e-8,
            0.9999999403953552
          ]
        }
      ],
      "joint_reach_independent_model": 1.000000037252903,
      "opponent_mass": 1.0,
      "passes_local_tail_gate": true,
      "path": [],
      "position": "BTN",
      "reference_weighted_action_loss_bb": 8.019450218852656e-7,
      "scope": "One-action deviation followed by reference play, same reference arriving ranges; excludes physical-deal validation",
      "status": "evaluated",
      "weighted_action_loss_bb": 0.0007828730990992157,
      "weighted_excess_action_loss_bb": 0.0007820711540773305,
      "worst_relevant_probability_on_strongly_inferior_actions": 0.000669437871692935
    },
    {
      "actions": [
        {
          "kind": "fold",
          "label": "Fold",
          "to": 0.0
        },
        {
          "kind": "call",
          "label": "Limp 1",
          "to": 1.0
        },
        {
          "kind": "raise",
          "label": "Raise 2",
          "to": 2.0
        },
        {
          "kind": "raise",
          "label": "Raise 3",
          "to": 3.0
        }
      ],
      "actor": 1,
      "actor_mass": 1.000000037252903,
      "forced_or_frozen": false,
      "hands": [
        {
          "action_values_bb": [
            -0.5000005577998391,
            -0.32190827043623665,
            0.01028065776376805,
            0.034528445312683995
          ],
          "candidate_probabilities": [
            0.0076923067681491375,
            0.0076923067681491375,
            0.4979027807712555,
            0.48671257495880127
          ],
          "class_index": 0,
          "conditional_hand_mass": 0.0045248869052198935,
          "expected_action_loss_bb": 0.01892662247754262,
          "hand": "22",
          "probability_on_actions_losing_over_0_1bb": 0.015384613536298275,
          "reference_expected_action_loss_bb": 0.024761536110150903,
          "reference_probabilities": [
            0.016330799087882042,
            0.011235961690545082,
            0.49601808190345764,
            0.47641515731811523
          ]
        },
        {
          "action_values_bb": [
            -0.5000005577998391,
            -0.7829096327073993,
            -0.7645125883028134,
            -1.0239941319456927
          ],
          "candidate_probabilities": [
            0.7515963315963745,
            0.00769230630248785,
            0.23301909863948822,
            0.00769230630248785
          ],
          "class_index": 1,
          "conditional_hand_mass": 0.009049773810439787,
          "expected_action_loss_bb": 0.0678432972599116,
          "hand": "32o",
          "probability_on_actions_losing_over_0_1bb": 0.24840371124446392,
          "reference_expected_action_loss_bb": 0.07242824551602453,
          "reference_probabilities": [
            0.7379854321479797,
            0.011235949583351612,
            0.23954270780086517,
            0.011235949583351612
          ]
        },
        {
          "action_values_bb": [
            -0.5000005577998391,
            -0.7609858058534276,
            -0.729346903157271,
            -0.9829760108882528
          ],
          "candidate_probabilities": [
            0.7130836844444275,
            0.0076923067681491375,
            0.27153176069259644,
            0.0076923067681491375
          ],
          "class_index": 2,
          "conditional_hand_mass": 0.009049773810439787,
          "expected_action_loss_bb": 0.06799759089994738,
          "hand": "42o",
          "probability_on_actions_losing_over_0_1bb": 0.2869163742288947,
          "reference_expected_action_loss_bb": 0.07080978861211705,
          "reference_probabilities": [
            0.7052295804023743,
            0.011235959827899933,
            0.27229854464530945,
            0.011235959827899933
          ]
        },
        {
          "action_values_bb": [
            -0.5000005577998391,
            -0.7290117274317284,
            -0.6739979745668064,
            -0.926402773628711
          ],
          "candidate_probabilities": [
            0.6351389288902283,
            0.0076923067681491375,
            0.3494764566421509,
            0.0076923067681491375
          ],
          "class_index": 3,
          "conditional_hand_mass": 0.009049773810439787,
          "expected_action_loss_bb": 0.06584964149752268,
          "hand": "52o",
          "probability_on_actions_losing_over_0_1bb": 0.36486107017844915,
          "reference_expected_action_loss_bb": 0.06684428203939469,
          "reference_probabilities": [
            0.6356834769248962,
            0.011235948652029037,
            0.34184467792510986,
            0.011235948652029037
          ]
        },
        {
          "action_values_bb": [
            -0.5000005577998391,
            -0.7563224132652239,
            -0.7290950875187947,
            -1.0070186714199476
          ],
          "candidate_probabilities": [
            0.740431547164917,
            0.0076923067681491375,
            0.24418385326862335,
            0.0076923067681491375
          ],
          "class_index": 4,
          "conditional_hand_mass": 0.009049773810439787,
          "expected_action_loss_bb": 0.06181303024013283,
          "hand": "62o",
          "probability_on_actions_losing_over_0_1bb": 0.2595684668049216,
          "reference_expected_action_loss_bb": 0.06524237394954421,
          "reference_probabilities": [
            0.7301825284957886,
            0.011235951445996761,
            0.24734559655189514,
            0.011235951445996761
          ]
        },
        {
          "action_values_bb": [
            -0.5000005577998391,
            -0.7744988788223234,
            -0.7734344107960299,
            -1.0732775450857215
          ],
          "candidate_probabilities": [
            0.7969936728477478,
            0.007692307699471712,
            0.18762175738811493,
            0.007692307699471712
          ],
          "class_index": 5,
          "conditional_hand_mass": 0.009049773810439787,
          "expected_action_loss_bb": 0.05782348856007125,
          "hand": "72o",
          "probability_on_actions_losing_over_0_1bb": 0.20300637278705835,
          "reference_expected_action_loss_bb": 0.058324041268841546,
          "reference_probabilities": [
            0.7990627884864807,
            0.011235958896577358,
            0.1784653663635254,
            0.011235958896577358
          ]
        },
        {
          "action_values_bb": [
            -0.5000005577998391,
            -0.7402711031173573,
            -0.722789470226504,
            -1.013377527607993
          ],
          "candidate_probabilities": [
            0.70209801197052,
            0.007692305836826563,
            0.2825174033641815,
            0.007692305836826563
          ],
          "class_index": 6,
          "conditional_hand_mass": 0.009049773810439787,
          "expected_action_loss_bb": 0.06873903221662243,
          "hand": "82o",
          "probability_on_actions_losing_over_0_1bb": 0.29790201503783464,
          "reference_expected_action_loss_bb": 0.061988873039573775,
          "reference_probabilities": [
            0.7372966408729553,
            0.011235962621867657,
            0.24023151397705078,
            0.011235962621867657
          ]
        },
        {
          "action_values_bb": [
            -0.5000005577998391,
            -0.6769918722365666,
            -0.6167464527029121,
            -0.8895992022222745
          ],
          "candidate_probabilities": [
            0.6915524005889893,
            0.007692305836826563,
            0.2930629849433899,
            0.007692305836826563
          ],
          "class_index": 7,
          "conditional_hand_mass": 0.009049773810439787,
          "expected_action_loss_bb": 0.038572283687801516,
          "hand": "92o",
          "probability_on_actions_losing_over_0_1bb": 0.308447596617043,
          "reference_expected_action_loss_bb": 0.04519763690611061,
          "reference_probabilities": [
            0.6449128985404968,
            0.011235946789383888,
            0.3326152265071869,
            0.011235946789383888
          ]
        },
        {
          "action_values_bb": [
            -0.5000005577998391,
            -0.646851281886008,
            -0.5788992997752687,
            -0.8392797688477467
          ],
          "candidate_probabilities": [
            0.5736756920814514,
            0.007692308630794287,
            0.4109397232532501,
            0.007692308630794287
          ],
          "class_index": 8,
          "conditional_hand_mass": 0.009049773810439787,
          "expected_action_loss_bb": 0.03616208868813194,
          "hand": "T2o",
          "probability_on_actions_losing_over_0_1bb": 0.015384617261588573,
          "reference_expected_action_loss_bb": 0.03869901407127737,
          "reference_probabilities": [
            0.5562680959701538,
            0.011235946789383888,
            0.4212599992752075,
            0.011235946789383888
          ]
        },
        {
          "action_values_bb": [
            -0.5000005577998391,
            -0.5862752729810434,
            -0.48052342697346484,
            -0.710475914822725
          ],
          "candidate_probabilities": [
            0.2719303369522095,
            0.007692305836826563,
            0.7126850485801697,
            0.007692305836826563
          ],
          "class_index": 9,
          "conditional_hand_mass": 0.009049773810439787,
          "expected_action_loss_bb": 0.007878763155253151,
          "hand": "J2o",
          "probability_on_actions_losing_over_0_1bb": 0.015384611673653126,
          "reference_expected_action_loss_bb": 0.008877505428461633,
          "reference_probabilities": [
            0.2621302902698517,
            0.011235957033932209,
            0.715397834777832,
            0.011235957033932209
          ]
        },
        {
          "action_values_bb": [
            -0.5000005577998391,
            -0.4826140607704331,
            -0.285179010363921,
            -0.4446790233792506
          ],
          "candidate_probabilities": [
            0.0844835415482521,
            0.007692307233810425,
            0.6503468751907349,
            0.2574772834777832
          ],
          "class_index": 10,
          "conditional_hand_mass": 0.009049773810439787,
          "expected_action_loss_bb": 0.06073524626057006,
          "hand": "Q2o",
          "probability_on_actions_losing_over_0_1bb": 0.34965313225984573,
          "reference_expected_action_loss_bb": 0.06733452056518752,
          "reference_probabilities": [
            0.08918124437332153,
            0.011235957033932209,
            0.6114442944526672,
            0.2881385087966919
          ]
        },
        {
          "action_values_bb": [
            -0.5000005577998391,
            -0.36789239049459493,
            -0.07329581303045216,
            -0.10698391739108339
          ],
          "candidate_probabilities": [
            0.02278648503124714,
            0.007692308630794287,
            0.4997076690196991,
            0.4698135554790497
          ],
          "class_index": 11,
          "conditional_hand_mass": 0.009049773810439787,
          "expected_action_loss_bb": 0.027816357161897082,
          "hand": "K2o",
          "probability_on_actions_losing_over_0_1bb": 0.030478793662041426,
          "reference_expected_action_loss_bb": 0.02787911266590884,
          "reference_probabilities": [
            0.020051484927535057,
            0.01123595330864191,
            0.4933822751045227,
            0.47533026337623596
          ]
        },
        {
          "action_values_bb": [
            -0.5000005577998391,
            -0.2578121881743955,
            0.12338808242050422,
            0.198935253073787
          ],
          "candidate_probabilities": [
            0.007692307699471712,
            0.007692307699471712,
            0.4454342722892761,
            0.5391810536384583
          ],
          "class_index": 12,
          "conditional_hand_mass": 0.009049773810439787,
          "expected_action_loss_bb": 0.042541170161905874,
          "hand": "A2o",
          "probability_on_actions_losing_over_0_1bb": 0.015384615398943424,
          "reference_expected_action_loss_bb": 0.046748195573812656,
          "reference_probabilities": [
            0.011235957033932209,
            0.011235957033932209,
            0.4469126760959625,
            0.5306154489517212
          ]
        },
        {
          "action_values_bb": [
            -0.5000005577998391,
            -0.6805728232481056,
            -0.5878138088928169,
            -0.7795593629182104
          ],
          "candidate_probabilities": [
            0.5331392288208008,
            0.00769230630248785,
            0.45147618651390076,
            0.00769230630248785
          ],
          "class_index": 13,
          "conditional_hand_mass": 0.0030165911925363843,
          "expected_action_loss_bb": 0.043185060862935463,
          "hand": "32s",
          "probability_on_actions_losing_over_0_1bb": 0.0153846126049757,
          "reference_expected_action_loss_bb": 0.05085276781983858,
          "reference_probabilities": [
            0.4573017358779907,
            0.011235951445996761,
            0.520226240158081,
            0.011235951445996761
          ]
        },
        {
          "action_values_bb": [
            -0.5000005577998391,
            -0.2513003553804753,
            0.12462071935106807,
            0.16918812853195758
          ],
          "candidate_probabilities": [
            0.01303852815181017,
            0.007692307699471712,
            0.46295976638793945,
            0.516309380531311
          ],
          "class_index": 14,
          "conditional_hand_mass": 0.0045248869052198935,
          "expected_action_loss_bb": 0.032592679670849105,
          "hand": "33",
          "probability_on_actions_losing_over_0_1bb": 0.02073083585128188,
          "reference_expected_action_loss_bb": 0.033011071512630635,
          "reference_probabilities": [
            0.011235951445996761,
            0.011235951445996761,
            0.46597978472709656,
            0.5115482807159424
          ]
        },
        {
          "action_values_bb": [
            -0.5000005577998391,
            -0.7186354728469236,
            -0.6593387468840681,
            -0.8901537172401056
          ],
          "candidate_probabilities": [
            0.5916239023208618,
            0.007692308165132999,
            0.3929915130138397,
            0.007692308165132999
          ],
          "class_index": 15,
          "conditional_hand_mass": 0.009049773810439787,
          "expected_action_loss_bb": 0.06730154148531109,
          "hand": "43o",
          "probability_on_actions_losing_over_0_1bb": 0.4083761293441057,
          "reference_expected_action_loss_bb": 0.06883954199621245,
          "reference_probabilities": [
            0.5884235501289368,
            0.011235960759222507,
            0.38910460472106934,
            0.011235960759222507
          ]
        },
        {
          "action_values_bb": [
            -0.5000005577998391,
            -0.6631920281726106,
            -0.5567973488393425,
            -0.7808980205543042
          ],
          "candidate_probabilities": [
            0.40890949964523315,
            0.0076923067681491375,
            0.575705885887146,
            0.0076923067681491375
          ],
          "class_index": 16,
          "conditional_hand_mass": 0.009049773810439787,
          "expected_action_loss_bb": 0.0361143152068992,
          "hand": "53o",
          "probability_on_actions_losing_over_0_1bb": 0.015384613536298275,
          "reference_expected_action_loss_bb": 0.035672062363906784,
          "reference_probabilities": [
            0.43731632828712463,
            0.011235960759222507,
            0.5402117967605591,
            0.011235960759222507
          ]
        },
        {
          "action_values_bb": [
            -0.5000005577998391,
            -0.6777989466259927,
            -0.5878213701795247,
            -0.8287720594341926
          ],
          "candidate_probabilities": [
            0.5614129304885864,
            0.007692309562116861,
            0.4232025146484375,
            0.007692309562116861
          ],
          "class_index": 17,
          "conditional_hand_mass": 0.009049773810439787,
          "expected_action_loss_bb": 0.04106268104982144,
          "hand": "63o",
          "probability_on_actions_losing_over_0_1bb": 0.015384619124233723,
          "reference_expected_action_loss_bb": 0.044373807424481396,
          "reference_probabilities": [
            0.5370628833770752,
            0.011235951445996761,
            0.44046521186828613,
            0.011235951445996761
          ]
        },
        {
          "action_values_bb": [
            -0.5000005577998391,
            -0.7126975076263633,
            -0.6640343059296602,
            -0.9315983692411814
          ],
          "candidate_probabilities": [
            0.6062798500061035,
            0.007692305836826563,
            0.3783355951309204,
            0.007692305836826563
          ],
          "class_index": 18,
          "conditional_hand_mass": 0.009049773810439787,
          "expected_action_loss_bb": 0.06701591807298896,
          "hand": "73o",
          "probability_on_actions_losing_over_0_1bb": 0.39372020680457354,
          "reference_expected_action_loss_bb": 0.0584619623071928,
          "reference_probabilities": [
            0.6652588844299316,
            0.011235949583351612,
            0.31226927042007446,
            0.011235949583351612
          ]
        },
        {
          "action_values_bb": [
            -0.5000005577998391,
            -0.6919953243977931,
            -0.6301773431621797,
            -0.9057800458883334
          ],
          "candidate_probabilities": [
            0.5136076211929321,
            0.007692308630794287,
            0.4710077941417694,
            0.007692308630794287
          ],
          "class_index": 19,
          "conditional_hand_mass": 0.009049773810439787,
          "expected_action_loss_bb": 0.0659125445805738,
          "hand": "83o",
          "probability_on_actions_losing_over_0_1bb": 0.486392411403358,
          "reference_expected_action_loss_bb": 0.049656432742638854,
          "reference_probabilities": [
            0.6476700305938721,
            0.011235951445996761,
            0.32985812425613403,
            0.011235951445996761
          ]
        },
        {
          "action_values_bb": [
            -0.5000005577998391,
            -0.652458223890939,
            -0.5736563531542341,
            -0.8343579909785173
          ],
          "candidate_probabilities": [
            0.5231106281280518,
            0.0076923067681491375,
            0.4615047574043274,
            0.0076923067681491375
          ],
          "class_index": 20,
          "conditional_hand_mass": 0.009049773810439787,
          "expected_action_loss_bb": 0.03773723104940297,
          "hand": "93o",
          "probability_on_actions_losing_over_0_1bb": 0.015384613536298275,
          "reference_expected_action_loss_bb": 0.03523719512458785,
          "reference_probabilities": [
            0.5733866095542908,
            0.011235950514674187,
            0.40414151549339294,
            0.011235950514674187
          ]
        },
        {
          "action_values_bb": [
            -0.5000005577998391,
            -0.5888804461407069,
            -0.4697786836171708,
            -0.7135247247877572
          ],
          "candidate_probabilities": [
            0.168080136179924,
            0.007692309562116861,
            0.8165352940559387,
            0.007692309562116861
          ],
          "class_index": 21,
          "conditional_hand_mass": 0.009049773810439787,
          "expected_action_loss_bb": 0.007870834358184819,
          "hand": "T3o",
          "probability_on_actions_losing_over_0_1bb": 0.015384619124233723,
          "reference_expected_action_loss_bb": 0.015532316138078114,
          "reference_probabilities": [
            0.37904253602027893,
            0.011235951445996761,
            0.5984855890274048,
            0.011235951445996761
          ]
        },
        {
          "action_values_bb": [
            -0.5000005577998391,
            -0.5500567096503091,
            -0.4132212506864037,
            -0.626138934304814
          ],
          "candidate_probabilities": [
            0.1211860403418541,
            0.007692305371165276,
            0.8634293675422668,
            0.007692305371165276
          ],
          "class_index": 22,
          "conditional_hand_mass": 0.009049773810439787,
          "expected_action_loss_bb": 0.01320684858995481,
          "hand": "J3o",
          "probability_on_actions_losing_over_0_1bb": 0.015384610742330551,
          "reference_expected_action_loss_bb": 0.017029014464012764,
          "reference_probabilities": [
            0.15094847977161407,
            0.01123595330864191,
            0.8265796899795532,
            0.01123595330864191
          ]
        },
        {
          "action_values_bb": [
            -0.5000005577998391,
            -0.4507090255732633,
            -0.22619183232288925,
            -0.3666840410986921
          ],
          "candidate_probabilities": [
            0.06325280666351318,
            0.008798140101134777,
            0.5890624523162842,
            0.3388866186141968
          ],
          "class_index": 23,
          "conditional_hand_mass": 0.009049773810439787,
          "expected_action_loss_bb": 0.06690543367037843,
          "hand": "Q3o",
          "probability_on_actions_losing_over_0_1bb": 0.41093756537884474,
          "reference_expected_action_loss_bb": 0.07081404928512011,
          "reference_probabilities": [
            0.07415665686130524,
            0.011235951445996761,
            0.5730465054512024,
            0.34156090021133423
          ]
        },
        {
          "action_values_bb": [
            -0.5000005577998391,
            -0.349826586227798,
            -0.041557556111564926,
            -0.060662436891145984
          ],
          "candidate_probabilities": [
            0.020231155678629875,
            0.007692307699471712,
            0.4916309416294098,
            0.48044559359550476
          ],
          "class_index": 24,
          "conditional_hand_mass": 0.009049773810439787,
          "expected_action_loss_bb": 0.0208249877575228,
          "hand": "K3o",
          "probability_on_actions_losing_over_0_1bb": 0.027923463378101587,
          "reference_expected_action_loss_bb": 0.020851954330457084,
          "reference_probabilities": [
            0.01757846213877201,
            0.01123595330864191,
            0.48285308480262756,
            0.4883325397968292
          ]
        },
        {
          "action_values_bb": [
            -0.5000005577998391,
            -0.23023712071160385,
            0.172020326226137,
            0.26417180358999975
          ],
          "candidate_probabilities": [
            0.0076923067681491375,
            0.0076923067681491375,
            0.4385787844657898,
            0.5460366010665894
          ],
          "class_index": 25,
          "conditional_hand_mass": 0.009049773810439787,
          "expected_action_loss_bb": 0.0500970762711598,
          "hand": "A3o",
          "probability_on_actions_losing_over_0_1bb": 0.015384613536298275,
          "reference_expected_action_loss_bb": 0.05454893709987174,
          "reference_probabilities": [
            0.011235956102609634,
            0.011235956102609634,
            0.43849077820777893,
            0.5390373468399048
          ]
        },
        {
          "action_values_bb": [
            -0.5000005577998391,
            -0.6556033472948567,
            -0.5462602619675956,
            -0.7336184723473829
          ],
          "candidate_probabilities": [
            0.2045307755470276,
            0.007692304905503988,
            0.7800845503807068,
            0.007692304905503988
          ],
          "class_index": 26,
          "conditional_hand_mass": 0.0030165911925363843,
          "expected_action_loss_bb": 0.039080484857479135,
          "hand": "42s",
          "probability_on_actions_losing_over_0_1bb": 0.015384609811007977,
          "reference_expected_action_loss_bb": 0.031465699020215655,
          "reference_probabilities": [
            0.39186859130859375,
            0.01123595517128706,
            0.5856594443321228,
            0.01123595517128706
          ]
        },
        {
          "action_values_bb": [
            -0.5000005577998391,
            -0.5652780756153462,
            -0.37945573610365657,
            -0.5306492418260631
          ],
          "candidate_probabilities": [
            0.06993213295936584,
            0.007692304905503988,
            0.9146832823753357,
            0.007692304905503988
          ],
          "class_index": 27,
          "conditional_hand_mass": 0.0030165911925363843,
          "expected_action_loss_bb": 0.011022385137947295,
          "hand": "43s",
          "probability_on_actions_losing_over_0_1bb": 0.08531674277037382,
          "reference_expected_action_loss_bb": 0.015294464969817432,
          "reference_probabilities": [
            0.09546465426683426,
            0.011235956102609634,
            0.8820633888244629,
            0.011235956102609634
          ]
        },
        {
          "action_values_bb": [
            -0.5000005577998391,
            -0.17430966072134677,
            0.2510193327226458,
            0.32150969146231567
          ],
          "candidate_probabilities": [
            0.007692307699471712,
            0.007692307699471712,
            0.4347952902317047,
            0.5498201251029968
          ],
          "class_index": 28,
          "conditional_hand_mass": 0.0045248869052198935,
          "expected_action_loss_bb": 0.040782180622695396,
          "hand": "44",
          "probability_on_actions_losing_over_0_1bb": 0.015384615398943424,
          "reference_expected_action_loss_bb": 0.04569081592259443,
          "reference_probabilities": [
            0.011235962621867657,
            0.011235962621867657,
            0.4382067322731018,
            0.5393213629722595
          ]
        },
        {
          "action_values_bb": [
            -0.5000005577998391,
            -0.6166350166906107,
            -0.47961068050340816,
            -0.6781806676492208
          ],
          "candidate_probabilities": [
            0.24039988219738007,
            0.007692308165132999,
            0.7442154884338379,
            0.007692308165132999
          ],
          "class_index": 29,
          "conditional_hand_mass": 0.009049773810439787,
          "expected_action_loss_bb": 0.007483219053627868,
          "hand": "54o",
          "probability_on_actions_losing_over_0_1bb": 0.015384616330265999,
          "reference_expected_action_loss_bb": 0.009039405795673458,
          "reference_probabilities": [
            0.25839710235595703,
            0.011235948652029037,
            0.7191310524940491,
            0.011235948652029037
          ]
        },
        {
          "action_values_bb": [
            -0.5000005577998391,
            -0.6312528432297354,
            -0.5100733072944105,
            -0.728836640260009
          ],
          "candidate_probabilities": [
            0.39681053161621094,
            0.0076923067681491375,
            0.5878048539161682,
            0.0076923067681491375
          ],
          "class_index": 30,
          "conditional_hand_mass": 0.009049773810439787,
          "expected_action_loss_bb": 0.008690721234643218,
          "hand": "64o",
          "probability_on_actions_losing_over_0_1bb": 0.015384613536298275,
          "reference_expected_action_loss_bb": 0.010040159469355148,
          "reference_probabilities": [
            0.38243529200553894,
            0.011235959827899933,
            0.5950928330421448,
            0.011235959827899933
          ]
        },
        {
          "action_values_bb": [
            -0.5000005577998391,
            -0.675315621742294,
            -0.6054136333718009,
            -0.8529296887105031
          ],
          "candidate_probabilities": [
            0.5518344044685364,
            0.007692308165132999,
            0.43278101086616516,
            0.007692308165132999
          ],
          "class_index": 31,
          "conditional_hand_mass": 0.009049773810439787,
          "expected_action_loss_bb": 0.049684194537797835,
          "hand": "74o",
          "probability_on_actions_losing_over_0_1bb": 0.44816562719643116,
          "reference_expected_action_loss_bb": 0.04808798084761748,
          "reference_probabilities": [
            0.5776474475860596,
            0.011235950514674187,
            0.39988070726394653,
            0.011235950514674187
          ]
        },
        {
          "action_values_bb": [
            -0.5000005577998391,
            -0.6269683826655643,
            -0.5160735291747909,
            -0.7637172277100085
          ],
          "candidate_probabilities": [
            0.37041425704956055,
            0.007692305836826563,
            0.6142011880874634,
            0.007692305836826563
          ],
          "class_index": 32,
          "conditional_hand_mass": 0.009049773810439787,
          "expected_action_loss_bb": 0.012877302734113425,
          "hand": "84o",
          "probability_on_actions_losing_over_0_1bb": 0.015384611673653126,
          "reference_expected_action_loss_bb": 0.012571125751762684,
          "reference_probabilities": [
            0.46851128339767456,
            0.011235954239964485,
            0.5090168118476868,
            0.011235954239964485
          ]
        },
        {
          "action_values_bb": [
            -0.5000005577998391,
            -0.6596124406717894,
            -0.5938852122304432,
            -0.8590786882035251
          ],
          "candidate_probabilities": [
            0.5352497696876526,
            0.007692308630794287,
            0.44936567544937134,
            0.007692308630794287
          ],
          "class_index": 33,
          "conditional_hand_mass": 0.009049773810439787,
          "expected_action_loss_bb": 0.04617846481836621,
          "hand": "94o",
          "probability_on_actions_losing_over_0_1bb": 0.015384617261588573,
          "reference_expected_action_loss_bb": 0.04062143862685687,
          "reference_probabilities": [
            0.6069301962852478,
            0.011235959827899933,
            0.3705979287624359,
            0.011235959827899933
          ]
        },
        {
          "action_values_bb": [
            -0.5000005577998391,
            -0.6072724703467408,
            -0.5138492403385969,
            -0.7562842349651251
          ],
          "candidate_probabilities": [
            0.2870083153247833,
            0.0076923067681491375,
            0.6976070404052734,
            0.0076923067681491375
          ],
          "class_index": 34,
          "conditional_hand_mass": 0.009049773810439787,
          "expected_action_loss_bb": 0.01245751956271654,
          "hand": "T4o",
          "probability_on_actions_losing_over_0_1bb": 0.015384613536298275,
          "reference_expected_action_loss_bb": 0.011378641517853417,
          "reference_probabilities": [
            0.450853556394577,
            0.011235950514674187,
            0.5266745686531067,
            0.011235950514674187
          ]
        },
        {
          "action_values_bb": [
            -0.5000005577998391,
            -0.5452021776505719,
            -0.41073262670423344,
            -0.6159251854064688
          ],
          "candidate_probabilities": [
            0.10147681087255478,
            0.007692308165132999,
            0.8831385970115662,
            0.007692308165132999
          ],
          "class_index": 35,
          "conditional_hand_mass": 0.009049773810439787,
          "expected_action_loss_bb": 0.011671410580209051,
          "hand": "J4o",
          "probability_on_actions_losing_over_0_1bb": 0.015384616330265999,
          "reference_expected_action_loss_bb": 0.017531841938194057,
          "reference_probabilities": [
            0.15364322066307068,
            0.011235958896577358,
            0.8238848447799683,
            0.011235958896577358
          ]
        },
        {
          "action_values_bb": [
            -0.5000005577998391,
            -0.4689197958204678,
            -0.2702999165779352,
            -0.40766076101251825
          ],
          "candidate_probabilities": [
            0.06342882663011551,
            0.007692307699471712,
            0.6029453873634338,
            0.3259334862232208
          ],
          "class_index": 36,
          "conditional_hand_mass": 0.009049773810439787,
          "expected_action_loss_bb": 0.06086798627238514,
          "hand": "Q4o",
          "probability_on_actions_losing_over_0_1bb": 0.39705462055280805,
          "reference_expected_action_loss_bb": 0.06617933843158486,
          "reference_probabilities": [
            0.08125511556863785,
            0.011235961690545082,
            0.5778421759605408,
            0.32966673374176025
          ]
        },
        {
          "action_values_bb": [
            -0.5000005577998391,
            -0.31122863471671824,
            0.02816957363019854,
            0.027293750410602658
          ],
          "candidate_probabilities": [
            0.00892301369458437,
            0.007692307699471712,
            0.473295122385025,
            0.5100895166397095
          ],
          "class_index": 37,
          "conditional_hand_mass": 0.009049773810439787,
          "expected_action_loss_bb": 0.007770373009820042,
          "hand": "K4o",
          "probability_on_actions_losing_over_0_1bb": 0.016615321394056082,
          "reference_expected_action_loss_bb": 0.010488003573772319,
          "reference_probabilities": [
            0.011791672557592392,
            0.011235951445996761,
            0.4671291708946228,
            0.5098432302474976
          ]
        },
        {
          "action_values_bb": [
            -0.5000005577998391,
            -0.21009605313229401,
            0.20634825799110249,
            0.3097733349364914
          ],
          "candidate_probabilities": [
            0.0076923067681491375,
            0.0076923067681491375,
            0.41950419545173645,
            0.5651112198829651
          ],
          "class_index": 38,
          "conditional_hand_mass": 0.009049773810439787,
          "expected_action_loss_bb": 0.05361527770167053,
          "hand": "A4o",
          "probability_on_actions_losing_over_0_1bb": 0.4348888089880347,
          "reference_expected_action_loss_bb": 0.05945597899541333,
          "reference_probabilities": [
            0.011235957033932209,
            0.011235957033932209,
            0.4304194450378418,
            0.5471087098121643
          ]
        },
        {
          "action_values_bb": [
            -0.5000005577998391,
            -0.600830811871468,
            -0.44458924859403454,
            -0.6212956822573787
          ],
          "candidate_probabilities": [
            0.3596678376197815,
            0.007692304905503988,
            0.6249474883079529,
            0.007692304905503988
          ],
          "class_index": 39,
          "conditional_hand_mass": 0.0030165911925363843,
          "expected_action_loss_bb": 0.02249080327187809,
          "hand": "52s",
          "probability_on_actions_losing_over_0_1bb": 0.015384609811007977,
          "reference_expected_action_loss_bb": 0.012698295230935092,
          "reference_probabilities": [
            0.16165128350257874,
            0.011235946789383888,
            0.8158767819404602,
            0.011235946789383888
          ]
        },
        {
          "action_values_bb": [
            -0.5000005577998391,
            -0.5580247563964147,
            -0.3727762069858852,
            -0.5270382316009723
          ],
          "candidate_probabilities": [
            0.06765244901180267,
            0.007692308630794287,
            0.9169629216194153,
            0.007692308630794287
          ],
          "class_index": 40,
          "conditional_hand_mass": 0.0030165911925363843,
          "expected_action_loss_bb": 0.011218659025323884,
          "hand": "53s",
          "probability_on_actions_losing_over_0_1bb": 0.08303706627339125,
          "reference_expected_action_loss_bb": 0.015379793045741177,
          "reference_probabilities": [
            0.09090295433998108,
            0.011235949583351612,
            0.8866250514984131,
            0.011235949583351612
          ]
        },
        {
          "action_values_bb": [
            -0.5000005577998391,
            -0.49517391579205716,
            -0.2613636222777818,
            -0.38797377349112044
          ],
          "candidate_probabilities": [
            0.03154450282454491,
            0.007692305836826563,
            0.9056854248046875,
            0.055077772587537766
          ],
          "class_index": 41,
          "conditional_hand_mass": 0.0030165911925363843,
          "expected_action_loss_bb": 0.016299628887928304,
          "hand": "54s",
          "probability_on_actions_losing_over_0_1bb": 0.09431458124890924,
          "reference_expected_action_loss_bb": 0.025100239311063036,
          "reference_probabilities": [
            0.06359023600816727,
            0.011235957965254784,
            0.867530882358551,
            0.05764291062951088
          ]
        },
        {
          "action_values_bb": [
            -0.5000005577998391,
            -0.06801837578603294,
            0.4359495798527656,
            0.5538446663799163
          ],
          "candidate_probabilities": [
            0.0076923067681491375,
            0.0076923067681491375,
            0.4144922196865082,
            0.5701231360435486
          ],
          "class_index": 42,
          "conditional_hand_mass": 0.0045248869052198935,
          "expected_action_loss_bb": 0.06175665814342614,
          "hand": "55",
          "probability_on_actions_losing_over_0_1bb": 0.42987683322280645,
          "reference_expected_action_loss_bb": 0.067228140932655,
          "reference_probabilities": [
            0.011235957033932209,
            0.011235957033932209,
            0.4105341136455536,
            0.5669940114021301
          ]
        },
        {
          "action_values_bb": [
            -0.5000005577998391,
            -0.5848132176249875,
            -0.4313150379117957,
            -0.6284009985856676
          ],
          "candidate_probabilities": [
            0.1031026542186737,
            0.007692305836826563,
            0.8815127611160278,
            0.007692305836826563
          ],
          "class_index": 43,
          "conditional_hand_mass": 0.009049773810439787,
          "expected_action_loss_bb": 0.009778459836245005,
          "hand": "65o",
          "probability_on_actions_losing_over_0_1bb": 0.015384611673653126,
          "reference_expected_action_loss_bb": 0.014026594938215786,
          "reference_probabilities": [
            0.14686420559883118,
            0.011235963553190231,
            0.8306639194488525,
            0.011235963553190231
          ]
        },
        {
          "action_values_bb": [
            -0.5000005577998391,
            -0.6134341752805423,
            -0.495917555944225,
            -0.7154336397926968
          ],
          "candidate_probabilities": [
            0.46431609988212585,
            0.0076923067681491375,
            0.5202993154525757,
            0.0076923067681491375
          ],
          "class_index": 44,
          "conditional_hand_mass": 0.009049773810439787,
          "expected_action_loss_bb": 0.004488362441206179,
          "hand": "75o",
          "probability_on_actions_losing_over_0_1bb": 0.015384613536298275,
          "reference_expected_action_loss_bb": 0.0052565162221531875,
          "reference_probabilities": [
            0.3599396049976349,
            0.011235948652029037,
            0.617588460445404,
            0.011235948652029037
          ]
        },
        {
          "action_values_bb": [
            -0.5000005577998391,
            -0.5863443162055728,
            -0.44919022957801824,
            -0.6761519496343932
          ],
          "candidate_probabilities": [
            0.21019048988819122,
            0.00769230630248785,
            0.7744249105453491,
            0.00769230630248785
          ],
          "class_index": 45,
          "conditional_hand_mass": 0.009049773810439787,
          "expected_action_loss_bb": 0.013480738094914551,
          "hand": "85o",
          "probability_on_actions_losing_over_0_1bb": 0.0153846126049757,
          "reference_expected_action_loss_bb": 0.018523518411718724,
          "reference_probabilities": [
            0.28404325246810913,
            0.011235951445996761,
            0.693484902381897,
            0.011235951445996761
          ]
        },
        {
          "action_values_bb": [
            -0.5000005577998391,
            -0.5706215501629396,
            -0.43054443743407117,
            -0.6632417963138107
          ],
          "candidate_probabilities": [
            0.2026558518409729,
            0.007692308165132999,
            0.7819595336914062,
            0.007692308165132999
          ],
          "class_index": 46,
          "conditional_hand_mass": 0.009049773810439787,
          "expected_action_loss_bb": 0.01694318535000188,
          "hand": "95o",
          "probability_on_actions_losing_over_0_1bb": 0.015384616330265999,
          "reference_expected_action_loss_bb": 0.02483515236528776,
          "reference_probabilities": [
            0.29726216197013855,
            0.011235951445996761,
            0.6802659630775452,
            0.011235951445996761
          ]
        },
        {
          "action_values_bb": [
            -0.5000005577998391,
            -0.5535319885812175,
            -0.41222969949463334,
            -0.6404439590897203
          ],
          "candidate_probabilities": [
            0.12491776049137115,
            0.007692308165132999,
            0.8596976399421692,
            0.007692308165132999
          ],
          "class_index": 47,
          "conditional_hand_mass": 0.009049773810439787,
          "expected_action_loss_bb": 0.013806574220467554,
          "hand": "T5o",
          "probability_on_actions_losing_over_0_1bb": 0.015384616330265999,
          "reference_expected_action_loss_bb": 0.025503039837650905,
          "reference_probabilities": [
            0.24326032400131226,
            0.011235957965254784,
            0.7342678308486938,
            0.011235957965254784
          ]
        },
        {
          "action_values_bb": [
            -0.5000005577998391,
            -0.5050057577338948,
            -0.33705647165571107,
            -0.5214490772131328
          ],
          "candidate_probabilities": [
            0.08930128812789917,
            0.00769230630248785,
            0.8484647274017334,
            0.05454165115952492
          ],
          "class_index": 48,
          "conditional_hand_mass": 0.009049773810439787,
          "expected_action_loss_bb": 0.025900111306000322,
          "hand": "J5o",
          "probability_on_actions_losing_over_0_1bb": 0.15153524558991194,
          "reference_expected_action_loss_bb": 0.031925625162470536,
          "reference_probabilities": [
            0.12834681570529938,
            0.011235954239964485,
            0.8109293580055237,
            0.0494878850877285
          ]
        },
        {
          "action_values_bb": [
            -0.5000005577998391,
            -0.4065173333201114,
            -0.15178390586322005,
            -0.2546319078861741
          ],
          "candidate_probabilities": [
            0.05302926152944565,
            0.009472926147282124,
            0.5424972176551819,
            0.3950005769729614
          ],
          "class_index": 49,
          "conditional_hand_mass": 0.009049773810439787,
          "expected_action_loss_bb": 0.06150376298958126,
          "hand": "Q5o",
          "probability_on_actions_losing_over_0_1bb": 0.4575027646496892,
          "reference_expected_action_loss_bb": 0.06478571340934346,
          "reference_probabilities": [
            0.05992039665579796,
            0.011235951445996761,
            0.5296306610107422,
            0.3992130160331726
          ]
        },
        {
          "action_values_bb": [
            -0.5000005577998391,
            -0.2947763904400545,
            0.05522063462747028,
            0.08234589849778305
          ],
          "candidate_probabilities": [
            0.011594482697546482,
            0.00769230630248785,
            0.47954899072647095,
            0.5011641979217529
          ],
          "class_index": 50,
          "conditional_hand_mass": 0.009049773810439787,
          "expected_action_loss_bb": 0.022660838983723158,
          "hand": "K5o",
          "probability_on_actions_losing_over_0_1bb": 0.019286789000034332,
          "reference_expected_action_loss_bb": 0.02325013583390461,
          "reference_probabilities": [
            0.011235957965254784,
            0.011235957965254784,
            0.4597037434577942,
            0.5178244113922119
          ]
        },
        {
          "action_values_bb": [
            -0.5000005577998391,
            -0.17412994071207488,
            0.2695520619380941,
            0.4036921391128008
          ],
          "candidate_probabilities": [
            0.007692309562116861,
            0.007692309562116861,
            0.4250887930393219,
            0.5595265626907349
          ],
          "class_index": 51,
          "conditional_hand_mass": 0.009049773810439787,
          "expected_action_loss_bb": 0.06841771378791296,
          "hand": "A5o",
          "probability_on_actions_losing_over_0_1bb": 0.4404734121635556,
          "reference_expected_action_loss_bb": 0.07327671667893468,
          "reference_probabilities": [
            0.01123595330864191,
            0.01123595330864191,
            0.42217424511909485,
            0.5553538799285889
          ]
        },
        {
          "action_values_bb": [
            -0.5000005577998391,
            -0.6744015737392794,
            -0.5921910501635593,
            -0.8045173729858778
          ],
          "candidate_probabilities": [
            0.4040544331073761,
            0.00769230630248785,
            0.5805609226226807,
            0.00769230630248785
          ],
          "class_index": 52,
          "conditional_hand_mass": 0.0030165911925363843,
          "expected_action_loss_bb": 0.057206179954460944,
          "hand": "62s",
          "probability_on_actions_losing_over_0_1bb": 0.0153846126049757,
          "reference_expected_action_loss_bb": 0.0503890819023044,
          "reference_probabilities": [
            0.48932167887687683,
            0.011235951445996761,
            0.4882063567638397,
            0.011235951445996761
          ]
        },
        {
          "action_values_bb": [
            -0.5000005577998391,
            -0.5749442510049694,
            -0.407587348355916,
            -0.5788176750654795
          ],
          "candidate_probabilities": [
            0.0602111853659153,
            0.007692304905503988,
            0.9244041442871094,
            0.007692304905503988
          ],
          "class_index": 53,
          "conditional_hand_mass": 0.0030165911925363843,
          "expected_action_loss_bb": 0.008168825089423503,
          "hand": "63s",
          "probability_on_actions_losing_over_0_1bb": 0.015384609811007977,
          "reference_expected_action_loss_bb": 0.014560265403797335,
          "reference_probabilities": [
            0.11638937890529633,
            0.011235950514674187,
            0.8611387014389038,
            0.011235950514674187
          ]
        },
        {
          "action_values_bb": [
            -0.5000005577998391,
            -0.5385307056415876,
            -0.3495049836316736,
            -0.5024453015279997
          ],
          "candidate_probabilities": [
            0.05778981372714043,
            0.00769230630248785,
            0.9268255233764648,
            0.00769230630248785
          ],
          "class_index": 54,
          "conditional_hand_mass": 0.0030165911925363843,
          "expected_action_loss_bb": 0.011327618721944913,
          "hand": "64s",
          "probability_on_actions_losing_over_0_1bb": 0.07317442633211613,
          "reference_expected_action_loss_bb": 0.018787217319513896,
          "reference_probabilities": [
            0.09930459409952164,
            0.011235956102609634,
            0.8782234787940979,
            0.011235956102609634
          ]
        },
        {
          "action_values_bb": [
            -0.5000005577998391,
            -0.4771517128793504,
            -0.2412570608162967,
            -0.3674098006671286
          ],
          "candidate_probabilities": [
            0.031937334686517715,
            0.007692307233810425,
            0.7516742944717407,
            0.20869605243206024
          ],
          "class_index": 55,
          "conditional_hand_mass": 0.0030165911925363843,
          "expected_action_loss_bb": 0.03640573060996247,
          "hand": "65s",
          "probability_on_actions_losing_over_0_1bb": 0.24832569435238838,
          "reference_expected_action_loss_bb": 0.030303946702204675,
          "reference_probabilities": [
            0.058397628366947174,
            0.011235942132771015,
            0.8309357762336731,
            0.09943059086799622
          ]
        },
        {
          "action_values_bb": [
            -0.5000005577998391,
            0.01522391480041302,
            0.5771106836022961,
            0.7429205903753497
          ],
          "candidate_probabilities": [
            0.007692308630794287,
            0.007692308630794287,
            0.3926238715648651,
            0.5919915437698364
          ],
          "class_index": 56,
          "conditional_hand_mass": 0.0045248869052198935,
          "expected_action_loss_bb": 0.08025952803467581,
          "hand": "66",
          "probability_on_actions_losing_over_0_1bb": 0.4080084888264537,
          "reference_expected_action_loss_bb": 0.08734496907953546,
          "reference_probabilities": [
            0.011235946789383888,
            0.011235946789383888,
            0.393240749835968,
            0.5842873454093933
          ]
        },
        {
          "action_values_bb": [
            -0.5000005577998391,
            -0.53435005782525,
            -0.35451892242987526,
            -0.5438290603799733
          ],
          "candidate_probabilities": [
            0.086788110435009,
            0.007692309096455574,
            0.8978272676467896,
            0.007692309096455574
          ],
          "class_index": 57,
          "conditional_hand_mass": 0.009049773810439787,
          "expected_action_loss_bb": 0.015465625011586706,
          "hand": "76o",
          "probability_on_actions_losing_over_0_1bb": 0.10217272862792015,
          "reference_expected_action_loss_bb": 0.02216018669421903,
          "reference_probabilities": [
            0.12381309270858765,
            0.011235957033932209,
            0.8537150025367737,
            0.011235957033932209
          ]
        },
        {
          "action_values_bb": [
            -0.5000005577998391,
            -0.5266477097358384,
            -0.34644393305906107,
            -0.5431585849733681
          ],
          "candidate_probabilities": [
            0.08946698904037476,
            0.007692309096455574,
            0.8951483964920044,
            0.007692309096455574
          ],
          "class_index": 58,
          "conditional_hand_mass": 0.009049773810439787,
          "expected_action_loss_bb": 0.016637621919633066,
          "hand": "86o",
          "probability_on_actions_losing_over_0_1bb": 0.1048516072332859,
          "reference_expected_action_loss_bb": 0.02443922168947152,
          "reference_probabilities": [
            0.13157479465007782,
            0.011235959827899933,
            0.8459533452987671,
            0.011235959827899933
          ]
        },
        {
          "action_values_bb": [
            -0.5000005577998391,
            -0.5277718623449161,
            -0.3613128005146633,
            -0.5679220468527074
          ],
          "candidate_probabilities": [
            0.10447639971971512,
            0.007692308630794287,
            0.8801390528678894,
            0.007692308630794287
          ],
          "class_index": 59,
          "conditional_hand_mass": 0.009049773810439787,
          "expected_action_loss_bb": 0.01735935413315567,
          "hand": "96o",
          "probability_on_actions_losing_over_0_1bb": 0.11986101698130369,
          "reference_expected_action_loss_bb": 0.025316520950167978,
          "reference_probabilities": [
            0.15231871604919434,
            0.011235957965254784,
            0.8252094388008118,
            0.011235957965254784
          ]
        },
        {
          "action_values_bb": [
            -0.5000005577998391,
            -0.5240474947969671,
            -0.3690270483339758,
            -0.5694936788882677
          ],
          "candidate_probabilities": [
            0.08561413735151291,
            0.0076923067681491375,
            0.8990012407302856,
            0.0076923067681491375
          ],
          "class_index": 60,
          "conditional_hand_mass": 0.009049773810439787,
          "expected_action_loss_bb": 0.013947699677349696,
          "hand": "T6o",
          "probability_on_actions_losing_over_0_1bb": 0.10099875088781118,
          "reference_expected_action_loss_bb": 0.023134114424403586,
          "reference_probabilities": [
            0.14613547921180725,
            0.011235957965254784,
            0.8313926458358765,
            0.011235957965254784
          ]
        },
        {
          "action_values_bb": [
            -0.5000005577998391,
            -0.498186127889868,
            -0.3287058361977388,
            -0.5004421183502512
          ],
          "candidate_probabilities": [
            0.07562565058469772,
            0.007692305836826563,
            0.7317789196968079,
            0.1849031299352646
          ],
          "class_index": 61,
          "conditional_hand_mass": 0.009049773810439787,
          "expected_action_loss_bb": 0.046012545093339206,
          "hand": "J6o",
          "probability_on_actions_losing_over_0_1bb": 0.2682210863567889,
          "reference_expected_action_loss_bb": 0.04310466182148424,
          "reference_probabilities": [
            0.1264577955007553,
            0.011235954239964485,
            0.7485339045524597,
            0.11377232521772385
          ]
        },
        {
          "action_values_bb": [
            -0.5000005577998391,
            -0.38919420855020387,
            -0.12213171575511843,
            -0.19979569031448755
          ],
          "candidate_probabilities": [
            0.04178468510508537,
            0.0076923067681491375,
            0.5194221138954163,
            0.43110087513923645
          ],
          "class_index": 62,
          "conditional_hand_mass": 0.009049773810439787,
          "expected_action_loss_bb": 0.05132446459604373,
          "hand": "Q6o",
          "probability_on_actions_losing_over_0_1bb": 0.04947699187323451,
          "reference_expected_action_loss_bb": 0.05531900459478797,
          "reference_probabilities": [
            0.04981067776679993,
            0.01123595517128706,
            0.5076543688774109,
            0.4312990605831146
          ]
        },
        {
          "action_values_bb": [
            -0.5000005577998391,
            -0.2601200695142555,
            0.11746098654958655,
            0.17001288207739534
          ],
          "candidate_probabilities": [
            0.011783693917095661,
            0.007692305836826563,
            0.449967622756958,
            0.5305563807487488
          ],
          "class_index": 63,
          "conditional_hand_mass": 0.009049773810439787,
          "expected_action_loss_bb": 0.03485059901201373,
          "hand": "K6o",
          "probability_on_actions_losing_over_0_1bb": 0.019475999753922224,
          "reference_expected_action_loss_bb": 0.03566835723371583,
          "reference_probabilities": [
            0.011235945858061314,
            0.011235945858061314,
            0.44350773096084595,
            0.5340203642845154
          ]
        },
        {
          "action_values_bb": [
            -0.5000005577998391,
            -0.1667556254113774,
            0.2848345379743933,
            0.4226657316288623
          ],
          "candidate_probabilities": [
            0.007692308165132999,
            0.007692308165132999,
            0.41496095061302185,
            0.5696544051170349
          ],
          "class_index": 64,
          "conditional_hand_mass": 0.009049773810439787,
          "expected_action_loss_bb": 0.06882600729231574,
          "hand": "A6o",
          "probability_on_actions_losing_over_0_1bb": 0.43034556694328785,
          "reference_expected_action_loss_bb": 0.07473106219642126,
          "reference_probabilities": [
            0.011235957965254784,
            0.011235957965254784,
            0.41892772912979126,
            0.5586003661155701
          ]
        },
        {
          "action_values_bb": [
            -0.5000005577998391,
            -0.6602075511223553,
            -0.5720363164881914,
            -0.7985536869949588
          ],
          "candidate_probabilities": [
            0.5771992206573486,
            0.007692304905503988,
            0.4074161648750305,
            0.007692304905503988
          ],
          "class_index": 65,
          "conditional_hand_mass": 0.0030165911925363843,
          "expected_action_loss_bb": 0.032877455279563685,
          "hand": "72s",
          "probability_on_actions_losing_over_0_1bb": 0.015384609811007977,
          "reference_expected_action_loss_bb": 0.038455618534629095,
          "reference_probabilities": [
            0.5152435302734375,
            0.011235949583351612,
            0.46228447556495667,
            0.011235949583351612
          ]
        },
        {
          "action_values_bb": [
            -0.5000005577998391,
            -0.5725333781225945,
            -0.4105034639370008,
            -0.5973557188738393
          ],
          "candidate_probabilities": [
            0.10020731389522552,
            0.007692307233810425,
            0.8844080567359924,
            0.007692307233810425
          ],
          "class_index": 66,
          "conditional_hand_mass": 0.0030165911925363843,
          "expected_action_loss_bb": 0.011651972210711853,
          "hand": "73s",
          "probability_on_actions_losing_over_0_1bb": 0.01538461446762085,
          "reference_expected_action_loss_bb": 0.01767059255189245,
          "reference_probabilities": [
            0.1536426544189453,
            0.011235946789383888,
            0.823885440826416,
            0.011235946789383888
          ]
        },
        {
          "action_values_bb": [
            -0.5000005577998391,
            -0.5723636210382267,
            -0.4245095699859063,
            -0.6010265996149942
          ],
          "candidate_probabilities": [
            0.0805225595831871,
            0.007692303974181414,
            0.9040927886962891,
            0.007692303974181414
          ],
          "class_index": 67,
          "conditional_hand_mass": 0.0030165911925363843,
          "expected_action_loss_bb": 0.008573888517276173,
          "hand": "74s",
          "probability_on_actions_losing_over_0_1bb": 0.015384607948362827,
          "reference_expected_action_loss_bb": 0.015197097336334897,
          "reference_probabilities": [
            0.15303122997283936,
            0.011235954239964485,
            0.824496865272522,
            0.011235954239964485
          ]
        },
        {
          "action_values_bb": [
            -0.5000005577998391,
            -0.5083490860139748,
            -0.31026708076073983,
            -0.4625396502718964
          ],
          "candidate_probabilities": [
            0.0796760693192482,
            0.00769230630248785,
            0.9049392342567444,
            0.00769230630248785
          ],
          "class_index": 68,
          "conditional_hand_mass": 0.0030165911925363843,
          "expected_action_loss_bb": 0.01781225237231484,
          "hand": "75s",
          "probability_on_actions_losing_over_0_1bb": 0.0950606819242239,
          "reference_expected_action_loss_bb": 0.020954730192432155,
          "reference_probabilities": [
            0.08969510346651077,
            0.011235949583351612,
            0.8878329992294312,
            0.011235949583351612
          ]
        },
        {
          "action_values_bb": [
            -0.5000005577998391,
            -0.43591177341922627,
            -0.18096235346908116,
            -0.3028203599420384
          ],
          "candidate_probabilities": [
            0.032025132328271866,
            0.00769230630248785,
            0.8549723029136658,
            0.10531022399663925
          ],
          "class_index": 69,
          "conditional_hand_mass": 0.0030165911925363843,
          "expected_action_loss_bb": 0.025011283698815924,
          "hand": "76s",
          "probability_on_actions_losing_over_0_1bb": 0.14502766262739897,
          "reference_expected_action_loss_bb": 0.038080357793305375,
          "reference_probabilities": [
            0.05428023636341095,
            0.011235949583351612,
            0.7876055836677551,
            0.14687824249267578
          ]
        },
        {
          "action_values_bb": [
            -0.5000005577998391,
            0.0660901314672243,
            0.6558044651257343,
            0.8579055731641257
          ],
          "candidate_probabilities": [
            0.007692305836826563,
            0.007692305836826563,
            0.38469040393829346,
            0.5999250411987305
          ],
          "class_index": 70,
          "conditional_hand_mass": 0.0045248869052198935,
          "expected_action_loss_bb": 0.09428267268859665,
          "hand": "77",
          "probability_on_actions_losing_over_0_1bb": 0.4000750156119466,
          "reference_expected_action_loss_bb": 0.10154076942796408,
          "reference_probabilities": [
            0.011235947720706463,
            0.011235947720706463,
            0.3829103708267212,
            0.5946177244186401
          ]
        },
        {
          "action_values_bb": [
            -0.5000005577998391,
            -0.49867965679195675,
            -0.3077221189948199,
            -0.48640889703138923
          ],
          "candidate_probabilities": [
            0.08054748177528381,
            0.007692308630794287,
            0.904067873954773,
            0.007692308630794287
          ],
          "class_index": 71,
          "conditional_hand_mass": 0.009049773810439787,
          "expected_action_loss_bb": 0.018330962206438976,
          "hand": "87o",
          "probability_on_actions_losing_over_0_1bb": 0.09593209903687239,
          "reference_expected_action_loss_bb": 0.027511117220567028,
          "reference_probabilities": [
            0.1214791014790535,
            0.011235950514674187,
            0.8560490012168884,
            0.011235950514674187
          ]
        },
        {
          "action_values_bb": [
            -0.5000005577998391,
            -0.5039025536076635,
            -0.3300967720743089,
            -0.5158500373725892
          ],
          "candidate_probabilities": [
            0.08799894899129868,
            0.007692302577197552,
            0.8966164588928223,
            0.007692302577197552
          ],
          "class_index": 72,
          "conditional_hand_mass": 0.009049773810439787,
          "expected_action_loss_bb": 0.017717191556087156,
          "hand": "97o",
          "probability_on_actions_losing_over_0_1bb": 0.10338355414569378,
          "reference_expected_action_loss_bb": 0.02655046458325346,
          "reference_probabilities": [
            0.13248951733112335,
            0.011235968209803104,
            0.8450385928153992,
            0.011235968209803104
          ]
        },
        {
          "action_values_bb": [
            -0.5000005577998391,
            -0.4798353808719279,
            -0.2957895408811502,
            -0.4662394746269249
          ],
          "candidate_probabilities": [
            0.10186047106981277,
            0.007692303974181414,
            0.882754921913147,
            0.007692303974181414
          ],
          "class_index": 73,
          "conditional_hand_mass": 0.009049773810439787,
          "expected_action_loss_bb": 0.023527919630127354,
          "hand": "T7o",
          "probability_on_actions_losing_over_0_1bb": 0.1172450790181756,
          "reference_expected_action_loss_bb": 0.03484143859542826,
          "reference_probabilities": [
            0.12181314826011658,
            0.011235951445996761,
            0.8206151723861694,
            0.04633572697639465
          ]
        },
        {
          "action_values_bb": [
            -0.5000005577998391,
            -0.4498560566526308,
            -0.24637572653429043,
            -0.3815989270410206
          ],
          "candidate_probabilities": [
            0.055765070021152496,
            0.007692309562116861,
            0.6436166167259216,
            0.29292601346969604
          ],
          "class_index": 74,
          "conditional_hand_mass": 0.009049773810439787,
          "expected_action_loss_bb": 0.055319033216748165,
          "hand": "J7o",
          "probability_on_actions_losing_over_0_1bb": 0.3563833930529654,
          "reference_expected_action_loss_bb": 0.06192096105665858,
          "reference_probabilities": [
            0.08360284566879272,
            0.011235958896577358,
            0.6209576725959778,
            0.28420349955558777
          ]
        },
        {
          "action_values_bb": [
            -0.5000005577998391,
            -0.38783798021917815,
            -0.12344404059047451,
            -0.18311998522450204
          ],
          "candidate_probabilities": [
            0.043337661772966385,
            0.0076923067681491375,
            0.49030646681785583,
            0.45866358280181885
          ],
          "class_index": 75,
          "conditional_hand_mass": 0.009049773810439787,
          "expected_action_loss_bb": 0.04572406084541517,
          "hand": "Q7o",
          "probability_on_actions_losing_over_0_1bb": 0.05102996854111552,
          "reference_expected_action_loss_bb": 0.047330518625653156,
          "reference_probabilities": [
            0.04608342424035072,
            0.011235950514674187,
            0.49012330174446106,
            0.45255735516548157
          ]
        },
        {
          "action_values_bb": [
            -0.5000005577998391,
            -0.24393642135456112,
            0.1445574540032055,
            0.21914150576207234
          ],
          "candidate_probabilities": [
            0.00970937218517065,
            0.007692307699471712,
            0.4473007321357727,
            0.5352975726127625
          ],
          "class_index": 76,
          "conditional_hand_mass": 0.009049773810439787,
          "expected_action_loss_bb": 0.04390605681074243,
          "hand": "K7o",
          "probability_on_actions_losing_over_0_1bb": 0.017401679884642363,
          "reference_expected_action_loss_bb": 0.045627519703858074,
          "reference_probabilities": [
            0.011235949583351612,
            0.011235949583351612,
            0.43366047739982605,
            0.5438676476478577
          ]
        },
        {
          "action_values_bb": [
            -0.5000005577998391,
            -0.1680022460740188,
            0.2729765810836439,
            0.4249072502823087
          ],
          "candidate_probabilities": [
            0.007692309562116861,
            0.007692309562116861,
            0.41135644912719727,
            0.5732588768005371
          ],
          "class_index": 77,
          "conditional_hand_mass": 0.009049773810439787,
          "expected_action_loss_bb": 0.0741731811595601,
          "hand": "A7o",
          "probability_on_actions_losing_over_0_1bb": 0.426741068251431,
          "reference_expected_action_loss_bb": 0.080520034497318,
          "reference_probabilities": [
            0.011235951445996761,
            0.011235951445996761,
            0.4177294373512268,
            0.5597987174987793
          ]
        },
        {
          "action_values_bb": [
            -0.5000005577998391,
            -0.5779759551082689,
            -0.42468385144674686,
            -0.6270765958343508
          ],
          "candidate_probabilities": [
            0.12904101610183716,
            0.007692307233810425,
            0.855574369430542,
            0.007692307233810425
          ],
          "class_index": 78,
          "conditional_hand_mass": 0.0030165911925363843,
          "expected_action_loss_bb": 0.01245498144685177,
          "hand": "82s",
          "probability_on_actions_losing_over_0_1bb": 0.01538461446762085,
          "reference_expected_action_loss_bb": 0.02173223592560178,
          "reference_probabilities": [
            0.23548266291618347,
            0.011235950514674187,
            0.7420453429222107,
            0.011235950514674187
          ]
        },
        {
          "action_values_bb": [
            -0.5000005577998391,
            -0.5601499737834076,
            -0.3923694841343132,
            -0.5921580779952922
          ],
          "candidate_probabilities": [
            0.10212975740432739,
            0.007692307699471712,
            0.882485568523407,
            0.007692307699471712
          ],
          "class_index": 79,
          "conditional_hand_mass": 0.0030165911925363843,
          "expected_action_loss_bb": 0.013819789933799747,
          "hand": "83s",
          "probability_on_actions_losing_over_0_1bb": 0.11751437280327082,
          "reference_expected_action_loss_bb": 0.019351546131935817,
          "reference_probabilities": [
            0.14142343401908875,
            0.011235956102609634,
            0.8361046314239502,
            0.011235956102609634
          ]
        },
        {
          "action_values_bb": [
            -0.5000005577998391,
            -0.5234931657124158,
            -0.33416028192443425,
            -0.5114623838381835
          ],
          "candidate_probabilities": [
            0.061008796095848083,
            0.007692303508520126,
            0.9236065149307251,
            0.007692303508520126
          ],
          "class_index": 80,
          "conditional_hand_mass": 0.0030165911925363843,
          "expected_action_loss_bb": 0.012937983162221419,
          "hand": "84s",
          "probability_on_actions_losing_over_0_1bb": 0.07639340311288834,
          "reference_expected_action_loss_bb": 0.023188526489253257,
          "reference_probabilities": [
            0.11498433351516724,
            0.011235951445996761,
            0.8625437021255493,
            0.011235951445996761
          ]
        },
        {
          "action_values_bb": [
            -0.5000005577998391,
            -0.46101812725521574,
            -0.2228018347896041,
            -0.3733001979569651
          ],
          "candidate_probabilities": [
            0.05704069882631302,
            0.007692307699471712,
            0.8121756911277771,
            0.12309122830629349
          ],
          "class_index": 81,
          "conditional_hand_mass": 0.0030165911925363843,
          "expected_action_loss_bb": 0.03616907027529531,
          "hand": "85s",
          "probability_on_actions_losing_over_0_1bb": 0.18782423483207822,
          "reference_expected_action_loss_bb": 0.03311748678535725,
          "reference_probabilities": [
            0.07797425985336304,
            0.011235958896577358,
            0.8521410226821899,
            0.05864869803190231
          ]
        },
        {
          "action_values_bb": [
            -0.5000005577998391,
            -0.4367030434798777,
            -0.1892817366416235,
            -0.3209301374294848
          ],
          "candidate_probabilities": [
            0.026148196309804916,
            0.00842281524091959,
            0.6907483339309692,
            0.27468058466911316
          ],
          "class_index": 82,
          "conditional_hand_mass": 0.0030165911925363843,
          "expected_action_loss_bb": 0.04636998038612515,
          "hand": "86s",
          "probability_on_actions_losing_over_0_1bb": 0.30925159621983767,
          "reference_expected_action_loss_bb": 0.041417580692939146,
          "reference_probabilities": [
            0.069541797041893,
            0.011235950514674187,
            0.7898653745651245,
            0.12935684621334076
          ]
        },
        {
          "action_values_bb": [
            -0.5000005577998391,
            -0.3822701461807445,
            -0.09700024543192921,
            -0.2055335603372086
          ],
          "candidate_probabilities": [
            0.022583533078432083,
            0.009053532034158707,
            0.6558713316917419,
            0.3124915659427643
          ],
          "class_index": 83,
          "conditional_hand_mass": 0.0030165911925363843,
          "expected_action_loss_bb": 0.04559961660149975,
          "hand": "87s",
          "probability_on_actions_losing_over_0_1bb": 0.34412863105535507,
          "reference_expected_action_loss_bb": 0.04854802279628308,
          "reference_probabilities": [
            0.04392874240875244,
            0.011235949583351612,
            0.6901720762252808,
            0.25466325879096985
          ]
        },
        {
          "action_values_bb": [
            -0.5000005577998391,
            0.16309546682268536,
            0.8262343180773012,
            1.0789529725153426
          ],
          "candidate_probabilities": [
            0.007692305371165276,
            0.007692305371165276,
            0.36650383472442627,
            0.6181115508079529
          ],
          "class_index": 84,
          "conditional_hand_mass": 0.0045248869052198935,
          "expected_action_loss_bb": 0.11181320429026484,
          "hand": "88",
          "probability_on_actions_losing_over_0_1bb": 0.3818884454667568,
          "reference_expected_action_loss_bb": 0.12106869875466182,
          "reference_probabilities": [
            0.01123595517128706,
            0.01123595517128706,
            0.36814501881599426,
            0.6093831062316895
          ]
        },
        {
          "action_values_bb": [
            -0.5000005577998391,
            -0.43614753681788826,
            -0.20801477797707071,
            -0.34793186412987565
          ],
          "candidate_probabilities": [
            0.05344495549798012,
            0.010832286439836025,
            0.6345879435539246,
            0.3011348247528076
          ],
          "class_index": 85,
          "conditional_hand_mass": 0.009049773810439787,
          "expected_action_loss_bb": 0.060210273617293045,
          "hand": "98o",
          "probability_on_actions_losing_over_0_1bb": 0.36541206669062376,
          "reference_expected_action_loss_bb": 0.050803877489430674,
          "reference_probabilities": [
            0.09260444343090057,
            0.011235950514674187,
            0.7446312308311462,
            0.15152837336063385
          ]
        },
        {
          "action_values_bb": [
            -0.5000005577998391,
            -0.39805151219536383,
            -0.14375569420669088,
            -0.2640034410052297
          ],
          "candidate_probabilities": [
            0.04236544296145439,
            0.013889956288039684,
            0.5598748326301575,
            0.3838697671890259
          ],
          "class_index": 86,
          "conditional_hand_mass": 0.009049773810439787,
          "expected_action_loss_bb": 0.06478410381352062,
          "hand": "T8o",
          "probability_on_actions_losing_over_0_1bb": 0.44012516643851995,
          "reference_expected_action_loss_bb": 0.06194056933249677,
          "reference_probabilities": [
            0.06718207150697708,
            0.011235954239964485,
            0.6292684078216553,
            0.2923135459423065
          ]
        },
        {
          "action_values_bb": [
            -0.5000005577998391,
            -0.36648075404621805,
            -0.0895716686024387,
            -0.17168271787351827
          ],
          "candidate_probabilities": [
            0.03957212716341019,
            0.007692308630794287,
            0.5548640489578247,
            0.39787155389785767
          ],
          "class_index": 87,
          "conditional_hand_mass": 0.009049773810439787,
          "expected_action_loss_bb": 0.05104126510842924,
          "hand": "J8o",
          "probability_on_actions_losing_over_0_1bb": 0.047264435794204473,
          "reference_expected_action_loss_bb": 0.0572425562915707,
          "reference_probabilities": [
            0.04875317960977554,
            0.01123595330864191,
            0.5244576930999756,
            0.41555315256118774
          ]
        },
        {
          "action_values_bb": [
            -0.5000005577998391,
            -0.3157919332226824,
            0.009818233949929407,
            0.0098935872851386
          ],
          "candidate_probabilities": [
            0.02115621604025364,
            0.007692308165132999,
            0.4395262598991394,
            0.5316252112388611
          ],
          "class_index": 88,
          "conditional_hand_mass": 0.009049773810439787,
          "expected_action_loss_bb": 0.013325823849341547,
          "hand": "Q8o",
          "probability_on_actions_losing_over_0_1bb": 0.02884852420538664,
          "reference_expected_action_loss_bb": 0.018685688671129904,
          "reference_probabilities": [
            0.029402395710349083,
            0.01123595330864191,
            0.45375490188598633,
            0.5056067109107971
          ]
        },
        {
          "action_values_bb": [
            -0.5000005577998391,
            -0.19015635129490133,
            0.24449203647763038,
            0.34958056550987243
          ],
          "candidate_probabilities": [
            0.007692307699471712,
            0.007692307699471712,
            0.4211623966693878,
            0.563452959060669
          ],
          "class_index": 89,
          "conditional_hand_mass": 0.009049773810439787,
          "expected_action_loss_bb": 0.05494639860666721,
          "hand": "K8o",
          "probability_on_actions_losing_over_0_1bb": 0.43654701206833124,
          "reference_expected_action_loss_bb": 0.05968336039318966,
          "reference_probabilities": [
            0.011235947720706463,
            0.011235947720706463,
            0.4193897843360901,
            0.5581383109092712
          ]
        },
        {
          "action_values_bb": [
            -0.5000005577998391,
            -0.11642345560718992,
            0.3648196881031211,
            0.5416071576875354
          ],
          "candidate_probabilities": [
            0.0076923067681491375,
            0.0076923067681491375,
            0.4018283188343048,
            0.582787036895752
          ],
          "class_index": 90,
          "conditional_hand_mass": 0.009049773810439787,
          "expected_action_loss_bb": 0.08411235111397225,
          "hand": "A8o",
          "probability_on_actions_losing_over_0_1bb": 0.4172129323706031,
          "reference_expected_action_loss_bb": 0.0912751258272826,
          "reference_probabilities": [
            0.01123595330864191,
            0.01123595330864191,
            0.40827593207359314,
            0.5692521333694458
          ]
        },
        {
          "action_values_bb": [
            -0.5000005577998391,
            -0.5685836594396467,
            -0.4247340224433864,
            -0.62610410280375
          ],
          "candidate_probabilities": [
            0.33579176664352417,
            0.007692302111536264,
            0.648823618888855,
            0.007692302111536264
          ],
          "class_index": 91,
          "conditional_hand_mass": 0.0030165911925363843,
          "expected_action_loss_bb": 0.027929417237246824,
          "hand": "92s",
          "probability_on_actions_losing_over_0_1bb": 0.015384604223072529,
          "reference_expected_action_loss_bb": 0.022146587874736938,
          "reference_probabilities": [
            0.2427070289850235,
            0.011235947720706463,
            0.734821081161499,
            0.011235947720706463
          ]
        },
        {
          "action_values_bb": [
            -0.5000005577998391,
            -0.48646923238065254,
            -0.2673282689239793,
            -0.4437683221752706
          ],
          "candidate_probabilities": [
            0.07318975776433945,
            0.007692305836826563,
            0.9114255905151367,
            0.007692305836826563
          ],
          "class_index": 92,
          "conditional_hand_mass": 0.0030165911925363843,
          "expected_action_loss_bb": 0.020072158625059053,
          "hand": "93s",
          "probability_on_actions_losing_over_0_1bb": 0.08857436943799257,
          "reference_expected_action_loss_bb": 0.027462090508367717,
          "reference_probabilities": [
            0.09892607480287552,
            0.011235964484512806,
            0.8786019682884216,
            0.011235964484512806
          ]
        },
        {
          "action_values_bb": [
            -0.5000005577998391,
            -0.5308178213329928,
            -0.36076212811794617,
            -0.5499030048057555
          ],
          "candidate_probabilities": [
            0.08422041684389114,
            0.007692303974181414,
            0.9003949165344238,
            0.007692303974181414
          ],
          "class_index": 93,
          "conditional_hand_mass": 0.0030165911925363843,
          "expected_action_loss_bb": 0.01448976779067392,
          "hand": "94s",
          "probability_on_actions_losing_over_0_1bb": 0.09960502479225397,
          "reference_expected_action_loss_bb": 0.02300378957373051,
          "reference_probabilities": [
            0.1362258493900299,
            0.011235954239964485,
            0.841302216053009,
            0.011235954239964485
          ]
        },
        {
          "action_values_bb": [
            -0.5000005577998391,
            -0.46071728720865807,
            -0.23374267577822375,
            -0.3955976267476179
          ],
          "candidate_probabilities": [
            0.06489244848489761,
            0.00769230630248785,
            0.8800174593925476,
            0.04739784821867943
          ],
          "class_index": 94,
          "conditional_hand_mass": 0.0030165911925363843,
          "expected_action_loss_bb": 0.026695660526285823,
          "hand": "95s",
          "probability_on_actions_losing_over_0_1bb": 0.11998260300606489,
          "reference_expected_action_loss_bb": 0.03518170817032494,
          "reference_probabilities": [
            0.09865979850292206,
            0.011235949583351612,
            0.8507944345474243,
            0.0393097884953022
          ]
        },
        {
          "action_values_bb": [
            -0.5000005577998391,
            -0.4289174282700396,
            -0.18472114966265504,
            -0.3221508823773677
          ],
          "candidate_probabilities": [
            0.03743880242109299,
            0.013174897991120815,
            0.6658968925476074,
            0.2834893763065338
          ],
          "class_index": 95,
          "conditional_hand_mass": 0.0030165911925363843,
          "expected_action_loss_bb": 0.053980813742418324,
          "hand": "96s",
          "probability_on_actions_losing_over_0_1bb": 0.3341030767187476,
          "reference_expected_action_loss_bb": 0.04199233951784288,
          "reference_probabilities": [
            0.08142640441656113,
            0.011235946789383888,
            0.8085490465164185,
            0.09878862649202347
          ]
        },
        {
          "action_values_bb": [
            -0.5000005577998391,
            -0.39793062457467765,
            -0.13930668268998353,
            -0.25639923469862075
          ],
          "candidate_probabilities": [
            0.05017921328544617,
            0.007692303974181414,
            0.7775545716285706,
            0.16457387804985046
          ],
          "class_index": 96,
          "conditional_hand_mass": 0.0030165911925363843,
          "expected_action_loss_bb": 0.039359124240684856,
          "hand": "97s",
          "probability_on_actions_losing_over_0_1bb": 0.22244539530947804,
          "reference_expected_action_loss_bb": 0.04977751435320968,
          "reference_probabilities": [
            0.060916706919670105,
            0.011235949583351612,
            0.7152006030082703,
            0.2126467078924179
          ]
        },
        {
          "action_values_bb": [
            -0.5000005577998391,
            -0.29528048655020633,
            0.054480542702056795,
            -0.00892631588080933
          ],
          "candidate_probabilities": [
            0.012080460786819458,
            0.010665737092494965,
            0.525626003742218,
            0.45162785053253174
          ],
          "class_index": 97,
          "conditional_hand_mass": 0.0030165911925363843,
          "expected_action_loss_bb": 0.039065149625650775,
          "hand": "98s",
          "probability_on_actions_losing_over_0_1bb": 0.022746197879314423,
          "reference_expected_action_loss_bb": 0.039251841114570335,
          "reference_probabilities": [
            0.016953814774751663,
            0.011235954239964485,
            0.5630000233650208,
            0.40881022810935974
          ]
        },
        {
          "action_values_bb": [
            -0.5000005577998391,
            0.26638357291869386,
            1.0102599843072313,
            1.3174228159967079
          ],
          "candidate_probabilities": [
            0.007692303508520126,
            0.007692303508520126,
            0.35560330748558044,
            0.6290121078491211
          ],
          "class_index": 98,
          "conditional_hand_mass": 0.0045248869052198935,
          "expected_action_loss_bb": 0.13129320393725752,
          "hand": "99",
          "probability_on_actions_losing_over_0_1bb": 0.3709879145026207,
          "reference_expected_action_loss_bb": 0.14125371527991287,
          "reference_probabilities": [
            0.01123595517128706,
            0.01123595517128706,
            0.3549381196498871,
            0.6225899457931519
          ]
        },
        {
          "action_values_bb": [
            -0.5000005577998391,
            -0.34176817590775727,
            -0.04385351835347404,
            -0.12154602592405742
          ],
          "candidate_probabilities": [
            0.0401267483830452,
            0.010028989054262638,
            0.5457797646522522,
            0.40406444668769836
          ],
          "class_index": 99,
          "conditional_hand_mass": 0.009049773810439787,
          "expected_action_loss_bb": 0.05268426040053918,
          "hand": "T9o",
          "probability_on_actions_losing_over_0_1bb": 0.050155737437307835,
          "reference_expected_action_loss_bb": 0.05325943545308666,
          "reference_probabilities": [
            0.04177923500537872,
            0.01123595517128706,
            0.5498473048210144,
            0.39713746309280396
          ]
        },
        {
          "action_values_bb": [
            -0.5000005577998391,
            -0.3171671577371176,
            -0.0012318060412201686,
            -0.03698801721990081
          ],
          "candidate_probabilities": [
            0.013363959267735481,
            0.007692303974181414,
            0.48612311482429504,
            0.4928206205368042
          ],
          "class_index": 100,
          "conditional_hand_mass": 0.009049773810439787,
          "expected_action_loss_bb": 0.026717194225078615,
          "hand": "J9o",
          "probability_on_actions_losing_over_0_1bb": 0.021056263241916895,
          "reference_expected_action_loss_bb": 0.036424905406558974,
          "reference_probabilities": [
            0.03204159811139107,
            0.011235959827899933,
            0.4842529296875,
            0.4724695384502411
          ]
        },
        {
          "action_values_bb": [
            -0.5000005577998391,
            -0.23981798371472382,
            0.1504684898870889,
            0.19707505258812927
          ],
          "candidate_probabilities": [
            0.012101930566132069,
            0.0076923067681491375,
            0.42542651295661926,
            0.5547792315483093
          ],
          "class_index": 101,
          "conditional_hand_mass": 0.009049773810439787,
          "expected_action_loss_bb": 0.03162434334716662,
          "hand": "Q9o",
          "probability_on_actions_losing_over_0_1bb": 0.019794237334281206,
          "reference_expected_action_loss_bb": 0.03612434438880244,
          "reference_probabilities": [
            0.01600632630288601,
            0.011235956102609634,
            0.43036457896232605,
            0.542393147945404
          ]
        },
        {
          "action_values_bb": [
            -0.5000005577998391,
            -0.1559700077224289,
            0.2987308814105146,
            0.43159551826422604
          ],
          "candidate_probabilities": [
            0.007692310493439436,
            0.007692310493439436,
            0.41510337591171265,
            0.5695119500160217
          ],
          "class_index": 102,
          "conditional_hand_mass": 0.009049773810439787,
          "expected_action_loss_bb": 0.06683842202994437,
          "hand": "K9o",
          "probability_on_actions_losing_over_0_1bb": 0.4304879968985915,
          "reference_expected_action_loss_bb": 0.0717197992308213,
          "reference_probabilities": [
            0.01123595517128706,
            0.01123595517128706,
            0.4113251566886902,
            0.5662029981613159
          ]
        },
        {
          "action_values_bb": [
            -0.5000005577998391,
            -0.08532543282168627,
            0.4172792755047779,
            0.607105750172608
          ],
          "candidate_probabilities": [
            0.00769230630248785,
            0.00769230630248785,
            0.40291500091552734,
            0.5817003846168518
          ],
          "class_index": 103,
          "conditional_hand_mass": 0.009049773810439787,
          "expected_action_loss_bb": 0.09032652779790674,
          "hand": "A9o",
          "probability_on_actions_losing_over_0_1bb": 0.41829961352050304,
          "reference_expected_action_loss_bb": 0.096800538893728,
          "reference_probabilities": [
            0.011235957033932209,
            0.011235957033932209,
            0.4034264087677002,
            0.5741016864776611
          ]
        },
        {
          "action_values_bb": [
            -0.5000005577998391,
            -0.5247680482335718,
            -0.35923468622519494,
            -0.5419980514192287
          ],
          "candidate_probabilities": [
            0.3260968327522278,
            0.007692304905503988,
            0.6585184931755066,
            0.007692304905503988
          ],
          "class_index": 104,
          "conditional_hand_mass": 0.0030165911925363843,
          "expected_action_loss_bb": 0.048582509503328396,
          "hand": "T2s",
          "probability_on_actions_losing_over_0_1bb": 0.34148144256323576,
          "reference_expected_action_loss_bb": 0.021468131942794864,
          "reference_probabilities": [
            0.1247083991765976,
            0.011235952377319336,
            0.8528196215629578,
            0.011235952377319336
          ]
        },
        {
          "action_values_bb": [
            -0.5000005577998391,
            -0.47466783019581255,
            -0.26431023091673783,
            -0.43039872772054477
          ],
          "candidate_probabilities": [
            0.08673140406608582,
            0.007692304905503988,
            0.8570381999015808,
            0.04853808507323265
          ],
          "class_index": 105,
          "conditional_hand_mass": 0.0030165911925363843,
          "expected_action_loss_bb": 0.03012150535575908,
          "hand": "T3s",
          "probability_on_actions_losing_over_0_1bb": 0.14296179404482245,
          "reference_expected_action_loss_bb": 0.02629888187833035,
          "reference_probabilities": [
            0.09363623708486557,
            0.011235942132771015,
            0.8838918805122375,
            0.011235942132771015
          ]
        },
        {
          "action_values_bb": [
            -0.5000005577998391,
            -0.473319008207095,
            -0.2690848425950832,
            -0.4349633897372267
          ],
          "candidate_probabilities": [
            0.07579591870307922,
            0.007692307233810425,
            0.8665941953659058,
            0.04991750419139862
          ],
          "class_index": 106,
          "conditional_hand_mass": 0.0030165911925363843,
          "expected_action_loss_bb": 0.027353743798682655,
          "hand": "T4s",
          "probability_on_actions_losing_over_0_1bb": 0.13340573012828827,
          "reference_expected_action_loss_bb": 0.02797801474789447,
          "reference_probabilities": [
            0.10315212607383728,
            0.011235949583351612,
            0.8743759393692017,
            0.011235949583351612
          ]
        },
        {
          "action_values_bb": [
            -0.5000005577998391,
            -0.4497928393375321,
            -0.22679887349223604,
            -0.3849845241533528
          ],
          "candidate_probabilities": [
            0.09605583548545837,
            0.007692307233810425,
            0.8217402100563049,
            0.07451161742210388
          ],
          "class_index": 107,
          "conditional_hand_mass": 0.0030165911925363843,
          "expected_action_loss_bb": 0.03974462282249681,
          "hand": "T5s",
          "probability_on_actions_losing_over_0_1bb": 0.17825976014137268,
          "reference_expected_action_loss_bb": 0.03774476836590896,
          "reference_probabilities": [
            0.09785611927509308,
            0.011235954239964485,
            0.8371435403823853,
            0.05376443266868591
          ]
        },
        {
          "action_values_bb": [
            -0.5000005577998391,
            -0.40294577193919734,
            -0.14698956976278632,
            -0.2760999193049566
          ],
          "candidate_probabilities": [
            0.05095138028264046,
            0.007692304905503988,
            0.7156911492347717,
            0.22566519677639008
          ],
          "class_index": 108,
          "conditional_hand_mass": 0.0030165911925363843,
          "expected_action_loss_bb": 0.04909100268032465,
          "hand": "T6s",
          "probability_on_actions_losing_over_0_1bb": 0.2843088819645345,
          "reference_expected_action_loss_bb": 0.05235538898184148,
          "reference_probabilities": [
            0.06624667346477509,
            0.011235957965254784,
            0.7204137444496155,
            0.2021036446094513
          ]
        },
        {
          "action_values_bb": [
            -0.5000005577998391,
            -0.35105746453942466,
            -0.057838063889154016,
            -0.1529229641235539
          ],
          "candidate_probabilities": [
            0.021703137084841728,
            0.007692307699471712,
            0.6223146915435791,
            0.34828993678092957
          ],
          "class_index": 109,
          "conditional_hand_mass": 0.0030165911925363843,
          "expected_action_loss_bb": 0.044968960963835784,
          "hand": "T7s",
          "probability_on_actions_losing_over_0_1bb": 0.02939544478431344,
          "reference_expected_action_loss_bb": 0.05223621977044872,
          "reference_probabilities": [
            0.038559164851903915,
            0.011235957965254784,
            0.6147972345352173,
            0.33540764451026917
          ]
        },
        {
          "action_values_bb": [
            -0.5000005577998391,
            -0.2694731642497406,
            0.09506801129482696,
            0.04800555568639749
          ],
          "candidate_probabilities": [
            0.02187572978436947,
            0.0103131840005517,
            0.5144971609115601,
            0.4533138871192932
          ],
          "class_index": 110,
          "conditional_hand_mass": 0.0030165911925363843,
          "expected_action_loss_bb": 0.03811120412909119,
          "hand": "T8s",
          "probability_on_actions_losing_over_0_1bb": 0.03218891378492117,
          "reference_expected_action_loss_bb": 0.03215765776239761,
          "reference_probabilities": [
            0.011515771970152855,
            0.01123594306409359,
            0.5265913605690002,
            0.4506568908691406
          ]
        },
        {
          "action_values_bb": [
            -0.5000005577998391,
            -0.23009503669703163,
            0.16106564870261955,
            0.14886971159269208
          ],
          "candidate_probabilities": [
            0.007692304905503988,
            0.008589513599872589,
            0.47932830452919006,
            0.5043899416923523
          ],
          "class_index": 111,
          "conditional_hand_mass": 0.0030165911925363843,
          "expected_action_loss_bb": 0.014596510857877477,
          "hand": "T9s",
          "probability_on_actions_losing_over_0_1bb": 0.016281818505376577,
          "reference_expected_action_loss_bb": 0.017807836113365685,
          "reference_probabilities": [
            0.011235954239964485,
            0.011235954239964485,
            0.48678579926490784,
            0.49074235558509827
          ]
        },
        {
          "action_values_bb": [
            -0.5000005577998391,
            0.3567460622430247,
            1.1681354982578052,
            1.530462192946683
          ],
          "candidate_probabilities": [
            0.007692307699471712,
            0.007692307699471712,
            0.34748804569244385,
            0.6371273398399353
          ],
          "class_index": 112,
          "conditional_hand_mass": 0.0045248869052198935,
          "expected_action_loss_bb": 0.15055172491990484,
          "hand": "TT",
          "probability_on_actions_losing_over_0_1bb": 0.36287266109138727,
          "reference_expected_action_loss_bb": 0.16116763871093026,
          "reference_probabilities": [
            0.011235960759222507,
            0.011235960759222507,
            0.3454495966434479,
            0.6320785284042358
          ]
        },
        {
          "action_values_bb": [
            -0.5000005577998391,
            -0.23240352232005068,
            0.1549261473013024,
            0.1734726200850087
          ],
          "candidate_probabilities": [
            0.008993750438094139,
            0.007692308630794287,
            0.450067400932312,
            0.5332465767860413
          ],
          "class_index": 113,
          "conditional_hand_mass": 0.009049773810439787,
          "expected_action_loss_bb": 0.017526337044126976,
          "hand": "JTo",
          "probability_on_actions_losing_over_0_1bb": 0.016686059068888426,
          "reference_expected_action_loss_bb": 0.02147695543901406,
          "reference_probabilities": [
            0.012761575169861317,
            0.011235951445996761,
            0.4487091600894928,
            0.52729332447052
          ]
        },
        {
          "action_values_bb": [
            -0.5000005577998391,
            -0.16182390011168393,
            0.29085719580385777,
            0.38618940279470115
          ],
          "candidate_probabilities": [
            0.007692305836826563,
            0.007692305836826563,
            0.4113621115684509,
            0.5732532739639282
          ],
          "class_index": 114,
          "conditional_hand_mass": 0.009049773810439787,
          "expected_action_loss_bb": 0.050248388103257845,
          "hand": "QTo",
          "probability_on_actions_losing_over_0_1bb": 0.015384611673653126,
          "reference_expected_action_loss_bb": 0.05539254155646717,
          "reference_probabilities": [
            0.01123595330864191,
            0.01123595330864191,
            0.4120108187198639,
            0.5655173063278198
          ]
        },
        {
          "action_values_bb": [
            -0.5000005577998391,
            -0.08261454109807237,
            0.4289431490403983,
            0.6074466278520616
          ],
          "candidate_probabilities": [
            0.007692305836826563,
            0.007692305836826563,
            0.3979308307170868,
            0.5866845846176147
          ],
          "class_index": 115,
          "conditional_hand_mass": 0.009049773810439787,
          "expected_action_loss_bb": 0.0848590216172648,
          "hand": "KTo",
          "probability_on_actions_losing_over_0_1bb": 0.4133154423907399,
          "reference_expected_action_loss_bb": 0.09092822643917488,
          "reference_probabilities": [
            0.011235957033932209,
            0.011235957033932209,
            0.39624717831611633,
            0.5812808871269226
          ]
        },
        {
          "action_values_bb": [
            -0.5000005577998391,
            -0.007265714770911606,
            0.5565840833675244,
            0.7945847552064417
          ],
          "candidate_probabilities": [
            0.007692305836826563,
            0.007692305836826563,
            0.3836737871170044,
            0.6009415984153748
          ],
          "class_index": 116,
          "conditional_hand_mass": 0.009049773810439787,
          "expected_action_loss_bb": 0.10744104431080584,
          "hand": "ATo",
          "probability_on_actions_losing_over_0_1bb": 0.3990583987906575,
          "reference_expected_action_loss_bb": 0.11594829064676802,
          "reference_probabilities": [
            0.01123595330864191,
            0.01123595330864191,
            0.38820409774780273,
            0.5893239974975586
          ]
        },
        {
          "action_values_bb": [
            -0.5000005577998391,
            -0.4540201564070749,
            -0.23908461637625955,
            -0.390858900192255
          ],
          "candidate_probabilities": [
            0.07804559916257858,
            0.00769230630248785,
            0.8456947803497314,
            0.06856737285852432
          ],
          "class_index": 117,
          "conditional_hand_mass": 0.0030165911925363843,
          "expected_action_loss_bb": 0.03242345489742605,
          "hand": "J2s",
          "probability_on_actions_losing_over_0_1bb": 0.15430527832359076,
          "reference_expected_action_loss_bb": 0.04773476436290228,
          "reference_probabilities": [
            0.0878586620092392,
            0.01123595517128706,
            0.753343939781189,
            0.1475614458322525
          ]
        },
        {
          "action_values_bb": [
            -0.5000005577998391,
            -0.45807331597129686,
            -0.250865767328052,
            -0.39683213075819873
          ],
          "candidate_probabilities": [
            0.035807058215141296,
            0.009987869299948215,
            0.649949848651886,
            0.3042551279067993
          ],
          "class_index": 118,
          "conditional_hand_mass": 0.0030165911925363843,
          "expected_action_loss_bb": 0.05540136043518135,
          "hand": "J3s",
          "probability_on_actions_losing_over_0_1bb": 0.35005005542188883,
          "reference_expected_action_loss_bb": 0.04968587826054066,
          "reference_probabilities": [
            0.09112709760665894,
            0.011235964484512806,
            0.7287297248840332,
            0.16890721023082733
          ]
        },
        {
          "action_values_bb": [
            -0.5000005577998391,
            -0.43020210327726,
            -0.20294817357739348,
            -0.3383885906381354
          ],
          "candidate_probabilities": [
            0.06123035401105881,
            0.007692304905503988,
            0.6908923387527466,
            0.24018508195877075
          ],
          "class_index": 119,
          "conditional_hand_mass": 0.0030165911925363843,
          "expected_action_loss_bb": 0.05246749683625915,
          "hand": "J4s",
          "probability_on_actions_losing_over_0_1bb": 0.30910774087533355,
          "reference_expected_action_loss_bb": 0.05720350725258632,
          "reference_probabilities": [
            0.08102045953273773,
            0.011235943995416164,
            0.6819411516189575,
            0.22580242156982422
          ]
        },
        {
          "action_values_bb": [
            -0.5000005577998391,
            -0.3704207732097414,
            -0.08823006702274956,
            -0.1940929926705101
          ],
          "candidate_probabilities": [
            0.01949656754732132,
            0.011363916099071503,
            0.5824360251426697,
            0.3867034912109375
          ],
          "class_index": 120,
          "conditional_hand_mass": 0.0030165911925363843,
          "expected_action_loss_bb": 0.05217246563426879,
          "hand": "J5s",
          "probability_on_actions_losing_over_0_1bb": 0.4175639748573303,
          "reference_expected_action_loss_bb": 0.05760195948135223,
          "reference_probabilities": [
            0.045137982815504074,
            0.011235958896577358,
            0.6050298810005188,
            0.3385962247848511
          ]
        },
        {
          "action_values_bb": [
            -0.5000005577998391,
            -0.3567162509405125,
            -0.06557205937221487,
            -0.15979003794278462
          ],
          "candidate_probabilities": [
            0.025806959718465805,
            0.00769230630248785,
            0.6344597339630127,
            0.33204102516174316
          ],
          "class_index": 121,
          "conditional_hand_mass": 0.0030165911925363843,
          "expected_action_loss_bb": 0.04473508325244796,
          "hand": "J6s",
          "probability_on_actions_losing_over_0_1bb": 0.033499266020953655,
          "reference_expected_action_loss_bb": 0.05701101662600836,
          "reference_probabilities": [
            0.04249247908592224,
            0.011235954239964485,
            0.571823000907898,
            0.37444859743118286
          ]
        },
        {
          "action_values_bb": [
            -0.5000005577998391,
            -0.30817263533153766,
            0.01854394331638035,
            -0.03856789229752795
          ],
          "candidate_probabilities": [
            0.01418924331665039,
            0.00769230630248785,
            0.5459216237068176,
            0.4321969151496887
          ],
          "class_index": 122,
          "conditional_hand_mass": 0.0030165911925363843,
          "expected_action_loss_bb": 0.03455451726477707,
          "hand": "J7s",
          "probability_on_actions_losing_over_0_1bb": 0.02188154961913824,
          "reference_expected_action_loss_bb": 0.04233093287441593,
          "reference_probabilities": [
            0.025552568957209587,
            0.011235952377319336,
            0.5182981491088867,
            0.4449133276939392
          ]
        },
        {
          "action_values_bb": [
            -0.5000005577998391,
            -0.2260617564992978,
            0.17310445669675895,
            0.1670138557480034
          ],
          "candidate_probabilities": [
            0.007692307233810425,
            0.007692307233810425,
            0.4754018187522888,
            0.5092135667800903
          ],
          "class_index": 123,
          "conditional_hand_mass": 0.0030165911925363843,
          "expected_action_loss_bb": 0.011349656354337007,
          "hand": "J8s",
          "probability_on_actions_losing_over_0_1bb": 0.01538461446762085,
          "reference_expected_action_loss_bb": 0.015162350121199125,
          "reference_probabilities": [
            0.011235954239964485,
            0.011235954239964485,
            0.466189444065094,
            0.5113386511802673
          ]
        },
        {
          "action_values_bb": [
            -0.5000005577998391,
            -0.2125075457922679,
            0.19042942530502355,
            0.21786400468056044
          ],
          "candidate_probabilities": [
            0.007692307699471712,
            0.007692307699471712,
            0.44525304436683655,
            0.5393624305725098
          ],
          "class_index": 124,
          "conditional_hand_mass": 0.0030165911925363843,
          "expected_action_loss_bb": 0.021047915480363014,
          "hand": "J9s",
          "probability_on_actions_losing_over_0_1bb": 0.015384615398943424,
          "reference_expected_action_loss_bb": 0.025241160355672365,
          "reference_probabilities": [
            0.011235951445996761,
            0.011235951445996761,
            0.4497840106487274,
            0.5277441143989563
          ]
        },
        {
          "action_values_bb": [
            -0.5000005577998391,
            -0.12176936278185936,
            0.35905368017740513,
            0.44140641172321726
          ],
          "candidate_probabilities": [
            0.007692304905503988,
            0.007692304905503988,
            0.4250623881816864,
            0.5595530271530151
          ],
          "class_index": 125,
          "conditional_hand_mass": 0.0030165911925363843,
          "expected_action_loss_bb": 0.046578757966772466,
          "hand": "JTs",
          "probability_on_actions_losing_over_0_1bb": 0.015384609811007977,
          "reference_expected_action_loss_bb": 0.05122845175133785,
          "reference_probabilities": [
            0.01123595517128706,
            0.01123595517128706,
            0.4167806804180145,
            0.5607474446296692
          ]
        },
        {
          "action_values_bb": [
            -0.5000005577998391,
            0.46350297059403206,
            1.3737082905170308,
            1.8132359704043801
          ],
          "candidate_probabilities": [
            0.007692307699471712,
            0.007692307699471712,
            0.33517611026763916,
            0.64943927526474
          ],
          "class_index": 126,
          "conditional_hand_mass": 0.0045248869052198935,
          "expected_action_loss_bb": 0.17549586680287851,
          "hand": "JJ",
          "probability_on_actions_losing_over_0_1bb": 0.3505607256665826,
          "reference_expected_action_loss_bb": 0.1878591501091114,
          "reference_probabilities": [
            0.011235957965254784,
            0.011235957965254784,
            0.33377233147621155,
            0.6437557935714722
          ]
        },
        {
          "action_values_bb": [
            -0.5000005577998391,
            -0.13237857627169067,
            0.34452181679126265,
            0.4689111499229616
          ],
          "candidate_probabilities": [
            0.007692305836826563,
            0.007692305836826563,
            0.4055895209312439,
            0.5790258646011353
          ],
          "class_index": 127,
          "conditional_hand_mass": 0.009049773810439787,
          "expected_action_loss_bb": 0.06252947968895935,
          "hand": "QJo",
          "probability_on_actions_losing_over_0_1bb": 0.420974132604897,
          "reference_expected_action_loss_bb": 0.06777748428501126,
          "reference_probabilities": [
            0.011235958896577358,
            0.011235958896577358,
            0.4030471444129944,
            0.5744809508323669
          ]
        },
        {
          "action_values_bb": [
            -0.5000005577998391,
            -0.045871173338159335,
            0.496740248729146,
            0.7045150798087614
          ],
          "candidate_probabilities": [
            0.007692308165132999,
            0.007692308165132999,
            0.3902609050273895,
            0.5943544507026672
          ],
          "class_index": 128,
          "conditional_hand_mass": 0.009049773810439787,
          "expected_action_loss_bb": 0.09612410139533631,
          "hand": "KJo",
          "probability_on_actions_losing_over_0_1bb": 0.4056455213576555,
          "reference_expected_action_loss_bb": 0.10255326599502491,
          "reference_probabilities": [
            0.011235957033932209,
            0.011235957033932209,
            0.38786253333091736,
            0.5896655321121216
          ]
        },
        {
          "action_values_bb": [
            -0.5000005577998391,
            0.002054008814477013,
            0.5701339091480413,
            0.8303260897859412
          ],
          "candidate_probabilities": [
            0.0076923067681491375,
            0.0076923067681491375,
            0.3831845819950104,
            0.6014308333396912
          ],
          "class_index": 129,
          "conditional_hand_mass": 0.009049773810439787,
          "expected_action_loss_bb": 0.11630623558550293,
          "hand": "AJo",
          "probability_on_actions_losing_over_0_1bb": 0.39856919553130865,
          "reference_expected_action_loss_bb": 0.12432261500393031,
          "reference_probabilities": [
            0.011235950514674187,
            0.011235950514674187,
            0.3845953643321991,
            0.5929327011108398
          ]
        },
        {
          "action_values_bb": [
            -0.5000005577998391,
            -0.3919542641318589,
            -0.12644201329794816,
            -0.21928225725480668
          ],
          "candidate_probabilities": [
            0.05907377973198891,
            0.00769230630248785,
            0.5752968788146973,
            0.3579370975494385
          ],
          "class_index": 130,
          "conditional_hand_mass": 0.0030165911925363843,
          "expected_action_loss_bb": 0.05734088419308425,
          "hand": "Q2s",
          "probability_on_actions_losing_over_0_1bb": 0.06676608603447676,
          "reference_expected_action_loss_bb": 0.058408440510188384,
          "reference_probabilities": [
            0.04796113446354866,
            0.011235954239964485,
            0.5367876887321472,
            0.4040151536464691
          ]
        },
        {
          "action_values_bb": [
            -0.5000005577998391,
            -0.3334053308310846,
            -0.013423619693309253,
            -0.0798225359811885
          ],
          "candidate_probabilities": [
            0.043656714260578156,
            0.007692307233810425,
            0.5355509519577026,
            0.4131000339984894
          ],
          "class_index": 131,
          "conditional_hand_mass": 0.0030165911925363843,
          "expected_action_loss_bb": 0.05113314255996171,
          "hand": "Q3s",
          "probability_on_actions_losing_over_0_1bb": 0.05134902149438858,
          "reference_expected_action_loss_bb": 0.04806457629606653,
          "reference_probabilities": [
            0.029486965388059616,
            0.011235954239964485,
            0.505631148815155,
            0.4536459445953369
          ]
        },
        {
          "action_values_bb": [
            -0.5000005577998391,
            -0.3855479639686095,
            -0.12419415741855193,
            -0.1998276553441563
          ],
          "candidate_probabilities": [
            0.038803473114967346,
            0.00769230630248785,
            0.5425799489021301,
            0.4109242856502533
          ],
          "class_index": 132,
          "conditional_hand_mass": 0.0030165911925363843,
          "expected_action_loss_bb": 0.04767264819324102,
          "hand": "Q4s",
          "probability_on_actions_losing_over_0_1bb": 0.046495779417455196,
          "reference_expected_action_loss_bb": 0.05311338367746671,
          "reference_probabilities": [
            0.048906728625297546,
            0.011235959827899933,
            0.5194435715675354,
            0.4204137325286865
          ]
        },
        {
          "action_values_bb": [
            -0.5000005577998391,
            -0.29935530734151355,
            0.042788151649662036,
            0.00857911646984596
          ],
          "candidate_probabilities": [
            0.029106728732585907,
            0.007692307699471712,
            0.5110857486724854,
            0.4521152675151825
          ],
          "class_index": 133,
          "conditional_hand_mass": 0.0030165911925363843,
          "expected_action_loss_bb": 0.03389710358073755,
          "hand": "Q5s",
          "probability_on_actions_losing_over_0_1bb": 0.03679903643205762,
          "reference_expected_action_loss_bb": 0.03387838357403532,
          "reference_probabilities": [
            0.02493557706475258,
            0.01123594120144844,
            0.48151934146881104,
            0.48230913281440735
          ]
        },
        {
          "action_values_bb": [
            -0.5000005577998391,
            -0.2872611532077829,
            0.06229829338040337,
            0.0474541550510015
          ],
          "candidate_probabilities": [
            0.02681940793991089,
            0.007692302577197552,
            0.47769322991371155,
            0.48779502511024475
          ],
          "class_index": 134,
          "conditional_hand_mass": 0.0030165911925363843,
          "expected_action_loss_bb": 0.025010336134950753,
          "hand": "Q6s",
          "probability_on_actions_losing_over_0_1bb": 0.03451171051710844,
          "reference_expected_action_loss_bb": 0.023072572429751616,
          "reference_probabilities": [
            0.020893845707178116,
            0.011235954239964485,
            0.4696025550365448,
            0.49826759099960327
          ]
        },
        {
          "action_values_bb": [
            -0.5000005577998391,
            -0.2844362379003918,
            0.06351657471233023,
            0.06869401084114976
          ],
          "candidate_probabilities": [
            0.039163969457149506,
            0.00769230630248785,
            0.48646774888038635,
            0.46667593717575073
          ],
          "class_index": 135,
          "conditional_hand_mass": 0.0030165911925363843,
          "expected_action_loss_bb": 0.027507378453254985,
          "hand": "Q7s",
          "probability_on_actions_losing_over_0_1bb": 0.046856275759637356,
          "reference_expected_action_loss_bb": 0.017464839002128106,
          "reference_probabilities": [
            0.019559139385819435,
            0.011235945858061314,
            0.45851078629493713,
            0.510694146156311
          ]
        },
        {
          "action_values_bb": [
            -0.5000005577998391,
            -0.18458606913495162,
            0.25327800372114473,
            0.31952658907877496
          ],
          "candidate_probabilities": [
            0.007692304905503988,
            0.007692304905503988,
            0.4146099388599396,
            0.570005476474762
          ],
          "class_index": 136,
          "conditional_hand_mass": 0.0030165911925363843,
          "expected_action_loss_bb": 0.037649162890516716,
          "hand": "Q8s",
          "probability_on_actions_losing_over_0_1bb": 0.015384609811007977,
          "reference_expected_action_loss_bb": 0.042883675326360046,
          "reference_probabilities": [
            0.011235947720706463,
            0.011235947720706463,
            0.4228215217590332,
            0.5547065734863281
          ]
        },
        {
          "action_values_bb": [
            -0.5000005577998391,
            -0.12878756936860777,
            0.3539642524676445,
            0.4640829584711822
          ],
          "candidate_probabilities": [
            0.00769230630248785,
            0.00769230630248785,
            0.40814709663391113,
            0.5764683485031128
          ],
          "class_index": 137,
          "conditional_hand_mass": 0.0030165911925363843,
          "expected_action_loss_bb": 0.05692119754662468,
          "hand": "Q9s",
          "probability_on_actions_losing_over_0_1bb": 0.42353170923888683,
          "reference_expected_action_loss_bb": 0.062217792874328756,
          "reference_probabilities": [
            0.011235951445996761,
            0.011235951445996761,
            0.406142920255661,
            0.5713850855827332
          ]
        },
        {
          "action_values_bb": [
            -0.5000005577998391,
            -0.05310108433189834,
            0.4914918170763603,
            0.6466992504409718
          ],
          "candidate_probabilities": [
            0.00769230630248785,
            0.00769230630248785,
            0.3902989625930786,
            0.5943164825439453
          ],
          "class_index": 138,
          "conditional_hand_mass": 0.0030165911925363843,
          "expected_action_loss_bb": 0.07478114491659107,
          "hand": "QTs",
          "probability_on_actions_losing_over_0_1bb": 0.4056835751980543,
          "reference_expected_action_loss_bb": 0.08132097302218289,
          "reference_probabilities": [
            0.01123595517128706,
            0.01123595517128706,
            0.3902762830257416,
            0.5872517824172974
          ]
        },
        {
          "action_values_bb": [
            -0.5000005577998391,
            -0.04967929220778416,
            0.4929269740846195,
            0.6647827493582203
          ],
          "candidate_probabilities": [
            0.007692305836826563,
            0.007692305836826563,
            0.3858630955219269,
            0.5987522602081299
          ],
          "class_index": 139,
          "conditional_hand_mass": 0.0030165911925363843,
          "expected_action_loss_bb": 0.08076853139521152,
          "hand": "QJs",
          "probability_on_actions_losing_over_0_1bb": 0.40124770719558,
          "reference_expected_action_loss_bb": 0.08790755461370336,
          "reference_probabilities": [
            0.011235946789383888,
            0.011235946789383888,
            0.38865411281585693,
            0.5888739228248596
          ]
        },
        {
          "action_values_bb": [
            -0.5000005577998391,
            0.6200328234216433,
            1.672817422196219,
            2.2525073102767803
          ],
          "candidate_probabilities": [
            0.007692304905503988,
            0.007692304905503988,
            0.3201000690460205,
            0.6645152568817139
          ],
          "class_index": 140,
          "conditional_hand_mass": 0.0045248869052198935,
          "expected_action_loss_bb": 0.21928939447925755,
          "hand": "QQ",
          "probability_on_actions_losing_over_0_1bb": 0.3354846788570285,
          "reference_expected_action_loss_bb": 0.23491319408314254,
          "reference_probabilities": [
            0.01123595330864191,
            0.01123595330864191,
            0.3202466368675232,
            0.6572814583778381
          ]
        },
        {
          "action_values_bb": [
            -0.5000005577998391,
            0.02268341465848395,
            0.6278260309070693,
            0.8783716831052345
          ],
          "candidate_probabilities": [
            0.0076923067681491375,
            0.0076923067681491375,
            0.37404561042785645,
            0.6105697154998779
          ],
          "class_index": 141,
          "conditional_hand_mass": 0.009049773810439787,
          "expected_action_loss_bb": 0.11090058019304985,
          "hand": "KQo",
          "probability_on_actions_losing_over_0_1bb": 0.3894302239641547,
          "reference_expected_action_loss_bb": 0.11920545022079611,
          "reference_probabilities": [
            0.011235946789383888,
            0.011235946789383888,
            0.3755948841571808,
            0.6019331812858582
          ]
        },
        {
          "action_values_bb": [
            -0.5000005577998391,
            0.045551464937321894,
            0.6493483038546448,
            0.9453205551719821
          ],
          "candidate_probabilities": [
            0.007692308630794287,
            0.007692308630794287,
            0.37387615442276,
            0.6107392311096191
          ],
          "class_index": 142,
          "conditional_hand_mass": 0.009049773810439787,
          "expected_action_loss_bb": 0.12869612474848907,
          "hand": "AQo",
          "probability_on_actions_losing_over_0_1bb": 0.3892607716843486,
          "reference_expected_action_loss_bb": 0.1379954288554603,
          "reference_probabilities": [
            0.011235959827899933,
            0.011235959827899933,
            0.377218097448349,
            0.6003100275993347
          ]
        },
        {
          "action_values_bb": [
            -0.5000005577998391,
            -0.25916694453362354,
            0.12347416952900621,
            0.15460143032274298
          ],
          "candidate_probabilities": [
            0.007692305836826563,
            0.007692305836826563,
            0.44794365763664246,
            0.5366717576980591
          ],
          "class_index": 143,
          "conditional_hand_mass": 0.0030165911925363843,
          "expected_action_loss_bb": 0.02216149063119159,
          "hand": "K2s",
          "probability_on_actions_losing_over_0_1bb": 0.015384611673653126,
          "reference_expected_action_loss_bb": 0.026062360789440176,
          "reference_probabilities": [
            0.011235952377319336,
            0.011235952377319336,
            0.45163634419441223,
            0.5258917808532715
          ]
        },
        {
          "action_values_bb": [
            -0.5000005577998391,
            -0.19964432513037023,
            0.23746944496436898,
            0.29394437000226836
          ],
          "candidate_probabilities": [
            0.007692307699471712,
            0.007692307699471712,
            0.4352954030036926,
            0.5493199229240417
          ],
          "class_index": 144,
          "conditional_hand_mass": 0.0030165911925363843,
          "expected_action_loss_bb": 0.0344873800550054,
          "hand": "K3s",
          "probability_on_actions_losing_over_0_1bb": 0.015384615398943424,
          "reference_expected_action_loss_bb": 0.03884511426220581,
          "reference_probabilities": [
            0.011235951445996761,
            0.011235951445996761,
            0.43166854977607727,
            0.5458595752716064
          ]
        },
        {
          "action_values_bb": [
            -0.5000005577998391,
            -0.22793184243765968,
            0.17523692548166017,
            0.2322427675053084
          ],
          "candidate_probabilities": [
            0.007692308630794287,
            0.007692308630794287,
            0.4483961760997772,
            0.5362192392349243
          ],
          "class_index": 145,
          "conditional_hand_mass": 0.0030165911925363843,
          "expected_action_loss_bb": 0.034733648353574835,
          "hand": "K4s",
          "probability_on_actions_losing_over_0_1bb": 0.015384617261588573,
          "reference_expected_action_loss_bb": 0.03836648807629987,
          "reference_probabilities": [
            0.011235951445996761,
            0.011235951445996761,
            0.4379996359348297,
            0.5395285487174988
          ]
        },
        {
          "action_values_bb": [
            -0.5000005577998391,
            -0.19259328582531443,
            0.2399803499512235,
            0.33254848830045824
          ],
          "candidate_probabilities": [
            0.007692308630794287,
            0.007692308630794287,
            0.4429289400577545,
            0.541686475276947
          ],
          "class_index": 146,
          "conditional_hand_mass": 0.0030165911925363843,
          "expected_action_loss_bb": 0.0514448842165213,
          "hand": "K5s",
          "probability_on_actions_losing_over_0_1bb": 0.015384617261588573,
          "reference_expected_action_loss_bb": 0.05480626879558389,
          "reference_probabilities": [
            0.011235949583351612,
            0.011235949583351612,
            0.4272671341896057,
            0.5502610206604004
          ]
        },
        {
          "action_values_bb": [
            -0.5000005577998391,
            -0.1490166453669765,
            0.3208131853965523,
            0.43344084408750766
          ],
          "candidate_probabilities": [
            0.007692303974181414,
            0.007692303974181414,
            0.41475847363471985,
            0.5698569416999817
          ],
          "class_index": 147,
          "conditional_hand_mass": 0.0030165911925363843,
          "expected_action_loss_bb": 0.05837403087403881,
          "hand": "K6s",
          "probability_on_actions_losing_over_0_1bb": 0.4301430815830827,
          "reference_expected_action_loss_bb": 0.06359660622192212,
          "reference_probabilities": [
            0.011235956102609634,
            0.011235956102609634,
            0.41343337297439575,
            0.5640947222709656
          ]
        },
        {
          "action_values_bb": [
            -0.5000005577998391,
            -0.16995099728413457,
            0.2735692124238138,
            0.39805715217151477
          ],
          "candidate_probabilities": [
            0.007692308630794287,
            0.007692308630794287,
            0.40428587794303894,
            0.5803295373916626
          ],
          "class_index": 148,
          "conditional_hand_mass": 0.0030165911925363843,
          "expected_action_loss_bb": 0.06160614707800259,
          "hand": "K7s",
          "probability_on_actions_losing_over_0_1bb": 0.4196704952046275,
          "reference_expected_action_loss_bb": 0.06813612973368743,
          "reference_probabilities": [
            0.011235954239964485,
            0.011235954239964485,
            0.41500791907310486,
            0.5625202059745789
          ]
        },
        {
          "action_values_bb": [
            -0.5000005577998391,
            -0.09981380331481851,
            0.4075217758859411,
            0.5654992742404316
          ],
          "candidate_probabilities": [
            0.007692305836826563,
            0.007692305836826563,
            0.3948715031147003,
            0.5897438526153564
          ],
          "class_index": 149,
          "conditional_hand_mass": 0.0030165911925363843,
          "expected_action_loss_bb": 0.07569475448047414,
          "hand": "K8s",
          "probability_on_actions_losing_over_0_1bb": 0.41025611478835344,
          "reference_expected_action_loss_bb": 0.08254371831666903,
          "reference_probabilities": [
            0.011235963553190231,
            0.011235963553190231,
            0.3994009792804718,
            0.5781271457672119
          ]
        },
        {
          "action_values_bb": [
            -0.5000005577998391,
            -0.03764823918085234,
            0.5161809986104586,
            0.7056720186528266
          ],
          "candidate_probabilities": [
            0.007692308630794287,
            0.007692308630794287,
            0.3863796591758728,
            0.5982357263565063
          ],
          "class_index": 150,
          "conditional_hand_mass": 0.0030165911925363843,
          "expected_action_loss_bb": 0.08820773014139568,
          "hand": "K9s",
          "probability_on_actions_losing_over_0_1bb": 0.4017642764374614,
          "reference_expected_action_loss_bb": 0.095485655048722,
          "reference_probabilities": [
            0.011235958896577358,
            0.011235958896577358,
            0.3883395195007324,
            0.5891885161399841
          ]
        },
        {
          "action_values_bb": [
            -0.5000005577998391,
            -0.02180946239251507,
            0.5346826304848769,
            0.7559734784769834
          ],
          "candidate_probabilities": [
            0.007692304905503988,
            0.007692304905503988,
            0.38276493549346924,
            0.6018503904342651
          ],
          "class_index": 151,
          "conditional_hand_mass": 0.0030165911925363843,
          "expected_action_loss_bb": 0.10034665592889937,
          "hand": "KTs",
          "probability_on_actions_losing_over_0_1bb": 0.3981495453044772,
          "reference_expected_action_loss_bb": 0.1082301566080397,
          "reference_probabilities": [
            0.011235954239964485,
            0.011235954239964485,
            0.3858223557472229,
            0.5917056798934937
          ]
        },
        {
          "action_values_bb": [
            -0.5000005577998391,
            0.04540974891569909,
            0.663852897026431,
            0.9237086004058304
          ],
          "candidate_probabilities": [
            0.00769230630248785,
            0.00769230630248785,
            0.368169367313385,
            0.6164459586143494
          ],
          "class_index": 152,
          "conditional_hand_mass": 0.0030165911925363843,
          "expected_action_loss_bb": 0.11337866062732861,
          "hand": "KJs",
          "probability_on_actions_losing_over_0_1bb": 0.3835539799183607,
          "reference_expected_action_loss_bb": 0.12293174937327492,
          "reference_probabilities": [
            0.011235959827899933,
            0.011235959827899933,
            0.37353992462158203,
            0.6039881706237793
          ]
        },
        {
          "action_values_bb": [
            -0.5000005577998391,
            0.10922198853163531,
            0.7849598570049123,
            1.0831639894340315
          ],
          "candidate_probabilities": [
            0.007692302111536264,
            0.007692302111536264,
            0.370796799659729,
            0.6138185858726501
          ],
          "class_index": 153,
          "conditional_hand_mass": 0.0030165911925363843,
          "expected_action_loss_bb": 0.1302431740496752,
          "hand": "KQs",
          "probability_on_actions_losing_over_0_1bb": 0.38618140388280153,
          "reference_expected_action_loss_bb": 0.13725098298370733,
          "reference_probabilities": [
            0.011235949583351612,
            0.011235949583351612,
            0.3639099895954132,
            0.6136181354522705
          ]
        },
        {
          "action_values_bb": [
            -0.5000005577998391,
            0.774330733159713,
            1.9610063204919546,
            2.680602572572858
          ],
          "candidate_probabilities": [
            0.00769230630248785,
            0.00769230630248785,
            0.30879446864128113,
            0.6758208870887756
          ],
          "class_index": 154,
          "conditional_hand_mass": 0.0045248869052198935,
          "expected_action_loss_bb": 0.2613371426876313,
          "hand": "KK",
          "probability_on_actions_losing_over_0_1bb": 0.32417908124625683,
          "reference_expected_action_loss_bb": 0.2793759113090406,
          "reference_probabilities": [
            0.011235945858061314,
            0.011235945858061314,
            0.30881214141845703,
            0.6687160134315491
          ]
        },
        {
          "action_values_bb": [
            -0.5000005577998391,
            0.12279445168895593,
            0.7934717585941461,
            1.135608826128832
          ],
          "candidate_probabilities": [
            0.007692303508520126,
            0.007692303508520126,
            0.3641841411590576,
            0.6204311847686768
          ],
          "class_index": 155,
          "conditional_hand_mass": 0.009049773810439787,
          "expected_action_loss_bb": 0.1449733734673445,
          "hand": "AKo",
          "probability_on_actions_losing_over_0_1bb": 0.37956874817609787,
          "reference_expected_action_loss_bb": 0.1554130868950884,
          "reference_probabilities": [
            0.011235951445996761,
            0.011235951445996761,
            0.36726662516593933,
            0.6102614402770996
          ]
        },
        {
          "action_values_bb": [
            -0.5000005577998391,
            -0.18861387979537422,
            0.24211611905183944,
            0.3693504792740173
          ],
          "candidate_probabilities": [
            0.007692305836826563,
            0.007692305836826563,
            0.4230770170688629,
            0.5615383982658386
          ],
          "class_index": 156,
          "conditional_hand_mass": 0.0030165911925363843,
          "expected_action_loss_bb": 0.06480928014420932,
          "hand": "A2s",
          "probability_on_actions_losing_over_0_1bb": 0.43846162874251604,
          "reference_expected_action_loss_bb": 0.07025898454300775,
          "reference_probabilities": [
            0.011235946789383888,
            0.011235946789383888,
            0.4261564612388611,
            0.5513716340065002
          ]
        },
        {
          "action_values_bb": [
            -0.5000005577998391,
            -0.12031937759454397,
            0.3725599355927119,
            0.5234191022893345
          ],
          "candidate_probabilities": [
            0.007692307699471712,
            0.007692307699471712,
            0.3982730507850647,
            0.5863423347473145
          ],
          "class_index": 157,
          "conditional_hand_mass": 0.0030165911925363843,
          "expected_action_loss_bb": 0.07290743395550817,
          "hand": "A3s",
          "probability_on_actions_losing_over_0_1bb": 0.4136576661840081,
          "reference_expected_action_loss_bb": 0.08042351292394992,
          "reference_probabilities": [
            0.011235958896577358,
            0.011235958896577358,
            0.4089336693286896,
            0.5685945153236389
          ]
        },
        {
          "action_values_bb": [
            -0.5000005577998391,
            -0.10509026440951928,
            0.39777558720828615,
            0.5591322369880792
          ],
          "candidate_probabilities": [
            0.007692307699471712,
            0.007692307699471712,
            0.40079572796821594,
            0.5838196873664856
          ],
          "class_index": 158,
          "conditional_hand_mass": 0.0030165911925363843,
          "expected_action_loss_bb": 0.07792763512477785,
          "hand": "A4s",
          "probability_on_actions_losing_over_0_1bb": 0.41618034336715937,
          "reference_expected_action_loss_bb": 0.0846041918299982,
          "reference_probabilities": [
            0.011235946789383888,
            0.011235946789383888,
            0.40432584285736084,
            0.5732022523880005
          ]
        },
        {
          "action_values_bb": [
            -0.5000005577998391,
            -0.0745570139611102,
            0.4518689703386837,
            0.6411353829791717
          ],
          "candidate_probabilities": [
            0.007692304905503988,
            0.007692304905503988,
            0.4093726575374603,
            0.575242817401886
          ],
          "class_index": 159,
          "conditional_hand_mass": 0.0030165911925363843,
          "expected_action_loss_bb": 0.0917637840561351,
          "hand": "A5s",
          "probability_on_actions_losing_over_0_1bb": 0.4247572673484683,
          "reference_expected_action_loss_bb": 0.09631103076783502,
          "reference_probabilities": [
            0.011235947720706463,
            0.011235947720706463,
            0.39863282442092896,
            0.5788952708244324
          ]
        },
        {
          "action_values_bb": [
            -0.5000005577998391,
            -0.08137083339014628,
            0.43678352160110867,
            0.628827343596024
          ],
          "candidate_probabilities": [
            0.007692307699471712,
            0.007692307699471712,
            0.3952416777610779,
            0.5893737077713013
          ],
          "class_index": 160,
          "conditional_hand_mass": 0.0030165911925363843,
          "expected_action_loss_bb": 0.09005007687118752,
          "hand": "A6s",
          "probability_on_actions_losing_over_0_1bb": 0.4106262931600213,
          "reference_expected_action_loss_bb": 0.09746167719271984,
          "reference_probabilities": [
            0.011235950514674187,
            0.011235950514674187,
            0.39990076422691345,
            0.5776273012161255
          ]
        },
        {
          "action_values_bb": [
            -0.5000005577998391,
            -0.06855979800208493,
            0.4535253879497881,
            0.6612520623099607
          ],
          "candidate_probabilities": [
            0.007692307699471712,
            0.007692307699471712,
            0.38705435395240784,
            0.5975610017776489
          ],
          "class_index": 161,
          "conditional_hand_mass": 0.0030165911925363843,
          "expected_action_loss_bb": 0.09494816360610524,
          "hand": "A7s",
          "probability_on_actions_losing_over_0_1bb": 0.40243896935135126,
          "reference_expected_action_loss_bb": 0.10357507870043572,
          "reference_probabilities": [
            0.011235949583351612,
            0.011235949583351612,
            0.3963245153427124,
            0.5812035202980042
          ]
        },
        {
          "action_values_bb": [
            -0.5000005577998391,
            -0.010782325120453776,
            0.5584023868874893,
            0.7922298482412571
          ],
          "candidate_probabilities": [
            0.00769230630248785,
            0.00769230630248785,
            0.3941609263420105,
            0.5904544591903687
          ],
          "class_index": 162,
          "conditional_hand_mass": 0.0030165911925363843,
          "expected_action_loss_bb": 0.10828289647018287,
          "hand": "A8s",
          "probability_on_actions_losing_over_0_1bb": 0.4095455389469862,
          "reference_expected_action_loss_bb": 0.11405663949680654,
          "reference_probabilities": [
            0.011235959827899933,
            0.011235959827899933,
            0.38709986209869385,
            0.5904281735420227
          ]
        },
        {
          "action_values_bb": [
            -0.5000005577998391,
            0.004909665090778825,
            0.5807335935572879,
            0.823728185377959
          ],
          "candidate_probabilities": [
            0.00769230630248785,
            0.00769230630248785,
            0.385541707277298,
            0.5990737676620483
          ],
          "class_index": 163,
          "conditional_hand_mass": 0.0030165911925363843,
          "expected_action_loss_bb": 0.11016567960782142,
          "hand": "A9s",
          "probability_on_actions_losing_over_0_1bb": 0.4009263198822737,
          "reference_expected_action_loss_bb": 0.11785253268419157,
          "reference_probabilities": [
            0.011235951445996761,
            0.011235951445996761,
            0.38593029975891113,
            0.5915977954864502
          ]
        },
        {
          "action_values_bb": [
            -0.5000005577998391,
            0.050212816133058814,
            0.6567152283074742,
            0.9359127650633846
          ],
          "candidate_probabilities": [
            0.00769230630248785,
            0.00769230630248785,
            0.3731939196586609,
            0.6114214062690735
          ],
          "class_index": 164,
          "conditional_hand_mass": 0.0030165911925363843,
          "expected_action_loss_bb": 0.12205338350353821,
          "hand": "ATs",
          "probability_on_actions_losing_over_0_1bb": 0.3885785322636366,
          "reference_expected_action_loss_bb": 0.13184029521414214,
          "reference_probabilities": [
            0.011235951445996761,
            0.011235951445996761,
            0.37878113985061646,
            0.5987470149993896
          ]
        },
        {
          "action_values_bb": [
            -0.5000005577998391,
            0.034127100581227435,
            0.6201590101408011,
            0.912620965092886
          ],
          "candidate_probabilities": [
            0.007692304905503988,
            0.007692304905503988,
            0.3780747652053833,
            0.6065405607223511
          ],
          "class_index": 165,
          "conditional_hand_mass": 0.0030165911925363843,
          "expected_action_loss_bb": 0.12819644308362332,
          "hand": "AJs",
          "probability_on_actions_losing_over_0_1bb": 0.3934593750163913,
          "reference_expected_action_loss_bb": 0.13690305171385914,
          "reference_probabilities": [
            0.011235951445996761,
            0.011235951445996761,
            0.3800842761993408,
            0.5974437594413757
          ]
        },
        {
          "action_values_bb": [
            -0.5000005577998391,
            0.146374115112533,
            0.8370941231448507,
            1.1848274725097645
          ],
          "candidate_probabilities": [
            0.007692304905503988,
            0.007692304905503988,
            0.3545043170452118,
            0.630111038684845
          ],
          "class_index": 166,
          "conditional_hand_mass": 0.0030165911925363843,
          "expected_action_loss_bb": 0.14422128430817782,
          "hand": "AQs",
          "probability_on_actions_losing_over_0_1bb": 0.36988892685621977,
          "reference_expected_action_loss_bb": 0.15668655163134887,
          "reference_probabilities": [
            0.01123595517128706,
            0.01123595517128706,
            0.36259934306144714,
            0.6149287819862366
          ]
        },
        {
          "action_values_bb": [
            -0.5000005577998391,
            0.21169526527101015,
            0.9570770544697741,
            1.3470351698996332
          ],
          "candidate_probabilities": [
            0.00769230630248785,
            0.00769230630248785,
            0.3610139489173889,
            0.6236014366149902
          ],
          "class_index": 167,
          "conditional_hand_mass": 0.0030165911925363843,
          "expected_action_loss_bb": 0.16372166603666,
          "hand": "AKs",
          "probability_on_actions_losing_over_0_1bb": 0.3763985615223646,
          "reference_expected_action_loss_bb": 0.17203861455283145,
          "reference_probabilities": [
            0.011235943995416164,
            0.011235943995416164,
            0.35524022579193115,
            0.622287929058075
          ]
        },
        {
          "action_values_bb": [
            -0.5000005577998391,
            0.889482931944701,
            2.1715056009301623,
            2.9772821760639414
          ],
          "candidate_probabilities": [
            0.007692311424762011,
            0.007692311424762011,
            0.3055424392223358,
            0.6790729761123657
          ],
          "class_index": 168,
          "conditional_hand_mass": 0.0045248869052198935,
          "expected_action_loss_bb": 0.28900728391357056,
          "hand": "AA",
          "probability_on_actions_losing_over_0_1bb": 0.32092706207185984,
          "reference_expected_action_loss_bb": 0.30571461180304177,
          "reference_probabilities": [
            0.011235957033932209,
            0.011235957033932209,
            0.30180275440216064,
            0.6757252812385559
          ]
        }
      ],
      "joint_reach_independent_model": 1.4330599463602386e-8,
      "opponent_mass": 1.4330598929745975e-8,
      "passes_local_tail_gate": false,
      "path": [
        1
      ],
      "position": "SB",
      "reference_weighted_action_loss_bb": 0.05625807796044082,
      "scope": "One-action deviation followed by reference play, same reference arriving ranges; excludes physical-deal validation",
      "status": "evaluated",
      "weighted_action_loss_bb": 0.05235105081008404,
      "weighted_excess_action_loss_bb": -0.003907027150356783,
      "worst_relevant_probability_on_strongly_inferior_actions": 0.486392411403358
    },
    {
      "actions": [
        {
          "kind": "fold",
          "label": "Fold",
          "to": 0.0
        },
        {
          "kind": "call",
          "label": "Call 2",
          "to": 2.0
        }
      ],
      "actor": 1,
      "actor_mass": 1.000000037252903,
      "forced_or_frozen": false,
      "hands": [
        {
          "action_values_bb": [
            -0.5,
            -0.15352323256918557
          ],
          "candidate_probabilities": [
            1.4777598380533163e-6,
            0.9999985098838806
          ],
          "class_index": 0,
          "conditional_hand_mass": 0.0045248869052198935,
          "expected_action_loss_bb": 5.12009451727797e-7,
          "hand": "22",
          "probability_on_actions_losing_over_0_1bb": 1.4777598380533163e-6,
          "reference_expected_action_loss_bb": 4.1452715916039826e-9,
          "reference_probabilities": [
            1.1964067958558644e-8,
            1.0
          ]
        },
        {
          "action_values_bb": [
            -0.5,
            -0.9658611828167069
          ],
          "candidate_probabilities": [
            0.9999985098838806,
            1.4777598380533163e-6
          ],
          "class_index": 1,
          "conditional_hand_mass": 0.009049773810439787,
          "expected_action_loss_bb": 6.884309460745431e-7,
          "hand": "32o",
          "probability_on_actions_losing_over_0_1bb": 1.4777598380533163e-6,
          "reference_expected_action_loss_bb": 5.573594850473593e-9,
          "reference_probabilities": [
            1.0,
            1.1964067958558644e-8
          ]
        },
        {
          "action_values_bb": [
            -0.5,
            -0.8031878392685582
          ],
          "candidate_probabilities": [
            0.9999985098838806,
            1.4777598380533163e-6
          ],
          "class_index": 2,
          "conditional_hand_mass": 0.009049773810439787,
          "expected_action_loss_bb": 4.4803881225723947e-7,
          "hand": "42o",
          "probability_on_actions_losing_over_0_1bb": 1.4777598380533163e-6,
          "reference_expected_action_loss_bb": 3.6273599132175853e-9,
          "reference_probabilities": [
            1.0,
            1.1964067958558644e-8
          ]
        },
        {
          "action_values_bb": [
            -0.5,
            -0.7360021576101995
          ],
          "candidate_probabilities": [
            0.9999985098838806,
            1.4777598380533163e-6
          ],
          "class_index": 3,
          "conditional_hand_mass": 0.009049773810439787,
          "expected_action_loss_bb": 3.4875451021028164e-7,
          "hand": "52o",
          "probability_on_actions_losing_over_0_1bb": 1.4777598380533163e-6,
          "reference_expected_action_loss_bb": 2.8235458520148947e-9,
          "reference_probabilities": [
            1.0,
            1.1964067958558644e-8
          ]
        },
        {
          "action_values_bb": [
            -0.5,
            -0.8102371486728935
          ],
          "candidate_probabilities": [
            0.9999985098838806,
            1.4777598380533163e-6
          ],
          "class_index": 4,
          "conditional_hand_mass": 0.009049773810439787,
          "expected_action_loss_bb": 4.5845599858097776e-7,
          "hand": "62o",
          "probability_on_actions_losing_over_0_1bb": 1.4777598380533163e-6,
          "reference_expected_action_loss_bb": 3.71169832999196e-9,
          "reference_probabilities": [
            1.0,
            1.1964067958558644e-8
          ]
        },
        {
          "action_values_bb": [
            -0.5,
            -0.8949495565706094
          ],
          "candidate_probabilities": [
            0.9999985098838806,
            1.4777598380533163e-6
          ],
          "class_index": 5,
          "conditional_hand_mass": 0.009049773810439787,
          "expected_action_loss_bb": 5.836405927570128e-7,
          "hand": "72o",
          "probability_on_actions_losing_over_0_1bb": 1.4777598380533163e-6,
          "reference_expected_action_loss_bb": 4.725203335013372e-9,
          "reference_probabilities": [
            1.0,
            1.1964067958558644e-8
          ]
        },
        {
          "action_values_bb": [
            -0.5,
            -0.9645316966489113
          ],
          "candidate_probabilities": [
            0.9999985098838806,
            1.4777598380533163e-6
          ],
          "class_index": 6,
          "conditional_hand_mass": 0.009049773810439787,
          "expected_action_loss_bb": 6.864662848105274e-7,
          "hand": "82o",
          "probability_on_actions_losing_over_0_1bb": 1.4777598380533163e-6,
          "reference_expected_action_loss_bb": 5.5576887876121226e-9,
          "reference_probabilities": [
            1.0,
            1.1964067958558644e-8
          ]
        },
        {
          "action_values_bb": [
            -0.5,
            -0.7473888630465341
          ],
          "candidate_probabilities": [
            0.9999843239784241,
            0.000015695839465479366
          ],
          "class_index": 7,
          "conditional_hand_mass": 0.009049773810439787,
          "expected_action_loss_bb": 3.88297587992586e-6,
          "hand": "92o",
          "probability_on_actions_losing_over_0_1bb": 0.000015695839465479366,
          "reference_expected_action_loss_bb": 3.995009801455722e-8,
          "reference_probabilities": [
            0.9999998211860657,
            1.614870512867128e-7
          ]
        },
        {
          "action_values_bb": [
            -0.5,
            -0.7811407022873946
          ],
          "candidate_probabilities": [
            0.9999785423278809,
            0.00002143794517905917
          ],
          "class_index": 8,
          "conditional_hand_mass": 0.009049773810439787,
          "expected_action_loss_bb": 6.027078963239361e-6,
          "hand": "T2o",
          "probability_on_actions_losing_over_0_1bb": 0.00002143794517905917,
          "reference_expected_action_loss_bb": 6.597604691946333e-8,
          "reference_probabilities": [
            0.9999997615814209,
            2.3467269727461826e-7
          ]
        },
        {
          "action_values_bb": [
            -0.5,
            -0.7401259488300338
          ],
          "candidate_probabilities": [
            0.9997544884681702,
            0.0002455028588883579
          ],
          "class_index": 9,
          "conditional_hand_mass": 0.009049773810439787,
          "expected_action_loss_bb": 0.00005895160693105283,
          "hand": "J2o",
          "probability_on_actions_losing_over_0_1bb": 0.0002455028588883579,
          "reference_expected_action_loss_bb": 4.2833451817786813e-7,
          "reference_probabilities": [
            0.999998152256012,
            1.7837910490925424e-6
          ]
        },
        {
          "action_values_bb": [
            -0.5,
            -0.4167819492802079
          ],
          "candidate_probabilities": [
            0.9970380067825317,
            0.002962036756798625
          ],
          "class_index": 10,
          "conditional_hand_mass": 0.009049773810439787,
          "expected_action_loss_bb": 0.08297155941798914,
          "hand": "Q2o",
          "probability_on_actions_losing_over_0_1bb": -0.0,
          "reference_expected_action_loss_bb": 9.956264141903728e-10,
          "reference_probabilities": [
            1.1964067958558644e-8,
            1.0
          ]
        },
        {
          "action_values_bb": [
            -0.5,
            -0.31158438411211437
          ],
          "candidate_probabilities": [
            1.4777598380533163e-6,
            0.9999985098838806
          ],
          "class_index": 11,
          "conditional_hand_mass": 0.009049773810439787,
          "expected_action_loss_bb": 2.7843303002119776e-7,
          "hand": "K2o",
          "probability_on_actions_losing_over_0_1bb": 1.4777598380533163e-6,
          "reference_expected_action_loss_bb": 2.2542172329363456e-9,
          "reference_probabilities": [
            1.1964067958558644e-8,
            1.0
          ]
        },
        {
          "action_values_bb": [
            -0.5,
            -0.04007984893222574
          ],
          "candidate_probabilities": [
            1.4777598380533163e-6,
            0.9999985098838806
          ],
          "class_index": 12,
          "conditional_hand_mass": 0.009049773810439787,
          "expected_action_loss_bb": 6.79651527959371e-7,
          "hand": "A2o",
          "probability_on_actions_losing_over_0_1bb": 1.4777598380533163e-6,
          "reference_expected_action_loss_bb": 5.50251594288541e-9,
          "reference_probabilities": [
            1.1964067958558644e-8,
            1.0
          ]
        },
        {
          "action_values_bb": [
            -0.5,
            -0.8300519970384573
          ],
          "candidate_probabilities": [
            0.9999985098838806,
            1.4777594969928032e-6
          ],
          "class_index": 13,
          "conditional_hand_mass": 0.0030165911925363843,
          "expected_action_loss_bb": 4.877374731250209e-7,
          "hand": "32s",
          "probability_on_actions_losing_over_0_1bb": 1.4777594969928032e-6,
          "reference_expected_action_loss_bb": 4.1362238121781024e-8,
          "reference_probabilities": [
            0.9999998807907104,
            1.2532036919310485e-7
          ]
        },
        {
          "action_values_bb": [
            -0.5,
            0.004149822799820036
          ],
          "candidate_probabilities": [
            1.4777598380533163e-6,
            0.9999985098838806
          ],
          "class_index": 14,
          "conditional_hand_mass": 0.0045248869052198935,
          "expected_action_loss_bb": 7.450123604952701e-7,
          "hand": "33",
          "probability_on_actions_losing_over_0_1bb": 1.4777598380533163e-6,
          "reference_expected_action_loss_bb": 6.031682741272345e-9,
          "reference_probabilities": [
            1.1964067958558644e-8,
            1.0
          ]
        },
        {
          "action_values_bb": [
            -0.5,
            -0.847924768332565
          ],
          "candidate_probabilities": [
            0.9999985098838806,
            1.4777598380533163e-6
          ],
          "class_index": 15,
          "conditional_hand_mass": 0.009049773810439787,
          "expected_action_loss_bb": 5.141492493058689e-7,
          "hand": "43o",
          "probability_on_actions_losing_over_0_1bb": 1.4777598380533163e-6,
          "reference_expected_action_loss_bb": 4.162595572796581e-9,
          "reference_probabilities": [
            1.0,
            1.1964067958558644e-8
          ]
        },
        {
          "action_values_bb": [
            -0.5,
            -0.7578139523998724
          ],
          "candidate_probabilities": [
            0.9999802708625793,
            0.000019732489818125032
          ],
          "class_index": 16,
          "conditional_hand_mass": 0.009049773810439787,
          "expected_action_loss_bb": 5.087311190701053e-6,
          "hand": "53o",
          "probability_on_actions_losing_over_0_1bb": 0.000019732489818125032,
          "reference_expected_action_loss_bb": 4.0831193633500046e-8,
          "reference_probabilities": [
            0.9999998211860657,
            1.5837464673040813e-7
          ]
        },
        {
          "action_values_bb": [
            -0.5,
            -0.7804240699754289
          ],
          "candidate_probabilities": [
            0.9999855160713196,
            0.000014451386050495785
          ],
          "class_index": 17,
          "conditional_hand_mass": 0.009049773810439787,
          "expected_action_loss_bb": 4.052516493066167e-6,
          "hand": "63o",
          "probability_on_actions_losing_over_0_1bb": 0.000014451386050495785,
          "reference_expected_action_loss_bb": 3.933188530068261e-8,
          "reference_probabilities": [
            0.9999998211860657,
            1.4025859229604976e-7
          ]
        },
        {
          "action_values_bb": [
            -0.5,
            -0.8967075671235811
          ],
          "candidate_probabilities": [
            0.9999827146530151,
            0.00001723452442092821
          ],
          "class_index": 18,
          "conditional_hand_mass": 0.009049773810439787,
          "expected_action_loss_bb": 6.8370662535583764e-6,
          "hand": "73o",
          "probability_on_actions_losing_over_0_1bb": 0.00001723452442092821,
          "reference_expected_action_loss_bb": 4.639613875713566e-8,
          "reference_probabilities": [
            0.9999999403953552,
            1.1695299662051184e-7
          ]
        },
        {
          "action_values_bb": [
            -0.5,
            -0.9658767846454165
          ],
          "candidate_probabilities": [
            0.99997878074646,
            0.000021270794604788534
          ],
          "class_index": 19,
          "conditional_hand_mass": 0.009049773810439787,
          "expected_action_loss_bb": 9.909569397331955e-6,
          "hand": "83o",
          "probability_on_actions_losing_over_0_1bb": 0.000021270794604788534,
          "reference_expected_action_loss_bb": 6.44745452347093e-8,
          "reference_probabilities": [
            0.9999998211860657,
            1.383939860488681e-7
          ]
        },
        {
          "action_values_bb": [
            -0.5,
            -0.8190431538693543
          ],
          "candidate_probabilities": [
            0.9999746680259705,
            0.00002531616155465599
          ],
          "class_index": 20,
          "conditional_hand_mass": 0.009049773810439787,
          "expected_action_loss_bb": 8.076948026263544e-6,
          "hand": "93o",
          "probability_on_actions_losing_over_0_1bb": 0.00002531616155465599,
          "reference_expected_action_loss_bb": 6.500730669972597e-8,
          "reference_probabilities": [
            0.9999997615814209,
            2.0375709652853402e-7
          ]
        },
        {
          "action_values_bb": [
            -0.5,
            -0.783947716694281
          ],
          "candidate_probabilities": [
            0.7221007347106934,
            0.27789926528930664
          ],
          "class_index": 21,
          "conditional_hand_mass": 0.009049773810439787,
          "expected_action_loss_bb": 0.07890886184991687,
          "hand": "T3o",
          "probability_on_actions_losing_over_0_1bb": 0.27789926528930664,
          "reference_expected_action_loss_bb": 4.921535023508819e-7,
          "reference_probabilities": [
            0.9999982714653015,
            1.7332539528069901e-6
          ]
        },
        {
          "action_values_bb": [
            -0.5,
            -0.7926713302110393
          ],
          "candidate_probabilities": [
            0.9994981288909912,
            0.000501924310810864
          ],
          "class_index": 22,
          "conditional_hand_mass": 0.009049773810439787,
          "expected_action_loss_bb": 0.00014689885571027468,
          "hand": "J3o",
          "probability_on_actions_losing_over_0_1bb": 0.000501924310810864,
          "reference_expected_action_loss_bb": 7.302993192687419e-6,
          "reference_probabilities": [
            0.9999750852584839,
            0.00002495288208592683
          ]
        },
        {
          "action_values_bb": [
            -0.5,
            -0.4997054497450635
          ],
          "candidate_probabilities": [
            0.044697538018226624,
            0.9553024172782898
          ],
          "class_index": 23,
          "conditional_hand_mass": 0.009049773810439787,
          "expected_action_loss_bb": 0.000013165671218303486,
          "hand": "Q3o",
          "probability_on_actions_losing_over_0_1bb": -0.0,
          "reference_expected_action_loss_bb": 0.0001812380358507284,
          "reference_probabilities": [
            0.6153042912483215,
            0.3846956491470337
          ]
        },
        {
          "action_values_bb": [
            -0.5,
            -0.296962643875375
          ],
          "candidate_probabilities": [
            1.4777598380533163e-6,
            0.9999985098838806
          ],
          "class_index": 24,
          "conditional_hand_mass": 0.009049773810439787,
          "expected_action_loss_bb": 3.0004045050549933e-7,
          "hand": "K3o",
          "probability_on_actions_losing_over_0_1bb": 1.4777598380533163e-6,
          "reference_expected_action_loss_bb": 2.429152726801086e-9,
          "reference_probabilities": [
            1.1964067958558644e-8,
            1.0
          ]
        },
        {
          "action_values_bb": [
            -0.5,
            0.08071185359454301
          ],
          "candidate_probabilities": [
            1.4777598380533163e-6,
            0.9999985098838806
          ],
          "class_index": 25,
          "conditional_hand_mass": 0.009049773810439787,
          "expected_action_loss_bb": 8.581526547235131e-7,
          "hand": "A3o",
          "probability_on_actions_losing_over_0_1bb": 1.4777598380533163e-6,
          "reference_expected_action_loss_bb": 6.94767608074567e-9,
          "reference_probabilities": [
            1.1964067958558644e-8,
            1.0
          ]
        },
        {
          "action_values_bb": [
            -0.5,
            -0.6605961528870526
          ],
          "candidate_probabilities": [
            0.9997572898864746,
            0.00024265887623187155
          ],
          "class_index": 26,
          "conditional_hand_mass": 0.0030165911925363843,
          "expected_action_loss_bb": 0.000038970081986734026,
          "hand": "42s",
          "probability_on_actions_losing_over_0_1bb": 0.00024265887623187155,
          "reference_expected_action_loss_bb": 2.7763416754316766e-8,
          "reference_probabilities": [
            0.9999998807907104,
            1.728772218712038e-7
          ]
        },
        {
          "action_values_bb": [
            -0.5,
            -0.6089356055556183
          ],
          "candidate_probabilities": [
            0.9955788254737854,
            0.004421215038746595
          ],
          "class_index": 27,
          "conditional_hand_mass": 0.0030165911925363843,
          "expected_action_loss_bb": 0.0004816277375374669,
          "hand": "43s",
          "probability_on_actions_losing_over_0_1bb": 0.004421215038746595,
          "reference_expected_action_loss_bb": 0.000015369176144439595,
          "reference_probabilities": [
            0.9998589158058167,
            0.0001410849654348567
          ]
        },
        {
          "action_values_bb": [
            -0.5,
            0.14840646822017056
          ],
          "candidate_probabilities": [
            1.4777598380533163e-6,
            0.9999985098838806
          ],
          "class_index": 28,
          "conditional_hand_mass": 0.0045248869052198935,
          "expected_action_loss_bb": 9.58189037469762e-7,
          "hand": "44",
          "probability_on_actions_losing_over_0_1bb": 1.4777598380533163e-6,
          "reference_expected_action_loss_bb": 7.757579050555116e-9,
          "reference_probabilities": [
            1.1964067958558644e-8,
            1.0
          ]
        },
        {
          "action_values_bb": [
            -0.5,
            -0.5267136176529958
          ],
          "candidate_probabilities": [
            0.9998332262039185,
            0.000166843572515063
          ],
          "class_index": 29,
          "conditional_hand_mass": 0.009049773810439787,
          "expected_action_loss_bb": 4.456995404027279e-6,
          "hand": "54o",
          "probability_on_actions_losing_over_0_1bb": -0.0,
          "reference_expected_action_loss_bb": 7.700426806225707e-8,
          "reference_probabilities": [
            0.9999971389770508,
            2.8825847948610317e-6
          ]
        },
        {
          "action_values_bb": [
            -0.5,
            -0.5990286196264519
          ],
          "candidate_probabilities": [
            0.9999758005142212,
            0.000024223247237387113
          ],
          "class_index": 30,
          "conditional_hand_mass": 0.009049773810439787,
          "expected_action_loss_bb": 2.398794736788711e-6,
          "hand": "64o",
          "probability_on_actions_losing_over_0_1bb": -0.0,
          "reference_expected_action_loss_bb": 5.370523851051683e-8,
          "reference_probabilities": [
            0.999999463558197,
            5.423203788268438e-7
          ]
        },
        {
          "action_values_bb": [
            -0.5,
            -0.7030637170795936
          ],
          "candidate_probabilities": [
            0.99997878074646,
            0.000021217039829934947
          ],
          "class_index": 31,
          "conditional_hand_mass": 0.009049773810439787,
          "expected_action_loss_bb": 4.308410973292379e-6,
          "hand": "74o",
          "probability_on_actions_losing_over_0_1bb": 0.000021217039829934947,
          "reference_expected_action_loss_bb": 3.310027669956823e-8,
          "reference_probabilities": [
            0.9999998211860657,
            1.6300438687721908e-7
          ]
        },
        {
          "action_values_bb": [
            -0.5,
            -0.7351214431446135
          ],
          "candidate_probabilities": [
            0.9999249577522278,
            0.00007507685222662985
          ],
          "class_index": 32,
          "conditional_hand_mass": 0.009049773810439787,
          "expected_action_loss_bb": 0.000017652177842280097,
          "hand": "84o",
          "probability_on_actions_losing_over_0_1bb": 0.00007507685222662985,
          "reference_expected_action_loss_bb": 1.321206150277136e-7,
          "reference_probabilities": [
            0.999999463558197,
            5.619249918709102e-7
          ]
        },
        {
          "action_values_bb": [
            -0.5,
            -0.7230788035220514
          ],
          "candidate_probabilities": [
            0.9999729990959167,
            0.000027043453883379698
          ],
          "class_index": 33,
          "conditional_hand_mass": 0.009049773810439787,
          "expected_action_loss_bb": 6.032821335408119e-6,
          "hand": "94o",
          "probability_on_actions_losing_over_0_1bb": 0.000027043453883379698,
          "reference_expected_action_loss_bb": 4.259341449690659e-8,
          "reference_probabilities": [
            0.9999998211860657,
            1.9093438652362238e-7
          ]
        },
        {
          "action_values_bb": [
            -0.5,
            -0.7074956005910814
          ],
          "candidate_probabilities": [
            0.9995165467262268,
            0.00048346532275900245
          ],
          "class_index": 34,
          "conditional_hand_mass": 0.009049773810439787,
          "expected_action_loss_bb": 0.00010031692751084023,
          "hand": "T4o",
          "probability_on_actions_losing_over_0_1bb": 0.00048346532275900245,
          "reference_expected_action_loss_bb": 1.4567921920728134e-7,
          "reference_probabilities": [
            0.9999992847442627,
            7.020834118520725e-7
          ]
        },
        {
          "action_values_bb": [
            -0.5,
            -0.6350120462771276
          ],
          "candidate_probabilities": [
            0.9580153226852417,
            0.041984617710113525
          ],
          "class_index": 35,
          "conditional_hand_mass": 0.009049773810439787,
          "expected_action_loss_bb": 0.005668429149205358,
          "hand": "J4o",
          "probability_on_actions_losing_over_0_1bb": 0.041984617710113525,
          "reference_expected_action_loss_bb": 0.00001841923528752096,
          "reference_probabilities": [
            0.9998636245727539,
            0.00013642660633195192
          ]
        },
        {
          "action_values_bb": [
            -0.5,
            -0.4304019074900961
          ],
          "candidate_probabilities": [
            0.992574155330658,
            0.007425804156810045
          ],
          "class_index": 36,
          "conditional_hand_mass": 0.009049773810439787,
          "expected_action_loss_bb": 0.06908126788564285,
          "hand": "Q4o",
          "probability_on_actions_losing_over_0_1bb": -0.0,
          "reference_expected_action_loss_bb": 8.326763085745415e-10,
          "reference_probabilities": [
            1.1964067958558644e-8,
            1.0
          ]
        },
        {
          "action_values_bb": [
            -0.5,
            -0.16114959050896935
          ],
          "candidate_probabilities": [
            1.4777598380533163e-6,
            0.9999985098838806
          ],
          "class_index": 37,
          "conditional_hand_mass": 0.009049773810439787,
          "expected_action_loss_bb": 5.007395262537653e-7,
          "hand": "K4o",
          "probability_on_actions_losing_over_0_1bb": 1.4777598380533163e-6,
          "reference_expected_action_loss_bb": 4.054029326936116e-9,
          "reference_probabilities": [
            1.1964067958558644e-8,
            1.0
          ]
        },
        {
          "action_values_bb": [
            -0.5,
            0.042342722172012966
          ],
          "candidate_probabilities": [
            1.4777598380533163e-6,
            0.9999985098838806
          ],
          "class_index": 38,
          "conditional_hand_mass": 0.009049773810439787,
          "expected_action_loss_bb": 8.014522932863086e-7,
          "hand": "A4o",
          "probability_on_actions_losing_over_0_1bb": 1.4777598380533163e-6,
          "reference_expected_action_loss_bb": 6.488625184895653e-9,
          "reference_probabilities": [
            1.1964067958558644e-8,
            1.0
          ]
        },
        {
          "action_values_bb": [
            -0.5,
            -0.539463248007984
          ],
          "candidate_probabilities": [
            0.9999769330024719,
            0.000023106253138394095
          ],
          "class_index": 39,
          "conditional_hand_mass": 0.0030165911925363843,
          "expected_action_loss_bb": 9.118477981357037e-7,
          "hand": "52s",
          "probability_on_actions_losing_over_0_1bb": -0.0,
          "reference_expected_action_loss_bb": 1.2828102506508988e-6,
          "reference_probabilities": [
            0.9999674558639526,
            0.000032506453862879425
          ]
        },
        {
          "action_values_bb": [
            -0.5,
            -0.577114492617574
          ],
          "candidate_probabilities": [
            0.017124351114034653,
            0.982875645160675
          ],
          "class_index": 40,
          "conditional_hand_mass": 0.0030165911925363843,
          "expected_action_loss_bb": 0.07579395668273613,
          "hand": "53s",
          "probability_on_actions_losing_over_0_1bb": -0.0,
          "reference_expected_action_loss_bb": 0.00001390471183268484,
          "reference_probabilities": [
            0.9998197555541992,
            0.00018031256331596524
          ]
        },
        {
          "action_values_bb": [
            -0.5,
            -0.3293644209411952
          ],
          "candidate_probabilities": [
            1.4777594969928032e-6,
            0.9999985098838806
          ],
          "class_index": 41,
          "conditional_hand_mass": 0.0030165911925363843,
          "expected_action_loss_bb": 2.5215834747901507e-7,
          "hand": "54s",
          "probability_on_actions_losing_over_0_1bb": 1.4777594969928032e-6,
          "reference_expected_action_loss_bb": 2.0414961186720634e-9,
          "reference_probabilities": [
            1.1964070623093903e-8,
            1.0
          ]
        },
        {
          "action_values_bb": [
            -0.5,
            0.3312868204253181
          ],
          "candidate_probabilities": [
            1.4777598380533163e-6,
            0.9999985098838806
          ],
          "class_index": 42,
          "conditional_hand_mass": 0.0045248869052198935,
          "expected_action_loss_bb": 1.2284422771275743e-6,
          "hand": "55",
          "probability_on_actions_losing_over_0_1bb": 1.4777598380533163e-6,
          "reference_expected_action_loss_bb": 9.945572012622642e-9,
          "reference_probabilities": [
            1.1964067958558644e-8,
            1.0
          ]
        },
        {
          "action_values_bb": [
            -0.5,
            -0.5245476806347735
          ],
          "candidate_probabilities": [
            0.9992908239364624,
            0.0007091794977895916
          ],
          "class_index": 43,
          "conditional_hand_mass": 0.009049773810439787,
          "expected_action_loss_bb": 0.00001740871182446797,
          "hand": "65o",
          "probability_on_actions_losing_over_0_1bb": -0.0,
          "reference_expected_action_loss_bb": 1.4500298016091614e-6,
          "reference_probabilities": [
            0.9999408721923828,
            0.00005906993101234548
          ]
        },
        {
          "action_values_bb": [
            -0.5,
            -0.5833476861392389
          ],
          "candidate_probabilities": [
            0.9999740123748779,
            0.0000260444576269947
          ],
          "class_index": 44,
          "conditional_hand_mass": 0.009049773810439787,
          "expected_action_loss_bb": 2.170745279961462e-6,
          "hand": "75o",
          "probability_on_actions_losing_over_0_1bb": -0.0,
          "reference_expected_action_loss_bb": 7.494127092167728e-8,
          "reference_probabilities": [
            0.9999991059303284,
            8.991403888103378e-7
          ]
        },
        {
          "action_values_bb": [
            -0.5,
            -0.6592883164478598
          ],
          "candidate_probabilities": [
            0.9998557567596436,
            0.0001442411303287372
          ],
          "class_index": 45,
          "conditional_hand_mass": 0.009049773810439787,
          "expected_action_loss_bb": 0.000022975926812600878,
          "hand": "85o",
          "probability_on_actions_losing_over_0_1bb": 0.0001442411303287372,
          "reference_expected_action_loss_bb": 4.1285541240184316e-7,
          "reference_probabilities": [
            0.9999973773956299,
            2.59187504525471e-6
          ]
        },
        {
          "action_values_bb": [
            -0.5,
            -0.5241549177446172
          ],
          "candidate_probabilities": [
            0.9996927976608276,
            0.0003071772225666791
          ],
          "class_index": 46,
          "conditional_hand_mass": 0.009049773810439787,
          "expected_action_loss_bb": 7.4198405441181046e-6,
          "hand": "95o",
          "probability_on_actions_losing_over_0_1bb": -0.0,
          "reference_expected_action_loss_bb": 1.5289843016561246e-7,
          "reference_probabilities": [
            0.9999936819076538,
            6.329908956104191e-6
          ]
        },
        {
          "action_values_bb": [
            -0.5,
            -0.5927446325107576
          ],
          "candidate_probabilities": [
            0.00014762887440156192,
            0.9998523592948914
          ],
          "class_index": 47,
          "conditional_hand_mass": 0.009049773810439787,
          "expected_action_loss_bb": 0.09273093962781867,
          "hand": "T5o",
          "probability_on_actions_losing_over_0_1bb": -0.0,
          "reference_expected_action_loss_bb": 3.5697548609096205e-6,
          "reference_probabilities": [
            0.9999614953994751,
            0.000038490150473080575
          ]
        },
        {
          "action_values_bb": [
            -0.5,
            -0.5783398059009798
          ],
          "candidate_probabilities": [
            1.4777598380533163e-6,
            0.9999985098838806
          ],
          "class_index": 48,
          "conditional_hand_mass": 0.009049773810439787,
          "expected_action_loss_bb": 0.07833968916557221,
          "hand": "J5o",
          "probability_on_actions_losing_over_0_1bb": -0.0,
          "reference_expected_action_loss_bb": 0.00013238253039266727,
          "reference_probabilities": [
            0.9983102083206177,
            0.0016898501198738813
          ]
        },
        {
          "action_values_bb": [
            -0.5,
            -0.2866238904842781
          ],
          "candidate_probabilities": [
            0.01981707289814949,
            0.980182945728302
          ],
          "class_index": 49,
          "conditional_hand_mass": 0.009049773810439787,
          "expected_action_loss_bb": 0.00422848991699659,
          "hand": "Q5o",
          "probability_on_actions_losing_over_0_1bb": 0.01981707289814949,
          "reference_expected_action_loss_bb": 2.5528462749789486e-9,
          "reference_probabilities": [
            1.1964067958558644e-8,
            1.0
          ]
        },
        {
          "action_values_bb": [
            -0.5,
            -0.1291350105123895
          ],
          "candidate_probabilities": [
            1.4777598380533163e-6,
            0.9999985098838806
          ],
          "class_index": 50,
          "conditional_hand_mass": 0.009049773810439787,
          "expected_action_loss_bb": 5.480493868048561e-7,
          "hand": "K5o",
          "probability_on_actions_losing_over_0_1bb": 1.4777598380533163e-6,
          "reference_expected_action_loss_bb": 4.437053937679909e-9,
          "reference_probabilities": [
            1.1964067958558644e-8,
            1.0
          ]
        },
        {
          "action_values_bb": [
            -0.5,
            0.10069212078725426
          ],
          "candidate_probabilities": [
            1.4777598380533163e-6,
            0.9999985098838806
          ],
          "class_index": 51,
          "conditional_hand_mass": 0.009049773810439787,
          "expected_action_loss_bb": 8.876786911344759e-7,
          "hand": "A5o",
          "probability_on_actions_losing_over_0_1bb": 1.4777598380533163e-6,
          "reference_expected_action_loss_bb": 7.1867213552694265e-9,
          "reference_probabilities": [
            1.1964067958558644e-8,
            1.0
          ]
        },
        {
          "action_values_bb": [
            -0.5,
            -0.7124011047847741
          ],
          "candidate_probabilities": [
            0.9999767541885376,
            0.000023269580196938477
          ],
          "class_index": 52,
          "conditional_hand_mass": 0.0030165911925363843,
          "expected_action_loss_bb": 4.9424845417076345e-6,
          "hand": "62s",
          "probability_on_actions_losing_over_0_1bb": 0.000023269580196938477,
          "reference_expected_action_loss_bb": 3.056633820769583e-8,
          "reference_probabilities": [
            0.9999998807907104,
            1.439085650645211e-7
          ]
        },
        {
          "action_values_bb": [
            -0.5,
            -0.6320424397789133
          ],
          "candidate_probabilities": [
            1.4777594969928032e-6,
            0.9999985098838806
          ],
          "class_index": 53,
          "conditional_hand_mass": 0.0030165911925363843,
          "expected_action_loss_bb": 0.1320422430203453,
          "hand": "63s",
          "probability_on_actions_losing_over_0_1bb": 0.9999985098838806,
          "reference_expected_action_loss_bb": 6.573933371170064e-6,
          "reference_probabilities": [
            0.9999501705169678,
            0.00004978651850251481
          ]
        },
        {
          "action_values_bb": [
            -0.5,
            -0.4529821799944412
          ],
          "candidate_probabilities": [
            1.4777594969928032e-6,
            0.9999985098838806
          ],
          "class_index": 54,
          "conditional_hand_mass": 0.0030165911925363843,
          "expected_action_loss_bb": 6.948103004111276e-8,
          "hand": "64s",
          "probability_on_actions_losing_over_0_1bb": -0.0,
          "reference_expected_action_loss_bb": 5.625245190904231e-10,
          "reference_probabilities": [
            1.1964070623093903e-8,
            1.0
          ]
        },
        {
          "action_values_bb": [
            -0.5,
            -0.3546775553406944
          ],
          "candidate_probabilities": [
            1.4777594969928032e-6,
            0.9999985098838806
          ],
          "class_index": 55,
          "conditional_hand_mass": 0.0030165911925363843,
          "expected_action_loss_bb": 2.1475162272149993e-7,
          "hand": "65s",
          "probability_on_actions_losing_over_0_1bb": 1.4777594969928032e-6,
          "reference_expected_action_loss_bb": 1.7386479910245876e-9,
          "reference_probabilities": [
            1.1964070623093903e-8,
            1.0
          ]
        },
        {
          "action_values_bb": [
            -0.5,
            0.42018205230486777
          ],
          "candidate_probabilities": [
            1.4777598380533163e-6,
            0.9999985098838806
          ],
          "class_index": 56,
          "conditional_hand_mass": 0.0045248869052198935,
          "expected_action_loss_bb": 1.3598080805936098e-6,
          "hand": "66",
          "probability_on_actions_losing_over_0_1bb": 1.4777598380533163e-6,
          "reference_expected_action_loss_bb": 1.1009120608021404e-8,
          "reference_probabilities": [
            1.1964067958558644e-8,
            1.0
          ]
        },
        {
          "action_values_bb": [
            -0.5,
            -0.47444657114315564
          ],
          "candidate_probabilities": [
            0.9798282980918884,
            0.020171675831079483
          ],
          "class_index": 57,
          "conditional_hand_mass": 0.009049773810439787,
          "expected_action_loss_bb": 0.025037972707213963,
          "hand": "76o",
          "probability_on_actions_losing_over_0_1bb": -0.0,
          "reference_expected_action_loss_bb": 6.619756667860106e-10,
          "reference_probabilities": [
            2.5905551481741895e-8,
            1.0
          ]
        },
        {
          "action_values_bb": [
            -0.5,
            -0.6104206279315332
          ],
          "candidate_probabilities": [
            0.985775351524353,
            0.014224615879356861
          ],
          "class_index": 58,
          "conditional_hand_mass": 0.009049773810439787,
          "expected_action_loss_bb": 0.0015706910174834426,
          "hand": "86o",
          "probability_on_actions_losing_over_0_1bb": 0.014224615879356861,
          "reference_expected_action_loss_bb": 9.576357311184912e-6,
          "reference_probabilities": [
            0.9999132752418518,
            0.0000867261624080129
          ]
        },
        {
          "action_values_bb": [
            -0.5,
            -0.4830131145641406
          ],
          "candidate_probabilities": [
            0.9914008975028992,
            0.008599082939326763
          ],
          "class_index": 59,
          "conditional_hand_mass": 0.009049773810439787,
          "expected_action_loss_bb": 0.016840813466889946,
          "hand": "96o",
          "probability_on_actions_losing_over_0_1bb": -0.0,
          "reference_expected_action_loss_bb": 0.00005304499312735057,
          "reference_probabilities": [
            0.003122702706605196,
            0.9968772530555725
          ]
        },
        {
          "action_values_bb": [
            -0.5,
            -0.5712180093486509
          ],
          "candidate_probabilities": [
            1.4777598380533163e-6,
            0.9999985098838806
          ],
          "class_index": 60,
          "conditional_hand_mass": 0.009049773810439787,
          "expected_action_loss_bb": 0.07121790322554714,
          "hand": "T6o",
          "probability_on_actions_losing_over_0_1bb": -0.0,
          "reference_expected_action_loss_bb": 0.000013559051527551113,
          "reference_probabilities": [
            0.9998096227645874,
            0.00019038796017412096
          ]
        },
        {
          "action_values_bb": [
            -0.5,
            -0.5875118405170551
          ],
          "candidate_probabilities": [
            1.4777598380533163e-6,
            0.9999985098838806
          ],
          "class_index": 61,
          "conditional_hand_mass": 0.009049773810439787,
          "expected_action_loss_bb": 0.08751171011425088,
          "hand": "J6o",
          "probability_on_actions_losing_over_0_1bb": -0.0,
          "reference_expected_action_loss_bb": 0.00012627177579505413,
          "reference_probabilities": [
            0.9985570907592773,
            0.00144291075412184
          ]
        },
        {
          "action_values_bb": [
            -0.5,
            -0.30142522705262437
          ],
          "candidate_probabilities": [
            0.013538667932152748,
            0.986461341381073
          ],
          "class_index": 62,
          "conditional_hand_mass": 0.009049773810439787,
          "expected_action_loss_bb": 0.0026884379106371474,
          "hand": "Q6o",
          "probability_on_actions_losing_over_0_1bb": 0.013538667932152748,
          "reference_expected_action_loss_bb": 2.3757620783977547e-9,
          "reference_probabilities": [
            1.1964067958558644e-8,
            1.0
          ]
        },
        {
          "action_values_bb": [
            -0.5,
            -0.08947459220281957
          ],
          "candidate_probabilities": [
            1.4777598380533163e-6,
            0.9999985098838806
          ],
          "class_index": 63,
          "conditional_hand_mass": 0.009049773810439787,
          "expected_action_loss_bb": 6.06657960143133e-7,
          "hand": "K6o",
          "probability_on_actions_losing_over_0_1bb": 1.4777598380533163e-6,
          "reference_expected_action_loss_bb": 4.911553877600467e-9,
          "reference_probabilities": [
            1.1964067958558644e-8,
            1.0
          ]
        },
        {
          "action_values_bb": [
            -0.5,
            0.10972757366407808
          ],
          "candidate_probabilities": [
            1.4777598380533163e-6,
            0.9999985098838806
          ],
          "class_index": 64,
          "conditional_hand_mass": 0.009049773810439787,
          "expected_action_loss_bb": 9.010309205144695e-7,
          "hand": "A6o",
          "probability_on_actions_losing_over_0_1bb": 1.4777598380533163e-6,
          "reference_expected_action_loss_bb": 7.294822127524101e-9,
          "reference_probabilities": [
            1.1964067958558644e-8,
            1.0
          ]
        },
        {
          "action_values_bb": [
            -0.5,
            -0.7199720674675664
          ],
          "candidate_probabilities": [
            0.999981701374054,
            0.00001832781345001422
          ],
          "class_index": 65,
          "conditional_hand_mass": 0.0030165911925363843,
          "expected_action_loss_bb": 4.031607016759498e-6,
          "hand": "72s",
          "probability_on_actions_losing_over_0_1bb": 0.00001832781345001422,
          "reference_expected_action_loss_bb": 3.818524409143123e-8,
          "reference_probabilities": [
            0.9999998807907104,
            1.7359133153149742e-7
          ]
        },
        {
          "action_values_bb": [
            -0.5,
            -0.6708449766362615
          ],
          "candidate_probabilities": [
            0.9963017106056213,
            0.003698278684169054
          ],
          "class_index": 66,
          "conditional_hand_mass": 0.0030165911925363843,
          "expected_action_loss_bb": 0.0006318323353912461,
          "hand": "73s",
          "probability_on_actions_losing_over_0_1bb": 0.003698278684169054,
          "reference_expected_action_loss_bb": 4.708204377286119e-6,
          "reference_probabilities": [
            0.9999724626541138,
            0.0000275583424809156
          ]
        },
        {
          "action_values_bb": [
            -0.5,
            -0.5740681040859349
          ],
          "candidate_probabilities": [
            0.5704401731491089,
            0.42955976724624634
          ],
          "class_index": 67,
          "conditional_hand_mass": 0.0030165911925363843,
          "expected_action_loss_bb": 0.03181667755152494,
          "hand": "74s",
          "probability_on_actions_losing_over_0_1bb": -0.0,
          "reference_expected_action_loss_bb": 2.68724269665967e-6,
          "reference_probabilities": [
            0.9999637007713318,
            0.00003628070044214837
          ]
        },
        {
          "action_values_bb": [
            -0.5,
            -0.4485005985229626
          ],
          "candidate_probabilities": [
            0.9993441104888916,
            0.0006558613968081772
          ],
          "class_index": 68,
          "conditional_hand_mass": 0.0030165911925363843,
          "expected_action_loss_bb": 0.05146562355978026,
          "hand": "75s",
          "probability_on_actions_losing_over_0_1bb": -0.0,
          "reference_expected_action_loss_bb": 2.2963383302328914e-8,
          "reference_probabilities": [
            4.4589612002710055e-7,
            0.9999995231628418
          ]
        },
        {
          "action_values_bb": [
            -0.5,
            -0.28976327643311345
          ],
          "candidate_probabilities": [
            1.4777594969928032e-6,
            0.9999985098838806
          ],
          "class_index": 69,
          "conditional_hand_mass": 0.0030165911925363843,
          "expected_action_loss_bb": 3.106793148676173e-7,
          "hand": "76s",
          "probability_on_actions_losing_over_0_1bb": 1.4777594969928032e-6,
          "reference_expected_action_loss_bb": 2.515287008322101e-9,
          "reference_probabilities": [
            1.1964070623093903e-8,
            1.0
          ]
        },
        {
          "action_values_bb": [
            -0.5,
            0.43808782409621805
          ],
          "candidate_probabilities": [
            1.4777598380533163e-6,
            0.9999985098838806
          ],
          "class_index": 70,
          "conditional_hand_mass": 0.0045248869052198935,
          "expected_action_loss_bb": 1.3862685110162152e-6,
          "hand": "77",
          "probability_on_actions_losing_over_0_1bb": 1.4777598380533163e-6,
          "reference_expected_action_loss_bb": 1.122334647858356e-8,
          "reference_probabilities": [
            1.1964067958558644e-8,
            1.0
          ]
        },
        {
          "action_values_bb": [
            -0.5,
            -0.534880999681039
          ],
          "candidate_probabilities": [
            0.9953669309616089,
            0.004633048083633184
          ],
          "class_index": 71,
          "conditional_hand_mass": 0.009049773810439787,
          "expected_action_loss_bb": 0.00016160534872744733,
          "hand": "87o",
          "probability_on_actions_losing_over_0_1bb": -0.0,
          "reference_expected_action_loss_bb": 0.000018455563761682826,
          "reference_probabilities": [
            0.9994708895683289,
            0.0005291007691994309
          ]
        },
        {
          "action_values_bb": [
            -0.5,
            -0.506560262194867
          ],
          "candidate_probabilities": [
            0.9986768960952759,
            0.0013230476761236787
          ],
          "class_index": 72,
          "conditional_hand_mass": 0.009049773810439787,
          "expected_action_loss_bb": 8.679539651680875e-6,
          "hand": "97o",
          "probability_on_actions_losing_over_0_1bb": -0.0,
          "reference_expected_action_loss_bb": 0.001842606001847404,
          "reference_probabilities": [
            0.7191261649131775,
            0.2808738350868225
          ]
        },
        {
          "action_values_bb": [
            -0.5,
            -0.5357574192611938
          ],
          "candidate_probabilities": [
            0.9996304512023926,
            0.00036949574132449925
          ],
          "class_index": 73,
          "conditional_hand_mass": 0.009049773810439787,
          "expected_action_loss_bb": 0.000013212214137765732,
          "hand": "T7o",
          "probability_on_actions_losing_over_0_1bb": -0.0,
          "reference_expected_action_loss_bb": 0.0002406435860976605,
          "reference_probabilities": [
            0.9932700991630554,
            0.0067298924550414085
          ]
        },
        {
          "action_values_bb": [
            -0.5,
            -0.5488523934651478
          ],
          "candidate_probabilities": [
            0.9667945504188538,
            0.033205486834049225
          ],
          "class_index": 74,
          "conditional_hand_mass": 0.009049773810439787,
          "expected_action_loss_bb": 0.0016221675080187578,
          "hand": "J7o",
          "probability_on_actions_losing_over_0_1bb": -0.0,
          "reference_expected_action_loss_bb": 0.00038738730216489016,
          "reference_probabilities": [
            0.9920702576637268,
            0.007929750718176365
          ]
        },
        {
          "action_values_bb": [
            -0.5,
            -0.33855928857063494
          ],
          "candidate_probabilities": [
            0.5311221480369568,
            0.46887779235839844
          ],
          "class_index": 75,
          "conditional_hand_mass": 0.009049773810439787,
          "expected_action_loss_bb": 0.08574473743497885,
          "hand": "Q7o",
          "probability_on_actions_losing_over_0_1bb": 0.5311221480369568,
          "reference_expected_action_loss_bb": 1.9314876428189787e-9,
          "reference_probabilities": [
            1.1964067958558644e-8,
            1.0
          ]
        },
        {
          "action_values_bb": [
            -0.5,
            -0.04550119680488572
          ],
          "candidate_probabilities": [
            1.4777598380533163e-6,
            0.9999985098838806
          ],
          "class_index": 76,
          "conditional_hand_mass": 0.009049773810439787,
          "expected_action_loss_bb": 6.716400778050382e-7,
          "hand": "K7o",
          "probability_on_actions_losing_over_0_1bb": 1.4777598380533163e-6,
          "reference_expected_action_loss_bb": 5.437654568509918e-9,
          "reference_probabilities": [
            1.1964067958558644e-8,
            1.0
          ]
        },
        {
          "action_values_bb": [
            -0.5,
            0.05899071156522366
          ],
          "candidate_probabilities": [
            1.4777598380533163e-6,
            0.9999985098838806
          ],
          "class_index": 77,
          "conditional_hand_mass": 0.009049773810439787,
          "expected_action_loss_bb": 8.26054023395933e-7,
          "hand": "A7o",
          "probability_on_actions_losing_over_0_1bb": 1.4777598380533163e-6,
          "reference_expected_action_loss_bb": 6.687802861369389e-9,
          "reference_probabilities": [
            1.1964067958558644e-8,
            1.0
          ]
        },
        {
          "action_values_bb": [
            -0.5,
            -0.6763550078670907
          ],
          "candidate_probabilities": [
            0.999605119228363,
            0.00039485612069256604
          ],
          "class_index": 78,
          "conditional_hand_mass": 0.0030165911925363843,
          "expected_action_loss_bb": 0.00006963485427110639,
          "hand": "82s",
          "probability_on_actions_losing_over_0_1bb": 0.00039485612069256604,
          "reference_expected_action_loss_bb": 1.0782963351733754e-6,
          "reference_probabilities": [
            0.9999938011169434,
            6.114350526331691e-6
          ]
        },
        {
          "action_values_bb": [
            -0.5,
            -0.7532224569216417
          ],
          "candidate_probabilities": [
            0.9990995526313782,
            0.0009004144230857491
          ],
          "class_index": 79,
          "conditional_hand_mass": 0.0030165911925363843,
          "expected_action_loss_bb": 0.00022800515246145596,
          "hand": "83s",
          "probability_on_actions_losing_over_0_1bb": 0.0009004144230857491,
          "reference_expected_action_loss_bb": 3.4462267672526724e-6,
          "reference_probabilities": [
            0.9999863505363464,
            0.000013609483175969217
          ]
        },
        {
          "action_values_bb": [
            -0.5,
            -0.5288717099315018
          ],
          "candidate_probabilities": [
            0.9940428137779236,
            0.005957154091447592
          ],
          "class_index": 80,
          "conditional_hand_mass": 0.0030165911925363843,
          "expected_action_loss_bb": 0.00017199322494553394,
          "hand": "84s",
          "probability_on_actions_losing_over_0_1bb": -0.0,
          "reference_expected_action_loss_bb": 8.553087362607024e-6,
          "reference_probabilities": [
            0.9997037649154663,
            0.0002962445723824203
          ]
        },
        {
          "action_values_bb": [
            -0.5,
            -0.43382453675058963
          ],
          "candidate_probabilities": [
            0.9918180704116821,
            0.0081819212064147
          ],
          "class_index": 81,
          "conditional_hand_mass": 0.0030165911925363843,
          "expected_action_loss_bb": 0.06563402026862938,
          "hand": "85s",
          "probability_on_actions_losing_over_0_1bb": -0.0,
          "reference_expected_action_loss_bb": 7.917279158319008e-10,
          "reference_probabilities": [
            1.1964070623093903e-8,
            1.0
          ]
        },
        {
          "action_values_bb": [
            -0.5,
            -0.46775404400714915
          ],
          "candidate_probabilities": [
            1.4777594969928032e-6,
            0.9999985098838806
          ],
          "class_index": 82,
          "conditional_hand_mass": 0.0030165911925363843,
          "expected_action_loss_bb": 4.765176770804734e-8,
          "hand": "86s",
          "probability_on_actions_losing_over_0_1bb": -0.0,
          "reference_expected_action_loss_bb": 5.907705893578483e-6,
          "reference_probabilities": [
            0.0001832076522987336,
            0.9998167753219604
          ]
        },
        {
          "action_values_bb": [
            -0.5,
            -0.35785121272225706
          ],
          "candidate_probabilities": [
            1.4777594969928032e-6,
            0.9999985098838806
          ],
          "class_index": 83,
          "conditional_hand_mass": 0.0030165911925363843,
          "expected_action_loss_bb": 2.100617203856944e-7,
          "hand": "87s",
          "probability_on_actions_losing_over_0_1bb": 1.4777594969928032e-6,
          "reference_expected_action_loss_bb": 1.7006781299780687e-9,
          "reference_probabilities": [
            1.1964070623093903e-8,
            1.0
          ]
        },
        {
          "action_values_bb": [
            -0.5,
            0.690124936464182
          ],
          "candidate_probabilities": [
            1.4777598380533163e-6,
            0.9999985098838806
          ],
          "class_index": 84,
          "conditional_hand_mass": 0.0045248869052198935,
          "expected_action_loss_bb": 1.7587188333725232e-6,
          "hand": "88",
          "probability_on_actions_losing_over_0_1bb": 1.4777598380533163e-6,
          "reference_expected_action_loss_bb": 1.4238735619032764e-8,
          "reference_probabilities": [
            1.1964067958558644e-8,
            1.0
          ]
        },
        {
          "action_values_bb": [
            -0.5,
            -0.4858713169933102
          ],
          "candidate_probabilities": [
            1.4777598380533163e-6,
            0.9999985098838806
          ],
          "class_index": 85,
          "conditional_hand_mass": 0.009049773810439787,
          "expected_action_loss_bb": 2.087880031187255e-8,
          "hand": "98o",
          "probability_on_actions_losing_over_0_1bb": -0.0,
          "reference_expected_action_loss_bb": 0.000029089617268263212,
          "reference_probabilities": [
            0.0020589050836861134,
            0.9979411363601685
          ]
        },
        {
          "action_values_bb": [
            -0.5,
            -0.5052216603518703
          ],
          "candidate_probabilities": [
            1.4777598380533163e-6,
            0.9999985098838806
          ],
          "class_index": 86,
          "conditional_hand_mass": 0.009049773810439787,
          "expected_action_loss_bb": 0.005221652570990067,
          "hand": "T8o",
          "probability_on_actions_losing_over_0_1bb": -0.0,
          "reference_expected_action_loss_bb": 0.0018663798289785306,
          "reference_probabilities": [
            0.6425696015357971,
            0.3574303388595581
          ]
        },
        {
          "action_values_bb": [
            -0.5,
            -0.3517033033541565
          ],
          "candidate_probabilities": [
            0.9269691109657288,
            0.07303088158369064
          ],
          "class_index": 87,
          "conditional_hand_mass": 0.009049773810439787,
          "expected_action_loss_bb": 0.1374664570489519,
          "hand": "J8o",
          "probability_on_actions_losing_over_0_1bb": 0.9269691109657288,
          "reference_expected_action_loss_bb": 1.7742317567006273e-9,
          "reference_probabilities": [
            1.1964067958558644e-8,
            1.0
          ]
        },
        {
          "action_values_bb": [
            -0.5,
            -0.11989797192880412
          ],
          "candidate_probabilities": [
            1.4777598380533163e-6,
            0.9999985098838806
          ],
          "class_index": 88,
          "conditional_hand_mass": 0.009049773810439787,
          "expected_action_loss_bb": 5.616995114462275e-7,
          "hand": "Q8o",
          "probability_on_actions_losing_over_0_1bb": 1.4777598380533163e-6,
          "reference_expected_action_loss_bb": 4.5475664950297525e-9,
          "reference_probabilities": [
            1.1964067958558644e-8,
            1.0
          ]
        },
        {
          "action_values_bb": [
            -0.5,
            0.2229574072705749
          ],
          "candidate_probabilities": [
            1.4777598380533163e-6,
            0.9999985098838806
          ],
          "class_index": 89,
          "conditional_hand_mass": 0.009049773810439787,
          "expected_action_loss_bb": 1.0683574210876101e-6,
          "hand": "K8o",
          "probability_on_actions_losing_over_0_1bb": 1.4777598380533163e-6,
          "reference_expected_action_loss_bb": 8.649511551728517e-9,
          "reference_probabilities": [
            1.1964067958558644e-8,
            1.0
          ]
        },
        {
          "action_values_bb": [
            -0.5,
            0.256070995858591
          ],
          "candidate_probabilities": [
            1.4777598380533163e-6,
            0.9999985098838806
          ],
          "class_index": 90,
          "conditional_hand_mass": 0.009049773810439787,
          "expected_action_loss_bb": 1.117291352396801e-6,
          "hand": "A8o",
          "probability_on_actions_losing_over_0_1bb": 1.4777598380533163e-6,
          "reference_expected_action_loss_bb": 9.045684775947293e-9,
          "reference_probabilities": [
            1.1964067958558644e-8,
            1.0
          ]
        },
        {
          "action_values_bb": [
            -0.5,
            -0.5774542706456238
          ],
          "candidate_probabilities": [
            0.9998536109924316,
            0.00014640478184446692
          ],
          "class_index": 91,
          "conditional_hand_mass": 0.0030165911925363843,
          "expected_action_loss_bb": 0.000011339675596794855,
          "hand": "92s",
          "probability_on_actions_losing_over_0_1bb": -0.0,
          "reference_expected_action_loss_bb": 6.851410454295728e-7,
          "reference_probabilities": [
            0.9999911189079285,
            8.845749107422307e-6
          ]
        },
        {
          "action_values_bb": [
            -0.5,
            -0.5080505874395287
          ],
          "candidate_probabilities": [
            0.000031314106308855116,
            0.9999686479568481
          ],
          "class_index": 92,
          "conditional_hand_mass": 0.0030165911925363843,
          "expected_action_loss_bb": 0.008050335037163887,
          "hand": "93s",
          "probability_on_actions_losing_over_0_1bb": -0.0,
          "reference_expected_action_loss_bb": 0.0038009015394480034,
          "reference_probabilities": [
            0.5278728008270264,
            0.472127228975296
          ]
        },
        {
          "action_values_bb": [
            -0.5,
            -0.4709071034687861
          ],
          "candidate_probabilities": [
            0.9978204965591431,
            0.002179516013711691
          ],
          "class_index": 93,
          "conditional_hand_mass": 0.0030165911925363843,
          "expected_action_loss_bb": 0.02902948846311961,
          "hand": "94s",
          "probability_on_actions_losing_over_0_1bb": -0.0,
          "reference_expected_action_loss_bb": 0.00004002780204333088,
          "reference_probabilities": [
            0.0013758616987615824,
            0.9986241459846497
          ]
        },
        {
          "action_values_bb": [
            -0.5,
            -0.35401787408605495
          ],
          "candidate_probabilities": [
            1.4777594969928032e-6,
            0.9999985098838806
          ],
          "class_index": 94,
          "conditional_hand_mass": 0.0030165911925363843,
          "expected_action_loss_bb": 2.157264729605315e-7,
          "hand": "95s",
          "probability_on_actions_losing_over_0_1bb": 1.4777594969928032e-6,
          "reference_expected_action_loss_bb": 1.7465404641438252e-9,
          "reference_probabilities": [
            1.1964070623093903e-8,
            1.0
          ]
        },
        {
          "action_values_bb": [
            -0.5,
            -0.33403830809912843
          ],
          "candidate_probabilities": [
            1.4777594969928032e-6,
            0.9999985098838806
          ],
          "class_index": 95,
          "conditional_hand_mass": 0.0030165911925363843,
          "expected_action_loss_bb": 2.4525146634350656e-7,
          "hand": "96s",
          "probability_on_actions_losing_over_0_1bb": 1.4777594969928032e-6,
          "reference_expected_action_loss_bb": 1.985577402630179e-9,
          "reference_probabilities": [
            1.1964070623093903e-8,
            1.0
          ]
        },
        {
          "action_values_bb": [
            -0.5,
            -0.32755566061955566
          ],
          "candidate_probabilities": [
            0.9096239805221558,
            0.09037603437900543
          ],
          "class_index": 96,
          "conditional_hand_mass": 0.0030165911925363843,
          "expected_action_loss_bb": 0.15685950640575333,
          "hand": "97s",
          "probability_on_actions_losing_over_0_1bb": 0.9096239805221558,
          "reference_expected_action_loss_bb": 2.0631362549004095e-9,
          "reference_probabilities": [
            1.1964070623093903e-8,
            1.0
          ]
        },
        {
          "action_values_bb": [
            -0.5,
            -0.23122935661126176
          ],
          "candidate_probabilities": [
            1.4777594969928032e-6,
            0.9999985098838806
          ],
          "class_index": 97,
          "conditional_hand_mass": 0.0030165911925363843,
          "expected_action_loss_bb": 3.971783707805739e-7,
          "hand": "98s",
          "probability_on_actions_losing_over_0_1bb": 1.4777594969928032e-6,
          "reference_expected_action_loss_bb": 3.2155909589172506e-9,
          "reference_probabilities": [
            1.1964070623093903e-8,
            1.0
          ]
        },
        {
          "action_values_bb": [
            -0.5,
            0.917650743247454
          ],
          "candidate_probabilities": [
            1.4777598380533163e-6,
            0.9999985098838806
          ],
          "class_index": 98,
          "conditional_hand_mass": 0.0045248869052198935,
          "expected_action_loss_bb": 2.094947332757521e-6,
          "hand": "99",
          "probability_on_actions_losing_over_0_1bb": 1.4777598380533163e-6,
          "reference_expected_action_loss_bb": 1.696086983371371e-8,
          "reference_probabilities": [
            1.1964067958558644e-8,
            1.0
          ]
        },
        {
          "action_values_bb": [
            -0.5,
            -0.17020580565082458
          ],
          "candidate_probabilities": [
            1.4777598380533163e-6,
            0.9999985098838806
          ],
          "class_index": 99,
          "conditional_hand_mass": 0.009049773810439787,
          "expected_action_loss_bb": 4.873566152323614e-7,
          "hand": "T9o",
          "probability_on_actions_losing_over_0_1bb": 1.4777598380533163e-6,
          "reference_expected_action_loss_bb": 3.945680153531632e-9,
          "reference_probabilities": [
            1.1964067958558644e-8,
            1.0
          ]
        },
        {
          "action_values_bb": [
            -0.5,
            -0.11634142331977289
          ],
          "candidate_probabilities": [
            1.4777598380533163e-6,
            0.9999985098838806
          ],
          "class_index": 100,
          "conditional_hand_mass": 0.009049773810439787,
          "expected_action_loss_bb": 5.669552361427383e-7,
          "hand": "J9o",
          "probability_on_actions_losing_over_0_1bb": 1.4777598380533163e-6,
          "reference_expected_action_loss_bb": 4.59011728428612e-9,
          "reference_probabilities": [
            1.1964067958558644e-8,
            1.0
          ]
        },
        {
          "action_values_bb": [
            -0.5,
            -0.036546007338644444
          ],
          "candidate_probabilities": [
            1.4777598380533163e-6,
            0.9999985098838806
          ],
          "class_index": 101,
          "conditional_hand_mass": 0.009049773810439787,
          "expected_action_loss_bb": 6.848736971404077e-7,
          "hand": "Q9o",
          "probability_on_actions_losing_over_0_1bb": 1.4777598380533163e-6,
          "reference_expected_action_loss_bb": 5.544795063865797e-9,
          "reference_probabilities": [
            1.1964067958558644e-8,
            1.0
          ]
        },
        {
          "action_values_bb": [
            -0.5,
            0.20016142633671077
          ],
          "candidate_probabilities": [
            1.4777598380533163e-6,
            0.9999985098838806
          ],
          "class_index": 102,
          "conditional_hand_mass": 0.009049773810439787,
          "expected_action_loss_bb": 1.0346704359945167e-6,
          "hand": "K9o",
          "probability_on_actions_losing_over_0_1bb": 1.4777598380533163e-6,
          "reference_expected_action_loss_bb": 8.376778886653759e-9,
          "reference_probabilities": [
            1.1964067958558644e-8,
            1.0
          ]
        },
        {
          "action_values_bb": [
            -0.5,
            0.24817776337968567
          ],
          "candidate_probabilities": [
            1.4777598380533163e-6,
            0.9999985098838806
          ],
          "class_index": 103,
          "conditional_hand_mass": 0.009049773810439787,
          "expected_action_loss_bb": 1.1056270504470567e-6,
          "hand": "A9o",
          "probability_on_actions_losing_over_0_1bb": 1.4777598380533163e-6,
          "reference_expected_action_loss_bb": 8.951249606156969e-9,
          "reference_probabilities": [
            1.1964067958558644e-8,
            1.0
          ]
        },
        {
          "action_values_bb": [
            -0.5,
            -0.5619924639661303
          ],
          "candidate_probabilities": [
            0.9999127388000488,
            0.00008725245425011963
          ],
          "class_index": 104,
          "conditional_hand_mass": 0.0030165911925363843,
          "expected_action_loss_bb": 5.408994626056977e-6,
          "hand": "T2s",
          "probability_on_actions_losing_over_0_1bb": -0.0,
          "reference_expected_action_loss_bb": 0.00002447150761224379,
          "reference_probabilities": [
            0.9996052980422974,
            0.0003947497170884162
          ]
        },
        {
          "action_values_bb": [
            -0.5,
            -0.6103104947979734
          ],
          "candidate_probabilities": [
            1.4777594969928032e-6,
            0.9999985098838806
          ],
          "class_index": 105,
          "conditional_hand_mass": 0.0030165911925363843,
          "expected_action_loss_bb": 0.11031033042252696,
          "hand": "T3s",
          "probability_on_actions_losing_over_0_1bb": 0.9999985098838806,
          "reference_expected_action_loss_bb": 0.00006689473251293911,
          "reference_probabilities": [
            0.9993935823440552,
            0.0006064221961423755
          ]
        },
        {
          "action_values_bb": [
            -0.5,
            -0.4887865362178485
          ],
          "candidate_probabilities": [
            1.4777594969928032e-6,
            0.9999985098838806
          ],
          "class_index": 106,
          "conditional_hand_mass": 0.0030165911925363843,
          "expected_action_loss_bb": 1.65708025982592e-8,
          "hand": "T4s",
          "probability_on_actions_losing_over_0_1bb": -0.0,
          "reference_expected_action_loss_bb": 0.00007160651364971588,
          "reference_probabilities": [
            0.006385762244462967,
            0.9936141967773438
          ]
        },
        {
          "action_values_bb": [
            -0.5,
            -0.4129218114354217
          ],
          "candidate_probabilities": [
            1.4777594969928032e-6,
            0.9999985098838806
          ],
          "class_index": 107,
          "conditional_hand_mass": 0.0030165911925363843,
          "expected_action_loss_bb": 1.2868062013223564e-7,
          "hand": "T5s",
          "probability_on_actions_losing_over_0_1bb": -0.0,
          "reference_expected_action_loss_bb": 1.0418095977177024e-9,
          "reference_probabilities": [
            1.1964070623093903e-8,
            1.0
          ]
        },
        {
          "action_values_bb": [
            -0.5,
            -0.35707453966497615
          ],
          "candidate_probabilities": [
            1.4777594969928032e-6,
            0.9999985098838806
          ],
          "class_index": 108,
          "conditional_hand_mass": 0.0030165911925363843,
          "expected_action_loss_bb": 2.1120945637214968e-7,
          "hand": "T6s",
          "probability_on_actions_losing_over_0_1bb": 1.4777594969928032e-6,
          "reference_expected_action_loss_bb": 1.7099703012864316e-9,
          "reference_probabilities": [
            1.1964070623093903e-8,
            1.0
          ]
        },
        {
          "action_values_bb": [
            -0.5,
            -0.29834699939582354
          ],
          "candidate_probabilities": [
            1.4777594969928032e-6,
            0.9999985098838806
          ],
          "class_index": 109,
          "conditional_hand_mass": 0.0030165911925363843,
          "expected_action_loss_bb": 2.9799463673991723e-7,
          "hand": "T7s",
          "probability_on_actions_losing_over_0_1bb": 1.4777594969928032e-6,
          "reference_expected_action_loss_bb": 2.4125907405871645e-9,
          "reference_probabilities": [
            1.1964070623093903e-8,
            1.0
          ]
        },
        {
          "action_values_bb": [
            -0.5,
            -0.2734222891756879
          ],
          "candidate_probabilities": [
            1.4777594969928032e-6,
            0.9999985098838806
          ],
          "class_index": 110,
          "conditional_hand_mass": 0.0030165911925363843,
          "expected_action_loss_bb": 3.3482736397751626e-7,
          "hand": "T8s",
          "probability_on_actions_losing_over_0_1bb": 1.4777594969928032e-6,
          "reference_expected_action_loss_bb": 2.710791733921018e-9,
          "reference_probabilities": [
            1.1964070623093903e-8,
            1.0
          ]
        },
        {
          "action_values_bb": [
            -0.5,
            0.02080729422086352
          ],
          "candidate_probabilities": [
            1.4777594969928032e-6,
            0.9999985098838806
          ],
          "class_index": 111,
          "conditional_hand_mass": 0.0030165911925363843,
          "expected_action_loss_bb": 7.69627925138006e-7,
          "hand": "T9s",
          "probability_on_actions_losing_over_0_1bb": 1.4777594969928032e-6,
          "reference_expected_action_loss_bb": 6.230975249080856e-9,
          "reference_probabilities": [
            1.1964070623093903e-8,
            1.0
          ]
        },
        {
          "action_values_bb": [
            -0.5,
            1.0865681490069306
          ],
          "candidate_probabilities": [
            1.4777598380533163e-6,
            0.9999985098838806
          ],
          "class_index": 112,
          "conditional_hand_mass": 0.0045248869052198935,
          "expected_action_loss_bb": 2.3445666909370315e-6,
          "hand": "TT",
          "probability_on_actions_losing_over_0_1bb": 1.4777598380533163e-6,
          "reference_expected_action_loss_bb": 1.8981809155603515e-8,
          "reference_probabilities": [
            1.1964067958558644e-8,
            1.0
          ]
        },
        {
          "action_values_bb": [
            -0.5,
            0.0335236734523227
          ],
          "candidate_probabilities": [
            1.4777598380533163e-6,
            0.9999985098838806
          ],
          "class_index": 113,
          "conditional_hand_mass": 0.009049773810439787,
          "expected_action_loss_bb": 7.884198572785148e-7,
          "hand": "JTo",
          "probability_on_actions_losing_over_0_1bb": 1.4777598380533163e-6,
          "reference_expected_action_loss_bb": 6.383113486683438e-9,
          "reference_probabilities": [
            1.1964067958558644e-8,
            1.0
          ]
        },
        {
          "action_values_bb": [
            -0.5,
            0.06188522330643245
          ],
          "candidate_probabilities": [
            1.4777598380533163e-6,
            0.9999985098838806
          ],
          "class_index": 114,
          "conditional_hand_mass": 0.009049773810439787,
          "expected_action_loss_bb": 8.30331416597865e-7,
          "hand": "QTo",
          "probability_on_actions_losing_over_0_1bb": 1.4777598380533163e-6,
          "reference_expected_action_loss_bb": 6.722432996548057e-9,
          "reference_probabilities": [
            1.1964067958558644e-8,
            1.0
          ]
        },
        {
          "action_values_bb": [
            -0.5,
            0.3370253132658756
          ],
          "candidate_probabilities": [
            1.4777598380533163e-6,
            0.9999985098838806
          ],
          "class_index": 115,
          "conditional_hand_mass": 0.009049773810439787,
          "expected_action_loss_bb": 1.2369223913783067e-6,
          "hand": "KTo",
          "probability_on_actions_losing_over_0_1bb": 1.4777598380533163e-6,
          "reference_expected_action_loss_bb": 1.0014227730946773e-8,
          "reference_probabilities": [
            1.1964067958558644e-8,
            1.0
          ]
        },
        {
          "action_values_bb": [
            -0.5,
            0.3814893418035486
          ],
          "candidate_probabilities": [
            1.4777598380533163e-6,
            0.9999985098838806
          ],
          "class_index": 116,
          "conditional_hand_mass": 0.009049773810439787,
          "expected_action_loss_bb": 1.3026295469893362e-6,
          "hand": "ATo",
          "probability_on_actions_losing_over_0_1bb": 1.4777598380533163e-6,
          "reference_expected_action_loss_bb": 1.0546198390082784e-8,
          "reference_probabilities": [
            1.1964067958558644e-8,
            1.0
          ]
        },
        {
          "action_values_bb": [
            -0.5,
            -0.49855341246615914
          ],
          "candidate_probabilities": [
            1.4777594969928032e-6,
            0.9999985098838806
          ],
          "class_index": 117,
          "conditional_hand_mass": 0.0030165911925363843,
          "expected_action_loss_bb": 2.1377084663647282e-9,
          "hand": "J2s",
          "probability_on_actions_losing_over_0_1bb": -0.0,
          "reference_expected_action_loss_bb": 0.0012224260015846306,
          "reference_probabilities": [
            0.8450411558151245,
            0.15495888888835907
          ]
        },
        {
          "action_values_bb": [
            -0.5,
            -0.6431395472261657
          ],
          "candidate_probabilities": [
            1.4777594969928032e-6,
            0.9999985098838806
          ],
          "class_index": 118,
          "conditional_hand_mass": 0.0030165911925363843,
          "expected_action_loss_bb": 0.1431393339316191,
          "hand": "J3s",
          "probability_on_actions_losing_over_0_1bb": 0.9999985098838806,
          "reference_expected_action_loss_bb": 0.00021437465023098362,
          "reference_probabilities": [
            0.9985023736953735,
            0.0014976619277149439
          ]
        },
        {
          "action_values_bb": [
            -0.5,
            -0.4253335920782679
          ],
          "candidate_probabilities": [
            1.4777594969928032e-6,
            0.9999985098838806
          ],
          "class_index": 119,
          "conditional_hand_mass": 0.0030165911925363843,
          "expected_action_loss_bb": 1.1033899341267832e-7,
          "hand": "J4s",
          "probability_on_actions_losing_over_0_1bb": -0.0,
          "reference_expected_action_loss_bb": 8.933141775483412e-10,
          "reference_probabilities": [
            1.1964070623093903e-8,
            1.0
          ]
        },
        {
          "action_values_bb": [
            -0.5,
            -0.32299144642888605
          ],
          "candidate_probabilities": [
            1.4777594969928032e-6,
            0.9999985098838806
          ],
          "class_index": 120,
          "conditional_hand_mass": 0.0030165911925363843,
          "expected_action_loss_bb": 2.61576071088673e-7,
          "hand": "J5s",
          "probability_on_actions_losing_over_0_1bb": 1.4777594969928032e-6,
          "reference_expected_action_loss_bb": 2.1177428358165076e-9,
          "reference_probabilities": [
            1.1964070623093903e-8,
            1.0
          ]
        },
        {
          "action_values_bb": [
            -0.5,
            -0.3121524703611271
          ],
          "candidate_probabilities": [
            1.4777594969928032e-6,
            0.9999985098838806
          ],
          "class_index": 121,
          "conditional_hand_mass": 0.0030165911925363843,
          "expected_action_loss_bb": 2.775934709104815e-7,
          "hand": "J6s",
          "probability_on_actions_losing_over_0_1bb": 1.4777594969928032e-6,
          "reference_expected_action_loss_bb": 2.2474211109732006e-9,
          "reference_probabilities": [
            1.1964070623093903e-8,
            1.0
          ]
        },
        {
          "action_values_bb": [
            -0.5,
            -0.28935900938555176
          ],
          "candidate_probabilities": [
            1.4777594969928032e-6,
            0.9999985098838806
          ],
          "class_index": 122,
          "conditional_hand_mass": 0.0030165911925363843,
          "expected_action_loss_bb": 3.112767243364728e-7,
          "hand": "J7s",
          "probability_on_actions_losing_over_0_1bb": 1.4777594969928032e-6,
          "reference_expected_action_loss_bb": 2.5201236878297187e-9,
          "reference_probabilities": [
            1.1964070623093903e-8,
            1.0
          ]
        },
        {
          "action_values_bb": [
            -0.5,
            -0.14723262782389812
          ],
          "candidate_probabilities": [
            1.4777594969928032e-6,
            0.9999985098838806
          ],
          "class_index": 123,
          "conditional_hand_mass": 0.0030165911925363843,
          "expected_action_loss_bb": 5.213053344624293e-7,
          "hand": "J8s",
          "probability_on_actions_losing_over_0_1bb": 1.4777594969928032e-6,
          "reference_expected_action_loss_bb": 4.220533754238134e-9,
          "reference_probabilities": [
            1.1964070623093903e-8,
            1.0
          ]
        },
        {
          "action_values_bb": [
            -0.5,
            0.0686968239497537
          ],
          "candidate_probabilities": [
            1.4777594969928032e-6,
            0.9999985098838806
          ],
          "class_index": 124,
          "conditional_hand_mass": 0.0030165911925363843,
          "expected_action_loss_bb": 8.403971325013928e-7,
          "hand": "J9s",
          "probability_on_actions_losing_over_0_1bb": 1.4777594969928032e-6,
          "reference_expected_action_loss_bb": 6.803928964864054e-9,
          "reference_probabilities": [
            1.1964070623093903e-8,
            1.0
          ]
        },
        {
          "action_values_bb": [
            -0.5,
            0.2533092749628602
          ],
          "candidate_probabilities": [
            1.4777594969928032e-6,
            0.9999985098838806
          ],
          "class_index": 125,
          "conditional_hand_mass": 0.0030165911925363843,
          "expected_action_loss_bb": 1.1132099352491297e-6,
          "hand": "JTs",
          "probability_on_actions_losing_over_0_1bb": 1.4777594969928032e-6,
          "reference_expected_action_loss_bb": 9.012645366687325e-9,
          "reference_probabilities": [
            1.1964070623093903e-8,
            1.0
          ]
        },
        {
          "action_values_bb": [
            -0.5,
            1.3914207822844566
          ],
          "candidate_probabilities": [
            1.4777598380533163e-6,
            0.9999985098838806
          ],
          "class_index": 126,
          "conditional_hand_mass": 0.0045248869052198935,
          "expected_action_loss_bb": 2.7950656689193557e-6,
          "hand": "JJ",
          "probability_on_actions_losing_over_0_1bb": 1.4777598380533163e-6,
          "reference_expected_action_loss_bb": 2.2629086777481392e-8,
          "reference_probabilities": [
            1.1964067958558644e-8,
            1.0
          ]
        },
        {
          "action_values_bb": [
            -0.5,
            0.161032061845649
          ],
          "candidate_probabilities": [
            1.4777598380533163e-6,
            0.9999985098838806
          ],
          "class_index": 127,
          "conditional_hand_mass": 0.009049773810439787,
          "expected_action_loss_bb": 9.76846632661076e-7,
          "hand": "QJo",
          "probability_on_actions_losing_over_0_1bb": 1.4777598380533163e-6,
          "reference_expected_action_loss_bb": 7.908632510707486e-9,
          "reference_probabilities": [
            1.1964067958558644e-8,
            1.0
          ]
        },
        {
          "action_values_bb": [
            -0.5,
            0.485800232256886
          ],
          "candidate_probabilities": [
            1.4777598380533163e-6,
            0.9999985098838806
          ],
          "class_index": 128,
          "conditional_hand_mass": 0.009049773810439787,
          "expected_action_loss_bb": 1.4567759915728575e-6,
          "hand": "KJo",
          "probability_on_actions_losing_over_0_1bb": 1.4777598380533163e-6,
          "reference_expected_action_loss_bb": 1.1794180972284279e-8,
          "reference_probabilities": [
            1.1964067958558644e-8,
            1.0
          ]
        },
        {
          "action_values_bb": [
            -0.5,
            0.445352403676457
          ],
          "candidate_probabilities": [
            1.4777598380533163e-6,
            0.9999985098838806
          ],
          "class_index": 129,
          "conditional_hand_mass": 0.009049773810439787,
          "expected_action_loss_bb": 1.3970038149602344e-6,
          "hand": "AJo",
          "probability_on_actions_losing_over_0_1bb": 1.4777598380533163e-6,
          "reference_expected_action_loss_bb": 1.1310260402371896e-8,
          "reference_probabilities": [
            1.1964067958558644e-8,
            1.0
          ]
        },
        {
          "action_values_bb": [
            -0.5,
            -0.26905239663810393
          ],
          "candidate_probabilities": [
            0.988457202911377,
            0.011542774736881256
          ],
          "class_index": 130,
          "conditional_hand_mass": 0.0030165911925363843,
          "expected_action_loss_bb": 0.2282818220381859,
          "hand": "Q2s",
          "probability_on_actions_losing_over_0_1bb": 0.988457202911377,
          "reference_expected_action_loss_bb": 2.7630734368560036e-9,
          "reference_probabilities": [
            1.1964070623093903e-8,
            1.0
          ]
        },
        {
          "action_values_bb": [
            -0.5,
            -0.2867740580856083
          ],
          "candidate_probabilities": [
            0.05590139701962471,
            0.9440985918045044
          ],
          "class_index": 131,
          "conditional_hand_mass": 0.0030165911925363843,
          "expected_action_loss_bb": 0.011919628033839847,
          "hand": "Q3s",
          "probability_on_actions_losing_over_0_1bb": 0.05590139701962471,
          "reference_expected_action_loss_bb": 2.551050227739501e-9,
          "reference_probabilities": [
            1.1964070623093903e-8,
            1.0
          ]
        },
        {
          "action_values_bb": [
            -0.5,
            -0.2660434130525425
          ],
          "candidate_probabilities": [
            0.04583282396197319,
            0.9541671872138977
          ],
          "class_index": 132,
          "conditional_hand_mass": 0.0030165911925363843,
          "expected_action_loss_bb": 0.010722891064306895,
          "hand": "Q4s",
          "probability_on_actions_losing_over_0_1bb": 0.04583282396197319,
          "reference_expected_action_loss_bb": 2.799073128977391e-9,
          "reference_probabilities": [
            1.1964070623093903e-8,
            1.0
          ]
        },
        {
          "action_values_bb": [
            -0.5,
            -0.06912859141168413
          ],
          "candidate_probabilities": [
            1.4777594969928032e-6,
            0.9999985098838806
          ],
          "class_index": 133,
          "conditional_hand_mass": 0.0030165911925363843,
          "expected_action_loss_bb": 6.367243160240502e-7,
          "hand": "Q5s",
          "probability_on_actions_losing_over_0_1bb": 1.4777594969928032e-6,
          "reference_expected_action_loss_bb": 5.1549759618225594e-9,
          "reference_probabilities": [
            1.1964070623093903e-8,
            1.0
          ]
        },
        {
          "action_values_bb": [
            -0.5,
            -0.12284049435358424
          ],
          "candidate_probabilities": [
            1.4777594969928032e-6,
            0.9999985098838806
          ],
          "class_index": 134,
          "conditional_hand_mass": 0.0030165911925363843,
          "expected_action_loss_bb": 5.573510413501017e-7,
          "hand": "Q6s",
          "probability_on_actions_losing_over_0_1bb": 1.4777594969928032e-6,
          "reference_expected_action_loss_bb": 4.512362961724902e-9,
          "reference_probabilities": [
            1.1964070623093903e-8,
            1.0
          ]
        },
        {
          "action_values_bb": [
            -0.5,
            -0.1446566935920923
          ],
          "candidate_probabilities": [
            0.03479786589741707,
            0.9652021527290344
          ],
          "class_index": 135,
          "conditional_hand_mass": 0.0030165911925363843,
          "expected_action_loss_bb": 0.012365188723927155,
          "hand": "Q7s",
          "probability_on_actions_losing_over_0_1bb": 0.03479786589741707,
          "reference_expected_action_loss_bb": 4.2513524133079035e-9,
          "reference_probabilities": [
            1.1964070623093903e-8,
            1.0
          ]
        },
        {
          "action_values_bb": [
            -0.5,
            0.15643291884182892
          ],
          "candidate_probabilities": [
            1.4777594969928032e-6,
            0.9999985098838806
          ],
          "class_index": 136,
          "conditional_hand_mass": 0.0030165911925363843,
          "expected_action_loss_bb": 9.700499799572188e-7,
          "hand": "Q8s",
          "probability_on_actions_losing_over_0_1bb": 1.4777594969928032e-6,
          "reference_expected_action_loss_bb": 7.85360980034731e-9,
          "reference_probabilities": [
            1.1964070623093903e-8,
            1.0
          ]
        },
        {
          "action_values_bb": [
            -0.5,
            0.1772112349119141
          ],
          "candidate_probabilities": [
            1.4777594969928032e-6,
            0.9999985098838806
          ],
          "class_index": 137,
          "conditional_hand_mass": 0.0030165911925363843,
          "expected_action_loss_bb": 1.0007553338613053e-6,
          "hand": "Q9s",
          "probability_on_actions_losing_over_0_1bb": 1.4777594969928032e-6,
          "reference_expected_action_loss_bb": 8.102203041238776e-9,
          "reference_probabilities": [
            1.1964070623093903e-8,
            1.0
          ]
        },
        {
          "action_values_bb": [
            -0.5,
            0.30500461963136033
          ],
          "candidate_probabilities": [
            1.4777594969928032e-6,
            0.9999985098838806
          ],
          "class_index": 138,
          "conditional_hand_mass": 0.0030165911925363843,
          "expected_action_loss_bb": 1.1896032217833218e-6,
          "hand": "QTs",
          "probability_on_actions_losing_over_0_1bb": 1.4777594969928032e-6,
          "reference_expected_action_loss_bb": 9.631132121186439e-9,
          "reference_probabilities": [
            1.1964070623093903e-8,
            1.0
          ]
        },
        {
          "action_values_bb": [
            -0.5,
            0.29676067469670003
          ],
          "candidate_probabilities": [
            1.4777594969928032e-6,
            0.9999985098838806
          ],
          "class_index": 139,
          "conditional_hand_mass": 0.0030165911925363843,
          "expected_action_loss_bb": 1.1774206538634419e-6,
          "hand": "QJs",
          "probability_on_actions_losing_over_0_1bb": 1.4777594969928032e-6,
          "reference_expected_action_loss_bb": 9.532500981775265e-9,
          "reference_probabilities": [
            1.1964070623093903e-8,
            1.0
          ]
        },
        {
          "action_values_bb": [
            -0.5,
            1.4964316952377346
          ],
          "candidate_probabilities": [
            1.4777598380533163e-6,
            0.9999985098838806
          ],
          "class_index": 140,
          "conditional_hand_mass": 0.0045248869052198935,
          "expected_action_loss_bb": 2.9502465786390223e-6,
          "hand": "QQ",
          "probability_on_actions_losing_over_0_1bb": 1.4777598380533163e-6,
          "reference_expected_action_loss_bb": 2.3885444476444695e-8,
          "reference_probabilities": [
            1.1964067958558644e-8,
            1.0
          ]
        },
        {
          "action_values_bb": [
            -0.5,
            0.6036975106931691
          ],
          "candidate_probabilities": [
            1.4777598380533163e-6,
            0.9999985098838806
          ],
          "class_index": 141,
          "conditional_hand_mass": 0.009049773810439787,
          "expected_action_loss_bb": 1.6309998546617858e-6,
          "hand": "KQo",
          "probability_on_actions_losing_over_0_1bb": 1.4777598380533163e-6,
          "reference_expected_action_loss_bb": 1.320471202362508e-8,
          "reference_probabilities": [
            1.1964067958558644e-8,
            1.0
          ]
        },
        {
          "action_values_bb": [
            -0.5,
            0.44556521963211415
          ],
          "candidate_probabilities": [
            1.4777598380533163e-6,
            0.9999985098838806
          ],
          "class_index": 142,
          "conditional_hand_mass": 0.009049773810439787,
          "expected_action_loss_bb": 1.3973183058324015e-6,
          "hand": "AQo",
          "probability_on_actions_losing_over_0_1bb": 1.4777598380533163e-6,
          "reference_expected_action_loss_bb": 1.1312806546928044e-8,
          "reference_probabilities": [
            1.1964067958558644e-8,
            1.0
          ]
        },
        {
          "action_values_bb": [
            -0.5,
            -0.1295253301386398
          ],
          "candidate_probabilities": [
            1.4777594969928032e-6,
            0.9999985098838806
          ],
          "class_index": 143,
          "conditional_hand_mass": 0.0030165911925363843,
          "expected_action_loss_bb": 5.474724617828986e-7,
          "hand": "K2s",
          "probability_on_actions_losing_over_0_1bb": 1.4777594969928032e-6,
          "reference_expected_action_loss_bb": 4.432385114288712e-9,
          "reference_probabilities": [
            1.1964070623093903e-8,
            1.0
          ]
        },
        {
          "action_values_bb": [
            -0.5,
            -0.07608886411587286
          ],
          "candidate_probabilities": [
            1.4777594969928032e-6,
            0.9999985098838806
          ],
          "class_index": 144,
          "conditional_hand_mass": 0.0030165911925363843,
          "expected_action_loss_bb": 6.264387069337755e-7,
          "hand": "K3s",
          "probability_on_actions_losing_over_0_1bb": 1.4777594969928032e-6,
          "reference_expected_action_loss_bb": 5.071702767633654e-9,
          "reference_probabilities": [
            1.1964070623093903e-8,
            1.0
          ]
        },
        {
          "action_values_bb": [
            -0.5,
            -0.006073201506864936
          ],
          "candidate_probabilities": [
            1.4777594969928032e-6,
            0.9999985098838806
          ],
          "class_index": 145,
          "conditional_hand_mass": 0.0030165911925363843,
          "expected_action_loss_bb": 7.29905017292481e-7,
          "hand": "K4s",
          "probability_on_actions_losing_over_0_1bb": 1.4777594969928032e-6,
          "reference_expected_action_loss_bb": 5.909375099810539e-9,
          "reference_probabilities": [
            1.1964070623093903e-8,
            1.0
          ]
        },
        {
          "action_values_bb": [
            -0.5,
            0.08269851201502965
          ],
          "candidate_probabilities": [
            1.4777594969928032e-6,
            0.9999985098838806
          ],
          "class_index": 146,
          "conditional_hand_mass": 0.0030165911925363843,
          "expected_action_loss_bb": 8.610882600137851e-7,
          "hand": "K5s",
          "probability_on_actions_losing_over_0_1bb": 1.4777594969928032e-6,
          "reference_expected_action_loss_bb": 6.971446149719546e-9,
          "reference_probabilities": [
            1.1964070623093903e-8,
            1.0
          ]
        },
        {
          "action_values_bb": [
            -0.5,
            0.18863241995144325
          ],
          "candidate_probabilities": [
            1.4777594969928032e-6,
            0.9999985098838806
          ],
          "class_index": 147,
          "conditional_hand_mass": 0.0030165911925363843,
          "expected_action_loss_bb": 1.0176330985203817e-6,
          "hand": "K6s",
          "probability_on_actions_losing_over_0_1bb": 1.4777594969928032e-6,
          "reference_expected_action_loss_bb": 8.238846905651127e-9,
          "reference_probabilities": [
            1.1964070623093903e-8,
            1.0
          ]
        },
        {
          "action_values_bb": [
            -0.5,
            0.13481730828310728
          ],
          "candidate_probabilities": [
            1.4777594969928032e-6,
            0.9999985098838806
          ],
          "class_index": 148,
          "conditional_hand_mass": 0.0030165911925363843,
          "expected_action_loss_bb": 9.381073061707698e-7,
          "hand": "K7s",
          "probability_on_actions_losing_over_0_1bb": 1.4777594969928032e-6,
          "reference_expected_action_loss_bb": 7.594999109061468e-9,
          "reference_probabilities": [
            1.1964070623093903e-8,
            1.0
          ]
        },
        {
          "action_values_bb": [
            -0.5,
            0.41010015935777966
          ],
          "candidate_probabilities": [
            1.4777594969928032e-6,
            0.9999985098838806
          ],
          "class_index": 149,
          "conditional_hand_mass": 0.0030165911925363843,
          "expected_action_loss_bb": 1.3449091537056226e-6,
          "hand": "K8s",
          "probability_on_actions_losing_over_0_1bb": 1.4777594969928032e-6,
          "reference_expected_action_loss_bb": 1.0888502580645492e-8,
          "reference_probabilities": [
            1.1964070623093903e-8,
            1.0
          ]
        },
        {
          "action_values_bb": [
            -0.5,
            0.45699097346558426
          ],
          "candidate_probabilities": [
            1.4777594969928032e-6,
            0.9999985098838806
          ],
          "class_index": 150,
          "conditional_hand_mass": 0.0030165911925363843,
          "expected_action_loss_bb": 1.4142024995751549e-6,
          "hand": "K9s",
          "probability_on_actions_losing_over_0_1bb": 1.4777594969928032e-6,
          "reference_expected_action_loss_bb": 1.1449507592205634e-8,
          "reference_probabilities": [
            1.1964070623093903e-8,
            1.0
          ]
        },
        {
          "action_values_bb": [
            -0.5,
            0.48314871023275735
          ],
          "candidate_probabilities": [
            1.4777594969928032e-6,
            0.9999985098838806
          ],
          "class_index": 151,
          "conditional_hand_mass": 0.0030165911925363843,
          "expected_action_loss_bb": 1.4528573435026828e-6,
          "hand": "KTs",
          "probability_on_actions_losing_over_0_1bb": 1.4777594969928032e-6,
          "reference_expected_action_loss_bb": 1.1762460602228392e-8,
          "reference_probabilities": [
            1.1964070623093903e-8,
            1.0
          ]
        },
        {
          "action_values_bb": [
            -0.5,
            0.6578297207649559
          ],
          "candidate_probabilities": [
            1.4777594969928032e-6,
            0.9999985098838806
          ],
          "class_index": 152,
          "conditional_hand_mass": 0.0030165911925363843,
          "expected_action_loss_bb": 1.7109938657609391e-6,
          "hand": "KJs",
          "probability_on_actions_losing_over_0_1bb": 1.4777594969928032e-6,
          "reference_expected_action_loss_bb": 1.3852356548749026e-8,
          "reference_probabilities": [
            1.1964070623093903e-8,
            1.0
          ]
        },
        {
          "action_values_bb": [
            -0.5,
            0.7668712522194259
          ],
          "candidate_probabilities": [
            1.4777594969928032e-6,
            0.9999985098838806
          ],
          "class_index": 153,
          "conditional_hand_mass": 0.0030165911925363843,
          "expected_action_loss_bb": 1.8721310244344215e-6,
          "hand": "KQs",
          "probability_on_actions_losing_over_0_1bb": 1.4777594969928032e-6,
          "reference_expected_action_loss_bb": 1.515693713192062e-8,
          "reference_probabilities": [
            1.1964070623093903e-8,
            1.0
          ]
        },
        {
          "action_values_bb": [
            -0.5,
            1.8837104549519548
          ],
          "candidate_probabilities": [
            1.4777598380533163e-6,
            0.9999985098838806
          ],
          "class_index": 154,
          "conditional_hand_mass": 0.0045248869052198935,
          "expected_action_loss_bb": 3.522551575875798e-6,
          "hand": "KK",
          "probability_on_actions_losing_over_0_1bb": 1.4777598380533163e-6,
          "reference_expected_action_loss_bb": 2.8518873876571932e-8,
          "reference_probabilities": [
            1.1964067958558644e-8,
            1.0
          ]
        },
        {
          "action_values_bb": [
            -0.5,
            0.6691436761011276
          ],
          "candidate_probabilities": [
            1.4777598380533163e-6,
            0.9999985098838806
          ],
          "class_index": 155,
          "conditional_hand_mass": 0.009049773810439787,
          "expected_action_loss_bb": 1.7277135694562613e-6,
          "hand": "AKo",
          "probability_on_actions_losing_over_0_1bb": 1.4777598380533163e-6,
          "reference_expected_action_loss_bb": 1.3987714394192966e-8,
          "reference_probabilities": [
            1.1964067958558644e-8,
            1.0
          ]
        },
        {
          "action_values_bb": [
            -0.5,
            0.06585173078185584
          ],
          "candidate_probabilities": [
            1.4777594969928032e-6,
            0.9999985098838806
          ],
          "class_index": 156,
          "conditional_hand_mass": 0.0030165911925363843,
          "expected_action_loss_bb": 8.361927690527023e-7,
          "hand": "A2s",
          "probability_on_actions_losing_over_0_1bb": 1.4777594969928032e-6,
          "reference_expected_action_loss_bb": 6.769890069274041e-9,
          "reference_probabilities": [
            1.1964070623093903e-8,
            1.0
          ]
        },
        {
          "action_values_bb": [
            -0.5,
            0.29846488961837664
          ],
          "candidate_probabilities": [
            1.4777594969928032e-6,
            0.9999985098838806
          ],
          "class_index": 157,
          "conditional_hand_mass": 0.0030165911925363843,
          "expected_action_loss_bb": 1.1799390736488663e-6,
          "hand": "A3s",
          "probability_on_actions_losing_over_0_1bb": 1.4777594969928032e-6,
          "reference_expected_action_loss_bb": 9.552890329455135e-9,
          "reference_probabilities": [
            1.1964070623093903e-8,
            1.0
          ]
        },
        {
          "action_values_bb": [
            -0.5,
            0.26895718604014984
          ],
          "candidate_probabilities": [
            1.4777594969928032e-6,
            0.9999985098838806
          ],
          "class_index": 158,
          "conditional_hand_mass": 0.0030165911925363843,
          "expected_action_loss_bb": 1.1363337844516932e-6,
          "hand": "A4s",
          "probability_on_actions_losing_over_0_1bb": 1.4777594969928032e-6,
          "reference_expected_action_loss_bb": 9.19985807991991e-9,
          "reference_probabilities": [
            1.1964070623093903e-8,
            1.0
          ]
        },
        {
          "action_values_bb": [
            -0.5,
            0.31021733960947573
          ],
          "candidate_probabilities": [
            1.4777594969928032e-6,
            0.9999985098838806
          ],
          "class_index": 159,
          "conditional_hand_mass": 0.0030165911925363843,
          "expected_action_loss_bb": 1.197306368236146e-6,
          "hand": "A5s",
          "probability_on_actions_losing_over_0_1bb": 1.4777594969928032e-6,
          "reference_expected_action_loss_bb": 9.693497471143024e-9,
          "reference_probabilities": [
            1.1964070623093903e-8,
            1.0
          ]
        },
        {
          "action_values_bb": [
            -0.5,
            0.2722876505653165
          ],
          "candidate_probabilities": [
            1.4777594969928032e-6,
            0.9999985098838806
          ],
          "class_index": 160,
          "conditional_hand_mass": 0.0030165911925363843,
          "expected_action_loss_bb": 1.1412554100331559e-6,
          "hand": "A6s",
          "probability_on_actions_losing_over_0_1bb": 1.4777594969928032e-6,
          "reference_expected_action_loss_bb": 9.239703992706712e-9,
          "reference_probabilities": [
            1.1964070623093903e-8,
            1.0
          ]
        },
        {
          "action_values_bb": [
            -0.5,
            0.2646716354108571
          ],
          "candidate_probabilities": [
            1.4777594969928032e-6,
            0.9999985098838806
          ],
          "class_index": 161,
          "conditional_hand_mass": 0.0030165911925363843,
          "expected_action_loss_bb": 1.1300007713094124e-6,
          "hand": "A7s",
          "probability_on_actions_losing_over_0_1bb": 1.4777594969928032e-6,
          "reference_expected_action_loss_bb": 9.148585449532207e-9,
          "reference_probabilities": [
            1.1964070623093903e-8,
            1.0
          ]
        },
        {
          "action_values_bb": [
            -0.5,
            0.4948103321620567
          ],
          "candidate_probabilities": [
            1.4777594969928032e-6,
            0.9999985098838806
          ],
          "class_index": 162,
          "conditional_hand_mass": 0.0030165911925363843,
          "expected_action_loss_bb": 1.4700904160590444e-6,
          "hand": "A8s",
          "probability_on_actions_losing_over_0_1bb": 1.4777594969928032e-6,
          "reference_expected_action_loss_bb": 1.190198107057035e-8,
          "reference_probabilities": [
            1.1964070623093903e-8,
            1.0
          ]
        },
        {
          "action_values_bb": [
            -0.5,
            0.43252353706779756
          ],
          "candidate_probabilities": [
            1.4777594969928032e-6,
            0.9999985098838806
          ],
          "class_index": 163,
          "conditional_hand_mass": 0.0030165911925363843,
          "expected_action_loss_bb": 1.3780455130712581e-6,
          "hand": "A9s",
          "probability_on_actions_losing_over_0_1bb": 1.4777594969928032e-6,
          "reference_expected_action_loss_bb": 1.1156777455176455e-8,
          "reference_probabilities": [
            1.1964070623093903e-8,
            1.0
          ]
        },
        {
          "action_values_bb": [
            -0.5,
            0.512031683282176
          ],
          "candidate_probabilities": [
            1.4777594969928032e-6,
            0.9999985098838806
          ],
          "class_index": 164,
          "conditional_hand_mass": 0.0030165911925363843,
          "expected_action_loss_bb": 1.4955394312278484e-6,
          "hand": "ATs",
          "probability_on_actions_losing_over_0_1bb": 1.4777594969928032e-6,
          "reference_expected_action_loss_bb": 1.2108018531596557e-8,
          "reference_probabilities": [
            1.1964070623093903e-8,
            1.0
          ]
        },
        {
          "action_values_bb": [
            -0.5,
            0.4899528167392546
          ],
          "candidate_probabilities": [
            1.4777594969928032e-6,
            0.9999985098838806
          ],
          "class_index": 165,
          "conditional_hand_mass": 0.0030165911925363843,
          "expected_action_loss_bb": 1.4629121765112095e-6,
          "hand": "AJs",
          "probability_on_actions_losing_over_0_1bb": 1.4777594969928032e-6,
          "reference_expected_action_loss_bb": 1.1843865412999178e-8,
          "reference_probabilities": [
            1.1964070623093903e-8,
            1.0
          ]
        },
        {
          "action_values_bb": [
            -0.5,
            0.6669319415800918
          ],
          "candidate_probabilities": [
            1.4777594969928032e-6,
            0.9999985098838806
          ],
          "class_index": 166,
          "conditional_hand_mass": 0.0030165911925363843,
          "expected_action_loss_bb": 1.7244447590142316e-6,
          "hand": "AQs",
          "probability_on_actions_losing_over_0_1bb": 1.4777594969928032e-6,
          "reference_expected_action_loss_bb": 1.3961256161408308e-8,
          "reference_probabilities": [
            1.1964070623093903e-8,
            1.0
          ]
        },
        {
          "action_values_bb": [
            -0.5,
            0.8907192697222235
          ],
          "candidate_probabilities": [
            1.4777594969928032e-6,
            0.9999985098838806
          ],
          "class_index": 167,
          "conditional_hand_mass": 0.0030165911925363843,
          "expected_action_loss_bb": 2.0551486084829114e-6,
          "hand": "AKs",
          "probability_on_actions_losing_over_0_1bb": 1.4777594969928032e-6,
          "reference_expected_action_loss_bb": 1.663866355985426e-8,
          "reference_probabilities": [
            1.1964070623093903e-8,
            1.0
          ]
        },
        {
          "action_values_bb": [
            -0.5,
            2.0149889748537966
          ],
          "candidate_probabilities": [
            1.4777598380533163e-6,
            0.9999985098838806
          ],
          "class_index": 168,
          "conditional_hand_mass": 0.0045248869052198935,
          "expected_action_loss_bb": 3.7165497001858227e-6,
          "hand": "AA",
          "probability_on_actions_losing_over_0_1bb": 1.4777598380533163e-6,
          "reference_expected_action_loss_bb": 3.008949901017656e-8,
          "reference_probabilities": [
            1.1964067958558644e-8,
            1.0
          ]
        }
      ],
      "joint_reach_independent_model": 0.0053126921062429215,
      "opponent_mass": 0.005312691908329725,
      "passes_local_tail_gate": false,
      "path": [
        2
      ],
      "position": "SB",
      "reference_weighted_action_loss_bb": 0.00006126049943163763,
      "scope": "One-action deviation followed by reference play, same reference arriving ranges; excludes physical-deal validation",
      "status": "evaluated",
      "weighted_action_loss_bb": 0.010895030356505962,
      "weighted_excess_action_loss_bb": 0.010833769857074325,
      "worst_relevant_probability_on_strongly_inferior_actions": 0.9999985098838806
    },
    {
      "actions": [
        {
          "kind": "fold",
          "label": "Fold",
          "to": 0.0
        },
        {
          "kind": "call",
          "label": "Call 2",
          "to": 2.0
        }
      ],
      "actor": 2,
      "actor_mass": 1.000000037252903,
      "forced_or_frozen": false,
      "hands": [
        {
          "action_values_bb": [
            -1.0000000283803316,
            -0.21819232954572676
          ],
          "candidate_probabilities": [
            1.4777598380533163e-6,
            0.9999985098838806
          ],
          "class_index": 0,
          "conditional_hand_mass": 0.0045248869052198935,
          "expected_action_loss_bb": 1.1553240184186616e-6,
          "hand": "22",
          "probability_on_actions_losing_over_0_1bb": 1.4777598380533163e-6,
          "reference_expected_action_loss_bb": 9.353600439381562e-9,
          "reference_probabilities": [
            1.1964067958558644e-8,
            1.0
          ]
        },
        {
          "action_values_bb": [
            -1.0000000283803316,
            -0.9845818938754782
          ],
          "candidate_probabilities": [
            1.4777598380533163e-6,
            0.9999985098838806
          ],
          "class_index": 1,
          "conditional_hand_mass": 0.009049773810439787,
          "expected_action_loss_bb": 2.2784299948976423e-8,
          "hand": "32o",
          "probability_on_actions_losing_over_0_1bb": -0.0,
          "reference_expected_action_loss_bb": 1.844636090102641e-10,
          "reference_probabilities": [
            1.1964067958558644e-8,
            1.0
          ]
        },
        {
          "action_values_bb": [
            -1.0000000283803316,
            -0.837970046515517
          ],
          "candidate_probabilities": [
            1.4777598380533163e-6,
            0.9999985098838806
          ],
          "class_index": 2,
          "conditional_hand_mass": 0.009049773810439787,
          "expected_action_loss_bb": 2.394413997603303e-7,
          "hand": "42o",
          "probability_on_actions_losing_over_0_1bb": 1.4777598380533163e-6,
          "reference_expected_action_loss_bb": 1.9385377143546673e-9,
          "reference_probabilities": [
            1.1964067958558644e-8,
            1.0
          ]
        },
        {
          "action_values_bb": [
            -1.0000000283803316,
            -0.7797961543185593
          ],
          "candidate_probabilities": [
            1.4777598380533163e-6,
            0.9999985098838806
          ],
          "class_index": 3,
          "conditional_hand_mass": 0.009049773810439787,
          "expected_action_loss_bb": 3.2540844127223756e-7,
          "hand": "52o",
          "probability_on_actions_losing_over_0_1bb": 1.4777598380533163e-6,
          "reference_expected_action_loss_bb": 2.634534114012933e-9,
          "reference_probabilities": [
            1.1964067958558644e-8,
            1.0
          ]
        },
        {
          "action_values_bb": [
            -1.0000000283803316,
            -0.8627957821551717
          ],
          "candidate_probabilities": [
            1.4777598380533163e-6,
            0.9999985098838806
          ],
          "class_index": 4,
          "conditional_hand_mass": 0.009049773810439787,
          "expected_action_loss_bb": 2.0275492468191966e-7,
          "hand": "62o",
          "probability_on_actions_losing_over_0_1bb": 1.4777598380533163e-6,
          "reference_expected_action_loss_bb": 1.6415209260406265e-9,
          "reference_probabilities": [
            1.1964067958558644e-8,
            1.0
          ]
        },
        {
          "action_values_bb": [
            -1.0000000283803316,
            -0.9510783440367885
          ],
          "candidate_probabilities": [
            1.4777598380533163e-6,
            0.9999985098838806
          ],
          "class_index": 5,
          "conditional_hand_mass": 0.009049773810439787,
          "expected_action_loss_bb": 7.22945003328098e-8,
          "hand": "72o",
          "probability_on_actions_losing_over_0_1bb": -0.0,
          "reference_expected_action_loss_bb": 5.853023561333047e-10,
          "reference_probabilities": [
            1.1964067958558644e-8,
            1.0
          ]
        },
        {
          "action_values_bb": [
            -1.0000000283803316,
            -1.026016772215617
          ],
          "candidate_probabilities": [
            0.9944095611572266,
            0.005590395070612431
          ],
          "class_index": 6,
          "conditional_hand_mass": 0.009049773810439787,
          "expected_action_loss_bb": 0.00014544387649016588,
          "hand": "82o",
          "probability_on_actions_losing_over_0_1bb": -0.0,
          "reference_expected_action_loss_bb": 0.00004235794087206865,
          "reference_probabilities": [
            0.9983718991279602,
            0.0016281030839309096
          ]
        },
        {
          "action_values_bb": [
            -1.0000000283803316,
            -0.82421245438689
          ],
          "candidate_probabilities": [
            0.25416019558906555,
            0.7458398342132568
          ],
          "class_index": 7,
          "conditional_hand_mass": 0.009049773810439787,
          "expected_action_loss_bb": 0.04467820418830047,
          "hand": "92o",
          "probability_on_actions_losing_over_0_1bb": 0.25416019558906555,
          "reference_expected_action_loss_bb": 2.1031344815276926e-9,
          "reference_probabilities": [
            1.1964067958558644e-8,
            1.0
          ]
        },
        {
          "action_values_bb": [
            -1.0000000283803316,
            -0.8608188383486607
          ],
          "candidate_probabilities": [
            1.4777598380533163e-6,
            0.9999985098838806
          ],
          "class_index": 8,
          "conditional_hand_mass": 0.009049773810439787,
          "expected_action_loss_bb": 2.0567637284126991e-7,
          "hand": "T2o",
          "probability_on_actions_losing_over_0_1bb": 1.4777598380533163e-6,
          "reference_expected_action_loss_bb": 1.6651732160919761e-9,
          "reference_probabilities": [
            1.1964067958558644e-8,
            1.0
          ]
        },
        {
          "action_values_bb": [
            -1.0000000283803316,
            -0.8510118524169775
          ],
          "candidate_probabilities": [
            1.4777598380533163e-6,
            0.9999985098838806
          ],
          "class_index": 9,
          "conditional_hand_mass": 0.009049773810439787,
          "expected_action_loss_bb": 2.2016874278346517e-7,
          "hand": "J2o",
          "probability_on_actions_losing_over_0_1bb": 1.4777598380533163e-6,
          "reference_expected_action_loss_bb": 1.7825046622472622e-9,
          "reference_probabilities": [
            1.1964067958558644e-8,
            1.0
          ]
        },
        {
          "action_values_bb": [
            -1.0000000283803316,
            -0.5819444844567803
          ],
          "candidate_probabilities": [
            1.4777598380533163e-6,
            0.9999985098838806
          ],
          "class_index": 10,
          "conditional_hand_mass": 0.009049773810439787,
          "expected_action_loss_bb": 6.177856928857584e-7,
          "hand": "Q2o",
          "probability_on_actions_losing_over_0_1bb": 1.4777598380533163e-6,
          "reference_expected_action_loss_bb": 5.001644937953567e-9,
          "reference_probabilities": [
            1.1964067958558644e-8,
            1.0
          ]
        },
        {
          "action_values_bb": [
            -1.0000000283803316,
            -0.4777984269881566
          ],
          "candidate_probabilities": [
            1.4777598380533163e-6,
            0.9999985098838806
          ],
          "class_index": 11,
          "conditional_hand_mass": 0.009049773810439787,
          "expected_action_loss_bb": 7.716885539044831e-7,
          "hand": "K2o",
          "probability_on_actions_losing_over_0_1bb": 1.4777598380533163e-6,
          "reference_expected_action_loss_bb": 6.247655447124135e-9,
          "reference_probabilities": [
            1.1964067958558644e-8,
            1.0
          ]
        },
        {
          "action_values_bb": [
            -1.0000000283803316,
            -0.17619864427757922
          ],
          "candidate_probabilities": [
            1.4777598380533163e-6,
            0.9999985098838806
          ],
          "class_index": 12,
          "conditional_hand_mass": 0.009049773810439787,
          "expected_action_loss_bb": 1.2173805999597813e-6,
          "hand": "A2o",
          "probability_on_actions_losing_over_0_1bb": 1.4777598380533163e-6,
          "reference_expected_action_loss_bb": 9.856015743760003e-9,
          "reference_probabilities": [
            1.1964067958558644e-8,
            1.0
          ]
        },
        {
          "action_values_bb": [
            -1.0000000283803316,
            -0.8526065477105702
          ],
          "candidate_probabilities": [
            1.4777594969928032e-6,
            0.9999985098838806
          ],
          "class_index": 13,
          "conditional_hand_mass": 0.0030165911925363843,
          "expected_action_loss_bb": 2.1781211585456512e-7,
          "hand": "32s",
          "probability_on_actions_losing_over_0_1bb": 1.4777594969928032e-6,
          "reference_expected_action_loss_bb": 1.7634260121166518e-9,
          "reference_probabilities": [
            1.1964070623093903e-8,
            1.0
          ]
        },
        {
          "action_values_bb": [
            -1.0000000283803316,
            -0.08288635517660586
          ],
          "candidate_probabilities": [
            1.4777598380533163e-6,
            0.9999985098838806
          ],
          "class_index": 14,
          "conditional_hand_mass": 0.0045248869052198935,
          "expected_action_loss_bb": 1.3552737531900197e-6,
          "hand": "33",
          "probability_on_actions_losing_over_0_1bb": 1.4777598380533163e-6,
          "reference_expected_action_loss_bb": 1.0972410311932718e-8,
          "reference_probabilities": [
            1.1964067958558644e-8,
            1.0
          ]
        },
        {
          "action_values_bb": [
            -1.0000000283803316,
            -0.8808244654510359
          ],
          "candidate_probabilities": [
            1.4777598380533163e-6,
            0.9999985098838806
          ],
          "class_index": 15,
          "conditional_hand_mass": 0.009049773810439787,
          "expected_action_loss_bb": 1.761128605743089e-7,
          "hand": "43o",
          "probability_on_actions_losing_over_0_1bb": 1.4777598380533163e-6,
          "reference_expected_action_loss_bb": 1.4258245338855768e-9,
          "reference_probabilities": [
            1.1964067958558644e-8,
            1.0
          ]
        },
        {
          "action_values_bb": [
            -1.0000000283803316,
            -0.7980145763840941
          ],
          "candidate_probabilities": [
            1.4777598380533163e-6,
            0.9999985098838806
          ],
          "class_index": 16,
          "conditional_hand_mass": 0.009049773810439787,
          "expected_action_loss_bb": 2.984859888310859e-7,
          "hand": "53o",
          "probability_on_actions_losing_over_0_1bb": 1.4777598380533163e-6,
          "reference_expected_action_loss_bb": 2.4165676743231704e-9,
          "reference_probabilities": [
            1.1964067958558644e-8,
            1.0
          ]
        },
        {
          "action_values_bb": [
            -1.0000000283803316,
            -0.8212818581477297
          ],
          "candidate_probabilities": [
            1.4777598380533163e-6,
            0.9999985098838806
          ],
          "class_index": 17,
          "conditional_hand_mass": 0.009049773810439787,
          "expected_action_loss_bb": 2.6410253430011486e-7,
          "hand": "63o",
          "probability_on_actions_losing_over_0_1bb": 1.4777598380533163e-6,
          "reference_expected_action_loss_bb": 2.138196334092102e-9,
          "reference_probabilities": [
            1.1964067958558644e-8,
            1.0
          ]
        },
        {
          "action_values_bb": [
            -1.0000000283803316,
            -0.9493574965250827
          ],
          "candidate_probabilities": [
            1.4777598380533163e-6,
            0.9999985098838806
          ],
          "class_index": 18,
          "conditional_hand_mass": 0.009049773810439787,
          "expected_action_loss_bb": 7.483749967302256e-8,
          "hand": "73o",
          "probability_on_actions_losing_over_0_1bb": -0.0,
          "reference_expected_action_loss_bb": 6.05890692709669e-10,
          "reference_probabilities": [
            1.1964067958558644e-8,
            1.0
          ]
        },
        {
          "action_values_bb": [
            -1.0000000283803316,
            -1.0210842934077524
          ],
          "candidate_probabilities": [
            0.0006436959374696016,
            0.9993563294410706
          ],
          "class_index": 19,
          "conditional_hand_mass": 0.009049773810439787,
          "expected_action_loss_bb": 0.021070693706765963,
          "hand": "83o",
          "probability_on_actions_losing_over_0_1bb": -0.0,
          "reference_expected_action_loss_bb": 0.0007222023402713143,
          "reference_probabilities": [
            0.9657468795776367,
            0.03425314277410507
          ]
        },
        {
          "action_values_bb": [
            -1.0000000283803316,
            -0.8928934408658799
          ],
          "candidate_probabilities": [
            1.4777598380533163e-6,
            0.9999985098838806
          ],
          "class_index": 20,
          "conditional_hand_mass": 0.009049773810439787,
          "expected_action_loss_bb": 1.5827781341979963e-7,
          "hand": "93o",
          "probability_on_actions_losing_over_0_1bb": 1.4777598380533163e-6,
          "reference_expected_action_loss_bb": 1.28143049183221e-9,
          "reference_probabilities": [
            1.1964067958558644e-8,
            1.0
          ]
        },
        {
          "action_values_bb": [
            -1.0000000283803316,
            -0.8665622644499564
          ],
          "candidate_probabilities": [
            1.4777598380533163e-6,
            0.9999985098838806
          ],
          "class_index": 21,
          "conditional_hand_mass": 0.009049773810439787,
          "expected_action_loss_bb": 1.971889684159479e-7,
          "hand": "T3o",
          "probability_on_actions_losing_over_0_1bb": 1.4777598380533163e-6,
          "reference_expected_action_loss_bb": 1.5964584759011144e-9,
          "reference_probabilities": [
            1.1964067958558644e-8,
            1.0
          ]
        },
        {
          "action_values_bb": [
            -1.0000000283803316,
            -0.8984912450136658
          ],
          "candidate_probabilities": [
            1.4777598380533163e-6,
            0.9999985098838806
          ],
          "class_index": 22,
          "conditional_hand_mass": 0.009049773810439787,
          "expected_action_loss_bb": 1.5000560326891323e-7,
          "hand": "J3o",
          "probability_on_actions_losing_over_0_1bb": 1.4777598380533163e-6,
          "reference_expected_action_loss_bb": 1.214457982589397e-9,
          "reference_probabilities": [
            1.1964067958558644e-8,
            1.0
          ]
        },
        {
          "action_values_bb": [
            -1.0000000283803316,
            -0.6596885233823725
          ],
          "candidate_probabilities": [
            1.4777598380533163e-6,
            0.9999985098838806
          ],
          "class_index": 23,
          "conditional_hand_mass": 0.009049773810439787,
          "expected_action_loss_bb": 5.028986745134644e-7,
          "hand": "Q3o",
          "probability_on_actions_losing_over_0_1bb": 1.4777598380533163e-6,
          "reference_expected_action_loss_bb": 4.071509972874953e-9,
          "reference_probabilities": [
            1.1964067958558644e-8,
            1.0
          ]
        },
        {
          "action_values_bb": [
            -1.0000000283803316,
            -0.47623526974909225
          ],
          "candidate_probabilities": [
            1.4777598380533163e-6,
            0.9999985098838806
          ],
          "class_index": 24,
          "conditional_hand_mass": 0.009049773810439787,
          "expected_action_loss_bb": 7.739985248929347e-7,
          "hand": "K3o",
          "probability_on_actions_losing_over_0_1bb": 1.4777598380533163e-6,
          "reference_expected_action_loss_bb": 6.266357166562213e-9,
          "reference_probabilities": [
            1.1964067958558644e-8,
            1.0
          ]
        },
        {
          "action_values_bb": [
            -1.0000000283803316,
            -0.06146266411608571
          ],
          "candidate_probabilities": [
            1.4777598380533163e-6,
            0.9999985098838806
          ],
          "class_index": 25,
          "conditional_hand_mass": 0.009049773810439787,
          "expected_action_loss_bb": 1.3869328234221184e-6,
          "hand": "A3o",
          "probability_on_actions_losing_over_0_1bb": 1.4777598380533163e-6,
          "reference_expected_action_loss_bb": 1.1228724807703947e-8,
          "reference_probabilities": [
            1.1964067958558644e-8,
            1.0
          ]
        },
        {
          "action_values_bb": [
            -1.0000000283803316,
            -0.7009764672025703
          ],
          "candidate_probabilities": [
            1.4777594969928032e-6,
            0.9999985098838806
          ],
          "class_index": 26,
          "conditional_hand_mass": 0.0030165911925363843,
          "expected_action_loss_bb": 4.4188490735504524e-7,
          "hand": "42s",
          "probability_on_actions_losing_over_0_1bb": 1.4777594969928032e-6,
          "reference_expected_action_loss_bb": 3.5775390038997766e-9,
          "reference_probabilities": [
            1.1964070623093903e-8,
            1.0
          ]
        },
        {
          "action_values_bb": [
            -1.0000000283803316,
            -0.6436684313280836
          ],
          "candidate_probabilities": [
            1.4777594969928032e-6,
            0.9999985098838806
          ],
          "class_index": 27,
          "conditional_hand_mass": 0.0030165911925363843,
          "expected_action_loss_bb": 5.265724016225723e-7,
          "hand": "43s",
          "probability_on_actions_losing_over_0_1bb": 1.4777594969928032e-6,
          "reference_expected_action_loss_bb": 4.263176392372935e-9,
          "reference_probabilities": [
            1.1964070623093903e-8,
            1.0
          ]
        },
        {
          "action_values_bb": [
            -1.0000000283803316,
            0.03406320674461317
          ],
          "candidate_probabilities": [
            1.4777598380533163e-6,
            0.9999985098838806
          ],
          "class_index": 28,
          "conditional_hand_mass": 0.0045248869052198935,
          "expected_action_loss_bb": 1.5280971188751269e-6,
          "hand": "44",
          "probability_on_actions_losing_over_0_1bb": 1.4777598380533163e-6,
          "reference_expected_action_loss_bb": 1.2371602818481846e-8,
          "reference_probabilities": [
            1.1964067958558644e-8,
            1.0
          ]
        },
        {
          "action_values_bb": [
            -1.0000000283803316,
            -0.5810817637096728
          ],
          "candidate_probabilities": [
            1.4777598380533163e-6,
            0.9999985098838806
          ],
          "class_index": 29,
          "conditional_hand_mass": 0.009049773810439787,
          "expected_action_loss_bb": 6.190605869572891e-7,
          "hand": "54o",
          "probability_on_actions_losing_over_0_1bb": 1.4777598380533163e-6,
          "reference_expected_action_loss_bb": 5.011966587601219e-9,
          "reference_probabilities": [
            1.1964067958558644e-8,
            1.0
          ]
        },
        {
          "action_values_bb": [
            -1.0000000283803316,
            -0.66135387850218
          ],
          "candidate_probabilities": [
            1.4777598380533163e-6,
            0.9999985098838806
          ],
          "class_index": 30,
          "conditional_hand_mass": 0.009049773810439787,
          "expected_action_loss_bb": 5.004376796013165e-7,
          "hand": "64o",
          "probability_on_actions_losing_over_0_1bb": 1.4777598380533163e-6,
          "reference_expected_action_loss_bb": 4.051585551046443e-9,
          "reference_probabilities": [
            1.1964067958558644e-8,
            1.0
          ]
        },
        {
          "action_values_bb": [
            -1.0000000283803316,
            -0.7706122728399261
          ],
          "candidate_probabilities": [
            1.4777598380533163e-6,
            0.9999985098838806
          ],
          "class_index": 31,
          "conditional_hand_mass": 0.009049773810439787,
          "expected_action_loss_bb": 3.3898001247880345e-7,
          "hand": "74o",
          "probability_on_actions_losing_over_0_1bb": 1.4777598380533163e-6,
          "reference_expected_action_loss_bb": 2.7444106961466493e-9,
          "reference_probabilities": [
            1.1964067958558644e-8,
            1.0
          ]
        },
        {
          "action_values_bb": [
            -1.0000000283803316,
            -0.8023938813615508
          ],
          "candidate_probabilities": [
            1.4777598380533163e-6,
            0.9999985098838806
          ],
          "class_index": 32,
          "conditional_hand_mass": 0.009049773810439787,
          "expected_action_loss_bb": 2.9201442781681346e-7,
          "hand": "84o",
          "probability_on_actions_losing_over_0_1bb": 1.4777598380533163e-6,
          "reference_expected_action_loss_bb": 2.364173371961625e-9,
          "reference_probabilities": [
            1.1964067958558644e-8,
            1.0
          ]
        },
        {
          "action_values_bb": [
            -1.0000000283803316,
            -0.811869663030419
          ],
          "candidate_probabilities": [
            1.4777598380533163e-6,
            0.9999985098838806
          ],
          "class_index": 33,
          "conditional_hand_mass": 0.009049773810439787,
          "expected_action_loss_bb": 2.780114982323982e-7,
          "hand": "94o",
          "probability_on_actions_losing_over_0_1bb": 1.4777598380533163e-6,
          "reference_expected_action_loss_bb": 2.2508044761148214e-9,
          "reference_probabilities": [
            1.1964067958558644e-8,
            1.0
          ]
        },
        {
          "action_values_bb": [
            -1.0000000283803316,
            -0.7948572707541168
          ],
          "candidate_probabilities": [
            1.4777598380533163e-6,
            0.9999985098838806
          ],
          "class_index": 34,
          "conditional_hand_mass": 0.009049773810439787,
          "expected_action_loss_bb": 3.0315172828752595e-7,
          "hand": "T4o",
          "probability_on_actions_losing_over_0_1bb": 1.4777598380533163e-6,
          "reference_expected_action_loss_bb": 2.4543418934461585e-9,
          "reference_probabilities": [
            1.1964067958558644e-8,
            1.0
          ]
        },
        {
          "action_values_bb": [
            -1.0000000283803316,
            -0.750955715487902
          ],
          "candidate_probabilities": [
            1.4777598380533163e-6,
            0.9999985098838806
          ],
          "class_index": 35,
          "conditional_hand_mass": 0.009049773810439787,
          "expected_action_loss_bb": 3.6802768348801635e-7,
          "hand": "J4o",
          "probability_on_actions_losing_over_0_1bb": 1.4777598380533163e-6,
          "reference_expected_action_loss_bb": 2.9795830841375713e-9,
          "reference_probabilities": [
            1.1964067958558644e-8,
            1.0
          ]
        },
        {
          "action_values_bb": [
            -1.0000000283803316,
            -0.6008439826594113
          ],
          "candidate_probabilities": [
            1.4777598380533163e-6,
            0.9999985098838806
          ],
          "class_index": 36,
          "conditional_hand_mass": 0.009049773810439787,
          "expected_action_loss_bb": 5.898567734825493e-7,
          "hand": "Q4o",
          "probability_on_actions_losing_over_0_1bb": 1.4777598380533163e-6,
          "reference_expected_action_loss_bb": 4.7755300570746326e-9,
          "reference_probabilities": [
            1.1964067958558644e-8,
            1.0
          ]
        },
        {
          "action_values_bb": [
            -1.0000000283803316,
            -0.3353679787559648
          ],
          "candidate_probabilities": [
            1.4777598380533163e-6,
            0.9999985098838806
          ],
          "class_index": 37,
          "conditional_hand_mass": 0.009049773810439787,
          "expected_action_loss_bb": 9.82166550017948e-7,
          "hand": "K4o",
          "probability_on_actions_losing_over_0_1bb": 1.4777598380533163e-6,
          "reference_expected_action_loss_bb": 7.951703009142047e-9,
          "reference_probabilities": [
            1.1964067958558644e-8,
            1.0
          ]
        },
        {
          "action_values_bb": [
            -1.0000000283803316,
            -0.09939597981947729
          ],
          "candidate_probabilities": [
            1.4777598380533163e-6,
            0.9999985098838806
          ],
          "class_index": 38,
          "conditional_hand_mass": 0.009049773810439787,
          "expected_action_loss_bb": 1.3308764929514493e-6,
          "hand": "A4o",
          "probability_on_actions_losing_over_0_1bb": 1.4777598380533163e-6,
          "reference_expected_action_loss_bb": 1.0774888040735111e-8,
          "reference_probabilities": [
            1.1964067958558644e-8,
            1.0
          ]
        },
        {
          "action_values_bb": [
            -1.0000000283803316,
            -0.5824865743928801
          ],
          "candidate_probabilities": [
            1.4777594969928032e-6,
            0.9999985098838806
          ],
          "class_index": 39,
          "conditional_hand_mass": 0.0030165911925363843,
          "expected_action_loss_bb": 6.169844717522243e-7,
          "hand": "52s",
          "probability_on_actions_losing_over_0_1bb": 1.4777594969928032e-6,
          "reference_expected_action_loss_bb": 4.995160449597737e-9,
          "reference_probabilities": [
            1.1964070623093903e-8,
            1.0
          ]
        },
        {
          "action_values_bb": [
            -1.0000000283803316,
            -0.6198759042308823
          ],
          "candidate_probabilities": [
            1.4777594969928032e-6,
            0.9999985098838806
          ],
          "class_index": 40,
          "conditional_hand_mass": 0.0030165911925363843,
          "expected_action_loss_bb": 5.617320344979201e-7,
          "hand": "53s",
          "probability_on_actions_losing_over_0_1bb": 1.4777594969928032e-6,
          "reference_expected_action_loss_bb": 4.547831866865726e-9,
          "reference_probabilities": [
            1.1964070623093903e-8,
            1.0
          ]
        },
        {
          "action_values_bb": [
            -1.0000000283803316,
            -0.38359236218291454
          ],
          "candidate_probabilities": [
            1.4777594969928032e-6,
            0.9999985098838806
          ],
          "class_index": 41,
          "conditional_hand_mass": 0.0030165911925363843,
          "expected_action_loss_bb": 9.109022827424029e-7,
          "hand": "54s",
          "probability_on_actions_losing_over_0_1bb": 1.4777594969928032e-6,
          "reference_expected_action_loss_bb": 7.374744851002391e-9,
          "reference_probabilities": [
            1.1964070623093903e-8,
            1.0
          ]
        },
        {
          "action_values_bb": [
            -1.0000000283803316,
            0.19278623901248385
          ],
          "candidate_probabilities": [
            1.4777598380533163e-6,
            0.9999985098838806
          ],
          "class_index": 42,
          "conditional_hand_mass": 0.0045248869052198935,
          "expected_action_loss_bb": 1.7626516413346268e-6,
          "hand": "55",
          "probability_on_actions_losing_over_0_1bb": 1.4777598380533163e-6,
          "reference_expected_action_loss_bb": 1.4270575963123148e-8,
          "reference_probabilities": [
            1.1964067958558644e-8,
            1.0
          ]
        },
        {
          "action_values_bb": [
            -1.0000000283803316,
            -0.5892339679733557
          ],
          "candidate_probabilities": [
            1.4777598380533163e-6,
            0.9999985098838806
          ],
          "class_index": 43,
          "conditional_hand_mass": 0.009049773810439787,
          "expected_action_loss_bb": 6.070135869048115e-7,
          "hand": "65o",
          "probability_on_actions_losing_over_0_1bb": 1.4777598380533163e-6,
          "reference_expected_action_loss_bb": 4.9144330617784656e-9,
          "reference_probabilities": [
            1.1964067958558644e-8,
            1.0
          ]
        },
        {
          "action_values_bb": [
            -1.0000000283803316,
            -0.653066990338581
          ],
          "candidate_probabilities": [
            1.4777598380533163e-6,
            0.9999985098838806
          ],
          "class_index": 44,
          "conditional_hand_mass": 0.009049773810439787,
          "expected_action_loss_bb": 5.126837101119226e-7,
          "hand": "75o",
          "probability_on_actions_losing_over_0_1bb": 1.4777598380533163e-6,
          "reference_expected_action_loss_bb": 4.1507304442007165e-9,
          "reference_probabilities": [
            1.1964067958558644e-8,
            1.0
          ]
        },
        {
          "action_values_bb": [
            -1.0000000283803316,
            -0.7347708234261359
          ],
          "candidate_probabilities": [
            1.4777598380533163e-6,
            0.9999985098838806
          ],
          "class_index": 45,
          "conditional_hand_mass": 0.009049773810439787,
          "expected_action_loss_bb": 3.919450669601222e-7,
          "hand": "85o",
          "probability_on_actions_losing_over_0_1bb": 1.4777598380533163e-6,
          "reference_expected_action_loss_bb": 3.1732202326664774e-9,
          "reference_probabilities": [
            1.1964067958558644e-8,
            1.0
          ]
        },
        {
          "action_values_bb": [
            -1.0000000283803316,
            -0.6216698908609507
          ],
          "candidate_probabilities": [
            1.4777598380533163e-6,
            0.9999985098838806
          ],
          "class_index": 46,
          "conditional_hand_mass": 0.009049773810439787,
          "expected_action_loss_bb": 5.590810827513293e-7,
          "hand": "95o",
          "probability_on_actions_losing_over_0_1bb": 1.4777598380533163e-6,
          "reference_expected_action_loss_bb": 4.526367476052711e-9,
          "reference_probabilities": [
            1.1964067958558644e-8,
            1.0
          ]
        },
        {
          "action_values_bb": [
            -1.0000000283803316,
            -0.6897602953662424
          ],
          "candidate_probabilities": [
            1.4777598380533163e-6,
            0.9999985098838806
          ],
          "class_index": 47,
          "conditional_hand_mass": 0.009049773810439787,
          "expected_action_loss_bb": 4.5845981761660464e-7,
          "hand": "T5o",
          "probability_on_actions_losing_over_0_1bb": 1.4777598380533163e-6,
          "reference_expected_action_loss_bb": 3.7117292492256536e-9,
          "reference_probabilities": [
            1.1964067958558644e-8,
            1.0
          ]
        },
        {
          "action_values_bb": [
            -1.0000000283803316,
            -0.704907676584475
          ],
          "candidate_probabilities": [
            1.4777598380533163e-6,
            0.9999985098838806
          ],
          "class_index": 48,
          "conditional_hand_mass": 0.009049773810439787,
          "expected_action_loss_bb": 4.360756260006174e-7,
          "hand": "J5o",
          "probability_on_actions_losing_over_0_1bb": 1.4777598380533163e-6,
          "reference_expected_action_loss_bb": 3.5305049509365245e-9,
          "reference_probabilities": [
            1.1964067958558644e-8,
            1.0
          ]
        },
        {
          "action_values_bb": [
            -1.0000000283803316,
            -0.4573033219874669
          ],
          "candidate_probabilities": [
            1.4777598380533163e-6,
            0.9999985098838806
          ],
          "class_index": 49,
          "conditional_hand_mass": 0.009049773810439787,
          "expected_action_loss_bb": 8.019753969511879e-7,
          "hand": "Q5o",
          "probability_on_actions_losing_over_0_1bb": 1.4777598380533163e-6,
          "reference_expected_action_loss_bb": 6.4928602761701805e-9,
          "reference_probabilities": [
            1.1964067958558644e-8,
            1.0
          ]
        },
        {
          "action_values_bb": [
            -1.0000000283803316,
            -0.2996833992607964
          ],
          "candidate_probabilities": [
            1.4777598380533163e-6,
            0.9999985098838806
          ],
          "class_index": 50,
          "conditional_hand_mass": 0.009049773810439787,
          "expected_action_loss_bb": 1.0348997884337288e-6,
          "hand": "K5o",
          "probability_on_actions_losing_over_0_1bb": 1.4777598380533163e-6,
          "reference_expected_action_loss_bb": 8.37863574329483e-9,
          "reference_probabilities": [
            1.1964067958558644e-8,
            1.0
          ]
        },
        {
          "action_values_bb": [
            -1.0000000283803316,
            -0.03489866211437743
          ],
          "candidate_probabilities": [
            1.4777598380533163e-6,
            0.9999985098838806
          ],
          "class_index": 51,
          "conditional_hand_mass": 0.009049773810439787,
          "expected_action_loss_bb": 1.426188038718211e-6,
          "hand": "A5o",
          "probability_on_actions_losing_over_0_1bb": 1.4777598380533163e-6,
          "reference_expected_action_loss_bb": 1.1546538332903672e-8,
          "reference_probabilities": [
            1.1964067958558644e-8,
            1.0
          ]
        },
        {
          "action_values_bb": [
            -1.0000000283803316,
            -0.7649529239105867
          ],
          "candidate_probabilities": [
            1.4777594969928032e-6,
            0.9999985098838806
          ],
          "class_index": 52,
          "conditional_hand_mass": 0.0030165911925363843,
          "expected_action_loss_bb": 3.473430908708252e-7,
          "hand": "62s",
          "probability_on_actions_losing_over_0_1bb": 1.4777594969928032e-6,
          "reference_expected_action_loss_bb": 2.8121201576297593e-9,
          "reference_probabilities": [
            1.1964070623093903e-8,
            1.0
          ]
        },
        {
          "action_values_bb": [
            -1.0000000283803316,
            -0.6735285155147382
          ],
          "candidate_probabilities": [
            1.4777594969928032e-6,
            0.9999985098838806
          ],
          "class_index": 53,
          "conditional_hand_mass": 0.0030165911925363843,
          "expected_action_loss_bb": 4.824463786347388e-7,
          "hand": "63s",
          "probability_on_actions_losing_over_0_1bb": 1.4777594969928032e-6,
          "reference_expected_action_loss_bb": 3.905928236352269e-9,
          "reference_probabilities": [
            1.1964070623093903e-8,
            1.0
          ]
        },
        {
          "action_values_bb": [
            -1.0000000283803316,
            -0.5161731296142295
          ],
          "candidate_probabilities": [
            1.4777594969928032e-6,
            0.9999985098838806
          ],
          "class_index": 54,
          "conditional_hand_mass": 0.0030165911925363843,
          "expected_action_loss_bb": 7.149797945521831e-7,
          "hand": "64s",
          "probability_on_actions_losing_over_0_1bb": 1.4777594969928032e-6,
          "reference_expected_action_loss_bb": 5.788539186190151e-9,
          "reference_probabilities": [
            1.1964070623093903e-8,
            1.0
          ]
        },
        {
          "action_values_bb": [
            -1.0000000283803316,
            -0.42223807331685864
          ],
          "candidate_probabilities": [
            1.4777594969928032e-6,
            0.9999985098838806
          ],
          "class_index": 55,
          "conditional_hand_mass": 0.0030165911925363843,
          "expected_action_loss_bb": 8.537932160961763e-7,
          "hand": "65s",
          "probability_on_actions_losing_over_0_1bb": 1.4777594969928032e-6,
          "reference_expected_action_loss_bb": 6.9123848337161965e-9,
          "reference_probabilities": [
            1.1964070623093903e-8,
            1.0
          ]
        },
        {
          "action_values_bb": [
            -1.0000000283803316,
            0.28485116159668533
          ],
          "candidate_probabilities": [
            1.4777598380533163e-6,
            0.9999985098838806
          ],
          "class_index": 56,
          "conditional_hand_mass": 0.0045248869052198935,
          "expected_action_loss_bb": 1.8987014864230474e-6,
          "hand": "66",
          "probability_on_actions_losing_over_0_1bb": 1.4777598380533163e-6,
          "reference_expected_action_loss_bb": 1.5372046953519972e-8,
          "reference_probabilities": [
            1.1964067958558644e-8,
            1.0
          ]
        },
        {
          "action_values_bb": [
            -1.0000000283803316,
            -0.5510433163290849
          ],
          "candidate_probabilities": [
            1.4777598380533163e-6,
            0.9999985098838806
          ],
          "class_index": 57,
          "conditional_hand_mass": 0.009049773810439787,
          "expected_action_loss_bb": 6.634501980937997e-7,
          "hand": "76o",
          "probability_on_actions_losing_over_0_1bb": 1.4777598380533163e-6,
          "reference_expected_action_loss_bb": 5.371348613432161e-9,
          "reference_probabilities": [
            1.1964067958558644e-8,
            1.0
          ]
        },
        {
          "action_values_bb": [
            -1.0000000283803316,
            -0.6860476282951383
          ],
          "candidate_probabilities": [
            1.4777598380533163e-6,
            0.9999985098838806
          ],
          "class_index": 58,
          "conditional_hand_mass": 0.009049773810439787,
          "expected_action_loss_bb": 4.639462479063453e-7,
          "hand": "86o",
          "probability_on_actions_losing_over_0_1bb": 1.4777598380533163e-6,
          "reference_expected_action_loss_bb": 3.756147850371846e-9,
          "reference_probabilities": [
            1.1964067958558644e-8,
            1.0
          ]
        },
        {
          "action_values_bb": [
            -1.0000000283803316,
            -0.5866917455571263
          ],
          "candidate_probabilities": [
            1.4777598380533163e-6,
            0.9999985098838806
          ],
          "class_index": 59,
          "conditional_hand_mass": 0.009049773810439787,
          "expected_action_loss_bb": 6.107703810909141e-7,
          "hand": "96o",
          "probability_on_actions_losing_over_0_1bb": 1.4777598380533163e-6,
          "reference_expected_action_loss_bb": 4.944848383532005e-9,
          "reference_probabilities": [
            1.1964067958558644e-8,
            1.0
          ]
        },
        {
          "action_values_bb": [
            -1.0000000283803316,
            -0.6706954137932759
          ],
          "candidate_probabilities": [
            1.4777598380533163e-6,
            0.9999985098838806
          ],
          "class_index": 60,
          "conditional_hand_mass": 0.009049773810439787,
          "expected_action_loss_bb": 4.866331339223772e-7,
          "hand": "T6o",
          "probability_on_actions_losing_over_0_1bb": 1.4777598380533163e-6,
          "reference_expected_action_loss_bb": 3.939822787986497e-9,
          "reference_probabilities": [
            1.1964067958558644e-8,
            1.0
          ]
        },
        {
          "action_values_bb": [
            -1.0000000283803316,
            -0.7166184672043064
          ],
          "candidate_probabilities": [
            1.4777598380533163e-6,
            0.9999985098838806
          ],
          "class_index": 61,
          "conditional_hand_mass": 0.009049773810439787,
          "expected_action_loss_bb": 4.18769889950779e-7,
          "hand": "J6o",
          "probability_on_actions_losing_over_0_1bb": 1.4777598380533163e-6,
          "reference_expected_action_loss_bb": 3.390396256112409e-9,
          "reference_probabilities": [
            1.1964067958558644e-8,
            1.0
          ]
        },
        {
          "action_values_bb": [
            -1.0000000283803316,
            -0.46701948561414436
          ],
          "candidate_probabilities": [
            1.4777598380533163e-6,
            0.9999985098838806
          ],
          "class_index": 62,
          "conditional_hand_mass": 0.009049773810439787,
          "expected_action_loss_bb": 7.876172405637296e-7,
          "hand": "Q6o",
          "probability_on_actions_losing_over_0_1bb": 1.4777598380533163e-6,
          "reference_expected_action_loss_bb": 6.376615434244137e-9,
          "reference_probabilities": [
            1.1964067958558644e-8,
            1.0
          ]
        },
        {
          "action_values_bb": [
            -1.0000000283803316,
            -0.2599740717954086
          ],
          "candidate_probabilities": [
            1.4777598380533163e-6,
            0.9999985098838806
          ],
          "class_index": 63,
          "conditional_hand_mass": 0.009049773810439787,
          "expected_action_loss_bb": 1.0935806377581863e-6,
          "hand": "K6o",
          "probability_on_actions_losing_over_0_1bb": 1.4777598380533163e-6,
          "reference_expected_action_loss_bb": 8.853720835679387e-9,
          "reference_probabilities": [
            1.1964067958558644e-8,
            1.0
          ]
        },
        {
          "action_values_bb": [
            -1.0000000283803316,
            -0.017884093621162323
          ],
          "candidate_probabilities": [
            1.4777598380533163e-6,
            0.9999985098838806
          ],
          "class_index": 64,
          "conditional_hand_mass": 0.009049773810439787,
          "expected_action_loss_bb": 1.4513314846992916e-6,
          "hand": "A6o",
          "probability_on_actions_losing_over_0_1bb": 1.4777598380533163e-6,
          "reference_expected_action_loss_bb": 1.175010178664205e-8,
          "reference_probabilities": [
            1.1964067958558644e-8,
            1.0
          ]
        },
        {
          "action_values_bb": [
            -1.0000000283803316,
            -0.7755765449235695
          ],
          "candidate_probabilities": [
            1.4777594969928032e-6,
            0.9999985098838806
          ],
          "class_index": 65,
          "conditional_hand_mass": 0.0030165911925363843,
          "expected_action_loss_bb": 3.3164393402643743e-7,
          "hand": "72s",
          "probability_on_actions_losing_over_0_1bb": 1.4777594969928032e-6,
          "reference_expected_action_loss_bb": 2.685018405557448e-9,
          "reference_probabilities": [
            1.1964070623093903e-8,
            1.0
          ]
        },
        {
          "action_values_bb": [
            -1.0000000283803316,
            -0.7216486592909408
          ],
          "candidate_probabilities": [
            1.4777594969928032e-6,
            0.9999985098838806
          ],
          "class_index": 66,
          "conditional_hand_mass": 0.0030165911925363843,
          "expected_action_loss_bb": 4.1133637917279633e-7,
          "hand": "73s",
          "probability_on_actions_losing_over_0_1bb": 1.4777594969928032e-6,
          "reference_expected_action_loss_bb": 3.3302154378203494e-9,
          "reference_probabilities": [
            1.1964070623093903e-8,
            1.0
          ]
        },
        {
          "action_values_bb": [
            -1.0000000283803316,
            -0.6428091378377687
          ],
          "candidate_probabilities": [
            1.4777594969928032e-6,
            0.9999985098838806
          ],
          "class_index": 67,
          "conditional_hand_mass": 0.0030165911925363843,
          "expected_action_loss_bb": 5.278422307385892e-7,
          "hand": "74s",
          "probability_on_actions_losing_over_0_1bb": 1.4777594969928032e-6,
          "reference_expected_action_loss_bb": 4.273457040377027e-9,
          "reference_probabilities": [
            1.1964070623093903e-8,
            1.0
          ]
        },
        {
          "action_values_bb": [
            -1.0000000283803316,
            -0.5253518337474951
          ],
          "candidate_probabilities": [
            1.4777594969928032e-6,
            0.9999985098838806
          ],
          "class_index": 68,
          "conditional_hand_mass": 0.0030165911925363843,
          "expected_action_loss_bb": 7.014158773491627e-7,
          "hand": "75s",
          "probability_on_actions_losing_over_0_1bb": 1.4777594969928032e-6,
          "reference_expected_action_loss_bb": 5.678724521711277e-9,
          "reference_probabilities": [
            1.1964070623093903e-8,
            1.0
          ]
        },
        {
          "action_values_bb": [
            -1.0000000283803316,
            -0.3709263148825735
          ],
          "candidate_probabilities": [
            1.4777594969928032e-6,
            0.9999985098838806
          ],
          "class_index": 69,
          "conditional_hand_mass": 0.0030165911925363843,
          "expected_action_loss_bb": 9.296196544298419e-7,
          "hand": "76s",
          "probability_on_actions_losing_over_0_1bb": 1.4777594969928032e-6,
          "reference_expected_action_loss_bb": 7.526282335419119e-9,
          "reference_probabilities": [
            1.1964070623093903e-8,
            1.0
          ]
        },
        {
          "action_values_bb": [
            -1.0000000283803316,
            0.28378072721183495
          ],
          "candidate_probabilities": [
            1.4777598380533163e-6,
            0.9999985098838806
          ],
          "class_index": 70,
          "conditional_hand_mass": 0.0045248869052198935,
          "expected_action_loss_bb": 1.8971196414798442e-6,
          "hand": "77",
          "probability_on_actions_losing_over_0_1bb": 1.4777598380533163e-6,
          "reference_expected_action_loss_bb": 1.5359240203794445e-8,
          "reference_probabilities": [
            1.1964067958558644e-8,
            1.0
          ]
        },
        {
          "action_values_bb": [
            -1.0000000283803316,
            -0.62356640351337
          ],
          "candidate_probabilities": [
            1.4777598380533163e-6,
            0.9999985098838806
          ],
          "class_index": 71,
          "conditional_hand_mass": 0.009049773810439787,
          "expected_action_loss_bb": 5.56278492521224e-7,
          "hand": "87o",
          "probability_on_actions_losing_over_0_1bb": 1.4777598380533163e-6,
          "reference_expected_action_loss_bb": 4.5036774697949e-9,
          "reference_probabilities": [
            1.1964067958558644e-8,
            1.0
          ]
        },
        {
          "action_values_bb": [
            -1.0000000283803316,
            -0.6160870353864094
          ],
          "candidate_probabilities": [
            1.4777598380533163e-6,
            0.9999985098838806
          ],
          "class_index": 72,
          "conditional_hand_mass": 0.009049773810439787,
          "expected_action_loss_bb": 5.673312023532625e-7,
          "hand": "97o",
          "probability_on_actions_losing_over_0_1bb": 1.4777598380533163e-6,
          "reference_expected_action_loss_bb": 4.593161138352934e-9,
          "reference_probabilities": [
            1.1964067958558644e-8,
            1.0
          ]
        },
        {
          "action_values_bb": [
            -1.0000000283803316,
            -0.6468465192598888
          ],
          "candidate_probabilities": [
            1.4777598380533163e-6,
            0.9999985098838806
          ],
          "class_index": 73,
          "conditional_hand_mass": 0.009049773810439787,
          "expected_action_loss_bb": 5.21876072445786e-7,
          "hand": "T7o",
          "probability_on_actions_losing_over_0_1bb": 1.4777598380533163e-6,
          "reference_expected_action_loss_bb": 4.225152582920438e-9,
          "reference_probabilities": [
            1.1964067958558644e-8,
            1.0
          ]
        },
        {
          "action_values_bb": [
            -1.0000000283803316,
            -0.6905332511535249
          ],
          "candidate_probabilities": [
            1.4777598380533163e-6,
            0.9999985098838806
          ],
          "class_index": 74,
          "conditional_hand_mass": 0.009049773810439787,
          "expected_action_loss_bb": 4.573175745975676e-7,
          "hand": "J7o",
          "probability_on_actions_losing_over_0_1bb": 1.4777598380533163e-6,
          "reference_expected_action_loss_bb": 3.702481553657644e-9,
          "reference_probabilities": [
            1.1964067958558644e-8,
            1.0
          ]
        },
        {
          "action_values_bb": [
            -1.0000000283803316,
            -0.5107220412253126
          ],
          "candidate_probabilities": [
            1.4777598380533163e-6,
            0.9999985098838806
          ],
          "class_index": 75,
          "conditional_hand_mass": 0.009049773810439787,
          "expected_action_loss_bb": 7.230353590612536e-7,
          "hand": "Q7o",
          "probability_on_actions_losing_over_0_1bb": 1.4777598380533163e-6,
          "reference_expected_action_loss_bb": 5.853755088949431e-9,
          "reference_probabilities": [
            1.1964067958558644e-8,
            1.0
          ]
        },
        {
          "action_values_bb": [
            -1.0000000283803316,
            -0.22796883476806235
          ],
          "candidate_probabilities": [
            1.4777598380533163e-6,
            0.9999985098838806
          ],
          "class_index": 76,
          "conditional_hand_mass": 0.009049773810439787,
          "expected_action_loss_bb": 1.1408766916445756e-6,
          "hand": "K7o",
          "probability_on_actions_losing_over_0_1bb": 1.4777598380533163e-6,
          "reference_expected_action_loss_bb": 9.236633666504335e-9,
          "reference_probabilities": [
            1.1964067958558644e-8,
            1.0
          ]
        },
        {
          "action_values_bb": [
            -1.0000000283803316,
            -0.07552420196646788
          ],
          "candidate_probabilities": [
            1.4777598380533163e-6,
            0.9999985098838806
          ],
          "class_index": 77,
          "conditional_hand_mass": 0.009049773810439787,
          "expected_action_loss_bb": 1.3661532475255571e-6,
          "hand": "A7o",
          "probability_on_actions_losing_over_0_1bb": 1.4777598380533163e-6,
          "reference_expected_action_loss_bb": 1.106049161326013e-8,
          "reference_probabilities": [
            1.1964067958558644e-8,
            1.0
          ]
        },
        {
          "action_values_bb": [
            -1.0000000283803316,
            -0.7372291145111235
          ],
          "candidate_probabilities": [
            1.4777594969928032e-6,
            0.9999985098838806
          ],
          "class_index": 78,
          "conditional_hand_mass": 0.0030165911925363843,
          "expected_action_loss_bb": 3.8831221350370026e-7,
          "hand": "82s",
          "probability_on_actions_losing_over_0_1bb": 1.4777594969928032e-6,
          "reference_expected_action_loss_bb": 3.1438097712261316e-9,
          "reference_probabilities": [
            1.1964070623093903e-8,
            1.0
          ]
        },
        {
          "action_values_bb": [
            -1.0000000283803316,
            -0.810299177295447
          ],
          "candidate_probabilities": [
            1.4777594969928032e-6,
            0.9999985098838806
          ],
          "class_index": 79,
          "conditional_hand_mass": 0.0030165911925363843,
          "expected_action_loss_bb": 2.8033223427830583e-7,
          "hand": "83s",
          "probability_on_actions_losing_over_0_1bb": 1.4777594969928032e-6,
          "reference_expected_action_loss_bb": 2.2695943796405796e-9,
          "reference_probabilities": [
            1.1964070623093903e-8,
            1.0
          ]
        },
        {
          "action_values_bb": [
            -1.0000000283803316,
            -0.5966458483096436
          ],
          "candidate_probabilities": [
            1.4777594969928032e-6,
            0.9999985098838806
          ],
          "class_index": 80,
          "conditional_hand_mass": 0.0030165911925363843,
          "expected_action_loss_bb": 5.960604702512045e-7,
          "hand": "84s",
          "probability_on_actions_losing_over_0_1bb": 1.4777594969928032e-6,
          "reference_expected_action_loss_bb": 4.825757896485847e-9,
          "reference_probabilities": [
            1.1964070623093903e-8,
            1.0
          ]
        },
        {
          "action_values_bb": [
            -1.0000000283803316,
            -0.5109736164579659
          ],
          "candidate_probabilities": [
            1.4777594969928032e-6,
            0.9999985098838806
          ],
          "class_index": 81,
          "conditional_hand_mass": 0.0030165911925363843,
          "expected_action_loss_bb": 7.226634244985906e-7,
          "hand": "85s",
          "probability_on_actions_losing_over_0_1bb": 1.4777594969928032e-6,
          "reference_expected_action_loss_bb": 5.850746528797394e-9,
          "reference_probabilities": [
            1.1964070623093903e-8,
            1.0
          ]
        },
        {
          "action_values_bb": [
            -1.0000000283803316,
            -0.5513604834231212
          ],
          "candidate_probabilities": [
            1.4777594969928032e-6,
            0.9999985098838806
          ],
          "class_index": 82,
          "conditional_hand_mass": 0.0030165911925363843,
          "expected_action_loss_bb": 6.629813482870474e-7,
          "hand": "86s",
          "probability_on_actions_losing_over_0_1bb": 1.4777594969928032e-6,
          "reference_expected_action_loss_bb": 5.367555200180778e-9,
          "reference_probabilities": [
            1.1964070623093903e-8,
            1.0
          ]
        },
        {
          "action_values_bb": [
            -1.0000000283803316,
            -0.4492876246326324
          ],
          "candidate_probabilities": [
            1.4777594969928032e-6,
            0.9999985098838806
          ],
          "class_index": 83,
          "conditional_hand_mass": 0.0030165911925363843,
          "expected_action_loss_bb": 8.138204847498976e-7,
          "hand": "87s",
          "probability_on_actions_losing_over_0_1bb": 1.4777594969928032e-6,
          "reference_expected_action_loss_bb": 6.5887620914512775e-9,
          "reference_probabilities": [
            1.1964070623093903e-8,
            1.0
          ]
        },
        {
          "action_values_bb": [
            -1.0000000283803316,
            0.5127089022004152
          ],
          "candidate_probabilities": [
            1.4777598380533163e-6,
            0.9999985098838806
          ],
          "class_index": 84,
          "conditional_hand_mass": 0.0045248869052198935,
          "expected_action_loss_bb": 2.23542050427681e-6,
          "hand": "88",
          "probability_on_actions_losing_over_0_1bb": 1.4777598380533163e-6,
          "reference_expected_action_loss_bb": 1.8098152446986625e-8,
          "reference_probabilities": [
            1.1964067958558644e-8,
            1.0
          ]
        },
        {
          "action_values_bb": [
            -1.0000000283803316,
            -0.5922928311209904
          ],
          "candidate_probabilities": [
            1.4777598380533163e-6,
            0.9999985098838806
          ],
          "class_index": 85,
          "conditional_hand_mass": 0.009049773810439787,
          "expected_action_loss_bb": 6.024933217951356e-7,
          "hand": "98o",
          "probability_on_actions_losing_over_0_1bb": 1.4777598380533163e-6,
          "reference_expected_action_loss_bb": 4.877836615204233e-9,
          "reference_probabilities": [
            1.1964067958558644e-8,
            1.0
          ]
        },
        {
          "action_values_bb": [
            -1.0000000283803316,
            -0.6228843794116291
          ],
          "candidate_probabilities": [
            1.4777598380533163e-6,
            0.9999985098838806
          ],
          "class_index": 86,
          "conditional_hand_mass": 0.009049773810439787,
          "expected_action_loss_bb": 5.572863603473611e-7,
          "hand": "T8o",
          "probability_on_actions_losing_over_0_1bb": 1.4777598380533163e-6,
          "reference_expected_action_loss_bb": 4.5118372524975035e-9,
          "reference_probabilities": [
            1.1964067958558644e-8,
            1.0
          ]
        },
        {
          "action_values_bb": [
            -1.0000000283803316,
            -0.5413953332364743
          ],
          "candidate_probabilities": [
            1.4777598380533163e-6,
            0.9999985098838806
          ],
          "class_index": 87,
          "conditional_hand_mass": 0.009049773810439787,
          "expected_action_loss_bb": 6.777076000262772e-7,
          "hand": "J8o",
          "probability_on_actions_losing_over_0_1bb": 1.4777598380533163e-6,
          "reference_expected_action_loss_bb": 5.486777738815179e-9,
          "reference_probabilities": [
            1.1964067958558644e-8,
            1.0
          ]
        },
        {
          "action_values_bb": [
            -1.0000000283803316,
            -0.30569579209995923
          ],
          "candidate_probabilities": [
            1.4777598380533163e-6,
            0.9999985098838806
          ],
          "class_index": 88,
          "conditional_hand_mass": 0.009049773810439787,
          "expected_action_loss_bb": 1.0260149157654145e-6,
          "hand": "Q8o",
          "probability_on_actions_losing_over_0_1bb": 1.4777598380533163e-6,
          "reference_expected_action_loss_bb": 8.306703066773534e-9,
          "reference_probabilities": [
            1.1964067958558644e-8,
            1.0
          ]
        },
        {
          "action_values_bb": [
            -1.0000000283803316,
            0.030001342312532757
          ],
          "candidate_probabilities": [
            1.4777598380533163e-6,
            0.9999985098838806
          ],
          "class_index": 89,
          "conditional_hand_mass": 0.009049773810439787,
          "expected_action_loss_bb": 1.5220946587497812e-6,
          "hand": "K8o",
          "probability_on_actions_losing_over_0_1bb": 1.4777598380533163e-6,
          "reference_expected_action_loss_bb": 1.2323006396377982e-8,
          "reference_probabilities": [
            1.1964067958558644e-8,
            1.0
          ]
        },
        {
          "action_values_bb": [
            -1.0000000283803316,
            0.12417352421800745
          ],
          "candidate_probabilities": [
            1.4777598380533163e-6,
            0.9999985098838806
          ],
          "class_index": 90,
          "conditional_hand_mass": 0.009049773810439787,
          "expected_action_loss_bb": 1.661258527031543e-6,
          "hand": "A8o",
          "probability_on_actions_losing_over_0_1bb": 1.4777598380533163e-6,
          "reference_expected_action_loss_bb": 1.344968878050083e-8,
          "reference_probabilities": [
            1.1964067958558644e-8,
            1.0
          ]
        },
        {
          "action_values_bb": [
            -1.0000000283803316,
            -0.6569207583010427
          ],
          "candidate_probabilities": [
            1.4777594969928032e-6,
            0.9999985098838806
          ],
          "class_index": 91,
          "conditional_hand_mass": 0.0030165911925363843,
          "expected_action_loss_bb": 5.069886495810282e-7,
          "hand": "92s",
          "probability_on_actions_losing_over_0_1bb": 1.4777594969928032e-6,
          "reference_expected_action_loss_bb": 4.10462461654812e-9,
          "reference_probabilities": [
            1.1964070623093903e-8,
            1.0
          ]
        },
        {
          "action_values_bb": [
            -1.0000000283803316,
            -0.5842201465069331
          ],
          "candidate_probabilities": [
            1.4777594969928032e-6,
            0.9999985098838806
          ],
          "class_index": 92,
          "conditional_hand_mass": 0.0030165911925363843,
          "expected_action_loss_bb": 6.144226690969606e-7,
          "hand": "93s",
          "probability_on_actions_losing_over_0_1bb": 1.4777594969928032e-6,
          "reference_expected_action_loss_bb": 4.97441987039498e-9,
          "reference_probabilities": [
            1.1964070623093903e-8,
            1.0
          ]
        },
        {
          "action_values_bb": [
            -1.0000000283803316,
            -0.5576147166272389
          ],
          "candidate_probabilities": [
            1.4777594969928032e-6,
            0.9999985098838806
          ],
          "class_index": 93,
          "conditional_hand_mass": 0.0030165911925363843,
          "expected_action_loss_bb": 6.537390957732547e-7,
          "hand": "94s",
          "probability_on_actions_losing_over_0_1bb": 1.4777594969928032e-6,
          "reference_expected_action_loss_bb": 5.292729112433414e-9,
          "reference_probabilities": [
            1.1964070623093903e-8,
            1.0
          ]
        },
        {
          "action_values_bb": [
            -1.0000000283803316,
            -0.45612310600471523
          ],
          "candidate_probabilities": [
            1.4777594969928032e-6,
            0.9999985098838806
          ],
          "class_index": 94,
          "conditional_hand_mass": 0.0030165911925363843,
          "expected_action_loss_bb": 8.037192872357847e-7,
          "hand": "95s",
          "probability_on_actions_losing_over_0_1bb": 1.4777594969928032e-6,
          "reference_expected_action_loss_bb": 6.506981909572835e-9,
          "reference_probabilities": [
            1.1964070623093903e-8,
            1.0
          ]
        },
        {
          "action_values_bb": [
            -1.0000000283803316,
            -0.4350519666416068
          ],
          "candidate_probabilities": [
            1.4777594969928032e-6,
            0.9999985098838806
          ],
          "class_index": 95,
          "conditional_hand_mass": 0.0030165911925363843,
          "expected_action_loss_bb": 8.348573635420771e-7,
          "hand": "96s",
          "probability_on_actions_losing_over_0_1bb": 1.4777594969928032e-6,
          "reference_expected_action_loss_bb": 6.759078509022118e-9,
          "reference_probabilities": [
            1.1964070623093903e-8,
            1.0
          ]
        },
        {
          "action_values_bb": [
            -1.0000000283803316,
            -0.4376888396815996
          ],
          "candidate_probabilities": [
            1.4777594969928032e-6,
            0.9999985098838806
          ],
          "class_index": 96,
          "conditional_hand_mass": 0.0030165911925363843,
          "expected_action_loss_bb": 8.309606993648634e-7,
          "hand": "97s",
          "probability_on_actions_losing_over_0_1bb": 1.4777594969928032e-6,
          "reference_expected_action_loss_bb": 6.727530773747512e-9,
          "reference_probabilities": [
            1.1964070623093903e-8,
            1.0
          ]
        },
        {
          "action_values_bb": [
            -1.0000000283803316,
            -0.33049478419857753
          ],
          "candidate_probabilities": [
            1.4777594969928032e-6,
            0.9999985098838806
          ],
          "class_index": 97,
          "conditional_hand_mass": 0.0030165911925363843,
          "expected_action_loss_bb": 9.893677328760729e-7,
          "hand": "98s",
          "probability_on_actions_losing_over_0_1bb": 1.4777594969928032e-6,
          "reference_expected_action_loss_bb": 8.010008023922235e-9,
          "reference_probabilities": [
            1.1964070623093903e-8,
            1.0
          ]
        },
        {
          "action_values_bb": [
            -1.0000000283803316,
            0.7423255182821779
          ],
          "candidate_probabilities": [
            1.4777598380533163e-6,
            0.9999985098838806
          ],
          "class_index": 98,
          "conditional_hand_mass": 0.0045248869052198935,
          "expected_action_loss_bb": 2.574738717672146e-6,
          "hand": "99",
          "probability_on_actions_losing_over_0_1bb": 1.4777598380533163e-6,
          "reference_expected_action_loss_bb": 2.0845301246203105e-8,
          "reference_probabilities": [
            1.1964067958558644e-8,
            1.0
          ]
        },
        {
          "action_values_bb": [
            -1.0000000283803316,
            -0.31786782220974436
          ],
          "candidate_probabilities": [
            1.4777598380533163e-6,
            0.9999985098838806
          ],
          "class_index": 99,
          "conditional_hand_mass": 0.009049773810439787,
          "expected_action_loss_bb": 1.0080275785215985e-6,
          "hand": "T9o",
          "probability_on_actions_losing_over_0_1bb": 1.4777598380533163e-6,
          "reference_expected_action_loss_bb": 8.161076071346441e-9,
          "reference_probabilities": [
            1.1964067958558644e-8,
            1.0
          ]
        },
        {
          "action_values_bb": [
            -1.0000000283803316,
            -0.3095121336890415
          ],
          "candidate_probabilities": [
            1.4777598380533163e-6,
            0.9999985098838806
          ],
          "class_index": 100,
          "conditional_hand_mass": 0.009049773810439787,
          "expected_action_loss_bb": 1.0203752794367761e-6,
          "hand": "J9o",
          "probability_on_actions_losing_over_0_1bb": 1.4777598380533163e-6,
          "reference_expected_action_loss_bb": 8.261044096648679e-9,
          "reference_probabilities": [
            1.1964067958558644e-8,
            1.0
          ]
        },
        {
          "action_values_bb": [
            -1.0000000283803316,
            -0.19916607753203505
          ],
          "candidate_probabilities": [
            1.4777598380533163e-6,
            0.9999985098838806
          ],
          "class_index": 101,
          "conditional_hand_mass": 0.009049773810439787,
          "expected_action_loss_bb": 1.1834402495131761e-6,
          "hand": "Q9o",
          "probability_on_actions_losing_over_0_1bb": 1.4777598380533163e-6,
          "reference_expected_action_loss_bb": 9.581231811470033e-9,
          "reference_probabilities": [
            1.1964067958558644e-8,
            1.0
          ]
        },
        {
          "action_values_bb": [
            -1.0000000283803316,
            0.02658079647149682
          ],
          "candidate_probabilities": [
            1.4777598380533163e-6,
            0.9999985098838806
          ],
          "class_index": 102,
          "conditional_hand_mass": 0.009049773810439787,
          "expected_action_loss_bb": 1.5170399134816779e-6,
          "hand": "K9o",
          "probability_on_actions_losing_over_0_1bb": 1.4777598380533163e-6,
          "reference_expected_action_loss_bb": 1.2282082753480464e-8,
          "reference_probabilities": [
            1.1964067958558644e-8,
            1.0
          ]
        },
        {
          "action_values_bb": [
            -1.0000000283803316,
            0.1363898716749361
          ],
          "candidate_probabilities": [
            1.4777598380533163e-6,
            0.9999985098838806
          ],
          "class_index": 103,
          "conditional_hand_mass": 0.009049773810439787,
          "expected_action_loss_bb": 1.6793113546710969e-6,
          "hand": "A9o",
          "probability_on_actions_losing_over_0_1bb": 1.4777598380533163e-6,
          "reference_expected_action_loss_bb": 1.359584599168089e-8,
          "reference_probabilities": [
            1.1964067958558644e-8,
            1.0
          ]
        },
        {
          "action_values_bb": [
            -1.0000000283803316,
            -0.6401468885134387
          ],
          "candidate_probabilities": [
            1.4777594969928032e-6,
            0.9999985098838806
          ],
          "class_index": 104,
          "conditional_hand_mass": 0.0030165911925363843,
          "expected_action_loss_bb": 5.317763949609805e-7,
          "hand": "T2s",
          "probability_on_actions_losing_over_0_1bb": 1.4777594969928032e-6,
          "reference_expected_action_loss_bb": 4.305308379309595e-9,
          "reference_probabilities": [
            1.1964070623093903e-8,
            1.0
          ]
        },
        {
          "action_values_bb": [
            -1.0000000283803316,
            -0.6866250116841669
          ],
          "candidate_probabilities": [
            1.4777594969928032e-6,
            0.9999985098838806
          ],
          "class_index": 105,
          "conditional_hand_mass": 0.0030165911925363843,
          "expected_action_loss_bb": 4.630929070430357e-7,
          "hand": "T3s",
          "probability_on_actions_losing_over_0_1bb": 1.4777594969928032e-6,
          "reference_expected_action_loss_bb": 3.749240831266146e-9,
          "reference_probabilities": [
            1.1964070623093903e-8,
            1.0
          ]
        },
        {
          "action_values_bb": [
            -1.0000000283803316,
            -0.5751145814920302
          ],
          "candidate_probabilities": [
            1.4777594969928032e-6,
            0.9999985098838806
          ],
          "class_index": 106,
          "conditional_hand_mass": 0.0030165911925363843,
          "expected_action_loss_bb": 6.278785042732187e-7,
          "hand": "T4s",
          "probability_on_actions_losing_over_0_1bb": 1.4777594969928032e-6,
          "reference_expected_action_loss_bb": 5.083359493296452e-9,
          "reference_probabilities": [
            1.1964070623093903e-8,
            1.0
          ]
        },
        {
          "action_values_bb": [
            -1.0000000283803316,
            -0.5114585732941284
          ],
          "candidate_probabilities": [
            1.4777594969928032e-6,
            0.9999985098838806
          ],
          "class_index": 107,
          "conditional_hand_mass": 0.0030165911925363843,
          "expected_action_loss_bb": 7.219467749283199e-7,
          "hand": "T5s",
          "probability_on_actions_losing_over_0_1bb": 1.4777594969928032e-6,
          "reference_expected_action_loss_bb": 5.8449444709603945e-9,
          "reference_probabilities": [
            1.1964070623093903e-8,
            1.0
          ]
        },
        {
          "action_values_bb": [
            -1.0000000283803316,
            -0.4544125402633875
          ],
          "candidate_probabilities": [
            1.4777594969928032e-6,
            0.9999985098838806
          ],
          "class_index": 108,
          "conditional_hand_mass": 0.0030165911925363843,
          "expected_action_loss_bb": 8.062470920052623e-7,
          "hand": "T6s",
          "probability_on_actions_losing_over_0_1bb": 1.4777594969928032e-6,
          "reference_expected_action_loss_bb": 6.527447238907525e-9,
          "reference_probabilities": [
            1.1964070623093903e-8,
            1.0
          ]
        },
        {
          "action_values_bb": [
            -1.0000000283803316,
            -0.40618542232303934
          ],
          "candidate_probabilities": [
            1.4777594969928032e-6,
            0.9999985098838806
          ],
          "class_index": 109,
          "conditional_hand_mass": 0.0030165911925363843,
          "expected_action_loss_bb": 8.775151735542039e-7,
          "hand": "T7s",
          "probability_on_actions_losing_over_0_1bb": 1.4777594969928032e-6,
          "reference_expected_action_loss_bb": 7.10443988389413e-9,
          "reference_probabilities": [
            1.1964070623093903e-8,
            1.0
          ]
        },
        {
          "action_values_bb": [
            -1.0000000283803316,
            -0.39079357560698935
          ],
          "candidate_probabilities": [
            1.4777594969928032e-6,
            0.9999985098838806
          ],
          "class_index": 110,
          "conditional_hand_mass": 0.0030165911925363843,
          "expected_action_loss_bb": 9.002606212151042e-7,
          "hand": "T8s",
          "probability_on_actions_losing_over_0_1bb": 1.4777594969928032e-6,
          "reference_expected_action_loss_bb": 7.288589025024787e-9,
          "reference_probabilities": [
            1.1964070623093903e-8,
            1.0
          ]
        },
        {
          "action_values_bb": [
            -1.0000000283803316,
            -0.12210443642501484
          ],
          "candidate_probabilities": [
            1.4777594969928032e-6,
            0.9999985098838806
          ],
          "class_index": 111,
          "conditional_hand_mass": 0.0030165911925363843,
          "expected_action_loss_bb": 1.2973185483800882e-6,
          "hand": "T9s",
          "probability_on_actions_losing_over_0_1bb": 1.4777594969928032e-6,
          "reference_expected_action_loss_bb": 1.050320486185624e-8,
          "reference_probabilities": [
            1.1964070623093903e-8,
            1.0
          ]
        },
        {
          "action_values_bb": [
            -1.0000000283803316,
            0.9034262760340357
          ],
          "candidate_probabilities": [
            1.4777598380533163e-6,
            0.9999985098838806
          ],
          "class_index": 112,
          "conditional_hand_mass": 0.0045248869052198935,
          "expected_action_loss_bb": 2.812806947357798e-6,
          "hand": "TT",
          "probability_on_actions_losing_over_0_1bb": 1.4777598380533163e-6,
          "reference_expected_action_loss_bb": 2.2772721660121623e-8,
          "reference_probabilities": [
            1.1964067958558644e-8,
            1.0
          ]
        },
        {
          "action_values_bb": [
            -1.0000000283803316,
            -0.16849887437070715
          ],
          "candidate_probabilities": [
            1.4777598380533163e-6,
            0.9999985098838806
          ],
          "class_index": 113,
          "conditional_hand_mass": 0.009049773810439787,
          "expected_action_loss_bb": 1.2287590106904083e-6,
          "hand": "JTo",
          "probability_on_actions_losing_over_0_1bb": 1.4777598380533163e-6,
          "reference_expected_action_loss_bb": 9.948136314191084e-9,
          "reference_probabilities": [
            1.1964067958558644e-8,
            1.0
          ]
        },
        {
          "action_values_bb": [
            -1.0000000283803316,
            -0.1021941435747527
          ],
          "candidate_probabilities": [
            1.4777598380533163e-6,
            0.9999985098838806
          ],
          "class_index": 114,
          "conditional_hand_mass": 0.009049773810439787,
          "expected_action_loss_bb": 1.3267414789336068e-6,
          "hand": "QTo",
          "probability_on_actions_losing_over_0_1bb": 1.4777598380533163e-6,
          "reference_expected_action_loss_bb": 1.0741410619407821e-8,
          "reference_probabilities": [
            1.1964067958558644e-8,
            1.0
          ]
        },
        {
          "action_values_bb": [
            -1.0000000283803316,
            0.16289392402790667
          ],
          "candidate_probabilities": [
            1.4777598380533163e-6,
            0.9999985098838806
          ],
          "class_index": 115,
          "conditional_hand_mass": 0.009049773810439787,
          "expected_action_loss_bb": 1.718477978783979e-6,
          "hand": "KTo",
          "probability_on_actions_losing_over_0_1bb": 1.4777598380533163e-6,
          "reference_expected_action_loss_bb": 1.3912942275209023e-8,
          "reference_probabilities": [
            1.1964067958558644e-8,
            1.0
          ]
        },
        {
          "action_values_bb": [
            -1.0000000283803316,
            0.2739933021659951
          ],
          "candidate_probabilities": [
            1.4777598380533163e-6,
            0.9999985098838806
          ],
          "class_index": 116,
          "conditional_hand_mass": 0.009049773810439787,
          "expected_action_loss_bb": 1.8826561778291448e-6,
          "hand": "ATo",
          "probability_on_actions_losing_over_0_1bb": 1.4777598380533163e-6,
          "reference_expected_action_loss_bb": 1.524214278540672e-8,
          "reference_probabilities": [
            1.1964067958558644e-8,
            1.0
          ]
        },
        {
          "action_values_bb": [
            -1.0000000283803316,
            -0.6090937908213279
          ],
          "candidate_probabilities": [
            1.4777594969928032e-6,
            0.9999985098838806
          ],
          "class_index": 117,
          "conditional_hand_mass": 0.0030165911925363843,
          "expected_action_loss_bb": 5.776654049865426e-7,
          "hand": "J2s",
          "probability_on_actions_losing_over_0_1bb": 1.4777594969928032e-6,
          "reference_expected_action_loss_bb": 4.6768298331638436e-9,
          "reference_probabilities": [
            1.1964070623093903e-8,
            1.0
          ]
        },
        {
          "action_values_bb": [
            -1.0000000283803316,
            -0.7497640510090556
          ],
          "candidate_probabilities": [
            1.4777594969928032e-6,
            0.9999985098838806
          ],
          "class_index": 118,
          "conditional_hand_mass": 0.0030165911925363843,
          "expected_action_loss_bb": 3.6978859204967934e-7,
          "hand": "J3s",
          "probability_on_actions_losing_over_0_1bb": 1.4777594969928032e-6,
          "reference_expected_action_loss_bb": 2.993840905708874e-9,
          "reference_probabilities": [
            1.1964070623093903e-8,
            1.0
          ]
        },
        {
          "action_values_bb": [
            -1.0000000283803316,
            -0.5460047748615406
          ],
          "candidate_probabilities": [
            1.4777594969928032e-6,
            0.9999985098838806
          ],
          "class_index": 119,
          "conditional_hand_mass": 0.0030165911925363843,
          "expected_action_loss_bb": 6.708957974770487e-7,
          "hand": "J4s",
          "probability_on_actions_losing_over_0_1bb": 1.4777594969928032e-6,
          "reference_expected_action_loss_bb": 5.431631275648236e-9,
          "reference_probabilities": [
            1.1964070623093903e-8,
            1.0
          ]
        },
        {
          "action_values_bb": [
            -1.0000000283803316,
            -0.4444703235291086
          ],
          "candidate_probabilities": [
            1.4777594969928032e-6,
            0.9999985098838806
          ],
          "class_index": 120,
          "conditional_hand_mass": 0.0030165911925363843,
          "expected_action_loss_bb": 8.209392972055038e-7,
          "hand": "J5s",
          "probability_on_actions_losing_over_0_1bb": 1.4777594969928032e-6,
          "reference_expected_action_loss_bb": 6.646396622066545e-9,
          "reference_probabilities": [
            1.1964070623093903e-8,
            1.0
          ]
        },
        {
          "action_values_bb": [
            -1.0000000283803316,
            -0.43264792830244353
          ],
          "candidate_probabilities": [
            1.4777594969928032e-6,
            0.9999985098838806
          ],
          "class_index": 121,
          "conditional_hand_mass": 0.0030165911925363843,
          "expected_action_loss_bb": 8.384099540289104e-7,
          "hand": "J6s",
          "probability_on_actions_losing_over_0_1bb": 1.4777594969928032e-6,
          "reference_expected_action_loss_bb": 6.787840593492493e-9,
          "reference_probabilities": [
            1.1964070623093903e-8,
            1.0
          ]
        },
        {
          "action_values_bb": [
            -1.0000000283803316,
            -0.4223552927912036
          ],
          "candidate_probabilities": [
            1.4777594969928032e-6,
            0.9999985098838806
          ],
          "class_index": 122,
          "conditional_hand_mass": 0.0030165911925363843,
          "expected_action_loss_bb": 8.536199939047308e-7,
          "hand": "J7s",
          "probability_on_actions_losing_over_0_1bb": 1.4777594969928032e-6,
          "reference_expected_action_loss_bb": 6.910982411646733e-9,
          "reference_probabilities": [
            1.1964070623093903e-8,
            1.0
          ]
        },
        {
          "action_values_bb": [
            -1.0000000283803316,
            -0.3352640672468254
          ],
          "candidate_probabilities": [
            1.4777594969928032e-6,
            0.9999985098838806
          ],
          "class_index": 123,
          "conditional_hand_mass": 0.0030165911925363843,
          "expected_action_loss_bb": 9.823198795576777e-7,
          "hand": "J8s",
          "probability_on_actions_losing_over_0_1bb": 1.4777594969928032e-6,
          "reference_expected_action_loss_bb": 7.952947984711472e-9,
          "reference_probabilities": [
            1.1964070623093903e-8,
            1.0
          ]
        },
        {
          "action_values_bb": [
            -1.0000000283803316,
            -0.11712543442919864
          ],
          "candidate_probabilities": [
            1.4777594969928032e-6,
            0.9999985098838806
          ],
          "class_index": 124,
          "conditional_hand_mass": 0.0030165911925363843,
          "expected_action_loss_bb": 1.3046763158649516e-6,
          "hand": "J9s",
          "probability_on_actions_losing_over_0_1bb": 1.4777594969928032e-6,
          "reference_expected_action_loss_bb": 1.0562773993366709e-8,
          "reference_probabilities": [
            1.1964070623093903e-8,
            1.0
          ]
        },
        {
          "action_values_bb": [
            -1.0000000283803316,
            0.060137177109043746
          ],
          "candidate_probabilities": [
            1.4777594969928032e-6,
            0.9999985098838806
          ],
          "class_index": 125,
          "conditional_hand_mass": 0.0030165911925363843,
          "expected_action_loss_bb": 1.5666278235273354e-6,
          "hand": "JTs",
          "probability_on_actions_losing_over_0_1bb": 1.4777594969928032e-6,
          "reference_expected_action_loss_bb": 1.26835563966443e-8,
          "reference_probabilities": [
            1.1964070623093903e-8,
            1.0
          ]
        },
        {
          "action_values_bb": [
            -1.0000000283803316,
            1.1989928289133542
          ],
          "candidate_probabilities": [
            1.4777598380533163e-6,
            0.9999985098838806
          ],
          "class_index": 126,
          "conditional_hand_mass": 0.0045248869052198935,
          "expected_action_loss_bb": 3.2495833286747167e-6,
          "hand": "JJ",
          "probability_on_actions_losing_over_0_1bb": 1.4777598380533163e-6,
          "reference_expected_action_loss_bb": 2.6308899985046707e-8,
          "reference_probabilities": [
            1.1964067958558644e-8,
            1.0
          ]
        },
        {
          "action_values_bb": [
            -1.0000000283803316,
            -0.008230234173196672
          ],
          "candidate_probabilities": [
            1.4777598380533163e-6,
            0.9999985098838806
          ],
          "class_index": 127,
          "conditional_hand_mass": 0.009049773810439787,
          "expected_action_loss_bb": 1.4655975704737066e-6,
          "hand": "QJo",
          "probability_on_actions_losing_over_0_1bb": 1.4777598380533163e-6,
          "reference_expected_action_loss_bb": 1.1865601217139884e-8,
          "reference_probabilities": [
            1.1964067958558644e-8,
            1.0
          ]
        },
        {
          "action_values_bb": [
            -1.0000000283803316,
            0.31447060860428033
          ],
          "candidate_probabilities": [
            1.4777598380533163e-6,
            0.9999985098838806
          ],
          "class_index": 128,
          "conditional_hand_mass": 0.009049773810439787,
          "expected_action_loss_bb": 1.94247191563622e-6,
          "hand": "KJo",
          "probability_on_actions_losing_over_0_1bb": 1.4777598380533163e-6,
          "reference_expected_action_loss_bb": 1.572641603041377e-8,
          "reference_probabilities": [
            1.1964067958558644e-8,
            1.0
          ]
        },
        {
          "action_values_bb": [
            -1.0000000283803316,
            0.33992907418414736
          ],
          "candidate_probabilities": [
            1.4777598380533163e-6,
            0.9999985098838806
          ],
          "class_index": 129,
          "conditional_hand_mass": 0.009049773810439787,
          "expected_action_loss_bb": 1.98009341360861e-6,
          "hand": "AJo",
          "probability_on_actions_losing_over_0_1bb": 1.4777598380533163e-6,
          "reference_expected_action_loss_bb": 1.6031002842731923e-8,
          "reference_probabilities": [
            1.1964067958558644e-8,
            1.0
          ]
        },
        {
          "action_values_bb": [
            -1.0000000283803316,
            -0.4277131525033242
          ],
          "candidate_probabilities": [
            1.4777594969928032e-6,
            0.9999985098838806
          ],
          "class_index": 130,
          "conditional_hand_mass": 0.0030165911925363843,
          "expected_action_loss_bb": 8.457023658315893e-7,
          "hand": "Q2s",
          "probability_on_actions_losing_over_0_1bb": 1.4777594969928032e-6,
          "reference_expected_action_loss_bb": 6.846880599662292e-9,
          "reference_probabilities": [
            1.1964070623093903e-8,
            1.0
          ]
        },
        {
          "action_values_bb": [
            -1.0000000283803316,
            -0.4372637139985942
          ],
          "candidate_probabilities": [
            1.4777594969928032e-6,
            0.9999985098838806
          ],
          "class_index": 131,
          "conditional_hand_mass": 0.0030165911925363843,
          "expected_action_loss_bb": 8.315889328803403e-7,
          "hand": "Q3s",
          "probability_on_actions_losing_over_0_1bb": 1.4777594969928032e-6,
          "reference_expected_action_loss_bb": 6.73261700744268e-9,
          "reference_probabilities": [
            1.1964070623093903e-8,
            1.0
          ]
        },
        {
          "action_values_bb": [
            -1.0000000283803316,
            -0.4368990028316042
          ],
          "candidate_probabilities": [
            1.4777594969928032e-6,
            0.9999985098838806
          ],
          "class_index": 132,
          "conditional_hand_mass": 0.0030165911925363843,
          "expected_action_loss_bb": 8.321278882710191e-7,
          "hand": "Q4s",
          "probability_on_actions_losing_over_0_1bb": 1.4777594969928032e-6,
          "reference_expected_action_loss_bb": 6.736980437601579e-9,
          "reference_probabilities": [
            1.1964070623093903e-8,
            1.0
          ]
        },
        {
          "action_values_bb": [
            -1.0000000283803316,
            -0.23097494003719715
          ],
          "candidate_probabilities": [
            1.4777594969928032e-6,
            0.9999985098838806
          ],
          "class_index": 133,
          "conditional_hand_mass": 0.0030165911925363843,
          "expected_action_loss_bb": 1.1364341277247964e-6,
          "hand": "Q5s",
          "probability_on_actions_losing_over_0_1bb": 1.4777594969928032e-6,
          "reference_expected_action_loss_bb": 9.200670467868288e-9,
          "reference_probabilities": [
            1.1964070623093903e-8,
            1.0
          ]
        },
        {
          "action_values_bb": [
            -1.0000000283803316,
            -0.28452354866146706
          ],
          "candidate_probabilities": [
            1.4777594969928032e-6,
            0.9999985098838806
          ],
          "class_index": 134,
          "conditional_hand_mass": 0.0030165911925363843,
          "expected_action_loss_bb": 1.057302162779531e-6,
          "hand": "Q6s",
          "probability_on_actions_losing_over_0_1bb": 1.4777594969928032e-6,
          "reference_expected_action_loss_bb": 8.560011132519109e-9,
          "reference_probabilities": [
            1.1964070623093903e-8,
            1.0
          ]
        },
        {
          "action_values_bb": [
            -1.0000000283803316,
            -0.30909637827194797
          ],
          "candidate_probabilities": [
            1.4777594969928032e-6,
            0.9999985098838806
          ],
          "class_index": 135,
          "conditional_hand_mass": 0.0030165911925363843,
          "expected_action_loss_bb": 1.0209894304546566e-6,
          "hand": "Q7s",
          "probability_on_actions_losing_over_0_1bb": 1.4777594969928032e-6,
          "reference_expected_action_loss_bb": 8.266020063650062e-9,
          "reference_probabilities": [
            1.1964070623093903e-8,
            1.0
          ]
        },
        {
          "action_values_bb": [
            -1.0000000283803316,
            -0.024224700988491086
          ],
          "candidate_probabilities": [
            1.4777594969928032e-6,
            0.9999985098838806
          ],
          "class_index": 136,
          "conditional_hand_mass": 0.0030165911925363843,
          "expected_action_loss_bb": 1.4419612569845542e-6,
          "hand": "Q8s",
          "probability_on_actions_losing_over_0_1bb": 1.4777594969928032e-6,
          "reference_expected_action_loss_bb": 1.1674244929188556e-8,
          "reference_probabilities": [
            1.1964070623093903e-8,
            1.0
          ]
        },
        {
          "action_values_bb": [
            -1.0000000283803316,
            0.02229731112228149
          ],
          "candidate_probabilities": [
            1.4777594969928032e-6,
            0.9999985098838806
          ],
          "class_index": 137,
          "conditional_hand_mass": 0.0030165911925363843,
          "expected_action_loss_bb": 1.5107096022004625e-6,
          "hand": "Q9s",
          "probability_on_actions_losing_over_0_1bb": 1.4777594969928032e-6,
          "reference_expected_action_loss_bb": 1.2230837567610269e-8,
          "reference_probabilities": [
            1.1964070623093903e-8,
            1.0
          ]
        },
        {
          "action_values_bb": [
            -1.0000000283803316,
            0.1466006905452957
          ],
          "candidate_probabilities": [
            1.4777594969928032e-6,
            0.9999985098838806
          ],
          "class_index": 138,
          "conditional_hand_mass": 0.0030165911925363843,
          "expected_action_loss_bb": 1.6944001016511215e-6,
          "hand": "QTs",
          "probability_on_actions_losing_over_0_1bb": 1.4777594969928032e-6,
          "reference_expected_action_loss_bb": 1.3718011977716447e-8,
          "reference_probabilities": [
            1.1964070623093903e-8,
            1.0
          ]
        },
        {
          "action_values_bb": [
            -1.0000000283803316,
            0.12949072171589374
          ],
          "candidate_probabilities": [
            1.4777594969928032e-6,
            0.9999985098838806
          ],
          "class_index": 139,
          "conditional_hand_mass": 0.0030165911925363843,
          "expected_action_loss_bb": 1.6691156827202221e-6,
          "hand": "QJs",
          "probability_on_actions_losing_over_0_1bb": 1.4777594969928032e-6,
          "reference_expected_action_loss_bb": 1.3513307102282549e-8,
          "reference_probabilities": [
            1.1964070623093903e-8,
            1.0
          ]
        },
        {
          "action_values_bb": [
            -1.0000000283803316,
            1.3651980116755684
          ],
          "candidate_probabilities": [
            1.4777598380533163e-6,
            0.9999985098838806
          ],
          "class_index": 140,
          "conditional_hand_mass": 0.0045248869052198935,
          "expected_action_loss_bb": 3.4951946726370282e-6,
          "hand": "QQ",
          "probability_on_actions_losing_over_0_1bb": 1.4777598380533163e-6,
          "reference_expected_action_loss_bb": 2.82973900866785e-8,
          "reference_probabilities": [
            1.1964067958558644e-8,
            1.0
          ]
        },
        {
          "action_values_bb": [
            -1.0000000283803316,
            0.45448287194799447
          ],
          "candidate_probabilities": [
            1.4777598380533163e-6,
            0.9999985098838806
          ],
          "class_index": 141,
          "conditional_hand_mass": 0.009049773810439787,
          "expected_action_loss_bb": 2.149376415240505e-6,
          "hand": "KQo",
          "probability_on_actions_losing_over_0_1bb": 1.4777598380533163e-6,
          "reference_expected_action_loss_bb": 1.7401532264089572e-8,
          "reference_probabilities": [
            1.1964067958558644e-8,
            1.0
          ]
        },
        {
          "action_values_bb": [
            -1.0000000283803316,
            0.36701862231589516
          ],
          "candidate_probabilities": [
            1.4777598380533163e-6,
            0.9999985098838806
          ],
          "class_index": 142,
          "conditional_hand_mass": 0.009049773810439787,
          "expected_action_loss_bb": 2.020125259868719e-6,
          "hand": "AQo",
          "probability_on_actions_losing_over_0_1bb": 1.4777598380533163e-6,
          "reference_expected_action_loss_bb": 1.6355104037546797e-8,
          "reference_probabilities": [
            1.1964067958558644e-8,
            1.0
          ]
        },
        {
          "action_values_bb": [
            -1.0000000283803316,
            -0.2905340455713404
          ],
          "candidate_probabilities": [
            1.4777594969928032e-6,
            0.9999985098838806
          ],
          "class_index": 143,
          "conditional_hand_mass": 0.0030165911925363843,
          "expected_action_loss_bb": 1.0484200938893197e-6,
          "hand": "K2s",
          "probability_on_actions_losing_over_0_1bb": 1.4777594969928032e-6,
          "reference_expected_action_loss_bb": 8.488101123009497e-9,
          "reference_probabilities": [
            1.1964070623093903e-8,
            1.0
          ]
        },
        {
          "action_values_bb": [
            -1.0000000283803316,
            -0.2553565360106829
          ],
          "candidate_probabilities": [
            1.4777594969928032e-6,
            0.9999985098838806
          ],
          "class_index": 144,
          "conditional_hand_mass": 0.0030165911925363843,
          "expected_action_loss_bb": 1.1004039927231365e-6,
          "hand": "K3s",
          "probability_on_actions_losing_over_0_1bb": 1.4777594969928032e-6,
          "reference_expected_action_loss_bb": 8.908967331737764e-9,
          "reference_probabilities": [
            1.1964070623093903e-8,
            1.0
          ]
        },
        {
          "action_values_bb": [
            -1.0000000283803316,
            -0.17371479460736117
          ],
          "candidate_probabilities": [
            1.4777594969928032e-6,
            0.9999985098838806
          ],
          "class_index": 145,
          "conditional_hand_mass": 0.0030165911925363843,
          "expected_action_loss_bb": 1.2210508514329257e-6,
          "hand": "K4s",
          "probability_on_actions_losing_over_0_1bb": 1.4777594969928032e-6,
          "reference_expected_action_loss_bb": 9.885734891679474e-9,
          "reference_probabilities": [
            1.1964070623093903e-8,
            1.0
          ]
        },
        {
          "action_values_bb": [
            -1.0000000283803316,
            -0.07352551877843953
          ],
          "candidate_probabilities": [
            1.4777594969928032e-6,
            0.9999985098838806
          ],
          "class_index": 146,
          "conditional_hand_mass": 0.0030165911925363843,
          "expected_action_loss_bb": 1.3691065052859462e-6,
          "hand": "K5s",
          "probability_on_actions_losing_over_0_1bb": 1.4777594969928032e-6,
          "reference_expected_action_loss_bb": 1.1084406463373328e-8,
          "reference_probabilities": [
            1.1964070623093903e-8,
            1.0
          ]
        },
        {
          "action_values_bb": [
            -1.0000000283803316,
            0.019048639702760564
          ],
          "candidate_probabilities": [
            1.4777594969928032e-6,
            0.9999985098838806
          ],
          "class_index": 147,
          "conditional_hand_mass": 0.0030165911925363843,
          "expected_action_loss_bb": 1.5059088471576562e-6,
          "hand": "K6s",
          "probability_on_actions_losing_over_0_1bb": 1.4777594969928032e-6,
          "reference_expected_action_loss_bb": 1.2191970233315892e-8,
          "reference_probabilities": [
            1.1964070623093903e-8,
            1.0
          ]
        },
        {
          "action_values_bb": [
            -1.0000000283803316,
            -0.04770674004063163
          ],
          "candidate_probabilities": [
            1.4777594969928032e-6,
            0.9999985098838806
          ],
          "class_index": 148,
          "conditional_hand_mass": 0.0030165911925363843,
          "expected_action_loss_bb": 1.4072604507664976e-6,
          "hand": "K7s",
          "probability_on_actions_losing_over_0_1bb": 1.4777594969928032e-6,
          "reference_expected_action_loss_bb": 1.1393304155594497e-8,
          "reference_probabilities": [
            1.1964070623093903e-8,
            1.0
          ]
        },
        {
          "action_values_bb": [
            -1.0000000283803316,
            0.22482589444847134
          ],
          "candidate_probabilities": [
            1.4777594969928032e-6,
            0.9999985098838806
          ],
          "class_index": 149,
          "conditional_hand_mass": 0.0030165911925363843,
          "expected_action_loss_bb": 1.809998139623238e-6,
          "hand": "K8s",
          "probability_on_actions_losing_over_0_1bb": 1.4777594969928032e-6,
          "reference_expected_action_loss_bb": 1.4653903841719962e-8,
          "reference_probabilities": [
            1.1964070623093903e-8,
            1.0
          ]
        },
        {
          "action_values_bb": [
            -1.0000000283803316,
            0.2880270801478611
          ],
          "candidate_probabilities": [
            1.4777594969928032e-6,
            0.9999985098838806
          ],
          "class_index": 150,
          "conditional_hand_mass": 0.0030165911925363843,
          "expected_action_loss_bb": 1.9033942920117167e-6,
          "hand": "K9s",
          "probability_on_actions_losing_over_0_1bb": 1.4777594969928032e-6,
          "reference_expected_action_loss_bb": 1.5410047290890734e-8,
          "reference_probabilities": [
            1.1964070623093903e-8,
            1.0
          ]
        },
        {
          "action_values_bb": [
            -1.0000000283803316,
            0.31211258301056755
          ],
          "candidate_probabilities": [
            1.4777594969928032e-6,
            0.9999985098838806
          ],
          "class_index": 151,
          "conditional_hand_mass": 0.0030165911925363843,
          "expected_action_loss_bb": 1.9389868726069286e-6,
          "hand": "KTs",
          "probability_on_actions_losing_over_0_1bb": 1.4777594969928032e-6,
          "reference_expected_action_loss_bb": 1.5698207948132883e-8,
          "reference_probabilities": [
            1.1964070623093903e-8,
            1.0
          ]
        },
        {
          "action_values_bb": [
            -1.0000000283803316,
            0.4937979190415109
          ],
          "candidate_probabilities": [
            1.4777594969928032e-6,
            0.9999985098838806
          ],
          "class_index": 152,
          "conditional_hand_mass": 0.0030165911925363843,
          "expected_action_loss_bb": 2.207474103390984e-6,
          "hand": "KJs",
          "probability_on_actions_losing_over_0_1bb": 1.4777594969928032e-6,
          "reference_expected_action_loss_bb": 1.7871904139587637e-8,
          "reference_probabilities": [
            1.1964070623093903e-8,
            1.0
          ]
        },
        {
          "action_values_bb": [
            -1.0000000283803316,
            0.6268569346361176
          ],
          "candidate_probabilities": [
            1.4777594969928032e-6,
            0.9999985098838806
          ],
          "class_index": 153,
          "conditional_hand_mass": 0.0030165911925363843,
          "expected_action_loss_bb": 2.4041033273464275e-6,
          "hand": "KQs",
          "probability_on_actions_losing_over_0_1bb": 1.4777594969928032e-6,
          "reference_expected_action_loss_bb": 1.9463831599200865e-8,
          "reference_probabilities": [
            1.1964070623093903e-8,
            1.0
          ]
        },
        {
          "action_values_bb": [
            -1.0000000283803316,
            1.7845505899942513
          ],
          "candidate_probabilities": [
            1.4777598380533163e-6,
            0.9999985098838806
          ],
          "class_index": 154,
          "conditional_hand_mass": 0.0045248869052198935,
          "expected_action_loss_bb": 4.1148970708604855e-6,
          "hand": "KK",
          "probability_on_actions_losing_over_0_1bb": 1.4777598380533163e-6,
          "reference_expected_action_loss_bb": 3.331455283228001e-8,
          "reference_probabilities": [
            1.1964067958558644e-8,
            1.0
          ]
        },
        {
          "action_values_bb": [
            -1.0000000283803316,
            0.6018413143860776
          ],
          "candidate_probabilities": [
            1.4777598380533163e-6,
            0.9999985098838806
          ],
          "class_index": 155,
          "conditional_hand_mass": 0.009049773810439787,
          "expected_action_loss_bb": 2.367136803273596e-6,
          "hand": "AKo",
          "probability_on_actions_losing_over_0_1bb": 1.4777598380533163e-6,
          "reference_expected_action_loss_bb": 1.9164538683686152e-8,
          "reference_probabilities": [
            1.1964067958558644e-8,
            1.0
          ]
        },
        {
          "action_values_bb": [
            -1.0000000283803316,
            -0.06343740208178869
          ],
          "candidate_probabilities": [
            1.4777594969928032e-6,
            0.9999985098838806
          ],
          "class_index": 156,
          "conditional_hand_mass": 0.0030165911925363843,
          "expected_action_loss_bb": 1.3840143155411934e-6,
          "hand": "A2s",
          "probability_on_actions_losing_over_0_1bb": 1.4777594969928032e-6,
          "reference_expected_action_loss_bb": 1.120510140398607e-8,
          "reference_probabilities": [
            1.1964070623093903e-8,
            1.0
          ]
        },
        {
          "action_values_bb": [
            -1.0000000283803316,
            0.15948466033340034
          ],
          "candidate_probabilities": [
            1.4777594969928032e-6,
            0.9999985098838806
          ],
          "class_index": 157,
          "conditional_hand_mass": 0.0030165911925363843,
          "expected_action_loss_bb": 1.7134395103644615e-6,
          "hand": "A3s",
          "probability_on_actions_losing_over_0_1bb": 1.4777594969928032e-6,
          "reference_expected_action_loss_bb": 1.3872156702167139e-8,
          "reference_probabilities": [
            1.1964070623093903e-8,
            1.0
          ]
        },
        {
          "action_values_bb": [
            -1.0000000283803316,
            0.1304059268901613
          ],
          "candidate_probabilities": [
            1.4777594969928032e-6,
            0.9999985098838806
          ],
          "class_index": 158,
          "conditional_hand_mass": 0.0030165911925363843,
          "expected_action_loss_bb": 1.6704681358581929e-6,
          "hand": "A4s",
          "probability_on_actions_losing_over_0_1bb": 1.4777594969928032e-6,
          "reference_expected_action_loss_bb": 1.3524256681622106e-8,
          "reference_probabilities": [
            1.1964070623093903e-8,
            1.0
          ]
        },
        {
          "action_values_bb": [
            -1.0000000283803316,
            0.1813429020331057
          ],
          "candidate_probabilities": [
            1.4777594969928032e-6,
            0.9999985098838806
          ],
          "class_index": 159,
          "conditional_hand_mass": 0.0030165911925363843,
          "expected_action_loss_bb": 1.7457407346237653e-6,
          "hand": "A5s",
          "probability_on_actions_losing_over_0_1bb": 1.4777594969928032e-6,
          "reference_expected_action_loss_bb": 1.413367024955907e-8,
          "reference_probabilities": [
            1.1964070623093903e-8,
            1.0
          ]
        },
        {
          "action_values_bb": [
            -1.0000000283803316,
            0.15105679888906887
          ],
          "candidate_probabilities": [
            1.4777594969928032e-6,
            0.9999985098838806
          ],
          "class_index": 160,
          "conditional_hand_mass": 0.0030165911925363843,
          "expected_action_loss_bb": 1.7009851580757614e-6,
          "hand": "A6s",
          "probability_on_actions_losing_over_0_1bb": 1.4777594969928032e-6,
          "reference_expected_action_loss_bb": 1.3771325172645509e-8,
          "reference_probabilities": [
            1.1964070623093903e-8,
            1.0
          ]
        },
        {
          "action_values_bb": [
            -1.0000000283803316,
            0.13639558680793876
          ],
          "candidate_probabilities": [
            1.4777594969928032e-6,
            0.9999985098838806
          ],
          "class_index": 161,
          "conditional_hand_mass": 0.0030165911925363843,
          "expected_action_loss_bb": 1.6793194126854456e-6,
          "hand": "A7s",
          "probability_on_actions_losing_over_0_1bb": 1.4777594969928032e-6,
          "reference_expected_action_loss_bb": 1.3595917395886709e-8,
          "reference_probabilities": [
            1.1964070623093903e-8,
            1.0
          ]
        },
        {
          "action_values_bb": [
            -1.0000000283803316,
            0.3742086789253045
          ],
          "candidate_probabilities": [
            1.4777594969928032e-6,
            0.9999985098838806
          ],
          "class_index": 162,
          "conditional_hand_mass": 0.0030165911925363843,
          "expected_action_loss_bb": 2.030749968071107e-6,
          "hand": "A8s",
          "probability_on_actions_losing_over_0_1bb": 1.4777594969928032e-6,
          "reference_expected_action_loss_bb": 1.644113002507521e-8,
          "reference_probabilities": [
            1.1964070623093903e-8,
            1.0
          ]
        },
        {
          "action_values_bb": [
            -1.0000000283803316,
            0.3299993632911438
          ],
          "candidate_probabilities": [
            1.4777594969928032e-6,
            0.9999985098838806
          ],
          "class_index": 163,
          "conditional_hand_mass": 0.0030165911925363843,
          "expected_action_loss_bb": 1.965419232037174e-6,
          "hand": "A9s",
          "probability_on_actions_losing_over_0_1bb": 1.4777594969928032e-6,
          "reference_expected_action_loss_bb": 1.5912206650629462e-8,
          "reference_probabilities": [
            1.1964070623093903e-8,
            1.0
          ]
        },
        {
          "action_values_bb": [
            -1.0000000283803316,
            0.41075052837087295
          ],
          "candidate_probabilities": [
            1.4777594969928032e-6,
            0.9999985098838806
          ],
          "class_index": 164,
          "conditional_hand_mass": 0.0030165911925363843,
          "expected_action_loss_bb": 2.0847500331269773e-6,
          "hand": "ATs",
          "probability_on_actions_losing_over_0_1bb": 1.4777594969928032e-6,
          "reference_expected_action_loss_bb": 1.6878319292540457e-8,
          "reference_probabilities": [
            1.1964070623093903e-8,
            1.0
          ]
        },
        {
          "action_values_bb": [
            -1.0000000283803316,
            0.38649335275701463
          ],
          "candidate_probabilities": [
            1.4777594969928032e-6,
            0.9999985098838806
          ],
          "class_index": 165,
          "conditional_hand_mass": 0.0030165911925363843,
          "expected_action_loss_bb": 2.048903761493376e-6,
          "hand": "AJs",
          "probability_on_actions_losing_over_0_1bb": 1.4777594969928032e-6,
          "reference_expected_action_loss_bb": 1.6588104730379463e-8,
          "reference_probabilities": [
            1.1964070623093903e-8,
            1.0
          ]
        },
        {
          "action_values_bb": [
            -1.0000000283803316,
            0.5969534263766962
          ],
          "candidate_probabilities": [
            1.4777594969928032e-6,
            0.9999985098838806
          ],
          "class_index": 166,
          "conditional_hand_mass": 0.0030165911925363843,
          "expected_action_loss_bb": 2.359913134022665e-6,
          "hand": "AQs",
          "probability_on_actions_losing_over_0_1bb": 1.4777594969928032e-6,
          "reference_expected_action_loss_bb": 1.9106063914506877e-8,
          "reference_probabilities": [
            1.1964070623093903e-8,
            1.0
          ]
        },
        {
          "action_values_bb": [
            -1.0000000283803316,
            0.8323607938716364
          ],
          "candidate_probabilities": [
            1.4777594969928032e-6,
            0.9999985098838806
          ],
          "class_index": 167,
          "conditional_hand_mass": 0.0030165911925363843,
          "expected_action_loss_bb": 2.7077886070003875e-6,
          "hand": "AKs",
          "probability_on_actions_losing_over_0_1bb": 1.4777594969928032e-6,
          "reference_expected_action_loss_bb": 2.192249428441296e-8,
          "reference_probabilities": [
            1.1964070623093903e-8,
            1.0
          ]
        },
        {
          "action_values_bb": [
            -1.0000000283803316,
            1.9899018998423177
          ],
          "candidate_probabilities": [
            1.4777598380533163e-6,
            0.9999985098838806
          ],
          "class_index": 168,
          "conditional_hand_mass": 0.0045248869052198935,
          "expected_action_loss_bb": 4.418356989245601e-6,
          "hand": "AA",
          "probability_on_actions_losing_over_0_1bb": 1.4777598380533163e-6,
          "reference_expected_action_loss_bb": 3.577138985868131e-8,
          "reference_probabilities": [
            1.1964067958558644e-8,
            1.0
          ]
        }
      ],
      "joint_reach_independent_model": 0.003192944480496184,
      "opponent_mass": 0.0031929443615497377,
      "passes_local_tail_gate": false,
      "path": [
        2,
        1
      ],
      "position": "BB",
      "reference_weighted_action_loss_bb": 6.926881665166081e-6,
      "scope": "One-action deviation followed by reference play, same reference arriving ranges; excludes physical-deal validation",
      "status": "evaluated",
      "weighted_action_loss_bb": 0.0005972879968522257,
      "weighted_excess_action_loss_bb": 0.0005903611151870596,
      "worst_relevant_probability_on_strongly_inferior_actions": 0.25416019558906555
    }
  ],
  "thresholds": {
    "excess_gap_bb": 0.02,
    "max_loss_bb": 0.03,
    "mean_loss_bb": 0.01,
    "reference_gap_bb": 0.005
  },
  "unilateral_max_positive_loss_bb": 0.0007820210855914722,
  "unilateral_mean_positive_loss_bb": 0.0004821028880203221,
  "unilateral_replacements": [
    {
      "candidate_vs_reference_opponents_ev_bb": 0.19647101502264863,
      "position": "BTN",
      "reference_ev_bb": 0.1972530361082401,
      "seat": 0,
      "signed_loss_bb": 0.0007820210855914722
    },
    {
      "candidate_vs_reference_opponents_ev_bb": -0.11062932693500993,
      "position": "SB",
      "reference_ev_bb": -0.11050591410438391,
      "seat": 1,
      "signed_loss_bb": 0.0001234128306260157
    },
    {
      "candidate_vs_reference_opponents_ev_bb": -0.322262231953878,
      "position": "BB",
      "reference_ev_bb": -0.3217213572060345,
      "seat": 2,
      "signed_loss_bb": 0.0005408747478434783
    }
  ]
}
