{
  "candidate_full_reference_evs_bb": [
    0.19661968969841265,
    -0.11086700911319056,
    -0.3203172920125714
  ],
  "candidate_full_reference_gaps_bb": [
    0.0009216517666906538,
    0.0002694473739294819,
    0.0005037002821573714
  ],
  "candidate_iteration": 500,
  "candidate_learning_gap_bb": 0.001694799422777507,
  "candidate_model": "coupled_preview64_v1",
  "elapsed_seconds": 0.0159504,
  "excess_learning_gap_bb": 0.0016932782475871217,
  "live_seats": [
    true,
    true,
    true
  ],
  "nodes": 70,
  "not_evaluated": [
    "physical equity",
    "unselected local action tails",
    "speedup",
    "preview workflow"
  ],
  "passes_global_policy_gates_with_converged_reference": true,
  "passes_relative_policy_gates": true,
  "reference_converged": true,
  "reference_evs_bb": [
    0.1972530361082401,
    -0.11050591410438391,
    -0.3217213572060345
  ],
  "reference_gaps_bb": [
    8.033235209872684e-7,
    3.824968643640486e-7,
    3.353548050340563e-7
  ],
  "reference_iteration": 500,
  "reference_learning_gap_bb": 1.5211751903853732e-6,
  "reference_model": "coupled_deck_v1",
  "schema": 1,
  "scope": "Frozen policy evaluated under unchanged full coupled payoffs; no physical-deal or full postflop accuracy claim",
  "selected_local_action_quality": [
    {
      "actions": [
        {
          "kind": "fold",
          "label": "Fold",
          "to": 0.0
        },
        {
          "kind": "call",
          "label": "Limp 1",
          "to": 1.0
        },
        {
          "kind": "raise",
          "label": "Raise 2",
          "to": 2.0
        },
        {
          "kind": "raise",
          "label": "Raise 3",
          "to": 3.0
        }
      ],
      "actor": 0,
      "actor_mass": 1.000000037252903,
      "forced_or_frozen": false,
      "hands": [
        {
          "action_values_bb": [
            0.0,
            -0.44607269763946533,
            0.00945378839969635,
            0.16288742423057556
          ],
          "candidate_probabilities": [
            5.982034867457742e-9,
            5.982034867457742e-9,
            2.3511327640335367e-7,
            0.9999997615814209
          ],
          "class_index": 0,
          "conditional_hand_mass": 0.0045248869052198935,
          "expected_action_loss_bb": 4.06915037638126e-8,
          "hand": "22",
          "probability_on_actions_losing_over_0_1bb": 2.4707734613826915e-7,
          "reference_expected_action_loss_bb": 3.9630911077692126e-8,
          "reference_probabilities": [
            5.982034867457742e-9,
            5.982034867457742e-9,
            2.2820088929620397e-7,
            0.9999997615814209
          ]
        },
        {
          "action_values_bb": [
            0.0,
            -0.9041956067085266,
            -0.7667875289916992,
            -0.7750431895256042
          ],
          "candidate_probabilities": [
            0.9999999403953552,
            5.982033535190112e-9,
            4.431431932516716e-8,
            5.982033535190112e-9
          ],
          "class_index": 1,
          "conditional_hand_mass": 0.009049773810439787,
          "expected_action_loss_bb": 4.402493020695888e-8,
          "hand": "32o",
          "probability_on_actions_losing_over_0_1bb": 5.6278386395547386e-8,
          "reference_expected_action_loss_bb": 4.4404481552162994e-8,
          "reference_probabilities": [
            0.9999999403953552,
            5.982033535190112e-9,
            4.48093082638934e-8,
            5.982033535190112e-9
          ]
        },
        {
          "action_values_bb": [
            0.0,
            -0.8833550214767456,
            -0.7346990704536438,
            -0.7396241426467896
          ],
          "candidate_probabilities": [
            0.9999999403953552,
            5.982033535190112e-9,
            4.686840782142099e-8,
            5.982033535190112e-9
          ],
          "class_index": 2,
          "conditional_hand_mass": 0.009049773810439787,
          "expected_action_loss_bb": 4.414289144674209e-8,
          "hand": "42o",
          "probability_on_actions_losing_over_0_1bb": 5.883247489180121e-8,
          "reference_expected_action_loss_bb": 4.437662743681063e-8,
          "reference_probabilities": [
            0.9999999403953552,
            5.982033535190112e-9,
            4.7186546225930215e-8,
            5.982033535190112e-9
          ]
        },
        {
          "action_values_bb": [
            0.0,
            -0.8523165583610535,
            -0.6811138391494751,
            -0.6980822682380676
          ],
          "candidate_probabilities": [
            0.9999999403953552,
            5.982033535190112e-9,
            5.093490429430858e-8,
            5.982033535190112e-9
          ],
          "class_index": 3,
          "conditional_hand_mass": 0.009049773810439787,
          "expected_action_loss_bb": 4.3967005984242945e-8,
          "hand": "52o",
          "probability_on_actions_losing_over_0_1bb": 6.28989713646888e-8,
          "reference_expected_action_loss_bb": 4.388702667356088e-8,
          "reference_probabilities": [
            0.9999999403953552,
            5.982033535190112e-9,
            5.0817480001796866e-8,
            5.982033535190112e-9
          ]
        },
        {
          "action_values_bb": [
            0.0,
            -0.882992148399353,
            -0.7262982130050659,
            -0.7449963092803955
          ],
          "candidate_probabilities": [
            0.9999999403953552,
            5.982033535190112e-9,
            4.855386137592177e-8,
            5.982033535190112e-9
          ],
          "class_index": 4,
          "conditional_hand_mass": 0.009049773810439787,
          "expected_action_loss_bb": 4.500326430057036e-8,
          "hand": "62o",
          "probability_on_actions_losing_over_0_1bb": 6.0517928446302e-8,
          "reference_expected_action_loss_bb": 4.5382761115276906e-8,
          "reference_probabilities": [
            0.9999999403953552,
            5.982033535190112e-9,
            4.9076369634803996e-8,
            5.982033535190112e-9
          ]
        },
        {
          "action_values_bb": [
            0.0,
            -0.90187668800354,
            -0.7463392019271851,
            -0.761473536491394
          ],
          "candidate_probabilities": [
            0.9999999403953552,
            5.982033535190112e-9,
            4.9986130790102834e-8,
            5.982033535190112e-9
          ],
          "class_index": 5,
          "conditional_hand_mass": 0.009049773810439787,
          "expected_action_loss_bb": 4.725682578500794e-8,
          "hand": "72o",
          "probability_on_actions_losing_over_0_1bb": 6.195019786048306e-8,
          "reference_expected_action_loss_bb": 4.666910366705206e-8,
          "reference_probabilities": [
            0.9999999403953552,
            5.982033535190112e-9,
            4.919865759234199e-8,
            5.982033535190112e-9
          ]
        },
        {
          "action_values_bb": [
            0.0,
            -0.8773946762084961,
            -0.6941943168640137,
            -0.7076621055603027
          ],
          "candidate_probabilities": [
            0.9999999403953552,
            5.982033535190112e-9,
            5.446377926432433e-8,
            6.618546599668207e-9
          ],
          "class_index": 6,
          "conditional_hand_mass": 0.009049773810439787,
          "expected_action_loss_bb": 4.774074503937674e-8,
          "hand": "82o",
          "probability_on_actions_losing_over_0_1bb": 6.706435939918265e-8,
          "reference_expected_action_loss_bb": 4.79304560467731e-8,
          "reference_probabilities": [
            0.9999999403953552,
            5.982033979279322e-9,
            5.45260760986821e-8,
            6.825516152275668e-9
          ]
        },
        {
          "action_values_bb": [
            0.0,
            -0.8161463737487793,
            -0.5988890528678894,
            -0.622961699962616
          ],
          "candidate_probabilities": [
            0.9999999403953552,
            5.982033979279322e-9,
            5.642067080202651e-8,
            1.353387801827921e-8
          ],
          "class_index": 7,
          "conditional_hand_mass": 0.009049773810439787,
          "expected_action_loss_bb": 4.710302509598133e-8,
          "hand": "92o",
          "probability_on_actions_losing_over_0_1bb": 7.593658279958504e-8,
          "reference_expected_action_loss_bb": 4.9644770706216054e-8,
          "reference_probabilities": [
            0.9999999403953552,
            5.982033979279322e-9,
            5.737229358260265e-8,
            1.669912741419921e-8
          ]
        },
        {
          "action_values_bb": [
            0.0,
            -0.7918838262557983,
            -0.5418668985366821,
            -0.5621743202209473
          ],
          "candidate_probabilities": [
            0.9999999403953552,
            5.982033979279322e-9,
            5.895710941672405e-8,
            2.2452876891065898e-8
          ],
          "class_index": 8,
          "conditional_hand_mass": 0.009049773810439787,
          "expected_action_loss_bb": 4.9306412785871574e-8,
          "hand": "T2o",
          "probability_on_actions_losing_over_0_1bb": 8.739202028706927e-8,
          "reference_expected_action_loss_bb": 5.799774135246044e-8,
          "reference_probabilities": [
            0.9999999403953552,
            5.982034423368532e-9,
            7.239868438091435e-8,
            2.4957053312846256e-8
          ]
        },
        {
          "action_values_bb": [
            0.0,
            -0.6645789742469788,
            -0.4471958875656128,
            -0.4715583324432373
          ],
          "candidate_probabilities": [
            0.9999999403953552,
            1.25249313143172e-8,
            1.111873828563148e-7,
            3.569886786181087e-8
          ],
          "class_index": 9,
          "conditional_hand_mass": 0.009049773810439787,
          "expected_action_loss_bb": 7.48804449669371e-8,
          "hand": "J2o",
          "probability_on_actions_losing_over_0_1bb": 1.5941118203244287e-7,
          "reference_expected_action_loss_bb": 7.525467176905975e-8,
          "reference_probabilities": [
            0.9999999403953552,
            1.3467691850621577e-8,
            1.107688731849521e-7,
            3.556069572141496e-8
          ]
        },
        {
          "action_values_bb": [
            0.0,
            -0.4649461805820465,
            -0.29889628291130066,
            -0.3244626522064209
          ],
          "candidate_probabilities": [
            0.9999997615814209,
            3.243562929355903e-8,
            1.3024437350850349e-7,
            4.6356788629964285e-8
          ],
          "class_index": 10,
          "conditional_hand_mass": 0.009049773810439787,
          "expected_action_loss_bb": 6.905142765326885e-8,
          "hand": "Q2o",
          "probability_on_actions_losing_over_0_1bb": 2.090367914320268e-7,
          "reference_expected_action_loss_bb": 7.394374688489e-8,
          "reference_probabilities": [
            0.9999997615814209,
            2.866193149486662e-8,
            1.5164214062224346e-7,
            4.713090717700652e-8
          ]
        },
        {
          "action_values_bb": [
            0.0,
            -0.3244820237159729,
            -0.1562463939189911,
            -0.1524524986743927
          ],
          "candidate_probabilities": [
            0.9999997019767761,
            2.972437407322559e-8,
            2.617130974158499e-7,
            8.989819377802633e-8
          ],
          "class_index": 11,
          "conditional_hand_mass": 0.009049773810439787,
          "expected_action_loss_bb": 6.424195703334187e-8,
          "hand": "K2o",
          "probability_on_actions_losing_over_0_1bb": 3.8133566526710183e-7,
          "reference_expected_action_loss_bb": 6.269237011093443e-8,
          "reference_probabilities": [
            0.9999997019767761,
            2.8856122824549857e-8,
            2.5133684289357916e-7,
            9.221627550459743e-8
          ]
        },
        {
          "action_values_bb": [
            0.0,
            -0.1648147851228714,
            0.03918410837650299,
            0.1410011351108551
          ],
          "candidate_probabilities": [
            5.982034867457742e-9,
            2.255342934631699e-8,
            2.3324363951360283e-7,
            0.9999997615814209
          ],
          "class_index": 12,
          "conditional_hand_mass": 0.009049773810439787,
          "expected_action_loss_bb": 3.1488845336528604e-8,
          "hand": "A2o",
          "probability_on_actions_losing_over_0_1bb": 2.6177910372737756e-7,
          "reference_expected_action_loss_bb": 2.982979735148097e-8,
          "reference_probabilities": [
            5.982034867457742e-9,
            1.867075916095473e-8,
            2.2861115667183185e-7,
            0.9999997615814209
          ]
        },
        {
          "action_values_bb": [
            0.0,
            -0.805375337600708,
            -0.6025605797767639,
            -0.5726661682128906
          ],
          "candidate_probabilities": [
            1.0,
            5.9820353115469516e-9,
            5.418989346139824e-8,
            5.9820353115469516e-9
          ],
          "class_index": 13,
          "conditional_hand_mass": 0.0030165911925363843,
          "expected_action_loss_bb": 4.0896186570695473e-8,
          "hand": "32s",
          "probability_on_actions_losing_over_0_1bb": 6.615396408449215e-8,
          "reference_expected_action_loss_bb": 4.243027295337404e-8,
          "reference_probabilities": [
            1.0,
            5.9820353115469516e-9,
            5.4905310520325656e-8,
            7.908121268940249e-9
          ]
        },
        {
          "action_values_bb": [
            0.0,
            -0.37579864263534546,
            0.1266670972108841,
            0.2814222276210785
          ],
          "candidate_probabilities": [
            5.9820353115469516e-9,
            5.9820353115469516e-9,
            1.7656525130860246e-7,
            0.9999998211860657
          ],
          "class_index": 14,
          "conditional_hand_mass": 0.0045248869052198935,
          "expected_action_loss_bb": 3.293937464861456e-8,
          "hand": "33",
          "probability_on_actions_losing_over_0_1bb": 1.8852932193169636e-7,
          "reference_expected_action_loss_bb": 3.530395474839882e-8,
          "reference_probabilities": [
            5.982034867457742e-9,
            5.982034867457742e-9,
            1.9184474808753293e-7,
            0.9999997615814209
          ]
        },
        {
          "action_values_bb": [
            0.0,
            -0.8420765995979309,
            -0.6589344143867493,
            -0.6586682200431824
          ],
          "candidate_probabilities": [
            0.9999999403953552,
            5.982033535190112e-9,
            5.264625713152782e-8,
            5.982033535190112e-9
          ],
          "class_index": 15,
          "conditional_hand_mass": 0.009049773810439787,
          "expected_action_loss_bb": 4.366793645147348e-8,
          "hand": "43o",
          "probability_on_actions_losing_over_0_1bb": 6.461032420190804e-8,
          "reference_expected_action_loss_bb": 4.360063723089565e-8,
          "reference_probabilities": [
            0.9999999403953552,
            5.982033535190112e-9,
            5.254412371868966e-8,
            5.982033535190112e-9
          ]
        },
        {
          "action_values_bb": [
            0.0,
            -0.7914036512374878,
            -0.5783734321594238,
            -0.5970487594604492
          ],
          "candidate_probabilities": [
            0.9999999403953552,
            5.982033979279322e-9,
            5.5627527473234295e-8,
            1.0343361722675581e-8
          ],
          "class_index": 16,
          "conditional_hand_mass": 0.009049773810439787,
          "expected_action_loss_bb": 4.3083178805439685e-8,
          "hand": "53o",
          "probability_on_actions_losing_over_0_1bb": 7.19529231751892e-8,
          "reference_expected_action_loss_bb": 4.3018315946130667e-8,
          "reference_probabilities": [
            0.9999999403953552,
            5.982033979279322e-9,
            5.560227833711906e-8,
            1.0259181948413243e-8
          ]
        },
        {
          "action_values_bb": [
            0.0,
            -0.8039095997810364,
            -0.5954430103302002,
            -0.6248401403427124
          ],
          "candidate_probabilities": [
            0.9999999403953552,
            5.982033979279322e-9,
            5.4750707079165295e-8,
            7.406489199723865e-9
          ],
          "class_index": 17,
          "conditional_hand_mass": 0.009049773810439787,
          "expected_action_loss_bb": 4.203781213408643e-8,
          "hand": "63o",
          "probability_on_actions_losing_over_0_1bb": 6.813923025816848e-8,
          "reference_expected_action_loss_bb": 4.350662671149652e-8,
          "reference_probabilities": [
            0.9999999403953552,
            5.982033979279322e-9,
            5.530052860081014e-8,
            9.23323995039027e-9
          ]
        },
        {
          "action_values_bb": [
            0.0,
            -0.8425936102867126,
            -0.6474804282188416,
            -0.6629729270935059
          ],
          "candidate_probabilities": [
            0.9999999403953552,
            5.982033979279322e-9,
            5.555467197382313e-8,
            1.0178723641729448e-8
          ],
          "class_index": 18,
          "conditional_hand_mass": 0.009049773810439787,
          "expected_action_loss_bb": 4.7759204613460273e-8,
          "hand": "73o",
          "probability_on_actions_losing_over_0_1bb": 7.17154295948319e-8,
          "reference_expected_action_loss_bb": 4.5983197539333216e-8,
          "reference_probabilities": [
            0.9999999403953552,
            5.982033979279322e-9,
            5.4931586390694065e-8,
            8.10839573262001e-9
          ]
        },
        {
          "action_values_bb": [
            0.0,
            -0.8277146220207214,
            -0.617715060710907,
            -0.6625279784202576
          ],
          "candidate_probabilities": [
            0.9999999403953552,
            5.982033979279322e-9,
            5.653853918374807e-8,
            1.3616090477341913e-8
          ],
          "class_index": 19,
          "conditional_hand_mass": 0.009049773810439787,
          "expected_action_loss_bb": 4.889716505640989e-8,
          "hand": "83o",
          "probability_on_actions_losing_over_0_1bb": 7.61366636403693e-8,
          "reference_expected_action_loss_bb": 4.731178886999751e-8,
          "reference_probabilities": [
            0.9999999403953552,
            5.982033979279322e-9,
            5.5976343560359965e-8,
            1.1747339989653938e-8
          ]
        },
        {
          "action_values_bb": [
            0.0,
            -0.7912529706954956,
            -0.5551581382751465,
            -0.5838758945465088
          ],
          "candidate_probabilities": [
            0.9999999403953552,
            5.982033979279322e-9,
            5.8498724087030496e-8,
            2.060495951639041e-8
          ],
          "class_index": 20,
          "conditional_hand_mass": 0.009049773810439787,
          "expected_action_loss_bb": 4.924008408226053e-8,
          "hand": "93o",
          "probability_on_actions_losing_over_0_1bb": 8.508571758270023e-8,
          "reference_expected_action_loss_bb": 4.9203571246633416e-8,
          "reference_probabilities": [
            0.9999999403953552,
            5.982033979279322e-9,
            5.8484069143105444e-8,
            2.0556358393264418e-8
          ]
        },
        {
          "action_values_bb": [
            0.0,
            -0.7313235402107239,
            -0.4513130784034729,
            -0.5036321878433228
          ],
          "candidate_probabilities": [
            0.9999999403953552,
            5.9820353115469516e-9,
            1.1478493178174176e-7,
            3.314220364813991e-8
          ],
          "class_index": 21,
          "conditional_hand_mass": 0.009049773810439787,
          "expected_action_loss_bb": 7.287022469171824e-8,
          "hand": "T3o",
          "probability_on_actions_losing_over_0_1bb": 1.5390917074142862e-7,
          "reference_expected_action_loss_bb": 6.811812605016699e-8,
          "reference_probabilities": [
            0.9999999403953552,
            5.9820353115469516e-9,
            1.0604107814060626e-7,
            3.1542061407208166e-8
          ]
        },
        {
          "action_values_bb": [
            0.0,
            -0.5824298858642578,
            -0.3856760859489441,
            -0.42446959018707275
          ],
          "candidate_probabilities": [
            0.9999999403953552,
            2.2794266030246035e-8,
            1.1787572873345198e-7,
            3.903501877289273e-8
          ],
          "class_index": 22,
          "conditional_hand_mass": 0.009049773810439787,
          "expected_action_loss_bb": 7.530708987012744e-8,
          "hand": "J3o",
          "probability_on_actions_losing_over_0_1bb": 1.7970501353659074e-7,
          "reference_expected_action_loss_bb": 7.683450929448708e-8,
          "reference_probabilities": [
            0.9999997615814209,
            2.056651560167211e-8,
            1.237896753991663e-7,
            4.0316759708503014e-8
          ]
        },
        {
          "action_values_bb": [
            0.0,
            -0.41520893573760986,
            -0.24869389832019806,
            -0.28018325567245483
          ],
          "candidate_probabilities": [
            0.9999997019767761,
            2.5293072525300886e-8,
            2.277446355947177e-7,
            5.6685607319195697e-8
          ],
          "class_index": 23,
          "conditional_hand_mass": 0.009049773810439787,
          "expected_action_loss_bb": 8.302296898079023e-8,
          "hand": "Q3o",
          "probability_on_actions_losing_over_0_1bb": 3.097233154392143e-7,
          "reference_expected_action_loss_bb": 7.785493370126771e-8,
          "reference_probabilities": [
            0.9999997019767761,
            2.7043746797517088e-8,
            2.034916803950182e-7,
            5.717325635146153e-8
          ]
        },
        {
          "action_values_bb": [
            0.0,
            -0.29333874583244324,
            -0.1266900897026062,
            -0.11453050374984741
          ],
          "candidate_probabilities": [
            0.9999995827674866,
            2.7157046389447714e-8,
            2.516716222089599e-7,
            1.5403226427679328e-7
          ],
          "class_index": 24,
          "conditional_hand_mass": 0.009049773810439787,
          "expected_action_loss_bb": 5.749190714299838e-8,
          "hand": "K3o",
          "probability_on_actions_losing_over_0_1bb": 4.328609328752009e-7,
          "reference_expected_action_loss_bb": 6.45683738264163e-8,
          "reference_probabilities": [
            0.9999995231628418,
            2.9023325964772084e-8,
            3.156097250212042e-7,
            1.4031269301995053e-7
          ]
        },
        {
          "action_values_bb": [
            0.0,
            -0.272880494594574,
            0.08925849199295044,
            0.19660146534442902
          ],
          "candidate_probabilities": [
            5.982034867457742e-9,
            1.3396283193856107e-8,
            2.0507584963525005e-7,
            0.9999997615814209
          ],
          "class_index": 25,
          "conditional_hand_mass": 0.009049773810439787,
          "expected_action_loss_bb": 2.9478841572861625e-8,
          "hand": "A3o",
          "probability_on_actions_losing_over_0_1bb": 2.244541676965639e-7,
          "reference_expected_action_loss_bb": 2.701845029039337e-8,
          "reference_probabilities": [
            5.982034867457742e-9,
            8.624168046367231e-9,
            2.030266301744632e-7,
            0.9999997615814209
          ]
        },
        {
          "action_values_bb": [
            0.0,
            -0.7789841890335083,
            -0.5641765594482422,
            -0.5344530940055847
          ],
          "candidate_probabilities": [
            1.0,
            5.9820353115469516e-9,
            5.7050840496231103e-8,
            1.5191277569215345e-8
          ],
          "class_index": 26,
          "conditional_hand_mass": 0.0030165911925363843,
          "expected_action_loss_bb": 4.49656831294941e-8,
          "hand": "42s",
          "probability_on_actions_losing_over_0_1bb": 7.82241533769934e-8,
          "reference_expected_action_loss_bb": 4.263930172207909e-8,
          "reference_probabilities": [
            1.0,
            5.9820353115469516e-9,
            5.605676633990697e-8,
            1.188781073580003e-8
          ]
        },
        {
          "action_values_bb": [
            0.0,
            -0.6861492395401001,
            -0.4168635606765747,
            -0.41541874408721924
          ],
          "candidate_probabilities": [
            0.9999998807907104,
            5.9820353115469516e-9,
            8.442210486236945e-8,
            2.271721832869389e-8
          ],
          "class_index": 27,
          "conditional_hand_mass": 0.0030165911925363843,
          "expected_action_loss_bb": 4.873422651991964e-8,
          "hand": "43s",
          "probability_on_actions_losing_over_0_1bb": 1.1312135850261029e-7,
          "reference_expected_action_loss_bb": 4.993735945965231e-8,
          "reference_probabilities": [
            0.9999998807907104,
            5.9820353115469516e-9,
            8.69747154297329e-8,
            2.3051923037087363e-8
          ]
        },
        {
          "action_values_bb": [
            0.0,
            -0.29954829812049866,
            0.25545310974121094,
            0.42078104615211487
          ],
          "candidate_probabilities": [
            5.982034867457742e-9,
            5.982034867457742e-9,
            1.404368958901614e-7,
            0.9999998211860657
          ],
          "class_index": 28,
          "conditional_hand_mass": 0.0045248869052198935,
          "expected_action_loss_bb": 3.004430433661238e-8,
          "hand": "44",
          "probability_on_actions_losing_over_0_1bb": 1.5240096562507688e-7,
          "reference_expected_action_loss_bb": 3.115709844309746e-8,
          "reference_probabilities": [
            5.982034867457742e-9,
            5.982034867457742e-9,
            1.4716772511746967e-7,
            0.9999998211860657
          ]
        },
        {
          "action_values_bb": [
            0.0,
            -0.7411920428276062,
            -0.49841779470443726,
            -0.504707932472229
          ],
          "candidate_probabilities": [
            0.9999999403953552,
            5.982033979279322e-9,
            5.7886637705450994e-8,
            1.8219598274527016e-8
          ],
          "class_index": 29,
          "conditional_hand_mass": 0.009049773810439787,
          "expected_action_loss_bb": 4.2481142068982926e-8,
          "hand": "54o",
          "probability_on_actions_losing_over_0_1bb": 8.208826995925733e-8,
          "reference_expected_action_loss_bb": 4.2609868453517276e-8,
          "reference_probabilities": [
            0.9999999403953552,
            5.982033979279322e-9,
            5.794577617734831e-8,
            1.841624808207598e-8
          ]
        },
        {
          "action_values_bb": [
            0.0,
            -0.7608160972595215,
            -0.5268356204032898,
            -0.5380986332893372
          ],
          "candidate_probabilities": [
            0.9999999403953552,
            5.982033979279322e-9,
            5.7128850983190205e-8,
            1.5675507114565335e-8
          ],
          "class_index": 30,
          "conditional_hand_mass": 0.009049773810439787,
          "expected_action_loss_bb": 4.308371035091013e-8,
          "hand": "64o",
          "probability_on_actions_losing_over_0_1bb": 7.878639207703486e-8,
          "reference_expected_action_loss_bb": 4.3970353897620137e-8,
          "reference_probabilities": [
            0.9999999403953552,
            5.982033979279322e-9,
            5.751177667434604e-8,
            1.6948330738841832e-8
          ]
        },
        {
          "action_values_bb": [
            0.0,
            -0.8026443719863892,
            -0.5825157165527344,
            -0.5707159638404846
          ],
          "candidate_probabilities": [
            0.9999999403953552,
            5.982033979279322e-9,
            5.719422446759381e-8,
            1.5981878931370375e-8
          ],
          "class_index": 31,
          "conditional_hand_mass": 0.009049773810439787,
          "expected_action_loss_bb": 4.723909399321721e-8,
          "hand": "74o",
          "probability_on_actions_losing_over_0_1bb": 7.915813737824351e-8,
          "reference_expected_action_loss_bb": 4.675446419333184e-8,
          "reference_probabilities": [
            0.9999999403953552,
            5.982033979279322e-9,
            5.699883232068714e-8,
            1.5332149772007142e-8
          ]
        },
        {
          "action_values_bb": [
            0.0,
            -0.7601475715637207,
            -0.5155153870582581,
            -0.54637211561203
          ],
          "candidate_probabilities": [
            0.9999999403953552,
            5.982034423368532e-9,
            6.828187792962126e-8,
            2.156964917787718e-8
          ],
          "class_index": 32,
          "conditional_hand_mass": 0.009049773810439787,
          "expected_action_loss_bb": 5.1532642524213644e-8,
          "hand": "84o",
          "probability_on_actions_losing_over_0_1bb": 9.583356153086697e-8,
          "reference_expected_action_loss_bb": 5.0211164316350724e-8,
          "reference_probabilities": [
            0.9999999403953552,
            5.982034423368532e-9,
            6.605343116916629e-8,
            2.1253601545367928e-8
          ]
        },
        {
          "action_values_bb": [
            0.0,
            -0.800282895565033,
            -0.5673227310180664,
            -0.5702110528945923
          ],
          "candidate_probabilities": [
            0.9999999403953552,
            5.982034423368532e-9,
            6.428740562114399e-8,
            2.243838714832691e-8
          ],
          "class_index": 33,
          "conditional_hand_mass": 0.009049773810439787,
          "expected_action_loss_bb": 5.405364271786065e-8,
          "hand": "94o",
          "probability_on_actions_losing_over_0_1bb": 9.270782719283943e-8,
          "reference_expected_action_loss_bb": 5.028448562119399e-8,
          "reference_probabilities": [
            0.9999999403953552,
            5.982033979279322e-9,
            5.8700283744883563e-8,
            2.1387100090919375e-8
          ]
        },
        {
          "action_values_bb": [
            0.0,
            -0.7532658576965332,
            -0.47639307379722595,
            -0.48440641164779663
          ],
          "candidate_probabilities": [
            0.9999999403953552,
            5.9820353115469516e-9,
            1.157453866085234e-7,
            3.482900723383864e-8
          ],
          "class_index": 34,
          "conditional_hand_mass": 0.009049773810439787,
          "expected_action_loss_bb": 7.651775787940503e-8,
          "hand": "T4o",
          "probability_on_actions_losing_over_0_1bb": 1.56556429153909e-7,
          "reference_expected_action_loss_bb": 6.709158209058734e-8,
          "reference_probabilities": [
            0.9999999403953552,
            5.9820353115469516e-9,
            9.90685720125839e-8,
            3.1770714059575766e-8
          ]
        },
        {
          "action_values_bb": [
            0.0,
            -0.5618338584899902,
            -0.3718675374984741,
            -0.3859679698944092
          ],
          "candidate_probabilities": [
            0.9999997615814209,
            2.7529338808562898e-8,
            1.2726913212190993e-7,
            4.323877433876078e-8
          ],
          "class_index": 35,
          "conditional_hand_mass": 0.009049773810439787,
          "expected_action_loss_bb": 7.94829553584897e-8,
          "hand": "J4o",
          "probability_on_actions_losing_over_0_1bb": 1.980372452692336e-7,
          "reference_expected_action_loss_bb": 7.862488261712091e-8,
          "reference_probabilities": [
            0.9999997615814209,
            2.846476832019107e-8,
            1.2415539174526202e-7,
            4.2653933718383996e-8
          ]
        },
        {
          "action_values_bb": [
            0.0,
            -0.4451385736465454,
            -0.27476927638053894,
            -0.26268482208251953
          ],
          "candidate_probabilities": [
            0.9999997615814209,
            3.851026164625182e-8,
            1.5094180128016887e-7,
            6.163770649436628e-8
          ],
          "class_index": 36,
          "conditional_hand_mass": 0.009049773810439787,
          "expected_action_loss_bb": 7.480786241734207e-8,
          "hand": "Q4o",
          "probability_on_actions_losing_over_0_1bb": 2.51089769420787e-7,
          "reference_expected_action_loss_bb": 7.668364680618247e-8,
          "reference_probabilities": [
            0.9999997615814209,
            3.665613235170895e-8,
            1.5996589297628816e-7,
            6.248124861940596e-8
          ]
        },
        {
          "action_values_bb": [
            0.0,
            -0.22902101278305054,
            -0.060897789895534515,
            -0.05280804634094238
          ],
          "candidate_probabilities": [
            0.9999983310699463,
            2.2960080059419852e-8,
            1.1851761883008294e-6,
            5.020741014050145e-7
          ],
          "class_index": 37,
          "conditional_hand_mass": 0.009049773810439787,
          "expected_action_loss_bb": 1.0394650370670563e-7,
          "hand": "K4o",
          "probability_on_actions_losing_over_0_1bb": 2.2960080059419852e-8,
          "reference_expected_action_loss_bb": 7.871510366299093e-8,
          "reference_probabilities": [
            0.9999987483024597,
            2.5779932855130028e-8,
            9.338683639725787e-7,
            3.0185623245415627e-7
          ]
        },
        {
          "action_values_bb": [
            0.0,
            -0.1852036714553833,
            0.11854187399148941,
            0.23580780625343323
          ],
          "candidate_probabilities": [
            5.982034867457742e-9,
            5.982034867457742e-9,
            2.8081458935957926e-7,
            0.9999997019767761
          ],
          "class_index": 38,
          "conditional_hand_mass": 0.009049773810439787,
          "expected_action_loss_bb": 3.6859100472286796e-8,
          "hand": "A4o",
          "probability_on_actions_losing_over_0_1bb": 2.9277865909449474e-7,
          "reference_expected_action_loss_bb": 2.8231474338846156e-8,
          "reference_probabilities": [
            5.982034867457742e-9,
            1.1011833223051326e-8,
            1.8918329658390576e-7,
            0.9999997615814209
          ]
        },
        {
          "action_values_bb": [
            0.0,
            -0.7265744209289551,
            -0.4801807701587677,
            -0.4760591983795166
          ],
          "candidate_probabilities": [
            1.0,
            5.9820353115469516e-9,
            5.687478932259182e-8,
            1.4809399040416338e-8
          ],
          "class_index": 39,
          "conditional_hand_mass": 0.0030165911925363843,
          "expected_action_loss_bb": 3.870672461766657e-8,
          "hand": "52s",
          "probability_on_actions_losing_over_0_1bb": 7.766622367455511e-8,
          "reference_expected_action_loss_bb": 4.101627697529255e-8,
          "reference_probabilities": [
            1.0,
            5.9820353115469516e-9,
            5.805238956213543e-8,
            1.847300090673798e-8
          ]
        },
        {
          "action_values_bb": [
            0.0,
            -0.6877977252006531,
            -0.4106694459915161,
            -0.39647865295410156
          ],
          "candidate_probabilities": [
            0.9999998807907104,
            5.9820353115469516e-9,
            1.0413234008410654e-7,
            2.69525450846686e-8
          ],
          "class_index": 40,
          "conditional_hand_mass": 0.0030165911925363843,
          "expected_action_loss_bb": 5.756450946034625e-8,
          "hand": "53s",
          "probability_on_actions_losing_over_0_1bb": 1.370669204803221e-7,
          "reference_expected_action_loss_bb": 5.2745130315584473e-8,
          "reference_probabilities": [
            0.9999998807907104,
            5.9820353115469516e-9,
            9.36769168902174e-8,
            2.5626732735872793e-8
          ]
        },
        {
          "action_values_bb": [
            0.0,
            -0.6196315288543701,
            -0.30539411306381226,
            -0.29727810621261597
          ],
          "candidate_probabilities": [
            0.9999998807907104,
            5.982036199725371e-9,
            1.2719821995688108e-7,
            3.387478386684961e-8
          ],
          "class_index": 41,
          "conditional_hand_mass": 0.0030165911925363843,
          "expected_action_loss_bb": 5.2622477399424146e-8,
          "hand": "54s",
          "probability_on_actions_losing_over_0_1bb": 1.6705504002345606e-7,
          "reference_expected_action_loss_bb": 5.436582058433728e-8,
          "reference_probabilities": [
            0.9999998807907104,
            5.982036199725371e-9,
            1.321542697496625e-7,
            3.4647779756369346e-8
          ]
        },
        {
          "action_values_bb": [
            0.0,
            -0.18424539268016815,
            0.4318512976169586,
            0.6000574231147766
          ],
          "candidate_probabilities": [
            5.982034423368532e-9,
            5.982034423368532e-9,
            1.0776622616504028e-7,
            0.9999998211860657
          ],
          "class_index": 42,
          "conditional_hand_mass": 0.0045248869052198935,
          "expected_action_loss_bb": 2.640822996624364e-8,
          "hand": "55",
          "probability_on_actions_losing_over_0_1bb": 1.1973029501177734e-7,
          "reference_expected_action_loss_bb": 3.3345421677605814e-8,
          "reference_probabilities": [
            5.982034867457742e-9,
            5.982034867457742e-9,
            1.4900842870702036e-7,
            0.9999998211860657
          ]
        },
        {
          "action_values_bb": [
            0.0,
            -0.7178162336349487,
            -0.449756920337677,
            -0.45039504766464233
          ],
          "candidate_probabilities": [
            0.9999999403953552,
            5.982034423368532e-9,
            8.489067226946645e-8,
            2.4522890385014762e-8
          ],
          "class_index": 43,
          "conditional_hand_mass": 0.009049773810439787,
          "expected_action_loss_bb": 5.35191571284008e-8,
          "hand": "65o",
          "probability_on_actions_losing_over_0_1bb": 1.1539559707784974e-7,
          "reference_expected_action_loss_bb": 5.398442035545161e-8,
          "reference_probabilities": [
            0.9999999403953552,
            5.982034423368532e-9,
            8.575485566097996e-8,
            2.4692942801607387e-8
          ]
        },
        {
          "action_values_bb": [
            0.0,
            -0.7470453977584839,
            -0.4854958653450012,
            -0.46765464544296265
          ],
          "candidate_probabilities": [
            0.9999999403953552,
            5.982033979279322e-9,
            5.879391906660203e-8,
            2.1674638972513094e-8
          ],
          "class_index": 44,
          "conditional_hand_mass": 0.009049773810439787,
          "expected_action_loss_bb": 4.314930117151424e-8,
          "hand": "75o",
          "probability_on_actions_losing_over_0_1bb": 8.645059201839445e-8,
          "reference_expected_action_loss_bb": 5.249761517560894e-8,
          "reference_probabilities": [
            0.9999999403953552,
            5.982034423368532e-9,
            7.57501865678023e-8,
            2.40612632040893e-8
          ]
        },
        {
          "action_values_bb": [
            0.0,
            -0.7260902523994446,
            -0.4515611231327057,
            -0.4639742970466614
          ],
          "candidate_probabilities": [
            0.9999999403953552,
            5.982034867457742e-9,
            9.176370951990975e-8,
            2.7467345731224668e-8
          ],
          "class_index": 45,
          "conditional_hand_mass": 0.009049773810439787,
          "expected_action_loss_bb": 5.8524563367791055e-8,
          "hand": "85o",
          "probability_on_actions_losing_over_0_1bb": 1.2521309011859216e-7,
          "reference_expected_action_loss_bb": 6.121368907597268e-8,
          "reference_probabilities": [
            0.9999999403953552,
            5.982034867457742e-9,
            9.686890223292721e-8,
            2.8294588005906007e-8
          ]
        },
        {
          "action_values_bb": [
            0.0,
            -0.711784839630127,
            -0.42740580439567566,
            -0.4481409788131714
          ],
          "candidate_probabilities": [
            0.9999999403953552,
            5.9820353115469516e-9,
            1.135166769472562e-7,
            3.2761157342520164e-8
          ],
          "class_index": 46,
          "conditional_hand_mass": 0.009049773810439787,
          "expected_action_loss_bb": 6.74572257863866e-8,
          "hand": "95o",
          "probability_on_actions_losing_over_0_1bb": 1.5225986960132332e-7,
          "reference_expected_action_loss_bb": 6.627806642740325e-8,
          "reference_probabilities": [
            0.9999999403953552,
            5.9820353115469516e-9,
            1.1103571040393945e-7,
            3.249610713851325e-8
          ]
        },
        {
          "action_values_bb": [
            0.0,
            -0.6434371471405029,
            -0.3939460515975952,
            -0.42921769618988037
          ],
          "candidate_probabilities": [
            0.9999997615814209,
            6.948703834552816e-9,
            1.345680402664584e-7,
            3.980330731678805e-8
          ],
          "class_index": 47,
          "conditional_hand_mass": 0.009049773810439787,
          "expected_action_loss_bb": 7.456788617307601e-8,
          "hand": "T5o",
          "probability_on_actions_losing_over_0_1bb": 1.8132005141779928e-7,
          "reference_expected_action_loss_bb": 7.033446140553709e-8,
          "reference_probabilities": [
            0.9999998211860657,
            9.153283464513606e-9,
            1.2265981297332473e-7,
            3.75649698014513e-8
          ]
        },
        {
          "action_values_bb": [
            0.0,
            -0.49941903352737427,
            -0.3182255029678345,
            -0.3331490159034729
          ],
          "candidate_probabilities": [
            0.9999997615814209,
            2.7790779455472148e-8,
            1.3160497758235579e-7,
            4.7376513379049356e-8
          ],
          "class_index": 48,
          "conditional_hand_mass": 0.009049773810439787,
          "expected_action_loss_bb": 7.154274321000807e-8,
          "hand": "J5o",
          "probability_on_actions_losing_over_0_1bb": 2.067722704168773e-7,
          "reference_expected_action_loss_bb": 7.173154670925983e-8,
          "reference_probabilities": [
            0.9999997615814209,
            2.9931509715197535e-8,
            1.312730404379181e-7,
            4.50511663530051e-8
          ]
        },
        {
          "action_values_bb": [
            0.0,
            -0.33283770084381104,
            -0.17412588000297546,
            -0.17691272497177124
          ],
          "candidate_probabilities": [
            0.9999995827674866,
            2.9207203766645762e-8,
            3.2529055715713184e-7,
            7.87515972433539e-8
          ],
          "class_index": 49,
          "conditional_hand_mass": 0.009049773810439787,
          "expected_action_loss_bb": 8.029492273561201e-8,
          "hand": "Q5o",
          "probability_on_actions_losing_over_0_1bb": 4.332493581671315e-7,
          "reference_expected_action_loss_bb": 7.218410211723704e-8,
          "reference_probabilities": [
            0.9999995827674866,
            3.05616509876927e-8,
            2.77833095196911e-7,
            7.706681515173841e-8
          ]
        },
        {
          "action_values_bb": [
            0.0,
            -0.2041441649198532,
            -0.03185616433620453,
            -0.0009960830211639404
          ],
          "candidate_probabilities": [
            0.9999980330467224,
            3.5696828604159236e-8,
            2.3317151942592318e-7,
            1.734803845465649e-6
          ],
          "class_index": 50,
          "conditional_hand_mass": 0.009049773810439787,
          "expected_action_loss_bb": 1.6443258162556177e-8,
          "hand": "K5o",
          "probability_on_actions_losing_over_0_1bb": 3.5696828604159236e-8,
          "reference_expected_action_loss_bb": 2.030402073112509e-6,
          "reference_probabilities": [
            0.9979963302612305,
            2.5524032665202867e-8,
            9.530310194350022e-7,
            0.0020026760175824165
          ]
        },
        {
          "action_values_bb": [
            0.0,
            -0.34468725323677063,
            0.18285684287548065,
            0.31922659277915955
          ],
          "candidate_probabilities": [
            5.982034867457742e-9,
            1.1291517942879636e-8,
            1.2107513214232313e-7,
            0.9999998211860657
          ],
          "class_index": 51,
          "conditional_hand_mass": 0.009049773810439787,
          "expected_action_loss_bb": 2.591720520324325e-8,
          "hand": "A5o",
          "probability_on_actions_losing_over_0_1bb": 1.383486849526605e-7,
          "reference_expected_action_loss_bb": 2.5532433358526933e-8,
          "reference_probabilities": [
            5.982034867457742e-9,
            5.982034867457742e-9,
            1.441027279724949e-7,
            0.9999998211860657
          ]
        },
        {
          "action_values_bb": [
            0.0,
            -0.8047075867652893,
            -0.5900248885154724,
            -0.5560334324836731
          ],
          "candidate_probabilities": [
            1.0,
            5.9820353115469516e-9,
            5.6834263517657746e-8,
            1.4640206380533982e-8
          ],
          "class_index": 52,
          "conditional_hand_mass": 0.0030165911925363843,
          "expected_action_loss_bb": 4.648786340140237e-8,
          "hand": "62s",
          "probability_on_actions_losing_over_0_1bb": 7.745650520973868e-8,
          "reference_expected_action_loss_bb": 4.492873336924742e-8,
          "reference_probabilities": [
            1.0,
            5.9820353115469516e-9,
            5.619487453145666e-8,
            1.2514660419071788e-8
          ]
        },
        {
          "action_values_bb": [
            0.0,
            -0.7026063203811646,
            -0.4291668236255646,
            -0.42454761266708374
          ],
          "candidate_probabilities": [
            0.9999998807907104,
            5.982036199725371e-9,
            1.229746260378306e-7,
            2.941154342295249e-8
          ],
          "class_index": 53,
          "conditional_hand_mass": 0.0030165911925363843,
          "expected_action_loss_bb": 6.946624663094212e-8,
          "hand": "63s",
          "probability_on_actions_losing_over_0_1bb": 1.5836820566050847e-7,
          "reference_expected_action_loss_bb": 5.1586493945818043e-8,
          "reference_probabilities": [
            0.9999998807907104,
            5.9820353115469516e-9,
            8.629756820255352e-8,
            2.4372825535579068e-8
          ]
        },
        {
          "action_values_bb": [
            0.0,
            -0.6656518578529358,
            -0.3710152804851532,
            -0.344773530960083
          ],
          "candidate_probabilities": [
            0.9999998807907104,
            5.982036199725371e-9,
            1.1261531085438037e-7,
            3.135291137823515e-8
          ],
          "class_index": 54,
          "conditional_hand_mass": 0.0030165911925363843,
          "expected_action_loss_bb": 5.6573608615404054e-8,
          "hand": "64s",
          "probability_on_actions_losing_over_0_1bb": 1.499502584323409e-7,
          "reference_expected_action_loss_bb": 5.652911618237261e-8,
          "reference_probabilities": [
            0.9999998807907104,
            5.982036199725371e-9,
            1.1245311526408841e-7,
            3.139840387689219e-8
          ]
        },
        {
          "action_values_bb": [
            0.0,
            -0.6094063520431519,
            -0.2763010561466217,
            -0.24835726618766785
          ],
          "candidate_probabilities": [
            0.9999997615814209,
            5.982036199725371e-9,
            2.099815503697755e-7,
            4.2762401619711454e-8
          ],
          "class_index": 55,
          "conditional_hand_mass": 0.0030165911925363843,
          "expected_action_loss_bb": 7.228396815862937e-8,
          "hand": "65s",
          "probability_on_actions_losing_over_0_1bb": 2.5872598818921233e-7,
          "reference_expected_action_loss_bb": 5.278320291592573e-8,
          "reference_probabilities": [
            0.9999998807907104,
            5.982036199725371e-9,
            1.4209319942892762e-7,
            3.977017115630588e-8
          ]
        },
        {
          "action_values_bb": [
            0.0,
            -0.09329968690872192,
            0.5807717442512512,
            0.7602216601371765
          ],
          "candidate_probabilities": [
            5.982034423368532e-9,
            5.982034423368532e-9,
            9.982856141732555e-8,
            0.9999999403953552
          ],
          "class_index": 56,
          "conditional_hand_mass": 0.0045248869052198935,
          "expected_action_loss_bb": 2.7567693168791402e-8,
          "hand": "66",
          "probability_on_actions_losing_over_0_1bb": 1.1179263026406261e-7,
          "reference_expected_action_loss_bb": 2.8833545316472972e-8,
          "reference_probabilities": [
            5.982034423368532e-9,
            5.982034423368532e-9,
            1.0688263074598581e-7,
            0.9999998211860657
          ]
        },
        {
          "action_values_bb": [
            0.0,
            -0.6629216074943542,
            -0.357455849647522,
            -0.35407334566116333
          ],
          "candidate_probabilities": [
            0.9999998211860657,
            5.9820353115469516e-9,
            1.3069666238152422e-7,
            3.575702223201915e-8
          ],
          "class_index": 57,
          "conditional_hand_mass": 0.009049773810439787,
          "expected_action_loss_bb": 6.334451545507338e-8,
          "hand": "76o",
          "probability_on_actions_losing_over_0_1bb": 1.7243571992509032e-7,
          "reference_expected_action_loss_bb": 6.023915611593583e-8,
          "reference_probabilities": [
            0.9999998211860657,
            5.982034867457742e-9,
            1.2322705345013674e-7,
            3.452760566347024e-8
          ]
        },
        {
          "action_values_bb": [
            0.0,
            -0.6620475649833679,
            -0.3489552438259125,
            -0.3587334156036377
          ],
          "candidate_probabilities": [
            0.9999998211860657,
            5.9820353115469516e-9,
            1.3238417295724503e-7,
            3.768755973965199e-8
          ],
          "class_index": 58,
          "conditional_hand_mass": 0.009049773810439787,
          "expected_action_loss_bb": 6.367633029581289e-8,
          "hand": "86o",
          "probability_on_actions_losing_over_0_1bb": 1.7605376800844397e-7,
          "reference_expected_action_loss_bb": 6.230529223805342e-8,
          "reference_probabilities": [
            0.9999998211860657,
            5.9820353115469516e-9,
            1.2898873080757767e-7,
            3.7168565114598096e-8
          ]
        },
        {
          "action_values_bb": [
            0.0,
            -0.5991902351379395,
            -0.3504778742790222,
            -0.35771751403808594
          ],
          "candidate_probabilities": [
            0.9999997615814209,
            1.1484166506647853e-8,
            1.3560345735186274e-7,
            4.089978489218993e-8
          ],
          "class_index": 59,
          "conditional_hand_mass": 0.009049773810439787,
          "expected_action_loss_bb": 6.903778128337512e-8,
          "hand": "96o",
          "probability_on_actions_losing_over_0_1bb": 1.8798740875070052e-7,
          "reference_expected_action_loss_bb": 6.628072702300136e-8,
          "reference_probabilities": [
            0.9999997615814209,
            8.989842648077229e-9,
            1.3265778875393153e-7,
            4.0256573186070455e-8
          ]
        },
        {
          "action_values_bb": [
            0.0,
            -0.5268987417221069,
            -0.33809036016464233,
            -0.3431687355041504
          ],
          "candidate_probabilities": [
            0.9999997615814209,
            2.1517003290227876e-8,
            1.3806894116896729e-7,
            4.4540470867104887e-8
          ],
          "class_index": 60,
          "conditional_hand_mass": 0.009049773810439787,
          "expected_action_loss_bb": 7.33019570728423e-8,
          "hand": "T6o",
          "probability_on_actions_losing_over_0_1bb": 2.0412641532630005e-7,
          "reference_expected_action_loss_bb": 7.25293827468694e-8,
          "reference_probabilities": [
            0.9999997615814209,
            2.6797749796969583e-8,
            1.286777546738449e-7,
            4.343336712508972e-8
          ]
        },
        {
          "action_values_bb": [
            0.0,
            -0.4819764792919159,
            -0.2998238801956177,
            -0.3003678321838379
          ],
          "candidate_probabilities": [
            0.9999997019767761,
            2.563231227270535e-8,
            1.988077684700329e-7,
            5.430825211760748e-8
          ],
          "class_index": 61,
          "conditional_hand_mass": 0.009049773810439787,
          "expected_action_loss_bb": 8.827394013928581e-8,
          "hand": "J6o",
          "probability_on_actions_losing_over_0_1bb": 2.7874833286034573e-7,
          "reference_expected_action_loss_bb": 7.116936556545611e-8,
          "reference_probabilities": [
            0.9999997615814209,
            3.354222855023181e-8,
            1.3326517489531398e-7,
            5.009430736890863e-8
          ]
        },
        {
          "action_values_bb": [
            0.0,
            -0.30421897768974304,
            -0.1456504613161087,
            -0.13040034472942352
          ],
          "candidate_probabilities": [
            0.9999997019767761,
            3.4015933181308355e-8,
            2.705148745008046e-7,
            8.964911302200562e-8
          ],
          "class_index": 62,
          "conditional_hand_mass": 0.009049773810439787,
          "expected_action_loss_bb": 6.143918392424826e-8,
          "hand": "Q6o",
          "probability_on_actions_losing_over_0_1bb": 3.9417992070411856e-7,
          "reference_expected_action_loss_bb": 7.313728663103407e-8,
          "reference_probabilities": [
            0.9999995827674866,
            3.345834542756165e-8,
            3.529009973135544e-7,
            8.863803202530107e-8
          ]
        },
        {
          "action_values_bb": [
            0.0,
            -0.17928525805473328,
            0.03219173848628998,
            0.06844259798526764
          ],
          "candidate_probabilities": [
            5.982041972885099e-9,
            1.7029385901423666e-8,
            6.879189982100797e-7,
            0.9999992847442627
          ],
          "class_index": 63,
          "conditional_hand_mass": 0.009049773810439787,
          "expected_action_loss_bb": 2.956573470370974e-8,
          "hand": "K6o",
          "probability_on_actions_losing_over_0_1bb": 1.7029385901423666e-8,
          "reference_expected_action_loss_bb": 4.857620855498609e-8,
          "reference_probabilities": [
            5.982043749241939e-9,
            1.7257510975809964e-8,
            1.210774485116417e-6,
            0.9999987483024597
          ]
        },
        {
          "action_values_bb": [
            0.0,
            -0.33232951164245605,
            0.2023157924413681,
            0.3391668200492859
          ],
          "candidate_probabilities": [
            5.982034867457742e-9,
            5.982034867457742e-9,
            1.9032106024496898e-7,
            0.9999997615814209
          ],
          "class_index": 64,
          "conditional_hand_mass": 0.009049773810439787,
          "expected_action_loss_bb": 3.2091454882921996e-8,
          "hand": "A6o",
          "probability_on_actions_losing_over_0_1bb": 2.0228512997988446e-7,
          "reference_expected_action_loss_bb": 2.6514885047539965e-8,
          "reference_probabilities": [
            5.982034867457742e-9,
            5.982034867457742e-9,
            1.4957186067476869e-7,
            0.9999998211860657
          ]
        },
        {
          "action_values_bb": [
            0.0,
            -0.7889707088470459,
            -0.5621793270111084,
            -0.5459786653518677
          ],
          "candidate_probabilities": [
            1.0,
            5.9820353115469516e-9,
            5.662827717856089e-8,
            1.4060094422063685e-8
          ],
          "class_index": 65,
          "conditional_hand_mass": 0.0030165911925363843,
          "expected_action_loss_bb": 4.42314089814207e-8,
          "hand": "72s",
          "probability_on_actions_losing_over_0_1bb": 7.667040691217153e-8,
          "reference_expected_action_loss_bb": 4.517414800855825e-8,
          "reference_probabilities": [
            1.0,
            5.9820353115469516e-9,
            5.702480976310653e-8,
            1.5378491369233416e-8
          ]
        },
        {
          "action_values_bb": [
            0.0,
            -0.6992249488830566,
            -0.42189082503318787,
            -0.42584747076034546
          ],
          "candidate_probabilities": [
            0.9999998807907104,
            5.982036199725371e-9,
            1.1422392987014973e-7,
            2.913568408757783e-8
          ],
          "class_index": 66,
          "conditional_hand_mass": 0.0030165911925363843,
          "expected_action_loss_bb": 6.478017434498749e-8,
          "hand": "73s",
          "probability_on_actions_losing_over_0_1bb": 1.4934165015745293e-7,
          "reference_expected_action_loss_bb": 5.549906810919636e-8,
          "reference_probabilities": [
            0.9999998807907104,
            5.9820353115469516e-9,
            9.503033027158381e-8,
            2.6356515192560437e-8
          ]
        },
        {
          "action_values_bb": [
            0.0,
            -0.6991556882858276,
            -0.4145474433898926,
            -0.3713998794555664
          ],
          "candidate_probabilities": [
            0.9999998807907104,
            5.982036199725371e-9,
            1.0962376251200112e-7,
            3.1600681182908374e-8
          ],
          "class_index": 67,
          "conditional_hand_mass": 0.0030165911925363843,
          "expected_action_loss_bb": 6.13631143027465e-8,
          "hand": "74s",
          "probability_on_actions_losing_over_0_1bb": 1.4720647989463487e-7,
          "reference_expected_action_loss_bb": 5.7606305313823895e-8,
          "reference_probabilities": [
            0.9999998807907104,
            5.9820353115469516e-9,
            1.0171923037205488e-7,
            3.030826078997961e-8
          ]
        },
        {
          "action_values_bb": [
            0.0,
            -0.641559362411499,
            -0.3185536861419678,
            -0.27260035276412964
          ],
          "candidate_probabilities": [
            0.9999998807907104,
            5.982036199725371e-9,
            1.1021574408687229e-7,
            3.4942985394081916e-8
          ],
          "class_index": 68,
          "conditional_hand_mass": 0.0030165911925363843,
          "expected_action_loss_bb": 4.847293302502983e-8,
          "hand": "75s",
          "probability_on_actions_losing_over_0_1bb": 1.5114076568067958e-7,
          "reference_expected_action_loss_bb": 5.6542020062861674e-8,
          "reference_probabilities": [
            0.9999998807907104,
            5.982036199725371e-9,
            1.3210014060405229e-7,
            3.896987621487824e-8
          ]
        },
        {
          "action_values_bb": [
            0.0,
            -0.5631964206695557,
            -0.19763289391994476,
            -0.1638379842042923
          ],
          "candidate_probabilities": [
            0.9999997615814209,
            5.9820353115469516e-9,
            1.7802561558255547e-7,
            4.9323421791314104e-8
          ],
          "class_index": 69,
          "conditional_hand_mass": 0.0030165911925363843,
          "expected_action_loss_bb": 4.663382847558915e-8,
          "hand": "76s",
          "probability_on_actions_losing_over_0_1bb": 2.3333107268541653e-7,
          "reference_expected_action_loss_bb": 5.680523295095548e-8,
          "reference_probabilities": [
            0.9999997615814209,
            5.982036199725371e-9,
            2.2747578043436079e-7,
            5.175524364631201e-8
          ]
        },
        {
          "action_values_bb": [
            0.0,
            -0.039991334080696106,
            0.6740329265594482,
            0.8902177214622498
          ],
          "candidate_probabilities": [
            5.982034423368532e-9,
            5.982034423368532e-9,
            8.815300844844387e-8,
            0.9999999403953552
          ],
          "class_index": 70,
          "conditional_hand_mass": 0.0045248869052198935,
          "expected_action_loss_bb": 2.994719569675868e-8,
          "hand": "77",
          "probability_on_actions_losing_over_0_1bb": 1.0011707729518093e-7,
          "reference_expected_action_loss_bb": 3.084912203830212e-8,
          "reference_probabilities": [
            5.982034423368532e-9,
            5.982034423368532e-9,
            9.232502407030552e-8,
            0.9999999403953552
          ]
        },
        {
          "action_values_bb": [
            0.0,
            -0.5301066637039185,
            -0.2957133948802948,
            -0.27659106254577637
          ],
          "candidate_probabilities": [
            0.9999997615814209,
            1.0961095142647537e-8,
            1.43421814868816e-7,
            4.3598671339850625e-8
          ],
          "class_index": 71,
          "conditional_hand_mass": 0.009049773810439787,
          "expected_action_loss_bb": 6.02813041828342e-8,
          "hand": "87o",
          "probability_on_actions_losing_over_0_1bb": 1.9798158135131416e-7,
          "reference_expected_action_loss_bb": 5.944860808865931e-8,
          "reference_probabilities": [
            0.9999997615814209,
            1.0724264143391338e-8,
            1.4130974079762382e-7,
            4.330010128228423e-8
          ]
        },
        {
          "action_values_bb": [
            0.0,
            -0.48578065633773804,
            -0.3039810061454773,
            -0.2820149064064026
          ],
          "candidate_probabilities": [
            0.9999997615814209,
            2.4107782436999514e-8,
            1.338514010740255e-7,
            4.434972211697641e-8
          ],
          "class_index": 72,
          "conditional_hand_mass": 0.009049773810439787,
          "expected_action_loss_bb": 6.490666067952617e-8,
          "hand": "97o",
          "probability_on_actions_losing_over_0_1bb": 2.023089056280014e-7,
          "reference_expected_action_loss_bb": 6.453662021595639e-8,
          "reference_probabilities": [
            0.9999997615814209,
            2.288565781327634e-8,
            1.3453525582463044e-7,
            4.4405624066712335e-8
          ]
        },
        {
          "action_values_bb": [
            0.0,
            -0.44315311312675476,
            -0.26582375168800354,
            -0.24912112951278687
          ],
          "candidate_probabilities": [
            0.9999998211860657,
            3.7803523866841715e-8,
            1.1259484722359048e-7,
            5.4912753455482743e-8
          ],
          "class_index": 73,
          "conditional_hand_mass": 0.009049773810439787,
          "expected_action_loss_bb": 6.036306116395194e-8,
          "hand": "T7o",
          "probability_on_actions_losing_over_0_1bb": 2.0531112454591494e-7,
          "reference_expected_action_loss_bb": 6.937050211474857e-8,
          "reference_probabilities": [
            0.9999997615814209,
            3.152853977894665e-8,
            1.5768358707646257e-7,
            5.412021408801593e-8
          ]
        },
        {
          "action_values_bb": [
            0.0,
            -0.39846891164779663,
            -0.22905749082565308,
            -0.20651158690452576
          ],
          "candidate_probabilities": [
            0.9999997019767761,
            3.454774599731536e-8,
            2.4778654506008024e-7,
            6.98491078310326e-8
          ],
          "class_index": 74,
          "conditional_hand_mass": 0.009049773810439787,
          "expected_action_loss_bb": 8.494821712130626e-8,
          "hand": "J7o",
          "probability_on_actions_losing_over_0_1bb": 3.521833988884282e-7,
          "reference_expected_action_loss_bb": 7.536492660082671e-8,
          "reference_probabilities": [
            0.9999997019767761,
            3.785845592574333e-8,
            2.0242556786342902e-7,
            6.736869551104974e-8
          ]
        },
        {
          "action_values_bb": [
            0.0,
            -0.3078506290912628,
            -0.14936840534210205,
            -0.11352020502090454
          ],
          "candidate_probabilities": [
            0.9999995827674866,
            4.241229589752038e-8,
            2.581944897883659e-7,
            9.945828338686624e-8
          ],
          "class_index": 75,
          "conditional_hand_mass": 0.009049773810439787,
          "expected_action_loss_bb": 6.291327590216658e-8,
          "hand": "Q7o",
          "probability_on_actions_losing_over_0_1bb": 4.000650690727525e-7,
          "reference_expected_action_loss_bb": 6.586067963464257e-8,
          "reference_probabilities": [
            0.9999997019767761,
            3.949471860664744e-8,
            2.7362372634343046e-7,
            1.1303244207283569e-7
          ]
        },
        {
          "action_values_bb": [
            0.0,
            -0.14219292998313904,
            0.05000942945480347,
            0.10765789449214935
          ],
          "candidate_probabilities": [
            5.982034867457742e-9,
            3.5301280121302625e-8,
            2.79042723150269e-7,
            0.9999997019767761
          ],
          "class_index": 76,
          "conditional_hand_mass": 0.009049773810439787,
          "expected_action_loss_bb": 2.5550451891403764e-8,
          "hand": "K7o",
          "probability_on_actions_losing_over_0_1bb": 4.128331498876037e-8,
          "reference_expected_action_loss_bb": 3.4155540806418264e-8,
          "reference_probabilities": [
            5.98204064061747e-9,
            2.072141214171097e-8,
            4.915007707495533e-7,
            0.999999463558197
          ]
        },
        {
          "action_values_bb": [
            0.0,
            -0.33208104968070984,
            0.2060558795928955,
            0.3938290476799011
          ],
          "candidate_probabilities": [
            5.982034423368532e-9,
            5.982034423368532e-9,
            1.1687608036936581e-7,
            0.9999998211860657
          ],
          "class_index": 77,
          "conditional_hand_mass": 0.009049773810439787,
          "expected_action_loss_bb": 2.8644509995372896e-8,
          "hand": "A7o",
          "probability_on_actions_losing_over_0_1bb": 1.2884014921610287e-7,
          "reference_expected_action_loss_bb": 2.747855443444402e-8,
          "reference_probabilities": [
            5.982034423368532e-9,
            5.982034423368532e-9,
            1.106666971395498e-7,
            0.9999998211860657
          ]
        },
        {
          "action_values_bb": [
            0.0,
            -0.7114129066467285,
            -0.4374973475933075,
            -0.4528447985649109
          ],
          "candidate_probabilities": [
            0.9999998807907104,
            5.9820353115469516e-9,
            9.327995087460295e-8,
            2.6382432238847286e-8
          ],
          "class_index": 78,
          "conditional_hand_mass": 0.0030165911925363843,
          "expected_action_loss_bb": 5.701257543277701e-8,
          "hand": "82s",
          "probability_on_actions_losing_over_0_1bb": 1.2564441842499718e-7,
          "reference_expected_action_loss_bb": 5.740773494067823e-8,
          "reference_probabilities": [
            0.9999998807907104,
            5.9820353115469516e-9,
            9.408895351725732e-8,
            2.6473463421439192e-8
          ]
        },
        {
          "action_values_bb": [
            0.0,
            -0.6948227882385254,
            -0.4108303487300873,
            -0.4372028708457947
          ],
          "candidate_probabilities": [
            0.9999998807907104,
            5.9820353115469516e-9,
            1.0566109409637647e-7,
            2.903779616758584e-8
          ],
          "class_index": 79,
          "conditional_hand_mass": 0.0030165911925363843,
          "expected_action_loss_bb": 6.026064643683082e-8,
          "hand": "83s",
          "probability_on_actions_losing_over_0_1bb": 1.4068092557550926e-7,
          "reference_expected_action_loss_bb": 6.006704197272983e-8,
          "reference_probabilities": [
            0.9999998807907104,
            5.9820353115469516e-9,
            1.0525739924105437e-7,
            2.8974314503216192e-8
          ]
        },
        {
          "action_values_bb": [
            0.0,
            -0.657551646232605,
            -0.3492652177810669,
            -0.3467234969139099
          ],
          "candidate_probabilities": [
            0.9999998807907104,
            5.982036199725371e-9,
            1.2534498239347158e-7,
            3.578430707307234e-8
          ],
          "class_index": 80,
          "conditional_hand_mass": 0.0030165911925363843,
          "expected_action_loss_bb": 6.01194004073891e-8,
          "hand": "84s",
          "probability_on_actions_losing_over_0_1bb": 1.671113256662693e-7,
          "reference_expected_action_loss_bb": 6.035359214481096e-8,
          "reference_probabilities": [
            0.9999998807907104,
            5.982036199725371e-9,
            1.2597797649505083e-7,
            3.5822115052042136e-8
          ]
        },
        {
          "action_values_bb": [
            0.0,
            -0.5976123809814453,
            -0.2516278922557831,
            -0.24656856060028076
          ],
          "candidate_probabilities": [
            0.9999998807907104,
            5.982036199725371e-9,
            1.7058334833564004e-7,
            4.368281025790566e-8
          ],
          "class_index": 81,
          "conditional_hand_mass": 0.0030165911925363843,
          "expected_action_loss_bb": 5.72692749403332e-8,
          "hand": "85s",
          "probability_on_actions_losing_over_0_1bb": 2.2024819479327107e-7,
          "reference_expected_action_loss_bb": 5.705145518867493e-8,
          "reference_probabilities": [
            0.9999998807907104,
            5.982036199725371e-9,
            1.6971014815680974e-7,
            4.3690523199302334e-8
          ]
        },
        {
          "action_values_bb": [
            0.0,
            -0.5717160105705261,
            -0.20433589816093445,
            -0.1772732138633728
          ],
          "candidate_probabilities": [
            0.9999996423721313,
            5.982037087903791e-9,
            3.09484704530405e-7,
            5.6131774783807487e-8
          ],
          "class_index": 82,
          "conditional_hand_mass": 0.0030165911925363843,
          "expected_action_loss_bb": 7.660952156205359e-8,
          "hand": "86s",
          "probability_on_actions_losing_over_0_1bb": 3.715985164021163e-7,
          "reference_expected_action_loss_bb": 5.7523859408902426e-8,
          "reference_probabilities": [
            0.9999997615814209,
            5.982036199725371e-9,
            2.170109638655049e-7,
            5.506022660028975e-8
          ]
        },
        {
          "action_values_bb": [
            0.0,
            -0.5138518810272217,
            -0.11320401728153229,
            -0.07995758205652237
          ],
          "candidate_probabilities": [
            0.9999991655349731,
            5.982043305152729e-9,
            7.686201684009575e-7,
            7.729641282594457e-8
          ],
          "class_index": 83,
          "conditional_hand_mass": 0.0030165911925363843,
          "expected_action_loss_bb": 9.626520930254057e-8,
          "hand": "87s",
          "probability_on_actions_losing_over_0_1bb": 7.746022117061102e-7,
          "reference_expected_action_loss_bb": 6.437551376890461e-8,
          "reference_probabilities": [
            0.9999994039535522,
            5.98203886426063e-9,
            4.865166829404188e-7,
            7.786614730775909e-8
          ]
        },
        {
          "action_values_bb": [
            0.0,
            0.06588518619537354,
            0.828029990196228,
            1.0616958141326904
          ],
          "candidate_probabilities": [
            5.982034423368532e-9,
            5.982034423368532e-9,
            8.260249728664348e-8,
            0.9999999403953552
          ],
          "class_index": 84,
          "conditional_hand_mass": 0.0045248869052198935,
          "expected_action_loss_bb": 3.1609454950458245e-8,
          "hand": "88",
          "probability_on_actions_losing_over_0_1bb": 9.456656613338055e-8,
          "reference_expected_action_loss_bb": 3.203513812342928e-8,
          "reference_probabilities": [
            5.982034423368532e-9,
            5.982034423368532e-9,
            8.44242578068588e-8,
            0.9999999403953552
          ]
        },
        {
          "action_values_bb": [
            0.0,
            -0.3784050941467285,
            -0.20063869655132294,
            -0.18217869102954865
          ],
          "candidate_probabilities": [
            0.9999995827674866,
            1.371467117650127e-8,
            2.9114900712556846e-7,
            6.845365874141862e-8
          ],
          "class_index": 85,
          "conditional_hand_mass": 0.009049773810439787,
          "expected_action_loss_bb": 7.607625667531634e-8,
          "hand": "98o",
          "probability_on_actions_losing_over_0_1bb": 3.7331733704348835e-7,
          "reference_expected_action_loss_bb": 6.561783880701177e-8,
          "reference_probabilities": [
            0.9999997019767761,
            2.2052118353599326e-8,
            2.2650408482149942e-7,
            6.492373216815395e-8
          ]
        },
        {
          "action_values_bb": [
            0.0,
            -0.3128305673599243,
            -0.14554347097873688,
            -0.14389044046401978
          ],
          "candidate_probabilities": [
            0.999997615814209,
            5.9820504105800865e-9,
            2.3183074517874047e-6,
            1.0309589271173536e-7
          ],
          "class_index": 86,
          "conditional_hand_mass": 0.009049773810439787,
          "expected_action_loss_bb": 3.5412039496524994e-7,
          "hand": "T8o",
          "probability_on_actions_losing_over_0_1bb": 2.42738539490972e-6,
          "reference_expected_action_loss_bb": 6.88519146242052e-8,
          "reference_probabilities": [
            0.9999995827674866,
            2.7403002533787912e-8,
            3.351841826315649e-7,
            7.989098094185465e-8
          ]
        },
        {
          "action_values_bb": [
            0.0,
            -0.2542538642883301,
            -0.10596321523189545,
            -0.09456893801689148
          ],
          "candidate_probabilities": [
            0.9999995827674866,
            3.7524696239188415e-8,
            2.7124201551487204e-7,
            1.3020135725128057e-7
          ],
          "class_index": 87,
          "conditional_hand_mass": 0.009049773810439787,
          "expected_action_loss_bb": 5.059547917860643e-8,
          "hand": "J8o",
          "probability_on_actions_losing_over_0_1bb": 3.0876671175406045e-7,
          "reference_expected_action_loss_bb": 8.238998371602387e-8,
          "reference_probabilities": [
            0.9999992847442627,
            3.5252259777962536e-8,
            5.980062383059703e-7,
            1.0638056124889772e-7
          ]
        },
        {
          "action_values_bb": [
            0.0,
            -0.18441537022590637,
            -0.03167272359132767,
            0.0014659762382507324
          ],
          "candidate_probabilities": [
            5.982034867457742e-9,
            1.332726373703963e-8,
            0.9999997019767761,
            2.8149074182692857e-7
          ],
          "class_index": 88,
          "conditional_hand_mass": 0.009049773810439787,
          "expected_action_loss_bb": 0.03313869243953549,
          "hand": "Q8o",
          "probability_on_actions_losing_over_0_1bb": 1.332726373703963e-8,
          "reference_expected_action_loss_bb": 2.5139004816333447e-7,
          "reference_probabilities": [
            0.00014246632053982466,
            3.472362308798438e-8,
            1.0888578572121332e-6,
            0.9998564124107361
          ]
        },
        {
          "action_values_bb": [
            0.0,
            -0.36219245195388794,
            0.1439952701330185,
            0.1953878104686737
          ],
          "candidate_probabilities": [
            5.98204108470668e-9,
            5.98204108470668e-9,
            5.486757004291576e-7,
            0.999999463558197
          ],
          "class_index": 89,
          "conditional_hand_mass": 0.009049773810439787,
          "expected_action_loss_bb": 3.270212401300714e-8,
          "hand": "K8o",
          "probability_on_actions_losing_over_0_1bb": 1.196408216941336e-8,
          "reference_expected_action_loss_bb": 3.169284001537208e-8,
          "reference_probabilities": [
            5.98204064061747e-9,
            5.98204064061747e-9,
            5.290369813337747e-7,
            0.999999463558197
          ]
        },
        {
          "action_values_bb": [
            0.0,
            -0.26762187480926514,
            0.30271512269973755,
            0.5102850198745728
          ],
          "candidate_probabilities": [
            5.982034423368532e-9,
            5.982034423368532e-9,
            1.0591129750991968e-7,
            0.9999999403953552
          ],
          "class_index": 90,
          "conditional_hand_mass": 0.009049773810439787,
          "expected_action_loss_bb": 2.9690005510580834e-8,
          "hand": "A8o",
          "probability_on_actions_losing_over_0_1bb": 1.1787536635665674e-7,
          "reference_expected_action_loss_bb": 2.880958902633679e-8,
          "reference_probabilities": [
            5.982034423368532e-9,
            5.982034423368532e-9,
            1.016697552813639e-7,
            0.9999999403953552
          ]
        },
        {
          "action_values_bb": [
            0.0,
            -0.7059627175331116,
            -0.4213981032371521,
            -0.41506892442703247
          ],
          "candidate_probabilities": [
            0.9999998807907104,
            5.9820353115469516e-9,
            1.0012693962835328e-7,
            3.066310227950453e-8
          ],
          "class_index": 91,
          "conditional_hand_mass": 0.0030165911925363843,
          "expected_action_loss_bb": 5.9143697229997665e-8,
          "hand": "92s",
          "probability_on_actions_losing_over_0_1bb": 1.3677207721940476e-7,
          "reference_expected_action_loss_bb": 6.280272648592744e-8,
          "reference_probabilities": [
            0.9999998807907104,
            5.982036199725371e-9,
            1.0752636825372974e-7,
            3.1966315816589486e-8
          ]
        },
        {
          "action_values_bb": [
            0.0,
            -0.6178027391433716,
            -0.29041028022766113,
            -0.3306540846824646
          ],
          "candidate_probabilities": [
            0.9999998807907104,
            5.982036199725371e-9,
            1.460297198718763e-7,
            4.036954948105631e-8
          ],
          "class_index": 92,
          "conditional_hand_mass": 0.0030165911925363843,
          "expected_action_loss_bb": 5.945260665210573e-8,
          "hand": "93s",
          "probability_on_actions_losing_over_0_1bb": 1.9238130555265798e-7,
          "reference_expected_action_loss_bb": 5.984087270115447e-8,
          "reference_probabilities": [
            0.9999998807907104,
            5.982036199725371e-9,
            1.4706158424360183e-7,
            4.063750935756616e-8
          ]
        },
        {
          "action_values_bb": [
            0.0,
            -0.6673769950866699,
            -0.35854288935661316,
            -0.35106557607650757
          ],
          "candidate_probabilities": [
            0.9999998807907104,
            5.982036199725371e-9,
            1.2182708530872333e-7,
            3.699827999525951e-8
          ],
          "class_index": 93,
          "conditional_hand_mass": 0.0030165911925363843,
          "expected_action_loss_bb": 6.066133099233237e-8,
          "hand": "94s",
          "probability_on_actions_losing_over_0_1bb": 1.648074015037082e-7,
          "reference_expected_action_loss_bb": 6.298148186680134e-8,
          "reference_probabilities": [
            0.9999998807907104,
            5.982036199725371e-9,
            1.273091925213521e-7,
            3.800829162514674e-8
          ]
        },
        {
          "action_values_bb": [
            0.0,
            -0.5970669984817505,
            -0.24817711114883423,
            -0.2437863051891327
          ],
          "candidate_probabilities": [
            0.9999998807907104,
            8.172880150425499e-9,
            1.4775402235045476e-7,
            4.448765977826952e-8
          ],
          "class_index": 94,
          "conditional_hand_mass": 0.0030165911925363843,
          "expected_action_loss_bb": 5.2394405651777294e-8,
          "hand": "95s",
          "probability_on_actions_losing_over_0_1bb": 2.0041456227914978e-7,
          "reference_expected_action_loss_bb": 5.92580748958074e-8,
          "reference_probabilities": [
            0.9999997615814209,
            5.9820353115469516e-9,
            1.8007638402650628e-7,
            4.5103281109959426e-8
          ]
        },
        {
          "action_values_bb": [
            0.0,
            -0.49520742893218994,
            -0.1892264187335968,
            -0.16811421513557434
          ],
          "candidate_probabilities": [
            0.9999991655349731,
            5.982042416974309e-9,
            7.606572012264223e-7,
            6.185495493582494e-8
          ],
          "class_index": 95,
          "conditional_hand_mass": 0.0030165911925363843,
          "expected_action_loss_bb": 1.5729748711835247e-7,
          "hand": "96s",
          "probability_on_actions_losing_over_0_1bb": 8.284941985792216e-7,
          "reference_expected_action_loss_bb": 6.010895626077206e-8,
          "reference_probabilities": [
            0.9999996423721313,
            7.878731445032372e-9,
            2.4138950038832263e-7,
            6.26364595746054e-8
          ]
        },
        {
          "action_values_bb": [
            0.0,
            -0.3376668095588684,
            -0.13544827699661255,
            -0.09064387530088425
          ],
          "candidate_probabilities": [
            0.9999996423721313,
            2.6456268287233797e-8,
            2.1950401674075692e-7,
            7.301049720354058e-8
          ],
          "class_index": 96,
          "conditional_hand_mass": 0.0030165911925363843,
          "expected_action_loss_bb": 4.5282798970928117e-8,
          "hand": "97s",
          "probability_on_actions_losing_over_0_1bb": 2.459602850279907e-7,
          "reference_expected_action_loss_bb": 5.6118764362998106e-8,
          "reference_probabilities": [
            0.9999995231628418,
            1.6100123900741892e-8,
            3.199652098828665e-7,
            8.101540771576765e-8
          ]
        },
        {
          "action_values_bb": [
            0.0,
            -0.4289267957210541,
            0.024287138134241104,
            0.03058241307735443
          ],
          "candidate_probabilities": [
            5.98203975243905e-9,
            5.98203975243905e-9,
            0.9998431205749512,
            0.0001568582229083404
          ],
          "class_index": 97,
          "conditional_hand_mass": 0.0030165911925363843,
          "expected_action_loss_bb": 0.0062942902757472914,
          "hand": "98s",
          "probability_on_actions_losing_over_0_1bb": 5.98203975243905e-9,
          "reference_expected_action_loss_bb": 4.3322265550092084e-7,
          "reference_probabilities": [
            5.982041972885099e-9,
            5.982041972885099e-9,
            0.00006835140811745077,
            0.9999316334724426
          ]
        },
        {
          "action_values_bb": [
            0.0,
            0.1826009452342987,
            1.0191172361373901,
            1.2446744441986084
          ],
          "candidate_probabilities": [
            5.982033979279322e-9,
            5.982033979279322e-9,
            6.826879683785592e-8,
            0.9999999403953552
          ],
          "class_index": 98,
          "conditional_hand_mass": 0.0045248869052198935,
          "expected_action_loss_bb": 2.919756379007857e-8,
          "hand": "99",
          "probability_on_actions_losing_over_0_1bb": 8.023286479641456e-8,
          "reference_expected_action_loss_bb": 3.1007802471917013e-8,
          "reference_probabilities": [
            5.982033979279322e-9,
            5.982033979279322e-9,
            7.629442677625775e-8,
            0.9999999403953552
          ]
        },
        {
          "action_values_bb": [
            0.0,
            -0.2191813588142395,
            -0.056707076728343964,
            -0.04560708999633789
          ],
          "candidate_probabilities": [
            0.9999985694885254,
            2.977969870698871e-8,
            1.2555429975691368e-6,
            1.3052765268639632e-7
          ],
          "class_index": 99,
          "conditional_hand_mass": 0.009049773810439787,
          "expected_action_loss_bb": 8.367831432964367e-8,
          "hand": "T9o",
          "probability_on_actions_losing_over_0_1bb": 2.977969870698871e-8,
          "reference_expected_action_loss_bb": 9.071543448602816e-8,
          "reference_probabilities": [
            0.9999985098838806,
            2.6239883155199095e-8,
            1.378524075335008e-6,
            1.4892576416514203e-7
          ]
        },
        {
          "action_values_bb": [
            0.0,
            -0.17363868653774261,
            -0.024249158799648285,
            -0.0019626617431640625
          ],
          "candidate_probabilities": [
            0.11378411203622818,
            2.959179923323063e-8,
            0.49689051508903503,
            0.3893253803253174
          ],
          "class_index": 100,
          "conditional_hand_mass": 0.009049773810439787,
          "expected_action_loss_bb": 0.012813296174321493,
          "hand": "J9o",
          "probability_on_actions_losing_over_0_1bb": 2.959179923323063e-8,
          "reference_expected_action_loss_bb": 1.450733498927797e-6,
          "reference_probabilities": [
            0.9992881417274475,
            3.3644074193261986e-8,
            2.1439916508825263e-6,
            0.0007097002817317843
          ]
        },
        {
          "action_values_bb": [
            0.0,
            -0.1273740828037262,
            0.09231653064489365,
            0.11653470993041992
          ],
          "candidate_probabilities": [
            5.98204064061747e-9,
            7.3224062369092735e-9,
            0.000011793234079959802,
            0.9999881982803345
          ],
          "class_index": 101,
          "conditional_hand_mass": 0.009049773810439787,
          "expected_action_loss_bb": 2.8809377194064486e-7,
          "hand": "Q9o",
          "probability_on_actions_losing_over_0_1bb": 1.3304446877526743e-8,
          "reference_expected_action_loss_bb": 5.586398731851063e-8,
          "reference_probabilities": [
            5.9820504105800865e-9,
            1.624772139052766e-8,
            2.1142757304914994e-6,
            0.9999978542327881
          ]
        },
        {
          "action_values_bb": [
            0.0,
            -0.32107013463974,
            0.21646003425121307,
            0.2999945282936096
          ],
          "candidate_probabilities": [
            5.982034867457742e-9,
            5.982034867457742e-9,
            2.0316024063049554e-7,
            0.9999997615814209
          ],
          "class_index": 102,
          "conditional_hand_mass": 0.009049773810439787,
          "expected_action_loss_bb": 2.2480696107512076e-8,
          "hand": "K9o",
          "probability_on_actions_losing_over_0_1bb": 1.1964069734915483e-8,
          "reference_expected_action_loss_bb": 2.3399057747133198e-8,
          "reference_probabilities": [
            5.982034867457742e-9,
            5.982034867457742e-9,
            2.141540420552701e-7,
            0.9999997615814209
          ]
        },
        {
          "action_values_bb": [
            0.0,
            -0.2258663922548294,
            0.3718213438987732,
            0.5929872989654541
          ],
          "candidate_probabilities": [
            5.982034423368532e-9,
            5.982034423368532e-9,
            9.958137070498196e-8,
            0.9999999403953552
          ],
          "class_index": 103,
          "conditional_hand_mass": 0.009049773810439787,
          "expected_action_loss_bb": 3.046969036243033e-8,
          "hand": "A9o",
          "probability_on_actions_losing_over_0_1bb": 1.1154543955171903e-7,
          "reference_expected_action_loss_bb": 2.986326618887238e-8,
          "reference_probabilities": [
            5.982034423368532e-9,
            5.982034423368532e-9,
            9.683942892024788e-8,
            0.9999999403953552
          ]
        },
        {
          "action_values_bb": [
            0.0,
            -0.5609884262084961,
            -0.3462124466896057,
            -0.34414446353912354
          ],
          "candidate_probabilities": [
            0.9999998807907104,
            1.4522334446098739e-8,
            9.699397907070306e-8,
            3.439930296167404e-8
          ],
          "class_index": 104,
          "conditional_hand_mass": 0.0030165911925363843,
          "expected_action_loss_bb": 5.3565714017883975e-8,
          "hand": "T2s",
          "probability_on_actions_losing_over_0_1bb": 1.4591561647847584e-7,
          "reference_expected_action_loss_bb": 6.623955468474272e-8,
          "reference_probabilities": [
            0.9999998807907104,
            1.359459567140675e-8,
            1.2875231902853557e-7,
            4.0789522870454675e-8
          ]
        },
        {
          "action_values_bb": [
            0.0,
            -0.5236172676086426,
            -0.26678818464279175,
            -0.29063740372657776
          ],
          "candidate_probabilities": [
            0.9999998807907104,
            8.927801609104336e-9,
            1.6573913796946727e-7,
            4.489119120876239e-8
          ],
          "class_index": 105,
          "conditional_hand_mass": 0.0030165911925363843,
          "expected_action_loss_bb": 6.19390540905547e-8,
          "hand": "T3s",
          "probability_on_actions_losing_over_0_1bb": 2.19558130787334e-7,
          "reference_expected_action_loss_bb": 5.729642180385725e-8,
          "reference_probabilities": [
            0.9999998807907104,
            9.731884631491994e-9,
            1.4708236051319545e-7,
            4.4594408166176436e-8
          ]
        },
        {
          "action_values_bb": [
            0.0,
            -0.4645361602306366,
            -0.2596605718135834,
            -0.2601800560951233
          ],
          "candidate_probabilities": [
            0.9999997615814209,
            9.16526587957378e-9,
            1.8450813854542503e-7,
            5.221666299348726e-8
          ],
          "class_index": 106,
          "conditional_hand_mass": 0.0030165911925363843,
          "expected_action_loss_bb": 6.575282048490066e-8,
          "hand": "T4s",
          "probability_on_actions_losing_over_0_1bb": 2.4589006741848607e-7,
          "reference_expected_action_loss_bb": 5.98833123404295e-8,
          "reference_probabilities": [
            0.9999998807907104,
            1.554597517383627e-8,
            1.5347444559665746e-7,
            4.9236604127145256e-8
          ]
        },
        {
          "action_values_bb": [
            0.0,
            -0.43143466114997864,
            -0.22267363965511322,
            -0.23138312995433807
          ],
          "candidate_probabilities": [
            0.9999997615814209,
            1.530212223599392e-8,
            1.9225548442136642e-7,
            5.5431481627010726e-8
          ],
          "class_index": 107,
          "conditional_hand_mass": 0.0030165911925363843,
          "expected_action_loss_bb": 6.22380040983883e-8,
          "hand": "T5s",
          "probability_on_actions_losing_over_0_1bb": 2.6298908828437106e-7,
          "reference_expected_action_loss_bb": 6.486902517689217e-8,
          "reference_probabilities": [
            0.9999997615814209,
            1.524652759599121e-8,
            2.0579436466050538e-7,
            5.387672175061198e-8
          ]
        },
        {
          "action_values_bb": [
            0.0,
            -0.343866229057312,
            -0.14540520310401917,
            -0.13717037439346313
          ],
          "candidate_probabilities": [
            0.9999996423721313,
            2.2380477915362462e-8,
            2.506588714368263e-7,
            7.283026093318767e-8
          ],
          "class_index": 108,
          "conditional_hand_mass": 0.0030165911925363843,
          "expected_action_loss_bb": 5.413314881573106e-8,
          "hand": "T6s",
          "probability_on_actions_losing_over_0_1bb": 3.4586961028537644e-7,
          "reference_expected_action_loss_bb": 5.8672820615905655e-8,
          "reference_probabilities": [
            0.9999996423721313,
            1.8085628994413128e-8,
            2.9096588605170837e-7,
            7.396516821245314e-8
          ]
        },
        {
          "action_values_bb": [
            0.0,
            -0.258661150932312,
            -0.06349416077136993,
            -0.04134991765022278
          ],
          "candidate_probabilities": [
            0.9999988079071045,
            1.5953142806779397e-8,
            1.0756822348412243e-6,
            1.2092337442481949e-7
          ],
          "class_index": 109,
          "conditional_hand_mass": 0.0030165911925363843,
          "expected_action_loss_bb": 7.742617061175764e-8,
          "hand": "T7s",
          "probability_on_actions_losing_over_0_1bb": 1.5953142806779397e-8,
          "reference_expected_action_loss_bb": 7.924429638199913e-8,
          "reference_probabilities": [
            0.9999988079071045,
            1.8144865165936608e-8,
            1.1059471489716088e-6,
            1.047097271111852e-7
          ]
        },
        {
          "action_values_bb": [
            0.0,
            -0.410209059715271,
            0.05983109027147293,
            0.05975160002708435
          ],
          "candidate_probabilities": [
            5.98204108470668e-9,
            5.98204108470668e-9,
            0.000011605445251916535,
            0.9999883770942688
          ],
          "class_index": 110,
          "conditional_hand_mass": 0.0030165911925363843,
          "expected_action_loss_bb": 0.00007949249019249207,
          "hand": "T8s",
          "probability_on_actions_losing_over_0_1bb": 5.98204108470668e-9,
          "reference_expected_action_loss_bb": 0.00006114328218811423,
          "reference_probabilities": [
            5.98204064061747e-9,
            5.98204064061747e-9,
            0.2308475822210312,
            0.7691524028778076
          ]
        },
        {
          "action_values_bb": [
            0.0,
            -0.3700723648071289,
            0.12366368621587753,
            0.14051468670368195
          ],
          "candidate_probabilities": [
            5.98204108470668e-9,
            5.98204108470668e-9,
            0.000016338712157448754,
            0.9999836087226868
          ],
          "class_index": 111,
          "conditional_hand_mass": 0.0030165911925363843,
          "expected_action_loss_bb": 2.792185638835879e-7,
          "hand": "T9s",
          "probability_on_actions_losing_over_0_1bb": 1.196408216941336e-8,
          "reference_expected_action_loss_bb": 1.461790154220903e-7,
          "reference_probabilities": [
            5.98204108470668e-9,
            5.98204108470668e-9,
            8.44365877128439e-6,
            0.9999915957450867
          ]
        },
        {
          "action_values_bb": [
            0.0,
            0.2851158380508423,
            1.1769744157791138,
            1.4290547370910645
          ],
          "candidate_probabilities": [
            5.982033979279322e-9,
            5.982033979279322e-9,
            6.071248748185099e-8,
            0.9999999403953552
          ],
          "class_index": 112,
          "conditional_hand_mass": 0.0045248869052198935,
          "expected_action_loss_bb": 3.069615871187959e-8,
          "hand": "TT",
          "probability_on_actions_losing_over_0_1bb": 7.267655544040963e-8,
          "reference_expected_action_loss_bb": 3.1948397309415656e-8,
          "reference_probabilities": [
            5.982033979279322e-9,
            5.982033979279322e-9,
            6.568010491037057e-8,
            0.9999999403953552
          ]
        },
        {
          "action_values_bb": [
            0.0,
            -0.11449805647134781,
            0.10486003756523132,
            0.14317713677883148
          ],
          "candidate_probabilities": [
            5.982046857866408e-9,
            7.78155762048982e-9,
            1.562748252581514e-6,
            0.9999983906745911
          ],
          "class_index": 113,
          "conditional_hand_mass": 0.009049773810439787,
          "expected_action_loss_bb": 6.274158654487938e-8,
          "hand": "JTo",
          "probability_on_actions_losing_over_0_1bb": 1.3763604478356228e-8,
          "reference_expected_action_loss_bb": 8.523744322065219e-8,
          "reference_probabilities": [
            5.982049966490877e-9,
            1.5641290929124807e-8,
            2.0969901015632786e-6,
            0.9999978542327881
          ]
        },
        {
          "action_values_bb": [
            0.0,
            -0.3163451552391052,
            0.21336883306503296,
            0.2702208459377289
          ],
          "candidate_probabilities": [
            5.98204108470668e-9,
            5.98204108470668e-9,
            6.160578891467594e-7,
            0.9999993443489075
          ],
          "class_index": 114,
          "conditional_hand_mass": 0.009049773810439787,
          "expected_action_loss_bb": 4.014946516437306e-8,
          "hand": "QTo",
          "probability_on_actions_losing_over_0_1bb": 1.196408216941336e-8,
          "reference_expected_action_loss_bb": 5.1372319416778867e-8,
          "reference_probabilities": [
            5.9820415287958895e-9,
            5.9820415287958895e-9,
            8.134625772981963e-7,
            0.9999992251396179
          ]
        },
        {
          "action_values_bb": [
            0.0,
            -0.24049732089042664,
            0.3389909267425537,
            0.45658382773399353
          ],
          "candidate_probabilities": [
            5.982034867457742e-9,
            5.982034867457742e-9,
            1.3105508855915105e-7,
            0.9999998211860657
          ],
          "class_index": 115,
          "conditional_hand_mass": 0.009049773810439787,
          "expected_action_loss_bb": 2.2312412167301468e-8,
          "hand": "KTo",
          "probability_on_actions_losing_over_0_1bb": 1.4301915829406653e-7,
          "reference_expected_action_loss_bb": 2.369547441358844e-8,
          "reference_probabilities": [
            5.982034867457742e-9,
            5.982034867457742e-9,
            1.428165319339314e-7,
            0.9999998211860657
          ]
        },
        {
          "action_values_bb": [
            0.0,
            -0.13916343450546265,
            0.5046528577804565,
            0.7619858384132385
          ],
          "candidate_probabilities": [
            5.982034423368532e-9,
            5.982034423368532e-9,
            8.753823266260952e-8,
            0.9999999403953552
          ],
          "class_index": 116,
          "conditional_hand_mass": 0.009049773810439787,
          "expected_action_loss_bb": 3.247540581709578e-8,
          "hand": "ATo",
          "probability_on_actions_losing_over_0_1bb": 9.950230150934658e-8,
          "reference_expected_action_loss_bb": 3.103467927156608e-8,
          "reference_probabilities": [
            5.982034423368532e-9,
            5.982034423368532e-9,
            8.19395467033246e-8,
            0.9999999403953552
          ]
        },
        {
          "action_values_bb": [
            0.0,
            -0.41629356145858765,
            -0.23322793841362,
            -0.2470223307609558
          ],
          "candidate_probabilities": [
            0.9999998807907104,
            2.7966208904217638e-8,
            1.2566594875806913e-7,
            5.619846987769961e-8
          ],
          "class_index": 117,
          "conditional_hand_mass": 0.0030165911925363843,
          "expected_action_loss_bb": 5.4833239877256425e-8,
          "hand": "J2s",
          "probability_on_actions_losing_over_0_1bb": 2.0983062753998638e-7,
          "reference_expected_action_loss_bb": 6.856609255150823e-8,
          "reference_probabilities": [
            0.9999997615814209,
            2.0543284406926432e-8,
            1.999053154122521e-7,
            5.420785598175826e-8
          ]
        },
        {
          "action_values_bb": [
            0.0,
            -0.4161246418952942,
            -0.23699896037578583,
            -0.23610690236091614
          ],
          "candidate_probabilities": [
            0.9999994039535522,
            5.98203886426063e-9,
            4.797711312676256e-7,
            7.115134792456956e-8
          ],
          "class_index": 118,
          "conditional_hand_mass": 0.0030165911925363843,
          "expected_action_loss_bb": 1.3299385746621005e-7,
          "hand": "J3s",
          "probability_on_actions_losing_over_0_1bb": 5.569045180564558e-7,
          "reference_expected_action_loss_bb": 6.812027518696653e-8,
          "reference_probabilities": [
            0.9999996423721313,
            2.6075531067704105e-8,
            1.8003829893586953e-7,
            6.183942247162122e-8
          ]
        },
        {
          "action_values_bb": [
            0.0,
            -0.36358535289764404,
            -0.18932852149009705,
            -0.18319086730480194
          ],
          "candidate_probabilities": [
            0.9999996423721313,
            2.7227470056345737e-8,
            2.4351206207029463e-7,
            6.892079085218938e-8
          ],
          "class_index": 119,
          "conditional_hand_mass": 0.0030165911925363843,
          "expected_action_loss_bb": 6.862894743726556e-8,
          "hand": "J4s",
          "probability_on_actions_losing_over_0_1bb": 3.3966032297882975e-7,
          "reference_expected_action_loss_bb": 6.760945265529685e-8,
          "reference_probabilities": [
            0.9999996423721313,
            2.5324295549467024e-8,
            2.400398102508916e-7,
            7.07214695694347e-8
          ]
        },
        {
          "action_values_bb": [
            0.0,
            -0.3091253340244293,
            -0.10267075896263123,
            -0.11322234570980072
          ],
          "candidate_probabilities": [
            0.9999945163726807,
            5.98204108470668e-9,
            5.309846983436728e-6,
            1.0400414396372071e-7
          ],
          "class_index": 120,
          "conditional_hand_mass": 0.0030165911925363843,
          "expected_action_loss_bb": 5.587908133564568e-7,
          "hand": "J5s",
          "probability_on_actions_losing_over_0_1bb": 5.419833168485155e-6,
          "reference_expected_action_loss_bb": 7.376057047577274e-8,
          "reference_probabilities": [
            0.9999992847442627,
            1.6460361962344905e-8,
            5.711297035304597e-7,
            8.862151190669465e-8
          ]
        },
        {
          "action_values_bb": [
            0.0,
            -0.2688564360141754,
            -0.0778379887342453,
            -0.0787012130022049
          ],
          "candidate_probabilities": [
            0.9999996423721313,
            2.767380635759764e-8,
            2.7104047717330104e-7,
            9.46989331396253e-8
          ],
          "class_index": 121,
          "conditional_hand_mass": 0.0030165911925363843,
          "expected_action_loss_bb": 3.599044746509322e-8,
          "hand": "J6s",
          "probability_on_actions_losing_over_0_1bb": 2.767380635759764e-8,
          "reference_expected_action_loss_bb": 8.462312386113692e-8,
          "reference_probabilities": [
            0.999998927116394,
            1.8988899341820797e-8,
            9.245136993740743e-7,
            9.600295669542902e-8
          ]
        },
        {
          "action_values_bb": [
            0.0,
            -0.20649591088294983,
            -0.0017787963151931763,
            0.01622474193572998
          ],
          "candidate_probabilities": [
            3.3770379559427965e-6,
            2.3789031189380694e-8,
            2.051469664365868e-6,
            0.9999945163726807
          ],
          "class_index": 122,
          "conditional_hand_mass": 0.0030165911925363843,
          "expected_action_loss_bb": 9.702359047177914e-8,
          "hand": "J7s",
          "probability_on_actions_losing_over_0_1bb": 2.3789031189380694e-8,
          "reference_expected_action_loss_bb": 1.6282891968483056e-7,
          "reference_probabilities": [
            5.98204064061747e-9,
            1.691525675084904e-8,
            8.829624675854575e-6,
            0.9999911189079285
          ]
        },
        {
          "action_values_bb": [
            0.0,
            -0.3695922791957855,
            0.11798057705163956,
            0.11819937825202942
          ],
          "candidate_probabilities": [
            5.98204108470668e-9,
            5.98204108470668e-9,
            9.414668056706432e-6,
            0.9999906420707703
          ],
          "class_index": 123,
          "conditional_hand_mass": 0.0030165911925363843,
          "expected_action_loss_bb": 5.6850039445998785e-9,
          "hand": "J8s",
          "probability_on_actions_losing_over_0_1bb": 1.196408216941336e-8,
          "reference_expected_action_loss_bb": 0.00015283869740568328,
          "reference_probabilities": [
            5.982041972885099e-9,
            5.982041972885099e-9,
            0.6985111236572266,
            0.30148881673812866
          ]
        },
        {
          "action_values_bb": [
            0.0,
            -0.3247058093547821,
            0.14465869963169098,
            0.1801058053970337
          ],
          "candidate_probabilities": [
            5.982041972885099e-9,
            5.982041972885099e-9,
            6.630767529713921e-6,
            0.9999933838844299
          ],
          "class_index": 124,
          "conditional_hand_mass": 0.0030165911925363843,
          "expected_action_loss_bb": 2.391387226864602e-7,
          "hand": "J9s",
          "probability_on_actions_losing_over_0_1bb": 1.1964083945770199e-8,
          "reference_expected_action_loss_bb": 8.338548307200004e-8,
          "reference_probabilities": [
            5.982042416974309e-9,
            6.473442670795748e-9,
            2.2298072508419864e-6,
            0.9999977350234985
          ]
        },
        {
          "action_values_bb": [
            0.0,
            -0.2688504457473755,
            0.28274405002593994,
            0.3270200192928314
          ],
          "candidate_probabilities": [
            5.98204064061747e-9,
            5.98204064061747e-9,
            6.287232281465549e-7,
            0.9999994039535522
          ],
          "class_index": 125,
          "conditional_hand_mass": 0.0030165911925363843,
          "expected_action_loss_bb": 3.335809871091704e-8,
          "hand": "JTs",
          "probability_on_actions_losing_over_0_1bb": 1.196408128123494e-8,
          "reference_expected_action_loss_bb": 1.1241068822903339e-7,
          "reference_probabilities": [
            5.982041972885099e-9,
            5.982041972885099e-9,
            2.4141745598171838e-6,
            0.999997615814209
          ]
        },
        {
          "action_values_bb": [
            0.0,
            1.3289597034454346,
            1.340524435043335,
            1.6115288734436035
          ],
          "candidate_probabilities": [
            5.982033535190112e-9,
            5.982033535190112e-9,
            4.694004474004032e-8,
            0.9999999403953552
          ],
          "class_index": 126,
          "conditional_hand_mass": 0.0045248869052198935,
          "expected_action_loss_bb": 2.4051518478064768e-8,
          "hand": "JJ",
          "probability_on_actions_losing_over_0_1bb": 5.8904111810420545e-8,
          "reference_expected_action_loss_bb": 3.3181687160089136e-8,
          "reference_probabilities": [
            5.982033979279322e-9,
            2.9651861410684432e-8,
            5.5950245325675496e-8,
            0.9999999403953552
          ]
        },
        {
          "action_values_bb": [
            0.0,
            -0.2805478572845459,
            0.2680855095386505,
            0.3468780517578125
          ],
          "candidate_probabilities": [
            5.9820353115469516e-9,
            5.9820353115469516e-9,
            3.236987140553538e-7,
            0.9999997019767761
          ],
          "class_index": 127,
          "conditional_hand_mass": 0.009049773810439787,
          "expected_action_loss_bb": 3.1333365291181585e-8,
          "hand": "QJo",
          "probability_on_actions_losing_over_0_1bb": 1.1964070623093903e-8,
          "reference_expected_action_loss_bb": 3.824969173785533e-8,
          "reference_probabilities": [
            5.982037976082211e-9,
            5.982037976082211e-9,
            4.114776288588473e-7,
            0.9999995827674866
          ]
        },
        {
          "action_values_bb": [
            0.0,
            -0.19561293721199036,
            0.4064967930316925,
            0.5431444644927979
          ],
          "candidate_probabilities": [
            5.982034423368532e-9,
            5.982034423368532e-9,
            1.0245579318279852e-7,
            0.9999999403953552
          ],
          "class_index": 128,
          "conditional_hand_mass": 0.009049773810439787,
          "expected_action_loss_bb": 2.166872665710433e-8,
          "hand": "KJo",
          "probability_on_actions_losing_over_0_1bb": 1.1441986202953558e-7,
          "reference_expected_action_loss_bb": 2.224793571927795e-8,
          "reference_probabilities": [
            5.982034867457742e-9,
            5.982034867457742e-9,
            1.0669449324041125e-7,
            0.9999999403953552
          ]
        },
        {
          "action_values_bb": [
            0.0,
            -0.12004869431257248,
            0.5333642363548279,
            0.8331185579299927
          ],
          "candidate_probabilities": [
            5.982033979279322e-9,
            5.982033979279322e-9,
            7.182166683605828e-8,
            0.9999999403953552
          ],
          "class_index": 129,
          "conditional_hand_mass": 0.009049773810439787,
          "expected_action_loss_bb": 3.2214477429996894e-8,
          "hand": "AJo",
          "probability_on_actions_losing_over_0_1bb": 8.378573479461693e-8,
          "reference_expected_action_loss_bb": 3.270432485953445e-8,
          "reference_probabilities": [
            5.982033979279322e-9,
            5.982033979279322e-9,
            7.345582986317822e-8,
            0.9999999403953552
          ]
        },
        {
          "action_values_bb": [
            0.0,
            -0.30528128147125244,
            -0.14980146288871765,
            -0.13530567288398743
          ],
          "candidate_probabilities": [
            0.9999996423721313,
            3.993951480651958e-8,
            1.9963322017702012e-7,
            7.379949806818331e-8
          ],
          "class_index": 130,
          "conditional_hand_mass": 0.0030165911925363843,
          "expected_action_loss_bb": 5.208362542979351e-8,
          "hand": "Q2s",
          "probability_on_actions_losing_over_0_1bb": 3.13372233051723e-7,
          "reference_expected_action_loss_bb": 7.049480913655327e-8,
          "reference_probabilities": [
            0.9999995231628418,
            2.8900874582404867e-8,
            3.35843878929154e-7,
            8.397289263939456e-8
          ]
        },
        {
          "action_values_bb": [
            0.0,
            -0.28170034289360046,
            -0.058233074843883514,
            -0.06949733197689056
          ],
          "candidate_probabilities": [
            0.9999996423721313,
            3.0807207451744034e-8,
            2.602556321562588e-7,
            1.1757177986737588e-7
          ],
          "class_index": 131,
          "conditional_hand_mass": 0.0030165911925363843,
          "expected_action_loss_bb": 3.2004811625205133e-8,
          "hand": "Q3s",
          "probability_on_actions_losing_over_0_1bb": 3.0807207451744034e-8,
          "reference_expected_action_loss_bb": 1.3915611553607532e-7,
          "reference_probabilities": [
            0.9999977350234985,
            1.3711627389056957e-8,
            2.172021368096466e-6,
            1.2676835581260093e-7
          ]
        },
        {
          "action_values_bb": [
            0.0,
            -0.2903140187263489,
            -0.13613510131835938,
            -0.08672180771827698
          ],
          "candidate_probabilities": [
            0.9999996423721313,
            4.298340172681492e-8,
            2.195042725361418e-7,
            1.210360238701469e-7
          ],
          "class_index": 132,
          "conditional_hand_mass": 0.0030165911925363843,
          "expected_action_loss_bb": 5.285738326441282e-8,
          "hand": "Q4s",
          "probability_on_actions_losing_over_0_1bb": 2.624876742629567e-7,
          "reference_expected_action_loss_bb": 6.494526648431278e-8,
          "reference_probabilities": [
            0.9999995231628418,
            3.866443165634337e-8,
            3.082207626903255e-7,
            1.3561496814418206e-7
          ]
        },
        {
          "action_values_bb": [
            0.0,
            -0.2077864706516266,
            -0.0004420429468154907,
            0.0159834623336792
          ],
          "candidate_probabilities": [
            0.9999982118606567,
            3.7303806266208994e-8,
            4.3575539621087955e-7,
            1.31998513097642e-6
          ],
          "class_index": 133,
          "conditional_hand_mass": 0.0030165911925363843,
          "expected_action_loss_bb": 0.01598344925799415,
          "hand": "Q5s",
          "probability_on_actions_losing_over_0_1bb": 3.7303806266208994e-8,
          "reference_expected_action_loss_bb": 2.1298571798734732e-7,
          "reference_probabilities": [
            5.98204064061747e-9,
            1.59899187224255e-8,
            0.00001274311125598615,
            0.9999871850013733
          ]
        },
        {
          "action_values_bb": [
            0.0,
            -0.16931340098381042,
            0.017276547849178314,
            0.05173882842063904
          ],
          "candidate_probabilities": [
            8.189245477296936e-7,
            3.198803710802167e-8,
            1.1540320201675058e-6,
            0.9999979734420776
          ],
          "class_index": 134,
          "conditional_hand_mass": 0.0030165911925363843,
          "expected_action_loss_bb": 8.92117988488987e-8,
          "hand": "Q6s",
          "probability_on_actions_losing_over_0_1bb": 3.198803710802167e-8,
          "reference_expected_action_loss_bb": 1.2481591977141222e-7,
          "reference_probabilities": [
            5.98204108470668e-9,
            1.9731499989461554e-8,
            3.4862673601310235e-6,
            0.9999964237213135
          ]
        },
        {
          "action_values_bb": [
            0.0,
            -0.14471998810768127,
            0.021827511489391327,
            0.0765642523765564
          ],
          "candidate_probabilities": [
            0.9999803900718689,
            5.357600940669727e-8,
            1.780330194378621e-7,
            0.00001931811129907146
          ],
          "class_index": 135,
          "conditional_hand_mass": 0.0030165911925363843,
          "expected_action_loss_bb": 0.07656277255754368,
          "hand": "Q7s",
          "probability_on_actions_losing_over_0_1bb": 5.357600940669727e-8,
          "reference_expected_action_loss_bb": 7.790414510309294e-8,
          "reference_probabilities": [
            5.9820441933311486e-9,
            2.5363986466686583e-8,
            1.3123449207341764e-6,
            0.9999986886978149
          ]
        },
        {
          "action_values_bb": [
            0.0,
            -0.3353195786476135,
            0.1792420744895935,
            0.2014092057943344
          ],
          "candidate_probabilities": [
            5.98203886426063e-9,
            3.312967677970846e-8,
            0.9999995231628418,
            4.814813792108907e-7
          ],
          "class_index": 136,
          "conditional_hand_mass": 0.0030165911925363843,
          "expected_action_loss_bb": 0.022167139721117852,
          "hand": "Q8s",
          "probability_on_actions_losing_over_0_1bb": 3.911171564396909e-8,
          "reference_expected_action_loss_bb": 1.4767701163085674e-7,
          "reference_probabilities": [
            5.982042416974309e-9,
            5.982042416974309e-9,
            6.462786586780567e-6,
            0.9999934434890747
          ]
        },
        {
          "action_values_bb": [
            0.0,
            -0.2778967618942261,
            0.2743857800960541,
            0.30469945073127747
          ],
          "candidate_probabilities": [
            5.982041972885099e-9,
            5.982041972885099e-9,
            2.493522515578661e-6,
            0.9999974966049194
          ],
          "class_index": 137,
          "conditional_hand_mass": 0.0030165911925363843,
          "expected_action_loss_bb": 8.08956601593244e-8,
          "hand": "Q9s",
          "probability_on_actions_losing_over_0_1bb": 1.1964083945770199e-8,
          "reference_expected_action_loss_bb": 8.632905590190135e-8,
          "reference_probabilities": [
            5.982041972885099e-9,
            5.982041972885099e-9,
            2.672761638677912e-6,
            0.9999972581863403
          ]
        },
        {
          "action_values_bb": [
            0.0,
            -0.19927248358726501,
            0.39354991912841797,
            0.45234474539756775
          ],
          "candidate_probabilities": [
            5.982043305152729e-9,
            1.6850660244926985e-7,
            1.1928096910196473e-6,
            0.9999985694885254
          ],
          "class_index": 138,
          "conditional_hand_mass": 0.0030165911925363843,
          "expected_action_loss_bb": 1.8263878976512698e-7,
          "hand": "QTs",
          "probability_on_actions_losing_over_0_1bb": 1.7448864575442258e-7,
          "reference_expected_action_loss_bb": 6.796348928492539e-8,
          "reference_probabilities": [
            5.982044637420358e-9,
            5.982044637420358e-9,
            1.0436214097353513e-6,
            0.999998927116394
          ]
        },
        {
          "action_values_bb": [
            0.0,
            -0.1974269598722458,
            0.39868494868278503,
            0.49488866329193115
          ],
          "candidate_probabilities": [
            5.9820353115469516e-9,
            5.9820353115469516e-9,
            3.16419829005099e-7,
            0.9999996423721313
          ],
          "class_index": 139,
          "conditional_hand_mass": 0.0030165911925363843,
          "expected_action_loss_bb": 3.75426608898817e-8,
          "hand": "QJs",
          "probability_on_actions_losing_over_0_1bb": 1.1964070623093903e-8,
          "reference_expected_action_loss_bb": 3.377895015766428e-8,
          "reference_probabilities": [
            5.982036199725371e-9,
            5.982036199725371e-9,
            2.772975165044045e-7,
            0.9999997615814209
          ]
        },
        {
          "action_values_bb": [
            0.0,
            1.7770204544067383,
            1.5380994081497192,
            1.821272850036621
          ],
          "candidate_probabilities": [
            5.9820353115469516e-9,
            1.3579312962974655e-7,
            3.915129198617251e-8,
            0.9999998211860657
          ],
          "class_index": 140,
          "conditional_hand_mass": 0.0045248869052198935,
          "expected_action_loss_bb": 2.7990695903119877e-8,
          "hand": "QQ",
          "probability_on_actions_losing_over_0_1bb": 4.513332729771946e-8,
          "reference_expected_action_loss_bb": 3.184588162117473e-8,
          "reference_probabilities": [
            5.982034867457742e-9,
            2.229796791652916e-7,
            3.9140601870713e-8,
            0.9999997615814209
          ]
        },
        {
          "action_values_bb": [
            0.0,
            -0.12431949377059937,
            0.5129795074462891,
            0.6598175764083862
          ],
          "candidate_probabilities": [
            5.982034423368532e-9,
            5.982034423368532e-9,
            9.872169925984053e-8,
            0.9999999403953552
          ],
          "class_index": 141,
          "conditional_hand_mass": 0.009049773810439787,
          "expected_action_loss_bb": 2.3133890085640482e-8,
          "hand": "KQo",
          "probability_on_actions_losing_over_0_1bb": 1.106857681065776e-7,
          "reference_expected_action_loss_bb": 2.306113643978214e-8,
          "reference_probabilities": [
            5.982034423368532e-9,
            5.982034423368532e-9,
            9.822623070476766e-8,
            0.9999999403953552
          ]
        },
        {
          "action_values_bb": [
            0.0,
            -0.07168516516685486,
            0.6093084812164307,
            0.9401455521583557
          ],
          "candidate_probabilities": [
            5.982033979279322e-9,
            5.982033979279322e-9,
            6.592303947172695e-8,
            0.9999999403953552
          ],
          "class_index": 142,
          "conditional_hand_mass": 0.009049773810439787,
          "expected_action_loss_bb": 3.348657365721264e-8,
          "hand": "AQo",
          "probability_on_actions_losing_over_0_1bb": 7.78871074302856e-8,
          "reference_expected_action_loss_bb": 3.2345724868730605e-8,
          "reference_probabilities": [
            5.982033979279322e-9,
            5.982033979279322e-9,
            6.247466899367282e-8,
            0.9999999403953552
          ]
        },
        {
          "action_values_bb": [
            0.0,
            -0.24226972460746765,
            0.02173725515604019,
            0.0433136522769928
          ],
          "candidate_probabilities": [
            5.982041972885099e-9,
            5.982041972885099e-9,
            0.00003447597919148393,
            0.999965488910675
          ],
          "class_index": 143,
          "conditional_hand_mass": 0.0030165911925363843,
          "expected_action_loss_bb": 7.458348940023568e-7,
          "hand": "K2s",
          "probability_on_actions_losing_over_0_1bb": 5.982041972885099e-9,
          "reference_expected_action_loss_bb": 6.61905321606466e-8,
          "reference_probabilities": [
            5.982041972885099e-9,
            1.1956977630234178e-8,
            2.8974584438401507e-6,
            0.9999970197677612
          ]
        },
        {
          "action_values_bb": [
            0.0,
            -0.3755964934825897,
            0.11226198077201843,
            0.11228989064693451
          ],
          "candidate_probabilities": [
            5.98203975243905e-9,
            5.98203975243905e-9,
            0.729889452457428,
            0.27011051774024963
          ],
          "class_index": 144,
          "conditional_hand_mass": 0.0030165911925363843,
          "expected_action_loss_bb": 0.00002037471359898468,
          "hand": "K3s",
          "probability_on_actions_losing_over_0_1bb": 1.19640795048781e-8,
          "reference_expected_action_loss_bb": 0.000023213176380958456,
          "reference_probabilities": [
            5.982042416974309e-9,
            5.982042416974309e-9,
            0.831590473651886,
            0.16840946674346924
          ]
        },
        {
          "action_values_bb": [
            0.0,
            -0.2338869869709015,
            0.07713688164949417,
            0.11917857825756073
          ],
          "candidate_probabilities": [
            5.982041972885099e-9,
            1.846065345034731e-8,
            7.789451501594158e-7,
            0.9999991655349731
          ],
          "class_index": 145,
          "conditional_hand_mass": 0.0030165911925363843,
          "expected_action_loss_bb": 3.997892797966614e-8,
          "hand": "K4s",
          "probability_on_actions_losing_over_0_1bb": 2.4442695423232408e-8,
          "reference_expected_action_loss_bb": 4.987575903784613e-8,
          "reference_probabilities": [
            5.982044637420358e-9,
            1.0126984584246657e-8,
            1.0843363043022691e-6,
            0.999998927116394
          ]
        },
        {
          "action_values_bb": [
            0.0,
            -0.36623820662498474,
            0.14115780591964722,
            0.19181424379348755
          ],
          "candidate_probabilities": [
            5.9820353115469516e-9,
            1.0861322508048943e-8,
            3.1555424584439606e-7,
            0.9999996423721313
          ],
          "class_index": 146,
          "conditional_hand_mass": 0.0030165911925363843,
          "expected_action_loss_bb": 2.3193481270475526e-8,
          "hand": "K5s",
          "probability_on_actions_losing_over_0_1bb": 1.6843357819595894e-8,
          "reference_expected_action_loss_bb": 3.994334994384984e-8,
          "reference_probabilities": [
            5.98204064061747e-9,
            5.98204064061747e-9,
            6.999626975812134e-7,
            0.9999992847442627
          ]
        },
        {
          "action_values_bb": [
            0.0,
            -0.32093119621276855,
            0.20824450254440308,
            0.25339609384536743
          ],
          "candidate_probabilities": [
            5.982043305152729e-9,
            5.982043305152729e-9,
            1.2531662605397287e-6,
            0.9999986886978149
          ],
          "class_index": 147,
          "conditional_hand_mass": 0.0030165911925363843,
          "expected_action_loss_bb": 6.153392795524596e-8,
          "hand": "K6s",
          "probability_on_actions_losing_over_0_1bb": 1.1964086610305458e-8,
          "reference_expected_action_loss_bb": 5.3547566580119324e-8,
          "reference_probabilities": [
            5.982044637420358e-9,
            5.982044637420358e-9,
            1.0762873898784164e-6,
            0.999998927116394
          ]
        },
        {
          "action_values_bb": [
            0.0,
            -0.3465210199356079,
            0.17684605717658997,
            0.2687603831291199
          ],
          "candidate_probabilities": [
            5.98204108470668e-9,
            5.98204108470668e-9,
            7.424029035973945e-7,
            0.9999992847442627
          ],
          "class_index": 148,
          "conditional_hand_mass": 0.0030165911925363843,
          "expected_action_loss_bb": 7.352583675496463e-8,
          "hand": "K7s",
          "probability_on_actions_losing_over_0_1bb": 1.196408216941336e-8,
          "reference_expected_action_loss_bb": 2.6607209237391662e-8,
          "reference_probabilities": [
            5.982036199725371e-9,
            5.982036199725371e-9,
            2.3194250786673365e-7,
            0.9999997615814209
          ]
        },
        {
          "action_values_bb": [
            0.0,
            -0.2678956687450409,
            0.29179564118385315,
            0.36023423075675964
          ],
          "candidate_probabilities": [
            5.98204064061747e-9,
            5.98204064061747e-9,
            6.86035434682708e-7,
            0.9999992847442627
          ],
          "class_index": 149,
          "conditional_hand_mass": 0.0030165911925363843,
          "expected_action_loss_bb": 5.28637319416556e-8,
          "hand": "K8s",
          "probability_on_actions_losing_over_0_1bb": 1.196408128123494e-8,
          "reference_expected_action_loss_bb": 2.7895224434483265e-8,
          "reference_probabilities": [
            5.9820353115469516e-9,
            5.9820353115469516e-9,
            3.212046806311264e-7,
            0.9999996423721313
          ]
        },
        {
          "action_values_bb": [
            0.0,
            -0.1929883062839508,
            0.4092561602592468,
            0.48764896392822266
          ],
          "candidate_probabilities": [
            5.9820353115469516e-9,
            5.9820353115469516e-9,
            3.133196457838494e-7,
            0.9999996423721313
          ],
          "class_index": 150,
          "conditional_hand_mass": 0.0030165911925363843,
          "expected_action_loss_bb": 3.155073498418842e-8,
          "hand": "K9s",
          "probability_on_actions_losing_over_0_1bb": 1.1964070623093903e-8,
          "reference_expected_action_loss_bb": 2.5765791965369674e-8,
          "reference_probabilities": [
            5.982036199725371e-9,
            5.982036199725371e-9,
            2.3952532046678243e-7,
            0.9999997615814209
          ]
        },
        {
          "action_values_bb": [
            0.0,
            -0.17565199732780457,
            0.4440249800682068,
            0.5928735136985779
          ],
          "candidate_probabilities": [
            5.9820353115469516e-9,
            5.9820353115469516e-9,
            9.880882601009944e-8,
            0.9999998807907104
          ],
          "class_index": 151,
          "conditional_hand_mass": 0.0030165911925363843,
          "expected_action_loss_bb": 2.2851485900352066e-8,
          "hand": "KTs",
          "probability_on_actions_losing_over_0_1bb": 1.1077289663319334e-7,
          "reference_expected_action_loss_bb": 2.3206996354475866e-8,
          "reference_probabilities": [
            5.9820353115469516e-9,
            5.9820353115469516e-9,
            1.0119723015122872e-7,
            0.9999998807907104
          ]
        },
        {
          "action_values_bb": [
            0.0,
            -0.09997627139091492,
            0.5549064874649048,
            0.6990327835083008
          ],
          "candidate_probabilities": [
            5.9820353115469516e-9,
            5.9820353115469516e-9,
            1.2097186186110775e-7,
            0.9999998807907104
          ],
          "class_index": 152,
          "conditional_hand_mass": 0.0030165911925363843,
          "expected_action_loss_bb": 2.6396565551043297e-8,
          "hand": "KJs",
          "probability_on_actions_losing_over_0_1bb": 1.3293593248420166e-7,
          "reference_expected_action_loss_bb": 2.2948199941823487e-8,
          "reference_probabilities": [
            5.9820353115469516e-9,
            5.9820353115469516e-9,
            9.704586290126826e-8,
            0.9999998807907104
          ]
        },
        {
          "action_values_bb": [
            0.0,
            -0.033819712698459625,
            0.6554152965545654,
            0.8112912774085999
          ],
          "candidate_probabilities": [
            5.9820353115469516e-9,
            5.9820353115469516e-9,
            8.102360737893832e-8,
            0.9999998807907104
          ],
          "class_index": 153,
          "conditional_hand_mass": 0.0030165911925363843,
          "expected_action_loss_bb": 2.2538291126929306e-8,
          "hand": "KQs",
          "probability_on_actions_losing_over_0_1bb": 9.298767800203223e-8,
          "reference_expected_action_loss_bb": 2.3822579730281105e-8,
          "reference_probabilities": [
            5.9820353115469516e-9,
            5.9820353115469516e-9,
            8.926277672571814e-8,
            0.9999998807907104
          ]
        },
        {
          "action_values_bb": [
            0.0,
            1.9648817777633667,
            1.7313692569732666,
            2.0643978118896484
          ],
          "candidate_probabilities": [
            5.982034867457742e-9,
            2.0504236886154104e-7,
            3.8447279138154045e-8,
            0.9999997615814209
          ],
          "class_index": 154,
          "conditional_hand_mass": 0.0045248869052198935,
          "expected_action_loss_bb": 4.555834487983231e-8,
          "hand": "KK",
          "probability_on_actions_losing_over_0_1bb": 4.4429314005611786e-8,
          "reference_expected_action_loss_bb": 3.658098783559499e-8,
          "reference_probabilities": [
            5.982034867457742e-9,
            1.1460535631613311e-7,
            3.851506846785924e-8,
            0.9999998211860657
          ]
        },
        {
          "action_values_bb": [
            0.0,
            0.005626644939184189,
            0.7278450727462769,
            1.0773941278457642
          ],
          "candidate_probabilities": [
            5.982033979279322e-9,
            5.982033979279322e-9,
            5.650995760220212e-8,
            0.9999999403953552
          ],
          "class_index": 155,
          "conditional_hand_mass": 0.009049773810439787,
          "expected_action_loss_bb": 3.2609360066045045e-8,
          "hand": "AKo",
          "probability_on_actions_losing_over_0_1bb": 6.847402556076077e-8,
          "reference_expected_action_loss_bb": 3.1420850003131003e-8,
          "reference_probabilities": [
            5.982033535190112e-9,
            5.982033535190112e-9,
            5.310983652861978e-8,
            0.9999999403953552
          ]
        },
        {
          "action_values_bb": [
            0.0,
            -0.3357238173484802,
            0.15820401906967163,
            0.30016785860061646
          ],
          "candidate_probabilities": [
            5.982036199725371e-9,
            5.982036199725371e-9,
            1.6575781103256304e-7,
            0.9999998807907104
          ],
          "class_index": 156,
          "conditional_hand_mass": 0.0030165911925363843,
          "expected_action_loss_bb": 2.913115730720192e-8,
          "hand": "A2s",
          "probability_on_actions_losing_over_0_1bb": 1.7772188343201378e-7,
          "reference_expected_action_loss_bb": 2.304015843554113e-8,
          "reference_probabilities": [
            5.9820353115469516e-9,
            6.36020702771134e-9,
            1.2115860670292022e-7,
            0.9999998807907104
          ]
        },
        {
          "action_values_bb": [
            0.0,
            -0.2890700101852417,
            0.26362019777297974,
            0.3793742060661316
          ],
          "candidate_probabilities": [
            5.982036199725371e-9,
            5.982036199725371e-9,
            2.7975079319730867e-7,
            0.9999997615814209
          ],
          "class_index": 157,
          "conditional_hand_mass": 0.0030165911925363843,
          "expected_action_loss_bb": 3.865036336881952e-8,
          "hand": "A3s",
          "probability_on_actions_losing_over_0_1bb": 2.917148655967594e-7,
          "reference_expected_action_loss_bb": 2.570226172783198e-8,
          "reference_probabilities": [
            5.9820353115469516e-9,
            5.9820353115469516e-9,
            1.678920256154015e-7,
            0.9999997615814209
          ]
        },
        {
          "action_values_bb": [
            0.0,
            -0.2758522033691406,
            0.288917601108551,
            0.4168284833431244
          ],
          "candidate_probabilities": [
            5.9820353115469516e-9,
            5.9820353115469516e-9,
            1.773395865711791e-7,
            0.9999997615814209
          ],
          "class_index": 158,
          "conditional_hand_mass": 0.0030165911925363843,
          "expected_action_loss_bb": 2.932078600719051e-8,
          "hand": "A4s",
          "probability_on_actions_losing_over_0_1bb": 1.89303657194273e-7,
          "reference_expected_action_loss_bb": 2.5141800090932048e-8,
          "reference_probabilities": [
            5.982036199725371e-9,
            5.982036199725371e-9,
            1.4466850473127124e-7,
            0.9999998807907104
          ]
        },
        {
          "action_values_bb": [
            0.0,
            -0.2386242151260376,
            0.34645259380340576,
            0.48962393403053284
          ],
          "candidate_probabilities": [
            5.9820353115469516e-9,
            5.9820353115469516e-9,
            1.0552096796345722e-7,
            0.9999998807907104
          ],
          "class_index": 159,
          "conditional_hand_mass": 0.0030165911925363843,
          "expected_action_loss_bb": 2.239293221196441e-8,
          "hand": "A5s",
          "probability_on_actions_losing_over_0_1bb": 1.1748503858655113e-7,
          "reference_expected_action_loss_bb": 2.3081246257903042e-8,
          "reference_probabilities": [
            5.9820353115469516e-9,
            5.9820353115469516e-9,
            1.1032859248416571e-7,
            0.9999998807907104
          ]
        },
        {
          "action_values_bb": [
            0.0,
            -0.24101313948631287,
            0.3458675742149353,
            0.4998999834060669
          ],
          "candidate_probabilities": [
            5.982036199725371e-9,
            5.982036199725371e-9,
            1.3846039337295224e-7,
            0.9999998807907104
          ],
          "class_index": 160,
          "conditional_hand_mass": 0.0030165911925363843,
          "expected_action_loss_bb": 2.8749976887758617e-8,
          "hand": "A6s",
          "probability_on_actions_losing_over_0_1bb": 1.5042446577240298e-7,
          "reference_expected_action_loss_bb": 2.415377855659523e-8,
          "reference_probabilities": [
            5.9820353115469516e-9,
            5.9820353115469516e-9,
            1.0862123644983512e-7,
            0.9999998807907104
          ]
        },
        {
          "action_values_bb": [
            0.0,
            -0.22268721461296082,
            0.37420403957366943,
            0.567757248878479
          ],
          "candidate_probabilities": [
            5.9820353115469516e-9,
            5.9820353115469516e-9,
            1.0676930628505943e-7,
            0.9999998807907104
          ],
          "class_index": 161,
          "conditional_hand_mass": 0.0030165911925363843,
          "expected_action_loss_bb": 2.8790352490321818e-8,
          "hand": "A7s",
          "probability_on_actions_losing_over_0_1bb": 1.1873337690815333e-7,
          "reference_expected_action_loss_bb": 2.7428616586886322e-8,
          "reference_probabilities": [
            5.9820353115469516e-9,
            5.9820353115469516e-9,
            9.973384607064872e-8,
            0.9999998807907104
          ]
        },
        {
          "action_values_bb": [
            0.0,
            -0.15317866206169128,
            0.4784238338470459,
            0.6825588941574097
          ],
          "candidate_probabilities": [
            5.9820353115469516e-9,
            5.9820353115469516e-9,
            9.005683665463948e-8,
            0.9999998807907104
          ],
          "class_index": 162,
          "conditional_hand_mass": 0.0030165911925363843,
          "expected_action_loss_bb": 2.746626076140409e-8,
          "hand": "A8s",
          "probability_on_actions_losing_over_0_1bb": 1.0202090727773339e-7,
          "reference_expected_action_loss_bb": 2.807949058340559e-8,
          "reference_probabilities": [
            5.9820353115469516e-9,
            5.9820353115469516e-9,
            9.306087633831339e-8,
            0.9999998807907104
          ]
        },
        {
          "action_values_bb": [
            0.0,
            -0.12888573110103607,
            0.5227303504943848,
            0.7490898370742798
          ],
          "candidate_probabilities": [
            5.9820353115469516e-9,
            5.9820353115469516e-9,
            9.343975904130275e-8,
            0.9999998807907104
          ],
          "class_index": 163,
          "conditional_hand_mass": 0.0030165911925363843,
          "expected_action_loss_bb": 3.0884138591137926e-8,
          "hand": "A9s",
          "probability_on_actions_losing_over_0_1bb": 1.0540382966439665e-7,
          "reference_expected_action_loss_bb": 2.9693711560251518e-8,
          "reference_probabilities": [
            5.9820353115469516e-9,
            5.9820353115469516e-9,
            8.818074803684794e-8,
            0.9999998807907104
          ]
        },
        {
          "action_values_bb": [
            0.0,
            -0.07848268747329712,
            0.6024482250213623,
            0.8836170434951782
          ],
          "candidate_probabilities": [
            5.982034867457742e-9,
            5.982034867457742e-9,
            7.440194593755223e-8,
            0.9999998807907104
          ],
          "class_index": 164,
          "conditional_hand_mass": 0.0030165911925363843,
          "expected_action_loss_bb": 3.19606493317075e-8,
          "hand": "ATs",
          "probability_on_actions_losing_over_0_1bb": 8.636601567246771e-8,
          "reference_expected_action_loss_bb": 3.13114861904688e-8,
          "reference_probabilities": [
            5.982034867457742e-9,
            5.982034867457742e-9,
            7.209314389911015e-8,
            0.9999998807907104
          ]
        },
        {
          "action_values_bb": [
            0.0,
            -0.08953984826803207,
            0.5898597240447998,
            0.9282565712928772
          ],
          "candidate_probabilities": [
            5.982034867457742e-9,
            5.982034867457742e-9,
            5.989461016042696e-8,
            0.9999998807907104
          ],
          "class_index": 165,
          "conditional_hand_mass": 0.0030165911925363843,
          "expected_action_loss_bb": 3.190950409064892e-8,
          "hand": "AJs",
          "probability_on_actions_losing_over_0_1bb": 7.185867989534245e-8,
          "reference_expected_action_loss_bb": 3.241606729154737e-8,
          "reference_probabilities": [
            5.982034867457742e-9,
            5.982034867457742e-9,
            6.139156027984427e-8,
            0.9999998807907104
          ]
        },
        {
          "action_values_bb": [
            0.0,
            0.03221457451581955,
            0.770935595035553,
            1.087765097618103
          ],
          "candidate_probabilities": [
            5.982034867457742e-9,
            5.982034867457742e-9,
            6.640610905606081e-8,
            0.9999998807907104
          ],
          "class_index": 166,
          "conditional_hand_mass": 0.0030165911925363843,
          "expected_action_loss_bb": 3.38608032757905e-8,
          "hand": "AQs",
          "probability_on_actions_losing_over_0_1bb": 7.83701787909763e-8,
          "reference_expected_action_loss_bb": 3.1052085724608625e-8,
          "reference_probabilities": [
            5.982034867457742e-9,
            5.982034867457742e-9,
            5.754103327149096e-8,
            0.9999998807907104
          ]
        },
        {
          "action_values_bb": [
            0.0,
            0.09996359050273895,
            0.8743252754211426,
            1.2147955894470215
          ],
          "candidate_probabilities": [
            5.9820353115469516e-9,
            5.9820353115469516e-9,
            4.3771706259576604e-8,
            1.0
          ],
          "class_index": 167,
          "conditional_hand_mass": 0.0030165911925363843,
          "expected_action_loss_bb": 2.8838881072157323e-8,
          "hand": "AKs",
          "probability_on_actions_losing_over_0_1bb": 5.573577688267051e-8,
          "reference_expected_action_loss_bb": 3.05097000641281e-8,
          "reference_probabilities": [
            5.982034867457742e-9,
            5.982034867457742e-9,
            4.867909453309949e-8,
            0.9999998807907104
          ]
        },
        {
          "action_values_bb": [
            0.0,
            0.7791628241539001,
            1.9637502431869507,
            2.4033920764923096
          ],
          "candidate_probabilities": [
            5.982033535190112e-9,
            5.982033535190112e-9,
            3.797134695560089e-8,
            0.9999999403953552
          ],
          "class_index": 168,
          "conditional_hand_mass": 0.0045248869052198935,
          "expected_action_loss_bb": 4.078715844474656e-8,
          "hand": "AA",
          "probability_on_actions_losing_over_0_1bb": 4.993541402598112e-8,
          "reference_expected_action_loss_bb": 4.0728158419929617e-8,
          "reference_probabilities": [
            5.982033535190112e-9,
            5.982033535190112e-9,
            3.783714674909788e-8,
            0.9999999403953552
          ]
        }
      ],
      "joint_reach_independent_model": 1.000000037252903,
      "opponent_mass": 1.0,
      "passes_local_tail_gate": true,
      "path": [],
      "position": "BTN",
      "reference_weighted_action_loss_bb": 8.019450218852656e-7,
      "scope": "One-action deviation followed by reference play, same reference arriving ranges; excludes physical-deal validation",
      "status": "evaluated",
      "weighted_action_loss_bb": 0.0007812459361556634,
      "weighted_excess_action_loss_bb": 0.0007804439911337782,
      "worst_relevant_probability_on_strongly_inferior_actions": 5.419833168485155e-6
    },
    {
      "actions": [
        {
          "kind": "fold",
          "label": "Fold",
          "to": 0.0
        },
        {
          "kind": "call",
          "label": "Limp 1",
          "to": 1.0
        },
        {
          "kind": "raise",
          "label": "Raise 2",
          "to": 2.0
        },
        {
          "kind": "raise",
          "label": "Raise 3",
          "to": 3.0
        }
      ],
      "actor": 1,
      "actor_mass": 1.000000037252903,
      "forced_or_frozen": false,
      "hands": [
        {
          "action_values_bb": [
            -0.5000005577998391,
            -0.32190827043623665,
            0.01028065776376805,
            0.034528445312683995
          ],
          "candidate_probabilities": [
            0.007692308165132999,
            0.007692308165132999,
            0.49790269136428833,
            0.48671266436576843
          ],
          "class_index": 0,
          "conditional_hand_mass": 0.0045248869052198935,
          "expected_action_loss_bb": 0.018926621554286205,
          "hand": "22",
          "probability_on_actions_losing_over_0_1bb": 0.015384616330265999,
          "reference_expected_action_loss_bb": 0.024761536110150903,
          "reference_probabilities": [
            0.016330799087882042,
            0.011235961690545082,
            0.49601808190345764,
            0.47641515731811523
          ]
        },
        {
          "action_values_bb": [
            -0.5000005577998391,
            -0.7829096327073993,
            -0.7645125883028134,
            -1.0239941319456927
          ],
          "candidate_probabilities": [
            0.7515960931777954,
            0.007692313753068447,
            0.23301929235458374,
            0.007692313753068447
          ],
          "class_index": 1,
          "conditional_hand_mass": 0.009049773810439787,
          "expected_action_loss_bb": 0.06784335451177809,
          "hand": "32o",
          "probability_on_actions_losing_over_0_1bb": 0.24840391986072063,
          "reference_expected_action_loss_bb": 0.07242824551602453,
          "reference_probabilities": [
            0.7379854321479797,
            0.011235949583351612,
            0.23954270780086517,
            0.011235949583351612
          ]
        },
        {
          "action_values_bb": [
            -0.5000005577998391,
            -0.7609858058534276,
            -0.729346903157271,
            -0.9829760108882528
          ],
          "candidate_probabilities": [
            0.7130837440490723,
            0.007692308165132999,
            0.27153170108795166,
            0.007692308165132999
          ],
          "class_index": 2,
          "conditional_hand_mass": 0.009049773810439787,
          "expected_action_loss_bb": 0.06799757826914103,
          "hand": "42o",
          "probability_on_actions_losing_over_0_1bb": 0.28691631741821766,
          "reference_expected_action_loss_bb": 0.07080978861211705,
          "reference_probabilities": [
            0.7052295804023743,
            0.011235959827899933,
            0.27229854464530945,
            0.011235959827899933
          ]
        },
        {
          "action_values_bb": [
            -0.5000005577998391,
            -0.7290117274317284,
            -0.6739979745668064,
            -0.926402773628711
          ],
          "candidate_probabilities": [
            0.6351389288902283,
            0.007692310959100723,
            0.34947651624679565,
            0.007692310959100723
          ],
          "class_index": 3,
          "conditional_hand_mass": 0.009049773810439787,
          "expected_action_loss_bb": 0.06584965461538266,
          "hand": "52o",
          "probability_on_actions_losing_over_0_1bb": 0.3648611381649971,
          "reference_expected_action_loss_bb": 0.06684428203939469,
          "reference_probabilities": [
            0.6356834769248962,
            0.011235948652029037,
            0.34184467792510986,
            0.011235948652029037
          ]
        },
        {
          "action_values_bb": [
            -0.5000005577998391,
            -0.7563224132652239,
            -0.7290950875187947,
            -1.0070186714199476
          ],
          "candidate_probabilities": [
            0.740431547164917,
            0.007692308165132999,
            0.24418392777442932,
            0.007692308165132999
          ],
          "class_index": 4,
          "conditional_hand_mass": 0.009049773810439787,
          "expected_action_loss_bb": 0.06181304837537902,
          "hand": "62o",
          "probability_on_actions_losing_over_0_1bb": 0.2595685441046953,
          "reference_expected_action_loss_bb": 0.06524237394954421,
          "reference_probabilities": [
            0.7301825284957886,
            0.011235951445996761,
            0.24734559655189514,
            0.011235951445996761
          ]
        },
        {
          "action_values_bb": [
            -0.5000005577998391,
            -0.7744988788223234,
            -0.7734344107960299,
            -1.0732775450857215
          ],
          "candidate_probabilities": [
            0.7969936728477478,
            0.007692311890423298,
            0.18762174248695374,
            0.007692311890423298
          ],
          "class_index": 5,
          "conditional_hand_mass": 0.009049773810439787,
          "expected_action_loss_bb": 0.05782348803857461,
          "hand": "72o",
          "probability_on_actions_losing_over_0_1bb": 0.20300636626780033,
          "reference_expected_action_loss_bb": 0.058324041268841546,
          "reference_probabilities": [
            0.7990627884864807,
            0.011235958896577358,
            0.1784653663635254,
            0.011235958896577358
          ]
        },
        {
          "action_values_bb": [
            -0.5000005577998391,
            -0.7402711031173573,
            -0.722789470226504,
            -1.013377527607993
          ],
          "candidate_probabilities": [
            0.7020978927612305,
            0.007692308165132999,
            0.28251761198043823,
            0.007692308165132999
          ],
          "class_index": 6,
          "conditional_hand_mass": 0.009049773810439787,
          "expected_action_loss_bb": 0.06873908044873374,
          "hand": "82o",
          "probability_on_actions_losing_over_0_1bb": 0.29790222831070423,
          "reference_expected_action_loss_bb": 0.061988873039573775,
          "reference_probabilities": [
            0.7372966408729553,
            0.011235962621867657,
            0.24023151397705078,
            0.011235962621867657
          ]
        },
        {
          "action_values_bb": [
            -0.5000005577998391,
            -0.6769918722365666,
            -0.6167464527029121,
            -0.8895992022222745
          ],
          "candidate_probabilities": [
            0.691552460193634,
            0.00769230630248785,
            0.2930629551410675,
            0.00769230630248785
          ],
          "class_index": 7,
          "conditional_hand_mass": 0.009049773810439787,
          "expected_action_loss_bb": 0.03857228047234173,
          "hand": "92o",
          "probability_on_actions_losing_over_0_1bb": 0.3084475677460432,
          "reference_expected_action_loss_bb": 0.04519763690611061,
          "reference_probabilities": [
            0.6449128985404968,
            0.011235946789383888,
            0.3326152265071869,
            0.011235946789383888
          ]
        },
        {
          "action_values_bb": [
            -0.5000005577998391,
            -0.646851281886008,
            -0.5788992997752687,
            -0.8392797688477467
          ],
          "candidate_probabilities": [
            0.573675274848938,
            0.007692310027778149,
            0.41094011068344116,
            0.007692310027778149
          ],
          "class_index": 8,
          "conditional_hand_mass": 0.009049773810439787,
          "expected_action_loss_bb": 0.03616211993500229,
          "hand": "T2o",
          "probability_on_actions_losing_over_0_1bb": 0.015384620055556297,
          "reference_expected_action_loss_bb": 0.03869901407127737,
          "reference_probabilities": [
            0.5562680959701538,
            0.011235946789383888,
            0.4212599992752075,
            0.011235946789383888
          ]
        },
        {
          "action_values_bb": [
            -0.5000005577998391,
            -0.5862752729810434,
            -0.48052342697346484,
            -0.710475914822725
          ],
          "candidate_probabilities": [
            0.27192988991737366,
            0.007692297454923391,
            0.7126855254173279,
            0.007692297454923391
          ],
          "class_index": 9,
          "conditional_hand_mass": 0.009049773810439787,
          "expected_action_loss_bb": 0.00787875163445595,
          "hand": "J2o",
          "probability_on_actions_losing_over_0_1bb": 0.015384594909846783,
          "reference_expected_action_loss_bb": 0.008877505428461633,
          "reference_probabilities": [
            0.2621302902698517,
            0.011235957033932209,
            0.715397834777832,
            0.011235957033932209
          ]
        },
        {
          "action_values_bb": [
            -0.5000005577998391,
            -0.4826140607704331,
            -0.285179010363921,
            -0.4446790233792506
          ],
          "candidate_probabilities": [
            0.08448353409767151,
            0.00769230630248785,
            0.6503467559814453,
            0.257477343082428
          ],
          "class_index": 10,
          "conditional_hand_mass": 0.009049773810439787,
          "expected_action_loss_bb": 0.06073525398309071,
          "hand": "Q2o",
          "probability_on_actions_losing_over_0_1bb": 0.34965318348258734,
          "reference_expected_action_loss_bb": 0.06733452056518752,
          "reference_probabilities": [
            0.08918124437332153,
            0.011235957033932209,
            0.6114442944526672,
            0.2881385087966919
          ]
        },
        {
          "action_values_bb": [
            -0.5000005577998391,
            -0.36789239049459493,
            -0.07329581303045216,
            -0.10698391739108339
          ],
          "candidate_probabilities": [
            0.022786449640989304,
            0.007692299783229828,
            0.4997078776359558,
            0.46981334686279297
          ],
          "class_index": 11,
          "conditional_hand_mass": 0.009049773810439787,
          "expected_action_loss_bb": 0.027816332426357712,
          "hand": "K2o",
          "probability_on_actions_losing_over_0_1bb": 0.03047874942421913,
          "reference_expected_action_loss_bb": 0.02787911266590884,
          "reference_probabilities": [
            0.020051484927535057,
            0.01123595330864191,
            0.4933822751045227,
            0.47533026337623596
          ]
        },
        {
          "action_values_bb": [
            -0.5000005577998391,
            -0.2578121881743955,
            0.12338808242050422,
            0.198935253073787
          ],
          "candidate_probabilities": [
            0.007692302577197552,
            0.007692302577197552,
            0.44543397426605225,
            0.5391813516616821
          ],
          "class_index": 12,
          "conditional_hand_mass": 0.009049773810439787,
          "expected_action_loss_bb": 0.04254114172736806,
          "hand": "A2o",
          "probability_on_actions_losing_over_0_1bb": 0.015384605154395103,
          "reference_expected_action_loss_bb": 0.046748195573812656,
          "reference_probabilities": [
            0.011235957033932209,
            0.011235957033932209,
            0.4469126760959625,
            0.5306154489517212
          ]
        },
        {
          "action_values_bb": [
            -0.5000005577998391,
            -0.6805728232481056,
            -0.5878138088928169,
            -0.7795593629182104
          ],
          "candidate_probabilities": [
            0.533139169216156,
            0.007692309096455574,
            0.45147618651390076,
            0.007692309096455574
          ],
          "class_index": 13,
          "conditional_hand_mass": 0.0030165911925363843,
          "expected_action_loss_bb": 0.043185062148526826,
          "hand": "32s",
          "probability_on_actions_losing_over_0_1bb": 0.015384618192911148,
          "reference_expected_action_loss_bb": 0.05085276781983858,
          "reference_probabilities": [
            0.4573017358779907,
            0.011235951445996761,
            0.520226240158081,
            0.011235951445996761
          ]
        },
        {
          "action_values_bb": [
            -0.5000005577998391,
            -0.2513003553804753,
            0.12462071935106807,
            0.16918812853195758
          ],
          "candidate_probabilities": [
            0.013038531877100468,
            0.007692311890423298,
            0.46295979619026184,
            0.5163094401359558
          ],
          "class_index": 14,
          "conditional_hand_mass": 0.0045248869052198935,
          "expected_action_loss_bb": 0.032592685254230404,
          "hand": "33",
          "probability_on_actions_losing_over_0_1bb": 0.020730843767523766,
          "reference_expected_action_loss_bb": 0.033011071512630635,
          "reference_probabilities": [
            0.011235951445996761,
            0.011235951445996761,
            0.46597978472709656,
            0.5115482807159424
          ]
        },
        {
          "action_values_bb": [
            -0.5000005577998391,
            -0.7186354728469236,
            -0.6593387468840681,
            -0.8901537172401056
          ],
          "candidate_probabilities": [
            0.5916237831115723,
            0.007692308630794287,
            0.39299166202545166,
            0.007692308630794287
          ],
          "class_index": 15,
          "conditional_hand_mass": 0.009049773810439787,
          "expected_action_loss_bb": 0.06730156551204054,
          "hand": "43o",
          "probability_on_actions_losing_over_0_1bb": 0.40837627928704023,
          "reference_expected_action_loss_bb": 0.06883954199621245,
          "reference_probabilities": [
            0.5884235501289368,
            0.011235960759222507,
            0.38910460472106934,
            0.011235960759222507
          ]
        },
        {
          "action_values_bb": [
            -0.5000005577998391,
            -0.6631920281726106,
            -0.5567973488393425,
            -0.7808980205543042
          ],
          "candidate_probabilities": [
            0.40890970826148987,
            0.007692304905503988,
            0.5757056474685669,
            0.007692304905503988
          ],
          "class_index": 16,
          "conditional_hand_mass": 0.009049773810439787,
          "expected_action_loss_bb": 0.03611430083830888,
          "hand": "53o",
          "probability_on_actions_losing_over_0_1bb": 0.015384609811007977,
          "reference_expected_action_loss_bb": 0.035672062363906784,
          "reference_probabilities": [
            0.43731632828712463,
            0.011235960759222507,
            0.5402117967605591,
            0.011235960759222507
          ]
        },
        {
          "action_values_bb": [
            -0.5000005577998391,
            -0.6777989466259927,
            -0.5878213701795247,
            -0.8287720594341926
          ],
          "candidate_probabilities": [
            0.5614129900932312,
            0.007692312356084585,
            0.42320236563682556,
            0.007692312356084585
          ],
          "class_index": 17,
          "conditional_hand_mass": 0.009049773810439787,
          "expected_action_loss_bb": 0.04106266937884055,
          "hand": "63o",
          "probability_on_actions_losing_over_0_1bb": 0.01538462471216917,
          "reference_expected_action_loss_bb": 0.044373807424481396,
          "reference_probabilities": [
            0.5370628833770752,
            0.011235951445996761,
            0.44046521186828613,
            0.011235951445996761
          ]
        },
        {
          "action_values_bb": [
            -0.5000005577998391,
            -0.7126975076263633,
            -0.6640343059296602,
            -0.9315983692411814
          ],
          "candidate_probabilities": [
            0.6062797904014587,
            0.007692298386245966,
            0.3783356547355652,
            0.007692298386245966
          ],
          "class_index": 18,
          "conditional_hand_mass": 0.009049773810439787,
          "expected_action_loss_bb": 0.06701592304979219,
          "hand": "73o",
          "probability_on_actions_losing_over_0_1bb": 0.3937202515080571,
          "reference_expected_action_loss_bb": 0.0584619623071928,
          "reference_probabilities": [
            0.6652588844299316,
            0.011235949583351612,
            0.31226927042007446,
            0.011235949583351612
          ]
        },
        {
          "action_values_bb": [
            -0.5000005577998391,
            -0.6919953243977931,
            -0.6301773431621797,
            -0.9057800458883334
          ],
          "candidate_probabilities": [
            0.5136078000068665,
            0.007692309562116861,
            0.4710076153278351,
            0.007692309562116861
          ],
          "class_index": 19,
          "conditional_hand_mass": 0.009049773810439787,
          "expected_action_loss_bb": 0.0659125218598713,
          "hand": "83o",
          "probability_on_actions_losing_over_0_1bb": 0.4863922344520688,
          "reference_expected_action_loss_bb": 0.049656432742638854,
          "reference_probabilities": [
            0.6476700305938721,
            0.011235951445996761,
            0.32985812425613403,
            0.011235951445996761
          ]
        },
        {
          "action_values_bb": [
            -0.5000005577998391,
            -0.652458223890939,
            -0.5736563531542341,
            -0.8343579909785173
          ],
          "candidate_probabilities": [
            0.523110568523407,
            0.007692309562116861,
            0.46150481700897217,
            0.007692309562116861
          ],
          "class_index": 20,
          "conditional_hand_mass": 0.009049773810439787,
          "expected_action_loss_bb": 0.03773723679977617,
          "hand": "93o",
          "probability_on_actions_losing_over_0_1bb": 0.015384619124233723,
          "reference_expected_action_loss_bb": 0.03523719512458785,
          "reference_probabilities": [
            0.5733866095542908,
            0.011235950514674187,
            0.40414151549339294,
            0.011235950514674187
          ]
        },
        {
          "action_values_bb": [
            -0.5000005577998391,
            -0.5888804461407069,
            -0.4697786836171708,
            -0.7135247247877572
          ],
          "candidate_probabilities": [
            0.1680799424648285,
            0.00769230630248785,
            0.8165354132652283,
            0.00769230630248785
          ],
          "class_index": 21,
          "conditional_hand_mass": 0.009049773810439787,
          "expected_action_loss_bb": 0.007870827321002347,
          "hand": "T3o",
          "probability_on_actions_losing_over_0_1bb": 0.0153846126049757,
          "reference_expected_action_loss_bb": 0.015532316138078114,
          "reference_probabilities": [
            0.37904253602027893,
            0.011235951445996761,
            0.5984855890274048,
            0.011235951445996761
          ]
        },
        {
          "action_values_bb": [
            -0.5000005577998391,
            -0.5500567096503091,
            -0.4132212506864037,
            -0.626138934304814
          ],
          "candidate_probabilities": [
            0.12118601053953171,
            0.0076923007145524025,
            0.8634294271469116,
            0.0076923007145524025
          ],
          "class_index": 22,
          "conditional_hand_mass": 0.009049773810439787,
          "expected_action_loss_bb": 0.013206844375064936,
          "hand": "J3o",
          "probability_on_actions_losing_over_0_1bb": 0.015384601429104805,
          "reference_expected_action_loss_bb": 0.017029014464012764,
          "reference_probabilities": [
            0.15094847977161407,
            0.01123595330864191,
            0.8265796899795532,
            0.01123595330864191
          ]
        },
        {
          "action_values_bb": [
            -0.5000005577998391,
            -0.4507090255732633,
            -0.22619183232288925,
            -0.3666840410986921
          ],
          "candidate_probabilities": [
            0.06325285136699677,
            0.00879814475774765,
            0.5890624523162842,
            0.3388865292072296
          ],
          "class_index": 23,
          "conditional_hand_mass": 0.009049773810439787,
          "expected_action_loss_bb": 0.06690543439508964,
          "hand": "Q3o",
          "probability_on_actions_losing_over_0_1bb": 0.41093752533197403,
          "reference_expected_action_loss_bb": 0.07081404928512011,
          "reference_probabilities": [
            0.07415665686130524,
            0.011235951445996761,
            0.5730465054512024,
            0.34156090021133423
          ]
        },
        {
          "action_values_bb": [
            -0.5000005577998391,
            -0.349826586227798,
            -0.041557556111564926,
            -0.060662436891145984
          ],
          "candidate_probabilities": [
            0.02023117057979107,
            0.007692308630794287,
            0.4916306138038635,
            0.4804459512233734
          ],
          "class_index": 24,
          "conditional_hand_mass": 0.009049773810439787,
          "expected_action_loss_bb": 0.02082500170839157,
          "hand": "K3o",
          "probability_on_actions_losing_over_0_1bb": 0.027923479210585356,
          "reference_expected_action_loss_bb": 0.020851954330457084,
          "reference_probabilities": [
            0.01757846213877201,
            0.01123595330864191,
            0.48285308480262756,
            0.4883325397968292
          ]
        },
        {
          "action_values_bb": [
            -0.5000005577998391,
            -0.23023712071160385,
            0.172020326226137,
            0.26417180358999975
          ],
          "candidate_probabilities": [
            0.007692305836826563,
            0.007692305836826563,
            0.43857845664024353,
            0.546036958694458
          ],
          "class_index": 25,
          "conditional_hand_mass": 0.009049773810439787,
          "expected_action_loss_bb": 0.05009704488940622,
          "hand": "A3o",
          "probability_on_actions_losing_over_0_1bb": 0.015384611673653126,
          "reference_expected_action_loss_bb": 0.05454893709987174,
          "reference_probabilities": [
            0.011235956102609634,
            0.011235956102609634,
            0.43849077820777893,
            0.5390373468399048
          ]
        },
        {
          "action_values_bb": [
            -0.5000005577998391,
            -0.6556033472948567,
            -0.5462602619675956,
            -0.7336184723473829
          ],
          "candidate_probabilities": [
            0.20453068614006042,
            0.007692307233810425,
            0.7800846099853516,
            0.007692307233810425
          ],
          "class_index": 26,
          "conditional_hand_mass": 0.0030165911925363843,
          "expected_action_loss_bb": 0.039080488520997436,
          "hand": "42s",
          "probability_on_actions_losing_over_0_1bb": 0.01538461446762085,
          "reference_expected_action_loss_bb": 0.031465699020215655,
          "reference_probabilities": [
            0.39186859130859375,
            0.01123595517128706,
            0.5856594443321228,
            0.01123595517128706
          ]
        },
        {
          "action_values_bb": [
            -0.5000005577998391,
            -0.5652780756153462,
            -0.37945573610365657,
            -0.5306492418260631
          ],
          "candidate_probabilities": [
            0.06993209570646286,
            0.00769230118021369,
            0.9146832227706909,
            0.00769230118021369
          ],
          "class_index": 27,
          "conditional_hand_mass": 0.0030165911925363843,
          "expected_action_loss_bb": 0.01102237939182089,
          "hand": "43s",
          "probability_on_actions_losing_over_0_1bb": 0.08531669806689024,
          "reference_expected_action_loss_bb": 0.015294464969817432,
          "reference_probabilities": [
            0.09546465426683426,
            0.011235956102609634,
            0.8820633888244629,
            0.011235956102609634
          ]
        },
        {
          "action_values_bb": [
            -0.5000005577998391,
            -0.17430966072134677,
            0.2510193327226458,
            0.32150969146231567
          ],
          "candidate_probabilities": [
            0.007692308630794287,
            0.007692308630794287,
            0.43479543924331665,
            0.5498198866844177
          ],
          "class_index": 28,
          "conditional_hand_mass": 0.0045248869052198935,
          "expected_action_loss_bb": 0.04078219235343618,
          "hand": "44",
          "probability_on_actions_losing_over_0_1bb": 0.015384617261588573,
          "reference_expected_action_loss_bb": 0.04569081592259443,
          "reference_probabilities": [
            0.011235962621867657,
            0.011235962621867657,
            0.4382067322731018,
            0.5393213629722595
          ]
        },
        {
          "action_values_bb": [
            -0.5000005577998391,
            -0.6166350166906107,
            -0.47961068050340816,
            -0.6781806676492208
          ],
          "candidate_probabilities": [
            0.24039970338344574,
            0.007692304439842701,
            0.744215726852417,
            0.007692304439842701
          ],
          "class_index": 29,
          "conditional_hand_mass": 0.009049773810439787,
          "expected_action_loss_bb": 0.007483214157447411,
          "hand": "54o",
          "probability_on_actions_losing_over_0_1bb": 0.015384608879685402,
          "reference_expected_action_loss_bb": 0.009039405795673458,
          "reference_probabilities": [
            0.25839710235595703,
            0.011235948652029037,
            0.7191310524940491,
            0.011235948652029037
          ]
        },
        {
          "action_values_bb": [
            -0.5000005577998391,
            -0.6312528432297354,
            -0.5100733072944105,
            -0.728836640260009
          ],
          "candidate_probabilities": [
            0.3968103528022766,
            0.007692309562116861,
            0.5878050327301025,
            0.007692309562116861
          ],
          "class_index": 30,
          "conditional_hand_mass": 0.009049773810439787,
          "expected_action_loss_bb": 0.008690724041866462,
          "hand": "64o",
          "probability_on_actions_losing_over_0_1bb": 0.015384619124233723,
          "reference_expected_action_loss_bb": 0.010040159469355148,
          "reference_probabilities": [
            0.38243529200553894,
            0.011235959827899933,
            0.5950928330421448,
            0.011235959827899933
          ]
        },
        {
          "action_values_bb": [
            -0.5000005577998391,
            -0.675315621742294,
            -0.6054136333718009,
            -0.8529296887105031
          ],
          "candidate_probabilities": [
            0.5518345832824707,
            0.007692311890423298,
            0.43278083205223083,
            0.007692311890423298
          ],
          "class_index": 31,
          "conditional_hand_mass": 0.009049773810439787,
          "expected_action_loss_bb": 0.04968417765633403,
          "hand": "74o",
          "probability_on_actions_losing_over_0_1bb": 0.44816545583307743,
          "reference_expected_action_loss_bb": 0.04808798084761748,
          "reference_probabilities": [
            0.5776474475860596,
            0.011235950514674187,
            0.39988070726394653,
            0.011235950514674187
          ]
        },
        {
          "action_values_bb": [
            -0.5000005577998391,
            -0.6269683826655643,
            -0.5160735291747909,
            -0.7637172277100085
          ],
          "candidate_probabilities": [
            0.3704141676425934,
            0.00769230630248785,
            0.6142012476921082,
            0.00769230630248785
          ],
          "class_index": 32,
          "conditional_hand_mass": 0.009049773810439787,
          "expected_action_loss_bb": 0.01287730387406382,
          "hand": "84o",
          "probability_on_actions_losing_over_0_1bb": 0.0153846126049757,
          "reference_expected_action_loss_bb": 0.012571125751762684,
          "reference_probabilities": [
            0.46851128339767456,
            0.011235954239964485,
            0.5090168118476868,
            0.011235954239964485
          ]
        },
        {
          "action_values_bb": [
            -0.5000005577998391,
            -0.6596124406717894,
            -0.5938852122304432,
            -0.8590786882035251
          ],
          "candidate_probabilities": [
            0.5352497100830078,
            0.00769230630248785,
            0.44936564564704895,
            0.00769230630248785
          ],
          "class_index": 33,
          "conditional_hand_mass": 0.009049773810439787,
          "expected_action_loss_bb": 0.046178460812716184,
          "hand": "94o",
          "probability_on_actions_losing_over_0_1bb": 0.0153846126049757,
          "reference_expected_action_loss_bb": 0.04062143862685687,
          "reference_probabilities": [
            0.6069301962852478,
            0.011235959827899933,
            0.3705979287624359,
            0.011235959827899933
          ]
        },
        {
          "action_values_bb": [
            -0.5000005577998391,
            -0.6072724703467408,
            -0.5138492403385969,
            -0.7562842349651251
          ],
          "candidate_probabilities": [
            0.2870083451271057,
            0.007692312356084585,
            0.6976071000099182,
            0.007692312356084585
          ],
          "class_index": 34,
          "conditional_hand_mass": 0.009049773810439787,
          "expected_action_loss_bb": 0.012457522419687513,
          "hand": "T4o",
          "probability_on_actions_losing_over_0_1bb": 0.01538462471216917,
          "reference_expected_action_loss_bb": 0.011378641517853417,
          "reference_probabilities": [
            0.450853556394577,
            0.011235950514674187,
            0.5266745686531067,
            0.011235950514674187
          ]
        },
        {
          "action_values_bb": [
            -0.5000005577998391,
            -0.5452021776505719,
            -0.41073262670423344,
            -0.6159251854064688
          ],
          "candidate_probabilities": [
            0.10147684067487717,
            0.007692308630794287,
            0.8831385970115662,
            0.007692308630794287
          ],
          "class_index": 35,
          "conditional_hand_mass": 0.009049773810439787,
          "expected_action_loss_bb": 0.011671413398768208,
          "hand": "J4o",
          "probability_on_actions_losing_over_0_1bb": 0.015384617261588573,
          "reference_expected_action_loss_bb": 0.017531841938194057,
          "reference_probabilities": [
            0.15364322066307068,
            0.011235958896577358,
            0.8238848447799683,
            0.011235958896577358
          ]
        },
        {
          "action_values_bb": [
            -0.5000005577998391,
            -0.4689197958204678,
            -0.2702999165779352,
            -0.40766076101251825
          ],
          "candidate_probabilities": [
            0.06342887878417969,
            0.00769230630248785,
            0.6029453873634338,
            0.32593339681625366
          ],
          "class_index": 36,
          "conditional_hand_mass": 0.009049773810439787,
          "expected_action_loss_bb": 0.06086798569372186,
          "hand": "Q4o",
          "probability_on_actions_losing_over_0_1bb": 0.3970545819029212,
          "reference_expected_action_loss_bb": 0.06617933843158486,
          "reference_probabilities": [
            0.08125511556863785,
            0.011235961690545082,
            0.5778421759605408,
            0.32966673374176025
          ]
        },
        {
          "action_values_bb": [
            -0.5000005577998391,
            -0.31122863471671824,
            0.02816957363019854,
            0.027293750410602658
          ],
          "candidate_probabilities": [
            0.008923016488552094,
            0.007692307233810425,
            0.4732952415943146,
            0.5100894570350647
          ],
          "class_index": 37,
          "conditional_hand_mass": 0.009049773810439787,
          "expected_action_loss_bb": 0.0077703742752626035,
          "hand": "K4o",
          "probability_on_actions_losing_over_0_1bb": 0.01661532372236252,
          "reference_expected_action_loss_bb": 0.010488003573772319,
          "reference_probabilities": [
            0.011791672557592392,
            0.011235951445996761,
            0.4671291708946228,
            0.5098432302474976
          ]
        },
        {
          "action_values_bb": [
            -0.5000005577998391,
            -0.21009605313229401,
            0.20634825799110249,
            0.3097733349364914
          ],
          "candidate_probabilities": [
            0.00769230630248785,
            0.00769230630248785,
            0.4195043742656708,
            0.565110981464386
          ],
          "class_index": 38,
          "conditional_hand_mass": 0.009049773810439787,
          "expected_action_loss_bb": 0.05361529557635204,
          "hand": "A4o",
          "probability_on_actions_losing_over_0_1bb": 0.4348889868706465,
          "reference_expected_action_loss_bb": 0.05945597899541333,
          "reference_probabilities": [
            0.011235957033932209,
            0.011235957033932209,
            0.4304194450378418,
            0.5471087098121643
          ]
        },
        {
          "action_values_bb": [
            -0.5000005577998391,
            -0.600830811871468,
            -0.44458924859403454,
            -0.6212956822573787
          ],
          "candidate_probabilities": [
            0.35966774821281433,
            0.007692303974181414,
            0.6249476075172424,
            0.007692303974181414
          ],
          "class_index": 39,
          "conditional_hand_mass": 0.0030165911925363843,
          "expected_action_loss_bb": 0.022490798007639003,
          "hand": "52s",
          "probability_on_actions_losing_over_0_1bb": 0.015384607948362827,
          "reference_expected_action_loss_bb": 0.012698295230935092,
          "reference_probabilities": [
            0.16165128350257874,
            0.011235946789383888,
            0.8158767819404602,
            0.011235946789383888
          ]
        },
        {
          "action_values_bb": [
            -0.5000005577998391,
            -0.5580247563964147,
            -0.3727762069858852,
            -0.5270382316009723
          ],
          "candidate_probabilities": [
            0.06765241175889969,
            0.0076923067681491375,
            0.9169629216194153,
            0.0076923067681491375
          ],
          "class_index": 40,
          "conditional_hand_mass": 0.0030165911925363843,
          "expected_action_loss_bb": 0.011218653653459764,
          "hand": "53s",
          "probability_on_actions_losing_over_0_1bb": 0.08303702529519796,
          "reference_expected_action_loss_bb": 0.015379793045741177,
          "reference_probabilities": [
            0.09090295433998108,
            0.011235949583351612,
            0.8866250514984131,
            0.011235949583351612
          ]
        },
        {
          "action_values_bb": [
            -0.5000005577998391,
            -0.49517391579205716,
            -0.2613636222777818,
            -0.38797377349112044
          ],
          "candidate_probabilities": [
            0.031544506549835205,
            0.00769230630248785,
            0.9056853652000427,
            0.05507781356573105
          ],
          "class_index": 41,
          "conditional_hand_mass": 0.0030165911925363843,
          "expected_action_loss_bb": 0.016299635074051813,
          "hand": "54s",
          "probability_on_actions_losing_over_0_1bb": 0.0943146264180541,
          "reference_expected_action_loss_bb": 0.025100239311063036,
          "reference_probabilities": [
            0.06359023600816727,
            0.011235957965254784,
            0.867530882358551,
            0.05764291062951088
          ]
        },
        {
          "action_values_bb": [
            -0.5000005577998391,
            -0.06801837578603294,
            0.4359495798527656,
            0.5538446663799163
          ],
          "candidate_probabilities": [
            0.007692305836826563,
            0.007692305836826563,
            0.41449251770973206,
            0.5701228380203247
          ],
          "class_index": 42,
          "conditional_hand_mass": 0.0045248869052198935,
          "expected_action_loss_bb": 0.06175669171827496,
          "hand": "55",
          "probability_on_actions_losing_over_0_1bb": 0.4298771293833852,
          "reference_expected_action_loss_bb": 0.067228140932655,
          "reference_probabilities": [
            0.011235957033932209,
            0.011235957033932209,
            0.4105341136455536,
            0.5669940114021301
          ]
        },
        {
          "action_values_bb": [
            -0.5000005577998391,
            -0.5848132176249875,
            -0.4313150379117957,
            -0.6284009985856676
          ],
          "candidate_probabilities": [
            0.10310263186693192,
            0.0076923007145524025,
            0.8815127611160278,
            0.0076923007145524025
          ],
          "class_index": 43,
          "conditional_hand_mass": 0.009049773810439787,
          "expected_action_loss_bb": 0.009778456505215919,
          "hand": "65o",
          "probability_on_actions_losing_over_0_1bb": 0.015384601429104805,
          "reference_expected_action_loss_bb": 0.014026594938215786,
          "reference_probabilities": [
            0.14686420559883118,
            0.011235963553190231,
            0.8306639194488525,
            0.011235963553190231
          ]
        },
        {
          "action_values_bb": [
            -0.5000005577998391,
            -0.6134341752805423,
            -0.495917555944225,
            -0.7154336397926968
          ],
          "candidate_probabilities": [
            0.4643159806728363,
            0.00769230630248785,
            0.5202994346618652,
            0.00769230630248785
          ],
          "class_index": 44,
          "conditional_hand_mass": 0.009049773810439787,
          "expected_action_loss_bb": 0.004488361797531346,
          "hand": "75o",
          "probability_on_actions_losing_over_0_1bb": 0.0153846126049757,
          "reference_expected_action_loss_bb": 0.0052565162221531875,
          "reference_probabilities": [
            0.3599396049976349,
            0.011235948652029037,
            0.617588460445404,
            0.011235948652029037
          ]
        },
        {
          "action_values_bb": [
            -0.5000005577998391,
            -0.5863443162055728,
            -0.44919022957801824,
            -0.6761519496343932
          ],
          "candidate_probabilities": [
            0.210190549492836,
            0.007692311890423298,
            0.7744248509407043,
            0.007692311890423298
          ],
          "class_index": 45,
          "conditional_hand_mass": 0.009049773810439787,
          "expected_action_loss_bb": 0.013480743158101738,
          "hand": "85o",
          "probability_on_actions_losing_over_0_1bb": 0.015384623780846596,
          "reference_expected_action_loss_bb": 0.018523518411718724,
          "reference_probabilities": [
            0.28404325246810913,
            0.011235951445996761,
            0.693484902381897,
            0.011235951445996761
          ]
        },
        {
          "action_values_bb": [
            -0.5000005577998391,
            -0.5706215501629396,
            -0.43054443743407117,
            -0.6632417963138107
          ],
          "candidate_probabilities": [
            0.2026558220386505,
            0.007692308630794287,
            0.7819595336914062,
            0.007692308630794287
          ],
          "class_index": 46,
          "conditional_hand_mass": 0.009049773810439787,
          "expected_action_loss_bb": 0.016943183453634828,
          "hand": "95o",
          "probability_on_actions_losing_over_0_1bb": 0.015384617261588573,
          "reference_expected_action_loss_bb": 0.02483515236528776,
          "reference_probabilities": [
            0.29726216197013855,
            0.011235951445996761,
            0.6802659630775452,
            0.011235951445996761
          ]
        },
        {
          "action_values_bb": [
            -0.5000005577998391,
            -0.5535319885812175,
            -0.41222969949463334,
            -0.6404439590897203
          ],
          "candidate_probabilities": [
            0.12491769343614578,
            0.007692308630794287,
            0.859697699546814,
            0.007692308630794287
          ],
          "class_index": 47,
          "conditional_hand_mass": 0.009049773810439787,
          "expected_action_loss_bb": 0.013806568507042418,
          "hand": "T5o",
          "probability_on_actions_losing_over_0_1bb": 0.015384617261588573,
          "reference_expected_action_loss_bb": 0.025503039837650905,
          "reference_probabilities": [
            0.24326032400131226,
            0.011235957965254784,
            0.7342678308486938,
            0.011235957965254784
          ]
        },
        {
          "action_values_bb": [
            -0.5000005577998391,
            -0.5050057577338948,
            -0.33705647165571107,
            -0.5214490772131328
          ],
          "candidate_probabilities": [
            0.08930130302906036,
            0.007692303508520126,
            0.8484647274017334,
            0.05454163998365402
          ],
          "class_index": 48,
          "conditional_hand_mass": 0.009049773810439787,
          "expected_action_loss_bb": 0.025900111204063575,
          "hand": "J5o",
          "probability_on_actions_losing_over_0_1bb": 0.1515352465212345,
          "reference_expected_action_loss_bb": 0.031925625162470536,
          "reference_probabilities": [
            0.12834681570529938,
            0.011235954239964485,
            0.8109293580055237,
            0.0494878850877285
          ]
        },
        {
          "action_values_bb": [
            -0.5000005577998391,
            -0.4065173333201114,
            -0.15178390586322005,
            -0.2546319078861741
          ],
          "candidate_probabilities": [
            0.05302923917770386,
            0.009472928941249847,
            0.5424973964691162,
            0.39500048756599426
          ],
          "class_index": 49,
          "conditional_hand_mass": 0.009049773810439787,
          "expected_action_loss_bb": 0.0615037467227216,
          "hand": "Q5o",
          "probability_on_actions_losing_over_0_1bb": 0.45750265568494797,
          "reference_expected_action_loss_bb": 0.06478571340934346,
          "reference_probabilities": [
            0.05992039665579796,
            0.011235951445996761,
            0.5296306610107422,
            0.3992130160331726
          ]
        },
        {
          "action_values_bb": [
            -0.5000005577998391,
            -0.2947763904400545,
            0.05522063462747028,
            0.08234589849778305
          ],
          "candidate_probabilities": [
            0.011594472452998161,
            0.007692308165132999,
            0.47954869270324707,
            0.5011644959449768
          ],
          "class_index": 50,
          "conditional_hand_mass": 0.009049773810439787,
          "expected_action_loss_bb": 0.022660825636333162,
          "hand": "K5o",
          "probability_on_actions_losing_over_0_1bb": 0.01928678061813116,
          "reference_expected_action_loss_bb": 0.02325013583390461,
          "reference_probabilities": [
            0.011235957965254784,
            0.011235957965254784,
            0.4597037434577942,
            0.5178244113922119
          ]
        },
        {
          "action_values_bb": [
            -0.5000005577998391,
            -0.17412994071207488,
            0.2695520619380941,
            0.4036921391128008
          ],
          "candidate_probabilities": [
            0.007692310027778149,
            0.007692310027778149,
            0.4250885546207428,
            0.5595267415046692
          ],
          "class_index": 51,
          "conditional_hand_mass": 0.009049773810439787,
          "expected_action_loss_bb": 0.06841768249631044,
          "hand": "A5o",
          "probability_on_actions_losing_over_0_1bb": 0.4404731746762991,
          "reference_expected_action_loss_bb": 0.07327671667893468,
          "reference_probabilities": [
            0.01123595330864191,
            0.01123595330864191,
            0.42217424511909485,
            0.5553538799285889
          ]
        },
        {
          "action_values_bb": [
            -0.5000005577998391,
            -0.6744015737392794,
            -0.5921910501635593,
            -0.8045173729858778
          ],
          "candidate_probabilities": [
            0.4040544331073761,
            0.007692303508520126,
            0.5805609226226807,
            0.007692303508520126
          ],
          "class_index": 52,
          "conditional_hand_mass": 0.0030165911925363843,
          "expected_action_loss_bb": 0.057206178616379985,
          "hand": "62s",
          "probability_on_actions_losing_over_0_1bb": 0.015384607017040253,
          "reference_expected_action_loss_bb": 0.0503890819023044,
          "reference_probabilities": [
            0.48932167887687683,
            0.011235951445996761,
            0.4882063567638397,
            0.011235951445996761
          ]
        },
        {
          "action_values_bb": [
            -0.5000005577998391,
            -0.5749442510049694,
            -0.407587348355916,
            -0.5788176750654795
          ],
          "candidate_probabilities": [
            0.06021120399236679,
            0.007692308165132999,
            0.9244041442871094,
            0.007692308165132999
          ],
          "class_index": 53,
          "conditional_hand_mass": 0.0030165911925363843,
          "expected_action_loss_bb": 0.008168827914422421,
          "hand": "63s",
          "probability_on_actions_losing_over_0_1bb": 0.015384616330265999,
          "reference_expected_action_loss_bb": 0.014560265403797335,
          "reference_probabilities": [
            0.11638937890529633,
            0.011235950514674187,
            0.8611387014389038,
            0.011235950514674187
          ]
        },
        {
          "action_values_bb": [
            -0.5000005577998391,
            -0.5385307056415876,
            -0.3495049836316736,
            -0.5024453015279997
          ],
          "candidate_probabilities": [
            0.057789772748947144,
            0.007692303508520126,
            0.9268255829811096,
            0.007692303508520126
          ],
          "class_index": 54,
          "conditional_hand_mass": 0.0030165911925363843,
          "expected_action_loss_bb": 0.01132761159946611,
          "hand": "64s",
          "probability_on_actions_losing_over_0_1bb": 0.0731743797659874,
          "reference_expected_action_loss_bb": 0.018787217319513896,
          "reference_probabilities": [
            0.09930459409952164,
            0.011235956102609634,
            0.8782234787940979,
            0.011235956102609634
          ]
        },
        {
          "action_values_bb": [
            -0.5000005577998391,
            -0.4771517128793504,
            -0.2412570608162967,
            -0.3674098006671286
          ],
          "candidate_probabilities": [
            0.03193733096122742,
            0.007692304905503988,
            0.751674473285675,
            0.2086958885192871
          ],
          "class_index": 55,
          "conditional_hand_mass": 0.0030165911925363843,
          "expected_action_loss_bb": 0.03640570841878736,
          "hand": "65s",
          "probability_on_actions_losing_over_0_1bb": 0.24832552438601851,
          "reference_expected_action_loss_bb": 0.030303946702204675,
          "reference_probabilities": [
            0.058397628366947174,
            0.011235942132771015,
            0.8309357762336731,
            0.09943059086799622
          ]
        },
        {
          "action_values_bb": [
            -0.5000005577998391,
            0.01522391480041302,
            0.5771106836022961,
            0.7429205903753497
          ],
          "candidate_probabilities": [
            0.007692308165132999,
            0.007692308165132999,
            0.3926239609718323,
            0.5919914245605469
          ],
          "class_index": 56,
          "conditional_hand_mass": 0.0045248869052198935,
          "expected_action_loss_bb": 0.08025954194159626,
          "hand": "66",
          "probability_on_actions_losing_over_0_1bb": 0.4080085773020983,
          "reference_expected_action_loss_bb": 0.08734496907953546,
          "reference_probabilities": [
            0.011235946789383888,
            0.011235946789383888,
            0.393240749835968,
            0.5842873454093933
          ]
        },
        {
          "action_values_bb": [
            -0.5000005577998391,
            -0.53435005782525,
            -0.35451892242987526,
            -0.5438290603799733
          ],
          "candidate_probabilities": [
            0.0867881327867508,
            0.007692310959100723,
            0.8978273272514343,
            0.007692310959100723
          ],
          "class_index": 57,
          "conditional_hand_mass": 0.009049773810439787,
          "expected_action_loss_bb": 0.015465628950933858,
          "hand": "76o",
          "probability_on_actions_losing_over_0_1bb": 0.10217275470495224,
          "reference_expected_action_loss_bb": 0.02216018669421903,
          "reference_probabilities": [
            0.12381309270858765,
            0.011235957033932209,
            0.8537150025367737,
            0.011235957033932209
          ]
        },
        {
          "action_values_bb": [
            -0.5000005577998391,
            -0.5266477097358384,
            -0.34644393305906107,
            -0.5431585849733681
          ],
          "candidate_probabilities": [
            0.08946697413921356,
            0.007692310959100723,
            0.8951483964920044,
            0.007692310959100723
          ],
          "class_index": 58,
          "conditional_hand_mass": 0.009049773810439787,
          "expected_action_loss_bb": 0.01663762033352633,
          "hand": "86o",
          "probability_on_actions_losing_over_0_1bb": 0.10485159605741501,
          "reference_expected_action_loss_bb": 0.02443922168947152,
          "reference_probabilities": [
            0.13157479465007782,
            0.011235959827899933,
            0.8459533452987671,
            0.011235959827899933
          ]
        },
        {
          "action_values_bb": [
            -0.5000005577998391,
            -0.5277718623449161,
            -0.3613128005146633,
            -0.5679220468527074
          ],
          "candidate_probabilities": [
            0.1044764369726181,
            0.007692308630794287,
            0.8801389932632446,
            0.007692308630794287
          ],
          "class_index": 59,
          "conditional_hand_mass": 0.009049773810439787,
          "expected_action_loss_bb": 0.017359359299677236,
          "hand": "96o",
          "probability_on_actions_losing_over_0_1bb": 0.11986105423420668,
          "reference_expected_action_loss_bb": 0.025316520950167978,
          "reference_probabilities": [
            0.15231871604919434,
            0.011235957965254784,
            0.8252094388008118,
            0.011235957965254784
          ]
        },
        {
          "action_values_bb": [
            -0.5000005577998391,
            -0.5240474947969671,
            -0.3690270483339758,
            -0.5694936788882677
          ],
          "candidate_probabilities": [
            0.08561408519744873,
            0.007692302577197552,
            0.8990013599395752,
            0.007692302577197552
          ],
          "class_index": 60,
          "conditional_hand_mass": 0.009049773810439787,
          "expected_action_loss_bb": 0.01394769135671975,
          "hand": "T6o",
          "probability_on_actions_losing_over_0_1bb": 0.10099869035184383,
          "reference_expected_action_loss_bb": 0.023134114424403586,
          "reference_probabilities": [
            0.14613547921180725,
            0.011235957965254784,
            0.8313926458358765,
            0.011235957965254784
          ]
        },
        {
          "action_values_bb": [
            -0.5000005577998391,
            -0.498186127889868,
            -0.3287058361977388,
            -0.5004421183502512
          ],
          "candidate_probabilities": [
            0.07562559098005295,
            0.007692302577197552,
            0.7317789196968079,
            0.18490318953990936
          ],
          "class_index": 61,
          "conditional_hand_mass": 0.009049773810439787,
          "expected_action_loss_bb": 0.04601254456721539,
          "hand": "J6o",
          "probability_on_actions_losing_over_0_1bb": 0.26822108309715986,
          "reference_expected_action_loss_bb": 0.04310466182148424,
          "reference_probabilities": [
            0.1264577955007553,
            0.011235954239964485,
            0.7485339045524597,
            0.11377232521772385
          ]
        },
        {
          "action_values_bb": [
            -0.5000005577998391,
            -0.38919420855020387,
            -0.12213171575511843,
            -0.19979569031448755
          ],
          "candidate_probabilities": [
            0.04178469255566597,
            0.007692304905503988,
            0.5194223523139954,
            0.4311006963253021
          ],
          "class_index": 62,
          "conditional_hand_mass": 0.009049773810439787,
          "expected_action_loss_bb": 0.051324453026542496,
          "hand": "Q6o",
          "probability_on_actions_losing_over_0_1bb": 0.04947699746116996,
          "reference_expected_action_loss_bb": 0.05531900459478797,
          "reference_probabilities": [
            0.04981067776679993,
            0.01123595517128706,
            0.5076543688774109,
            0.4312990605831146
          ]
        },
        {
          "action_values_bb": [
            -0.5000005577998391,
            -0.2601200695142555,
            0.11746098654958655,
            0.17001288207739534
          ],
          "candidate_probabilities": [
            0.011783701367676258,
            0.007692308630794287,
            0.44996750354766846,
            0.5305564999580383
          ],
          "class_index": 63,
          "conditional_hand_mass": 0.009049773810439787,
          "expected_action_loss_bb": 0.03485059894110633,
          "hand": "K6o",
          "probability_on_actions_losing_over_0_1bb": 0.019476009998470545,
          "reference_expected_action_loss_bb": 0.03566835723371583,
          "reference_probabilities": [
            0.011235945858061314,
            0.011235945858061314,
            0.44350773096084595,
            0.5340203642845154
          ]
        },
        {
          "action_values_bb": [
            -0.5000005577998391,
            -0.1667556254113774,
            0.2848345379743933,
            0.4226657316288623
          ],
          "candidate_probabilities": [
            0.00769231328740716,
            0.00769231328740716,
            0.4149610102176666,
            0.5696544051170349
          ],
          "class_index": 64,
          "conditional_hand_mass": 0.009049773810439787,
          "expected_action_loss_bb": 0.06882602325302255,
          "hand": "A6o",
          "probability_on_actions_losing_over_0_1bb": 0.43034563679248095,
          "reference_expected_action_loss_bb": 0.07473106219642126,
          "reference_probabilities": [
            0.011235957965254784,
            0.011235957965254784,
            0.41892772912979126,
            0.5586003661155701
          ]
        },
        {
          "action_values_bb": [
            -0.5000005577998391,
            -0.6602075511223553,
            -0.5720363164881914,
            -0.7985536869949588
          ],
          "candidate_probabilities": [
            0.5771992206573486,
            0.007692307233810425,
            0.40741607546806335,
            0.007692307233810425
          ],
          "class_index": 65,
          "conditional_hand_mass": 0.0030165911925363843,
          "expected_action_loss_bb": 0.03287744990719912,
          "hand": "72s",
          "probability_on_actions_losing_over_0_1bb": 0.01538461446762085,
          "reference_expected_action_loss_bb": 0.038455618534629095,
          "reference_probabilities": [
            0.5152435302734375,
            0.011235949583351612,
            0.46228447556495667,
            0.011235949583351612
          ]
        },
        {
          "action_values_bb": [
            -0.5000005577998391,
            -0.5725333781225945,
            -0.4105034639370008,
            -0.5973557188738393
          ],
          "candidate_probabilities": [
            0.10020735114812851,
            0.007692310959100723,
            0.8844079971313477,
            0.007692310959100723
          ],
          "class_index": 66,
          "conditional_hand_mass": 0.0030165911925363843,
          "expected_action_loss_bb": 0.01165197684442577,
          "hand": "73s",
          "probability_on_actions_losing_over_0_1bb": 0.015384621918201447,
          "reference_expected_action_loss_bb": 0.01767059255189245,
          "reference_probabilities": [
            0.1536426544189453,
            0.011235946789383888,
            0.823885440826416,
            0.011235946789383888
          ]
        },
        {
          "action_values_bb": [
            -0.5000005577998391,
            -0.5723636210382267,
            -0.4245095699859063,
            -0.6010265996149942
          ],
          "candidate_probabilities": [
            0.0805225595831871,
            0.007692308165132999,
            0.9040927886962891,
            0.007692308165132999
          ],
          "class_index": 67,
          "conditional_hand_mass": 0.0030165911925363843,
          "expected_action_loss_bb": 0.008573889876699669,
          "hand": "74s",
          "probability_on_actions_losing_over_0_1bb": 0.015384616330265999,
          "reference_expected_action_loss_bb": 0.015197097336334897,
          "reference_probabilities": [
            0.15303122997283936,
            0.011235954239964485,
            0.824496865272522,
            0.011235954239964485
          ]
        },
        {
          "action_values_bb": [
            -0.5000005577998391,
            -0.5083490860139748,
            -0.31026708076073983,
            -0.4625396502718964
          ],
          "candidate_probabilities": [
            0.07967614382505417,
            0.007692310493439436,
            0.9049392342567444,
            0.007692310493439436
          ],
          "class_index": 68,
          "conditional_hand_mass": 0.0030165911925363843,
          "expected_action_loss_bb": 0.017812267976879525,
          "hand": "75s",
          "probability_on_actions_losing_over_0_1bb": 0.09506076481193304,
          "reference_expected_action_loss_bb": 0.020954730192432155,
          "reference_probabilities": [
            0.08969510346651077,
            0.011235949583351612,
            0.8878329992294312,
            0.011235949583351612
          ]
        },
        {
          "action_values_bb": [
            -0.5000005577998391,
            -0.43591177341922627,
            -0.18096235346908116,
            -0.3028203599420384
          ],
          "candidate_probabilities": [
            0.03202510625123978,
            0.0076923067681491375,
            0.8549723625183105,
            0.10531027615070343
          ],
          "class_index": 69,
          "conditional_hand_mass": 0.0030165911925363843,
          "expected_action_loss_bb": 0.025011281853356798,
          "hand": "76s",
          "probability_on_actions_losing_over_0_1bb": 0.14502768917009234,
          "reference_expected_action_loss_bb": 0.038080357793305375,
          "reference_probabilities": [
            0.05428023636341095,
            0.011235949583351612,
            0.7876055836677551,
            0.14687824249267578
          ]
        },
        {
          "action_values_bb": [
            -0.5000005577998391,
            0.0660901314672243,
            0.6558044651257343,
            0.8579055731641257
          ],
          "candidate_probabilities": [
            0.007692307233810425,
            0.007692307233810425,
            0.384690523147583,
            0.5999248027801514
          ],
          "class_index": 70,
          "conditional_hand_mass": 0.0045248869052198935,
          "expected_action_loss_bb": 0.09428269978405249,
          "hand": "77",
          "probability_on_actions_losing_over_0_1bb": 0.40007513761520386,
          "reference_expected_action_loss_bb": 0.10154076942796408,
          "reference_probabilities": [
            0.011235947720706463,
            0.011235947720706463,
            0.3829103708267212,
            0.5946177244186401
          ]
        },
        {
          "action_values_bb": [
            -0.5000005577998391,
            -0.49867965679195675,
            -0.3077221189948199,
            -0.48640889703138923
          ],
          "candidate_probabilities": [
            0.08054744452238083,
            0.007692304905503988,
            0.9040679335594177,
            0.007692304905503988
          ],
          "class_index": 71,
          "conditional_hand_mass": 0.009049773810439787,
          "expected_action_loss_bb": 0.018330953666476565,
          "hand": "87o",
          "probability_on_actions_losing_over_0_1bb": 0.0959320543333888,
          "reference_expected_action_loss_bb": 0.027511117220567028,
          "reference_probabilities": [
            0.1214791014790535,
            0.011235950514674187,
            0.8560490012168884,
            0.011235950514674187
          ]
        },
        {
          "action_values_bb": [
            -0.5000005577998391,
            -0.5039025536076635,
            -0.3300967720743089,
            -0.5158500373725892
          ],
          "candidate_probabilities": [
            0.0879988819360733,
            0.007692298851907253,
            0.8966165781021118,
            0.007692298851907253
          ],
          "class_index": 72,
          "conditional_hand_mass": 0.009049773810439787,
          "expected_action_loss_bb": 0.017717178823688683,
          "hand": "97o",
          "probability_on_actions_losing_over_0_1bb": 0.10338347963988781,
          "reference_expected_action_loss_bb": 0.02655046458325346,
          "reference_probabilities": [
            0.13248951733112335,
            0.011235968209803104,
            0.8450385928153992,
            0.011235968209803104
          ]
        },
        {
          "action_values_bb": [
            -0.5000005577998391,
            -0.4798353808719279,
            -0.2957895408811502,
            -0.4662394746269249
          ],
          "candidate_probabilities": [
            0.10186050087213516,
            0.007692303508520126,
            0.882754921913147,
            0.007692303508520126
          ],
          "class_index": 73,
          "conditional_hand_mass": 0.009049773810439787,
          "expected_action_loss_bb": 0.023527925551014954,
          "hand": "T7o",
          "probability_on_actions_losing_over_0_1bb": 0.11724510788917542,
          "reference_expected_action_loss_bb": 0.03484143859542826,
          "reference_probabilities": [
            0.12181314826011658,
            0.011235951445996761,
            0.8206151723861694,
            0.04633572697639465
          ]
        },
        {
          "action_values_bb": [
            -0.5000005577998391,
            -0.4498560566526308,
            -0.24637572653429043,
            -0.3815989270410206
          ],
          "candidate_probabilities": [
            0.0557650625705719,
            0.007692307233810425,
            0.6436164975166321,
            0.2929260730743408
          ],
          "class_index": 74,
          "conditional_hand_mass": 0.009049773810439787,
          "expected_action_loss_bb": 0.05531903891326219,
          "hand": "J7o",
          "probability_on_actions_losing_over_0_1bb": 0.35638344287872314,
          "reference_expected_action_loss_bb": 0.06192096105665858,
          "reference_probabilities": [
            0.08360284566879272,
            0.011235958896577358,
            0.6209576725959778,
            0.28420349955558777
          ]
        },
        {
          "action_values_bb": [
            -0.5000005577998391,
            -0.38783798021917815,
            -0.12344404059047451,
            -0.18311998522450204
          ],
          "candidate_probabilities": [
            0.04333769902586937,
            0.007692311890423298,
            0.4903062582015991,
            0.4586637616157532
          ],
          "class_index": 75,
          "conditional_hand_mass": 0.009049773810439787,
          "expected_action_loss_bb": 0.04572408689842727,
          "hand": "Q7o",
          "probability_on_actions_losing_over_0_1bb": 0.05103001091629267,
          "reference_expected_action_loss_bb": 0.047330518625653156,
          "reference_probabilities": [
            0.04608342424035072,
            0.011235950514674187,
            0.49012330174446106,
            0.45255735516548157
          ]
        },
        {
          "action_values_bb": [
            -0.5000005577998391,
            -0.24393642135456112,
            0.1445574540032055,
            0.21914150576207234
          ],
          "candidate_probabilities": [
            0.009709371253848076,
            0.007692307233810425,
            0.447300523519516,
            0.5352977514266968
          ],
          "class_index": 76,
          "conditional_hand_mass": 0.009049773810439787,
          "expected_action_loss_bb": 0.04390604036590604,
          "hand": "K7o",
          "probability_on_actions_losing_over_0_1bb": 0.0174016784876585,
          "reference_expected_action_loss_bb": 0.045627519703858074,
          "reference_probabilities": [
            0.011235949583351612,
            0.011235949583351612,
            0.43366047739982605,
            0.5438676476478577
          ]
        },
        {
          "action_values_bb": [
            -0.5000005577998391,
            -0.1680022460740188,
            0.2729765810836439,
            0.4249072502823087
          ],
          "candidate_probabilities": [
            0.007692316081374884,
            0.007692316081374884,
            0.4113565981388092,
            0.5732588171958923
          ],
          "class_index": 77,
          "conditional_hand_mass": 0.009049773810439787,
          "expected_action_loss_bb": 0.07417321369403666,
          "hand": "A7o",
          "probability_on_actions_losing_over_0_1bb": 0.42674123030155897,
          "reference_expected_action_loss_bb": 0.080520034497318,
          "reference_probabilities": [
            0.011235951445996761,
            0.011235951445996761,
            0.4177294373512268,
            0.5597987174987793
          ]
        },
        {
          "action_values_bb": [
            -0.5000005577998391,
            -0.5779759551082689,
            -0.42468385144674686,
            -0.6270765958343508
          ],
          "candidate_probabilities": [
            0.12904098629951477,
            0.00769230630248785,
            0.855574369430542,
            0.00769230630248785
          ],
          "class_index": 78,
          "conditional_hand_mass": 0.0030165911925363843,
          "expected_action_loss_bb": 0.012454978870981678,
          "hand": "82s",
          "probability_on_actions_losing_over_0_1bb": 0.0153846126049757,
          "reference_expected_action_loss_bb": 0.02173223592560178,
          "reference_probabilities": [
            0.23548266291618347,
            0.011235950514674187,
            0.7420453429222107,
            0.011235950514674187
          ]
        },
        {
          "action_values_bb": [
            -0.5000005577998391,
            -0.5601499737834076,
            -0.3923694841343132,
            -0.5921580779952922
          ],
          "candidate_probabilities": [
            0.102129727602005,
            0.007692310027778149,
            0.8824856281280518,
            0.007692310027778149
          ],
          "class_index": 79,
          "conditional_hand_mass": 0.0030165911925363843,
          "expected_action_loss_bb": 0.013819787581957253,
          "hand": "83s",
          "probability_on_actions_losing_over_0_1bb": 0.1175143476575613,
          "reference_expected_action_loss_bb": 0.019351546131935817,
          "reference_probabilities": [
            0.14142343401908875,
            0.011235956102609634,
            0.8361046314239502,
            0.011235956102609634
          ]
        },
        {
          "action_values_bb": [
            -0.5000005577998391,
            -0.5234931657124158,
            -0.33416028192443425,
            -0.5114623838381835
          ],
          "candidate_probabilities": [
            0.06100881099700928,
            0.007692304905503988,
            0.9236065745353699,
            0.007692304905503988
          ],
          "class_index": 80,
          "conditional_hand_mass": 0.0030165911925363843,
          "expected_action_loss_bb": 0.01293798614561726,
          "hand": "84s",
          "probability_on_actions_losing_over_0_1bb": 0.07639342080801725,
          "reference_expected_action_loss_bb": 0.023188526489253257,
          "reference_probabilities": [
            0.11498433351516724,
            0.011235951445996761,
            0.8625437021255493,
            0.011235951445996761
          ]
        },
        {
          "action_values_bb": [
            -0.5000005577998391,
            -0.46101812725521574,
            -0.2228018347896041,
            -0.3733001979569651
          ],
          "candidate_probabilities": [
            0.057040728628635406,
            0.007692310959100723,
            0.8121757507324219,
            0.12309122085571289
          ],
          "class_index": 81,
          "conditional_hand_mass": 0.0030165911925363843,
          "expected_action_loss_bb": 0.03616907819165757,
          "hand": "85s",
          "probability_on_actions_losing_over_0_1bb": 0.18782426044344902,
          "reference_expected_action_loss_bb": 0.03311748678535725,
          "reference_probabilities": [
            0.07797425985336304,
            0.011235958896577358,
            0.8521410226821899,
            0.05864869803190231
          ]
        },
        {
          "action_values_bb": [
            -0.5000005577998391,
            -0.4367030434798777,
            -0.1892817366416235,
            -0.3209301374294848
          ],
          "candidate_probabilities": [
            0.026148179545998573,
            0.00842281710356474,
            0.6907484531402588,
            0.274680495262146
          ],
          "class_index": 82,
          "conditional_hand_mass": 0.0030165911925363843,
          "expected_action_loss_bb": 0.04636996386786885,
          "hand": "86s",
          "probability_on_actions_losing_over_0_1bb": 0.3092514919117093,
          "reference_expected_action_loss_bb": 0.041417580692939146,
          "reference_probabilities": [
            0.069541797041893,
            0.011235950514674187,
            0.7898653745651245,
            0.12935684621334076
          ]
        },
        {
          "action_values_bb": [
            -0.5000005577998391,
            -0.3822701461807445,
            -0.09700024543192921,
            -0.2055335603372086
          ],
          "candidate_probabilities": [
            0.022583549842238426,
            0.009053527377545834,
            0.6558713912963867,
            0.3124915361404419
          ],
          "class_index": 83,
          "conditional_hand_mass": 0.0030165911925363843,
          "expected_action_loss_bb": 0.04559961879438261,
          "hand": "87s",
          "probability_on_actions_losing_over_0_1bb": 0.34412861336022615,
          "reference_expected_action_loss_bb": 0.04854802279628308,
          "reference_probabilities": [
            0.04392874240875244,
            0.011235949583351612,
            0.6901720762252808,
            0.25466325879096985
          ]
        },
        {
          "action_values_bb": [
            -0.5000005577998391,
            0.16309546682268536,
            0.8262343180773012,
            1.0789529725153426
          ],
          "candidate_probabilities": [
            0.007692302577197552,
            0.007692302577197552,
            0.36650359630584717,
            0.618111789226532
          ],
          "class_index": 84,
          "conditional_hand_mass": 0.0045248869052198935,
          "expected_action_loss_bb": 0.11181313706702081,
          "hand": "88",
          "probability_on_actions_losing_over_0_1bb": 0.38188820146024227,
          "reference_expected_action_loss_bb": 0.12106869875466182,
          "reference_probabilities": [
            0.01123595517128706,
            0.01123595517128706,
            0.36814501881599426,
            0.6093831062316895
          ]
        },
        {
          "action_values_bb": [
            -0.5000005577998391,
            -0.43614753681788826,
            -0.20801477797707071,
            -0.34793186412987565
          ],
          "candidate_probabilities": [
            0.053444914519786835,
            0.010832277126610279,
            0.6345878839492798,
            0.3011349141597748
          ],
          "class_index": 85,
          "conditional_hand_mass": 0.009049773810439787,
          "expected_action_loss_bb": 0.06021027203715377,
          "hand": "98o",
          "probability_on_actions_losing_over_0_1bb": 0.3654121058061719,
          "reference_expected_action_loss_bb": 0.050803877489430674,
          "reference_probabilities": [
            0.09260444343090057,
            0.011235950514674187,
            0.7446312308311462,
            0.15152837336063385
          ]
        },
        {
          "action_values_bb": [
            -0.5000005577998391,
            -0.39805151219536383,
            -0.14375569420669088,
            -0.2640034410052297
          ],
          "candidate_probabilities": [
            0.04236545041203499,
            0.013889974914491177,
            0.5598750114440918,
            0.38386958837509155
          ],
          "class_index": 86,
          "conditional_hand_mass": 0.009049773810439787,
          "expected_action_loss_bb": 0.0647840897024077,
          "hand": "T8o",
          "probability_on_actions_losing_over_0_1bb": 0.4401250137016177,
          "reference_expected_action_loss_bb": 0.06194056933249677,
          "reference_probabilities": [
            0.06718207150697708,
            0.011235954239964485,
            0.6292684078216553,
            0.2923135459423065
          ]
        },
        {
          "action_values_bb": [
            -0.5000005577998391,
            -0.36648075404621805,
            -0.0895716686024387,
            -0.17168271787351827
          ],
          "candidate_probabilities": [
            0.03957211971282959,
            0.007692307233810425,
            0.5548641681671143,
            0.39787134528160095
          ],
          "class_index": 87,
          "conditional_hand_mass": 0.009049773810439787,
          "expected_action_loss_bb": 0.05104124453395846,
          "hand": "J8o",
          "probability_on_actions_losing_over_0_1bb": 0.047264426946640015,
          "reference_expected_action_loss_bb": 0.0572425562915707,
          "reference_probabilities": [
            0.04875317960977554,
            0.01123595330864191,
            0.5244576930999756,
            0.41555315256118774
          ]
        },
        {
          "action_values_bb": [
            -0.5000005577998391,
            -0.3157919332226824,
            0.009818233949929407,
            0.0098935872851386
          ],
          "candidate_probabilities": [
            0.021156208589673042,
            0.007692305836826563,
            0.43952620029449463,
            0.5316252708435059
          ],
          "class_index": 88,
          "conditional_hand_mass": 0.009049773810439787,
          "expected_action_loss_bb": 0.01332581928754702,
          "hand": "Q8o",
          "probability_on_actions_losing_over_0_1bb": 0.028848514426499605,
          "reference_expected_action_loss_bb": 0.018685688671129904,
          "reference_probabilities": [
            0.029402395710349083,
            0.01123595330864191,
            0.45375490188598633,
            0.5056067109107971
          ]
        },
        {
          "action_values_bb": [
            -0.5000005577998391,
            -0.19015635129490133,
            0.24449203647763038,
            0.34958056550987243
          ],
          "candidate_probabilities": [
            0.00769230118021369,
            0.00769230118021369,
            0.42116251587867737,
            0.5634528994560242
          ],
          "class_index": 89,
          "conditional_hand_mass": 0.009049773810439787,
          "expected_action_loss_bb": 0.05494640207687332,
          "hand": "K8o",
          "probability_on_actions_losing_over_0_1bb": 0.43654711823910475,
          "reference_expected_action_loss_bb": 0.05968336039318966,
          "reference_probabilities": [
            0.011235947720706463,
            0.011235947720706463,
            0.4193897843360901,
            0.5581383109092712
          ]
        },
        {
          "action_values_bb": [
            -0.5000005577998391,
            -0.11642345560718992,
            0.3648196881031211,
            0.5416071576875354
          ],
          "candidate_probabilities": [
            0.007692307233810425,
            0.007692307233810425,
            0.40182802081108093,
            0.5827873945236206
          ],
          "class_index": 90,
          "conditional_hand_mass": 0.009049773810439787,
          "expected_action_loss_bb": 0.08411229921865639,
          "hand": "A8o",
          "probability_on_actions_losing_over_0_1bb": 0.4172126352787018,
          "reference_expected_action_loss_bb": 0.0912751258272826,
          "reference_probabilities": [
            0.01123595330864191,
            0.01123595330864191,
            0.40827593207359314,
            0.5692521333694458
          ]
        },
        {
          "action_values_bb": [
            -0.5000005577998391,
            -0.5685836594396467,
            -0.4247340224433864,
            -0.62610410280375
          ],
          "candidate_probabilities": [
            0.33579137921333313,
            0.007692301645874977,
            0.6488239765167236,
            0.007692301645874977
          ],
          "class_index": 91,
          "conditional_hand_mass": 0.0030165911925363843,
          "expected_action_loss_bb": 0.027929387915963198,
          "hand": "92s",
          "probability_on_actions_losing_over_0_1bb": 0.015384603291749954,
          "reference_expected_action_loss_bb": 0.022146587874736938,
          "reference_probabilities": [
            0.2427070289850235,
            0.011235947720706463,
            0.734821081161499,
            0.011235947720706463
          ]
        },
        {
          "action_values_bb": [
            -0.5000005577998391,
            -0.48646923238065254,
            -0.2673282689239793,
            -0.4437683221752706
          ],
          "candidate_probabilities": [
            0.07318975031375885,
            0.007692298851907253,
            0.9114256501197815,
            0.007692298851907253
          ],
          "class_index": 92,
          "conditional_hand_mass": 0.0030165911925363843,
          "expected_action_loss_bb": 0.020072154128413927,
          "hand": "93s",
          "probability_on_actions_losing_over_0_1bb": 0.08857434801757336,
          "reference_expected_action_loss_bb": 0.027462090508367717,
          "reference_probabilities": [
            0.09892607480287552,
            0.011235964484512806,
            0.8786019682884216,
            0.011235964484512806
          ]
        },
        {
          "action_values_bb": [
            -0.5000005577998391,
            -0.5308178213329928,
            -0.36076212811794617,
            -0.5499030048057555
          ],
          "candidate_probabilities": [
            0.08422043919563293,
            0.007692302111536264,
            0.9003949165344238,
            0.007692302111536264
          ],
          "class_index": 93,
          "conditional_hand_mass": 0.0030165911925363843,
          "expected_action_loss_bb": 0.014489770233839596,
          "hand": "94s",
          "probability_on_actions_losing_over_0_1bb": 0.09960504341870546,
          "reference_expected_action_loss_bb": 0.02300378957373051,
          "reference_probabilities": [
            0.1362258493900299,
            0.011235954239964485,
            0.841302216053009,
            0.011235954239964485
          ]
        },
        {
          "action_values_bb": [
            -0.5000005577998391,
            -0.46071728720865807,
            -0.23374267577822375,
            -0.3955976267476179
          ],
          "candidate_probabilities": [
            0.06489245593547821,
            0.0076923067681491375,
            0.8800174593925476,
            0.04739782214164734
          ],
          "class_index": 94,
          "conditional_hand_mass": 0.0030165911925363843,
          "expected_action_loss_bb": 0.026695658395058178,
          "hand": "95s",
          "probability_on_actions_losing_over_0_1bb": 0.11998258484527469,
          "reference_expected_action_loss_bb": 0.03518170817032494,
          "reference_probabilities": [
            0.09865979850292206,
            0.011235949583351612,
            0.8507944345474243,
            0.0393097884953022
          ]
        },
        {
          "action_values_bb": [
            -0.5000005577998391,
            -0.4289174282700396,
            -0.18472114966265504,
            -0.3221508823773677
          ],
          "candidate_probabilities": [
            0.03743879869580269,
            0.013174887746572495,
            0.6658969521522522,
            0.2834893465042114
          ],
          "class_index": 95,
          "conditional_hand_mass": 0.0030165911925363843,
          "expected_action_loss_bb": 0.053980805970505225,
          "hand": "96s",
          "probability_on_actions_losing_over_0_1bb": 0.3341030329465866,
          "reference_expected_action_loss_bb": 0.04199233951784288,
          "reference_probabilities": [
            0.08142640441656113,
            0.011235946789383888,
            0.8085490465164185,
            0.09878862649202347
          ]
        },
        {
          "action_values_bb": [
            -0.5000005577998391,
            -0.39793062457467765,
            -0.13930668268998353,
            -0.25639923469862075
          ],
          "candidate_probabilities": [
            0.050179168581962585,
            0.007692308165132999,
            0.7775546312332153,
            0.16457390785217285
          ],
          "class_index": 96,
          "conditional_hand_mass": 0.0030165911925363843,
          "expected_action_loss_bb": 0.03935911268992254,
          "hand": "97s",
          "probability_on_actions_losing_over_0_1bb": 0.22244538459926844,
          "reference_expected_action_loss_bb": 0.04977751435320968,
          "reference_probabilities": [
            0.060916706919670105,
            0.011235949583351612,
            0.7152006030082703,
            0.2126467078924179
          ]
        },
        {
          "action_values_bb": [
            -0.5000005577998391,
            -0.29528048655020633,
            0.054480542702056795,
            -0.00892631588080933
          ],
          "candidate_probabilities": [
            0.012080450542271137,
            0.010665743611752987,
            0.5256261229515076,
            0.4516276717185974
          ],
          "class_index": 97,
          "conditional_hand_mass": 0.0030165911925363843,
          "expected_action_loss_bb": 0.039065134887394895,
          "hand": "98s",
          "probability_on_actions_losing_over_0_1bb": 0.022746194154024124,
          "reference_expected_action_loss_bb": 0.039251841114570335,
          "reference_probabilities": [
            0.016953814774751663,
            0.011235954239964485,
            0.5630000233650208,
            0.40881022810935974
          ]
        },
        {
          "action_values_bb": [
            -0.5000005577998391,
            0.26638357291869386,
            1.0102599843072313,
            1.3174228159967079
          ],
          "candidate_probabilities": [
            0.007692304905503988,
            0.007692304905503988,
            0.35560309886932373,
            0.6290122866630554
          ],
          "class_index": 98,
          "conditional_hand_mass": 0.0045248869052198935,
          "expected_action_loss_bb": 0.13129314386529337,
          "hand": "99",
          "probability_on_actions_losing_over_0_1bb": 0.3709877086803317,
          "reference_expected_action_loss_bb": 0.14125371527991287,
          "reference_probabilities": [
            0.01123595517128706,
            0.01123595517128706,
            0.3549381196498871,
            0.6225899457931519
          ]
        },
        {
          "action_values_bb": [
            -0.5000005577998391,
            -0.34176817590775727,
            -0.04385351835347404,
            -0.12154602592405742
          ],
          "candidate_probabilities": [
            0.0401267409324646,
            0.010028998367488384,
            0.5457797050476074,
            0.4040645360946655
          ],
          "class_index": 99,
          "conditional_hand_mass": 0.009049773810439787,
          "expected_action_loss_bb": 0.05268426672277683,
          "hand": "T9o",
          "probability_on_actions_losing_over_0_1bb": 0.050155739299952984,
          "reference_expected_action_loss_bb": 0.05325943545308666,
          "reference_probabilities": [
            0.04177923500537872,
            0.01123595517128706,
            0.5498473048210144,
            0.39713746309280396
          ]
        },
        {
          "action_values_bb": [
            -0.5000005577998391,
            -0.3171671577371176,
            -0.0012318060412201686,
            -0.03698801721990081
          ],
          "candidate_probabilities": [
            0.013363952748477459,
            0.00769230118021369,
            0.4861232340335846,
            0.4928205609321594
          ],
          "class_index": 100,
          "conditional_hand_mass": 0.009049773810439787,
          "expected_action_loss_bb": 0.02671718795952699,
          "hand": "J9o",
          "probability_on_actions_losing_over_0_1bb": 0.02105625392869115,
          "reference_expected_action_loss_bb": 0.036424905406558974,
          "reference_probabilities": [
            0.03204159811139107,
            0.011235959827899933,
            0.4842529296875,
            0.4724695384502411
          ]
        },
        {
          "action_values_bb": [
            -0.5000005577998391,
            -0.23981798371472382,
            0.1504684898870889,
            0.19707505258812927
          ],
          "candidate_probabilities": [
            0.012101923115551472,
            0.007692304439842701,
            0.4254264831542969,
            0.5547793507575989
          ],
          "class_index": 101,
          "conditional_hand_mass": 0.009049773810439787,
          "expected_action_loss_bb": 0.031624335747343926,
          "hand": "Q9o",
          "probability_on_actions_losing_over_0_1bb": 0.019794227555394173,
          "reference_expected_action_loss_bb": 0.03612434438880244,
          "reference_probabilities": [
            0.01600632630288601,
            0.011235956102609634,
            0.43036457896232605,
            0.542393147945404
          ]
        },
        {
          "action_values_bb": [
            -0.5000005577998391,
            -0.1559700077224289,
            0.2987308814105146,
            0.43159551826422604
          ],
          "candidate_probabilities": [
            0.007692310959100723,
            0.007692310959100723,
            0.41510331630706787,
            0.5695120692253113
          ],
          "class_index": 102,
          "conditional_hand_mass": 0.009049773810439787,
          "expected_action_loss_bb": 0.06683841481800964,
          "hand": "K9o",
          "probability_on_actions_losing_over_0_1bb": 0.4304879382252693,
          "reference_expected_action_loss_bb": 0.0717197992308213,
          "reference_probabilities": [
            0.01123595517128706,
            0.01123595517128706,
            0.4113251566886902,
            0.5662029981613159
          ]
        },
        {
          "action_values_bb": [
            -0.5000005577998391,
            -0.08532543282168627,
            0.4172792755047779,
            0.607105750172608
          ],
          "candidate_probabilities": [
            0.007692307233810425,
            0.007692307233810425,
            0.4029150903224945,
            0.581700325012207
          ],
          "class_index": 103,
          "conditional_hand_mass": 0.009049773810439787,
          "expected_action_loss_bb": 0.09032654644566603,
          "hand": "A9o",
          "probability_on_actions_losing_over_0_1bb": 0.41829970479011536,
          "reference_expected_action_loss_bb": 0.096800538893728,
          "reference_probabilities": [
            0.011235957033932209,
            0.011235957033932209,
            0.4034264087677002,
            0.5741016864776611
          ]
        },
        {
          "action_values_bb": [
            -0.5000005577998391,
            -0.5247680482335718,
            -0.35923468622519494,
            -0.5419980514192287
          ],
          "candidate_probabilities": [
            0.326096773147583,
            0.007692304905503988,
            0.6585185527801514,
            0.007692304905503988
          ],
          "class_index": 104,
          "conditional_hand_mass": 0.0030165911925363843,
          "expected_action_loss_bb": 0.04858250111302862,
          "hand": "T2s",
          "probability_on_actions_losing_over_0_1bb": 0.341481382958591,
          "reference_expected_action_loss_bb": 0.021468131942794864,
          "reference_probabilities": [
            0.1247083991765976,
            0.011235952377319336,
            0.8528196215629578,
            0.011235952377319336
          ]
        },
        {
          "action_values_bb": [
            -0.5000005577998391,
            -0.47466783019581255,
            -0.26431023091673783,
            -0.43039872772054477
          ],
          "candidate_probabilities": [
            0.08673133701086044,
            0.007692297454923391,
            0.8570383191108704,
            0.048538077622652054
          ],
          "class_index": 105,
          "conditional_hand_mass": 0.0030165911925363843,
          "expected_action_loss_bb": 0.030121486746749117,
          "hand": "T3s",
          "probability_on_actions_losing_over_0_1bb": 0.1429617120884359,
          "reference_expected_action_loss_bb": 0.02629888187833035,
          "reference_probabilities": [
            0.09363623708486557,
            0.011235942132771015,
            0.8838918805122375,
            0.011235942132771015
          ]
        },
        {
          "action_values_bb": [
            -0.5000005577998391,
            -0.473319008207095,
            -0.2690848425950832,
            -0.4349633897372267
          ],
          "candidate_probabilities": [
            0.07579592615365982,
            0.007692305371165276,
            0.8665942549705505,
            0.0499175600707531
          ],
          "class_index": 106,
          "conditional_hand_mass": 0.0030165911925363843,
          "expected_action_loss_bb": 0.027353754407909155,
          "hand": "T4s",
          "probability_on_actions_losing_over_0_1bb": 0.1334057915955782,
          "reference_expected_action_loss_bb": 0.02797801474789447,
          "reference_probabilities": [
            0.10315212607383728,
            0.011235949583351612,
            0.8743759393692017,
            0.011235949583351612
          ]
        },
        {
          "action_values_bb": [
            -0.5000005577998391,
            -0.4497928393375321,
            -0.22679887349223604,
            -0.3849845241533528
          ],
          "candidate_probabilities": [
            0.09605590999126434,
            0.007692307699471712,
            0.8217402696609497,
            0.07451153546571732
          ],
          "class_index": 107,
          "conditional_hand_mass": 0.0030165911925363843,
          "expected_action_loss_bb": 0.039744630317123816,
          "hand": "T5s",
          "probability_on_actions_losing_over_0_1bb": 0.17825975315645337,
          "reference_expected_action_loss_bb": 0.03774476836590896,
          "reference_probabilities": [
            0.09785611927509308,
            0.011235954239964485,
            0.8371435403823853,
            0.05376443266868591
          ]
        },
        {
          "action_values_bb": [
            -0.5000005577998391,
            -0.40294577193919734,
            -0.14698956976278632,
            -0.2760999193049566
          ],
          "candidate_probabilities": [
            0.05095145106315613,
            0.007692307233810425,
            0.715691089630127,
            0.22566518187522888
          ],
          "class_index": 108,
          "conditional_hand_mass": 0.0030165911925363843,
          "expected_action_loss_bb": 0.049091026338674765,
          "hand": "T6s",
          "probability_on_actions_losing_over_0_1bb": 0.28430894017219543,
          "reference_expected_action_loss_bb": 0.05235538898184148,
          "reference_probabilities": [
            0.06624667346477509,
            0.011235957965254784,
            0.7204137444496155,
            0.2021036446094513
          ]
        },
        {
          "action_values_bb": [
            -0.5000005577998391,
            -0.35105746453942466,
            -0.057838063889154016,
            -0.1529229641235539
          ],
          "candidate_probabilities": [
            0.021703116595745087,
            0.007692303974181414,
            0.6223148107528687,
            0.34828972816467285
          ],
          "class_index": 109,
          "conditional_hand_mass": 0.0030165911925363843,
          "expected_action_loss_bb": 0.044968930975742366,
          "hand": "T7s",
          "probability_on_actions_losing_over_0_1bb": 0.0293954205699265,
          "reference_expected_action_loss_bb": 0.05223621977044872,
          "reference_probabilities": [
            0.038559164851903915,
            0.011235957965254784,
            0.6147972345352173,
            0.33540764451026917
          ]
        },
        {
          "action_values_bb": [
            -0.5000005577998391,
            -0.2694731642497406,
            0.09506801129482696,
            0.04800555568639749
          ],
          "candidate_probabilities": [
            0.021875740960240364,
            0.010313184931874275,
            0.5144971609115601,
            0.453313946723938
          ],
          "class_index": 110,
          "conditional_hand_mass": 0.0030165911925363843,
          "expected_action_loss_bb": 0.03811121392414707,
          "hand": "T8s",
          "probability_on_actions_losing_over_0_1bb": 0.03218892589211464,
          "reference_expected_action_loss_bb": 0.03215765776239761,
          "reference_probabilities": [
            0.011515771970152855,
            0.01123594306409359,
            0.5265913605690002,
            0.4506568908691406
          ]
        },
        {
          "action_values_bb": [
            -0.5000005577998391,
            -0.23009503669703163,
            0.16106564870261955,
            0.14886971159269208
          ],
          "candidate_probabilities": [
            0.007692310027778149,
            0.008589516393840313,
            0.4793284237384796,
            0.504389762878418
          ],
          "class_index": 111,
          "conditional_hand_mass": 0.0030165911925363843,
          "expected_action_loss_bb": 0.014596513156126657,
          "hand": "T9s",
          "probability_on_actions_losing_over_0_1bb": 0.01628182642161846,
          "reference_expected_action_loss_bb": 0.017807836113365685,
          "reference_probabilities": [
            0.011235954239964485,
            0.011235954239964485,
            0.48678579926490784,
            0.49074235558509827
          ]
        },
        {
          "action_values_bb": [
            -0.5000005577998391,
            0.3567460622430247,
            1.1681354982578052,
            1.530462192946683
          ],
          "candidate_probabilities": [
            0.007692302577197552,
            0.007692302577197552,
            0.34748807549476624,
            0.6371273398399353
          ],
          "class_index": 112,
          "conditional_hand_mass": 0.0045248869052198935,
          "expected_action_loss_bb": 0.15055171930539912,
          "hand": "TT",
          "probability_on_actions_losing_over_0_1bb": 0.36287268064916134,
          "reference_expected_action_loss_bb": 0.16116763871093026,
          "reference_probabilities": [
            0.011235960759222507,
            0.011235960759222507,
            0.3454495966434479,
            0.6320785284042358
          ]
        },
        {
          "action_values_bb": [
            -0.5000005577998391,
            -0.23240352232005068,
            0.1549261473013024,
            0.1734726200850087
          ],
          "candidate_probabilities": [
            0.008993741124868393,
            0.007692304439842701,
            0.4500673711299896,
            0.533246636390686
          ],
          "class_index": 113,
          "conditional_hand_mass": 0.009049773810439787,
          "expected_action_loss_bb": 0.01752632851818401,
          "hand": "JTo",
          "probability_on_actions_losing_over_0_1bb": 0.016686045564711094,
          "reference_expected_action_loss_bb": 0.02147695543901406,
          "reference_probabilities": [
            0.012761575169861317,
            0.011235951445996761,
            0.4487091600894928,
            0.52729332447052
          ]
        },
        {
          "action_values_bb": [
            -0.5000005577998391,
            -0.16182390011168393,
            0.29085719580385777,
            0.38618940279470115
          ],
          "candidate_probabilities": [
            0.007692308165132999,
            0.007692308165132999,
            0.4113622307777405,
            0.5732531547546387
          ],
          "class_index": 114,
          "conditional_hand_mass": 0.009049773810439787,
          "expected_action_loss_bb": 0.050248402807007195,
          "hand": "QTo",
          "probability_on_actions_losing_over_0_1bb": 0.015384616330265999,
          "reference_expected_action_loss_bb": 0.05539254155646717,
          "reference_probabilities": [
            0.01123595330864191,
            0.01123595330864191,
            0.4120108187198639,
            0.5655173063278198
          ]
        },
        {
          "action_values_bb": [
            -0.5000005577998391,
            -0.08261454109807237,
            0.4289431490403983,
            0.6074466278520616
          ],
          "candidate_probabilities": [
            0.007692305836826563,
            0.007692305836826563,
            0.39793089032173157,
            0.58668452501297
          ],
          "class_index": 115,
          "conditional_hand_mass": 0.009049773810439787,
          "expected_action_loss_bb": 0.08485903225690125,
          "hand": "KTo",
          "probability_on_actions_losing_over_0_1bb": 0.4133155019953847,
          "reference_expected_action_loss_bb": 0.09092822643917488,
          "reference_probabilities": [
            0.011235957033932209,
            0.011235957033932209,
            0.39624717831611633,
            0.5812808871269226
          ]
        },
        {
          "action_values_bb": [
            -0.5000005577998391,
            -0.007265714770911606,
            0.5565840833675244,
            0.7945847552064417
          ],
          "candidate_probabilities": [
            0.007692305836826563,
            0.007692305836826563,
            0.3836739659309387,
            0.6009414792060852
          ],
          "class_index": 116,
          "conditional_hand_mass": 0.009049773810439787,
          "expected_action_loss_bb": 0.10744108686864234,
          "hand": "ATo",
          "probability_on_actions_losing_over_0_1bb": 0.39905857760459185,
          "reference_expected_action_loss_bb": 0.11594829064676802,
          "reference_probabilities": [
            0.01123595330864191,
            0.01123595330864191,
            0.38820409774780273,
            0.5893239974975586
          ]
        },
        {
          "action_values_bb": [
            -0.5000005577998391,
            -0.4540201564070749,
            -0.23908461637625955,
            -0.390858900192255
          ],
          "candidate_probabilities": [
            0.07804567366838455,
            0.007692309096455574,
            0.8456946611404419,
            0.06856740266084671
          ],
          "class_index": 117,
          "conditional_hand_mass": 0.0030165911925363843,
          "expected_action_loss_bb": 0.03242347946092765,
          "hand": "J2s",
          "probability_on_actions_losing_over_0_1bb": 0.15430538542568684,
          "reference_expected_action_loss_bb": 0.04773476436290228,
          "reference_probabilities": [
            0.0878586620092392,
            0.01123595517128706,
            0.753343939781189,
            0.1475614458322525
          ]
        },
        {
          "action_values_bb": [
            -0.5000005577998391,
            -0.45807331597129686,
            -0.250865767328052,
            -0.39683213075819873
          ],
          "candidate_probabilities": [
            0.03580706939101219,
            0.009987871162593365,
            0.6499497294425964,
            0.30425530672073364
          ],
          "class_index": 118,
          "conditional_hand_mass": 0.0030165911925363843,
          "expected_action_loss_bb": 0.05540138970625346,
          "hand": "J3s",
          "probability_on_actions_losing_over_0_1bb": 0.3500502472743392,
          "reference_expected_action_loss_bb": 0.04968587826054066,
          "reference_probabilities": [
            0.09112709760665894,
            0.011235964484512806,
            0.7287297248840332,
            0.16890721023082733
          ]
        },
        {
          "action_values_bb": [
            -0.5000005577998391,
            -0.43020210327726,
            -0.20294817357739348,
            -0.3383885906381354
          ],
          "candidate_probabilities": [
            0.06123034283518791,
            0.007692301645874977,
            0.6908921599388123,
            0.2401851862668991
          ],
          "class_index": 119,
          "conditional_hand_mass": 0.0030165911925363843,
          "expected_action_loss_bb": 0.05246750690321295,
          "hand": "J4s",
          "probability_on_actions_losing_over_0_1bb": 0.309107830747962,
          "reference_expected_action_loss_bb": 0.05720350725258632,
          "reference_probabilities": [
            0.08102045953273773,
            0.011235943995416164,
            0.6819411516189575,
            0.22580242156982422
          ]
        },
        {
          "action_values_bb": [
            -0.5000005577998391,
            -0.3704207732097414,
            -0.08823006702274956,
            -0.1940929926705101
          ],
          "candidate_probabilities": [
            0.019496550783514977,
            0.011363910511136055,
            0.582436203956604,
            0.38670334219932556
          ],
          "class_index": 120,
          "conditional_hand_mass": 0.0030165911925363843,
          "expected_action_loss_bb": 0.05217244137975938,
          "hand": "J5s",
          "probability_on_actions_losing_over_0_1bb": 0.4175638034939766,
          "reference_expected_action_loss_bb": 0.05760195948135223,
          "reference_probabilities": [
            0.045137982815504074,
            0.011235958896577358,
            0.6050298810005188,
            0.3385962247848511
          ]
        },
        {
          "action_values_bb": [
            -0.5000005577998391,
            -0.3567162509405125,
            -0.06557205937221487,
            -0.15979003794278462
          ],
          "candidate_probabilities": [
            0.02580694667994976,
            0.0076923007145524025,
            0.6344598531723022,
            0.33204081654548645
          ],
          "class_index": 121,
          "conditional_hand_mass": 0.0030165911925363843,
          "expected_action_loss_bb": 0.044735056305848064,
          "hand": "J6s",
          "probability_on_actions_losing_over_0_1bb": 0.03349924739450216,
          "reference_expected_action_loss_bb": 0.05701101662600836,
          "reference_probabilities": [
            0.04249247908592224,
            0.011235954239964485,
            0.571823000907898,
            0.37444859743118286
          ]
        },
        {
          "action_values_bb": [
            -0.5000005577998391,
            -0.30817263533153766,
            0.01854394331638035,
            -0.03856789229752795
          ],
          "candidate_probabilities": [
            0.014189236797392368,
            0.007692304905503988,
            0.5459214448928833,
            0.4321970045566559
          ],
          "class_index": 122,
          "conditional_hand_mass": 0.0030165911925363843,
          "expected_action_loss_bb": 0.034554518534029896,
          "hand": "J7s",
          "probability_on_actions_losing_over_0_1bb": 0.021881541702896357,
          "reference_expected_action_loss_bb": 0.04233093287441593,
          "reference_probabilities": [
            0.025552568957209587,
            0.011235952377319336,
            0.5182981491088867,
            0.4449133276939392
          ]
        },
        {
          "action_values_bb": [
            -0.5000005577998391,
            -0.2260617564992978,
            0.17310445669675895,
            0.1670138557480034
          ],
          "candidate_probabilities": [
            0.00769230630248785,
            0.00769230630248785,
            0.47540178894996643,
            0.5092135667800903
          ],
          "class_index": 123,
          "conditional_hand_mass": 0.0030165911925363843,
          "expected_action_loss_bb": 0.011349655355706607,
          "hand": "J8s",
          "probability_on_actions_losing_over_0_1bb": 0.0153846126049757,
          "reference_expected_action_loss_bb": 0.015162350121199125,
          "reference_probabilities": [
            0.011235954239964485,
            0.011235954239964485,
            0.466189444065094,
            0.5113386511802673
          ]
        },
        {
          "action_values_bb": [
            -0.5000005577998391,
            -0.2125075457922679,
            0.19042942530502355,
            0.21786400468056044
          ],
          "candidate_probabilities": [
            0.007692308165132999,
            0.007692308165132999,
            0.4452527165412903,
            0.5393626689910889
          ],
          "class_index": 124,
          "conditional_hand_mass": 0.0030165911925363843,
          "expected_action_loss_bb": 0.02104790702129615,
          "hand": "J9s",
          "probability_on_actions_losing_over_0_1bb": 0.015384616330265999,
          "reference_expected_action_loss_bb": 0.025241160355672365,
          "reference_probabilities": [
            0.011235951445996761,
            0.011235951445996761,
            0.4497840106487274,
            0.5277441143989563
          ]
        },
        {
          "action_values_bb": [
            -0.5000005577998391,
            -0.12176936278185936,
            0.35905368017740513,
            0.44140641172321726
          ],
          "candidate_probabilities": [
            0.007692304905503988,
            0.007692304905503988,
            0.42506226897239685,
            0.5595531463623047
          ],
          "class_index": 125,
          "conditional_hand_mass": 0.0030165911925363843,
          "expected_action_loss_bb": 0.046578748149561845,
          "hand": "JTs",
          "probability_on_actions_losing_over_0_1bb": 0.015384609811007977,
          "reference_expected_action_loss_bb": 0.05122845175133785,
          "reference_probabilities": [
            0.01123595517128706,
            0.01123595517128706,
            0.4167806804180145,
            0.5607474446296692
          ]
        },
        {
          "action_values_bb": [
            -0.5000005577998391,
            0.46350297059403206,
            1.3737082905170308,
            1.8132359704043801
          ],
          "candidate_probabilities": [
            0.007692307233810425,
            0.007692307233810425,
            0.33517593145370483,
            0.6494395136833191
          ],
          "class_index": 126,
          "conditional_hand_mass": 0.0045248869052198935,
          "expected_action_loss_bb": 0.17549578650350173,
          "hand": "JJ",
          "probability_on_actions_losing_over_0_1bb": 0.3505605459213257,
          "reference_expected_action_loss_bb": 0.1878591501091114,
          "reference_probabilities": [
            0.011235957965254784,
            0.011235957965254784,
            0.33377233147621155,
            0.6437557935714722
          ]
        },
        {
          "action_values_bb": [
            -0.5000005577998391,
            -0.13237857627169067,
            0.34452181679126265,
            0.4689111499229616
          ],
          "candidate_probabilities": [
            0.007692303508520126,
            0.007692303508520126,
            0.4055894613265991,
            0.57902592420578
          ],
          "class_index": 127,
          "conditional_hand_mass": 0.009049773810439787,
          "expected_action_loss_bb": 0.06252946861886724,
          "hand": "QJo",
          "probability_on_actions_losing_over_0_1bb": 0.4209740683436394,
          "reference_expected_action_loss_bb": 0.06777748428501126,
          "reference_probabilities": [
            0.011235958896577358,
            0.011235958896577358,
            0.4030471444129944,
            0.5744809508323669
          ]
        },
        {
          "action_values_bb": [
            -0.5000005577998391,
            -0.045871173338159335,
            0.496740248729146,
            0.7045150798087614
          ],
          "candidate_probabilities": [
            0.007692310027778149,
            0.007692310027778149,
            0.3902609348297119,
            0.5943543910980225
          ],
          "class_index": 128,
          "conditional_hand_mass": 0.009049773810439787,
          "expected_action_loss_bb": 0.09612411122879733,
          "hand": "KJo",
          "probability_on_actions_losing_over_0_1bb": 0.4056455548852682,
          "reference_expected_action_loss_bb": 0.10255326599502491,
          "reference_probabilities": [
            0.011235957033932209,
            0.011235957033932209,
            0.38786253333091736,
            0.5896655321121216
          ]
        },
        {
          "action_values_bb": [
            -0.5000005577998391,
            0.002054008814477013,
            0.5701339091480413,
            0.8303260897859412
          ],
          "candidate_probabilities": [
            0.007692304905503988,
            0.007692304905503988,
            0.3831845223903656,
            0.6014308929443359
          ],
          "class_index": 129,
          "conditional_hand_mass": 0.009049773810439787,
          "expected_action_loss_bb": 0.11630621605613699,
          "hand": "AJo",
          "probability_on_actions_losing_over_0_1bb": 0.3985691322013736,
          "reference_expected_action_loss_bb": 0.12432261500393031,
          "reference_probabilities": [
            0.011235950514674187,
            0.011235950514674187,
            0.3845953643321991,
            0.5929327011108398
          ]
        },
        {
          "action_values_bb": [
            -0.5000005577998391,
            -0.3919542641318589,
            -0.12644201329794816,
            -0.21928225725480668
          ],
          "candidate_probabilities": [
            0.059073738753795624,
            0.0076923067681491375,
            0.5752967596054077,
            0.357937216758728
          ],
          "class_index": 130,
          "conditional_hand_mass": 0.0030165911925363843,
          "expected_action_loss_bb": 0.05734088007638831,
          "hand": "Q2s",
          "probability_on_actions_losing_over_0_1bb": 0.06676604552194476,
          "reference_expected_action_loss_bb": 0.058408440510188384,
          "reference_probabilities": [
            0.04796113446354866,
            0.011235954239964485,
            0.5367876887321472,
            0.4040151536464691
          ]
        },
        {
          "action_values_bb": [
            -0.5000005577998391,
            -0.3334053308310846,
            -0.013423619693309253,
            -0.0798225359811885
          ],
          "candidate_probabilities": [
            0.04365672543644905,
            0.007692309096455574,
            0.5355509519577026,
            0.413100004196167
          ],
          "class_index": 131,
          "conditional_hand_mass": 0.0030165911925363843,
          "expected_action_loss_bb": 0.05113314661505322,
          "hand": "Q3s",
          "probability_on_actions_losing_over_0_1bb": 0.051349034532904625,
          "reference_expected_action_loss_bb": 0.04806457629606653,
          "reference_probabilities": [
            0.029486965388059616,
            0.011235954239964485,
            0.505631148815155,
            0.4536459445953369
          ]
        },
        {
          "action_values_bb": [
            -0.5000005577998391,
            -0.3855479639686095,
            -0.12419415741855193,
            -0.1998276553441563
          ],
          "candidate_probabilities": [
            0.03880343586206436,
            0.007692307233810425,
            0.5425800681114197,
            0.4109242558479309
          ],
          "class_index": 132,
          "conditional_hand_mass": 0.0030165911925363843,
          "expected_action_loss_bb": 0.04767263218271246,
          "hand": "Q4s",
          "probability_on_actions_losing_over_0_1bb": 0.046495743095874786,
          "reference_expected_action_loss_bb": 0.05311338367746671,
          "reference_probabilities": [
            0.048906728625297546,
            0.011235959827899933,
            0.5194435715675354,
            0.4204137325286865
          ]
        },
        {
          "action_values_bb": [
            -0.5000005577998391,
            -0.29935530734151355,
            0.042788151649662036,
            0.00857911646984596
          ],
          "candidate_probabilities": [
            0.029106706380844116,
            0.0076923067681491375,
            0.5110859274864197,
            0.45211508870124817
          ],
          "class_index": 133,
          "conditional_hand_mass": 0.0030165911925363843,
          "expected_action_loss_bb": 0.03389708501276638,
          "hand": "Q5s",
          "probability_on_actions_losing_over_0_1bb": 0.036799013148993254,
          "reference_expected_action_loss_bb": 0.03387838357403532,
          "reference_probabilities": [
            0.02493557706475258,
            0.01123594120144844,
            0.48151934146881104,
            0.48230913281440735
          ]
        },
        {
          "action_values_bb": [
            -0.5000005577998391,
            -0.2872611532077829,
            0.06229829338040337,
            0.0474541550510015
          ],
          "candidate_probabilities": [
            0.026819396764039993,
            0.007692304439842701,
            0.4776933491230011,
            0.4877949357032776
          ],
          "class_index": 134,
          "conditional_hand_mass": 0.0030165911925363843,
          "expected_action_loss_bb": 0.025010329174707212,
          "hand": "Q6s",
          "probability_on_actions_losing_over_0_1bb": 0.034511701203882694,
          "reference_expected_action_loss_bb": 0.023072572429751616,
          "reference_probabilities": [
            0.020893845707178116,
            0.011235954239964485,
            0.4696025550365448,
            0.49826759099960327
          ]
        },
        {
          "action_values_bb": [
            -0.5000005577998391,
            -0.2844362379003918,
            0.06351657471233023,
            0.06869401084114976
          ],
          "candidate_probabilities": [
            0.0391639843583107,
            0.007692308165132999,
            0.4864679276943207,
            0.4666758179664612
          ],
          "class_index": 135,
          "conditional_hand_mass": 0.0030165911925363843,
          "expected_action_loss_bb": 0.02750738851101849,
          "hand": "Q7s",
          "probability_on_actions_losing_over_0_1bb": 0.0468562925234437,
          "reference_expected_action_loss_bb": 0.017464839002128106,
          "reference_probabilities": [
            0.019559139385819435,
            0.011235945858061314,
            0.45851078629493713,
            0.510694146156311
          ]
        },
        {
          "action_values_bb": [
            -0.5000005577998391,
            -0.18458606913495162,
            0.25327800372114473,
            0.31952658907877496
          ],
          "candidate_probabilities": [
            0.007692302577197552,
            0.007692302577197552,
            0.4146096110343933,
            0.5700057744979858
          ],
          "class_index": 136,
          "conditional_hand_mass": 0.0030165911925363843,
          "expected_action_loss_bb": 0.03764913809069895,
          "hand": "Q8s",
          "probability_on_actions_losing_over_0_1bb": 0.015384605154395103,
          "reference_expected_action_loss_bb": 0.042883675326360046,
          "reference_probabilities": [
            0.011235947720706463,
            0.011235947720706463,
            0.4228215217590332,
            0.5547065734863281
          ]
        },
        {
          "action_values_bb": [
            -0.5000005577998391,
            -0.12878756936860777,
            0.3539642524676445,
            0.4640829584711822
          ],
          "candidate_probabilities": [
            0.007692307233810425,
            0.007692307233810425,
            0.40814733505249023,
            0.5764680504798889
          ],
          "class_index": 137,
          "conditional_hand_mass": 0.0030165911925363843,
          "expected_action_loss_bb": 0.05692122525099655,
          "hand": "Q9s",
          "probability_on_actions_losing_over_0_1bb": 0.4235319495201111,
          "reference_expected_action_loss_bb": 0.062217792874328756,
          "reference_probabilities": [
            0.011235951445996761,
            0.011235951445996761,
            0.406142920255661,
            0.5713850855827332
          ]
        },
        {
          "action_values_bb": [
            -0.5000005577998391,
            -0.05310108433189834,
            0.4914918170763603,
            0.6466992504409718
          ],
          "candidate_probabilities": [
            0.00769230630248785,
            0.00769230630248785,
            0.39029908180236816,
            0.594316303730011
          ],
          "class_index": 138,
          "conditional_hand_mass": 0.0030165911925363843,
          "expected_action_loss_bb": 0.07478116341875896,
          "hand": "QTs",
          "probability_on_actions_losing_over_0_1bb": 0.40568369440734386,
          "reference_expected_action_loss_bb": 0.08132097302218289,
          "reference_probabilities": [
            0.01123595517128706,
            0.01123595517128706,
            0.3902762830257416,
            0.5872517824172974
          ]
        },
        {
          "action_values_bb": [
            -0.5000005577998391,
            -0.04967929220778416,
            0.4929269740846195,
            0.6647827493582203
          ],
          "candidate_probabilities": [
            0.007692310493439436,
            0.007692310493439436,
            0.38586315512657166,
            0.5987522602081299
          ],
          "class_index": 139,
          "conditional_hand_mass": 0.0030165911925363843,
          "expected_action_loss_bb": 0.08076855038953205,
          "hand": "QJs",
          "probability_on_actions_losing_over_0_1bb": 0.4012477761134505,
          "reference_expected_action_loss_bb": 0.08790755461370336,
          "reference_probabilities": [
            0.011235946789383888,
            0.011235946789383888,
            0.38865411281585693,
            0.5888739228248596
          ]
        },
        {
          "action_values_bb": [
            -0.5000005577998391,
            0.6200328234216433,
            1.672817422196219,
            2.2525073102767803
          ],
          "candidate_probabilities": [
            0.00769230118021369,
            0.00769230118021369,
            0.3201000690460205,
            0.6645153760910034
          ],
          "class_index": 140,
          "conditional_hand_mass": 0.0045248869052198935,
          "expected_action_loss_bb": 0.2192893781439253,
          "hand": "QQ",
          "probability_on_actions_losing_over_0_1bb": 0.3354846714064479,
          "reference_expected_action_loss_bb": 0.23491319408314254,
          "reference_probabilities": [
            0.01123595330864191,
            0.01123595330864191,
            0.3202466368675232,
            0.6572814583778381
          ]
        },
        {
          "action_values_bb": [
            -0.5000005577998391,
            0.02268341465848395,
            0.6278260309070693,
            0.8783716831052345
          ],
          "candidate_probabilities": [
            0.007692305836826563,
            0.007692305836826563,
            0.3740454614162445,
            0.6105698943138123
          ],
          "class_index": 141,
          "conditional_hand_mass": 0.009049773810439787,
          "expected_action_loss_bb": 0.11090054077820735,
          "hand": "KQo",
          "probability_on_actions_losing_over_0_1bb": 0.38943007308989763,
          "reference_expected_action_loss_bb": 0.11920545022079611,
          "reference_probabilities": [
            0.011235946789383888,
            0.011235946789383888,
            0.3755948841571808,
            0.6019331812858582
          ]
        },
        {
          "action_values_bb": [
            -0.5000005577998391,
            0.045551464937321894,
            0.6493483038546448,
            0.9453205551719821
          ],
          "candidate_probabilities": [
            0.007692308165132999,
            0.007692308165132999,
            0.37387630343437195,
            0.6107391119003296
          ],
          "class_index": 142,
          "conditional_hand_mass": 0.009049773810439787,
          "expected_action_loss_bb": 0.1286961677597736,
          "hand": "AQo",
          "probability_on_actions_losing_over_0_1bb": 0.38926091976463795,
          "reference_expected_action_loss_bb": 0.1379954288554603,
          "reference_probabilities": [
            0.011235959827899933,
            0.011235959827899933,
            0.377218097448349,
            0.6003100275993347
          ]
        },
        {
          "action_values_bb": [
            -0.5000005577998391,
            -0.25916694453362354,
            0.12347416952900621,
            0.15460143032274298
          ],
          "candidate_probabilities": [
            0.007692309096455574,
            0.007692309096455574,
            0.44794389605522156,
            0.5366714596748352
          ],
          "class_index": 143,
          "conditional_hand_mass": 0.0030165911925363843,
          "expected_action_loss_bb": 0.02216150153499991,
          "hand": "K2s",
          "probability_on_actions_losing_over_0_1bb": 0.015384618192911148,
          "reference_expected_action_loss_bb": 0.026062360789440176,
          "reference_probabilities": [
            0.011235952377319336,
            0.011235952377319336,
            0.45163634419441223,
            0.5258917808532715
          ]
        },
        {
          "action_values_bb": [
            -0.5000005577998391,
            -0.19964432513037023,
            0.23746944496436898,
            0.29394437000226836
          ],
          "candidate_probabilities": [
            0.0076923067681491375,
            0.0076923067681491375,
            0.43529555201530457,
            0.549319863319397
          ],
          "class_index": 144,
          "conditional_hand_mass": 0.0030165911925363843,
          "expected_action_loss_bb": 0.03448738727131589,
          "hand": "K3s",
          "probability_on_actions_losing_over_0_1bb": 0.015384613536298275,
          "reference_expected_action_loss_bb": 0.03884511426220581,
          "reference_probabilities": [
            0.011235951445996761,
            0.011235951445996761,
            0.43166854977607727,
            0.5458595752716064
          ]
        },
        {
          "action_values_bb": [
            -0.5000005577998391,
            -0.22793184243765968,
            0.17523692548166017,
            0.2322427675053084
          ],
          "candidate_probabilities": [
            0.007692307233810425,
            0.007692307233810425,
            0.44839611649513245,
            0.5362192392349243
          ],
          "class_index": 145,
          "conditional_hand_mass": 0.0030165911925363843,
          "expected_action_loss_bb": 0.034733643289973255,
          "hand": "K4s",
          "probability_on_actions_losing_over_0_1bb": 0.01538461446762085,
          "reference_expected_action_loss_bb": 0.03836648807629987,
          "reference_probabilities": [
            0.011235951445996761,
            0.011235951445996761,
            0.4379996359348297,
            0.5395285487174988
          ]
        },
        {
          "action_values_bb": [
            -0.5000005577998391,
            -0.19259328582531443,
            0.2399803499512235,
            0.33254848830045824
          ],
          "candidate_probabilities": [
            0.007692309562116861,
            0.007692309562116861,
            0.4429290294647217,
            0.5416863560676575
          ],
          "class_index": 146,
          "conditional_hand_mass": 0.0030165911925363843,
          "expected_action_loss_bb": 0.051444893757205915,
          "hand": "K5s",
          "probability_on_actions_losing_over_0_1bb": 0.015384619124233723,
          "reference_expected_action_loss_bb": 0.05480626879558389,
          "reference_probabilities": [
            0.011235949583351612,
            0.011235949583351612,
            0.4272671341896057,
            0.5502610206604004
          ]
        },
        {
          "action_values_bb": [
            -0.5000005577998391,
            -0.1490166453669765,
            0.3208131853965523,
            0.43344084408750766
          ],
          "candidate_probabilities": [
            0.00769230630248785,
            0.00769230630248785,
            0.41475850343704224,
            0.5698569416999817
          ],
          "class_index": 147,
          "conditional_hand_mass": 0.0030165911925363843,
          "expected_action_loss_bb": 0.05837403776008174,
          "hand": "K6s",
          "probability_on_actions_losing_over_0_1bb": 0.43014311604201794,
          "reference_expected_action_loss_bb": 0.06359660622192212,
          "reference_probabilities": [
            0.011235956102609634,
            0.011235956102609634,
            0.41343337297439575,
            0.5640947222709656
          ]
        },
        {
          "action_values_bb": [
            -0.5000005577998391,
            -0.16995099728413457,
            0.2735692124238138,
            0.39805715217151477
          ],
          "candidate_probabilities": [
            0.00769230630248785,
            0.00769230630248785,
            0.4042857587337494,
            0.5803296566009521
          ],
          "class_index": 148,
          "conditional_hand_mass": 0.0030165911925363843,
          "expected_action_loss_bb": 0.06160612882443316,
          "hand": "K7s",
          "probability_on_actions_losing_over_0_1bb": 0.4196703713387251,
          "reference_expected_action_loss_bb": 0.06813612973368743,
          "reference_probabilities": [
            0.011235954239964485,
            0.011235954239964485,
            0.41500791907310486,
            0.5625202059745789
          ]
        },
        {
          "action_values_bb": [
            -0.5000005577998391,
            -0.09981380331481851,
            0.4075217758859411,
            0.5654992742404316
          ],
          "candidate_probabilities": [
            0.007692308165132999,
            0.007692308165132999,
            0.39487141370773315,
            0.5897440314292908
          ],
          "class_index": 149,
          "conditional_hand_mass": 0.0030165911925363843,
          "expected_action_loss_bb": 0.07569474438604797,
          "hand": "K8s",
          "probability_on_actions_losing_over_0_1bb": 0.41025603003799915,
          "reference_expected_action_loss_bb": 0.08254371831666903,
          "reference_probabilities": [
            0.011235963553190231,
            0.011235963553190231,
            0.3994009792804718,
            0.5781271457672119
          ]
        },
        {
          "action_values_bb": [
            -0.5000005577998391,
            -0.03764823918085234,
            0.5161809986104586,
            0.7056720186528266
          ],
          "candidate_probabilities": [
            0.00769230630248785,
            0.00769230630248785,
            0.3863794207572937,
            0.5982360243797302
          ],
          "class_index": 150,
          "conditional_hand_mass": 0.0030165911925363843,
          "expected_action_loss_bb": 0.08820768042536337,
          "hand": "K9s",
          "probability_on_actions_losing_over_0_1bb": 0.4017640333622694,
          "reference_expected_action_loss_bb": 0.095485655048722,
          "reference_probabilities": [
            0.011235958896577358,
            0.011235958896577358,
            0.3883395195007324,
            0.5891885161399841
          ]
        },
        {
          "action_values_bb": [
            -0.5000005577998391,
            -0.02180946239251507,
            0.5346826304848769,
            0.7559734784769834
          ],
          "candidate_probabilities": [
            0.0076923067681491375,
            0.0076923067681491375,
            0.38276493549346924,
            0.6018504500389099
          ],
          "class_index": 151,
          "conditional_hand_mass": 0.0030165911925363843,
          "expected_action_loss_bb": 0.10034665971706694,
          "hand": "KTs",
          "probability_on_actions_losing_over_0_1bb": 0.3981495490297675,
          "reference_expected_action_loss_bb": 0.1082301566080397,
          "reference_probabilities": [
            0.011235954239964485,
            0.011235954239964485,
            0.3858223557472229,
            0.5917056798934937
          ]
        },
        {
          "action_values_bb": [
            -0.5000005577998391,
            0.04540974891569909,
            0.663852897026431,
            0.9237086004058304
          ],
          "candidate_probabilities": [
            0.007692310493439436,
            0.007692310493439436,
            0.36816930770874023,
            0.6164460778236389
          ],
          "class_index": 152,
          "conditional_hand_mass": 0.0030165911925363843,
          "expected_action_loss_bb": 0.11337865478632585,
          "hand": "KJs",
          "probability_on_actions_losing_over_0_1bb": 0.3835539286956191,
          "reference_expected_action_loss_bb": 0.12293174937327492,
          "reference_probabilities": [
            0.011235959827899933,
            0.011235959827899933,
            0.37353992462158203,
            0.6039881706237793
          ]
        },
        {
          "action_values_bb": [
            -0.5000005577998391,
            0.10922198853163531,
            0.7849598570049123,
            1.0831639894340315
          ],
          "candidate_probabilities": [
            0.007692301645874977,
            0.007692301645874977,
            0.3707965612411499,
            0.613818883895874
          ],
          "class_index": 153,
          "conditional_hand_mass": 0.0030165911925363843,
          "expected_action_loss_bb": 0.13024310176152415,
          "hand": "KQs",
          "probability_on_actions_losing_over_0_1bb": 0.38618116453289986,
          "reference_expected_action_loss_bb": 0.13725098298370733,
          "reference_probabilities": [
            0.011235949583351612,
            0.011235949583351612,
            0.3639099895954132,
            0.6136181354522705
          ]
        },
        {
          "action_values_bb": [
            -0.5000005577998391,
            0.774330733159713,
            1.9610063204919546,
            2.680602572572858
          ],
          "candidate_probabilities": [
            0.007692310027778149,
            0.007692310027778149,
            0.30879467725753784,
            0.6758207678794861
          ],
          "class_index": 154,
          "conditional_hand_mass": 0.0045248869052198935,
          "expected_action_loss_bb": 0.2613373117571937,
          "hand": "KK",
          "probability_on_actions_losing_over_0_1bb": 0.32417929731309414,
          "reference_expected_action_loss_bb": 0.2793759113090406,
          "reference_probabilities": [
            0.011235945858061314,
            0.011235945858061314,
            0.30881214141845703,
            0.6687160134315491
          ]
        },
        {
          "action_values_bb": [
            -0.5000005577998391,
            0.12279445168895593,
            0.7934717585941461,
            1.135608826128832
          ],
          "candidate_probabilities": [
            0.00769230630248785,
            0.00769230630248785,
            0.3641841411590576,
            0.6204312443733215
          ],
          "class_index": 155,
          "conditional_hand_mass": 0.009049773810439787,
          "expected_action_loss_bb": 0.144973380866955,
          "hand": "AKo",
          "probability_on_actions_losing_over_0_1bb": 0.3795687537640333,
          "reference_expected_action_loss_bb": 0.1554130868950884,
          "reference_probabilities": [
            0.011235951445996761,
            0.011235951445996761,
            0.36726662516593933,
            0.6102614402770996
          ]
        },
        {
          "action_values_bb": [
            -0.5000005577998391,
            -0.18861387979537422,
            0.24211611905183944,
            0.3693504792740173
          ],
          "candidate_probabilities": [
            0.00769230630248785,
            0.00769230630248785,
            0.4230768382549286,
            0.5615385174751282
          ],
          "class_index": 156,
          "conditional_hand_mass": 0.0030165911925363843,
          "expected_action_loss_bb": 0.06480925805757831,
          "hand": "A2s",
          "probability_on_actions_losing_over_0_1bb": 0.4384614508599043,
          "reference_expected_action_loss_bb": 0.07025898454300775,
          "reference_probabilities": [
            0.011235946789383888,
            0.011235946789383888,
            0.4261564612388611,
            0.5513716340065002
          ]
        },
        {
          "action_values_bb": [
            -0.5000005577998391,
            -0.12031937759454397,
            0.3725599355927119,
            0.5234191022893345
          ],
          "candidate_probabilities": [
            0.00769230630248785,
            0.00769230630248785,
            0.398273229598999,
            0.5863422155380249
          ],
          "class_index": 157,
          "conditional_hand_mass": 0.0030165911925363843,
          "expected_action_loss_bb": 0.07290745860223628,
          "hand": "A3s",
          "probability_on_actions_losing_over_0_1bb": 0.4136578422039747,
          "reference_expected_action_loss_bb": 0.08042351292394992,
          "reference_probabilities": [
            0.011235958896577358,
            0.011235958896577358,
            0.4089336693286896,
            0.5685945153236389
          ]
        },
        {
          "action_values_bb": [
            -0.5000005577998391,
            -0.10509026440951928,
            0.39777558720828615,
            0.5591322369880792
          ],
          "candidate_probabilities": [
            0.007692304905503988,
            0.007692304905503988,
            0.40079569816589355,
            0.5838196277618408
          ],
          "class_index": 158,
          "conditional_hand_mass": 0.0030165911925363843,
          "expected_action_loss_bb": 0.07792762550097587,
          "hand": "A4s",
          "probability_on_actions_losing_over_0_1bb": 0.41618030797690153,
          "reference_expected_action_loss_bb": 0.0846041918299982,
          "reference_probabilities": [
            0.011235946789383888,
            0.011235946789383888,
            0.40432584285736084,
            0.5732022523880005
          ]
        },
        {
          "action_values_bb": [
            -0.5000005577998391,
            -0.0745570139611102,
            0.4518689703386837,
            0.6411353829791717
          ],
          "candidate_probabilities": [
            0.007692302577197552,
            0.007692302577197552,
            0.40937280654907227,
            0.5752425789833069
          ],
          "class_index": 159,
          "conditional_hand_mass": 0.0030165911925363843,
          "expected_action_loss_bb": 0.09176380793576296,
          "hand": "A5s",
          "probability_on_actions_losing_over_0_1bb": 0.42475741170346737,
          "reference_expected_action_loss_bb": 0.09631103076783502,
          "reference_probabilities": [
            0.011235947720706463,
            0.011235947720706463,
            0.39863282442092896,
            0.5788952708244324
          ]
        },
        {
          "action_values_bb": [
            -0.5000005577998391,
            -0.08137083339014628,
            0.43678352160110867,
            0.628827343596024
          ],
          "candidate_probabilities": [
            0.007692307233810425,
            0.007692307233810425,
            0.39524170756340027,
            0.5893737077713013
          ],
          "class_index": 160,
          "conditional_hand_mass": 0.0030165911925363843,
          "expected_action_loss_bb": 0.09005008173817615,
          "hand": "A6s",
          "probability_on_actions_losing_over_0_1bb": 0.4106263220310211,
          "reference_expected_action_loss_bb": 0.09746167719271984,
          "reference_probabilities": [
            0.011235950514674187,
            0.011235950514674187,
            0.39990076422691345,
            0.5776273012161255
          ]
        },
        {
          "action_values_bb": [
            -0.5000005577998391,
            -0.06855979800208493,
            0.4535253879497881,
            0.6612520623099607
          ],
          "candidate_probabilities": [
            0.00769230630248785,
            0.00769230630248785,
            0.3870543837547302,
            0.5975609421730042
          ],
          "class_index": 161,
          "conditional_hand_mass": 0.0030165911925363843,
          "expected_action_loss_bb": 0.094948167155056,
          "hand": "A7s",
          "probability_on_actions_losing_over_0_1bb": 0.4024389963597059,
          "reference_expected_action_loss_bb": 0.10357507870043572,
          "reference_probabilities": [
            0.011235949583351612,
            0.011235949583351612,
            0.3963245153427124,
            0.5812035202980042
          ]
        },
        {
          "action_values_bb": [
            -0.5000005577998391,
            -0.010782325120453776,
            0.5584023868874893,
            0.7922298482412571
          ],
          "candidate_probabilities": [
            0.00769230630248785,
            0.00769230630248785,
            0.3941614329814911,
            0.5904539823532104
          ],
          "class_index": 162,
          "conditional_hand_mass": 0.0030165911925363843,
          "expected_action_loss_bb": 0.10828301493640645,
          "hand": "A8s",
          "probability_on_actions_losing_over_0_1bb": 0.4095460455864668,
          "reference_expected_action_loss_bb": 0.11405663949680654,
          "reference_probabilities": [
            0.011235959827899933,
            0.011235959827899933,
            0.38709986209869385,
            0.5904281735420227
          ]
        },
        {
          "action_values_bb": [
            -0.5000005577998391,
            0.004909665090778825,
            0.5807335935572879,
            0.823728185377959
          ],
          "candidate_probabilities": [
            0.007692303508520126,
            0.007692303508520126,
            0.3855416476726532,
            0.5990737676620483
          ],
          "class_index": 163,
          "conditional_hand_mass": 0.0030165911925363843,
          "expected_action_loss_bb": 0.11016565913800719,
          "hand": "A9s",
          "probability_on_actions_losing_over_0_1bb": 0.40092625468969345,
          "reference_expected_action_loss_bb": 0.11785253268419157,
          "reference_probabilities": [
            0.011235951445996761,
            0.011235951445996761,
            0.38593029975891113,
            0.5915977954864502
          ]
        },
        {
          "action_values_bb": [
            -0.5000005577998391,
            0.050212816133058814,
            0.6567152283074742,
            0.9359127650633846
          ],
          "candidate_probabilities": [
            0.007692309096455574,
            0.007692309096455574,
            0.37319377064704895,
            0.6114215850830078
          ],
          "class_index": 164,
          "conditional_hand_mass": 0.0030165911925363843,
          "expected_action_loss_bb": 0.12205334838637576,
          "hand": "ATs",
          "probability_on_actions_losing_over_0_1bb": 0.3885783888399601,
          "reference_expected_action_loss_bb": 0.13184029521414214,
          "reference_probabilities": [
            0.011235951445996761,
            0.011235951445996761,
            0.37878113985061646,
            0.5987470149993896
          ]
        },
        {
          "action_values_bb": [
            -0.5000005577998391,
            0.034127100581227435,
            0.6201590101408011,
            0.912620965092886
          ],
          "candidate_probabilities": [
            0.007692309562116861,
            0.007692309562116861,
            0.37807488441467285,
            0.6065405607223511
          ],
          "class_index": 165,
          "conditional_hand_mass": 0.0030165911925363843,
          "expected_action_loss_bb": 0.1281964886166426,
          "hand": "AJs",
          "probability_on_actions_losing_over_0_1bb": 0.3934595035389066,
          "reference_expected_action_loss_bb": 0.13690305171385914,
          "reference_probabilities": [
            0.011235951445996761,
            0.011235951445996761,
            0.3800842761993408,
            0.5974437594413757
          ]
        },
        {
          "action_values_bb": [
            -0.5000005577998391,
            0.146374115112533,
            0.8370941231448507,
            1.1848274725097645
          ],
          "candidate_probabilities": [
            0.007692305371165276,
            0.007692305371165276,
            0.3545045256614685,
            0.6301108598709106
          ],
          "class_index": 166,
          "conditional_hand_mass": 0.0030165911925363843,
          "expected_action_loss_bb": 0.1442213581191342,
          "hand": "AQs",
          "probability_on_actions_losing_over_0_1bb": 0.36988913640379906,
          "reference_expected_action_loss_bb": 0.15668655163134887,
          "reference_probabilities": [
            0.01123595517128706,
            0.01123595517128706,
            0.36259934306144714,
            0.6149287819862366
          ]
        },
        {
          "action_values_bb": [
            -0.5000005577998391,
            0.21169526527101015,
            0.9570770544697741,
            1.3470351698996332
          ],
          "candidate_probabilities": [
            0.00769231328740716,
            0.00769231328740716,
            0.36101406812667847,
            0.6236013174057007
          ],
          "class_index": 167,
          "conditional_hand_mass": 0.0030165911925363843,
          "expected_action_loss_bb": 0.16372173335494306,
          "hand": "AKs",
          "probability_on_actions_losing_over_0_1bb": 0.3763986947014928,
          "reference_expected_action_loss_bb": 0.17203861455283145,
          "reference_probabilities": [
            0.011235943995416164,
            0.011235943995416164,
            0.35524022579193115,
            0.622287929058075
          ]
        },
        {
          "action_values_bb": [
            -0.5000005577998391,
            0.889482931944701,
            2.1715056009301623,
            2.9772821760639414
          ],
          "candidate_probabilities": [
            0.00769231328740716,
            0.00769231328740716,
            0.3055424988269806,
            0.679072916507721
          ],
          "class_index": 168,
          "conditional_hand_mass": 0.0045248869052198935,
          "expected_action_loss_bb": 0.28900734230737,
          "hand": "AA",
          "probability_on_actions_losing_over_0_1bb": 0.3209271254017949,
          "reference_expected_action_loss_bb": 0.30571461180304177,
          "reference_probabilities": [
            0.011235957033932209,
            0.011235957033932209,
            0.30180275440216064,
            0.6757252812385559
          ]
        }
      ],
      "joint_reach_independent_model": 1.4330599463602386e-8,
      "opponent_mass": 1.4330598929745975e-8,
      "passes_local_tail_gate": false,
      "path": [
        1
      ],
      "position": "SB",
      "reference_weighted_action_loss_bb": 0.05625807796044082,
      "scope": "One-action deviation followed by reference play, same reference arriving ranges; excludes physical-deal validation",
      "status": "evaluated",
      "weighted_action_loss_bb": 0.052351051271120344,
      "weighted_excess_action_loss_bb": -0.003907026689320477,
      "worst_relevant_probability_on_strongly_inferior_actions": 0.4863922344520688
    },
    {
      "actions": [
        {
          "kind": "fold",
          "label": "Fold",
          "to": 0.0
        },
        {
          "kind": "call",
          "label": "Call 2",
          "to": 2.0
        }
      ],
      "actor": 1,
      "actor_mass": 1.000000037252903,
      "forced_or_frozen": false,
      "hands": [
        {
          "action_values_bb": [
            -0.5,
            -0.15352323256918557
          ],
          "candidate_probabilities": [
            1.1964067958558644e-8,
            1.0
          ],
          "class_index": 0,
          "conditional_hand_mass": 0.0045248869052198935,
          "expected_action_loss_bb": 4.1452715916039826e-9,
          "hand": "22",
          "probability_on_actions_losing_over_0_1bb": 1.1964067958558644e-8,
          "reference_expected_action_loss_bb": 4.1452715916039826e-9,
          "reference_probabilities": [
            1.1964067958558644e-8,
            1.0
          ]
        },
        {
          "action_values_bb": [
            -0.5,
            -0.9658611828167069
          ],
          "candidate_probabilities": [
            1.0,
            1.1964067958558644e-8
          ],
          "class_index": 1,
          "conditional_hand_mass": 0.009049773810439787,
          "expected_action_loss_bb": 5.573594850473593e-9,
          "hand": "32o",
          "probability_on_actions_losing_over_0_1bb": 1.1964067958558644e-8,
          "reference_expected_action_loss_bb": 5.573594850473593e-9,
          "reference_probabilities": [
            1.0,
            1.1964067958558644e-8
          ]
        },
        {
          "action_values_bb": [
            -0.5,
            -0.8031878392685582
          ],
          "candidate_probabilities": [
            1.0,
            1.1964067958558644e-8
          ],
          "class_index": 2,
          "conditional_hand_mass": 0.009049773810439787,
          "expected_action_loss_bb": 3.6273599132175853e-9,
          "hand": "42o",
          "probability_on_actions_losing_over_0_1bb": 1.1964067958558644e-8,
          "reference_expected_action_loss_bb": 3.6273599132175853e-9,
          "reference_probabilities": [
            1.0,
            1.1964067958558644e-8
          ]
        },
        {
          "action_values_bb": [
            -0.5,
            -0.7360021576101995
          ],
          "candidate_probabilities": [
            1.0,
            1.1964067958558644e-8
          ],
          "class_index": 3,
          "conditional_hand_mass": 0.009049773810439787,
          "expected_action_loss_bb": 2.8235458520148947e-9,
          "hand": "52o",
          "probability_on_actions_losing_over_0_1bb": 1.1964067958558644e-8,
          "reference_expected_action_loss_bb": 2.8235458520148947e-9,
          "reference_probabilities": [
            1.0,
            1.1964067958558644e-8
          ]
        },
        {
          "action_values_bb": [
            -0.5,
            -0.8102371486728935
          ],
          "candidate_probabilities": [
            1.0,
            1.1964067958558644e-8
          ],
          "class_index": 4,
          "conditional_hand_mass": 0.009049773810439787,
          "expected_action_loss_bb": 3.71169832999196e-9,
          "hand": "62o",
          "probability_on_actions_losing_over_0_1bb": 1.1964067958558644e-8,
          "reference_expected_action_loss_bb": 3.71169832999196e-9,
          "reference_probabilities": [
            1.0,
            1.1964067958558644e-8
          ]
        },
        {
          "action_values_bb": [
            -0.5,
            -0.8949495565706094
          ],
          "candidate_probabilities": [
            1.0,
            1.1964067958558644e-8
          ],
          "class_index": 5,
          "conditional_hand_mass": 0.009049773810439787,
          "expected_action_loss_bb": 4.725203335013372e-9,
          "hand": "72o",
          "probability_on_actions_losing_over_0_1bb": 1.1964067958558644e-8,
          "reference_expected_action_loss_bb": 4.725203335013372e-9,
          "reference_probabilities": [
            1.0,
            1.1964067958558644e-8
          ]
        },
        {
          "action_values_bb": [
            -0.5,
            -0.9645316966489113
          ],
          "candidate_probabilities": [
            1.0,
            1.1964067958558644e-8
          ],
          "class_index": 6,
          "conditional_hand_mass": 0.009049773810439787,
          "expected_action_loss_bb": 5.5576887876121226e-9,
          "hand": "82o",
          "probability_on_actions_losing_over_0_1bb": 1.1964067958558644e-8,
          "reference_expected_action_loss_bb": 5.5576887876121226e-9,
          "reference_probabilities": [
            1.0,
            1.1964067958558644e-8
          ]
        },
        {
          "action_values_bb": [
            -0.5,
            -0.7473888630465341
          ],
          "candidate_probabilities": [
            0.9999998211860657,
            1.270748555270984e-7
          ],
          "class_index": 7,
          "conditional_hand_mass": 0.009049773810439787,
          "expected_action_loss_bb": 3.143690403065145e-8,
          "hand": "92o",
          "probability_on_actions_losing_over_0_1bb": 1.270748555270984e-7,
          "reference_expected_action_loss_bb": 3.995009801455722e-8,
          "reference_probabilities": [
            0.9999998211860657,
            1.614870512867128e-7
          ]
        },
        {
          "action_values_bb": [
            -0.5,
            -0.7811407022873946
          ],
          "candidate_probabilities": [
            0.9999998211860657,
            1.7356347825625562e-7
          ],
          "class_index": 8,
          "conditional_hand_mass": 0.009049773810439787,
          "expected_action_loss_bb": 4.879575816840665e-8,
          "hand": "T2o",
          "probability_on_actions_losing_over_0_1bb": 1.7356347825625562e-7,
          "reference_expected_action_loss_bb": 6.597604691946333e-8,
          "reference_probabilities": [
            0.9999997615814209,
            2.3467269727461826e-7
          ]
        },
        {
          "action_values_bb": [
            -0.5,
            -0.7401259488300338
          ],
          "candidate_probabilities": [
            0.9999980330467224,
            1.987615178222768e-6
          ],
          "class_index": 9,
          "conditional_hand_mass": 0.009049773810439787,
          "expected_action_loss_bb": 4.772779805797189e-7,
          "hand": "J2o",
          "probability_on_actions_losing_over_0_1bb": 1.987615178222768e-6,
          "reference_expected_action_loss_bb": 4.2833451817786813e-7,
          "reference_probabilities": [
            0.999998152256012,
            1.7837910490925424e-6
          ]
        },
        {
          "action_values_bb": [
            -0.5,
            -0.4167819492802079
          ],
          "candidate_probabilities": [
            0.9999760389328003,
            0.000023980916012078524
          ],
          "class_index": 10,
          "conditional_hand_mass": 0.009049773810439787,
          "expected_action_loss_bb": 0.08321605672648658,
          "hand": "Q2o",
          "probability_on_actions_losing_over_0_1bb": -0.0,
          "reference_expected_action_loss_bb": 9.956264141903728e-10,
          "reference_probabilities": [
            1.1964067958558644e-8,
            1.0
          ]
        },
        {
          "action_values_bb": [
            -0.5,
            -0.31158438411211437
          ],
          "candidate_probabilities": [
            1.1964067958558644e-8,
            1.0
          ],
          "class_index": 11,
          "conditional_hand_mass": 0.009049773810439787,
          "expected_action_loss_bb": 2.2542172329363456e-9,
          "hand": "K2o",
          "probability_on_actions_losing_over_0_1bb": 1.1964067958558644e-8,
          "reference_expected_action_loss_bb": 2.2542172329363456e-9,
          "reference_probabilities": [
            1.1964067958558644e-8,
            1.0
          ]
        },
        {
          "action_values_bb": [
            -0.5,
            -0.04007984893222574
          ],
          "candidate_probabilities": [
            1.1964067958558644e-8,
            1.0
          ],
          "class_index": 12,
          "conditional_hand_mass": 0.009049773810439787,
          "expected_action_loss_bb": 5.50251594288541e-9,
          "hand": "A2o",
          "probability_on_actions_losing_over_0_1bb": 1.1964067958558644e-8,
          "reference_expected_action_loss_bb": 5.50251594288541e-9,
          "reference_probabilities": [
            1.1964067958558644e-8,
            1.0
          ]
        },
        {
          "action_values_bb": [
            -0.5,
            -0.8300519970384573
          ],
          "candidate_probabilities": [
            1.0,
            1.1964070623093903e-8
          ],
          "class_index": 13,
          "conditional_hand_mass": 0.0030165911925363843,
          "expected_action_loss_bb": 3.948765401861283e-9,
          "hand": "32s",
          "probability_on_actions_losing_over_0_1bb": 1.1964070623093903e-8,
          "reference_expected_action_loss_bb": 4.1362238121781024e-8,
          "reference_probabilities": [
            0.9999998807907104,
            1.2532036919310485e-7
          ]
        },
        {
          "action_values_bb": [
            -0.5,
            0.004149822799820036
          ],
          "candidate_probabilities": [
            1.1964067958558644e-8,
            1.0
          ],
          "class_index": 14,
          "conditional_hand_mass": 0.0045248869052198935,
          "expected_action_loss_bb": 6.031682741272345e-9,
          "hand": "33",
          "probability_on_actions_losing_over_0_1bb": 1.1964067958558644e-8,
          "reference_expected_action_loss_bb": 6.031682741272345e-9,
          "reference_probabilities": [
            1.1964067958558644e-8,
            1.0
          ]
        },
        {
          "action_values_bb": [
            -0.5,
            -0.847924768332565
          ],
          "candidate_probabilities": [
            1.0,
            1.1964067958558644e-8
          ],
          "class_index": 15,
          "conditional_hand_mass": 0.009049773810439787,
          "expected_action_loss_bb": 4.162595572796581e-9,
          "hand": "43o",
          "probability_on_actions_losing_over_0_1bb": 1.1964067958558644e-8,
          "reference_expected_action_loss_bb": 4.162595572796581e-9,
          "reference_probabilities": [
            1.0,
            1.1964067958558644e-8
          ]
        },
        {
          "action_values_bb": [
            -0.5,
            -0.7578139523998724
          ],
          "candidate_probabilities": [
            0.9999998211860657,
            1.597561549715465e-7
          ],
          "class_index": 16,
          "conditional_hand_mass": 0.009049773810439787,
          "expected_action_loss_bb": 4.118736573342092e-8,
          "hand": "53o",
          "probability_on_actions_losing_over_0_1bb": 1.597561549715465e-7,
          "reference_expected_action_loss_bb": 4.0831193633500046e-8,
          "reference_probabilities": [
            0.9999998211860657,
            1.5837464673040813e-7
          ]
        },
        {
          "action_values_bb": [
            -0.5,
            -0.7804240699754289
          ],
          "candidate_probabilities": [
            0.9999999403953552,
            1.16999693489106e-7
          ],
          "class_index": 17,
          "conditional_hand_mass": 0.009049773810439787,
          "expected_action_loss_bb": 3.280953023409279e-8,
          "hand": "63o",
          "probability_on_actions_losing_over_0_1bb": 1.16999693489106e-7,
          "reference_expected_action_loss_bb": 3.933188530068261e-8,
          "reference_probabilities": [
            0.9999998211860657,
            1.4025859229604976e-7
          ]
        },
        {
          "action_values_bb": [
            -0.5,
            -0.8967075671235811
          ],
          "candidate_probabilities": [
            0.9999998211860657,
            1.395323039332652e-7
          ],
          "class_index": 18,
          "conditional_hand_mass": 0.009049773810439787,
          "expected_action_loss_bb": 5.535352082851373e-8,
          "hand": "73o",
          "probability_on_actions_losing_over_0_1bb": 1.395323039332652e-7,
          "reference_expected_action_loss_bb": 4.639613875713566e-8,
          "reference_probabilities": [
            0.9999999403953552,
            1.1695299662051184e-7
          ]
        },
        {
          "action_values_bb": [
            -0.5,
            -0.9658767846454165
          ],
          "candidate_probabilities": [
            0.9999998211860657,
            1.722102496160005e-7
          ],
          "class_index": 19,
          "conditional_hand_mass": 0.009049773810439787,
          "expected_action_loss_bb": 8.022875737408689e-8,
          "hand": "83o",
          "probability_on_actions_losing_over_0_1bb": 1.722102496160005e-7,
          "reference_expected_action_loss_bb": 6.44745452347093e-8,
          "reference_probabilities": [
            0.9999998211860657,
            1.383939860488681e-7
          ]
        },
        {
          "action_values_bb": [
            -0.5,
            -0.8190431538693543
          ],
          "candidate_probabilities": [
            0.9999997615814209,
            2.0496169383932283e-7
          ],
          "class_index": 20,
          "conditional_hand_mass": 0.009049773810439787,
          "expected_action_loss_bb": 6.539162522490257e-8,
          "hand": "93o",
          "probability_on_actions_losing_over_0_1bb": 2.0496169383932283e-7,
          "reference_expected_action_loss_bb": 6.500730669972597e-8,
          "reference_probabilities": [
            0.9999997615814209,
            2.0375709652853402e-7
          ]
        },
        {
          "action_values_bb": [
            -0.5,
            -0.783947716694281
          ],
          "candidate_probabilities": [
            0.9977501630783081,
            0.002249898388981819
          ],
          "class_index": 21,
          "conditional_hand_mass": 0.009049773810439787,
          "expected_action_loss_bb": 0.0006388535103455287,
          "hand": "T3o",
          "probability_on_actions_losing_over_0_1bb": 0.002249898388981819,
          "reference_expected_action_loss_bb": 4.921535023508819e-7,
          "reference_probabilities": [
            0.9999982714653015,
            1.7332539528069901e-6
          ]
        },
        {
          "action_values_bb": [
            -0.5,
            -0.7926713302110393
          ],
          "candidate_probabilities": [
            0.9999959468841553,
            4.063627329742303e-6
          ],
          "class_index": 22,
          "conditional_hand_mass": 0.009049773810439787,
          "expected_action_loss_bb": 1.1893072160776135e-6,
          "hand": "J3o",
          "probability_on_actions_losing_over_0_1bb": 4.063627329742303e-6,
          "reference_expected_action_loss_bb": 7.302993192687419e-6,
          "reference_probabilities": [
            0.9999750852584839,
            0.00002495288208592683
          ]
        },
        {
          "action_values_bb": [
            -0.5,
            -0.4997054497450635
          ],
          "candidate_probabilities": [
            0.0003618754562921822,
            0.9996381402015686
          ],
          "class_index": 23,
          "conditional_hand_mass": 0.009049773810439787,
          "expected_action_loss_bb": 1.0659050790613208e-7,
          "hand": "Q3o",
          "probability_on_actions_losing_over_0_1bb": -0.0,
          "reference_expected_action_loss_bb": 0.0001812380358507284,
          "reference_probabilities": [
            0.6153042912483215,
            0.3846956491470337
          ]
        },
        {
          "action_values_bb": [
            -0.5,
            -0.296962643875375
          ],
          "candidate_probabilities": [
            1.1964067958558644e-8,
            1.0
          ],
          "class_index": 24,
          "conditional_hand_mass": 0.009049773810439787,
          "expected_action_loss_bb": 2.429152726801086e-9,
          "hand": "K3o",
          "probability_on_actions_losing_over_0_1bb": 1.1964067958558644e-8,
          "reference_expected_action_loss_bb": 2.429152726801086e-9,
          "reference_probabilities": [
            1.1964067958558644e-8,
            1.0
          ]
        },
        {
          "action_values_bb": [
            -0.5,
            0.08071185359454301
          ],
          "candidate_probabilities": [
            1.1964067958558644e-8,
            1.0
          ],
          "class_index": 25,
          "conditional_hand_mass": 0.009049773810439787,
          "expected_action_loss_bb": 6.94767608074567e-9,
          "hand": "A3o",
          "probability_on_actions_losing_over_0_1bb": 1.1964067958558644e-8,
          "reference_expected_action_loss_bb": 6.94767608074567e-9,
          "reference_probabilities": [
            1.1964067958558644e-8,
            1.0
          ]
        },
        {
          "action_values_bb": [
            -0.5,
            -0.6605961528870526
          ],
          "candidate_probabilities": [
            0.9999979734420776,
            1.964590182979009e-6
          ],
          "class_index": 26,
          "conditional_hand_mass": 0.0030165911925363843,
          "expected_action_loss_bb": 3.155056253860997e-7,
          "hand": "42s",
          "probability_on_actions_losing_over_0_1bb": 1.964590182979009e-6,
          "reference_expected_action_loss_bb": 2.7763416754316766e-8,
          "reference_probabilities": [
            0.9999998807907104,
            1.728772218712038e-7
          ]
        },
        {
          "action_values_bb": [
            -0.5,
            -0.6089356055556183
          ],
          "candidate_probabilities": [
            0.99996417760849,
            0.00003579459371394478
          ],
          "class_index": 27,
          "conditional_hand_mass": 0.0030165911925363843,
          "expected_action_loss_bb": 3.8993057418459035e-6,
          "hand": "43s",
          "probability_on_actions_losing_over_0_1bb": 0.00003579459371394478,
          "reference_expected_action_loss_bb": 0.000015369176144439595,
          "reference_probabilities": [
            0.9998589158058167,
            0.0001410849654348567
          ]
        },
        {
          "action_values_bb": [
            -0.5,
            0.14840646822017056
          ],
          "candidate_probabilities": [
            1.1964067958558644e-8,
            1.0
          ],
          "class_index": 28,
          "conditional_hand_mass": 0.0045248869052198935,
          "expected_action_loss_bb": 7.757579050555116e-9,
          "hand": "44",
          "probability_on_actions_losing_over_0_1bb": 1.1964067958558644e-8,
          "reference_expected_action_loss_bb": 7.757579050555116e-9,
          "reference_probabilities": [
            1.1964067958558644e-8,
            1.0
          ]
        },
        {
          "action_values_bb": [
            -0.5,
            -0.5267136176529958
          ],
          "candidate_probabilities": [
            0.9999986290931702,
            1.3507824405678548e-6
          ],
          "class_index": 29,
          "conditional_hand_mass": 0.009049773810439787,
          "expected_action_loss_bb": 3.608428564971026e-8,
          "hand": "54o",
          "probability_on_actions_losing_over_0_1bb": -0.0,
          "reference_expected_action_loss_bb": 7.700426806225707e-8,
          "reference_probabilities": [
            0.9999971389770508,
            2.8825847948610317e-6
          ]
        },
        {
          "action_values_bb": [
            -0.5,
            -0.5990286196264519
          ],
          "candidate_probabilities": [
            0.9999998211860657,
            1.961135751571419e-7
          ],
          "class_index": 30,
          "conditional_hand_mass": 0.009049773810439787,
          "expected_action_loss_bb": 1.9420856637820196e-8,
          "hand": "64o",
          "probability_on_actions_losing_over_0_1bb": -0.0,
          "reference_expected_action_loss_bb": 5.370523851051683e-8,
          "reference_probabilities": [
            0.999999463558197,
            5.423203788268438e-7
          ]
        },
        {
          "action_values_bb": [
            -0.5,
            -0.7030637170795936
          ],
          "candidate_probabilities": [
            0.9999998211860657,
            1.7177511324462102e-7
          ],
          "class_index": 31,
          "conditional_hand_mass": 0.009049773810439787,
          "expected_action_loss_bb": 3.4881292997220876e-8,
          "hand": "74o",
          "probability_on_actions_losing_over_0_1bb": 1.7177511324462102e-7,
          "reference_expected_action_loss_bb": 3.310027669956823e-8,
          "reference_probabilities": [
            0.9999998211860657,
            1.6300438687721908e-7
          ]
        },
        {
          "action_values_bb": [
            -0.5,
            -0.7351214431446135
          ],
          "candidate_probabilities": [
            0.9999993443489075,
            6.07828781085118e-7
          ],
          "class_index": 32,
          "conditional_hand_mass": 0.009049773810439787,
          "expected_action_loss_bb": 1.4291358019356428e-7,
          "hand": "84o",
          "probability_on_actions_losing_over_0_1bb": 6.07828781085118e-7,
          "reference_expected_action_loss_bb": 1.321206150277136e-7,
          "reference_probabilities": [
            0.999999463558197,
            5.619249918709102e-7
          ]
        },
        {
          "action_values_bb": [
            -0.5,
            -0.7230788035220514
          ],
          "candidate_probabilities": [
            0.9999997615814209,
            2.1894604174121923e-7
          ],
          "class_index": 33,
          "conditional_hand_mass": 0.009049773810439787,
          "expected_action_loss_bb": 4.884222102752032e-8,
          "hand": "94o",
          "probability_on_actions_losing_over_0_1bb": 2.1894604174121923e-7,
          "reference_expected_action_loss_bb": 4.259341449690659e-8,
          "reference_probabilities": [
            0.9999998211860657,
            1.9093438652362238e-7
          ]
        },
        {
          "action_values_bb": [
            -0.5,
            -0.7074956005910814
          ],
          "candidate_probabilities": [
            0.9999961256980896,
            3.914187800546642e-6
          ],
          "class_index": 34,
          "conditional_hand_mass": 0.009049773810439787,
          "expected_action_loss_bb": 8.121767485007095e-7,
          "hand": "T4o",
          "probability_on_actions_losing_over_0_1bb": 3.914187800546642e-6,
          "reference_expected_action_loss_bb": 1.4567921920728134e-7,
          "reference_probabilities": [
            0.9999992847442627,
            7.020834118520725e-7
          ]
        },
        {
          "action_values_bb": [
            -0.5,
            -0.6350120462771276
          ],
          "candidate_probabilities": [
            0.9996601343154907,
            0.0003399112029001117
          ],
          "class_index": 35,
          "conditional_hand_mass": 0.009049773810439787,
          "expected_action_loss_bb": 0.000045892107056063986,
          "hand": "J4o",
          "probability_on_actions_losing_over_0_1bb": 0.0003399112029001117,
          "reference_expected_action_loss_bb": 0.00001841923528752096,
          "reference_probabilities": [
            0.9998636245727539,
            0.00013642660633195192
          ]
        },
        {
          "action_values_bb": [
            -0.5,
            -0.4304019074900961
          ],
          "candidate_probabilities": [
            0.9999398589134216,
            0.00006011994992149994
          ],
          "class_index": 36,
          "conditional_hand_mass": 0.009049773810439787,
          "expected_action_loss_bb": 0.06959390680499657,
          "hand": "Q4o",
          "probability_on_actions_losing_over_0_1bb": -0.0,
          "reference_expected_action_loss_bb": 8.326763085745415e-10,
          "reference_probabilities": [
            1.1964067958558644e-8,
            1.0
          ]
        },
        {
          "action_values_bb": [
            -0.5,
            -0.16114959050896935
          ],
          "candidate_probabilities": [
            1.1964067958558644e-8,
            1.0
          ],
          "class_index": 37,
          "conditional_hand_mass": 0.009049773810439787,
          "expected_action_loss_bb": 4.054029326936116e-9,
          "hand": "K4o",
          "probability_on_actions_losing_over_0_1bb": 1.1964067958558644e-8,
          "reference_expected_action_loss_bb": 4.054029326936116e-9,
          "reference_probabilities": [
            1.1964067958558644e-8,
            1.0
          ]
        },
        {
          "action_values_bb": [
            -0.5,
            0.042342722172012966
          ],
          "candidate_probabilities": [
            1.1964067958558644e-8,
            1.0
          ],
          "class_index": 38,
          "conditional_hand_mass": 0.009049773810439787,
          "expected_action_loss_bb": 6.488625184895653e-9,
          "hand": "A4o",
          "probability_on_actions_losing_over_0_1bb": 1.1964067958558644e-8,
          "reference_expected_action_loss_bb": 6.488625184895653e-9,
          "reference_probabilities": [
            1.1964067958558644e-8,
            1.0
          ]
        },
        {
          "action_values_bb": [
            -0.5,
            -0.539463248007984
          ],
          "candidate_probabilities": [
            0.9999997615814209,
            1.8707035565057595e-7
          ],
          "class_index": 39,
          "conditional_hand_mass": 0.0030165911925363843,
          "expected_action_loss_bb": 7.382403839980441e-9,
          "hand": "52s",
          "probability_on_actions_losing_over_0_1bb": -0.0,
          "reference_expected_action_loss_bb": 1.2828102506508988e-6,
          "reference_probabilities": [
            0.9999674558639526,
            0.000032506453862879425
          ]
        },
        {
          "action_values_bb": [
            -0.5,
            -0.577114492617574
          ],
          "candidate_probabilities": [
            0.00013864038919564337,
            0.9998614192008972
          ],
          "class_index": 40,
          "conditional_hand_mass": 0.0030165911925363843,
          "expected_action_loss_bb": 0.07710380602956463,
          "hand": "53s",
          "probability_on_actions_losing_over_0_1bb": -0.0,
          "reference_expected_action_loss_bb": 0.00001390471183268484,
          "reference_probabilities": [
            0.9998197555541992,
            0.00018031256331596524
          ]
        },
        {
          "action_values_bb": [
            -0.5,
            -0.3293644209411952
          ],
          "candidate_probabilities": [
            1.1964070623093903e-8,
            1.0
          ],
          "class_index": 41,
          "conditional_hand_mass": 0.0030165911925363843,
          "expected_action_loss_bb": 2.0414961186720634e-9,
          "hand": "54s",
          "probability_on_actions_losing_over_0_1bb": 1.1964070623093903e-8,
          "reference_expected_action_loss_bb": 2.0414961186720634e-9,
          "reference_probabilities": [
            1.1964070623093903e-8,
            1.0
          ]
        },
        {
          "action_values_bb": [
            -0.5,
            0.3312868204253181
          ],
          "candidate_probabilities": [
            1.1964067958558644e-8,
            1.0
          ],
          "class_index": 42,
          "conditional_hand_mass": 0.0045248869052198935,
          "expected_action_loss_bb": 9.945572012622642e-9,
          "hand": "55",
          "probability_on_actions_losing_over_0_1bb": 1.1964067958558644e-8,
          "reference_expected_action_loss_bb": 9.945572012622642e-9,
          "reference_probabilities": [
            1.1964067958558644e-8,
            1.0
          ]
        },
        {
          "action_values_bb": [
            -0.5,
            -0.5245476806347735
          ],
          "candidate_probabilities": [
            0.9999942183494568,
            5.741587756347144e-6
          ],
          "class_index": 43,
          "conditional_hand_mass": 0.009049773810439787,
          "expected_action_loss_bb": 1.4094266257933558e-7,
          "hand": "65o",
          "probability_on_actions_losing_over_0_1bb": -0.0,
          "reference_expected_action_loss_bb": 1.4500298016091614e-6,
          "reference_probabilities": [
            0.9999408721923828,
            0.00005906993101234548
          ]
        },
        {
          "action_values_bb": [
            -0.5,
            -0.5833476861392389
          ],
          "candidate_probabilities": [
            0.9999997615814209,
            2.108582037863016e-7
          ],
          "class_index": 44,
          "conditional_hand_mass": 0.009049773810439787,
          "expected_action_loss_bb": 1.7574543389064348e-8,
          "hand": "75o",
          "probability_on_actions_losing_over_0_1bb": -0.0,
          "reference_expected_action_loss_bb": 7.494127092167728e-8,
          "reference_probabilities": [
            0.9999991059303284,
            8.991403888103378e-7
          ]
        },
        {
          "action_values_bb": [
            -0.5,
            -0.6592883164478598
          ],
          "candidate_probabilities": [
            0.9999988079071045,
            1.167790287581738e-6
          ],
          "class_index": 45,
          "conditional_hand_mass": 0.009049773810439787,
          "expected_action_loss_bb": 1.860153488730571e-7,
          "hand": "85o",
          "probability_on_actions_losing_over_0_1bb": 1.167790287581738e-6,
          "reference_expected_action_loss_bb": 4.1285541240184316e-7,
          "reference_probabilities": [
            0.9999973773956299,
            2.59187504525471e-6
          ]
        },
        {
          "action_values_bb": [
            -0.5,
            -0.5241549177446172
          ],
          "candidate_probabilities": [
            0.9999975562095642,
            2.4869375465641497e-6
          ],
          "class_index": 46,
          "conditional_hand_mass": 0.009049773810439787,
          "expected_action_loss_bb": 6.007177187325714e-8,
          "hand": "95o",
          "probability_on_actions_losing_over_0_1bb": -0.0,
          "reference_expected_action_loss_bb": 1.5289843016561246e-7,
          "reference_probabilities": [
            0.9999936819076538,
            6.329908956104191e-6
          ]
        },
        {
          "action_values_bb": [
            -0.5,
            -0.5927446325107576
          ],
          "candidate_probabilities": [
            1.1952179193031043e-6,
            0.9999988079071045
          ],
          "class_index": 47,
          "conditional_hand_mass": 0.009049773810439787,
          "expected_action_loss_bb": 0.09274452195054009,
          "hand": "T5o",
          "probability_on_actions_losing_over_0_1bb": -0.0,
          "reference_expected_action_loss_bb": 3.5697548609096205e-6,
          "reference_probabilities": [
            0.9999614953994751,
            0.000038490150473080575
          ]
        },
        {
          "action_values_bb": [
            -0.5,
            -0.5783398059009798
          ],
          "candidate_probabilities": [
            1.1964067958558644e-8,
            1.0
          ],
          "class_index": 48,
          "conditional_hand_mass": 0.009049773810439787,
          "expected_action_loss_bb": 0.07833980590097978,
          "hand": "J5o",
          "probability_on_actions_losing_over_0_1bb": -0.0,
          "reference_expected_action_loss_bb": 0.00013238253039266727,
          "reference_probabilities": [
            0.9983102083206177,
            0.0016898501198738813
          ]
        },
        {
          "action_values_bb": [
            -0.5,
            -0.2866238904842781
          ],
          "candidate_probabilities": [
            0.00016044087533373386,
            0.9998395442962646
          ],
          "class_index": 49,
          "conditional_hand_mass": 0.009049773810439787,
          "expected_action_loss_bb": 0.00003423424978600908,
          "hand": "Q5o",
          "probability_on_actions_losing_over_0_1bb": 0.00016044087533373386,
          "reference_expected_action_loss_bb": 2.5528462749789486e-9,
          "reference_probabilities": [
            1.1964067958558644e-8,
            1.0
          ]
        },
        {
          "action_values_bb": [
            -0.5,
            -0.1291350105123895
          ],
          "candidate_probabilities": [
            1.1964067958558644e-8,
            1.0
          ],
          "class_index": 50,
          "conditional_hand_mass": 0.009049773810439787,
          "expected_action_loss_bb": 4.437053937679909e-9,
          "hand": "K5o",
          "probability_on_actions_losing_over_0_1bb": 1.1964067958558644e-8,
          "reference_expected_action_loss_bb": 4.437053937679909e-9,
          "reference_probabilities": [
            1.1964067958558644e-8,
            1.0
          ]
        },
        {
          "action_values_bb": [
            -0.5,
            0.10069212078725426
          ],
          "candidate_probabilities": [
            1.1964067958558644e-8,
            1.0
          ],
          "class_index": 51,
          "conditional_hand_mass": 0.009049773810439787,
          "expected_action_loss_bb": 7.1867213552694265e-9,
          "hand": "A5o",
          "probability_on_actions_losing_over_0_1bb": 1.1964067958558644e-8,
          "reference_expected_action_loss_bb": 7.1867213552694265e-9,
          "reference_probabilities": [
            1.1964067958558644e-8,
            1.0
          ]
        },
        {
          "action_values_bb": [
            -0.5,
            -0.7124011047847741
          ],
          "candidate_probabilities": [
            0.9999997615814209,
            1.8839261883840663e-7
          ],
          "class_index": 52,
          "conditional_hand_mass": 0.0030165911925363843,
          "expected_action_loss_bb": 4.001480037457442e-8,
          "hand": "62s",
          "probability_on_actions_losing_over_0_1bb": 1.8839261883840663e-7,
          "reference_expected_action_loss_bb": 3.056633820769583e-8,
          "reference_probabilities": [
            0.9999998807907104,
            1.439085650645211e-7
          ]
        },
        {
          "action_values_bb": [
            -0.5,
            -0.6320424397789133
          ],
          "candidate_probabilities": [
            1.1964070623093903e-8,
            1.0
          ],
          "class_index": 53,
          "conditional_hand_mass": 0.0030165911925363843,
          "expected_action_loss_bb": 0.13204243977891328,
          "hand": "63s",
          "probability_on_actions_losing_over_0_1bb": 1.0,
          "reference_expected_action_loss_bb": 6.573933371170064e-6,
          "reference_probabilities": [
            0.9999501705169678,
            0.00004978651850251481
          ]
        },
        {
          "action_values_bb": [
            -0.5,
            -0.4529821799944412
          ],
          "candidate_probabilities": [
            1.1964070623093903e-8,
            1.0
          ],
          "class_index": 54,
          "conditional_hand_mass": 0.0030165911925363843,
          "expected_action_loss_bb": 5.625245190904231e-10,
          "hand": "64s",
          "probability_on_actions_losing_over_0_1bb": -0.0,
          "reference_expected_action_loss_bb": 5.625245190904231e-10,
          "reference_probabilities": [
            1.1964070623093903e-8,
            1.0
          ]
        },
        {
          "action_values_bb": [
            -0.5,
            -0.3546775553406944
          ],
          "candidate_probabilities": [
            1.1964070623093903e-8,
            1.0
          ],
          "class_index": 55,
          "conditional_hand_mass": 0.0030165911925363843,
          "expected_action_loss_bb": 1.7386479910245876e-9,
          "hand": "65s",
          "probability_on_actions_losing_over_0_1bb": 1.1964070623093903e-8,
          "reference_expected_action_loss_bb": 1.7386479910245876e-9,
          "reference_probabilities": [
            1.1964070623093903e-8,
            1.0
          ]
        },
        {
          "action_values_bb": [
            -0.5,
            0.42018205230486777
          ],
          "candidate_probabilities": [
            1.1964067958558644e-8,
            1.0
          ],
          "class_index": 56,
          "conditional_hand_mass": 0.0045248869052198935,
          "expected_action_loss_bb": 1.1009120608021404e-8,
          "hand": "66",
          "probability_on_actions_losing_over_0_1bb": 1.1964067958558644e-8,
          "reference_expected_action_loss_bb": 1.1009120608021404e-8,
          "reference_probabilities": [
            1.1964067958558644e-8,
            1.0
          ]
        },
        {
          "action_values_bb": [
            -0.5,
            -0.47444657114315564
          ],
          "candidate_probabilities": [
            0.9998366832733154,
            0.0001633117499295622
          ],
          "class_index": 57,
          "conditional_hand_mass": 0.009049773810439787,
          "expected_action_loss_bb": 0.025549255554487896,
          "hand": "76o",
          "probability_on_actions_losing_over_0_1bb": -0.0,
          "reference_expected_action_loss_bb": 6.619756667860106e-10,
          "reference_probabilities": [
            2.5905551481741895e-8,
            1.0
          ]
        },
        {
          "action_values_bb": [
            -0.5,
            -0.6104206279315332
          ],
          "candidate_probabilities": [
            0.9998847842216492,
            0.0001151638716692105
          ],
          "class_index": 58,
          "conditional_hand_mass": 0.009049773810439787,
          "expected_action_loss_bb": 0.000012716467024740727,
          "hand": "86o",
          "probability_on_actions_losing_over_0_1bb": 0.0001151638716692105,
          "reference_expected_action_loss_bb": 9.576357311184912e-6,
          "reference_probabilities": [
            0.9999132752418518,
            0.0000867261624080129
          ]
        },
        {
          "action_values_bb": [
            -0.5,
            -0.4830131145641406
          ],
          "candidate_probabilities": [
            0.9999303817749023,
            0.00006961890176171437
          ],
          "class_index": 59,
          "conditional_hand_mass": 0.009049773810439787,
          "expected_action_loss_bb": 0.01698570283904543,
          "hand": "96o",
          "probability_on_actions_losing_over_0_1bb": -0.0,
          "reference_expected_action_loss_bb": 0.00005304499312735057,
          "reference_probabilities": [
            0.003122702706605196,
            0.9968772530555725
          ]
        },
        {
          "action_values_bb": [
            -0.5,
            -0.5712180093486509
          ],
          "candidate_probabilities": [
            1.1964067958558644e-8,
            1.0
          ],
          "class_index": 60,
          "conditional_hand_mass": 0.009049773810439787,
          "expected_action_loss_bb": 0.07121800934865086,
          "hand": "T6o",
          "probability_on_actions_losing_over_0_1bb": -0.0,
          "reference_expected_action_loss_bb": 0.000013559051527551113,
          "reference_probabilities": [
            0.9998096227645874,
            0.00019038796017412096
          ]
        },
        {
          "action_values_bb": [
            -0.5,
            -0.5875118405170551
          ],
          "candidate_probabilities": [
            1.1964067958558644e-8,
            1.0
          ],
          "class_index": 61,
          "conditional_hand_mass": 0.009049773810439787,
          "expected_action_loss_bb": 0.08751184051705507,
          "hand": "J6o",
          "probability_on_actions_losing_over_0_1bb": -0.0,
          "reference_expected_action_loss_bb": 0.00012627177579505413,
          "reference_probabilities": [
            0.9985570907592773,
            0.00144291075412184
          ]
        },
        {
          "action_values_bb": [
            -0.5,
            -0.30142522705262437
          ],
          "candidate_probabilities": [
            0.00010961043881252408,
            0.9998904466629028
          ],
          "class_index": 62,
          "conditional_hand_mass": 0.009049773810439787,
          "expected_action_loss_bb": 0.00002176586799985918,
          "hand": "Q6o",
          "probability_on_actions_losing_over_0_1bb": 0.00010961043881252408,
          "reference_expected_action_loss_bb": 2.3757620783977547e-9,
          "reference_probabilities": [
            1.1964067958558644e-8,
            1.0
          ]
        },
        {
          "action_values_bb": [
            -0.5,
            -0.08947459220281957
          ],
          "candidate_probabilities": [
            1.1964067958558644e-8,
            1.0
          ],
          "class_index": 63,
          "conditional_hand_mass": 0.009049773810439787,
          "expected_action_loss_bb": 4.911553877600467e-9,
          "hand": "K6o",
          "probability_on_actions_losing_over_0_1bb": 1.1964067958558644e-8,
          "reference_expected_action_loss_bb": 4.911553877600467e-9,
          "reference_probabilities": [
            1.1964067958558644e-8,
            1.0
          ]
        },
        {
          "action_values_bb": [
            -0.5,
            0.10972757366407808
          ],
          "candidate_probabilities": [
            1.1964067958558644e-8,
            1.0
          ],
          "class_index": 64,
          "conditional_hand_mass": 0.009049773810439787,
          "expected_action_loss_bb": 7.294822127524101e-9,
          "hand": "A6o",
          "probability_on_actions_losing_over_0_1bb": 1.1964067958558644e-8,
          "reference_expected_action_loss_bb": 7.294822127524101e-9,
          "reference_probabilities": [
            1.1964067958558644e-8,
            1.0
          ]
        },
        {
          "action_values_bb": [
            -0.5,
            -0.7199720674675664
          ],
          "candidate_probabilities": [
            0.9999998807907104,
            1.4838362005775707e-7
          ],
          "class_index": 65,
          "conditional_hand_mass": 0.0030165911925363843,
          "expected_action_loss_bb": 3.264025168242667e-8,
          "hand": "72s",
          "probability_on_actions_losing_over_0_1bb": 1.4838362005775707e-7,
          "reference_expected_action_loss_bb": 3.818524409143123e-8,
          "reference_probabilities": [
            0.9999998807907104,
            1.7359133153149742e-7
          ]
        },
        {
          "action_values_bb": [
            -0.5,
            -0.6708449766362615
          ],
          "candidate_probabilities": [
            0.9999700784683228,
            0.000029941626053187065
          ],
          "class_index": 66,
          "conditional_hand_mass": 0.0030165911925363843,
          "expected_action_loss_bb": 5.115376403508423e-6,
          "hand": "73s",
          "probability_on_actions_losing_over_0_1bb": 0.000029941626053187065,
          "reference_expected_action_loss_bb": 4.708204377286119e-6,
          "reference_probabilities": [
            0.9999724626541138,
            0.0000275583424809156
          ]
        },
        {
          "action_values_bb": [
            -0.5,
            -0.5740681040859349
          ],
          "candidate_probabilities": [
            0.9954612851142883,
            0.0045387642458081245
          ],
          "class_index": 67,
          "conditional_hand_mass": 0.0030165911925363843,
          "expected_action_loss_bb": 0.000336177662580036,
          "hand": "74s",
          "probability_on_actions_losing_over_0_1bb": -0.0,
          "reference_expected_action_loss_bb": 2.68724269665967e-6,
          "reference_probabilities": [
            0.9999637007713318,
            0.00003628070044214837
          ]
        },
        {
          "action_values_bb": [
            -0.5,
            -0.4485005985229626
          ],
          "candidate_probabilities": [
            0.9999946355819702,
            5.309917924023466e-6
          ],
          "class_index": 68,
          "conditional_hand_mass": 0.0030165911925363843,
          "expected_action_loss_bb": 0.051499125212719606,
          "hand": "75s",
          "probability_on_actions_losing_over_0_1bb": -0.0,
          "reference_expected_action_loss_bb": 2.2963383302328914e-8,
          "reference_probabilities": [
            4.4589612002710055e-7,
            0.9999995231628418
          ]
        },
        {
          "action_values_bb": [
            -0.5,
            -0.28976327643311345
          ],
          "candidate_probabilities": [
            1.1964070623093903e-8,
            1.0
          ],
          "class_index": 69,
          "conditional_hand_mass": 0.0030165911925363843,
          "expected_action_loss_bb": 2.515287008322101e-9,
          "hand": "76s",
          "probability_on_actions_losing_over_0_1bb": 1.1964070623093903e-8,
          "reference_expected_action_loss_bb": 2.515287008322101e-9,
          "reference_probabilities": [
            1.1964070623093903e-8,
            1.0
          ]
        },
        {
          "action_values_bb": [
            -0.5,
            0.43808782409621805
          ],
          "candidate_probabilities": [
            1.1964067958558644e-8,
            1.0
          ],
          "class_index": 70,
          "conditional_hand_mass": 0.0045248869052198935,
          "expected_action_loss_bb": 1.122334647858356e-8,
          "hand": "77",
          "probability_on_actions_losing_over_0_1bb": 1.1964067958558644e-8,
          "reference_expected_action_loss_bb": 1.122334647858356e-8,
          "reference_probabilities": [
            1.1964067958558644e-8,
            1.0
          ]
        },
        {
          "action_values_bb": [
            -0.5,
            -0.534880999681039
          ],
          "candidate_probabilities": [
            0.9999625086784363,
            0.00003750962423509918
          ],
          "class_index": 71,
          "conditional_hand_mass": 0.009049773810439787,
          "expected_action_loss_bb": 1.3083731909803862e-6,
          "hand": "87o",
          "probability_on_actions_losing_over_0_1bb": -0.0,
          "reference_expected_action_loss_bb": 0.000018455563761682826,
          "reference_probabilities": [
            0.9994708895683289,
            0.0005291007691994309
          ]
        },
        {
          "action_values_bb": [
            -0.5,
            -0.506560262194867
          ],
          "candidate_probabilities": [
            0.9999893307685852,
            0.000010711514732975047
          ],
          "class_index": 72,
          "conditional_hand_mass": 0.009049773810439787,
          "expected_action_loss_bb": 7.027034515249763e-8,
          "hand": "97o",
          "probability_on_actions_losing_over_0_1bb": -0.0,
          "reference_expected_action_loss_bb": 0.001842606001847404,
          "reference_probabilities": [
            0.7191261649131775,
            0.2808738350868225
          ]
        },
        {
          "action_values_bb": [
            -0.5,
            -0.5357574192611938
          ],
          "candidate_probabilities": [
            0.9999970197677612,
            2.991475867020199e-6
          ],
          "class_index": 73,
          "conditional_hand_mass": 0.009049773810439787,
          "expected_action_loss_bb": 1.069674567867845e-7,
          "hand": "T7o",
          "probability_on_actions_losing_over_0_1bb": -0.0,
          "reference_expected_action_loss_bb": 0.0002406435860976605,
          "reference_probabilities": [
            0.9932700991630554,
            0.0067298924550414085
          ]
        },
        {
          "action_values_bb": [
            -0.5,
            -0.5488523934651478
          ],
          "candidate_probabilities": [
            0.999731183052063,
            0.0002688347303774208
          ],
          "class_index": 74,
          "conditional_hand_mass": 0.009049773810439787,
          "expected_action_loss_bb": 0.000013133220025494683,
          "hand": "J7o",
          "probability_on_actions_losing_over_0_1bb": -0.0,
          "reference_expected_action_loss_bb": 0.00038738730216489016,
          "reference_probabilities": [
            0.9920702576637268,
            0.007929750718176365
          ]
        },
        {
          "action_values_bb": [
            -0.5,
            -0.33855928857063494
          ],
          "candidate_probabilities": [
            0.7281131744384766,
            0.27188679575920105
          ],
          "class_index": 75,
          "conditional_hand_mass": 0.009049773810439787,
          "expected_action_loss_bb": 0.11754710888244103,
          "hand": "Q7o",
          "probability_on_actions_losing_over_0_1bb": 0.7281131744384766,
          "reference_expected_action_loss_bb": 1.9314876428189787e-9,
          "reference_probabilities": [
            1.1964067958558644e-8,
            1.0
          ]
        },
        {
          "action_values_bb": [
            -0.5,
            -0.04550119680488572
          ],
          "candidate_probabilities": [
            1.1964067958558644e-8,
            1.0
          ],
          "class_index": 76,
          "conditional_hand_mass": 0.009049773810439787,
          "expected_action_loss_bb": 5.437654568509918e-9,
          "hand": "K7o",
          "probability_on_actions_losing_over_0_1bb": 1.1964067958558644e-8,
          "reference_expected_action_loss_bb": 5.437654568509918e-9,
          "reference_probabilities": [
            1.1964067958558644e-8,
            1.0
          ]
        },
        {
          "action_values_bb": [
            -0.5,
            0.05899071156522366
          ],
          "candidate_probabilities": [
            1.1964067958558644e-8,
            1.0
          ],
          "class_index": 77,
          "conditional_hand_mass": 0.009049773810439787,
          "expected_action_loss_bb": 6.687802861369389e-9,
          "hand": "A7o",
          "probability_on_actions_losing_over_0_1bb": 1.1964067958558644e-8,
          "reference_expected_action_loss_bb": 6.687802861369389e-9,
          "reference_probabilities": [
            1.1964067958558644e-8,
            1.0
          ]
        },
        {
          "action_values_bb": [
            -0.5,
            -0.6763550078670907
          ],
          "candidate_probabilities": [
            0.9999967813491821,
            3.1967922495823586e-6
          ],
          "class_index": 78,
          "conditional_hand_mass": 0.0030165911925363843,
          "expected_action_loss_bb": 5.637703223245514e-7,
          "hand": "82s",
          "probability_on_actions_losing_over_0_1bb": 3.1967922495823586e-6,
          "reference_expected_action_loss_bb": 1.0782963351733754e-6,
          "reference_probabilities": [
            0.9999938011169434,
            6.114350526331691e-6
          ]
        },
        {
          "action_values_bb": [
            -0.5,
            -0.7532224569216417
          ],
          "candidate_probabilities": [
            0.9999927878379822,
            7.289838322321884e-6
          ],
          "class_index": 79,
          "conditional_hand_mass": 0.0030165911925363843,
          "expected_action_loss_bb": 1.845950770539886e-6,
          "hand": "83s",
          "probability_on_actions_losing_over_0_1bb": 7.289838322321884e-6,
          "reference_expected_action_loss_bb": 3.4462267672526724e-6,
          "reference_probabilities": [
            0.9999863505363464,
            0.000013609483175969217
          ]
        },
        {
          "action_values_bb": [
            -0.5,
            -0.5288717099315018
          ],
          "candidate_probabilities": [
            0.9999518394470215,
            0.00004822969640372321
          ],
          "class_index": 80,
          "conditional_hand_mass": 0.0030165911925363843,
          "expected_action_loss_bb": 1.3924738046526915e-6,
          "hand": "84s",
          "probability_on_actions_losing_over_0_1bb": -0.0,
          "reference_expected_action_loss_bb": 8.553087362607024e-6,
          "reference_probabilities": [
            0.9997037649154663,
            0.0002962445723824203
          ]
        },
        {
          "action_values_bb": [
            -0.5,
            -0.43382453675058963
          ],
          "candidate_probabilities": [
            0.9999337792396545,
            0.00006624167872359976
          ],
          "class_index": 81,
          "conditional_hand_mass": 0.0030165911925363843,
          "expected_action_loss_bb": 0.06617108105991779,
          "hand": "85s",
          "probability_on_actions_losing_over_0_1bb": -0.0,
          "reference_expected_action_loss_bb": 7.917279158319008e-10,
          "reference_probabilities": [
            1.1964070623093903e-8,
            1.0
          ]
        },
        {
          "action_values_bb": [
            -0.5,
            -0.46775404400714915
          ],
          "candidate_probabilities": [
            1.1964070623093903e-8,
            1.0
          ],
          "class_index": 82,
          "conditional_hand_mass": 0.0030165911925363843,
          "expected_action_loss_bb": 3.8579289480764565e-10,
          "hand": "86s",
          "probability_on_actions_losing_over_0_1bb": -0.0,
          "reference_expected_action_loss_bb": 5.907705893578483e-6,
          "reference_probabilities": [
            0.0001832076522987336,
            0.9998167753219604
          ]
        },
        {
          "action_values_bb": [
            -0.5,
            -0.35785121272225706
          ],
          "candidate_probabilities": [
            1.1964070623093903e-8,
            1.0
          ],
          "class_index": 83,
          "conditional_hand_mass": 0.0030165911925363843,
          "expected_action_loss_bb": 1.7006781299780687e-9,
          "hand": "87s",
          "probability_on_actions_losing_over_0_1bb": 1.1964070623093903e-8,
          "reference_expected_action_loss_bb": 1.7006781299780687e-9,
          "reference_probabilities": [
            1.1964070623093903e-8,
            1.0
          ]
        },
        {
          "action_values_bb": [
            -0.5,
            0.690124936464182
          ],
          "candidate_probabilities": [
            1.1964067958558644e-8,
            1.0
          ],
          "class_index": 84,
          "conditional_hand_mass": 0.0045248869052198935,
          "expected_action_loss_bb": 1.4238735619032764e-8,
          "hand": "88",
          "probability_on_actions_losing_over_0_1bb": 1.1964067958558644e-8,
          "reference_expected_action_loss_bb": 1.4238735619032764e-8,
          "reference_probabilities": [
            1.1964067958558644e-8,
            1.0
          ]
        },
        {
          "action_values_bb": [
            -0.5,
            -0.4858713169933102
          ],
          "candidate_probabilities": [
            1.1964067958558644e-8,
            1.0
          ],
          "class_index": 85,
          "conditional_hand_mass": 0.009049773810439787,
          "expected_action_loss_bb": 1.6903652365696934e-10,
          "hand": "98o",
          "probability_on_actions_losing_over_0_1bb": -0.0,
          "reference_expected_action_loss_bb": 0.000029089617268263212,
          "reference_probabilities": [
            0.0020589050836861134,
            0.9979411363601685
          ]
        },
        {
          "action_values_bb": [
            -0.5,
            -0.5052216603518703
          ],
          "candidate_probabilities": [
            1.1964067958558644e-8,
            1.0
          ],
          "class_index": 86,
          "conditional_hand_mass": 0.009049773810439787,
          "expected_action_loss_bb": 0.0052216603518703275,
          "hand": "T8o",
          "probability_on_actions_losing_over_0_1bb": -0.0,
          "reference_expected_action_loss_bb": 0.0018663798289785306,
          "reference_probabilities": [
            0.6425696015357971,
            0.3574303388595581
          ]
        },
        {
          "action_values_bb": [
            -0.5,
            -0.3517033033541565
          ],
          "candidate_probabilities": [
            0.9994087219238281,
            0.000591265328694135
          ],
          "class_index": 87,
          "conditional_hand_mass": 0.009049773810439787,
          "expected_action_loss_bb": 0.1482090120603481,
          "hand": "J8o",
          "probability_on_actions_losing_over_0_1bb": 0.9994087219238281,
          "reference_expected_action_loss_bb": 1.7742317567006273e-9,
          "reference_probabilities": [
            1.1964067958558644e-8,
            1.0
          ]
        },
        {
          "action_values_bb": [
            -0.5,
            -0.11989797192880412
          ],
          "candidate_probabilities": [
            1.1964067958558644e-8,
            1.0
          ],
          "class_index": 88,
          "conditional_hand_mass": 0.009049773810439787,
          "expected_action_loss_bb": 4.5475664950297525e-9,
          "hand": "Q8o",
          "probability_on_actions_losing_over_0_1bb": 1.1964067958558644e-8,
          "reference_expected_action_loss_bb": 4.5475664950297525e-9,
          "reference_probabilities": [
            1.1964067958558644e-8,
            1.0
          ]
        },
        {
          "action_values_bb": [
            -0.5,
            0.2229574072705749
          ],
          "candidate_probabilities": [
            1.1964067958558644e-8,
            1.0
          ],
          "class_index": 89,
          "conditional_hand_mass": 0.009049773810439787,
          "expected_action_loss_bb": 8.649511551728517e-9,
          "hand": "K8o",
          "probability_on_actions_losing_over_0_1bb": 1.1964067958558644e-8,
          "reference_expected_action_loss_bb": 8.649511551728517e-9,
          "reference_probabilities": [
            1.1964067958558644e-8,
            1.0
          ]
        },
        {
          "action_values_bb": [
            -0.5,
            0.256070995858591
          ],
          "candidate_probabilities": [
            1.1964067958558644e-8,
            1.0
          ],
          "class_index": 90,
          "conditional_hand_mass": 0.009049773810439787,
          "expected_action_loss_bb": 9.045684775947293e-9,
          "hand": "A8o",
          "probability_on_actions_losing_over_0_1bb": 1.1964067958558644e-8,
          "reference_expected_action_loss_bb": 9.045684775947293e-9,
          "reference_probabilities": [
            1.1964067958558644e-8,
            1.0
          ]
        },
        {
          "action_values_bb": [
            -0.5,
            -0.5774542706456238
          ],
          "candidate_probabilities": [
            0.9999988079071045,
            1.1853072692247224e-6
          ],
          "class_index": 91,
          "conditional_hand_mass": 0.0030165911925363843,
          "expected_action_loss_bb": 9.180711002875695e-8,
          "hand": "92s",
          "probability_on_actions_losing_over_0_1bb": -0.0,
          "reference_expected_action_loss_bb": 6.851410454295728e-7,
          "reference_probabilities": [
            0.9999911189079285,
            8.845749107422307e-6
          ]
        },
        {
          "action_values_bb": [
            -0.5,
            -0.5080505874395287
          ],
          "candidate_probabilities": [
            2.5352173338433204e-7,
            0.9999997615814209
          ],
          "class_index": 92,
          "conditional_hand_mass": 0.0030165911925363843,
          "expected_action_loss_bb": 0.00805058552011907,
          "hand": "93s",
          "probability_on_actions_losing_over_0_1bb": -0.0,
          "reference_expected_action_loss_bb": 0.0038009015394480034,
          "reference_probabilities": [
            0.5278728008270264,
            0.472127228975296
          ]
        },
        {
          "action_values_bb": [
            -0.5,
            -0.4709071034687861
          ],
          "candidate_probabilities": [
            0.9999822974205017,
            0.000017645548723521642
          ],
          "class_index": 93,
          "conditional_hand_mass": 0.0030165911925363843,
          "expected_action_loss_bb": 0.029092381511900207,
          "hand": "94s",
          "probability_on_actions_losing_over_0_1bb": -0.0,
          "reference_expected_action_loss_bb": 0.00004002780204333088,
          "reference_probabilities": [
            0.0013758616987615824,
            0.9986241459846497
          ]
        },
        {
          "action_values_bb": [
            -0.5,
            -0.35401787408605495
          ],
          "candidate_probabilities": [
            1.1964070623093903e-8,
            1.0
          ],
          "class_index": 94,
          "conditional_hand_mass": 0.0030165911925363843,
          "expected_action_loss_bb": 1.7465404641438252e-9,
          "hand": "95s",
          "probability_on_actions_losing_over_0_1bb": 1.1964070623093903e-8,
          "reference_expected_action_loss_bb": 1.7465404641438252e-9,
          "reference_probabilities": [
            1.1964070623093903e-8,
            1.0
          ]
        },
        {
          "action_values_bb": [
            -0.5,
            -0.33403830809912843
          ],
          "candidate_probabilities": [
            1.1964070623093903e-8,
            1.0
          ],
          "class_index": 95,
          "conditional_hand_mass": 0.0030165911925363843,
          "expected_action_loss_bb": 1.985577402630179e-9,
          "hand": "96s",
          "probability_on_actions_losing_over_0_1bb": 1.1964070623093903e-8,
          "reference_expected_action_loss_bb": 1.985577402630179e-9,
          "reference_probabilities": [
            1.1964070623093903e-8,
            1.0
          ]
        },
        {
          "action_values_bb": [
            -0.5,
            -0.32755566061955566
          ],
          "candidate_probabilities": [
            0.9992682933807373,
            0.0007316924748010933
          ],
          "class_index": 96,
          "conditional_hand_mass": 0.0030165911925363843,
          "expected_action_loss_bb": 0.17231816071586528,
          "hand": "97s",
          "probability_on_actions_losing_over_0_1bb": 0.9992682933807373,
          "reference_expected_action_loss_bb": 2.0631362549004095e-9,
          "reference_probabilities": [
            1.1964070623093903e-8,
            1.0
          ]
        },
        {
          "action_values_bb": [
            -0.5,
            -0.23122935661126176
          ],
          "candidate_probabilities": [
            1.1964070623093903e-8,
            1.0
          ],
          "class_index": 97,
          "conditional_hand_mass": 0.0030165911925363843,
          "expected_action_loss_bb": 3.2155909589172506e-9,
          "hand": "98s",
          "probability_on_actions_losing_over_0_1bb": 1.1964070623093903e-8,
          "reference_expected_action_loss_bb": 3.2155909589172506e-9,
          "reference_probabilities": [
            1.1964070623093903e-8,
            1.0
          ]
        },
        {
          "action_values_bb": [
            -0.5,
            0.917650743247454
          ],
          "candidate_probabilities": [
            1.1964067958558644e-8,
            1.0
          ],
          "class_index": 98,
          "conditional_hand_mass": 0.0045248869052198935,
          "expected_action_loss_bb": 1.696086983371371e-8,
          "hand": "99",
          "probability_on_actions_losing_over_0_1bb": 1.1964067958558644e-8,
          "reference_expected_action_loss_bb": 1.696086983371371e-8,
          "reference_probabilities": [
            1.1964067958558644e-8,
            1.0
          ]
        },
        {
          "action_values_bb": [
            -0.5,
            -0.17020580565082458
          ],
          "candidate_probabilities": [
            1.1964067958558644e-8,
            1.0
          ],
          "class_index": 99,
          "conditional_hand_mass": 0.009049773810439787,
          "expected_action_loss_bb": 3.945680153531632e-9,
          "hand": "T9o",
          "probability_on_actions_losing_over_0_1bb": 1.1964067958558644e-8,
          "reference_expected_action_loss_bb": 3.945680153531632e-9,
          "reference_probabilities": [
            1.1964067958558644e-8,
            1.0
          ]
        },
        {
          "action_values_bb": [
            -0.5,
            -0.11634142331977289
          ],
          "candidate_probabilities": [
            1.1964067958558644e-8,
            1.0
          ],
          "class_index": 100,
          "conditional_hand_mass": 0.009049773810439787,
          "expected_action_loss_bb": 4.59011728428612e-9,
          "hand": "J9o",
          "probability_on_actions_losing_over_0_1bb": 1.1964067958558644e-8,
          "reference_expected_action_loss_bb": 4.59011728428612e-9,
          "reference_probabilities": [
            1.1964067958558644e-8,
            1.0
          ]
        },
        {
          "action_values_bb": [
            -0.5,
            -0.036546007338644444
          ],
          "candidate_probabilities": [
            1.1964067958558644e-8,
            1.0
          ],
          "class_index": 101,
          "conditional_hand_mass": 0.009049773810439787,
          "expected_action_loss_bb": 5.544795063865797e-9,
          "hand": "Q9o",
          "probability_on_actions_losing_over_0_1bb": 1.1964067958558644e-8,
          "reference_expected_action_loss_bb": 5.544795063865797e-9,
          "reference_probabilities": [
            1.1964067958558644e-8,
            1.0
          ]
        },
        {
          "action_values_bb": [
            -0.5,
            0.20016142633671077
          ],
          "candidate_probabilities": [
            1.1964067958558644e-8,
            1.0
          ],
          "class_index": 102,
          "conditional_hand_mass": 0.009049773810439787,
          "expected_action_loss_bb": 8.376778886653759e-9,
          "hand": "K9o",
          "probability_on_actions_losing_over_0_1bb": 1.1964067958558644e-8,
          "reference_expected_action_loss_bb": 8.376778886653759e-9,
          "reference_probabilities": [
            1.1964067958558644e-8,
            1.0
          ]
        },
        {
          "action_values_bb": [
            -0.5,
            0.24817776337968567
          ],
          "candidate_probabilities": [
            1.1964067958558644e-8,
            1.0
          ],
          "class_index": 103,
          "conditional_hand_mass": 0.009049773810439787,
          "expected_action_loss_bb": 8.951249606156969e-9,
          "hand": "A9o",
          "probability_on_actions_losing_over_0_1bb": 1.1964067958558644e-8,
          "reference_expected_action_loss_bb": 8.951249606156969e-9,
          "reference_probabilities": [
            1.1964067958558644e-8,
            1.0
          ]
        },
        {
          "action_values_bb": [
            -0.5,
            -0.5619924639661303
          ],
          "candidate_probabilities": [
            0.9999992847442627,
            7.064037390591693e-7
          ],
          "class_index": 104,
          "conditional_hand_mass": 0.0030165911925363843,
          "expected_action_loss_bb": 4.379170833916529e-8,
          "hand": "T2s",
          "probability_on_actions_losing_over_0_1bb": -0.0,
          "reference_expected_action_loss_bb": 0.00002447150761224379,
          "reference_probabilities": [
            0.9996052980422974,
            0.0003947497170884162
          ]
        },
        {
          "action_values_bb": [
            -0.5,
            -0.6103104947979734
          ],
          "candidate_probabilities": [
            1.1964070623093903e-8,
            1.0
          ],
          "class_index": 105,
          "conditional_hand_mass": 0.0030165911925363843,
          "expected_action_loss_bb": 0.11031049479797339,
          "hand": "T3s",
          "probability_on_actions_losing_over_0_1bb": 1.0,
          "reference_expected_action_loss_bb": 0.00006689473251293911,
          "reference_probabilities": [
            0.9993935823440552,
            0.0006064221961423755
          ]
        },
        {
          "action_values_bb": [
            -0.5,
            -0.4887865362178485
          ],
          "candidate_probabilities": [
            1.1964070623093903e-8,
            1.0
          ],
          "class_index": 106,
          "conditional_hand_mass": 0.0030165911925363843,
          "expected_action_loss_bb": 1.3415867261916608e-10,
          "hand": "T4s",
          "probability_on_actions_losing_over_0_1bb": -0.0,
          "reference_expected_action_loss_bb": 0.00007160651364971588,
          "reference_probabilities": [
            0.006385762244462967,
            0.9936141967773438
          ]
        },
        {
          "action_values_bb": [
            -0.5,
            -0.4129218114354217
          ],
          "candidate_probabilities": [
            1.1964070623093903e-8,
            1.0
          ],
          "class_index": 107,
          "conditional_hand_mass": 0.0030165911925363843,
          "expected_action_loss_bb": 1.0418095977177024e-9,
          "hand": "T5s",
          "probability_on_actions_losing_over_0_1bb": -0.0,
          "reference_expected_action_loss_bb": 1.0418095977177024e-9,
          "reference_probabilities": [
            1.1964070623093903e-8,
            1.0
          ]
        },
        {
          "action_values_bb": [
            -0.5,
            -0.35707453966497615
          ],
          "candidate_probabilities": [
            1.1964070623093903e-8,
            1.0
          ],
          "class_index": 108,
          "conditional_hand_mass": 0.0030165911925363843,
          "expected_action_loss_bb": 1.7099703012864316e-9,
          "hand": "T6s",
          "probability_on_actions_losing_over_0_1bb": 1.1964070623093903e-8,
          "reference_expected_action_loss_bb": 1.7099703012864316e-9,
          "reference_probabilities": [
            1.1964070623093903e-8,
            1.0
          ]
        },
        {
          "action_values_bb": [
            -0.5,
            -0.29834699939582354
          ],
          "candidate_probabilities": [
            1.1964070623093903e-8,
            1.0
          ],
          "class_index": 109,
          "conditional_hand_mass": 0.0030165911925363843,
          "expected_action_loss_bb": 2.4125907405871645e-9,
          "hand": "T7s",
          "probability_on_actions_losing_over_0_1bb": 1.1964070623093903e-8,
          "reference_expected_action_loss_bb": 2.4125907405871645e-9,
          "reference_probabilities": [
            1.1964070623093903e-8,
            1.0
          ]
        },
        {
          "action_values_bb": [
            -0.5,
            -0.2734222891756879
          ],
          "candidate_probabilities": [
            1.1964070623093903e-8,
            1.0
          ],
          "class_index": 110,
          "conditional_hand_mass": 0.0030165911925363843,
          "expected_action_loss_bb": 2.710791733921018e-9,
          "hand": "T8s",
          "probability_on_actions_losing_over_0_1bb": 1.1964070623093903e-8,
          "reference_expected_action_loss_bb": 2.710791733921018e-9,
          "reference_probabilities": [
            1.1964070623093903e-8,
            1.0
          ]
        },
        {
          "action_values_bb": [
            -0.5,
            0.02080729422086352
          ],
          "candidate_probabilities": [
            1.1964070623093903e-8,
            1.0
          ],
          "class_index": 111,
          "conditional_hand_mass": 0.0030165911925363843,
          "expected_action_loss_bb": 6.230975249080856e-9,
          "hand": "T9s",
          "probability_on_actions_losing_over_0_1bb": 1.1964070623093903e-8,
          "reference_expected_action_loss_bb": 6.230975249080856e-9,
          "reference_probabilities": [
            1.1964070623093903e-8,
            1.0
          ]
        },
        {
          "action_values_bb": [
            -0.5,
            1.0865681490069306
          ],
          "candidate_probabilities": [
            1.1964067958558644e-8,
            1.0
          ],
          "class_index": 112,
          "conditional_hand_mass": 0.0045248869052198935,
          "expected_action_loss_bb": 1.8981809155603515e-8,
          "hand": "TT",
          "probability_on_actions_losing_over_0_1bb": 1.1964067958558644e-8,
          "reference_expected_action_loss_bb": 1.8981809155603515e-8,
          "reference_probabilities": [
            1.1964067958558644e-8,
            1.0
          ]
        },
        {
          "action_values_bb": [
            -0.5,
            0.0335236734523227
          ],
          "candidate_probabilities": [
            1.1964067958558644e-8,
            1.0
          ],
          "class_index": 113,
          "conditional_hand_mass": 0.009049773810439787,
          "expected_action_loss_bb": 6.383113486683438e-9,
          "hand": "JTo",
          "probability_on_actions_losing_over_0_1bb": 1.1964067958558644e-8,
          "reference_expected_action_loss_bb": 6.383113486683438e-9,
          "reference_probabilities": [
            1.1964067958558644e-8,
            1.0
          ]
        },
        {
          "action_values_bb": [
            -0.5,
            0.06188522330643245
          ],
          "candidate_probabilities": [
            1.1964067958558644e-8,
            1.0
          ],
          "class_index": 114,
          "conditional_hand_mass": 0.009049773810439787,
          "expected_action_loss_bb": 6.722432996548057e-9,
          "hand": "QTo",
          "probability_on_actions_losing_over_0_1bb": 1.1964067958558644e-8,
          "reference_expected_action_loss_bb": 6.722432996548057e-9,
          "reference_probabilities": [
            1.1964067958558644e-8,
            1.0
          ]
        },
        {
          "action_values_bb": [
            -0.5,
            0.3370253132658756
          ],
          "candidate_probabilities": [
            1.1964067958558644e-8,
            1.0
          ],
          "class_index": 115,
          "conditional_hand_mass": 0.009049773810439787,
          "expected_action_loss_bb": 1.0014227730946773e-8,
          "hand": "KTo",
          "probability_on_actions_losing_over_0_1bb": 1.1964067958558644e-8,
          "reference_expected_action_loss_bb": 1.0014227730946773e-8,
          "reference_probabilities": [
            1.1964067958558644e-8,
            1.0
          ]
        },
        {
          "action_values_bb": [
            -0.5,
            0.3814893418035486
          ],
          "candidate_probabilities": [
            1.1964067958558644e-8,
            1.0
          ],
          "class_index": 116,
          "conditional_hand_mass": 0.009049773810439787,
          "expected_action_loss_bb": 1.0546198390082784e-8,
          "hand": "ATo",
          "probability_on_actions_losing_over_0_1bb": 1.1964067958558644e-8,
          "reference_expected_action_loss_bb": 1.0546198390082784e-8,
          "reference_probabilities": [
            1.1964067958558644e-8,
            1.0
          ]
        },
        {
          "action_values_bb": [
            -0.5,
            -0.49855341246615914
          ],
          "candidate_probabilities": [
            1.1964070623093903e-8,
            1.0
          ],
          "class_index": 117,
          "conditional_hand_mass": 0.0030165911925363843,
          "expected_action_loss_bb": 1.7307075417359285e-11,
          "hand": "J2s",
          "probability_on_actions_losing_over_0_1bb": -0.0,
          "reference_expected_action_loss_bb": 0.0012224260015846306,
          "reference_probabilities": [
            0.8450411558151245,
            0.15495888888835907
          ]
        },
        {
          "action_values_bb": [
            -0.5,
            -0.6431395472261657
          ],
          "candidate_probabilities": [
            1.1964070623093903e-8,
            1.0
          ],
          "class_index": 118,
          "conditional_hand_mass": 0.0030165911925363843,
          "expected_action_loss_bb": 0.14313954722616573,
          "hand": "J3s",
          "probability_on_actions_losing_over_0_1bb": 1.0,
          "reference_expected_action_loss_bb": 0.00021437465023098362,
          "reference_probabilities": [
            0.9985023736953735,
            0.0014976619277149439
          ]
        },
        {
          "action_values_bb": [
            -0.5,
            -0.4253335920782679
          ],
          "candidate_probabilities": [
            1.1964070623093903e-8,
            1.0
          ],
          "class_index": 119,
          "conditional_hand_mass": 0.0030165911925363843,
          "expected_action_loss_bb": 8.933141775483412e-10,
          "hand": "J4s",
          "probability_on_actions_losing_over_0_1bb": -0.0,
          "reference_expected_action_loss_bb": 8.933141775483412e-10,
          "reference_probabilities": [
            1.1964070623093903e-8,
            1.0
          ]
        },
        {
          "action_values_bb": [
            -0.5,
            -0.32299144642888605
          ],
          "candidate_probabilities": [
            1.1964070623093903e-8,
            1.0
          ],
          "class_index": 120,
          "conditional_hand_mass": 0.0030165911925363843,
          "expected_action_loss_bb": 2.1177428358165076e-9,
          "hand": "J5s",
          "probability_on_actions_losing_over_0_1bb": 1.1964070623093903e-8,
          "reference_expected_action_loss_bb": 2.1177428358165076e-9,
          "reference_probabilities": [
            1.1964070623093903e-8,
            1.0
          ]
        },
        {
          "action_values_bb": [
            -0.5,
            -0.3121524703611271
          ],
          "candidate_probabilities": [
            1.1964070623093903e-8,
            1.0
          ],
          "class_index": 121,
          "conditional_hand_mass": 0.0030165911925363843,
          "expected_action_loss_bb": 2.2474211109732006e-9,
          "hand": "J6s",
          "probability_on_actions_losing_over_0_1bb": 1.1964070623093903e-8,
          "reference_expected_action_loss_bb": 2.2474211109732006e-9,
          "reference_probabilities": [
            1.1964070623093903e-8,
            1.0
          ]
        },
        {
          "action_values_bb": [
            -0.5,
            -0.28935900938555176
          ],
          "candidate_probabilities": [
            1.1964070623093903e-8,
            1.0
          ],
          "class_index": 122,
          "conditional_hand_mass": 0.0030165911925363843,
          "expected_action_loss_bb": 2.5201236878297187e-9,
          "hand": "J7s",
          "probability_on_actions_losing_over_0_1bb": 1.1964070623093903e-8,
          "reference_expected_action_loss_bb": 2.5201236878297187e-9,
          "reference_probabilities": [
            1.1964070623093903e-8,
            1.0
          ]
        },
        {
          "action_values_bb": [
            -0.5,
            -0.14723262782389812
          ],
          "candidate_probabilities": [
            1.1964070623093903e-8,
            1.0
          ],
          "class_index": 123,
          "conditional_hand_mass": 0.0030165911925363843,
          "expected_action_loss_bb": 4.220533754238134e-9,
          "hand": "J8s",
          "probability_on_actions_losing_over_0_1bb": 1.1964070623093903e-8,
          "reference_expected_action_loss_bb": 4.220533754238134e-9,
          "reference_probabilities": [
            1.1964070623093903e-8,
            1.0
          ]
        },
        {
          "action_values_bb": [
            -0.5,
            0.0686968239497537
          ],
          "candidate_probabilities": [
            1.1964070623093903e-8,
            1.0
          ],
          "class_index": 124,
          "conditional_hand_mass": 0.0030165911925363843,
          "expected_action_loss_bb": 6.803928964864054e-9,
          "hand": "J9s",
          "probability_on_actions_losing_over_0_1bb": 1.1964070623093903e-8,
          "reference_expected_action_loss_bb": 6.803928964864054e-9,
          "reference_probabilities": [
            1.1964070623093903e-8,
            1.0
          ]
        },
        {
          "action_values_bb": [
            -0.5,
            0.2533092749628602
          ],
          "candidate_probabilities": [
            1.1964070623093903e-8,
            1.0
          ],
          "class_index": 125,
          "conditional_hand_mass": 0.0030165911925363843,
          "expected_action_loss_bb": 9.012645366687325e-9,
          "hand": "JTs",
          "probability_on_actions_losing_over_0_1bb": 1.1964070623093903e-8,
          "reference_expected_action_loss_bb": 9.012645366687325e-9,
          "reference_probabilities": [
            1.1964070623093903e-8,
            1.0
          ]
        },
        {
          "action_values_bb": [
            -0.5,
            1.3914207822844566
          ],
          "candidate_probabilities": [
            1.1964067958558644e-8,
            1.0
          ],
          "class_index": 126,
          "conditional_hand_mass": 0.0045248869052198935,
          "expected_action_loss_bb": 2.2629086777481392e-8,
          "hand": "JJ",
          "probability_on_actions_losing_over_0_1bb": 1.1964067958558644e-8,
          "reference_expected_action_loss_bb": 2.2629086777481392e-8,
          "reference_probabilities": [
            1.1964067958558644e-8,
            1.0
          ]
        },
        {
          "action_values_bb": [
            -0.5,
            0.161032061845649
          ],
          "candidate_probabilities": [
            1.1964067958558644e-8,
            1.0
          ],
          "class_index": 127,
          "conditional_hand_mass": 0.009049773810439787,
          "expected_action_loss_bb": 7.908632510707486e-9,
          "hand": "QJo",
          "probability_on_actions_losing_over_0_1bb": 1.1964067958558644e-8,
          "reference_expected_action_loss_bb": 7.908632510707486e-9,
          "reference_probabilities": [
            1.1964067958558644e-8,
            1.0
          ]
        },
        {
          "action_values_bb": [
            -0.5,
            0.485800232256886
          ],
          "candidate_probabilities": [
            1.1964067958558644e-8,
            1.0
          ],
          "class_index": 128,
          "conditional_hand_mass": 0.009049773810439787,
          "expected_action_loss_bb": 1.1794180972284279e-8,
          "hand": "KJo",
          "probability_on_actions_losing_over_0_1bb": 1.1964067958558644e-8,
          "reference_expected_action_loss_bb": 1.1794180972284279e-8,
          "reference_probabilities": [
            1.1964067958558644e-8,
            1.0
          ]
        },
        {
          "action_values_bb": [
            -0.5,
            0.445352403676457
          ],
          "candidate_probabilities": [
            1.1964067958558644e-8,
            1.0
          ],
          "class_index": 129,
          "conditional_hand_mass": 0.009049773810439787,
          "expected_action_loss_bb": 1.1310260402371896e-8,
          "hand": "AJo",
          "probability_on_actions_losing_over_0_1bb": 1.1964067958558644e-8,
          "reference_expected_action_loss_bb": 1.1310260402371896e-8,
          "reference_probabilities": [
            1.1964067958558644e-8,
            1.0
          ]
        },
        {
          "action_values_bb": [
            -0.5,
            -0.26905239663810393
          ],
          "candidate_probabilities": [
            0.999906599521637,
            0.00009345139551442116
          ],
          "class_index": 130,
          "conditional_hand_mass": 0.0030165911925363843,
          "expected_action_loss_bb": 0.23092603274526527,
          "hand": "Q2s",
          "probability_on_actions_losing_over_0_1bb": 0.999906599521637,
          "reference_expected_action_loss_bb": 2.7630734368560036e-9,
          "reference_probabilities": [
            1.1964070623093903e-8,
            1.0
          ]
        },
        {
          "action_values_bb": [
            -0.5,
            -0.2867740580856083
          ],
          "candidate_probabilities": [
            0.0004525827243924141,
            0.9995473623275757
          ],
          "class_index": 131,
          "conditional_hand_mass": 0.0030165911925363843,
          "expected_action_loss_bb": 0.00009650237770275403,
          "hand": "Q3s",
          "probability_on_actions_losing_over_0_1bb": 0.0004525827243924141,
          "reference_expected_action_loss_bb": 2.551050227739501e-9,
          "reference_probabilities": [
            1.1964070623093903e-8,
            1.0
          ]
        },
        {
          "action_values_bb": [
            -0.5,
            -0.2660434130525425
          ],
          "candidate_probabilities": [
            0.00037106676609255373,
            0.9996289014816284
          ],
          "class_index": 132,
          "conditional_hand_mass": 0.0030165911925363843,
          "expected_action_loss_bb": 0.00008681351412464443,
          "hand": "Q4s",
          "probability_on_actions_losing_over_0_1bb": 0.00037106676609255373,
          "reference_expected_action_loss_bb": 2.799073128977391e-9,
          "reference_probabilities": [
            1.1964070623093903e-8,
            1.0
          ]
        },
        {
          "action_values_bb": [
            -0.5,
            -0.06912859141168413
          ],
          "candidate_probabilities": [
            1.1964070623093903e-8,
            1.0
          ],
          "class_index": 133,
          "conditional_hand_mass": 0.0030165911925363843,
          "expected_action_loss_bb": 5.1549759618225594e-9,
          "hand": "Q5s",
          "probability_on_actions_losing_over_0_1bb": 1.1964070623093903e-8,
          "reference_expected_action_loss_bb": 5.1549759618225594e-9,
          "reference_probabilities": [
            1.1964070623093903e-8,
            1.0
          ]
        },
        {
          "action_values_bb": [
            -0.5,
            -0.12284049435358424
          ],
          "candidate_probabilities": [
            1.1964070623093903e-8,
            1.0
          ],
          "class_index": 134,
          "conditional_hand_mass": 0.0030165911925363843,
          "expected_action_loss_bb": 4.512362961724902e-9,
          "hand": "Q6s",
          "probability_on_actions_losing_over_0_1bb": 1.1964070623093903e-8,
          "reference_expected_action_loss_bb": 4.512362961724902e-9,
          "reference_probabilities": [
            1.1964070623093903e-8,
            1.0
          ]
        },
        {
          "action_values_bb": [
            -0.5,
            -0.1446566935920923
          ],
          "candidate_probabilities": [
            0.00028172656311653554,
            0.9997182488441467
          ],
          "class_index": 135,
          "conditional_hand_mass": 0.0030165911925363843,
          "expected_action_loss_bb": 0.00010010964844076583,
          "hand": "Q7s",
          "probability_on_actions_losing_over_0_1bb": 0.00028172656311653554,
          "reference_expected_action_loss_bb": 4.2513524133079035e-9,
          "reference_probabilities": [
            1.1964070623093903e-8,
            1.0
          ]
        },
        {
          "action_values_bb": [
            -0.5,
            0.15643291884182892
          ],
          "candidate_probabilities": [
            1.1964070623093903e-8,
            1.0
          ],
          "class_index": 136,
          "conditional_hand_mass": 0.0030165911925363843,
          "expected_action_loss_bb": 7.85360980034731e-9,
          "hand": "Q8s",
          "probability_on_actions_losing_over_0_1bb": 1.1964070623093903e-8,
          "reference_expected_action_loss_bb": 7.85360980034731e-9,
          "reference_probabilities": [
            1.1964070623093903e-8,
            1.0
          ]
        },
        {
          "action_values_bb": [
            -0.5,
            0.1772112349119141
          ],
          "candidate_probabilities": [
            1.1964070623093903e-8,
            1.0
          ],
          "class_index": 137,
          "conditional_hand_mass": 0.0030165911925363843,
          "expected_action_loss_bb": 8.102203041238776e-9,
          "hand": "Q9s",
          "probability_on_actions_losing_over_0_1bb": 1.1964070623093903e-8,
          "reference_expected_action_loss_bb": 8.102203041238776e-9,
          "reference_probabilities": [
            1.1964070623093903e-8,
            1.0
          ]
        },
        {
          "action_values_bb": [
            -0.5,
            0.30500461963136033
          ],
          "candidate_probabilities": [
            1.1964070623093903e-8,
            1.0
          ],
          "class_index": 138,
          "conditional_hand_mass": 0.0030165911925363843,
          "expected_action_loss_bb": 9.631132121186439e-9,
          "hand": "QTs",
          "probability_on_actions_losing_over_0_1bb": 1.1964070623093903e-8,
          "reference_expected_action_loss_bb": 9.631132121186439e-9,
          "reference_probabilities": [
            1.1964070623093903e-8,
            1.0
          ]
        },
        {
          "action_values_bb": [
            -0.5,
            0.29676067469670003
          ],
          "candidate_probabilities": [
            1.1964070623093903e-8,
            1.0
          ],
          "class_index": 139,
          "conditional_hand_mass": 0.0030165911925363843,
          "expected_action_loss_bb": 9.532500981775265e-9,
          "hand": "QJs",
          "probability_on_actions_losing_over_0_1bb": 1.1964070623093903e-8,
          "reference_expected_action_loss_bb": 9.532500981775265e-9,
          "reference_probabilities": [
            1.1964070623093903e-8,
            1.0
          ]
        },
        {
          "action_values_bb": [
            -0.5,
            1.4964316952377346
          ],
          "candidate_probabilities": [
            1.1964067958558644e-8,
            1.0
          ],
          "class_index": 140,
          "conditional_hand_mass": 0.0045248869052198935,
          "expected_action_loss_bb": 2.3885444476444695e-8,
          "hand": "QQ",
          "probability_on_actions_losing_over_0_1bb": 1.1964067958558644e-8,
          "reference_expected_action_loss_bb": 2.3885444476444695e-8,
          "reference_probabilities": [
            1.1964067958558644e-8,
            1.0
          ]
        },
        {
          "action_values_bb": [
            -0.5,
            0.6036975106931691
          ],
          "candidate_probabilities": [
            1.1964067958558644e-8,
            1.0
          ],
          "class_index": 141,
          "conditional_hand_mass": 0.009049773810439787,
          "expected_action_loss_bb": 1.320471202362508e-8,
          "hand": "KQo",
          "probability_on_actions_losing_over_0_1bb": 1.1964067958558644e-8,
          "reference_expected_action_loss_bb": 1.320471202362508e-8,
          "reference_probabilities": [
            1.1964067958558644e-8,
            1.0
          ]
        },
        {
          "action_values_bb": [
            -0.5,
            0.44556521963211415
          ],
          "candidate_probabilities": [
            1.1964067958558644e-8,
            1.0
          ],
          "class_index": 142,
          "conditional_hand_mass": 0.009049773810439787,
          "expected_action_loss_bb": 1.1312806546928044e-8,
          "hand": "AQo",
          "probability_on_actions_losing_over_0_1bb": 1.1964067958558644e-8,
          "reference_expected_action_loss_bb": 1.1312806546928044e-8,
          "reference_probabilities": [
            1.1964067958558644e-8,
            1.0
          ]
        },
        {
          "action_values_bb": [
            -0.5,
            -0.1295253301386398
          ],
          "candidate_probabilities": [
            1.1964070623093903e-8,
            1.0
          ],
          "class_index": 143,
          "conditional_hand_mass": 0.0030165911925363843,
          "expected_action_loss_bb": 4.432385114288712e-9,
          "hand": "K2s",
          "probability_on_actions_losing_over_0_1bb": 1.1964070623093903e-8,
          "reference_expected_action_loss_bb": 4.432385114288712e-9,
          "reference_probabilities": [
            1.1964070623093903e-8,
            1.0
          ]
        },
        {
          "action_values_bb": [
            -0.5,
            -0.07608886411587286
          ],
          "candidate_probabilities": [
            1.1964070623093903e-8,
            1.0
          ],
          "class_index": 144,
          "conditional_hand_mass": 0.0030165911925363843,
          "expected_action_loss_bb": 5.071702767633654e-9,
          "hand": "K3s",
          "probability_on_actions_losing_over_0_1bb": 1.1964070623093903e-8,
          "reference_expected_action_loss_bb": 5.071702767633654e-9,
          "reference_probabilities": [
            1.1964070623093903e-8,
            1.0
          ]
        },
        {
          "action_values_bb": [
            -0.5,
            -0.006073201506864936
          ],
          "candidate_probabilities": [
            1.1964070623093903e-8,
            1.0
          ],
          "class_index": 145,
          "conditional_hand_mass": 0.0030165911925363843,
          "expected_action_loss_bb": 5.909375099810539e-9,
          "hand": "K4s",
          "probability_on_actions_losing_over_0_1bb": 1.1964070623093903e-8,
          "reference_expected_action_loss_bb": 5.909375099810539e-9,
          "reference_probabilities": [
            1.1964070623093903e-8,
            1.0
          ]
        },
        {
          "action_values_bb": [
            -0.5,
            0.08269851201502965
          ],
          "candidate_probabilities": [
            1.1964070623093903e-8,
            1.0
          ],
          "class_index": 146,
          "conditional_hand_mass": 0.0030165911925363843,
          "expected_action_loss_bb": 6.971446149719546e-9,
          "hand": "K5s",
          "probability_on_actions_losing_over_0_1bb": 1.1964070623093903e-8,
          "reference_expected_action_loss_bb": 6.971446149719546e-9,
          "reference_probabilities": [
            1.1964070623093903e-8,
            1.0
          ]
        },
        {
          "action_values_bb": [
            -0.5,
            0.18863241995144325
          ],
          "candidate_probabilities": [
            1.1964070623093903e-8,
            1.0
          ],
          "class_index": 147,
          "conditional_hand_mass": 0.0030165911925363843,
          "expected_action_loss_bb": 8.238846905651127e-9,
          "hand": "K6s",
          "probability_on_actions_losing_over_0_1bb": 1.1964070623093903e-8,
          "reference_expected_action_loss_bb": 8.238846905651127e-9,
          "reference_probabilities": [
            1.1964070623093903e-8,
            1.0
          ]
        },
        {
          "action_values_bb": [
            -0.5,
            0.13481730828310728
          ],
          "candidate_probabilities": [
            1.1964070623093903e-8,
            1.0
          ],
          "class_index": 148,
          "conditional_hand_mass": 0.0030165911925363843,
          "expected_action_loss_bb": 7.594999109061468e-9,
          "hand": "K7s",
          "probability_on_actions_losing_over_0_1bb": 1.1964070623093903e-8,
          "reference_expected_action_loss_bb": 7.594999109061468e-9,
          "reference_probabilities": [
            1.1964070623093903e-8,
            1.0
          ]
        },
        {
          "action_values_bb": [
            -0.5,
            0.41010015935777966
          ],
          "candidate_probabilities": [
            1.1964070623093903e-8,
            1.0
          ],
          "class_index": 149,
          "conditional_hand_mass": 0.0030165911925363843,
          "expected_action_loss_bb": 1.0888502580645492e-8,
          "hand": "K8s",
          "probability_on_actions_losing_over_0_1bb": 1.1964070623093903e-8,
          "reference_expected_action_loss_bb": 1.0888502580645492e-8,
          "reference_probabilities": [
            1.1964070623093903e-8,
            1.0
          ]
        },
        {
          "action_values_bb": [
            -0.5,
            0.45699097346558426
          ],
          "candidate_probabilities": [
            1.1964070623093903e-8,
            1.0
          ],
          "class_index": 150,
          "conditional_hand_mass": 0.0030165911925363843,
          "expected_action_loss_bb": 1.1449507592205634e-8,
          "hand": "K9s",
          "probability_on_actions_losing_over_0_1bb": 1.1964070623093903e-8,
          "reference_expected_action_loss_bb": 1.1449507592205634e-8,
          "reference_probabilities": [
            1.1964070623093903e-8,
            1.0
          ]
        },
        {
          "action_values_bb": [
            -0.5,
            0.48314871023275735
          ],
          "candidate_probabilities": [
            1.1964070623093903e-8,
            1.0
          ],
          "class_index": 151,
          "conditional_hand_mass": 0.0030165911925363843,
          "expected_action_loss_bb": 1.1762460602228392e-8,
          "hand": "KTs",
          "probability_on_actions_losing_over_0_1bb": 1.1964070623093903e-8,
          "reference_expected_action_loss_bb": 1.1762460602228392e-8,
          "reference_probabilities": [
            1.1964070623093903e-8,
            1.0
          ]
        },
        {
          "action_values_bb": [
            -0.5,
            0.6578297207649559
          ],
          "candidate_probabilities": [
            1.1964070623093903e-8,
            1.0
          ],
          "class_index": 152,
          "conditional_hand_mass": 0.0030165911925363843,
          "expected_action_loss_bb": 1.3852356548749026e-8,
          "hand": "KJs",
          "probability_on_actions_losing_over_0_1bb": 1.1964070623093903e-8,
          "reference_expected_action_loss_bb": 1.3852356548749026e-8,
          "reference_probabilities": [
            1.1964070623093903e-8,
            1.0
          ]
        },
        {
          "action_values_bb": [
            -0.5,
            0.7668712522194259
          ],
          "candidate_probabilities": [
            1.1964070623093903e-8,
            1.0
          ],
          "class_index": 153,
          "conditional_hand_mass": 0.0030165911925363843,
          "expected_action_loss_bb": 1.515693713192062e-8,
          "hand": "KQs",
          "probability_on_actions_losing_over_0_1bb": 1.1964070623093903e-8,
          "reference_expected_action_loss_bb": 1.515693713192062e-8,
          "reference_probabilities": [
            1.1964070623093903e-8,
            1.0
          ]
        },
        {
          "action_values_bb": [
            -0.5,
            1.8837104549519548
          ],
          "candidate_probabilities": [
            1.1964067958558644e-8,
            1.0
          ],
          "class_index": 154,
          "conditional_hand_mass": 0.0045248869052198935,
          "expected_action_loss_bb": 2.8518873876571932e-8,
          "hand": "KK",
          "probability_on_actions_losing_over_0_1bb": 1.1964067958558644e-8,
          "reference_expected_action_loss_bb": 2.8518873876571932e-8,
          "reference_probabilities": [
            1.1964067958558644e-8,
            1.0
          ]
        },
        {
          "action_values_bb": [
            -0.5,
            0.6691436761011276
          ],
          "candidate_probabilities": [
            1.1964067958558644e-8,
            1.0
          ],
          "class_index": 155,
          "conditional_hand_mass": 0.009049773810439787,
          "expected_action_loss_bb": 1.3987714394192966e-8,
          "hand": "AKo",
          "probability_on_actions_losing_over_0_1bb": 1.1964067958558644e-8,
          "reference_expected_action_loss_bb": 1.3987714394192966e-8,
          "reference_probabilities": [
            1.1964067958558644e-8,
            1.0
          ]
        },
        {
          "action_values_bb": [
            -0.5,
            0.06585173078185584
          ],
          "candidate_probabilities": [
            1.1964070623093903e-8,
            1.0
          ],
          "class_index": 156,
          "conditional_hand_mass": 0.0030165911925363843,
          "expected_action_loss_bb": 6.769890069274041e-9,
          "hand": "A2s",
          "probability_on_actions_losing_over_0_1bb": 1.1964070623093903e-8,
          "reference_expected_action_loss_bb": 6.769890069274041e-9,
          "reference_probabilities": [
            1.1964070623093903e-8,
            1.0
          ]
        },
        {
          "action_values_bb": [
            -0.5,
            0.29846488961837664
          ],
          "candidate_probabilities": [
            1.1964070623093903e-8,
            1.0
          ],
          "class_index": 157,
          "conditional_hand_mass": 0.0030165911925363843,
          "expected_action_loss_bb": 9.552890329455135e-9,
          "hand": "A3s",
          "probability_on_actions_losing_over_0_1bb": 1.1964070623093903e-8,
          "reference_expected_action_loss_bb": 9.552890329455135e-9,
          "reference_probabilities": [
            1.1964070623093903e-8,
            1.0
          ]
        },
        {
          "action_values_bb": [
            -0.5,
            0.26895718604014984
          ],
          "candidate_probabilities": [
            1.1964070623093903e-8,
            1.0
          ],
          "class_index": 158,
          "conditional_hand_mass": 0.0030165911925363843,
          "expected_action_loss_bb": 9.19985807991991e-9,
          "hand": "A4s",
          "probability_on_actions_losing_over_0_1bb": 1.1964070623093903e-8,
          "reference_expected_action_loss_bb": 9.19985807991991e-9,
          "reference_probabilities": [
            1.1964070623093903e-8,
            1.0
          ]
        },
        {
          "action_values_bb": [
            -0.5,
            0.31021733960947573
          ],
          "candidate_probabilities": [
            1.1964070623093903e-8,
            1.0
          ],
          "class_index": 159,
          "conditional_hand_mass": 0.0030165911925363843,
          "expected_action_loss_bb": 9.693497471143024e-9,
          "hand": "A5s",
          "probability_on_actions_losing_over_0_1bb": 1.1964070623093903e-8,
          "reference_expected_action_loss_bb": 9.693497471143024e-9,
          "reference_probabilities": [
            1.1964070623093903e-8,
            1.0
          ]
        },
        {
          "action_values_bb": [
            -0.5,
            0.2722876505653165
          ],
          "candidate_probabilities": [
            1.1964070623093903e-8,
            1.0
          ],
          "class_index": 160,
          "conditional_hand_mass": 0.0030165911925363843,
          "expected_action_loss_bb": 9.239703992706712e-9,
          "hand": "A6s",
          "probability_on_actions_losing_over_0_1bb": 1.1964070623093903e-8,
          "reference_expected_action_loss_bb": 9.239703992706712e-9,
          "reference_probabilities": [
            1.1964070623093903e-8,
            1.0
          ]
        },
        {
          "action_values_bb": [
            -0.5,
            0.2646716354108571
          ],
          "candidate_probabilities": [
            1.1964070623093903e-8,
            1.0
          ],
          "class_index": 161,
          "conditional_hand_mass": 0.0030165911925363843,
          "expected_action_loss_bb": 9.148585449532207e-9,
          "hand": "A7s",
          "probability_on_actions_losing_over_0_1bb": 1.1964070623093903e-8,
          "reference_expected_action_loss_bb": 9.148585449532207e-9,
          "reference_probabilities": [
            1.1964070623093903e-8,
            1.0
          ]
        },
        {
          "action_values_bb": [
            -0.5,
            0.4948103321620567
          ],
          "candidate_probabilities": [
            1.1964070623093903e-8,
            1.0
          ],
          "class_index": 162,
          "conditional_hand_mass": 0.0030165911925363843,
          "expected_action_loss_bb": 1.190198107057035e-8,
          "hand": "A8s",
          "probability_on_actions_losing_over_0_1bb": 1.1964070623093903e-8,
          "reference_expected_action_loss_bb": 1.190198107057035e-8,
          "reference_probabilities": [
            1.1964070623093903e-8,
            1.0
          ]
        },
        {
          "action_values_bb": [
            -0.5,
            0.43252353706779756
          ],
          "candidate_probabilities": [
            1.1964070623093903e-8,
            1.0
          ],
          "class_index": 163,
          "conditional_hand_mass": 0.0030165911925363843,
          "expected_action_loss_bb": 1.1156777455176455e-8,
          "hand": "A9s",
          "probability_on_actions_losing_over_0_1bb": 1.1964070623093903e-8,
          "reference_expected_action_loss_bb": 1.1156777455176455e-8,
          "reference_probabilities": [
            1.1964070623093903e-8,
            1.0
          ]
        },
        {
          "action_values_bb": [
            -0.5,
            0.512031683282176
          ],
          "candidate_probabilities": [
            1.1964070623093903e-8,
            1.0
          ],
          "class_index": 164,
          "conditional_hand_mass": 0.0030165911925363843,
          "expected_action_loss_bb": 1.2108018531596557e-8,
          "hand": "ATs",
          "probability_on_actions_losing_over_0_1bb": 1.1964070623093903e-8,
          "reference_expected_action_loss_bb": 1.2108018531596557e-8,
          "reference_probabilities": [
            1.1964070623093903e-8,
            1.0
          ]
        },
        {
          "action_values_bb": [
            -0.5,
            0.4899528167392546
          ],
          "candidate_probabilities": [
            1.1964070623093903e-8,
            1.0
          ],
          "class_index": 165,
          "conditional_hand_mass": 0.0030165911925363843,
          "expected_action_loss_bb": 1.1843865412999178e-8,
          "hand": "AJs",
          "probability_on_actions_losing_over_0_1bb": 1.1964070623093903e-8,
          "reference_expected_action_loss_bb": 1.1843865412999178e-8,
          "reference_probabilities": [
            1.1964070623093903e-8,
            1.0
          ]
        },
        {
          "action_values_bb": [
            -0.5,
            0.6669319415800918
          ],
          "candidate_probabilities": [
            1.1964070623093903e-8,
            1.0
          ],
          "class_index": 166,
          "conditional_hand_mass": 0.0030165911925363843,
          "expected_action_loss_bb": 1.3961256161408308e-8,
          "hand": "AQs",
          "probability_on_actions_losing_over_0_1bb": 1.1964070623093903e-8,
          "reference_expected_action_loss_bb": 1.3961256161408308e-8,
          "reference_probabilities": [
            1.1964070623093903e-8,
            1.0
          ]
        },
        {
          "action_values_bb": [
            -0.5,
            0.8907192697222235
          ],
          "candidate_probabilities": [
            1.1964070623093903e-8,
            1.0
          ],
          "class_index": 167,
          "conditional_hand_mass": 0.0030165911925363843,
          "expected_action_loss_bb": 1.663866355985426e-8,
          "hand": "AKs",
          "probability_on_actions_losing_over_0_1bb": 1.1964070623093903e-8,
          "reference_expected_action_loss_bb": 1.663866355985426e-8,
          "reference_probabilities": [
            1.1964070623093903e-8,
            1.0
          ]
        },
        {
          "action_values_bb": [
            -0.5,
            2.0149889748537966
          ],
          "candidate_probabilities": [
            1.1964067958558644e-8,
            1.0
          ],
          "class_index": 168,
          "conditional_hand_mass": 0.0045248869052198935,
          "expected_action_loss_bb": 3.008949901017656e-8,
          "hand": "AA",
          "probability_on_actions_losing_over_0_1bb": 1.1964067958558644e-8,
          "reference_expected_action_loss_bb": 3.008949901017656e-8,
          "reference_probabilities": [
            1.1964067958558644e-8,
            1.0
          ]
        }
      ],
      "joint_reach_independent_model": 0.0053126921062429215,
      "opponent_mass": 0.005312691908329725,
      "passes_local_tail_gate": false,
      "path": [
        2
      ],
      "position": "SB",
      "reference_weighted_action_loss_bb": 0.00006126049943163763,
      "scope": "One-action deviation followed by reference play, same reference arriving ranges; excludes physical-deal validation",
      "status": "evaluated",
      "weighted_action_loss_bb": 0.01029265088338463,
      "weighted_excess_action_loss_bb": 0.010231390383952993,
      "worst_relevant_probability_on_strongly_inferior_actions": 1.0
    },
    {
      "actions": [
        {
          "kind": "fold",
          "label": "Fold",
          "to": 0.0
        },
        {
          "kind": "call",
          "label": "Call 2",
          "to": 2.0
        }
      ],
      "actor": 2,
      "actor_mass": 1.000000037252903,
      "forced_or_frozen": false,
      "hands": [
        {
          "action_values_bb": [
            -1.0000000283803316,
            -0.21819232954572676
          ],
          "candidate_probabilities": [
            1.1964067958558644e-8,
            1.0
          ],
          "class_index": 0,
          "conditional_hand_mass": 0.0045248869052198935,
          "expected_action_loss_bb": 9.353600439381562e-9,
          "hand": "22",
          "probability_on_actions_losing_over_0_1bb": 1.1964067958558644e-8,
          "reference_expected_action_loss_bb": 9.353600439381562e-9,
          "reference_probabilities": [
            1.1964067958558644e-8,
            1.0
          ]
        },
        {
          "action_values_bb": [
            -1.0000000283803316,
            -0.9845818938754782
          ],
          "candidate_probabilities": [
            1.1964067958558644e-8,
            1.0
          ],
          "class_index": 1,
          "conditional_hand_mass": 0.009049773810439787,
          "expected_action_loss_bb": 1.844636090102641e-10,
          "hand": "32o",
          "probability_on_actions_losing_over_0_1bb": -0.0,
          "reference_expected_action_loss_bb": 1.844636090102641e-10,
          "reference_probabilities": [
            1.1964067958558644e-8,
            1.0
          ]
        },
        {
          "action_values_bb": [
            -1.0000000283803316,
            -0.837970046515517
          ],
          "candidate_probabilities": [
            1.1964067958558644e-8,
            1.0
          ],
          "class_index": 2,
          "conditional_hand_mass": 0.009049773810439787,
          "expected_action_loss_bb": 1.9385377143546673e-9,
          "hand": "42o",
          "probability_on_actions_losing_over_0_1bb": 1.1964067958558644e-8,
          "reference_expected_action_loss_bb": 1.9385377143546673e-9,
          "reference_probabilities": [
            1.1964067958558644e-8,
            1.0
          ]
        },
        {
          "action_values_bb": [
            -1.0000000283803316,
            -0.7797961543185593
          ],
          "candidate_probabilities": [
            1.1964067958558644e-8,
            1.0
          ],
          "class_index": 3,
          "conditional_hand_mass": 0.009049773810439787,
          "expected_action_loss_bb": 2.634534114012933e-9,
          "hand": "52o",
          "probability_on_actions_losing_over_0_1bb": 1.1964067958558644e-8,
          "reference_expected_action_loss_bb": 2.634534114012933e-9,
          "reference_probabilities": [
            1.1964067958558644e-8,
            1.0
          ]
        },
        {
          "action_values_bb": [
            -1.0000000283803316,
            -0.8627957821551717
          ],
          "candidate_probabilities": [
            1.1964067958558644e-8,
            1.0
          ],
          "class_index": 4,
          "conditional_hand_mass": 0.009049773810439787,
          "expected_action_loss_bb": 1.6415209260406265e-9,
          "hand": "62o",
          "probability_on_actions_losing_over_0_1bb": 1.1964067958558644e-8,
          "reference_expected_action_loss_bb": 1.6415209260406265e-9,
          "reference_probabilities": [
            1.1964067958558644e-8,
            1.0
          ]
        },
        {
          "action_values_bb": [
            -1.0000000283803316,
            -0.9510783440367885
          ],
          "candidate_probabilities": [
            1.1964067958558644e-8,
            1.0
          ],
          "class_index": 5,
          "conditional_hand_mass": 0.009049773810439787,
          "expected_action_loss_bb": 5.853023561333047e-10,
          "hand": "72o",
          "probability_on_actions_losing_over_0_1bb": -0.0,
          "reference_expected_action_loss_bb": 5.853023561333047e-10,
          "reference_probabilities": [
            1.1964067958558644e-8,
            1.0
          ]
        },
        {
          "action_values_bb": [
            -1.0000000283803316,
            -1.026016772215617
          ],
          "candidate_probabilities": [
            0.9999547600746155,
            0.00004526032353169285
          ],
          "class_index": 6,
          "conditional_hand_mass": 0.009049773810439787,
          "expected_action_loss_bb": 1.177526243226193e-6,
          "hand": "82o",
          "probability_on_actions_losing_over_0_1bb": -0.0,
          "reference_expected_action_loss_bb": 0.00004235794087206865,
          "reference_probabilities": [
            0.9983718991279602,
            0.0016281030839309096
          ]
        },
        {
          "action_values_bb": [
            -1.0000000283803316,
            -0.82421245438689
          ],
          "candidate_probabilities": [
            0.9303730130195618,
            0.06962699443101883
          ],
          "class_index": 7,
          "conditional_hand_mass": 0.009049773810439787,
          "expected_action_loss_bb": 0.1635480148676775,
          "hand": "92o",
          "probability_on_actions_losing_over_0_1bb": 0.9303730130195618,
          "reference_expected_action_loss_bb": 2.1031344815276926e-9,
          "reference_probabilities": [
            1.1964067958558644e-8,
            1.0
          ]
        },
        {
          "action_values_bb": [
            -1.0000000283803316,
            -0.8608188383486607
          ],
          "candidate_probabilities": [
            1.1964067958558644e-8,
            1.0
          ],
          "class_index": 8,
          "conditional_hand_mass": 0.009049773810439787,
          "expected_action_loss_bb": 1.6651732160919761e-9,
          "hand": "T2o",
          "probability_on_actions_losing_over_0_1bb": 1.1964067958558644e-8,
          "reference_expected_action_loss_bb": 1.6651732160919761e-9,
          "reference_probabilities": [
            1.1964067958558644e-8,
            1.0
          ]
        },
        {
          "action_values_bb": [
            -1.0000000283803316,
            -0.8510118524169775
          ],
          "candidate_probabilities": [
            1.1964067958558644e-8,
            1.0
          ],
          "class_index": 9,
          "conditional_hand_mass": 0.009049773810439787,
          "expected_action_loss_bb": 1.7825046622472622e-9,
          "hand": "J2o",
          "probability_on_actions_losing_over_0_1bb": 1.1964067958558644e-8,
          "reference_expected_action_loss_bb": 1.7825046622472622e-9,
          "reference_probabilities": [
            1.1964067958558644e-8,
            1.0
          ]
        },
        {
          "action_values_bb": [
            -1.0000000283803316,
            -0.5819444844567803
          ],
          "candidate_probabilities": [
            1.1964067958558644e-8,
            1.0
          ],
          "class_index": 10,
          "conditional_hand_mass": 0.009049773810439787,
          "expected_action_loss_bb": 5.001644937953567e-9,
          "hand": "Q2o",
          "probability_on_actions_losing_over_0_1bb": 1.1964067958558644e-8,
          "reference_expected_action_loss_bb": 5.001644937953567e-9,
          "reference_probabilities": [
            1.1964067958558644e-8,
            1.0
          ]
        },
        {
          "action_values_bb": [
            -1.0000000283803316,
            -0.4777984269881566
          ],
          "candidate_probabilities": [
            1.1964067958558644e-8,
            1.0
          ],
          "class_index": 11,
          "conditional_hand_mass": 0.009049773810439787,
          "expected_action_loss_bb": 6.247655447124135e-9,
          "hand": "K2o",
          "probability_on_actions_losing_over_0_1bb": 1.1964067958558644e-8,
          "reference_expected_action_loss_bb": 6.247655447124135e-9,
          "reference_probabilities": [
            1.1964067958558644e-8,
            1.0
          ]
        },
        {
          "action_values_bb": [
            -1.0000000283803316,
            -0.17619864427757922
          ],
          "candidate_probabilities": [
            1.1964067958558644e-8,
            1.0
          ],
          "class_index": 12,
          "conditional_hand_mass": 0.009049773810439787,
          "expected_action_loss_bb": 9.856015743760003e-9,
          "hand": "A2o",
          "probability_on_actions_losing_over_0_1bb": 1.1964067958558644e-8,
          "reference_expected_action_loss_bb": 9.856015743760003e-9,
          "reference_probabilities": [
            1.1964067958558644e-8,
            1.0
          ]
        },
        {
          "action_values_bb": [
            -1.0000000283803316,
            -0.8526065477105702
          ],
          "candidate_probabilities": [
            1.1964070623093903e-8,
            1.0
          ],
          "class_index": 13,
          "conditional_hand_mass": 0.0030165911925363843,
          "expected_action_loss_bb": 1.7634260121166518e-9,
          "hand": "32s",
          "probability_on_actions_losing_over_0_1bb": 1.1964070623093903e-8,
          "reference_expected_action_loss_bb": 1.7634260121166518e-9,
          "reference_probabilities": [
            1.1964070623093903e-8,
            1.0
          ]
        },
        {
          "action_values_bb": [
            -1.0000000283803316,
            -0.08288635517660586
          ],
          "candidate_probabilities": [
            1.1964067958558644e-8,
            1.0
          ],
          "class_index": 14,
          "conditional_hand_mass": 0.0045248869052198935,
          "expected_action_loss_bb": 1.0972410311932718e-8,
          "hand": "33",
          "probability_on_actions_losing_over_0_1bb": 1.1964067958558644e-8,
          "reference_expected_action_loss_bb": 1.0972410311932718e-8,
          "reference_probabilities": [
            1.1964067958558644e-8,
            1.0
          ]
        },
        {
          "action_values_bb": [
            -1.0000000283803316,
            -0.8808244654510359
          ],
          "candidate_probabilities": [
            1.1964067958558644e-8,
            1.0
          ],
          "class_index": 15,
          "conditional_hand_mass": 0.009049773810439787,
          "expected_action_loss_bb": 1.4258245338855768e-9,
          "hand": "43o",
          "probability_on_actions_losing_over_0_1bb": 1.1964067958558644e-8,
          "reference_expected_action_loss_bb": 1.4258245338855768e-9,
          "reference_probabilities": [
            1.1964067958558644e-8,
            1.0
          ]
        },
        {
          "action_values_bb": [
            -1.0000000283803316,
            -0.7980145763840941
          ],
          "candidate_probabilities": [
            1.1964067958558644e-8,
            1.0
          ],
          "class_index": 16,
          "conditional_hand_mass": 0.009049773810439787,
          "expected_action_loss_bb": 2.4165676743231704e-9,
          "hand": "53o",
          "probability_on_actions_losing_over_0_1bb": 1.1964067958558644e-8,
          "reference_expected_action_loss_bb": 2.4165676743231704e-9,
          "reference_probabilities": [
            1.1964067958558644e-8,
            1.0
          ]
        },
        {
          "action_values_bb": [
            -1.0000000283803316,
            -0.8212818581477297
          ],
          "candidate_probabilities": [
            1.1964067958558644e-8,
            1.0
          ],
          "class_index": 17,
          "conditional_hand_mass": 0.009049773810439787,
          "expected_action_loss_bb": 2.138196334092102e-9,
          "hand": "63o",
          "probability_on_actions_losing_over_0_1bb": 1.1964067958558644e-8,
          "reference_expected_action_loss_bb": 2.138196334092102e-9,
          "reference_probabilities": [
            1.1964067958558644e-8,
            1.0
          ]
        },
        {
          "action_values_bb": [
            -1.0000000283803316,
            -0.9493574965250827
          ],
          "candidate_probabilities": [
            1.1964067958558644e-8,
            1.0
          ],
          "class_index": 18,
          "conditional_hand_mass": 0.009049773810439787,
          "expected_action_loss_bb": 6.05890692709669e-10,
          "hand": "73o",
          "probability_on_actions_losing_over_0_1bb": -0.0,
          "reference_expected_action_loss_bb": 6.05890692709669e-10,
          "reference_probabilities": [
            1.1964067958558644e-8,
            1.0
          ]
        },
        {
          "action_values_bb": [
            -1.0000000283803316,
            -1.0210842934077524
          ],
          "candidate_probabilities": [
            5.211423740547616e-6,
            0.9999947547912598
          ],
          "class_index": 19,
          "conditional_hand_mass": 0.009049773810439787,
          "expected_action_loss_bb": 0.021084154436049576,
          "hand": "83o",
          "probability_on_actions_losing_over_0_1bb": -0.0,
          "reference_expected_action_loss_bb": 0.0007222023402713143,
          "reference_probabilities": [
            0.9657468795776367,
            0.03425314277410507
          ]
        },
        {
          "action_values_bb": [
            -1.0000000283803316,
            -0.8928934408658799
          ],
          "candidate_probabilities": [
            1.1964067958558644e-8,
            1.0
          ],
          "class_index": 20,
          "conditional_hand_mass": 0.009049773810439787,
          "expected_action_loss_bb": 1.28143049183221e-9,
          "hand": "93o",
          "probability_on_actions_losing_over_0_1bb": 1.1964067958558644e-8,
          "reference_expected_action_loss_bb": 1.28143049183221e-9,
          "reference_probabilities": [
            1.1964067958558644e-8,
            1.0
          ]
        },
        {
          "action_values_bb": [
            -1.0000000283803316,
            -0.8665622644499564
          ],
          "candidate_probabilities": [
            1.1964067958558644e-8,
            1.0
          ],
          "class_index": 21,
          "conditional_hand_mass": 0.009049773810439787,
          "expected_action_loss_bb": 1.5964584759011144e-9,
          "hand": "T3o",
          "probability_on_actions_losing_over_0_1bb": 1.1964067958558644e-8,
          "reference_expected_action_loss_bb": 1.5964584759011144e-9,
          "reference_probabilities": [
            1.1964067958558644e-8,
            1.0
          ]
        },
        {
          "action_values_bb": [
            -1.0000000283803316,
            -0.8984912450136658
          ],
          "candidate_probabilities": [
            1.1964067958558644e-8,
            1.0
          ],
          "class_index": 22,
          "conditional_hand_mass": 0.009049773810439787,
          "expected_action_loss_bb": 1.214457982589397e-9,
          "hand": "J3o",
          "probability_on_actions_losing_over_0_1bb": 1.1964067958558644e-8,
          "reference_expected_action_loss_bb": 1.214457982589397e-9,
          "reference_probabilities": [
            1.1964067958558644e-8,
            1.0
          ]
        },
        {
          "action_values_bb": [
            -1.0000000283803316,
            -0.6596885233823725
          ],
          "candidate_probabilities": [
            1.1964067958558644e-8,
            1.0
          ],
          "class_index": 23,
          "conditional_hand_mass": 0.009049773810439787,
          "expected_action_loss_bb": 4.071509972874953e-9,
          "hand": "Q3o",
          "probability_on_actions_losing_over_0_1bb": 1.1964067958558644e-8,
          "reference_expected_action_loss_bb": 4.071509972874953e-9,
          "reference_probabilities": [
            1.1964067958558644e-8,
            1.0
          ]
        },
        {
          "action_values_bb": [
            -1.0000000283803316,
            -0.47623526974909225
          ],
          "candidate_probabilities": [
            1.1964067958558644e-8,
            1.0
          ],
          "class_index": 24,
          "conditional_hand_mass": 0.009049773810439787,
          "expected_action_loss_bb": 6.266357166562213e-9,
          "hand": "K3o",
          "probability_on_actions_losing_over_0_1bb": 1.1964067958558644e-8,
          "reference_expected_action_loss_bb": 6.266357166562213e-9,
          "reference_probabilities": [
            1.1964067958558644e-8,
            1.0
          ]
        },
        {
          "action_values_bb": [
            -1.0000000283803316,
            -0.06146266411608571
          ],
          "candidate_probabilities": [
            1.1964067958558644e-8,
            1.0
          ],
          "class_index": 25,
          "conditional_hand_mass": 0.009049773810439787,
          "expected_action_loss_bb": 1.1228724807703947e-8,
          "hand": "A3o",
          "probability_on_actions_losing_over_0_1bb": 1.1964067958558644e-8,
          "reference_expected_action_loss_bb": 1.1228724807703947e-8,
          "reference_probabilities": [
            1.1964067958558644e-8,
            1.0
          ]
        },
        {
          "action_values_bb": [
            -1.0000000283803316,
            -0.7009764672025703
          ],
          "candidate_probabilities": [
            1.1964070623093903e-8,
            1.0
          ],
          "class_index": 26,
          "conditional_hand_mass": 0.0030165911925363843,
          "expected_action_loss_bb": 3.5775390038997766e-9,
          "hand": "42s",
          "probability_on_actions_losing_over_0_1bb": 1.1964070623093903e-8,
          "reference_expected_action_loss_bb": 3.5775390038997766e-9,
          "reference_probabilities": [
            1.1964070623093903e-8,
            1.0
          ]
        },
        {
          "action_values_bb": [
            -1.0000000283803316,
            -0.6436684313280836
          ],
          "candidate_probabilities": [
            1.1964070623093903e-8,
            1.0
          ],
          "class_index": 27,
          "conditional_hand_mass": 0.0030165911925363843,
          "expected_action_loss_bb": 4.263176392372935e-9,
          "hand": "43s",
          "probability_on_actions_losing_over_0_1bb": 1.1964070623093903e-8,
          "reference_expected_action_loss_bb": 4.263176392372935e-9,
          "reference_probabilities": [
            1.1964070623093903e-8,
            1.0
          ]
        },
        {
          "action_values_bb": [
            -1.0000000283803316,
            0.03406320674461317
          ],
          "candidate_probabilities": [
            1.1964067958558644e-8,
            1.0
          ],
          "class_index": 28,
          "conditional_hand_mass": 0.0045248869052198935,
          "expected_action_loss_bb": 1.2371602818481846e-8,
          "hand": "44",
          "probability_on_actions_losing_over_0_1bb": 1.1964067958558644e-8,
          "reference_expected_action_loss_bb": 1.2371602818481846e-8,
          "reference_probabilities": [
            1.1964067958558644e-8,
            1.0
          ]
        },
        {
          "action_values_bb": [
            -1.0000000283803316,
            -0.5810817637096728
          ],
          "candidate_probabilities": [
            1.1964067958558644e-8,
            1.0
          ],
          "class_index": 29,
          "conditional_hand_mass": 0.009049773810439787,
          "expected_action_loss_bb": 5.011966587601219e-9,
          "hand": "54o",
          "probability_on_actions_losing_over_0_1bb": 1.1964067958558644e-8,
          "reference_expected_action_loss_bb": 5.011966587601219e-9,
          "reference_probabilities": [
            1.1964067958558644e-8,
            1.0
          ]
        },
        {
          "action_values_bb": [
            -1.0000000283803316,
            -0.66135387850218
          ],
          "candidate_probabilities": [
            1.1964067958558644e-8,
            1.0
          ],
          "class_index": 30,
          "conditional_hand_mass": 0.009049773810439787,
          "expected_action_loss_bb": 4.051585551046443e-9,
          "hand": "64o",
          "probability_on_actions_losing_over_0_1bb": 1.1964067958558644e-8,
          "reference_expected_action_loss_bb": 4.051585551046443e-9,
          "reference_probabilities": [
            1.1964067958558644e-8,
            1.0
          ]
        },
        {
          "action_values_bb": [
            -1.0000000283803316,
            -0.7706122728399261
          ],
          "candidate_probabilities": [
            1.1964067958558644e-8,
            1.0
          ],
          "class_index": 31,
          "conditional_hand_mass": 0.009049773810439787,
          "expected_action_loss_bb": 2.7444106961466493e-9,
          "hand": "74o",
          "probability_on_actions_losing_over_0_1bb": 1.1964067958558644e-8,
          "reference_expected_action_loss_bb": 2.7444106961466493e-9,
          "reference_probabilities": [
            1.1964067958558644e-8,
            1.0
          ]
        },
        {
          "action_values_bb": [
            -1.0000000283803316,
            -0.8023938813615508
          ],
          "candidate_probabilities": [
            1.1964067958558644e-8,
            1.0
          ],
          "class_index": 32,
          "conditional_hand_mass": 0.009049773810439787,
          "expected_action_loss_bb": 2.364173371961625e-9,
          "hand": "84o",
          "probability_on_actions_losing_over_0_1bb": 1.1964067958558644e-8,
          "reference_expected_action_loss_bb": 2.364173371961625e-9,
          "reference_probabilities": [
            1.1964067958558644e-8,
            1.0
          ]
        },
        {
          "action_values_bb": [
            -1.0000000283803316,
            -0.811869663030419
          ],
          "candidate_probabilities": [
            1.1964067958558644e-8,
            1.0
          ],
          "class_index": 33,
          "conditional_hand_mass": 0.009049773810439787,
          "expected_action_loss_bb": 2.2508044761148214e-9,
          "hand": "94o",
          "probability_on_actions_losing_over_0_1bb": 1.1964067958558644e-8,
          "reference_expected_action_loss_bb": 2.2508044761148214e-9,
          "reference_probabilities": [
            1.1964067958558644e-8,
            1.0
          ]
        },
        {
          "action_values_bb": [
            -1.0000000283803316,
            -0.7948572707541168
          ],
          "candidate_probabilities": [
            1.1964067958558644e-8,
            1.0
          ],
          "class_index": 34,
          "conditional_hand_mass": 0.009049773810439787,
          "expected_action_loss_bb": 2.4543418934461585e-9,
          "hand": "T4o",
          "probability_on_actions_losing_over_0_1bb": 1.1964067958558644e-8,
          "reference_expected_action_loss_bb": 2.4543418934461585e-9,
          "reference_probabilities": [
            1.1964067958558644e-8,
            1.0
          ]
        },
        {
          "action_values_bb": [
            -1.0000000283803316,
            -0.750955715487902
          ],
          "candidate_probabilities": [
            1.1964067958558644e-8,
            1.0
          ],
          "class_index": 35,
          "conditional_hand_mass": 0.009049773810439787,
          "expected_action_loss_bb": 2.9795830841375713e-9,
          "hand": "J4o",
          "probability_on_actions_losing_over_0_1bb": 1.1964067958558644e-8,
          "reference_expected_action_loss_bb": 2.9795830841375713e-9,
          "reference_probabilities": [
            1.1964067958558644e-8,
            1.0
          ]
        },
        {
          "action_values_bb": [
            -1.0000000283803316,
            -0.6008439826594113
          ],
          "candidate_probabilities": [
            1.1964067958558644e-8,
            1.0
          ],
          "class_index": 36,
          "conditional_hand_mass": 0.009049773810439787,
          "expected_action_loss_bb": 4.7755300570746326e-9,
          "hand": "Q4o",
          "probability_on_actions_losing_over_0_1bb": 1.1964067958558644e-8,
          "reference_expected_action_loss_bb": 4.7755300570746326e-9,
          "reference_probabilities": [
            1.1964067958558644e-8,
            1.0
          ]
        },
        {
          "action_values_bb": [
            -1.0000000283803316,
            -0.3353679787559648
          ],
          "candidate_probabilities": [
            1.1964067958558644e-8,
            1.0
          ],
          "class_index": 37,
          "conditional_hand_mass": 0.009049773810439787,
          "expected_action_loss_bb": 7.951703009142047e-9,
          "hand": "K4o",
          "probability_on_actions_losing_over_0_1bb": 1.1964067958558644e-8,
          "reference_expected_action_loss_bb": 7.951703009142047e-9,
          "reference_probabilities": [
            1.1964067958558644e-8,
            1.0
          ]
        },
        {
          "action_values_bb": [
            -1.0000000283803316,
            -0.09939597981947729
          ],
          "candidate_probabilities": [
            1.1964067958558644e-8,
            1.0
          ],
          "class_index": 38,
          "conditional_hand_mass": 0.009049773810439787,
          "expected_action_loss_bb": 1.0774888040735111e-8,
          "hand": "A4o",
          "probability_on_actions_losing_over_0_1bb": 1.1964067958558644e-8,
          "reference_expected_action_loss_bb": 1.0774888040735111e-8,
          "reference_probabilities": [
            1.1964067958558644e-8,
            1.0
          ]
        },
        {
          "action_values_bb": [
            -1.0000000283803316,
            -0.5824865743928801
          ],
          "candidate_probabilities": [
            1.1964070623093903e-8,
            1.0
          ],
          "class_index": 39,
          "conditional_hand_mass": 0.0030165911925363843,
          "expected_action_loss_bb": 4.995160449597737e-9,
          "hand": "52s",
          "probability_on_actions_losing_over_0_1bb": 1.1964070623093903e-8,
          "reference_expected_action_loss_bb": 4.995160449597737e-9,
          "reference_probabilities": [
            1.1964070623093903e-8,
            1.0
          ]
        },
        {
          "action_values_bb": [
            -1.0000000283803316,
            -0.6198759042308823
          ],
          "candidate_probabilities": [
            1.1964070623093903e-8,
            1.0
          ],
          "class_index": 40,
          "conditional_hand_mass": 0.0030165911925363843,
          "expected_action_loss_bb": 4.547831866865726e-9,
          "hand": "53s",
          "probability_on_actions_losing_over_0_1bb": 1.1964070623093903e-8,
          "reference_expected_action_loss_bb": 4.547831866865726e-9,
          "reference_probabilities": [
            1.1964070623093903e-8,
            1.0
          ]
        },
        {
          "action_values_bb": [
            -1.0000000283803316,
            -0.38359236218291454
          ],
          "candidate_probabilities": [
            1.1964070623093903e-8,
            1.0
          ],
          "class_index": 41,
          "conditional_hand_mass": 0.0030165911925363843,
          "expected_action_loss_bb": 7.374744851002391e-9,
          "hand": "54s",
          "probability_on_actions_losing_over_0_1bb": 1.1964070623093903e-8,
          "reference_expected_action_loss_bb": 7.374744851002391e-9,
          "reference_probabilities": [
            1.1964070623093903e-8,
            1.0
          ]
        },
        {
          "action_values_bb": [
            -1.0000000283803316,
            0.19278623901248385
          ],
          "candidate_probabilities": [
            1.1964067958558644e-8,
            1.0
          ],
          "class_index": 42,
          "conditional_hand_mass": 0.0045248869052198935,
          "expected_action_loss_bb": 1.4270575963123148e-8,
          "hand": "55",
          "probability_on_actions_losing_over_0_1bb": 1.1964067958558644e-8,
          "reference_expected_action_loss_bb": 1.4270575963123148e-8,
          "reference_probabilities": [
            1.1964067958558644e-8,
            1.0
          ]
        },
        {
          "action_values_bb": [
            -1.0000000283803316,
            -0.5892339679733557
          ],
          "candidate_probabilities": [
            1.1964067958558644e-8,
            1.0
          ],
          "class_index": 43,
          "conditional_hand_mass": 0.009049773810439787,
          "expected_action_loss_bb": 4.9144330617784656e-9,
          "hand": "65o",
          "probability_on_actions_losing_over_0_1bb": 1.1964067958558644e-8,
          "reference_expected_action_loss_bb": 4.9144330617784656e-9,
          "reference_probabilities": [
            1.1964067958558644e-8,
            1.0
          ]
        },
        {
          "action_values_bb": [
            -1.0000000283803316,
            -0.653066990338581
          ],
          "candidate_probabilities": [
            1.1964067958558644e-8,
            1.0
          ],
          "class_index": 44,
          "conditional_hand_mass": 0.009049773810439787,
          "expected_action_loss_bb": 4.1507304442007165e-9,
          "hand": "75o",
          "probability_on_actions_losing_over_0_1bb": 1.1964067958558644e-8,
          "reference_expected_action_loss_bb": 4.1507304442007165e-9,
          "reference_probabilities": [
            1.1964067958558644e-8,
            1.0
          ]
        },
        {
          "action_values_bb": [
            -1.0000000283803316,
            -0.7347708234261359
          ],
          "candidate_probabilities": [
            1.1964067958558644e-8,
            1.0
          ],
          "class_index": 45,
          "conditional_hand_mass": 0.009049773810439787,
          "expected_action_loss_bb": 3.1732202326664774e-9,
          "hand": "85o",
          "probability_on_actions_losing_over_0_1bb": 1.1964067958558644e-8,
          "reference_expected_action_loss_bb": 3.1732202326664774e-9,
          "reference_probabilities": [
            1.1964067958558644e-8,
            1.0
          ]
        },
        {
          "action_values_bb": [
            -1.0000000283803316,
            -0.6216698908609507
          ],
          "candidate_probabilities": [
            1.1964067958558644e-8,
            1.0
          ],
          "class_index": 46,
          "conditional_hand_mass": 0.009049773810439787,
          "expected_action_loss_bb": 4.526367476052711e-9,
          "hand": "95o",
          "probability_on_actions_losing_over_0_1bb": 1.1964067958558644e-8,
          "reference_expected_action_loss_bb": 4.526367476052711e-9,
          "reference_probabilities": [
            1.1964067958558644e-8,
            1.0
          ]
        },
        {
          "action_values_bb": [
            -1.0000000283803316,
            -0.6897602953662424
          ],
          "candidate_probabilities": [
            1.1964067958558644e-8,
            1.0
          ],
          "class_index": 47,
          "conditional_hand_mass": 0.009049773810439787,
          "expected_action_loss_bb": 3.7117292492256536e-9,
          "hand": "T5o",
          "probability_on_actions_losing_over_0_1bb": 1.1964067958558644e-8,
          "reference_expected_action_loss_bb": 3.7117292492256536e-9,
          "reference_probabilities": [
            1.1964067958558644e-8,
            1.0
          ]
        },
        {
          "action_values_bb": [
            -1.0000000283803316,
            -0.704907676584475
          ],
          "candidate_probabilities": [
            1.1964067958558644e-8,
            1.0
          ],
          "class_index": 48,
          "conditional_hand_mass": 0.009049773810439787,
          "expected_action_loss_bb": 3.5305049509365245e-9,
          "hand": "J5o",
          "probability_on_actions_losing_over_0_1bb": 1.1964067958558644e-8,
          "reference_expected_action_loss_bb": 3.5305049509365245e-9,
          "reference_probabilities": [
            1.1964067958558644e-8,
            1.0
          ]
        },
        {
          "action_values_bb": [
            -1.0000000283803316,
            -0.4573033219874669
          ],
          "candidate_probabilities": [
            1.1964067958558644e-8,
            1.0
          ],
          "class_index": 49,
          "conditional_hand_mass": 0.009049773810439787,
          "expected_action_loss_bb": 6.4928602761701805e-9,
          "hand": "Q5o",
          "probability_on_actions_losing_over_0_1bb": 1.1964067958558644e-8,
          "reference_expected_action_loss_bb": 6.4928602761701805e-9,
          "reference_probabilities": [
            1.1964067958558644e-8,
            1.0
          ]
        },
        {
          "action_values_bb": [
            -1.0000000283803316,
            -0.2996833992607964
          ],
          "candidate_probabilities": [
            1.1964067958558644e-8,
            1.0
          ],
          "class_index": 50,
          "conditional_hand_mass": 0.009049773810439787,
          "expected_action_loss_bb": 8.37863574329483e-9,
          "hand": "K5o",
          "probability_on_actions_losing_over_0_1bb": 1.1964067958558644e-8,
          "reference_expected_action_loss_bb": 8.37863574329483e-9,
          "reference_probabilities": [
            1.1964067958558644e-8,
            1.0
          ]
        },
        {
          "action_values_bb": [
            -1.0000000283803316,
            -0.03489866211437743
          ],
          "candidate_probabilities": [
            1.1964067958558644e-8,
            1.0
          ],
          "class_index": 51,
          "conditional_hand_mass": 0.009049773810439787,
          "expected_action_loss_bb": 1.1546538332903672e-8,
          "hand": "A5o",
          "probability_on_actions_losing_over_0_1bb": 1.1964067958558644e-8,
          "reference_expected_action_loss_bb": 1.1546538332903672e-8,
          "reference_probabilities": [
            1.1964067958558644e-8,
            1.0
          ]
        },
        {
          "action_values_bb": [
            -1.0000000283803316,
            -0.7649529239105867
          ],
          "candidate_probabilities": [
            1.1964070623093903e-8,
            1.0
          ],
          "class_index": 52,
          "conditional_hand_mass": 0.0030165911925363843,
          "expected_action_loss_bb": 2.8121201576297593e-9,
          "hand": "62s",
          "probability_on_actions_losing_over_0_1bb": 1.1964070623093903e-8,
          "reference_expected_action_loss_bb": 2.8121201576297593e-9,
          "reference_probabilities": [
            1.1964070623093903e-8,
            1.0
          ]
        },
        {
          "action_values_bb": [
            -1.0000000283803316,
            -0.6735285155147382
          ],
          "candidate_probabilities": [
            1.1964070623093903e-8,
            1.0
          ],
          "class_index": 53,
          "conditional_hand_mass": 0.0030165911925363843,
          "expected_action_loss_bb": 3.905928236352269e-9,
          "hand": "63s",
          "probability_on_actions_losing_over_0_1bb": 1.1964070623093903e-8,
          "reference_expected_action_loss_bb": 3.905928236352269e-9,
          "reference_probabilities": [
            1.1964070623093903e-8,
            1.0
          ]
        },
        {
          "action_values_bb": [
            -1.0000000283803316,
            -0.5161731296142295
          ],
          "candidate_probabilities": [
            1.1964070623093903e-8,
            1.0
          ],
          "class_index": 54,
          "conditional_hand_mass": 0.0030165911925363843,
          "expected_action_loss_bb": 5.788539186190151e-9,
          "hand": "64s",
          "probability_on_actions_losing_over_0_1bb": 1.1964070623093903e-8,
          "reference_expected_action_loss_bb": 5.788539186190151e-9,
          "reference_probabilities": [
            1.1964070623093903e-8,
            1.0
          ]
        },
        {
          "action_values_bb": [
            -1.0000000283803316,
            -0.42223807331685864
          ],
          "candidate_probabilities": [
            1.1964070623093903e-8,
            1.0
          ],
          "class_index": 55,
          "conditional_hand_mass": 0.0030165911925363843,
          "expected_action_loss_bb": 6.9123848337161965e-9,
          "hand": "65s",
          "probability_on_actions_losing_over_0_1bb": 1.1964070623093903e-8,
          "reference_expected_action_loss_bb": 6.9123848337161965e-9,
          "reference_probabilities": [
            1.1964070623093903e-8,
            1.0
          ]
        },
        {
          "action_values_bb": [
            -1.0000000283803316,
            0.28485116159668533
          ],
          "candidate_probabilities": [
            1.1964067958558644e-8,
            1.0
          ],
          "class_index": 56,
          "conditional_hand_mass": 0.0045248869052198935,
          "expected_action_loss_bb": 1.5372046953519972e-8,
          "hand": "66",
          "probability_on_actions_losing_over_0_1bb": 1.1964067958558644e-8,
          "reference_expected_action_loss_bb": 1.5372046953519972e-8,
          "reference_probabilities": [
            1.1964067958558644e-8,
            1.0
          ]
        },
        {
          "action_values_bb": [
            -1.0000000283803316,
            -0.5510433163290849
          ],
          "candidate_probabilities": [
            1.1964067958558644e-8,
            1.0
          ],
          "class_index": 57,
          "conditional_hand_mass": 0.009049773810439787,
          "expected_action_loss_bb": 5.371348613432161e-9,
          "hand": "76o",
          "probability_on_actions_losing_over_0_1bb": 1.1964067958558644e-8,
          "reference_expected_action_loss_bb": 5.371348613432161e-9,
          "reference_probabilities": [
            1.1964067958558644e-8,
            1.0
          ]
        },
        {
          "action_values_bb": [
            -1.0000000283803316,
            -0.6860476282951383
          ],
          "candidate_probabilities": [
            1.1964067958558644e-8,
            1.0
          ],
          "class_index": 58,
          "conditional_hand_mass": 0.009049773810439787,
          "expected_action_loss_bb": 3.756147850371846e-9,
          "hand": "86o",
          "probability_on_actions_losing_over_0_1bb": 1.1964067958558644e-8,
          "reference_expected_action_loss_bb": 3.756147850371846e-9,
          "reference_probabilities": [
            1.1964067958558644e-8,
            1.0
          ]
        },
        {
          "action_values_bb": [
            -1.0000000283803316,
            -0.5866917455571263
          ],
          "candidate_probabilities": [
            1.1964067958558644e-8,
            1.0
          ],
          "class_index": 59,
          "conditional_hand_mass": 0.009049773810439787,
          "expected_action_loss_bb": 4.944848383532005e-9,
          "hand": "96o",
          "probability_on_actions_losing_over_0_1bb": 1.1964067958558644e-8,
          "reference_expected_action_loss_bb": 4.944848383532005e-9,
          "reference_probabilities": [
            1.1964067958558644e-8,
            1.0
          ]
        },
        {
          "action_values_bb": [
            -1.0000000283803316,
            -0.6706954137932759
          ],
          "candidate_probabilities": [
            1.1964067958558644e-8,
            1.0
          ],
          "class_index": 60,
          "conditional_hand_mass": 0.009049773810439787,
          "expected_action_loss_bb": 3.939822787986497e-9,
          "hand": "T6o",
          "probability_on_actions_losing_over_0_1bb": 1.1964067958558644e-8,
          "reference_expected_action_loss_bb": 3.939822787986497e-9,
          "reference_probabilities": [
            1.1964067958558644e-8,
            1.0
          ]
        },
        {
          "action_values_bb": [
            -1.0000000283803316,
            -0.7166184672043064
          ],
          "candidate_probabilities": [
            1.1964067958558644e-8,
            1.0
          ],
          "class_index": 61,
          "conditional_hand_mass": 0.009049773810439787,
          "expected_action_loss_bb": 3.390396256112409e-9,
          "hand": "J6o",
          "probability_on_actions_losing_over_0_1bb": 1.1964067958558644e-8,
          "reference_expected_action_loss_bb": 3.390396256112409e-9,
          "reference_probabilities": [
            1.1964067958558644e-8,
            1.0
          ]
        },
        {
          "action_values_bb": [
            -1.0000000283803316,
            -0.46701948561414436
          ],
          "candidate_probabilities": [
            1.1964067958558644e-8,
            1.0
          ],
          "class_index": 62,
          "conditional_hand_mass": 0.009049773810439787,
          "expected_action_loss_bb": 6.376615434244137e-9,
          "hand": "Q6o",
          "probability_on_actions_losing_over_0_1bb": 1.1964067958558644e-8,
          "reference_expected_action_loss_bb": 6.376615434244137e-9,
          "reference_probabilities": [
            1.1964067958558644e-8,
            1.0
          ]
        },
        {
          "action_values_bb": [
            -1.0000000283803316,
            -0.2599740717954086
          ],
          "candidate_probabilities": [
            1.1964067958558644e-8,
            1.0
          ],
          "class_index": 63,
          "conditional_hand_mass": 0.009049773810439787,
          "expected_action_loss_bb": 8.853720835679387e-9,
          "hand": "K6o",
          "probability_on_actions_losing_over_0_1bb": 1.1964067958558644e-8,
          "reference_expected_action_loss_bb": 8.853720835679387e-9,
          "reference_probabilities": [
            1.1964067958558644e-8,
            1.0
          ]
        },
        {
          "action_values_bb": [
            -1.0000000283803316,
            -0.017884093621162323
          ],
          "candidate_probabilities": [
            1.1964067958558644e-8,
            1.0
          ],
          "class_index": 64,
          "conditional_hand_mass": 0.009049773810439787,
          "expected_action_loss_bb": 1.175010178664205e-8,
          "hand": "A6o",
          "probability_on_actions_losing_over_0_1bb": 1.1964067958558644e-8,
          "reference_expected_action_loss_bb": 1.175010178664205e-8,
          "reference_probabilities": [
            1.1964067958558644e-8,
            1.0
          ]
        },
        {
          "action_values_bb": [
            -1.0000000283803316,
            -0.7755765449235695
          ],
          "candidate_probabilities": [
            1.1964070623093903e-8,
            1.0
          ],
          "class_index": 65,
          "conditional_hand_mass": 0.0030165911925363843,
          "expected_action_loss_bb": 2.685018405557448e-9,
          "hand": "72s",
          "probability_on_actions_losing_over_0_1bb": 1.1964070623093903e-8,
          "reference_expected_action_loss_bb": 2.685018405557448e-9,
          "reference_probabilities": [
            1.1964070623093903e-8,
            1.0
          ]
        },
        {
          "action_values_bb": [
            -1.0000000283803316,
            -0.7216486592909408
          ],
          "candidate_probabilities": [
            1.1964070623093903e-8,
            1.0
          ],
          "class_index": 66,
          "conditional_hand_mass": 0.0030165911925363843,
          "expected_action_loss_bb": 3.3302154378203494e-9,
          "hand": "73s",
          "probability_on_actions_losing_over_0_1bb": 1.1964070623093903e-8,
          "reference_expected_action_loss_bb": 3.3302154378203494e-9,
          "reference_probabilities": [
            1.1964070623093903e-8,
            1.0
          ]
        },
        {
          "action_values_bb": [
            -1.0000000283803316,
            -0.6428091378377687
          ],
          "candidate_probabilities": [
            1.1964070623093903e-8,
            1.0
          ],
          "class_index": 67,
          "conditional_hand_mass": 0.0030165911925363843,
          "expected_action_loss_bb": 4.273457040377027e-9,
          "hand": "74s",
          "probability_on_actions_losing_over_0_1bb": 1.1964070623093903e-8,
          "reference_expected_action_loss_bb": 4.273457040377027e-9,
          "reference_probabilities": [
            1.1964070623093903e-8,
            1.0
          ]
        },
        {
          "action_values_bb": [
            -1.0000000283803316,
            -0.5253518337474951
          ],
          "candidate_probabilities": [
            1.1964070623093903e-8,
            1.0
          ],
          "class_index": 68,
          "conditional_hand_mass": 0.0030165911925363843,
          "expected_action_loss_bb": 5.678724521711277e-9,
          "hand": "75s",
          "probability_on_actions_losing_over_0_1bb": 1.1964070623093903e-8,
          "reference_expected_action_loss_bb": 5.678724521711277e-9,
          "reference_probabilities": [
            1.1964070623093903e-8,
            1.0
          ]
        },
        {
          "action_values_bb": [
            -1.0000000283803316,
            -0.3709263148825735
          ],
          "candidate_probabilities": [
            1.1964070623093903e-8,
            1.0
          ],
          "class_index": 69,
          "conditional_hand_mass": 0.0030165911925363843,
          "expected_action_loss_bb": 7.526282335419119e-9,
          "hand": "76s",
          "probability_on_actions_losing_over_0_1bb": 1.1964070623093903e-8,
          "reference_expected_action_loss_bb": 7.526282335419119e-9,
          "reference_probabilities": [
            1.1964070623093903e-8,
            1.0
          ]
        },
        {
          "action_values_bb": [
            -1.0000000283803316,
            0.28378072721183495
          ],
          "candidate_probabilities": [
            1.1964067958558644e-8,
            1.0
          ],
          "class_index": 70,
          "conditional_hand_mass": 0.0045248869052198935,
          "expected_action_loss_bb": 1.5359240203794445e-8,
          "hand": "77",
          "probability_on_actions_losing_over_0_1bb": 1.1964067958558644e-8,
          "reference_expected_action_loss_bb": 1.5359240203794445e-8,
          "reference_probabilities": [
            1.1964067958558644e-8,
            1.0
          ]
        },
        {
          "action_values_bb": [
            -1.0000000283803316,
            -0.62356640351337
          ],
          "candidate_probabilities": [
            1.1964067958558644e-8,
            1.0
          ],
          "class_index": 71,
          "conditional_hand_mass": 0.009049773810439787,
          "expected_action_loss_bb": 4.5036774697949e-9,
          "hand": "87o",
          "probability_on_actions_losing_over_0_1bb": 1.1964067958558644e-8,
          "reference_expected_action_loss_bb": 4.5036774697949e-9,
          "reference_probabilities": [
            1.1964067958558644e-8,
            1.0
          ]
        },
        {
          "action_values_bb": [
            -1.0000000283803316,
            -0.6160870353864094
          ],
          "candidate_probabilities": [
            1.1964067958558644e-8,
            1.0
          ],
          "class_index": 72,
          "conditional_hand_mass": 0.009049773810439787,
          "expected_action_loss_bb": 4.593161138352934e-9,
          "hand": "97o",
          "probability_on_actions_losing_over_0_1bb": 1.1964067958558644e-8,
          "reference_expected_action_loss_bb": 4.593161138352934e-9,
          "reference_probabilities": [
            1.1964067958558644e-8,
            1.0
          ]
        },
        {
          "action_values_bb": [
            -1.0000000283803316,
            -0.6468465192598888
          ],
          "candidate_probabilities": [
            1.1964067958558644e-8,
            1.0
          ],
          "class_index": 73,
          "conditional_hand_mass": 0.009049773810439787,
          "expected_action_loss_bb": 4.225152582920438e-9,
          "hand": "T7o",
          "probability_on_actions_losing_over_0_1bb": 1.1964067958558644e-8,
          "reference_expected_action_loss_bb": 4.225152582920438e-9,
          "reference_probabilities": [
            1.1964067958558644e-8,
            1.0
          ]
        },
        {
          "action_values_bb": [
            -1.0000000283803316,
            -0.6905332511535249
          ],
          "candidate_probabilities": [
            1.1964067958558644e-8,
            1.0
          ],
          "class_index": 74,
          "conditional_hand_mass": 0.009049773810439787,
          "expected_action_loss_bb": 3.702481553657644e-9,
          "hand": "J7o",
          "probability_on_actions_losing_over_0_1bb": 1.1964067958558644e-8,
          "reference_expected_action_loss_bb": 3.702481553657644e-9,
          "reference_probabilities": [
            1.1964067958558644e-8,
            1.0
          ]
        },
        {
          "action_values_bb": [
            -1.0000000283803316,
            -0.5107220412253126
          ],
          "candidate_probabilities": [
            1.1964067958558644e-8,
            1.0
          ],
          "class_index": 75,
          "conditional_hand_mass": 0.009049773810439787,
          "expected_action_loss_bb": 5.853755088949431e-9,
          "hand": "Q7o",
          "probability_on_actions_losing_over_0_1bb": 1.1964067958558644e-8,
          "reference_expected_action_loss_bb": 5.853755088949431e-9,
          "reference_probabilities": [
            1.1964067958558644e-8,
            1.0
          ]
        },
        {
          "action_values_bb": [
            -1.0000000283803316,
            -0.22796883476806235
          ],
          "candidate_probabilities": [
            1.1964067958558644e-8,
            1.0
          ],
          "class_index": 76,
          "conditional_hand_mass": 0.009049773810439787,
          "expected_action_loss_bb": 9.236633666504335e-9,
          "hand": "K7o",
          "probability_on_actions_losing_over_0_1bb": 1.1964067958558644e-8,
          "reference_expected_action_loss_bb": 9.236633666504335e-9,
          "reference_probabilities": [
            1.1964067958558644e-8,
            1.0
          ]
        },
        {
          "action_values_bb": [
            -1.0000000283803316,
            -0.07552420196646788
          ],
          "candidate_probabilities": [
            1.1964067958558644e-8,
            1.0
          ],
          "class_index": 77,
          "conditional_hand_mass": 0.009049773810439787,
          "expected_action_loss_bb": 1.106049161326013e-8,
          "hand": "A7o",
          "probability_on_actions_losing_over_0_1bb": 1.1964067958558644e-8,
          "reference_expected_action_loss_bb": 1.106049161326013e-8,
          "reference_probabilities": [
            1.1964067958558644e-8,
            1.0
          ]
        },
        {
          "action_values_bb": [
            -1.0000000283803316,
            -0.7372291145111235
          ],
          "candidate_probabilities": [
            1.1964070623093903e-8,
            1.0
          ],
          "class_index": 78,
          "conditional_hand_mass": 0.0030165911925363843,
          "expected_action_loss_bb": 3.1438097712261316e-9,
          "hand": "82s",
          "probability_on_actions_losing_over_0_1bb": 1.1964070623093903e-8,
          "reference_expected_action_loss_bb": 3.1438097712261316e-9,
          "reference_probabilities": [
            1.1964070623093903e-8,
            1.0
          ]
        },
        {
          "action_values_bb": [
            -1.0000000283803316,
            -0.810299177295447
          ],
          "candidate_probabilities": [
            1.1964070623093903e-8,
            1.0
          ],
          "class_index": 79,
          "conditional_hand_mass": 0.0030165911925363843,
          "expected_action_loss_bb": 2.2695943796405796e-9,
          "hand": "83s",
          "probability_on_actions_losing_over_0_1bb": 1.1964070623093903e-8,
          "reference_expected_action_loss_bb": 2.2695943796405796e-9,
          "reference_probabilities": [
            1.1964070623093903e-8,
            1.0
          ]
        },
        {
          "action_values_bb": [
            -1.0000000283803316,
            -0.5966458483096436
          ],
          "candidate_probabilities": [
            1.1964070623093903e-8,
            1.0
          ],
          "class_index": 80,
          "conditional_hand_mass": 0.0030165911925363843,
          "expected_action_loss_bb": 4.825757896485847e-9,
          "hand": "84s",
          "probability_on_actions_losing_over_0_1bb": 1.1964070623093903e-8,
          "reference_expected_action_loss_bb": 4.825757896485847e-9,
          "reference_probabilities": [
            1.1964070623093903e-8,
            1.0
          ]
        },
        {
          "action_values_bb": [
            -1.0000000283803316,
            -0.5109736164579659
          ],
          "candidate_probabilities": [
            1.1964070623093903e-8,
            1.0
          ],
          "class_index": 81,
          "conditional_hand_mass": 0.0030165911925363843,
          "expected_action_loss_bb": 5.850746528797394e-9,
          "hand": "85s",
          "probability_on_actions_losing_over_0_1bb": 1.1964070623093903e-8,
          "reference_expected_action_loss_bb": 5.850746528797394e-9,
          "reference_probabilities": [
            1.1964070623093903e-8,
            1.0
          ]
        },
        {
          "action_values_bb": [
            -1.0000000283803316,
            -0.5513604834231212
          ],
          "candidate_probabilities": [
            1.1964070623093903e-8,
            1.0
          ],
          "class_index": 82,
          "conditional_hand_mass": 0.0030165911925363843,
          "expected_action_loss_bb": 5.367555200180778e-9,
          "hand": "86s",
          "probability_on_actions_losing_over_0_1bb": 1.1964070623093903e-8,
          "reference_expected_action_loss_bb": 5.367555200180778e-9,
          "reference_probabilities": [
            1.1964070623093903e-8,
            1.0
          ]
        },
        {
          "action_values_bb": [
            -1.0000000283803316,
            -0.4492876246326324
          ],
          "candidate_probabilities": [
            1.1964070623093903e-8,
            1.0
          ],
          "class_index": 83,
          "conditional_hand_mass": 0.0030165911925363843,
          "expected_action_loss_bb": 6.5887620914512775e-9,
          "hand": "87s",
          "probability_on_actions_losing_over_0_1bb": 1.1964070623093903e-8,
          "reference_expected_action_loss_bb": 6.5887620914512775e-9,
          "reference_probabilities": [
            1.1964070623093903e-8,
            1.0
          ]
        },
        {
          "action_values_bb": [
            -1.0000000283803316,
            0.5127089022004152
          ],
          "candidate_probabilities": [
            1.1964067958558644e-8,
            1.0
          ],
          "class_index": 84,
          "conditional_hand_mass": 0.0045248869052198935,
          "expected_action_loss_bb": 1.8098152446986625e-8,
          "hand": "88",
          "probability_on_actions_losing_over_0_1bb": 1.1964067958558644e-8,
          "reference_expected_action_loss_bb": 1.8098152446986625e-8,
          "reference_probabilities": [
            1.1964067958558644e-8,
            1.0
          ]
        },
        {
          "action_values_bb": [
            -1.0000000283803316,
            -0.5922928311209904
          ],
          "candidate_probabilities": [
            1.1964067958558644e-8,
            1.0
          ],
          "class_index": 85,
          "conditional_hand_mass": 0.009049773810439787,
          "expected_action_loss_bb": 4.877836615204233e-9,
          "hand": "98o",
          "probability_on_actions_losing_over_0_1bb": 1.1964067958558644e-8,
          "reference_expected_action_loss_bb": 4.877836615204233e-9,
          "reference_probabilities": [
            1.1964067958558644e-8,
            1.0
          ]
        },
        {
          "action_values_bb": [
            -1.0000000283803316,
            -0.6228843794116291
          ],
          "candidate_probabilities": [
            1.1964067958558644e-8,
            1.0
          ],
          "class_index": 86,
          "conditional_hand_mass": 0.009049773810439787,
          "expected_action_loss_bb": 4.5118372524975035e-9,
          "hand": "T8o",
          "probability_on_actions_losing_over_0_1bb": 1.1964067958558644e-8,
          "reference_expected_action_loss_bb": 4.5118372524975035e-9,
          "reference_probabilities": [
            1.1964067958558644e-8,
            1.0
          ]
        },
        {
          "action_values_bb": [
            -1.0000000283803316,
            -0.5413953332364743
          ],
          "candidate_probabilities": [
            1.1964067958558644e-8,
            1.0
          ],
          "class_index": 87,
          "conditional_hand_mass": 0.009049773810439787,
          "expected_action_loss_bb": 5.486777738815179e-9,
          "hand": "J8o",
          "probability_on_actions_losing_over_0_1bb": 1.1964067958558644e-8,
          "reference_expected_action_loss_bb": 5.486777738815179e-9,
          "reference_probabilities": [
            1.1964067958558644e-8,
            1.0
          ]
        },
        {
          "action_values_bb": [
            -1.0000000283803316,
            -0.30569579209995923
          ],
          "candidate_probabilities": [
            1.1964067958558644e-8,
            1.0
          ],
          "class_index": 88,
          "conditional_hand_mass": 0.009049773810439787,
          "expected_action_loss_bb": 8.306703066773534e-9,
          "hand": "Q8o",
          "probability_on_actions_losing_over_0_1bb": 1.1964067958558644e-8,
          "reference_expected_action_loss_bb": 8.306703066773534e-9,
          "reference_probabilities": [
            1.1964067958558644e-8,
            1.0
          ]
        },
        {
          "action_values_bb": [
            -1.0000000283803316,
            0.030001342312532757
          ],
          "candidate_probabilities": [
            1.1964067958558644e-8,
            1.0
          ],
          "class_index": 89,
          "conditional_hand_mass": 0.009049773810439787,
          "expected_action_loss_bb": 1.2323006396377982e-8,
          "hand": "K8o",
          "probability_on_actions_losing_over_0_1bb": 1.1964067958558644e-8,
          "reference_expected_action_loss_bb": 1.2323006396377982e-8,
          "reference_probabilities": [
            1.1964067958558644e-8,
            1.0
          ]
        },
        {
          "action_values_bb": [
            -1.0000000283803316,
            0.12417352421800745
          ],
          "candidate_probabilities": [
            1.1964067958558644e-8,
            1.0
          ],
          "class_index": 90,
          "conditional_hand_mass": 0.009049773810439787,
          "expected_action_loss_bb": 1.344968878050083e-8,
          "hand": "A8o",
          "probability_on_actions_losing_over_0_1bb": 1.1964067958558644e-8,
          "reference_expected_action_loss_bb": 1.344968878050083e-8,
          "reference_probabilities": [
            1.1964067958558644e-8,
            1.0
          ]
        },
        {
          "action_values_bb": [
            -1.0000000283803316,
            -0.6569207583010427
          ],
          "candidate_probabilities": [
            1.1964070623093903e-8,
            1.0
          ],
          "class_index": 91,
          "conditional_hand_mass": 0.0030165911925363843,
          "expected_action_loss_bb": 4.10462461654812e-9,
          "hand": "92s",
          "probability_on_actions_losing_over_0_1bb": 1.1964070623093903e-8,
          "reference_expected_action_loss_bb": 4.10462461654812e-9,
          "reference_probabilities": [
            1.1964070623093903e-8,
            1.0
          ]
        },
        {
          "action_values_bb": [
            -1.0000000283803316,
            -0.5842201465069331
          ],
          "candidate_probabilities": [
            1.1964070623093903e-8,
            1.0
          ],
          "class_index": 92,
          "conditional_hand_mass": 0.0030165911925363843,
          "expected_action_loss_bb": 4.97441987039498e-9,
          "hand": "93s",
          "probability_on_actions_losing_over_0_1bb": 1.1964070623093903e-8,
          "reference_expected_action_loss_bb": 4.97441987039498e-9,
          "reference_probabilities": [
            1.1964070623093903e-8,
            1.0
          ]
        },
        {
          "action_values_bb": [
            -1.0000000283803316,
            -0.5576147166272389
          ],
          "candidate_probabilities": [
            1.1964070623093903e-8,
            1.0
          ],
          "class_index": 93,
          "conditional_hand_mass": 0.0030165911925363843,
          "expected_action_loss_bb": 5.292729112433414e-9,
          "hand": "94s",
          "probability_on_actions_losing_over_0_1bb": 1.1964070623093903e-8,
          "reference_expected_action_loss_bb": 5.292729112433414e-9,
          "reference_probabilities": [
            1.1964070623093903e-8,
            1.0
          ]
        },
        {
          "action_values_bb": [
            -1.0000000283803316,
            -0.45612310600471523
          ],
          "candidate_probabilities": [
            1.1964070623093903e-8,
            1.0
          ],
          "class_index": 94,
          "conditional_hand_mass": 0.0030165911925363843,
          "expected_action_loss_bb": 6.506981909572835e-9,
          "hand": "95s",
          "probability_on_actions_losing_over_0_1bb": 1.1964070623093903e-8,
          "reference_expected_action_loss_bb": 6.506981909572835e-9,
          "reference_probabilities": [
            1.1964070623093903e-8,
            1.0
          ]
        },
        {
          "action_values_bb": [
            -1.0000000283803316,
            -0.4350519666416068
          ],
          "candidate_probabilities": [
            1.1964070623093903e-8,
            1.0
          ],
          "class_index": 95,
          "conditional_hand_mass": 0.0030165911925363843,
          "expected_action_loss_bb": 6.759078509022118e-9,
          "hand": "96s",
          "probability_on_actions_losing_over_0_1bb": 1.1964070623093903e-8,
          "reference_expected_action_loss_bb": 6.759078509022118e-9,
          "reference_probabilities": [
            1.1964070623093903e-8,
            1.0
          ]
        },
        {
          "action_values_bb": [
            -1.0000000283803316,
            -0.4376888396815996
          ],
          "candidate_probabilities": [
            1.1964070623093903e-8,
            1.0
          ],
          "class_index": 96,
          "conditional_hand_mass": 0.0030165911925363843,
          "expected_action_loss_bb": 6.727530773747512e-9,
          "hand": "97s",
          "probability_on_actions_losing_over_0_1bb": 1.1964070623093903e-8,
          "reference_expected_action_loss_bb": 6.727530773747512e-9,
          "reference_probabilities": [
            1.1964070623093903e-8,
            1.0
          ]
        },
        {
          "action_values_bb": [
            -1.0000000283803316,
            -0.33049478419857753
          ],
          "candidate_probabilities": [
            1.1964070623093903e-8,
            1.0
          ],
          "class_index": 97,
          "conditional_hand_mass": 0.0030165911925363843,
          "expected_action_loss_bb": 8.010008023922235e-9,
          "hand": "98s",
          "probability_on_actions_losing_over_0_1bb": 1.1964070623093903e-8,
          "reference_expected_action_loss_bb": 8.010008023922235e-9,
          "reference_probabilities": [
            1.1964070623093903e-8,
            1.0
          ]
        },
        {
          "action_values_bb": [
            -1.0000000283803316,
            0.7423255182821779
          ],
          "candidate_probabilities": [
            1.1964067958558644e-8,
            1.0
          ],
          "class_index": 98,
          "conditional_hand_mass": 0.0045248869052198935,
          "expected_action_loss_bb": 2.0845301246203105e-8,
          "hand": "99",
          "probability_on_actions_losing_over_0_1bb": 1.1964067958558644e-8,
          "reference_expected_action_loss_bb": 2.0845301246203105e-8,
          "reference_probabilities": [
            1.1964067958558644e-8,
            1.0
          ]
        },
        {
          "action_values_bb": [
            -1.0000000283803316,
            -0.31786782220974436
          ],
          "candidate_probabilities": [
            1.1964067958558644e-8,
            1.0
          ],
          "class_index": 99,
          "conditional_hand_mass": 0.009049773810439787,
          "expected_action_loss_bb": 8.161076071346441e-9,
          "hand": "T9o",
          "probability_on_actions_losing_over_0_1bb": 1.1964067958558644e-8,
          "reference_expected_action_loss_bb": 8.161076071346441e-9,
          "reference_probabilities": [
            1.1964067958558644e-8,
            1.0
          ]
        },
        {
          "action_values_bb": [
            -1.0000000283803316,
            -0.3095121336890415
          ],
          "candidate_probabilities": [
            1.1964067958558644e-8,
            1.0
          ],
          "class_index": 100,
          "conditional_hand_mass": 0.009049773810439787,
          "expected_action_loss_bb": 8.261044096648679e-9,
          "hand": "J9o",
          "probability_on_actions_losing_over_0_1bb": 1.1964067958558644e-8,
          "reference_expected_action_loss_bb": 8.261044096648679e-9,
          "reference_probabilities": [
            1.1964067958558644e-8,
            1.0
          ]
        },
        {
          "action_values_bb": [
            -1.0000000283803316,
            -0.19916607753203505
          ],
          "candidate_probabilities": [
            1.1964067958558644e-8,
            1.0
          ],
          "class_index": 101,
          "conditional_hand_mass": 0.009049773810439787,
          "expected_action_loss_bb": 9.581231811470033e-9,
          "hand": "Q9o",
          "probability_on_actions_losing_over_0_1bb": 1.1964067958558644e-8,
          "reference_expected_action_loss_bb": 9.581231811470033e-9,
          "reference_probabilities": [
            1.1964067958558644e-8,
            1.0
          ]
        },
        {
          "action_values_bb": [
            -1.0000000283803316,
            0.02658079647149682
          ],
          "candidate_probabilities": [
            1.1964067958558644e-8,
            1.0
          ],
          "class_index": 102,
          "conditional_hand_mass": 0.009049773810439787,
          "expected_action_loss_bb": 1.2282082753480464e-8,
          "hand": "K9o",
          "probability_on_actions_losing_over_0_1bb": 1.1964067958558644e-8,
          "reference_expected_action_loss_bb": 1.2282082753480464e-8,
          "reference_probabilities": [
            1.1964067958558644e-8,
            1.0
          ]
        },
        {
          "action_values_bb": [
            -1.0000000283803316,
            0.1363898716749361
          ],
          "candidate_probabilities": [
            1.1964067958558644e-8,
            1.0
          ],
          "class_index": 103,
          "conditional_hand_mass": 0.009049773810439787,
          "expected_action_loss_bb": 1.359584599168089e-8,
          "hand": "A9o",
          "probability_on_actions_losing_over_0_1bb": 1.1964067958558644e-8,
          "reference_expected_action_loss_bb": 1.359584599168089e-8,
          "reference_probabilities": [
            1.1964067958558644e-8,
            1.0
          ]
        },
        {
          "action_values_bb": [
            -1.0000000283803316,
            -0.6401468885134387
          ],
          "candidate_probabilities": [
            1.1964070623093903e-8,
            1.0
          ],
          "class_index": 104,
          "conditional_hand_mass": 0.0030165911925363843,
          "expected_action_loss_bb": 4.305308379309595e-9,
          "hand": "T2s",
          "probability_on_actions_losing_over_0_1bb": 1.1964070623093903e-8,
          "reference_expected_action_loss_bb": 4.305308379309595e-9,
          "reference_probabilities": [
            1.1964070623093903e-8,
            1.0
          ]
        },
        {
          "action_values_bb": [
            -1.0000000283803316,
            -0.6866250116841669
          ],
          "candidate_probabilities": [
            1.1964070623093903e-8,
            1.0
          ],
          "class_index": 105,
          "conditional_hand_mass": 0.0030165911925363843,
          "expected_action_loss_bb": 3.749240831266146e-9,
          "hand": "T3s",
          "probability_on_actions_losing_over_0_1bb": 1.1964070623093903e-8,
          "reference_expected_action_loss_bb": 3.749240831266146e-9,
          "reference_probabilities": [
            1.1964070623093903e-8,
            1.0
          ]
        },
        {
          "action_values_bb": [
            -1.0000000283803316,
            -0.5751145814920302
          ],
          "candidate_probabilities": [
            1.1964070623093903e-8,
            1.0
          ],
          "class_index": 106,
          "conditional_hand_mass": 0.0030165911925363843,
          "expected_action_loss_bb": 5.083359493296452e-9,
          "hand": "T4s",
          "probability_on_actions_losing_over_0_1bb": 1.1964070623093903e-8,
          "reference_expected_action_loss_bb": 5.083359493296452e-9,
          "reference_probabilities": [
            1.1964070623093903e-8,
            1.0
          ]
        },
        {
          "action_values_bb": [
            -1.0000000283803316,
            -0.5114585732941284
          ],
          "candidate_probabilities": [
            1.1964070623093903e-8,
            1.0
          ],
          "class_index": 107,
          "conditional_hand_mass": 0.0030165911925363843,
          "expected_action_loss_bb": 5.8449444709603945e-9,
          "hand": "T5s",
          "probability_on_actions_losing_over_0_1bb": 1.1964070623093903e-8,
          "reference_expected_action_loss_bb": 5.8449444709603945e-9,
          "reference_probabilities": [
            1.1964070623093903e-8,
            1.0
          ]
        },
        {
          "action_values_bb": [
            -1.0000000283803316,
            -0.4544125402633875
          ],
          "candidate_probabilities": [
            1.1964070623093903e-8,
            1.0
          ],
          "class_index": 108,
          "conditional_hand_mass": 0.0030165911925363843,
          "expected_action_loss_bb": 6.527447238907525e-9,
          "hand": "T6s",
          "probability_on_actions_losing_over_0_1bb": 1.1964070623093903e-8,
          "reference_expected_action_loss_bb": 6.527447238907525e-9,
          "reference_probabilities": [
            1.1964070623093903e-8,
            1.0
          ]
        },
        {
          "action_values_bb": [
            -1.0000000283803316,
            -0.40618542232303934
          ],
          "candidate_probabilities": [
            1.1964070623093903e-8,
            1.0
          ],
          "class_index": 109,
          "conditional_hand_mass": 0.0030165911925363843,
          "expected_action_loss_bb": 7.10443988389413e-9,
          "hand": "T7s",
          "probability_on_actions_losing_over_0_1bb": 1.1964070623093903e-8,
          "reference_expected_action_loss_bb": 7.10443988389413e-9,
          "reference_probabilities": [
            1.1964070623093903e-8,
            1.0
          ]
        },
        {
          "action_values_bb": [
            -1.0000000283803316,
            -0.39079357560698935
          ],
          "candidate_probabilities": [
            1.1964070623093903e-8,
            1.0
          ],
          "class_index": 110,
          "conditional_hand_mass": 0.0030165911925363843,
          "expected_action_loss_bb": 7.288589025024787e-9,
          "hand": "T8s",
          "probability_on_actions_losing_over_0_1bb": 1.1964070623093903e-8,
          "reference_expected_action_loss_bb": 7.288589025024787e-9,
          "reference_probabilities": [
            1.1964070623093903e-8,
            1.0
          ]
        },
        {
          "action_values_bb": [
            -1.0000000283803316,
            -0.12210443642501484
          ],
          "candidate_probabilities": [
            1.1964070623093903e-8,
            1.0
          ],
          "class_index": 111,
          "conditional_hand_mass": 0.0030165911925363843,
          "expected_action_loss_bb": 1.050320486185624e-8,
          "hand": "T9s",
          "probability_on_actions_losing_over_0_1bb": 1.1964070623093903e-8,
          "reference_expected_action_loss_bb": 1.050320486185624e-8,
          "reference_probabilities": [
            1.1964070623093903e-8,
            1.0
          ]
        },
        {
          "action_values_bb": [
            -1.0000000283803316,
            0.9034262760340357
          ],
          "candidate_probabilities": [
            1.1964067958558644e-8,
            1.0
          ],
          "class_index": 112,
          "conditional_hand_mass": 0.0045248869052198935,
          "expected_action_loss_bb": 2.2772721660121623e-8,
          "hand": "TT",
          "probability_on_actions_losing_over_0_1bb": 1.1964067958558644e-8,
          "reference_expected_action_loss_bb": 2.2772721660121623e-8,
          "reference_probabilities": [
            1.1964067958558644e-8,
            1.0
          ]
        },
        {
          "action_values_bb": [
            -1.0000000283803316,
            -0.16849887437070715
          ],
          "candidate_probabilities": [
            1.1964067958558644e-8,
            1.0
          ],
          "class_index": 113,
          "conditional_hand_mass": 0.009049773810439787,
          "expected_action_loss_bb": 9.948136314191084e-9,
          "hand": "JTo",
          "probability_on_actions_losing_over_0_1bb": 1.1964067958558644e-8,
          "reference_expected_action_loss_bb": 9.948136314191084e-9,
          "reference_probabilities": [
            1.1964067958558644e-8,
            1.0
          ]
        },
        {
          "action_values_bb": [
            -1.0000000283803316,
            -0.1021941435747527
          ],
          "candidate_probabilities": [
            1.1964067958558644e-8,
            1.0
          ],
          "class_index": 114,
          "conditional_hand_mass": 0.009049773810439787,
          "expected_action_loss_bb": 1.0741410619407821e-8,
          "hand": "QTo",
          "probability_on_actions_losing_over_0_1bb": 1.1964067958558644e-8,
          "reference_expected_action_loss_bb": 1.0741410619407821e-8,
          "reference_probabilities": [
            1.1964067958558644e-8,
            1.0
          ]
        },
        {
          "action_values_bb": [
            -1.0000000283803316,
            0.16289392402790667
          ],
          "candidate_probabilities": [
            1.1964067958558644e-8,
            1.0
          ],
          "class_index": 115,
          "conditional_hand_mass": 0.009049773810439787,
          "expected_action_loss_bb": 1.3912942275209023e-8,
          "hand": "KTo",
          "probability_on_actions_losing_over_0_1bb": 1.1964067958558644e-8,
          "reference_expected_action_loss_bb": 1.3912942275209023e-8,
          "reference_probabilities": [
            1.1964067958558644e-8,
            1.0
          ]
        },
        {
          "action_values_bb": [
            -1.0000000283803316,
            0.2739933021659951
          ],
          "candidate_probabilities": [
            1.1964067958558644e-8,
            1.0
          ],
          "class_index": 116,
          "conditional_hand_mass": 0.009049773810439787,
          "expected_action_loss_bb": 1.524214278540672e-8,
          "hand": "ATo",
          "probability_on_actions_losing_over_0_1bb": 1.1964067958558644e-8,
          "reference_expected_action_loss_bb": 1.524214278540672e-8,
          "reference_probabilities": [
            1.1964067958558644e-8,
            1.0
          ]
        },
        {
          "action_values_bb": [
            -1.0000000283803316,
            -0.6090937908213279
          ],
          "candidate_probabilities": [
            1.1964070623093903e-8,
            1.0
          ],
          "class_index": 117,
          "conditional_hand_mass": 0.0030165911925363843,
          "expected_action_loss_bb": 4.6768298331638436e-9,
          "hand": "J2s",
          "probability_on_actions_losing_over_0_1bb": 1.1964070623093903e-8,
          "reference_expected_action_loss_bb": 4.6768298331638436e-9,
          "reference_probabilities": [
            1.1964070623093903e-8,
            1.0
          ]
        },
        {
          "action_values_bb": [
            -1.0000000283803316,
            -0.7497640510090556
          ],
          "candidate_probabilities": [
            1.1964070623093903e-8,
            1.0
          ],
          "class_index": 118,
          "conditional_hand_mass": 0.0030165911925363843,
          "expected_action_loss_bb": 2.993840905708874e-9,
          "hand": "J3s",
          "probability_on_actions_losing_over_0_1bb": 1.1964070623093903e-8,
          "reference_expected_action_loss_bb": 2.993840905708874e-9,
          "reference_probabilities": [
            1.1964070623093903e-8,
            1.0
          ]
        },
        {
          "action_values_bb": [
            -1.0000000283803316,
            -0.5460047748615406
          ],
          "candidate_probabilities": [
            1.1964070623093903e-8,
            1.0
          ],
          "class_index": 119,
          "conditional_hand_mass": 0.0030165911925363843,
          "expected_action_loss_bb": 5.431631275648236e-9,
          "hand": "J4s",
          "probability_on_actions_losing_over_0_1bb": 1.1964070623093903e-8,
          "reference_expected_action_loss_bb": 5.431631275648236e-9,
          "reference_probabilities": [
            1.1964070623093903e-8,
            1.0
          ]
        },
        {
          "action_values_bb": [
            -1.0000000283803316,
            -0.4444703235291086
          ],
          "candidate_probabilities": [
            1.1964070623093903e-8,
            1.0
          ],
          "class_index": 120,
          "conditional_hand_mass": 0.0030165911925363843,
          "expected_action_loss_bb": 6.646396622066545e-9,
          "hand": "J5s",
          "probability_on_actions_losing_over_0_1bb": 1.1964070623093903e-8,
          "reference_expected_action_loss_bb": 6.646396622066545e-9,
          "reference_probabilities": [
            1.1964070623093903e-8,
            1.0
          ]
        },
        {
          "action_values_bb": [
            -1.0000000283803316,
            -0.43264792830244353
          ],
          "candidate_probabilities": [
            1.1964070623093903e-8,
            1.0
          ],
          "class_index": 121,
          "conditional_hand_mass": 0.0030165911925363843,
          "expected_action_loss_bb": 6.787840593492493e-9,
          "hand": "J6s",
          "probability_on_actions_losing_over_0_1bb": 1.1964070623093903e-8,
          "reference_expected_action_loss_bb": 6.787840593492493e-9,
          "reference_probabilities": [
            1.1964070623093903e-8,
            1.0
          ]
        },
        {
          "action_values_bb": [
            -1.0000000283803316,
            -0.4223552927912036
          ],
          "candidate_probabilities": [
            1.1964070623093903e-8,
            1.0
          ],
          "class_index": 122,
          "conditional_hand_mass": 0.0030165911925363843,
          "expected_action_loss_bb": 6.910982411646733e-9,
          "hand": "J7s",
          "probability_on_actions_losing_over_0_1bb": 1.1964070623093903e-8,
          "reference_expected_action_loss_bb": 6.910982411646733e-9,
          "reference_probabilities": [
            1.1964070623093903e-8,
            1.0
          ]
        },
        {
          "action_values_bb": [
            -1.0000000283803316,
            -0.3352640672468254
          ],
          "candidate_probabilities": [
            1.1964070623093903e-8,
            1.0
          ],
          "class_index": 123,
          "conditional_hand_mass": 0.0030165911925363843,
          "expected_action_loss_bb": 7.952947984711472e-9,
          "hand": "J8s",
          "probability_on_actions_losing_over_0_1bb": 1.1964070623093903e-8,
          "reference_expected_action_loss_bb": 7.952947984711472e-9,
          "reference_probabilities": [
            1.1964070623093903e-8,
            1.0
          ]
        },
        {
          "action_values_bb": [
            -1.0000000283803316,
            -0.11712543442919864
          ],
          "candidate_probabilities": [
            1.1964070623093903e-8,
            1.0
          ],
          "class_index": 124,
          "conditional_hand_mass": 0.0030165911925363843,
          "expected_action_loss_bb": 1.0562773993366709e-8,
          "hand": "J9s",
          "probability_on_actions_losing_over_0_1bb": 1.1964070623093903e-8,
          "reference_expected_action_loss_bb": 1.0562773993366709e-8,
          "reference_probabilities": [
            1.1964070623093903e-8,
            1.0
          ]
        },
        {
          "action_values_bb": [
            -1.0000000283803316,
            0.060137177109043746
          ],
          "candidate_probabilities": [
            1.1964070623093903e-8,
            1.0
          ],
          "class_index": 125,
          "conditional_hand_mass": 0.0030165911925363843,
          "expected_action_loss_bb": 1.26835563966443e-8,
          "hand": "JTs",
          "probability_on_actions_losing_over_0_1bb": 1.1964070623093903e-8,
          "reference_expected_action_loss_bb": 1.26835563966443e-8,
          "reference_probabilities": [
            1.1964070623093903e-8,
            1.0
          ]
        },
        {
          "action_values_bb": [
            -1.0000000283803316,
            1.1989928289133542
          ],
          "candidate_probabilities": [
            1.1964067958558644e-8,
            1.0
          ],
          "class_index": 126,
          "conditional_hand_mass": 0.0045248869052198935,
          "expected_action_loss_bb": 2.6308899985046707e-8,
          "hand": "JJ",
          "probability_on_actions_losing_over_0_1bb": 1.1964067958558644e-8,
          "reference_expected_action_loss_bb": 2.6308899985046707e-8,
          "reference_probabilities": [
            1.1964067958558644e-8,
            1.0
          ]
        },
        {
          "action_values_bb": [
            -1.0000000283803316,
            -0.008230234173196672
          ],
          "candidate_probabilities": [
            1.1964067958558644e-8,
            1.0
          ],
          "class_index": 127,
          "conditional_hand_mass": 0.009049773810439787,
          "expected_action_loss_bb": 1.1865601217139884e-8,
          "hand": "QJo",
          "probability_on_actions_losing_over_0_1bb": 1.1964067958558644e-8,
          "reference_expected_action_loss_bb": 1.1865601217139884e-8,
          "reference_probabilities": [
            1.1964067958558644e-8,
            1.0
          ]
        },
        {
          "action_values_bb": [
            -1.0000000283803316,
            0.31447060860428033
          ],
          "candidate_probabilities": [
            1.1964067958558644e-8,
            1.0
          ],
          "class_index": 128,
          "conditional_hand_mass": 0.009049773810439787,
          "expected_action_loss_bb": 1.572641603041377e-8,
          "hand": "KJo",
          "probability_on_actions_losing_over_0_1bb": 1.1964067958558644e-8,
          "reference_expected_action_loss_bb": 1.572641603041377e-8,
          "reference_probabilities": [
            1.1964067958558644e-8,
            1.0
          ]
        },
        {
          "action_values_bb": [
            -1.0000000283803316,
            0.33992907418414736
          ],
          "candidate_probabilities": [
            1.1964067958558644e-8,
            1.0
          ],
          "class_index": 129,
          "conditional_hand_mass": 0.009049773810439787,
          "expected_action_loss_bb": 1.6031002842731923e-8,
          "hand": "AJo",
          "probability_on_actions_losing_over_0_1bb": 1.1964067958558644e-8,
          "reference_expected_action_loss_bb": 1.6031002842731923e-8,
          "reference_probabilities": [
            1.1964067958558644e-8,
            1.0
          ]
        },
        {
          "action_values_bb": [
            -1.0000000283803316,
            -0.4277131525033242
          ],
          "candidate_probabilities": [
            1.1964070623093903e-8,
            1.0
          ],
          "class_index": 130,
          "conditional_hand_mass": 0.0030165911925363843,
          "expected_action_loss_bb": 6.846880599662292e-9,
          "hand": "Q2s",
          "probability_on_actions_losing_over_0_1bb": 1.1964070623093903e-8,
          "reference_expected_action_loss_bb": 6.846880599662292e-9,
          "reference_probabilities": [
            1.1964070623093903e-8,
            1.0
          ]
        },
        {
          "action_values_bb": [
            -1.0000000283803316,
            -0.4372637139985942
          ],
          "candidate_probabilities": [
            1.1964070623093903e-8,
            1.0
          ],
          "class_index": 131,
          "conditional_hand_mass": 0.0030165911925363843,
          "expected_action_loss_bb": 6.73261700744268e-9,
          "hand": "Q3s",
          "probability_on_actions_losing_over_0_1bb": 1.1964070623093903e-8,
          "reference_expected_action_loss_bb": 6.73261700744268e-9,
          "reference_probabilities": [
            1.1964070623093903e-8,
            1.0
          ]
        },
        {
          "action_values_bb": [
            -1.0000000283803316,
            -0.4368990028316042
          ],
          "candidate_probabilities": [
            1.1964070623093903e-8,
            1.0
          ],
          "class_index": 132,
          "conditional_hand_mass": 0.0030165911925363843,
          "expected_action_loss_bb": 6.736980437601579e-9,
          "hand": "Q4s",
          "probability_on_actions_losing_over_0_1bb": 1.1964070623093903e-8,
          "reference_expected_action_loss_bb": 6.736980437601579e-9,
          "reference_probabilities": [
            1.1964070623093903e-8,
            1.0
          ]
        },
        {
          "action_values_bb": [
            -1.0000000283803316,
            -0.23097494003719715
          ],
          "candidate_probabilities": [
            1.1964070623093903e-8,
            1.0
          ],
          "class_index": 133,
          "conditional_hand_mass": 0.0030165911925363843,
          "expected_action_loss_bb": 9.200670467868288e-9,
          "hand": "Q5s",
          "probability_on_actions_losing_over_0_1bb": 1.1964070623093903e-8,
          "reference_expected_action_loss_bb": 9.200670467868288e-9,
          "reference_probabilities": [
            1.1964070623093903e-8,
            1.0
          ]
        },
        {
          "action_values_bb": [
            -1.0000000283803316,
            -0.28452354866146706
          ],
          "candidate_probabilities": [
            1.1964070623093903e-8,
            1.0
          ],
          "class_index": 134,
          "conditional_hand_mass": 0.0030165911925363843,
          "expected_action_loss_bb": 8.560011132519109e-9,
          "hand": "Q6s",
          "probability_on_actions_losing_over_0_1bb": 1.1964070623093903e-8,
          "reference_expected_action_loss_bb": 8.560011132519109e-9,
          "reference_probabilities": [
            1.1964070623093903e-8,
            1.0
          ]
        },
        {
          "action_values_bb": [
            -1.0000000283803316,
            -0.30909637827194797
          ],
          "candidate_probabilities": [
            1.1964070623093903e-8,
            1.0
          ],
          "class_index": 135,
          "conditional_hand_mass": 0.0030165911925363843,
          "expected_action_loss_bb": 8.266020063650062e-9,
          "hand": "Q7s",
          "probability_on_actions_losing_over_0_1bb": 1.1964070623093903e-8,
          "reference_expected_action_loss_bb": 8.266020063650062e-9,
          "reference_probabilities": [
            1.1964070623093903e-8,
            1.0
          ]
        },
        {
          "action_values_bb": [
            -1.0000000283803316,
            -0.024224700988491086
          ],
          "candidate_probabilities": [
            1.1964070623093903e-8,
            1.0
          ],
          "class_index": 136,
          "conditional_hand_mass": 0.0030165911925363843,
          "expected_action_loss_bb": 1.1674244929188556e-8,
          "hand": "Q8s",
          "probability_on_actions_losing_over_0_1bb": 1.1964070623093903e-8,
          "reference_expected_action_loss_bb": 1.1674244929188556e-8,
          "reference_probabilities": [
            1.1964070623093903e-8,
            1.0
          ]
        },
        {
          "action_values_bb": [
            -1.0000000283803316,
            0.02229731112228149
          ],
          "candidate_probabilities": [
            1.1964070623093903e-8,
            1.0
          ],
          "class_index": 137,
          "conditional_hand_mass": 0.0030165911925363843,
          "expected_action_loss_bb": 1.2230837567610269e-8,
          "hand": "Q9s",
          "probability_on_actions_losing_over_0_1bb": 1.1964070623093903e-8,
          "reference_expected_action_loss_bb": 1.2230837567610269e-8,
          "reference_probabilities": [
            1.1964070623093903e-8,
            1.0
          ]
        },
        {
          "action_values_bb": [
            -1.0000000283803316,
            0.1466006905452957
          ],
          "candidate_probabilities": [
            1.1964070623093903e-8,
            1.0
          ],
          "class_index": 138,
          "conditional_hand_mass": 0.0030165911925363843,
          "expected_action_loss_bb": 1.3718011977716447e-8,
          "hand": "QTs",
          "probability_on_actions_losing_over_0_1bb": 1.1964070623093903e-8,
          "reference_expected_action_loss_bb": 1.3718011977716447e-8,
          "reference_probabilities": [
            1.1964070623093903e-8,
            1.0
          ]
        },
        {
          "action_values_bb": [
            -1.0000000283803316,
            0.12949072171589374
          ],
          "candidate_probabilities": [
            1.1964070623093903e-8,
            1.0
          ],
          "class_index": 139,
          "conditional_hand_mass": 0.0030165911925363843,
          "expected_action_loss_bb": 1.3513307102282549e-8,
          "hand": "QJs",
          "probability_on_actions_losing_over_0_1bb": 1.1964070623093903e-8,
          "reference_expected_action_loss_bb": 1.3513307102282549e-8,
          "reference_probabilities": [
            1.1964070623093903e-8,
            1.0
          ]
        },
        {
          "action_values_bb": [
            -1.0000000283803316,
            1.3651980116755684
          ],
          "candidate_probabilities": [
            1.1964067958558644e-8,
            1.0
          ],
          "class_index": 140,
          "conditional_hand_mass": 0.0045248869052198935,
          "expected_action_loss_bb": 2.82973900866785e-8,
          "hand": "QQ",
          "probability_on_actions_losing_over_0_1bb": 1.1964067958558644e-8,
          "reference_expected_action_loss_bb": 2.82973900866785e-8,
          "reference_probabilities": [
            1.1964067958558644e-8,
            1.0
          ]
        },
        {
          "action_values_bb": [
            -1.0000000283803316,
            0.45448287194799447
          ],
          "candidate_probabilities": [
            1.1964067958558644e-8,
            1.0
          ],
          "class_index": 141,
          "conditional_hand_mass": 0.009049773810439787,
          "expected_action_loss_bb": 1.7401532264089572e-8,
          "hand": "KQo",
          "probability_on_actions_losing_over_0_1bb": 1.1964067958558644e-8,
          "reference_expected_action_loss_bb": 1.7401532264089572e-8,
          "reference_probabilities": [
            1.1964067958558644e-8,
            1.0
          ]
        },
        {
          "action_values_bb": [
            -1.0000000283803316,
            0.36701862231589516
          ],
          "candidate_probabilities": [
            1.1964067958558644e-8,
            1.0
          ],
          "class_index": 142,
          "conditional_hand_mass": 0.009049773810439787,
          "expected_action_loss_bb": 1.6355104037546797e-8,
          "hand": "AQo",
          "probability_on_actions_losing_over_0_1bb": 1.1964067958558644e-8,
          "reference_expected_action_loss_bb": 1.6355104037546797e-8,
          "reference_probabilities": [
            1.1964067958558644e-8,
            1.0
          ]
        },
        {
          "action_values_bb": [
            -1.0000000283803316,
            -0.2905340455713404
          ],
          "candidate_probabilities": [
            1.1964070623093903e-8,
            1.0
          ],
          "class_index": 143,
          "conditional_hand_mass": 0.0030165911925363843,
          "expected_action_loss_bb": 8.488101123009497e-9,
          "hand": "K2s",
          "probability_on_actions_losing_over_0_1bb": 1.1964070623093903e-8,
          "reference_expected_action_loss_bb": 8.488101123009497e-9,
          "reference_probabilities": [
            1.1964070623093903e-8,
            1.0
          ]
        },
        {
          "action_values_bb": [
            -1.0000000283803316,
            -0.2553565360106829
          ],
          "candidate_probabilities": [
            1.1964070623093903e-8,
            1.0
          ],
          "class_index": 144,
          "conditional_hand_mass": 0.0030165911925363843,
          "expected_action_loss_bb": 8.908967331737764e-9,
          "hand": "K3s",
          "probability_on_actions_losing_over_0_1bb": 1.1964070623093903e-8,
          "reference_expected_action_loss_bb": 8.908967331737764e-9,
          "reference_probabilities": [
            1.1964070623093903e-8,
            1.0
          ]
        },
        {
          "action_values_bb": [
            -1.0000000283803316,
            -0.17371479460736117
          ],
          "candidate_probabilities": [
            1.1964070623093903e-8,
            1.0
          ],
          "class_index": 145,
          "conditional_hand_mass": 0.0030165911925363843,
          "expected_action_loss_bb": 9.885734891679474e-9,
          "hand": "K4s",
          "probability_on_actions_losing_over_0_1bb": 1.1964070623093903e-8,
          "reference_expected_action_loss_bb": 9.885734891679474e-9,
          "reference_probabilities": [
            1.1964070623093903e-8,
            1.0
          ]
        },
        {
          "action_values_bb": [
            -1.0000000283803316,
            -0.07352551877843953
          ],
          "candidate_probabilities": [
            1.1964070623093903e-8,
            1.0
          ],
          "class_index": 146,
          "conditional_hand_mass": 0.0030165911925363843,
          "expected_action_loss_bb": 1.1084406463373328e-8,
          "hand": "K5s",
          "probability_on_actions_losing_over_0_1bb": 1.1964070623093903e-8,
          "reference_expected_action_loss_bb": 1.1084406463373328e-8,
          "reference_probabilities": [
            1.1964070623093903e-8,
            1.0
          ]
        },
        {
          "action_values_bb": [
            -1.0000000283803316,
            0.019048639702760564
          ],
          "candidate_probabilities": [
            1.1964070623093903e-8,
            1.0
          ],
          "class_index": 147,
          "conditional_hand_mass": 0.0030165911925363843,
          "expected_action_loss_bb": 1.2191970233315892e-8,
          "hand": "K6s",
          "probability_on_actions_losing_over_0_1bb": 1.1964070623093903e-8,
          "reference_expected_action_loss_bb": 1.2191970233315892e-8,
          "reference_probabilities": [
            1.1964070623093903e-8,
            1.0
          ]
        },
        {
          "action_values_bb": [
            -1.0000000283803316,
            -0.04770674004063163
          ],
          "candidate_probabilities": [
            1.1964070623093903e-8,
            1.0
          ],
          "class_index": 148,
          "conditional_hand_mass": 0.0030165911925363843,
          "expected_action_loss_bb": 1.1393304155594497e-8,
          "hand": "K7s",
          "probability_on_actions_losing_over_0_1bb": 1.1964070623093903e-8,
          "reference_expected_action_loss_bb": 1.1393304155594497e-8,
          "reference_probabilities": [
            1.1964070623093903e-8,
            1.0
          ]
        },
        {
          "action_values_bb": [
            -1.0000000283803316,
            0.22482589444847134
          ],
          "candidate_probabilities": [
            1.1964070623093903e-8,
            1.0
          ],
          "class_index": 149,
          "conditional_hand_mass": 0.0030165911925363843,
          "expected_action_loss_bb": 1.4653903841719962e-8,
          "hand": "K8s",
          "probability_on_actions_losing_over_0_1bb": 1.1964070623093903e-8,
          "reference_expected_action_loss_bb": 1.4653903841719962e-8,
          "reference_probabilities": [
            1.1964070623093903e-8,
            1.0
          ]
        },
        {
          "action_values_bb": [
            -1.0000000283803316,
            0.2880270801478611
          ],
          "candidate_probabilities": [
            1.1964070623093903e-8,
            1.0
          ],
          "class_index": 150,
          "conditional_hand_mass": 0.0030165911925363843,
          "expected_action_loss_bb": 1.5410047290890734e-8,
          "hand": "K9s",
          "probability_on_actions_losing_over_0_1bb": 1.1964070623093903e-8,
          "reference_expected_action_loss_bb": 1.5410047290890734e-8,
          "reference_probabilities": [
            1.1964070623093903e-8,
            1.0
          ]
        },
        {
          "action_values_bb": [
            -1.0000000283803316,
            0.31211258301056755
          ],
          "candidate_probabilities": [
            1.1964070623093903e-8,
            1.0
          ],
          "class_index": 151,
          "conditional_hand_mass": 0.0030165911925363843,
          "expected_action_loss_bb": 1.5698207948132883e-8,
          "hand": "KTs",
          "probability_on_actions_losing_over_0_1bb": 1.1964070623093903e-8,
          "reference_expected_action_loss_bb": 1.5698207948132883e-8,
          "reference_probabilities": [
            1.1964070623093903e-8,
            1.0
          ]
        },
        {
          "action_values_bb": [
            -1.0000000283803316,
            0.4937979190415109
          ],
          "candidate_probabilities": [
            1.1964070623093903e-8,
            1.0
          ],
          "class_index": 152,
          "conditional_hand_mass": 0.0030165911925363843,
          "expected_action_loss_bb": 1.7871904139587637e-8,
          "hand": "KJs",
          "probability_on_actions_losing_over_0_1bb": 1.1964070623093903e-8,
          "reference_expected_action_loss_bb": 1.7871904139587637e-8,
          "reference_probabilities": [
            1.1964070623093903e-8,
            1.0
          ]
        },
        {
          "action_values_bb": [
            -1.0000000283803316,
            0.6268569346361176
          ],
          "candidate_probabilities": [
            1.1964070623093903e-8,
            1.0
          ],
          "class_index": 153,
          "conditional_hand_mass": 0.0030165911925363843,
          "expected_action_loss_bb": 1.9463831599200865e-8,
          "hand": "KQs",
          "probability_on_actions_losing_over_0_1bb": 1.1964070623093903e-8,
          "reference_expected_action_loss_bb": 1.9463831599200865e-8,
          "reference_probabilities": [
            1.1964070623093903e-8,
            1.0
          ]
        },
        {
          "action_values_bb": [
            -1.0000000283803316,
            1.7845505899942513
          ],
          "candidate_probabilities": [
            1.1964067958558644e-8,
            1.0
          ],
          "class_index": 154,
          "conditional_hand_mass": 0.0045248869052198935,
          "expected_action_loss_bb": 3.331455283228001e-8,
          "hand": "KK",
          "probability_on_actions_losing_over_0_1bb": 1.1964067958558644e-8,
          "reference_expected_action_loss_bb": 3.331455283228001e-8,
          "reference_probabilities": [
            1.1964067958558644e-8,
            1.0
          ]
        },
        {
          "action_values_bb": [
            -1.0000000283803316,
            0.6018413143860776
          ],
          "candidate_probabilities": [
            1.1964067958558644e-8,
            1.0
          ],
          "class_index": 155,
          "conditional_hand_mass": 0.009049773810439787,
          "expected_action_loss_bb": 1.9164538683686152e-8,
          "hand": "AKo",
          "probability_on_actions_losing_over_0_1bb": 1.1964067958558644e-8,
          "reference_expected_action_loss_bb": 1.9164538683686152e-8,
          "reference_probabilities": [
            1.1964067958558644e-8,
            1.0
          ]
        },
        {
          "action_values_bb": [
            -1.0000000283803316,
            -0.06343740208178869
          ],
          "candidate_probabilities": [
            1.1964070623093903e-8,
            1.0
          ],
          "class_index": 156,
          "conditional_hand_mass": 0.0030165911925363843,
          "expected_action_loss_bb": 1.120510140398607e-8,
          "hand": "A2s",
          "probability_on_actions_losing_over_0_1bb": 1.1964070623093903e-8,
          "reference_expected_action_loss_bb": 1.120510140398607e-8,
          "reference_probabilities": [
            1.1964070623093903e-8,
            1.0
          ]
        },
        {
          "action_values_bb": [
            -1.0000000283803316,
            0.15948466033340034
          ],
          "candidate_probabilities": [
            1.1964070623093903e-8,
            1.0
          ],
          "class_index": 157,
          "conditional_hand_mass": 0.0030165911925363843,
          "expected_action_loss_bb": 1.3872156702167139e-8,
          "hand": "A3s",
          "probability_on_actions_losing_over_0_1bb": 1.1964070623093903e-8,
          "reference_expected_action_loss_bb": 1.3872156702167139e-8,
          "reference_probabilities": [
            1.1964070623093903e-8,
            1.0
          ]
        },
        {
          "action_values_bb": [
            -1.0000000283803316,
            0.1304059268901613
          ],
          "candidate_probabilities": [
            1.1964070623093903e-8,
            1.0
          ],
          "class_index": 158,
          "conditional_hand_mass": 0.0030165911925363843,
          "expected_action_loss_bb": 1.3524256681622106e-8,
          "hand": "A4s",
          "probability_on_actions_losing_over_0_1bb": 1.1964070623093903e-8,
          "reference_expected_action_loss_bb": 1.3524256681622106e-8,
          "reference_probabilities": [
            1.1964070623093903e-8,
            1.0
          ]
        },
        {
          "action_values_bb": [
            -1.0000000283803316,
            0.1813429020331057
          ],
          "candidate_probabilities": [
            1.1964070623093903e-8,
            1.0
          ],
          "class_index": 159,
          "conditional_hand_mass": 0.0030165911925363843,
          "expected_action_loss_bb": 1.413367024955907e-8,
          "hand": "A5s",
          "probability_on_actions_losing_over_0_1bb": 1.1964070623093903e-8,
          "reference_expected_action_loss_bb": 1.413367024955907e-8,
          "reference_probabilities": [
            1.1964070623093903e-8,
            1.0
          ]
        },
        {
          "action_values_bb": [
            -1.0000000283803316,
            0.15105679888906887
          ],
          "candidate_probabilities": [
            1.1964070623093903e-8,
            1.0
          ],
          "class_index": 160,
          "conditional_hand_mass": 0.0030165911925363843,
          "expected_action_loss_bb": 1.3771325172645509e-8,
          "hand": "A6s",
          "probability_on_actions_losing_over_0_1bb": 1.1964070623093903e-8,
          "reference_expected_action_loss_bb": 1.3771325172645509e-8,
          "reference_probabilities": [
            1.1964070623093903e-8,
            1.0
          ]
        },
        {
          "action_values_bb": [
            -1.0000000283803316,
            0.13639558680793876
          ],
          "candidate_probabilities": [
            1.1964070623093903e-8,
            1.0
          ],
          "class_index": 161,
          "conditional_hand_mass": 0.0030165911925363843,
          "expected_action_loss_bb": 1.3595917395886709e-8,
          "hand": "A7s",
          "probability_on_actions_losing_over_0_1bb": 1.1964070623093903e-8,
          "reference_expected_action_loss_bb": 1.3595917395886709e-8,
          "reference_probabilities": [
            1.1964070623093903e-8,
            1.0
          ]
        },
        {
          "action_values_bb": [
            -1.0000000283803316,
            0.3742086789253045
          ],
          "candidate_probabilities": [
            1.1964070623093903e-8,
            1.0
          ],
          "class_index": 162,
          "conditional_hand_mass": 0.0030165911925363843,
          "expected_action_loss_bb": 1.644113002507521e-8,
          "hand": "A8s",
          "probability_on_actions_losing_over_0_1bb": 1.1964070623093903e-8,
          "reference_expected_action_loss_bb": 1.644113002507521e-8,
          "reference_probabilities": [
            1.1964070623093903e-8,
            1.0
          ]
        },
        {
          "action_values_bb": [
            -1.0000000283803316,
            0.3299993632911438
          ],
          "candidate_probabilities": [
            1.1964070623093903e-8,
            1.0
          ],
          "class_index": 163,
          "conditional_hand_mass": 0.0030165911925363843,
          "expected_action_loss_bb": 1.5912206650629462e-8,
          "hand": "A9s",
          "probability_on_actions_losing_over_0_1bb": 1.1964070623093903e-8,
          "reference_expected_action_loss_bb": 1.5912206650629462e-8,
          "reference_probabilities": [
            1.1964070623093903e-8,
            1.0
          ]
        },
        {
          "action_values_bb": [
            -1.0000000283803316,
            0.41075052837087295
          ],
          "candidate_probabilities": [
            1.1964070623093903e-8,
            1.0
          ],
          "class_index": 164,
          "conditional_hand_mass": 0.0030165911925363843,
          "expected_action_loss_bb": 1.6878319292540457e-8,
          "hand": "ATs",
          "probability_on_actions_losing_over_0_1bb": 1.1964070623093903e-8,
          "reference_expected_action_loss_bb": 1.6878319292540457e-8,
          "reference_probabilities": [
            1.1964070623093903e-8,
            1.0
          ]
        },
        {
          "action_values_bb": [
            -1.0000000283803316,
            0.38649335275701463
          ],
          "candidate_probabilities": [
            1.1964070623093903e-8,
            1.0
          ],
          "class_index": 165,
          "conditional_hand_mass": 0.0030165911925363843,
          "expected_action_loss_bb": 1.6588104730379463e-8,
          "hand": "AJs",
          "probability_on_actions_losing_over_0_1bb": 1.1964070623093903e-8,
          "reference_expected_action_loss_bb": 1.6588104730379463e-8,
          "reference_probabilities": [
            1.1964070623093903e-8,
            1.0
          ]
        },
        {
          "action_values_bb": [
            -1.0000000283803316,
            0.5969534263766962
          ],
          "candidate_probabilities": [
            1.1964070623093903e-8,
            1.0
          ],
          "class_index": 166,
          "conditional_hand_mass": 0.0030165911925363843,
          "expected_action_loss_bb": 1.9106063914506877e-8,
          "hand": "AQs",
          "probability_on_actions_losing_over_0_1bb": 1.1964070623093903e-8,
          "reference_expected_action_loss_bb": 1.9106063914506877e-8,
          "reference_probabilities": [
            1.1964070623093903e-8,
            1.0
          ]
        },
        {
          "action_values_bb": [
            -1.0000000283803316,
            0.8323607938716364
          ],
          "candidate_probabilities": [
            1.1964070623093903e-8,
            1.0
          ],
          "class_index": 167,
          "conditional_hand_mass": 0.0030165911925363843,
          "expected_action_loss_bb": 2.192249428441296e-8,
          "hand": "AKs",
          "probability_on_actions_losing_over_0_1bb": 1.1964070623093903e-8,
          "reference_expected_action_loss_bb": 2.192249428441296e-8,
          "reference_probabilities": [
            1.1964070623093903e-8,
            1.0
          ]
        },
        {
          "action_values_bb": [
            -1.0000000283803316,
            1.9899018998423177
          ],
          "candidate_probabilities": [
            1.1964067958558644e-8,
            1.0
          ],
          "class_index": 168,
          "conditional_hand_mass": 0.0045248869052198935,
          "expected_action_loss_bb": 3.577138985868131e-8,
          "hand": "AA",
          "probability_on_actions_losing_over_0_1bb": 1.1964067958558644e-8,
          "reference_expected_action_loss_bb": 3.577138985868131e-8,
          "reference_probabilities": [
            1.1964067958558644e-8,
            1.0
          ]
        }
      ],
      "joint_reach_independent_model": 0.003192944480496184,
      "opponent_mass": 0.0031929443615497377,
      "passes_local_tail_gate": false,
      "path": [
        2,
        1
      ],
      "position": "BB",
      "reference_weighted_action_loss_bb": 6.926881665166081e-6,
      "scope": "One-action deviation followed by reference play, same reference arriving ranges; excludes physical-deal validation",
      "status": "evaluated",
      "weighted_action_loss_bb": 0.0016708977916991927,
      "weighted_excess_action_loss_bb": 0.0016639709100340267,
      "worst_relevant_probability_on_strongly_inferior_actions": 0.9303730130195618
    }
  ],
  "thresholds": {
    "excess_gap_bb": 0.02,
    "max_loss_bb": 0.03,
    "mean_loss_bb": 0.01,
    "reference_gap_bb": 0.005
  },
  "unilateral_max_positive_loss_bb": 0.0007804420160829328,
  "unilateral_mean_positive_loss_bb": 0.00048054346109831225,
  "unilateral_replacements": [
    {
      "candidate_vs_reference_opponents_ev_bb": 0.19647259409215717,
      "position": "BTN",
      "reference_ev_bb": 0.1972530361082401,
      "seat": 0,
      "signed_loss_bb": 0.0007804420160829328
    },
    {
      "candidate_vs_reference_opponents_ev_bb": -0.11062293207221671,
      "position": "SB",
      "reference_ev_bb": -0.11050591410438391,
      "seat": 1,
      "signed_loss_bb": 0.00011701796783279705
    },
    {
      "candidate_vs_reference_opponents_ev_bb": -0.3222655276054137,
      "position": "BB",
      "reference_ev_bb": -0.3217213572060345,
      "seat": 2,
      "signed_loss_bb": 0.0005441703993792069
    }
  ]
}
