{
  "candidate_full_reference_evs_bb": [
    0.19198947337979508,
    -0.11320860656370432,
    -0.3156379550622389
  ],
  "candidate_full_reference_gaps_bb": [
    0.007343384877059794,
    0.0030109338387336523,
    0.0018329217607071478
  ],
  "candidate_iteration": 10,
  "candidate_learning_gap_bb": 0.012187240476500594,
  "candidate_model": "coupled_preview64_v1",
  "elapsed_seconds": 0.0159536,
  "excess_learning_gap_bb": 0.010733504574127209,
  "live_seats": [
    true,
    true,
    true
  ],
  "nodes": 70,
  "not_evaluated": [
    "physical equity",
    "unselected local action tails",
    "speedup",
    "preview workflow"
  ],
  "passes_global_policy_gates_with_converged_reference": true,
  "passes_relative_policy_gates": true,
  "reference_converged": true,
  "reference_evs_bb": [
    0.19678343195222825,
    -0.11160972132563443,
    -0.32236243865901715
  ],
  "reference_gaps_bb": [
    0.0008315260064387325,
    0.00041755293774475497,
    0.00020465695818989733
  ],
  "reference_iteration": 20,
  "reference_learning_gap_bb": 0.0014537359023733848,
  "reference_model": "coupled_deck_v1",
  "schema": 1,
  "scope": "Frozen policy evaluated under unchanged full coupled payoffs; no physical-deal or full postflop accuracy claim",
  "selected_local_action_quality": [
    {
      "actions": [
        {
          "kind": "fold",
          "label": "Fold",
          "to": 0.0
        },
        {
          "kind": "call",
          "label": "Limp 1",
          "to": 1.0
        },
        {
          "kind": "raise",
          "label": "Raise 2",
          "to": 2.0
        },
        {
          "kind": "raise",
          "label": "Raise 3",
          "to": 3.0
        }
      ],
      "actor": 0,
      "actor_mass": 1.000000037252903,
      "forced_or_frozen": false,
      "hands": [
        {
          "action_values_bb": [
            0.0,
            -0.4460725784301758,
            -0.014086280018091202,
            0.16448287665843964
          ],
          "candidate_probabilities": [
            0.0006493506953120232,
            0.0006493506953120232,
            0.02552155964076519,
            0.9731797575950623
          ],
          "class_index": 0,
          "conditional_hand_mass": 0.0045248869052198935,
          "expected_action_loss_bb": 0.005060635061734646,
          "probability_on_actions_losing_over_0_1bb": 0.026820261031389236,
          "reference_expected_action_loss_bb": 0.0006608921509882158
        },
        {
          "action_values_bb": [
            0.0,
            -0.9041955471038818,
            -0.7893726229667664,
            -0.7742669582366943
          ],
          "candidate_probabilities": [
            0.9938910007476807,
            0.0006493506953120232,
            0.004810325801372528,
            0.0006493506953120232
          ],
          "class_index": 1,
          "conditional_hand_mass": 0.009049773810439787,
          "expected_action_loss_bb": 0.004887050290052208,
          "probability_on_actions_losing_over_0_1bb": 0.006109027191996574,
          "reference_expected_action_loss_bb": 0.0006612696469045012
        },
        {
          "action_values_bb": [
            0.0,
            -0.8833550214767456,
            -0.753405749797821,
            -0.7389394044876099
          ],
          "candidate_probabilities": [
            0.9936137795448303,
            0.0006493506953120232,
            0.0050875721499323845,
            0.0006493506953120232
          ],
          "class_index": 2,
          "conditional_hand_mass": 0.009049773810439787,
          "expected_action_loss_bb": 0.004886444123771094,
          "probability_on_actions_losing_over_0_1bb": 0.006386273540556431,
          "reference_expected_action_loss_bb": 0.0006589890612440155
        },
        {
          "action_values_bb": [
            0.0,
            -0.8523164987564087,
            -0.6991949081420898,
            -0.6965351104736328
          ],
          "candidate_probabilities": [
            0.9931723475456238,
            0.0006493507535196841,
            0.00552898645401001,
            0.0006493507535196841
          ],
          "class_index": 3,
          "conditional_hand_mass": 0.009049773810439787,
          "expected_action_loss_bb": 0.0048715871353740905,
          "probability_on_actions_losing_over_0_1bb": 0.006827687961049378,
          "reference_expected_action_loss_bb": 0.0006523106718839952
        },
        {
          "action_values_bb": [
            0.0,
            -0.882992148399353,
            -0.7512348294258118,
            -0.7444868087768555
          ],
          "candidate_probabilities": [
            0.9934308528900146,
            0.0006493507535196841,
            0.0052705309353768826,
            0.0006493507535196841
          ],
          "class_index": 4,
          "conditional_hand_mass": 0.009049773810439787,
          "expected_action_loss_bb": 0.005016211095401117,
          "probability_on_actions_losing_over_0_1bb": 0.006569232442416251,
          "reference_expected_action_loss_bb": 0.0006786215812146622
        },
        {
          "action_values_bb": [
            0.0,
            -0.9018765687942505,
            -0.7794403433799744,
            -0.7607014179229736
          ],
          "candidate_probabilities": [
            0.9932753443717957,
            0.0006493507535196841,
            0.005426000338047743,
            0.0006493507535196841
          ],
          "class_index": 5,
          "conditional_hand_mass": 0.009049773810439787,
          "expected_action_loss_bb": 0.0053088398351278585,
          "probability_on_actions_losing_over_0_1bb": 0.006724701845087111,
          "reference_expected_action_loss_bb": 0.00070322410106868
        },
        {
          "action_values_bb": [
            0.0,
            -0.8773946166038513,
            -0.7310950756072998,
            -0.7065106630325317
          ],
          "candidate_probabilities": [
            0.9927201867103577,
            0.0006493507535196841,
            0.005912048742175102,
            0.0007184447022154927
          ],
          "class_index": 6,
          "conditional_hand_mass": 0.009049773810439787,
          "expected_action_loss_bb": 0.005399595420494851,
          "probability_on_actions_losing_over_0_1bb": 0.007279844197910279,
          "reference_expected_action_loss_bb": 0.000727128220692712
        },
        {
          "action_values_bb": [
            0.0,
            -0.8161462545394897,
            -0.6257263422012329,
            -0.6200584769248962
          ],
          "candidate_probabilities": [
            0.9917570352554321,
            0.0006493507535196841,
            0.006124475039541721,
            0.0014691040851175785
          ],
          "class_index": 7,
          "conditional_hand_mass": 0.009049773810439787,
          "expected_action_loss_bb": 0.005273140991224827,
          "probability_on_actions_losing_over_0_1bb": 0.008242929878178984,
          "reference_expected_action_loss_bb": 0.0007446226192526703
        },
        {
          "action_values_bb": [
            0.0,
            -0.7918837666511536,
            -0.5805323123931885,
            -0.5604748129844666
          ],
          "candidate_probabilities": [
            0.9905135631561279,
            0.0006493507535196841,
            0.006399804726243019,
            0.002437262563034892
          ],
          "class_index": 8,
          "conditional_hand_mass": 0.009049773810439787,
          "expected_action_loss_bb": 0.005595528036376671,
          "probability_on_actions_losing_over_0_1bb": 0.009486418042797595,
          "reference_expected_action_loss_bb": 0.0008846847132495637
        },
        {
          "action_values_bb": [
            0.0,
            -0.6645788550376892,
            -0.4791334271430969,
            -0.4701548218727112
          ],
          "candidate_probabilities": [
            0.9826958775520325,
            0.0013595812488347292,
            0.012069382704794407,
            0.0038751205429434776
          ],
          "class_index": 9,
          "conditional_hand_mass": 0.009049773810439787,
          "expected_action_loss_bb": 0.008508300257133936,
          "probability_on_actions_losing_over_0_1bb": 0.017304084496572614,
          "reference_expected_action_loss_bb": 0.0011466169398150873
        },
        {
          "action_values_bb": [
            0.0,
            -0.46494612097740173,
            -0.30952122807502747,
            -0.3214242458343506
          ],
          "candidate_probabilities": [
            0.9773090481758118,
            0.0035208917688578367,
            0.014138057827949524,
            0.005032033193856478
          ],
          "class_index": 10,
          "conditional_hand_mass": 0.009049773810439787,
          "expected_action_loss_bb": 0.007630471466163143,
          "probability_on_actions_losing_over_0_1bb": 0.02269098279066384,
          "reference_expected_action_loss_bb": 0.0010981150343847574
        },
        {
          "action_values_bb": [
            0.0,
            -0.32448187470436096,
            -0.17150765657424927,
            -0.15146225690841675
          ],
          "candidate_probabilities": [
            0.958605945110321,
            0.0032265803311020136,
            0.028408993035554886,
            0.009758460335433483
          ],
          "class_index": 11,
          "conditional_hand_mass": 0.009049773810439787,
          "expected_action_loss_bb": 0.0073973650822384066,
          "probability_on_actions_losing_over_0_1bb": 0.04139403370209038,
          "reference_expected_action_loss_bb": 0.0009674251316488516
        },
        {
          "action_values_bb": [
            0.0,
            -0.1648145616054535,
            0.01466599851846695,
            0.142805278301239
          ],
          "candidate_probabilities": [
            0.0006493506953120232,
            0.0024481776636093855,
            0.025318635627627373,
            0.9715838432312012
          ],
          "class_index": 12,
          "conditional_hand_mass": 0.009049773810439787,
          "expected_action_loss_bb": 0.004090150462108401,
          "probability_on_actions_losing_over_0_1bb": 0.02841616398654878,
          "reference_expected_action_loss_bb": 0.0005226422467014763
        },
        {
          "action_values_bb": [
            0.0,
            -0.805375337600708,
            -0.6235082149505615,
            -0.5722370743751526
          ],
          "candidate_probabilities": [
            0.99281907081604,
            0.000649350811727345,
            0.0058823213912546635,
            0.000649350811727345
          ],
          "class_index": 13,
          "conditional_hand_mass": 0.0030165911925363843,
          "expected_action_loss_bb": 0.0045622294483888895,
          "probability_on_actions_losing_over_0_1bb": 0.0071810230147093534,
          "reference_expected_action_loss_bb": 0.0006345511711120175
        },
        {
          "action_values_bb": [
            0.0,
            -0.3757985830307007,
            0.10594062507152557,
            0.2833252251148224
          ],
          "candidate_probabilities": [
            0.0006493506953120232,
            0.0006493506953120232,
            0.019166171550750732,
            0.9795351028442383
          ],
          "class_index": 14,
          "conditional_hand_mass": 0.0045248869052198935,
          "expected_action_loss_bb": 0.004011763609934882,
          "probability_on_actions_losing_over_0_1bb": 0.02046487294137478,
          "reference_expected_action_loss_bb": 0.0005776300592372761
        },
        {
          "action_values_bb": [
            0.0,
            -0.8420765399932861,
            -0.6824871301651001,
            -0.6568119525909424
          ],
          "candidate_probabilities": [
            0.9929865598678589,
            0.0006493506953120232,
            0.005714762955904007,
            0.0006493506953120232
          ],
          "class_index": 15,
          "conditional_hand_mass": 0.009049773810439787,
          "expected_action_loss_bb": 0.004873556454203509,
          "probability_on_actions_losing_over_0_1bb": 0.007013464346528053,
          "reference_expected_action_loss_bb": 0.000652754308870792
        },
        {
          "action_values_bb": [
            0.0,
            -0.7914036512374878,
            -0.5944312214851379,
            -0.5940083861351013
          ],
          "candidate_probabilities": [
            0.9921895265579224,
            0.0006493506371043622,
            0.006038379855453968,
            0.0011227746726945043
          ],
          "class_index": 16,
          "conditional_hand_mass": 0.009049773810439787,
          "expected_action_loss_bb": 0.004770237549727163,
          "probability_on_actions_losing_over_0_1bb": 0.0078105051652528346,
          "reference_expected_action_loss_bb": 0.0006389624615444605
        },
        {
          "action_values_bb": [
            0.0,
            -0.8039094805717468,
            -0.6155089139938354,
            -0.6227289438247681
          ],
          "candidate_probabilities": [
            0.9926034808158875,
            0.0006493506953120232,
            0.00594319449737668,
            0.00080397556303069
          ],
          "class_index": 17,
          "conditional_hand_mass": 0.009049773810439787,
          "expected_action_loss_bb": 0.004680767224138675,
          "probability_on_actions_losing_over_0_1bb": 0.0073965207557193935,
          "reference_expected_action_loss_bb": 0.0006494010563790646
        },
        {
          "action_values_bb": [
            0.0,
            -0.8425935506820679,
            -0.6781783699989319,
            -0.6605159044265747
          ],
          "candidate_probabilities": [
            0.9922153353691101,
            0.0006493506371043622,
            0.006030465476214886,
            0.0011049003805965185
          ],
          "class_index": 18,
          "conditional_hand_mass": 0.009049773810439787,
          "expected_action_loss_bb": 0.005366674180140647,
          "probability_on_actions_losing_over_0_1bb": 0.0077847164939157665,
          "reference_expected_action_loss_bb": 0.000693854315042524
        },
        {
          "action_values_bb": [
            0.0,
            -0.8277145624160767,
            -0.6463031768798828,
            -0.6594725251197815
          ],
          "candidate_probabilities": [
            0.9917353987693787,
            0.0006493506953120232,
            0.006137265358120203,
            0.0014780276687815785
          ],
          "class_index": 19,
          "conditional_hand_mass": 0.009049773810439787,
          "expected_action_loss_bb": 0.005478729763860997,
          "probability_on_actions_losing_over_0_1bb": 0.008264643722213805,
          "reference_expected_action_loss_bb": 0.0007117151340580918
        },
        {
          "action_values_bb": [
            0.0,
            -0.7912529706954956,
            -0.5827521681785583,
            -0.5792775750160217
          ],
          "candidate_probabilities": [
            0.9907639026641846,
            0.0006493506953120232,
            0.006350042298436165,
            0.0022366708144545555
          ],
          "class_index": 20,
          "conditional_hand_mass": 0.009049773810439787,
          "expected_action_loss_bb": 0.0055099548296344,
          "probability_on_actions_losing_over_0_1bb": 0.009236063808202744,
          "reference_expected_action_loss_bb": 0.0007386063277060161
        },
        {
          "action_values_bb": [
            0.0,
            -0.7313234806060791,
            -0.4792427718639374,
            -0.5001651048660278
          ],
          "candidate_probabilities": [
            0.9832931756973267,
            0.0006493506371043622,
            0.012459913268685341,
            0.0035975873470306396
          ],
          "class_index": 21,
          "conditional_hand_mass": 0.009049773810439787,
          "expected_action_loss_bb": 0.008245596392822227,
          "probability_on_actions_losing_over_0_1bb": 0.016706851252820343,
          "reference_expected_action_loss_bb": 0.00103344389038907
        },
        {
          "action_values_bb": [
            0.0,
            -0.582429826259613,
            -0.41439974308013916,
            -0.421552836894989
          ],
          "candidate_probabilities": [
            0.9804930090904236,
            0.002474320586770773,
            0.012795420363545418,
            0.004237250424921513
          ],
          "class_index": 22,
          "conditional_hand_mass": 0.009049773810439787,
          "expected_action_loss_bb": 0.008529761957979248,
          "probability_on_actions_losing_over_0_1bb": 0.019506991375237703,
          "reference_expected_action_loss_bb": 0.0011688976611159124
        },
        {
          "action_values_bb": [
            0.0,
            -0.41520893573760986,
            -0.25634056329727173,
            -0.2766438126564026
          ],
          "candidate_probabilities": [
            0.9663795232772827,
            0.00274556502699852,
            0.024721691384911537,
            0.006153224967420101
          ],
          "class_index": 23,
          "conditional_hand_mass": 0.009049773810439787,
          "expected_action_loss_bb": 0.009179407043247656,
          "probability_on_actions_losing_over_0_1bb": 0.03362048137933016,
          "reference_expected_action_loss_bb": 0.0011534040324941985
        },
        {
          "action_values_bb": [
            0.0,
            -0.2933385968208313,
            -0.14029353857040405,
            -0.11420255899429321
          ],
          "candidate_probabilities": [
            0.9530128240585327,
            0.0029479004442691803,
            0.027318980544805527,
            0.016720209270715714
          ],
          "class_index": 24,
          "conditional_hand_mass": 0.009049773810439787,
          "expected_action_loss_bb": 0.006606900116292058,
          "probability_on_actions_losing_over_0_1bb": 0.04698709025979042,
          "reference_expected_action_loss_bb": 0.001002066805934742
        },
        {
          "action_values_bb": [
            0.0,
            -0.27288028597831726,
            0.06774148344993591,
            0.19738200306892395
          ],
          "candidate_probabilities": [
            0.0006493506953120232,
            0.0014541675336658955,
            0.0222609993070364,
            0.9756355285644531
          ],
          "class_index": 25,
          "conditional_hand_mass": 0.009049773810439787,
          "expected_action_loss_bb": 0.0036979378113769223,
          "probability_on_actions_losing_over_0_1bb": 0.02436451753601432,
          "reference_expected_action_loss_bb": 0.00045951815607135366
        },
        {
          "action_values_bb": [
            0.0,
            -0.7789841890335083,
            -0.5790815949440002,
            -0.5341789722442627
          ],
          "candidate_probabilities": [
            0.9915087819099426,
            0.0006493506953120232,
            0.006192872766405344,
            0.00164901337120682
          ],
          "class_index": 26,
          "conditional_hand_mass": 0.0030165911925363843,
          "expected_action_loss_bb": 0.004972880831489557,
          "probability_on_actions_losing_over_0_1bb": 0.008491236832924187,
          "reference_expected_action_loss_bb": 0.0006330154790516124
        },
        {
          "action_values_bb": [
            0.0,
            -0.6861491799354553,
            -0.4218476414680481,
            -0.41344183683395386
          ],
          "candidate_probabilities": [
            0.9877206683158875,
            0.0006493507535196841,
            0.009164035320281982,
            0.002465957310050726
          ],
          "class_index": 27,
          "conditional_hand_mass": 0.0030165911925363843,
          "expected_action_loss_bb": 0.005330908093030332,
          "probability_on_actions_losing_over_0_1bb": 0.012279343383852392,
          "reference_expected_action_loss_bb": 0.0007328165866543218
        },
        {
          "action_values_bb": [
            0.0,
            -0.2995482087135315,
            0.23496459424495697,
            0.4232681095600128
          ],
          "candidate_probabilities": [
            0.0006493505788967013,
            0.0006493505788967013,
            0.015244456939399242,
            0.9834567904472351
          ],
          "class_index": 28,
          "conditional_hand_mass": 0.0045248869052198935,
          "expected_action_loss_bb": 0.0036147954174360897,
          "probability_on_actions_losing_over_0_1bb": 0.016543158097192645,
          "reference_expected_action_loss_bb": 0.0005033667483810142
        },
        {
          "action_values_bb": [
            0.0,
            -0.7411919832229614,
            -0.5095503926277161,
            -0.5019511580467224
          ],
          "candidate_probabilities": [
            0.9910892844200134,
            0.0006493507535196841,
            0.006283605005592108,
            0.001977741252630949
          ],
          "class_index": 29,
          "conditional_hand_mass": 0.009049773810439787,
          "expected_action_loss_bb": 0.0046758364826004,
          "probability_on_actions_losing_over_0_1bb": 0.008910697011742741,
          "reference_expected_action_loss_bb": 0.0006291222468376651
        },
        {
          "action_values_bb": [
            0.0,
            -0.7608159780502319,
            -0.542396068572998,
            -0.5362520217895508
          ],
          "candidate_probabilities": [
            0.9914477467536926,
            0.0006493506371043622,
            0.006201349198818207,
            0.001701579662039876
          ],
          "class_index": 30,
          "conditional_hand_mass": 0.009049773810439787,
          "expected_action_loss_bb": 0.004770099299358267,
          "probability_on_actions_losing_over_0_1bb": 0.008552279497962445,
          "reference_expected_action_loss_bb": 0.0006528543839810046
        },
        {
          "action_values_bb": [
            0.0,
            -0.8026442527770996,
            -0.6108141541481018,
            -0.5686756372451782
          ],
          "candidate_probabilities": [
            0.9914073944091797,
            0.0006493506371043622,
            0.006208440288901329,
            0.0017348339315503836
          ],
          "class_index": 31,
          "conditional_hand_mass": 0.009049773810439787,
          "expected_action_loss_bb": 0.005299958552092199,
          "probability_on_actions_losing_over_0_1bb": 0.008592624857556075,
          "reference_expected_action_loss_bb": 0.0007038519924976762
        },
        {
          "action_values_bb": [
            0.0,
            -0.7601474523544312,
            -0.5329841375350952,
            -0.5434756278991699
          ],
          "candidate_probabilities": [
            0.9895972013473511,
            0.0006493506371043622,
            0.007412010803818703,
            0.0023413868620991707
          ],
          "class_index": 32,
          "conditional_hand_mass": 0.009049773810439787,
          "expected_action_loss_bb": 0.005716573113187941,
          "probability_on_actions_losing_over_0_1bb": 0.010402748303022236,
          "reference_expected_action_loss_bb": 0.0007470611722529604
        },
        {
          "action_values_bb": [
            0.0,
            -0.8002828359603882,
            -0.5979315042495728,
            -0.5659775733947754
          ],
          "candidate_probabilities": [
            0.9899365901947021,
            0.0006493506953120232,
            0.006978408899158239,
            0.0024356881622225046
          ],
          "class_index": 33,
          "conditional_hand_mass": 0.009049773810439787,
          "expected_action_loss_bb": 0.00607081962192052,
          "probability_on_actions_losing_over_0_1bb": 0.010063447756692767,
          "reference_expected_action_loss_bb": 0.0007570679297742074
        },
        {
          "action_values_bb": [
            0.0,
            -0.7532658576965332,
            -0.5151430368423462,
            -0.48114603757858276
          ],
          "candidate_probabilities": [
            0.9830058217048645,
            0.0006493507535196841,
            0.012564174830913544,
            0.0037806937471032143
          ],
          "class_index": 34,
          "conditional_hand_mass": 0.009049773810439787,
          "expected_action_loss_bb": 0.008780546745827705,
          "probability_on_actions_losing_over_0_1bb": 0.016994219331536442,
          "reference_expected_action_loss_bb": 0.0010313529613944043
        },
        {
          "action_values_bb": [
            0.0,
            -0.5618337392807007,
            -0.40380555391311646,
            -0.38305890560150146
          ],
          "candidate_probabilities": [
            0.9785030484199524,
            0.0029883140232414007,
            0.013815077021718025,
            0.004693568218499422
          ],
          "class_index": 35,
          "conditional_hand_mass": 0.009049773810439787,
          "expected_action_loss_bb": 0.009055453576074263,
          "probability_on_actions_losing_over_0_1bb": 0.021496959263458848,
          "reference_expected_action_loss_bb": 0.0012008380137743732
        },
        {
          "action_values_bb": [
            0.0,
            -0.44513845443725586,
            -0.2938174605369568,
            -0.2591310143470764
          ],
          "candidate_probabilities": [
            0.9727442264556885,
            0.0041802916675806046,
            0.01638476364314556,
            0.006690779235213995
          ],
          "class_index": 36,
          "conditional_hand_mass": 0.009049773810439787,
          "expected_action_loss_bb": 0.008408726627124413,
          "probability_on_actions_losing_over_0_1bb": 0.02725583454594016,
          "reference_expected_action_loss_bb": 0.0011577735933184403
        },
        {
          "action_values_bb": [
            0.0,
            -0.22902095317840576,
            -0.07084116339683533,
            -0.05200505256652832
          ],
          "candidate_probabilities": [
            0.8143569231033325,
            0.0024923142045736313,
            0.12865068018436432,
            0.05450008437037468
          ],
          "class_index": 37,
          "conditional_hand_mass": 0.009049773810439787,
          "expected_action_loss_bb": 0.012518835783367654,
          "probability_on_actions_losing_over_0_1bb": 0.0024923142045736313,
          "reference_expected_action_loss_bb": 0.0012779028789798239
        },
        {
          "action_values_bb": [
            0.0,
            -0.18520350754261017,
            0.09600958973169327,
            0.23691493272781372
          ],
          "candidate_probabilities": [
            0.0006493505788967013,
            0.0006493505788967013,
            0.0304824598133564,
            0.9682188034057617
          ],
          "class_index": 38,
          "conditional_hand_mass": 0.009049773810439787,
          "expected_action_loss_bb": 0.004723085157635093,
          "probability_on_actions_losing_over_0_1bb": 0.0317811609711498,
          "reference_expected_action_loss_bb": 0.0004764917651491696
        },
        {
          "action_values_bb": [
            0.0,
            -0.7265744209289551,
            -0.48880457878112793,
            -0.4748644232749939
          ],
          "candidate_probabilities": [
            0.9915693402290344,
            0.0006493506953120232,
            0.006173769943416119,
            0.0016075599705800414
          ],
          "class_index": 39,
          "conditional_hand_mass": 0.0030165911925363843,
          "expected_action_loss_bb": 0.004252941660418709,
          "probability_on_actions_losing_over_0_1bb": 0.008430680609308183,
          "reference_expected_action_loss_bb": 0.000604231221672847
        },
        {
          "action_values_bb": [
            0.0,
            -0.6877976059913635,
            -0.42261722683906555,
            -0.39386695623397827
          ],
          "candidate_probabilities": [
            0.9851214289665222,
            0.0006493507535196841,
            0.011303568258881569,
            0.0029257009737193584
          ],
          "class_index": 40,
          "conditional_hand_mass": 0.0030165911925363843,
          "expected_action_loss_bb": 0.00637604150204377,
          "probability_on_actions_losing_over_0_1bb": 0.014878619986120611,
          "reference_expected_action_loss_bb": 0.0007833769214109208
        },
        {
          "action_values_bb": [
            0.0,
            -0.6196314096450806,
            -0.306972473859787,
            -0.29462340474128723
          ],
          "candidate_probabilities": [
            0.9818662405014038,
            0.000649350811727345,
            0.013807378709316254,
            0.003677113214507699
          ],
          "class_index": 41,
          "conditional_hand_mass": 0.0030165911925363843,
          "expected_action_loss_bb": 0.005724206973619993,
          "probability_on_actions_losing_over_0_1bb": 0.018133842735551298,
          "reference_expected_action_loss_bb": 0.0007933513028425274
        },
        {
          "action_values_bb": [
            0.0,
            -0.1842452734708786,
            0.4229660630226135,
            0.6016843318939209
          ],
          "candidate_probabilities": [
            0.0006493506953120232,
            0.0006493506953120232,
            0.01169803086668253,
            0.9870032668113708
          ],
          "class_index": 42,
          "conditional_hand_mass": 0.0045248869052198935,
          "expected_action_loss_bb": 0.0029916999006802253,
          "probability_on_actions_losing_over_0_1bb": 0.012996732257306576,
          "reference_expected_action_loss_bb": 0.000508655699023454
        },
        {
          "action_values_bb": [
            0.0,
            -0.717816174030304,
            -0.4695766866207123,
            -0.4476686120033264
          ],
          "candidate_probabilities": [
            0.9874737858772278,
            0.0006493507535196841,
            0.009214895777404308,
            0.002661962527781725
          ],
          "class_index": 43,
          "conditional_hand_mass": 0.009049773810439787,
          "expected_action_loss_bb": 0.005984891770220813,
          "probability_on_actions_losing_over_0_1bb": 0.012526209058705717,
          "reference_expected_action_loss_bb": 0.0008098686367763773
        },
        {
          "action_values_bb": [
            0.0,
            -0.7470453977584839,
            -0.5149468183517456,
            -0.4646126627922058
          ],
          "candidate_probabilities": [
            0.9906157851219177,
            0.0006493506953120232,
            0.0063820877112448215,
            0.0023527848534286022
          ],
          "class_index": 44,
          "conditional_hand_mass": 0.009049773810439787,
          "expected_action_loss_bb": 0.004864663845540046,
          "probability_on_actions_losing_over_0_1bb": 0.009384223259985447,
          "reference_expected_action_loss_bb": 0.0007958696570145151
        },
        {
          "action_values_bb": [
            0.0,
            -0.7260901927947998,
            -0.47453027963638306,
            -0.46025168895721436
          ],
          "candidate_probabilities": [
            0.9864081740379333,
            0.0006493507535196841,
            0.009960971772670746,
            0.0029815835878252983
          ],
          "class_index": 45,
          "conditional_hand_mass": 0.009049773810439787,
          "expected_action_loss_bb": 0.006570548816613828,
          "probability_on_actions_losing_over_0_1bb": 0.013591906114015728,
          "reference_expected_action_loss_bb": 0.0009222349990448062
        },
        {
          "action_values_bb": [
            0.0,
            -0.711784839630127,
            -0.44806551933288574,
            -0.44232290983200073
          ],
          "candidate_probabilities": [
            0.9834722280502319,
            0.0006493506953120232,
            0.012322244234383106,
            0.003556226147338748
          ],
          "class_index": 46,
          "conditional_hand_mass": 0.009049773810439787,
          "expected_action_loss_bb": 0.007556371040263424,
          "probability_on_actions_losing_over_0_1bb": 0.016527821077033877,
          "reference_expected_action_loss_bb": 0.000995766275490518
        },
        {
          "action_values_bb": [
            0.0,
            -0.6434370279312134,
            -0.42319729924201965,
            -0.424579381942749
          ],
          "candidate_probabilities": [
            0.9803177714347839,
            0.0007542826933786273,
            0.014607374556362629,
            0.0043206545524299145
          ],
          "class_index": 47,
          "conditional_hand_mass": 0.009049773810439787,
          "expected_action_loss_bb": 0.008501595715175572,
          "probability_on_actions_losing_over_0_1bb": 0.01968231180217117,
          "reference_expected_action_loss_bb": 0.0010738911687891445
        },
        {
          "action_values_bb": [
            0.0,
            -0.4994189441204071,
            -0.34533289074897766,
            -0.33055418729782104
          ],
          "candidate_probabilities": [
            0.9775548577308655,
            0.0030166918877512217,
            0.014285741373896599,
            0.005142726004123688
          ],
          "class_index": 48,
          "conditional_hand_mass": 0.009049773810439787,
          "expected_action_loss_bb": 0.008139879057245773,
          "probability_on_actions_losing_over_0_1bb": 0.022445159265771508,
          "reference_expected_action_loss_bb": 0.0010946407861459418
        },
        {
          "action_values_bb": [
            0.0,
            -0.3328375518321991,
            -0.18043673038482666,
            -0.17466145753860474
          ],
          "candidate_probabilities": [
            0.9529707431793213,
            0.0031704427674412727,
            0.0353102833032608,
            0.008548497222363949
          ],
          "class_index": 49,
          "conditional_hand_mass": 0.009049773810439787,
          "expected_action_loss_bb": 0.008919607461764373,
          "probability_on_actions_losing_over_0_1bb": 0.047029223293066025,
          "reference_expected_action_loss_bb": 0.0010741215885272902
        },
        {
          "action_values_bb": [
            0.0,
            -0.2041442096233368,
            -0.04462791234254837,
            -0.0015692859888076782
          ],
          "candidate_probabilities": [
            0.7842206954956055,
            0.00387488747946918,
            0.025310711935162544,
            0.18659371137619019
          ],
          "class_index": 50,
          "conditional_hand_mass": 0.009049773810439787,
          "expected_action_loss_bb": 0.0022134189723078054,
          "probability_on_actions_losing_over_0_1bb": 0.00387488747946918,
          "reference_expected_action_loss_bb": 0.0015787641059083132
        },
        {
          "action_values_bb": [
            0.0,
            -0.34468716382980347,
            0.1635090559720993,
            0.3188510537147522
          ],
          "candidate_probabilities": [
            0.0006493506953120232,
            0.0012256954796612263,
            0.013142716139554977,
            0.9849822521209717
          ],
          "class_index": 51,
          "conditional_hand_mass": 0.009049773810439787,
          "expected_action_loss_bb": 0.003061957728140552,
          "probability_on_actions_losing_over_0_1bb": 0.015017762314528227,
          "reference_expected_action_loss_bb": 0.00041153841695833714
        },
        {
          "action_values_bb": [
            0.0,
            -0.8047075271606445,
            -0.6190699338912964,
            -0.5559525489807129
          ],
          "candidate_probabilities": [
            0.9915921092033386,
            0.0006493507535196841,
            0.006169369909912348,
            0.0015891947550699115
          ],
          "class_index": 52,
          "conditional_hand_mass": 0.0030165911925363843,
          "expected_action_loss_bb": 0.0052253257363130134,
          "probability_on_actions_losing_over_0_1bb": 0.008407915418501943,
          "reference_expected_action_loss_bb": 0.0006779869060479088
        },
        {
          "action_values_bb": [
            0.0,
            -0.7026062607765198,
            -0.4458979368209839,
            -0.42283517122268677
          ],
          "candidate_probabilities": [
            0.9828091859817505,
            0.000649350811727345,
            0.013348910957574844,
            0.0031926280353218317
          ],
          "class_index": 53,
          "conditional_hand_mass": 0.0030165911925363843,
          "expected_action_loss_bb": 0.007758445222515252,
          "probability_on_actions_losing_over_0_1bb": 0.01719088980462402,
          "reference_expected_action_loss_bb": 0.0007715987530289162
        },
        {
          "action_values_bb": [
            0.0,
            -0.665651798248291,
            -0.3841680884361267,
            -0.34341585636138916
          ],
          "candidate_probabilities": [
            0.9837229251861572,
            0.000649350811727345,
            0.012224397622048855,
            0.0034033611882478
          ],
          "class_index": 54,
          "conditional_hand_mass": 0.0030165911925363843,
          "expected_action_loss_bb": 0.006297233199235169,
          "probability_on_actions_losing_over_0_1bb": 0.016277109622024,
          "reference_expected_action_loss_bb": 0.0008440713696871265
        },
        {
          "action_values_bb": [
            0.0,
            -0.6094062328338623,
            -0.2891431450843811,
            -0.245852530002594
          ],
          "candidate_probabilities": [
            0.9719153046607971,
            0.000649350811727345,
            0.02279353141784668,
            0.00464186817407608
          ],
          "class_index": 55,
          "conditional_hand_mass": 0.0030165911925363843,
          "expected_action_loss_bb": 0.008127526828233339,
          "probability_on_actions_losing_over_0_1bb": 0.028084750403650105,
          "reference_expected_action_loss_bb": 0.0007937291764412956
        },
        {
          "action_values_bb": [
            0.0,
            -0.09329961240291595,
            0.5776965022087097,
            0.7623277902603149
          ],
          "candidate_probabilities": [
            0.0006493506371043622,
            0.0006493506371043622,
            0.010836400091648102,
            0.9878649115562439
          ],
          "class_index": 56,
          "conditional_hand_mass": 0.0045248869052198935,
          "expected_action_loss_bb": 0.0030513587420947378,
          "probability_on_actions_losing_over_0_1bb": 0.012135101365856826,
          "reference_expected_action_loss_bb": 0.00042829322155320227
        },
        {
          "action_values_bb": [
            0.0,
            -0.6629214882850647,
            -0.37729987502098083,
            -0.3520958423614502
          ],
          "candidate_probabilities": [
            0.981282114982605,
            0.0006493506371043622,
            0.01418714877218008,
            0.003881427925080061
          ],
          "class_index": 57,
          "conditional_hand_mass": 0.009049773810439787,
          "expected_action_loss_bb": 0.007149912584262005,
          "probability_on_actions_losing_over_0_1bb": 0.018717927334364504,
          "reference_expected_action_loss_bb": 0.0009117922698194374
        },
        {
          "action_values_bb": [
            0.0,
            -0.6620475053787231,
            -0.36936914920806885,
            -0.35635554790496826
          ],
          "candidate_probabilities": [
            0.9808893203735352,
            0.0006493506953120232,
            0.014370339922606945,
            0.004090991802513599
          ],
          "class_index": 58,
          "conditional_hand_mass": 0.009049773810439787,
          "expected_action_loss_bb": 0.007195708864250805,
          "probability_on_actions_losing_over_0_1bb": 0.019110682420432568,
          "reference_expected_action_loss_bb": 0.000944321301111317
        },
        {
          "action_values_bb": [
            0.0,
            -0.5991902351379395,
            -0.3707868158817291,
            -0.3533620238304138
          ],
          "candidate_probabilities": [
            0.9795939922332764,
            0.0012466086773201823,
            0.014719784259796143,
            0.004439679440110922
          ],
          "class_index": 59,
          "conditional_hand_mass": 0.009049773810439787,
          "expected_action_loss_bb": 0.007773671794760156,
          "probability_on_actions_losing_over_0_1bb": 0.020406072377227247,
          "reference_expected_action_loss_bb": 0.0010018315047367193
        },
        {
          "action_values_bb": [
            0.0,
            -0.5268986225128174,
            -0.37339502573013306,
            -0.34045204520225525
          ],
          "candidate_probabilities": [
            0.9778420329093933,
            0.002335672965273261,
            0.014987414702773094,
            0.004834873601794243
          ],
          "class_index": 60,
          "conditional_hand_mass": 0.009049773810439787,
          "expected_action_loss_bb": 0.008472931572638287,
          "probability_on_actions_losing_over_0_1bb": 0.022157961269840598,
          "reference_expected_action_loss_bb": 0.0011205781379287644
        },
        {
          "action_values_bb": [
            0.0,
            -0.48197638988494873,
            -0.3282203674316406,
            -0.298961341381073
          ],
          "candidate_probabilities": [
            0.9697418212890625,
            0.002782391384243965,
            0.021580621600151062,
            0.005895169451832771
          ],
          "class_index": 61,
          "conditional_hand_mass": 0.009049773810439787,
          "expected_action_loss_bb": 0.010186674272618323,
          "probability_on_actions_losing_over_0_1bb": 0.0302581824362278,
          "reference_expected_action_loss_bb": 0.0010904190248522405
        },
        {
          "action_values_bb": [
            0.0,
            -0.3042187988758087,
            -0.1544550359249115,
            -0.1266147792339325
          ],
          "candidate_probabilities": [
            0.9572116732597351,
            0.0036924313753843307,
            0.029364410787820816,
            0.009731425903737545
          ],
          "class_index": 62,
          "conditional_hand_mass": 0.009049773810439787,
          "expected_action_loss_bb": 0.006890930503530596,
          "probability_on_actions_losing_over_0_1bb": 0.04278826806694269,
          "reference_expected_action_loss_bb": 0.0011053535127121565
        },
        {
          "action_values_bb": [
            0.0,
            -0.1792851984500885,
            0.022739149630069733,
            0.06920915842056274
          ],
          "candidate_probabilities": [
            0.0006493506953120232,
            0.0018485405016690493,
            0.07467357814311981,
            0.9228285551071167
          ],
          "class_index": 63,
          "conditional_hand_mass": 0.009049773810439787,
          "expected_action_loss_bb": 0.003974374730982298,
          "probability_on_actions_losing_over_0_1bb": 0.0018485405016690493,
          "reference_expected_action_loss_bb": 0.0008877773891159311
        },
        {
          "action_values_bb": [
            0.0,
            -0.3323294222354889,
            0.18580637872219086,
            0.33994412422180176
          ],
          "candidate_probabilities": [
            0.0006493506953120232,
            0.0006493506953120232,
            0.020659394562244415,
            0.97804194688797
          ],
          "class_index": 64,
          "conditional_hand_mass": 0.009049773810439787,
          "expected_action_loss_bb": 0.00384167674947386,
          "probability_on_actions_losing_over_0_1bb": 0.02195809595286846,
          "reference_expected_action_loss_bb": 0.00042388530646408993
        },
        {
          "action_values_bb": [
            0.0,
            -0.7889705896377563,
            -0.5893611907958984,
            -0.5454067587852478
          ],
          "candidate_probabilities": [
            0.9916775226593018,
            0.000649350811727345,
            0.006147004198282957,
            0.0015262258239090443
          ],
          "class_index": 65,
          "conditional_hand_mass": 0.0030165911925363843,
          "expected_action_loss_bb": 0.004967538286730286,
          "probability_on_actions_losing_over_0_1bb": 0.008322580833919346,
          "reference_expected_action_loss_bb": 0.0006802505621703965
        },
        {
          "action_values_bb": [
            0.0,
            -0.6992249488830566,
            -0.43821847438812256,
            -0.42363595962524414
          ],
          "candidate_probabilities": [
            0.9837889075279236,
            0.0006493507535196841,
            0.012399018742144108,
            0.0031626825220882893
          ],
          "class_index": 66,
          "conditional_hand_mass": 0.0030165911925363843,
          "expected_action_loss_bb": 0.0072273473697639645,
          "probability_on_actions_losing_over_0_1bb": 0.01621105201775208,
          "reference_expected_action_loss_bb": 0.0008299005969540502
        },
        {
          "action_values_bb": [
            0.0,
            -0.6991556882858276,
            -0.43839365243911743,
            -0.36949384212493896
          ],
          "candidate_probabilities": [
            0.9840208292007446,
            0.000649350811727345,
            0.011899673379957676,
            0.003430258948355913
          ],
          "class_index": 67,
          "conditional_hand_mass": 0.0030165911925363843,
          "expected_action_loss_bb": 0.006938198147895855,
          "probability_on_actions_losing_over_0_1bb": 0.015979283140040934,
          "reference_expected_action_loss_bb": 0.0008733202389042917
        },
        {
          "action_values_bb": [
            0.0,
            -0.6415592432022095,
            -0.34051862359046936,
            -0.26983702182769775
          ],
          "candidate_probabilities": [
            0.9835937023162842,
            0.0006493507535196841,
            0.011963920667767525,
            0.0037930619437247515
          ],
          "class_index": 68,
          "conditional_hand_mass": 0.0030165911925363843,
          "expected_action_loss_bb": 0.005514043315037305,
          "probability_on_actions_losing_over_0_1bb": 0.01640633336501196,
          "reference_expected_action_loss_bb": 0.0008640261166016454
        },
        {
          "action_values_bb": [
            0.0,
            -0.5631964206695557,
            -0.21114963293075562,
            -0.16227604448795319
          ],
          "candidate_probabilities": [
            0.9746719598770142,
            0.0006493507535196841,
            0.019324688240885735,
            0.005354061722755432
          ],
          "class_index": 69,
          "conditional_hand_mass": 0.0030165911925363843,
          "expected_action_loss_bb": 0.005314948807018785,
          "probability_on_actions_losing_over_0_1bb": 0.02532810071716085,
          "reference_expected_action_loss_bb": 0.0008707707153360325
        },
        {
          "action_values_bb": [
            0.0,
            -0.03999129682779312,
            0.6702810525894165,
            0.8926324248313904
          ],
          "candidate_probabilities": [
            0.0006493505788967013,
            0.0006493505788967013,
            0.009569024667143822,
            0.989132285118103
          ],
          "class_index": 70,
          "conditional_hand_mass": 0.0045248869052198935,
          "expected_action_loss_bb": 0.0033129169011151425,
          "probability_on_actions_losing_over_0_1bb": 0.010867725824937224,
          "reference_expected_action_loss_bb": 0.0004579234102674376
        },
        {
          "action_values_bb": [
            0.0,
            -0.5301065444946289,
            -0.31865599751472473,
            -0.27393558621406555
          ],
          "candidate_probabilities": [
            0.9785090088844299,
            0.0011898288503289223,
            0.01556845661252737,
            0.004732641391456127
          ],
          "class_index": 71,
          "conditional_hand_mass": 0.009049773810439787,
          "expected_action_loss_bb": 0.006888157025926989,
          "probability_on_actions_losing_over_0_1bb": 0.02149092685431242,
          "reference_expected_action_loss_bb": 0.0009112017054616721
        },
        {
          "action_values_bb": [
            0.0,
            -0.4857805669307709,
            -0.3326549828052521,
            -0.27714258432388306
          ],
          "candidate_probabilities": [
            0.9780393242835999,
            0.0026169035118073225,
            0.014529590494930744,
            0.00481416704133153
          ],
          "class_index": 72,
          "conditional_hand_mass": 0.009049773810439787,
          "expected_action_loss_bb": 0.007438792243028909,
          "probability_on_actions_losing_over_0_1bb": 0.021960661048069596,
          "reference_expected_action_loss_bb": 0.0009927797405123902
        },
        {
          "action_values_bb": [
            0.0,
            -0.4431530237197876,
            -0.29690930247306824,
            -0.24597570300102234
          ],
          "candidate_probabilities": [
            0.9777135252952576,
            0.004103576298803091,
            0.012222188524901867,
            0.005960783921182156
          ],
          "class_index": 73,
          "conditional_hand_mass": 0.009049773810439787,
          "expected_action_loss_bb": 0.006913601729952368,
          "probability_on_actions_losing_over_0_1bb": 0.022286548744887114,
          "reference_expected_action_loss_bb": 0.0010790436422735885
        },
        {
          "action_values_bb": [
            0.0,
            -0.39846882224082947,
            -0.2514197826385498,
            -0.2049742192029953
          ],
          "candidate_probabilities": [
            0.9617704749107361,
            0.0037501605693250895,
            0.02689727395772934,
            0.007582120597362518
          ],
          "class_index": 74,
          "conditional_hand_mass": 0.009049773810439787,
          "expected_action_loss_bb": 0.009810968086642134,
          "probability_on_actions_losing_over_0_1bb": 0.03822955512441695,
          "reference_expected_action_loss_bb": 0.00116184178399187
        },
        {
          "action_values_bb": [
            0.0,
            -0.30785056948661804,
            -0.16239963471889496,
            -0.10881161689758301
          ],
          "candidate_probabilities": [
            0.9565728902816772,
            0.004603855311870575,
            0.028027037158608437,
            0.010796202346682549
          ],
          "class_index": 75,
          "conditional_hand_mass": 0.009049773810439787,
          "expected_action_loss_bb": 0.007143632310100262,
          "probability_on_actions_losing_over_0_1bb": 0.04342709481716156,
          "reference_expected_action_loss_bb": 0.0010032085393075693
        },
        {
          "action_values_bb": [
            0.0,
            -0.14219282567501068,
            0.03841383755207062,
            0.10876117646694183
          ],
          "candidate_probabilities": [
            0.0006493506371043622,
            0.0038319563027471304,
            0.03029012866318226,
            0.9652285575866699
          ],
          "class_index": 76,
          "conditional_hand_mass": 0.009049773810439787,
          "expected_action_loss_bb": 0.003163098856282438,
          "probability_on_actions_losing_over_0_1bb": 0.004481306939851493,
          "reference_expected_action_loss_bb": 0.0005886744477875973
        },
        {
          "action_values_bb": [
            0.0,
            -0.3320809602737427,
            0.18456043303012848,
            0.39459115266799927
          ],
          "candidate_probabilities": [
            0.0006493506371043622,
            0.0006493506371043622,
            0.012686901725828648,
            0.9860144257545471
          ],
          "class_index": 77,
          "conditional_hand_mass": 0.009049773810439787,
          "expected_action_loss_bb": 0.003392732115336139,
          "probability_on_actions_losing_over_0_1bb": 0.013985603000037372,
          "reference_expected_action_loss_bb": 0.0004361324314343801
        },
        {
          "action_values_bb": [
            0.0,
            -0.711412787437439,
            -0.45384681224823,
            -0.45187491178512573
          ],
          "candidate_probabilities": [
            0.9863613247871399,
            0.0006493506953120232,
            0.0101255401968956,
            0.0028638173826038837
          ],
          "class_index": 78,
          "conditional_hand_mass": 0.0030165911925363843,
          "expected_action_loss_bb": 0.006351487755961588,
          "probability_on_actions_losing_over_0_1bb": 0.013638708274811506,
          "reference_expected_action_loss_bb": 0.000857974900774573
        },
        {
          "action_values_bb": [
            0.0,
            -0.6948226690292358,
            -0.42572250962257385,
            -0.43443620204925537
          ],
          "candidate_probabilities": [
            0.9847291707992554,
            0.0006493507535196841,
            0.011469519697129726,
            0.003152058459818363
          ],
          "class_index": 79,
          "conditional_hand_mass": 0.0030165911925363843,
          "expected_action_loss_bb": 0.006703384639245018,
          "probability_on_actions_losing_over_0_1bb": 0.015270928910467774,
          "reference_expected_action_loss_bb": 0.0008963303221291392
        },
        {
          "action_values_bb": [
            0.0,
            -0.6575515270233154,
            -0.362545907497406,
            -0.3442307710647583
          ],
          "candidate_probabilities": [
            0.9818600416183472,
            0.0006493507535196841,
            0.013606221415102482,
            0.003884389763697982
          ],
          "class_index": 80,
          "conditional_hand_mass": 0.0030165911925363843,
          "expected_action_loss_bb": 0.006696987953573388,
          "probability_on_actions_losing_over_0_1bb": 0.018139961932320148,
          "reference_expected_action_loss_bb": 0.0009019073278190484
        },
        {
          "action_values_bb": [
            0.0,
            -0.5976123809814453,
            -0.26199182868003845,
            -0.24324233829975128
          ],
          "candidate_probabilities": [
            0.9760921001434326,
            0.0006493507535196841,
            0.018516847863793373,
            0.00474177161231637
          ],
          "class_index": 81,
          "conditional_hand_mass": 0.0030165911925363843,
          "expected_action_loss_bb": 0.006392722497791499,
          "probability_on_actions_losing_over_0_1bb": 0.023907970229629427,
          "reference_expected_action_loss_bb": 0.0008542560095737952
        },
        {
          "action_values_bb": [
            0.0,
            -0.5717159509658813,
            -0.22005505859851837,
            -0.17534483969211578
          ],
          "candidate_probabilities": [
            0.9596629738807678,
            0.0006493507535196841,
            0.03359456732869148,
            0.006093104835599661
          ],
          "class_index": 82,
          "conditional_hand_mass": 0.0030165911925363843,
          "expected_action_loss_bb": 0.00883229315629147,
          "probability_on_actions_losing_over_0_1bb": 0.04033702291781083,
          "reference_expected_action_loss_bb": 0.0008857663803595022
        },
        {
          "action_values_bb": [
            0.0,
            -0.5138517618179321,
            -0.12296756356954575,
            -0.07749645411968231
          ],
          "candidate_probabilities": [
            0.9075265526771545,
            0.0006493506953120232,
            0.0834336057305336,
            0.008390516974031925
          ],
          "class_index": 83,
          "conditional_hand_mass": 0.0030165911925363843,
          "expected_action_loss_bb": 0.01124353252904807,
          "probability_on_actions_losing_over_0_1bb": 0.08408295642584562,
          "reference_expected_action_loss_bb": 0.0010037896655158375
        },
        {
          "action_values_bb": [
            0.0,
            0.0658852830529213,
            0.8455483913421631,
            1.0645637512207031
          ],
          "candidate_probabilities": [
            0.0006493506371043622,
            0.0006493506371043622,
            0.008966504596173763,
            0.9897348284721375
          ],
          "class_index": 84,
          "conditional_hand_mass": 0.0045248869052198935,
          "expected_action_loss_bb": 0.003303569880644111,
          "probability_on_actions_losing_over_0_1bb": 0.010265205870382488,
          "reference_expected_action_loss_bb": 0.0004489718556986802
        },
        {
          "action_values_bb": [
            0.0,
            -0.37840500473976135,
            -0.21907472610473633,
            -0.17746621370315552
          ],
          "candidate_probabilities": [
            0.9594763517379761,
            0.001488729496486485,
            0.03160425275564194,
            0.007430650759488344
          ],
          "class_index": 85,
          "conditional_hand_mass": 0.009049773810439787,
          "expected_action_loss_bb": 0.00880572516399818,
          "probability_on_actions_losing_over_0_1bb": 0.040523633011616766,
          "reference_expected_action_loss_bb": 0.0010118527188553899
        },
        {
          "action_values_bb": [
            0.0,
            -0.31283044815063477,
            -0.16151529550552368,
            -0.1402623951435089
          ],
          "candidate_probabilities": [
            0.7365079522132874,
            0.0006493506371043622,
            0.25165170431137085,
            0.011191039346158504
          ],
          "class_index": 86,
          "conditional_hand_mass": 0.009049773810439787,
          "expected_action_loss_bb": 0.04241841801996943,
          "probability_on_actions_losing_over_0_1bb": 0.2634920942946337,
          "reference_expected_action_loss_bb": 0.001076328416170766
        },
        {
          "action_values_bb": [
            0.0,
            -0.2542537450790405,
            -0.1115582138299942,
            -0.09288102388381958
          ],
          "candidate_probabilities": [
            0.9523500204086304,
            0.004073307849466801,
            0.029443345963954926,
            0.01413336768746376
          ],
          "class_index": 87,
          "conditional_hand_mass": 0.009049773810439787,
          "expected_action_loss_bb": 0.0056330225222422925,
          "probability_on_actions_losing_over_0_1bb": 0.033516653813421726,
          "reference_expected_action_loss_bb": 0.0012458351268905196
        },
        {
          "action_values_bb": [
            0.0,
            -0.18441522121429443,
            -0.0403437539935112,
            0.0066776275634765625
          ],
          "candidate_probabilities": [
            0.0006493505788967013,
            0.0014466752763837576,
            0.9673480987548828,
            0.030555862933397293
          ],
          "class_index": 88,
          "conditional_hand_mass": 0.009049773810439787,
          "expected_action_loss_bb": 0.045766829471124565,
          "probability_on_actions_losing_over_0_1bb": 0.0014466752763837576,
          "reference_expected_action_loss_bb": 0.0013529048887520531
        },
        {
          "action_values_bb": [
            0.0,
            -0.362192302942276,
            0.14103201031684875,
            0.19674910604953766
          ],
          "candidate_probabilities": [
            0.0006493506371043622,
            0.0006493506371043622,
            0.05955876037478447,
            0.9391425251960754
          ],
          "class_index": 89,
          "conditional_hand_mass": 0.009049773810439787,
          "expected_action_loss_bb": 0.00380914927091797,
          "probability_on_actions_losing_over_0_1bb": 0.0012987012742087245,
          "reference_expected_action_loss_bb": 0.0004950500114965493
        },
        {
          "action_values_bb": [
            0.0,
            -0.2676217257976532,
            0.28824055194854736,
            0.5109360218048096
          ],
          "candidate_probabilities": [
            0.0006493506953120232,
            0.0006493506953120232,
            0.011496693827211857,
            0.9872046113014221
          ],
          "class_index": 90,
          "conditional_hand_mass": 0.009049773810439787,
          "expected_action_loss_bb": 0.003397595309409668,
          "probability_on_actions_losing_over_0_1bb": 0.012795395217835903,
          "reference_expected_action_loss_bb": 0.0004420204332614866
        },
        {
          "action_values_bb": [
            0.0,
            -0.705962598323822,
            -0.44182127714157104,
            -0.41246241331100464
          ],
          "candidate_probabilities": [
            0.9851534366607666,
            0.000649350811727345,
            0.010868781246244907,
            0.0033284847158938646
          ],
          "class_index": 91,
          "conditional_hand_mass": 0.0030165911925363843,
          "expected_action_loss_bb": 0.006633351036045378,
          "probability_on_actions_losing_over_0_1bb": 0.014846616773866117,
          "reference_expected_action_loss_bb": 0.0009452729922011169
        },
        {
          "action_values_bb": [
            0.0,
            -0.617802619934082,
            -0.29417306184768677,
            -0.3262561559677124
          ],
          "candidate_probabilities": [
            0.9791169762611389,
            0.0006493507535196841,
            0.015851546078920364,
            0.004382119048386812
          ],
          "class_index": 92,
          "conditional_hand_mass": 0.0030165911925363843,
          "expected_action_loss_bb": 0.0064939617575558994,
          "probability_on_actions_losing_over_0_1bb": 0.02088301588082686,
          "reference_expected_action_loss_bb": 0.0008768336818373024
        },
        {
          "action_values_bb": [
            0.0,
            -0.6673769354820251,
            -0.3765510618686676,
            -0.34730270504951477
          ],
          "candidate_probabilities": [
            0.9821100831031799,
            0.0006493506953120232,
            0.013224352151155472,
            0.004016166087239981
          ],
          "class_index": 93,
          "conditional_hand_mass": 0.0030165911925363843,
          "expected_action_loss_bb": 0.006807830868159823,
          "probability_on_actions_losing_over_0_1bb": 0.017889868933707476,
          "reference_expected_action_loss_bb": 0.0009484133631031972
        },
        {
          "action_values_bb": [
            0.0,
            -0.5970669388771057,
            -0.2585108280181885,
            -0.23834507167339325
          ],
          "candidate_probabilities": [
            0.9782450795173645,
            0.0008871668833307922,
            0.01603870466351509,
            0.00482914038002491
          ],
          "class_index": 94,
          "conditional_hand_mass": 0.0030165911925363843,
          "expected_action_loss_bb": 0.00582687864820584,
          "probability_on_actions_losing_over_0_1bb": 0.021755011926870793,
          "reference_expected_action_loss_bb": 0.0008864159494259513
        },
        {
          "action_values_bb": [
            0.0,
            -0.4952075183391571,
            -0.20409545302391052,
            -0.16411322355270386
          ],
          "candidate_probabilities": [
            0.910067081451416,
            0.000649350811727345,
            0.08256929367780685,
            0.006714354734867811
          ],
          "class_index": 95,
          "conditional_hand_mass": 0.0030165911925363843,
          "expected_action_loss_bb": 0.018275495202658833,
          "probability_on_actions_losing_over_0_1bb": 0.08993299922440201,
          "reference_expected_action_loss_bb": 0.000923897917205347
        },
        {
          "action_values_bb": [
            0.0,
            -0.3376668393611908,
            -0.15372797846794128,
            -0.08630434423685074
          ],
          "candidate_probabilities": [
            0.9653757214546204,
            0.002871829317882657,
            0.023827189579606056,
            0.00792529247701168
          ],
          "class_index": 96,
          "conditional_hand_mass": 0.0030165911925363843,
          "expected_action_loss_bb": 0.005316614385713216,
          "probability_on_actions_losing_over_0_1bb": 0.026699018897488713,
          "reference_expected_action_loss_bb": 0.0008972277748143099
        },
        {
          "action_values_bb": [
            0.0,
            -0.4289266765117645,
            0.02638876996934414,
            0.03553806245326996
          ],
          "candidate_probabilities": [
            0.000649350811727345,
            0.000649350811727345,
            0.9859172701835632,
            0.012784064747393131
          ],
          "class_index": 97,
          "conditional_hand_mass": 0.0030165911925363843,
          "expected_action_loss_bb": 0.009345122694830059,
          "probability_on_actions_losing_over_0_1bb": 0.000649350811727345,
          "reference_expected_action_loss_bb": 0.003824218523078867
        },
        {
          "action_values_bb": [
            0.0,
            0.18260106444358826,
            1.0424554347991943,
            1.2463979721069336
          ],
          "candidate_probabilities": [
            0.0006493506371043622,
            0.0006493506371043622,
            0.007410584017634392,
            0.9912907481193542
          ],
          "class_index": 98,
          "conditional_hand_mass": 0.0045248869052198935,
          "expected_action_loss_bb": 0.0030114598245026044,
          "probability_on_actions_losing_over_0_1bb": 0.008709285291843116,
          "reference_expected_action_loss_bb": 0.00042781038315447216
        },
        {
          "action_values_bb": [
            0.0,
            -0.21918123960494995,
            -0.06657326966524124,
            -0.03989341855049133
          ],
          "candidate_probabilities": [
            0.8463094830513,
            0.003232588293030858,
            0.13628914952278137,
            0.014168774709105492
          ],
          "class_index": 99,
          "conditional_hand_mass": 0.009049773810439787,
          "expected_action_loss_bb": 0.010346977872643423,
          "probability_on_actions_losing_over_0_1bb": 0.003232588293030858,
          "reference_expected_action_loss_bb": 0.0015066177720198352
        },
        {
          "action_values_bb": [
            0.0,
            -0.1736384779214859,
            -0.031700097024440765,
            0.0019170939922332764
          ],
          "candidate_probabilities": [
            0.03331287205219269,
            0.0032121886033564806,
            0.5732485055923462,
            0.39022645354270935
          ],
          "class_index": 100,
          "conditional_hand_mass": 0.009049773810439787,
          "expected_action_loss_bb": 0.019898786026753112,
          "probability_on_actions_losing_over_0_1bb": 0.0032121886033564806,
          "reference_expected_action_loss_bb": 0.001305014503594784
        },
        {
          "action_values_bb": [
            0.0,
            -0.12737390398979187,
            0.08886276185512543,
            0.12020382285118103
          ],
          "candidate_probabilities": [
            0.0006493505788967013,
            0.0007948474958539009,
            0.574603259563446,
            0.42395251989364624
          ],
          "class_index": 101,
          "conditional_hand_mass": 0.009049773810439787,
          "expected_action_loss_bb": 0.018283516764673092,
          "probability_on_actions_losing_over_0_1bb": 0.0014441980747506022,
          "reference_expected_action_loss_bb": 0.0010339485010733142
        },
        {
          "action_values_bb": [
            0.0,
            -0.3210700750350952,
            0.20692168176174164,
            0.2993376851081848
          ],
          "candidate_probabilities": [
            0.0006493506953120232,
            0.0006493506953120232,
            0.022053074091672897,
            0.9766482710838318
          ],
          "class_index": 102,
          "conditional_hand_mass": 0.009049773810439787,
          "expected_action_loss_bb": 0.002635294313439507,
          "probability_on_actions_losing_over_0_1bb": 0.0012987013906240463,
          "reference_expected_action_loss_bb": 0.0003683096998652914
        },
        {
          "action_values_bb": [
            0.0,
            -0.22586625814437866,
            0.35557952523231506,
            0.5915191173553467
          ],
          "candidate_probabilities": [
            0.0006493506371043622,
            0.0006493506371043622,
            0.010809569619596004,
            0.9878917336463928
          ],
          "class_index": 103,
          "conditional_hand_mass": 0.009049773810439787,
          "expected_action_loss_bb": 0.0034652784771276347,
          "probability_on_actions_losing_over_0_1bb": 0.012108270893804729,
          "reference_expected_action_loss_bb": 0.0004554340565731804
        },
        {
          "action_values_bb": [
            0.0,
            -0.5609884262084961,
            -0.37452876567840576,
            -0.34285494685173035
          ],
          "candidate_probabilities": [
            0.9841609597206116,
            0.001576400245539844,
            0.010528704151511192,
            0.003734045894816518
          ],
          "class_index": 104,
          "conditional_hand_mass": 0.0030165911925363843,
          "expected_action_loss_bb": 0.006107880969687916,
          "probability_on_actions_losing_over_0_1bb": 0.015839150291867554,
          "reference_expected_action_loss_bb": 0.001016876573921582
        },
        {
          "action_values_bb": [
            0.0,
            -0.5236172676086426,
            -0.28763604164123535,
            -0.2874816656112671
          ],
          "candidate_probabilities": [
            0.9761669039726257,
            0.0009691136074252427,
            0.01799098215997219,
            0.004872946068644524
          ],
          "class_index": 105,
          "conditional_hand_mass": 0.0030165911925363843,
          "expected_action_loss_bb": 0.007083182165102647,
          "probability_on_actions_losing_over_0_1bb": 0.023833041836041957,
          "reference_expected_action_loss_bb": 0.0008769291786122207
        },
        {
          "action_values_bb": [
            0.0,
            -0.46453601121902466,
            -0.2817060053348541,
            -0.2571225166320801
          ],
          "candidate_probabilities": [
            0.9733086824417114,
            0.0009948902297765017,
            0.020028382539749146,
            0.005668120924383402
          ],
          "class_index": 106,
          "conditional_hand_mass": 0.0030165911925363843,
          "expected_action_loss_bb": 0.007561679494184639,
          "probability_on_actions_losing_over_0_1bb": 0.02669139369390905,
          "reference_expected_action_loss_bb": 0.0009190723687564177
        },
        {
          "action_values_bb": [
            0.0,
            -0.4314345419406891,
            -0.24302799999713898,
            -0.22703421115875244
          ],
          "candidate_probabilities": [
            0.971452534198761,
            0.001661047455854714,
            0.02086935006082058,
            0.006017095409333706
          ],
          "class_index": 107,
          "conditional_hand_mass": 0.0030165911925363843,
          "expected_action_loss_bb": 0.00715455616450485,
          "probability_on_actions_losing_over_0_1bb": 0.028547492926009,
          "reference_expected_action_loss_bb": 0.001002180481559332
        },
        {
          "action_values_bb": [
            0.0,
            -0.34386610984802246,
            -0.1660129874944687,
            -0.13462018966674805
          ],
          "candidate_probabilities": [
            0.962455689907074,
            0.0024294026661664248,
            0.02720905840396881,
            0.007905732840299606
          ],
          "class_index": 108,
          "conditional_hand_mass": 0.0030165911925363843,
          "expected_action_loss_bb": 0.006416717571039177,
          "probability_on_actions_losing_over_0_1bb": 0.03754419391043484,
          "reference_expected_action_loss_bb": 0.0009389370985032272
        },
        {
          "action_values_bb": [
            0.0,
            -0.25866109132766724,
            -0.07721585780382156,
            -0.03841426968574524
          ],
          "candidate_probabilities": [
            0.8683767318725586,
            0.0017317133024334908,
            0.1167653501033783,
            0.013126230798661709
          ],
          "class_index": 109,
          "conditional_hand_mass": 0.0030165911925363843,
          "expected_action_loss_bb": 0.009968298092527111,
          "probability_on_actions_losing_over_0_1bb": 0.0017317133024334908,
          "reference_expected_action_loss_bb": 0.0013704255999684913
        },
        {
          "action_values_bb": [
            0.0,
            -0.4102090001106262,
            0.06164803355932236,
            0.06332264840602875
          ],
          "candidate_probabilities": [
            0.0006493506953120232,
            0.0006493506953120232,
            0.7418110370635986,
            0.25689026713371277
          ],
          "class_index": 110,
          "conditional_hand_mass": 0.0030165911925363843,
          "expected_action_loss_bb": 0.0015908544871053587,
          "probability_on_actions_losing_over_0_1bb": 0.0006493506953120232,
          "reference_expected_action_loss_bb": 0.0011695046052884192
        },
        {
          "action_values_bb": [
            0.0,
            -0.37007224559783936,
            0.12704817950725555,
            0.14626675844192505
          ],
          "candidate_probabilities": [
            0.0006493506953120232,
            0.0006493506953120232,
            0.7481177449226379,
            0.2505835294723511
          ],
          "class_index": 111,
          "conditional_hand_mass": 0.0030165911925363843,
          "expected_action_loss_bb": 0.014808023445807894,
          "probability_on_actions_losing_over_0_1bb": 0.0012987013906240463,
          "reference_expected_action_loss_bb": 0.002420704467252191
        },
        {
          "action_values_bb": [
            0.0,
            0.28511595726013184,
            1.2123568058013916,
            1.4300168752670288
          ],
          "candidate_probabilities": [
            0.0006493506953120232,
            0.0006493506953120232,
            0.006590348668396473,
            0.9921109676361084
          ],
          "class_index": 112,
          "conditional_hand_mass": 0.0045248869052198935,
          "expected_action_loss_bb": 0.00310648040839967,
          "probability_on_actions_losing_over_0_1bb": 0.00788905005902052,
          "reference_expected_action_loss_bb": 0.0004324677341129915
        },
        {
          "action_values_bb": [
            0.0,
            -0.11449798941612244,
            0.10696246474981308,
            0.14411455392837524
          ],
          "candidate_probabilities": [
            0.0006493505788967013,
            0.0008446872816421092,
            0.1696360856294632,
            0.8288698196411133
          ],
          "class_index": 113,
          "conditional_hand_mass": 0.009049773810439787,
          "expected_action_loss_bb": 0.0066143625764650705,
          "probability_on_actions_losing_over_0_1bb": 0.0014940378605388105,
          "reference_expected_action_loss_bb": 0.0012059100474970594
        },
        {
          "action_values_bb": [
            0.0,
            -0.31634506583213806,
            0.2191246747970581,
            0.2696203589439392
          ],
          "candidate_probabilities": [
            0.0006493507535196841,
            0.0006493507535196841,
            0.06687317788600922,
            0.9318280816078186
          ],
          "class_index": 114,
          "conditional_hand_mass": 0.009049773810439787,
          "expected_action_loss_bb": 0.003932382141789438,
          "probability_on_actions_losing_over_0_1bb": 0.0012987015070393682,
          "reference_expected_action_loss_bb": 0.000672665231974397
        },
        {
          "action_values_bb": [
            0.0,
            -0.24049724638462067,
            0.337860107421875,
            0.4571693241596222
          ],
          "candidate_probabilities": [
            0.0006493506953120232,
            0.0006493506953120232,
            0.014226052910089493,
            0.9844752550125122
          ],
          "class_index": 115,
          "conditional_hand_mass": 0.009049773810439787,
          "expected_action_loss_bb": 0.0024471927211697636,
          "probability_on_actions_losing_over_0_1bb": 0.015524754300713539,
          "reference_expected_action_loss_bb": 0.00034871513713058834
        },
        {
          "action_values_bb": [
            0.0,
            -0.13916335999965668,
            0.49740445613861084,
            0.7617825865745544
          ],
          "candidate_probabilities": [
            0.0006493506953120232,
            0.0006493506953120232,
            0.009502283297479153,
            0.9891990423202515
          ],
          "class_index": 116,
          "conditional_hand_mass": 0.009049773810439787,
          "expected_action_loss_bb": 0.003591889822175523,
          "probability_on_actions_losing_over_0_1bb": 0.010800984688103199,
          "reference_expected_action_loss_bb": 0.0004602853856461651
        },
        {
          "action_values_bb": [
            0.0,
            -0.4162934720516205,
            -0.2507804036140442,
            -0.24567274749279022
          ],
          "candidate_probabilities": [
            0.9772229790687561,
            0.003035731380805373,
            0.013641059398651123,
            0.006100350990891457
          ],
          "class_index": 117,
          "conditional_hand_mass": 0.0030165911925363843,
          "expected_action_loss_bb": 0.006183355527051078,
          "probability_on_actions_losing_over_0_1bb": 0.022777141770347953,
          "reference_expected_action_loss_bb": 0.0010484600842629891
        },
        {
          "action_values_bb": [
            0.0,
            -0.416124552488327,
            -0.2623274028301239,
            -0.23335187137126923
          ],
          "candidate_probabilities": [
            0.9395479559898376,
            0.0006493506953120232,
            0.05207917466759682,
            0.0077234902419149876
          ],
          "class_index": 118,
          "conditional_hand_mass": 0.0030165911925363843,
          "expected_action_loss_bb": 0.015734296301050353,
          "probability_on_actions_losing_over_0_1bb": 0.06045201560482383,
          "reference_expected_action_loss_bb": 0.0010558612560387353
        },
        {
          "action_values_bb": [
            0.0,
            -0.3635852336883545,
            -0.20875272154808044,
            -0.18040668964385986
          ],
          "candidate_probabilities": [
            0.9631298780441284,
            0.0029555438086390495,
            0.02643325738608837,
            0.007481359876692295
          ],
          "class_index": 119,
          "conditional_hand_mass": 0.0030165911925363843,
          "expected_action_loss_bb": 0.007942293874455497,
          "probability_on_actions_losing_over_0_1bb": 0.036870161071419716,
          "reference_expected_action_loss_bb": 0.0010495289208920025
        },
        {
          "action_values_bb": [
            0.0,
            -0.3091251850128174,
            -0.1132749691605568,
            -0.11078058928251266
          ],
          "candidate_probabilities": [
            0.4795641601085663,
            0.0006493506953120232,
            0.5084967613220215,
            0.01128964964300394
          ],
          "class_index": 120,
          "conditional_hand_mass": 0.0030165911925363843,
          "expected_action_loss_bb": 0.05905135965106661,
          "probability_on_actions_losing_over_0_1bb": 0.5204357616603374,
          "reference_expected_action_loss_bb": 0.0011591110529921133
        },
        {
          "action_values_bb": [
            0.0,
            -0.2688564956188202,
            -0.08601158857345581,
            -0.07731261849403381
          ],
          "candidate_probabilities": [
            0.9572949409484863,
            0.0030039933044463396,
            0.029421448707580566,
            0.010279574431478977
          ],
          "class_index": 121,
          "conditional_hand_mass": 0.0030165911925363843,
          "expected_action_loss_bb": 0.004132969470469254,
          "probability_on_actions_losing_over_0_1bb": 0.0030039933044463396,
          "reference_expected_action_loss_bb": 0.0013403411937220472
        },
        {
          "action_values_bb": [
            0.0,
            -0.20649577677249908,
            -0.0037387311458587646,
            0.017699211835861206
          ],
          "candidate_probabilities": [
            0.268346905708313,
            0.0025822992902249098,
            0.22268716990947723,
            0.5063836574554443
          ],
          "class_index": 122,
          "conditional_hand_mass": 0.0030165911925363843,
          "expected_action_loss_bb": 0.010102422140864615,
          "probability_on_actions_losing_over_0_1bb": 0.0025822992902249098,
          "reference_expected_action_loss_bb": 0.002813112846559542
        },
        {
          "action_values_bb": [
            0.0,
            -0.36959218978881836,
            0.13225063681602478,
            0.11994755268096924
          ],
          "candidate_probabilities": [
            0.0006493507535196841,
            0.0006493507535196841,
            0.575032114982605,
            0.4236692190170288
          ],
          "class_index": 123,
          "conditional_hand_mass": 0.0030165911925363843,
          "expected_action_loss_bb": 0.005624187115274026,
          "probability_on_actions_losing_over_0_1bb": 0.0012987015070393682,
          "reference_expected_action_loss_bb": 0.00010386028255902858
        },
        {
          "action_values_bb": [
            0.0,
            -0.3247057795524597,
            0.14790290594100952,
            0.1836126744747162
          ],
          "candidate_probabilities": [
            0.0006493507535196841,
            0.0006493507535196841,
            0.4890570342540741,
            0.5096442699432373
          ],
          "class_index": 124,
          "conditional_hand_mass": 0.0030165911925363843,
          "expected_action_loss_bb": 0.017913419492670467,
          "probability_on_actions_losing_over_0_1bb": 0.0012987015070393682,
          "reference_expected_action_loss_bb": 0.001223389959227297
        },
        {
          "action_values_bb": [
            0.0,
            -0.26885032653808594,
            0.2977449893951416,
            0.3279953896999359
          ],
          "candidate_probabilities": [
            0.0006493507535196841,
            0.0006493507535196841,
            0.06824791431427002,
            0.930453360080719
          ],
          "class_index": 125,
          "conditional_hand_mass": 0.0030165911925363843,
          "expected_action_loss_bb": 0.0026650729970007607,
          "probability_on_actions_losing_over_0_1bb": 0.0012987015070393682,
          "reference_expected_action_loss_bb": 0.001143989294897361
        },
        {
          "action_values_bb": [
            0.0,
            1.3289598226547241,
            1.3972634077072144,
            1.6107591390609741
          ],
          "candidate_probabilities": [
            0.0006493506953120232,
            0.0006493506953120232,
            0.00509535800665617,
            0.9936059713363647
          ],
          "class_index": 126,
          "conditional_hand_mass": 0.0045248869052198935,
          "expected_action_loss_bb": 0.002316771333116585,
          "probability_on_actions_losing_over_0_1bb": 0.006394059397280216,
          "reference_expected_action_loss_bb": 0.00043592514620079646
        },
        {
          "action_values_bb": [
            0.0,
            -0.28054776787757874,
            0.27704736590385437,
            0.3450193703174591
          ],
          "candidate_probabilities": [
            0.0006493506953120232,
            0.0006493506953120232,
            0.03513751178979874,
            0.9635637998580933
          ],
          "class_index": 127,
          "conditional_hand_mass": 0.009049773810439787,
          "expected_action_loss_bb": 0.003018618130622347,
          "probability_on_actions_losing_over_0_1bb": 0.0012987013906240463,
          "reference_expected_action_loss_bb": 0.0004918186332283458
        },
        {
          "action_values_bb": [
            0.0,
            -0.1956128478050232,
            0.4110780358314514,
            0.5430084466934204
          ],
          "candidate_probabilities": [
            0.0006493506371043622,
            0.0006493506371043622,
            0.011121593415737152,
            0.9875797033309937
          ],
          "class_index": 128,
          "conditional_hand_mass": 0.009049773810439787,
          "expected_action_loss_bb": 0.0022995034777528074,
          "probability_on_actions_losing_over_0_1bb": 0.012420294689945877,
          "reference_expected_action_loss_bb": 0.00031661289914356296
        },
        {
          "action_values_bb": [
            0.0,
            -0.12004860490560532,
            0.5264625549316406,
            0.8316683769226074
          ],
          "candidate_probabilities": [
            0.0006493507535196841,
            0.0006493507535196841,
            0.0077962493523955345,
            0.9909050464630127
          ],
          "class_index": 129,
          "conditional_hand_mass": 0.009049773810439787,
          "expected_action_loss_bb": 0.003537503318565239,
          "probability_on_actions_losing_over_0_1bb": 0.009094950859434903,
          "reference_expected_action_loss_bb": 0.0004818061487365227
        },
        {
          "action_values_bb": [
            0.0,
            -0.3052811920642853,
            -0.15696550905704498,
            -0.1327325701713562
          ],
          "candidate_probabilities": [
            0.9659834504127502,
            0.004335438832640648,
            0.021670198068022728,
            0.008010945282876492
          ],
          "class_index": 130,
          "conditional_hand_mass": 0.0030165911925363843,
          "expected_action_loss_bb": 0.0057883149629628095,
          "probability_on_actions_losing_over_0_1bb": 0.03401658218353987,
          "reference_expected_action_loss_bb": 0.0010584049277602755
        },
        {
          "action_values_bb": [
            0.0,
            -0.2817002534866333,
            -0.054208531975746155,
            -0.06612232327461243
          ],
          "candidate_probabilities": [
            0.9556427001953125,
            0.0033441234845668077,
            0.028250759467482567,
            0.012762418016791344
          ],
          "class_index": 131,
          "conditional_hand_mass": 0.0030165911925363843,
          "expected_action_loss_bb": 0.0033173533610972306,
          "probability_on_actions_losing_over_0_1bb": 0.0033441234845668077,
          "reference_expected_action_loss_bb": 0.0018928153284266322
        },
        {
          "action_values_bb": [
            0.0,
            -0.2903139591217041,
            -0.15176062285900116,
            -0.08356940746307373
          ],
          "candidate_probabilities": [
            0.9583684802055359,
            0.00466584786772728,
            0.023827198892831802,
            0.0131384814158082
          ],
          "class_index": 132,
          "conditional_hand_mass": 0.0030165911925363843,
          "expected_action_loss_bb": 0.006068566418984622,
          "probability_on_actions_losing_over_0_1bb": 0.028493046760559082,
          "reference_expected_action_loss_bb": 0.0010096113060859904
        },
        {
          "action_values_bb": [
            0.0,
            -0.20778629183769226,
            0.002708651125431061,
            0.018304988741874695
          ],
          "candidate_probabilities": [
            0.8053650856018066,
            0.004049328155815601,
            0.04730123654007912,
            0.14328435063362122
          ],
          "class_index": 133,
          "conditional_hand_mass": 0.0030165911925363843,
          "expected_action_loss_bb": 0.0163954426680296,
          "probability_on_actions_losing_over_0_1bb": 0.004049328155815601,
          "reference_expected_action_loss_bb": 0.002948293272064298
        },
        {
          "action_values_bb": [
            0.0,
            -0.16931329667568207,
            0.017250411212444305,
            0.055272504687309265
          ],
          "candidate_probabilities": [
            0.08889421075582504,
            0.0034722969867289066,
            0.12527018785476685,
            0.78236323595047
          ],
          "class_index": 134,
          "conditional_hand_mass": 0.0030165911925363843,
          "expected_action_loss_bb": 0.010456269074238647,
          "probability_on_actions_losing_over_0_1bb": 0.0034722969867289066,
          "reference_expected_action_loss_bb": 0.001999556386480978
        },
        {
          "action_values_bb": [
            0.0,
            -0.1447198987007141,
            0.01786169409751892,
            0.08077047765254974
          ],
          "candidate_probabilities": [
            0.758675217628479,
            0.005815675016492605,
            0.01932549849152565,
            0.2161835879087448
          ],
          "class_index": 135,
          "conditional_hand_mass": 0.0030165911925363843,
          "expected_action_loss_bb": 0.06380568206091802,
          "probability_on_actions_losing_over_0_1bb": 0.005815675016492605,
          "reference_expected_action_loss_bb": 0.0012924948951988412
        },
        {
          "action_values_bb": [
            0.0,
            -0.335319459438324,
            0.19004705548286438,
            0.20660439133644104
          ],
          "candidate_probabilities": [
            0.0006493507535196841,
            0.0035962292458862066,
            0.9434895515441895,
            0.052264876663684845
          ],
          "class_index": 136,
          "conditional_hand_mass": 0.0030165911925363843,
          "expected_action_loss_bb": 0.017704714497651847,
          "probability_on_actions_losing_over_0_1bb": 0.004245579999405891,
          "reference_expected_action_loss_bb": 0.001623385398145237
        },
        {
          "action_values_bb": [
            0.0,
            -0.2778966426849365,
            0.2845052480697632,
            0.30798983573913574
          ],
          "candidate_probabilities": [
            0.0006493506953120232,
            0.0006493506953120232,
            0.2706718444824219,
            0.7280294895172119
          ],
          "class_index": 137,
          "conditional_hand_mass": 0.0030165911925363843,
          "expected_action_loss_bb": 0.006937055867503039,
          "probability_on_actions_losing_over_0_1bb": 0.0012987013906240463,
          "reference_expected_action_loss_bb": 0.0009918758220552118
        },
        {
          "action_values_bb": [
            0.0,
            -0.19927242398262024,
            0.41357308626174927,
            0.4518158435821533
          ],
          "candidate_probabilities": [
            0.0006493506953120232,
            0.01829138584434986,
            0.12947939336299896,
            0.8515798449516296
          ],
          "class_index": 138,
          "conditional_hand_mass": 0.0030165911925363843,
          "expected_action_loss_bb": 0.017154342671313938,
          "probability_on_actions_losing_over_0_1bb": 0.018940736539661884,
          "reference_expected_action_loss_bb": 0.0006772386315209789
        },
        {
          "action_values_bb": [
            0.0,
            -0.197426900267601,
            0.41488438844680786,
            0.4930998980998993
          ],
          "candidate_probabilities": [
            0.0006493507535196841,
            0.0006493507535196841,
            0.03434738144278526,
            0.9643539190292358
          ],
          "class_index": 139,
          "conditional_hand_mass": 0.0030165911925363843,
          "expected_action_loss_bb": 0.0034550868320337045,
          "probability_on_actions_losing_over_0_1bb": 0.0012987015070393682,
          "reference_expected_action_loss_bb": 0.00041892956543340123
        },
        {
          "action_values_bb": [
            0.0,
            1.7770206928253174,
            1.5982893705368042,
            1.8191851377487183
          ],
          "candidate_probabilities": [
            0.0006493506371043622,
            0.014740345068275928,
            0.004249877296388149,
            0.9803604483604431
          ],
          "class_index": 140,
          "conditional_hand_mass": 0.0045248869052198935,
          "expected_action_loss_bb": 0.0027415874019333167,
          "probability_on_actions_losing_over_0_1bb": 0.0048992279334925115,
          "reference_expected_action_loss_bb": 0.0004212705244077391
        },
        {
          "action_values_bb": [
            0.0,
            -0.12431935966014862,
            0.5263375639915466,
            0.6595542430877686
          ],
          "candidate_probabilities": [
            0.0006493506953120232,
            0.0006493506953120232,
            0.010716261342167854,
            0.9879850149154663
          ],
          "class_index": 141,
          "conditional_hand_mass": 0.009049773810439787,
          "expected_action_loss_bb": 0.002364875623656962,
          "probability_on_actions_losing_over_0_1bb": 0.0120149627327919,
          "reference_expected_action_loss_bb": 0.0003162782405492725
        },
        {
          "action_values_bb": [
            0.0,
            -0.0716850757598877,
            0.602190375328064,
            0.9383153915405273
          ],
          "candidate_probabilities": [
            0.0006493505788967013,
            0.0006493505788967013,
            0.007155949715524912,
            0.9915453195571899
          ],
          "class_index": 142,
          "conditional_hand_mass": 0.009049773810439787,
          "expected_action_loss_bb": 0.0036704337449583735,
          "probability_on_actions_losing_over_0_1bb": 0.008454650873318315,
          "reference_expected_action_loss_bb": 0.00047549742232149556
        },
        {
          "action_values_bb": [
            0.0,
            -0.24226969480514526,
            0.016315020620822906,
            0.04374636709690094
          ],
          "candidate_probabilities": [
            0.0006493507535196841,
            0.0006493507535196841,
            0.7253333926200867,
            0.27336791157722473
          ],
          "class_index": 143,
          "conditional_hand_mass": 0.0030165911925363843,
          "expected_action_loss_bb": 0.02011100308538369,
          "probability_on_actions_losing_over_0_1bb": 0.0006493507535196841,
          "reference_expected_action_loss_bb": 0.0012109829017091026
        },
        {
          "action_values_bb": [
            0.0,
            -0.37559643387794495,
            0.12173405289649963,
            0.11293008923530579
          ],
          "candidate_probabilities": [
            0.000649350811727345,
            0.000649350811727345,
            0.8901488184928894,
            0.10855253785848618
          ],
          "class_index": 144,
          "conditional_hand_mass": 0.0030165911925363843,
          "expected_action_loss_bb": 0.0013576826599834245,
          "probability_on_actions_losing_over_0_1bb": 0.00129870162345469,
          "reference_expected_action_loss_bb": 0.00024397802967959163
        },
        {
          "action_values_bb": [
            0.0,
            -0.23388685286045074,
            0.07082413882017136,
            0.11988513171672821
          ],
          "candidate_probabilities": [
            0.0006493507535196841,
            0.002003902569413185,
            0.08455445617437363,
            0.9127922654151917
          ],
          "class_index": 145,
          "conditional_hand_mass": 0.0030165911925363843,
          "expected_action_loss_bb": 0.004935097663239847,
          "probability_on_actions_losing_over_0_1bb": 0.002653253322932869,
          "reference_expected_action_loss_bb": 0.0008372672045440324
        },
        {
          "action_values_bb": [
            0.0,
            -0.3662381172180176,
            0.13743187487125397,
            0.19141891598701477
          ],
          "candidate_probabilities": [
            0.0006493507535196841,
            0.0011789974523708224,
            0.03425344452261925,
            0.9639182090759277
          ],
          "class_index": 146,
          "conditional_hand_mass": 0.0030165911925363843,
          "expected_action_loss_bb": 0.0026310163565785704,
          "probability_on_actions_losing_over_0_1bb": 0.0018283482058905065,
          "reference_expected_action_loss_bb": 0.0006155168917169837
        },
        {
          "action_values_bb": [
            0.0,
            -0.3209311366081238,
            0.21251265704631805,
            0.2540437877178192
          ],
          "candidate_probabilities": [
            0.0006493507535196841,
            0.0006493507535196841,
            0.13603121042251587,
            0.8626701235771179
          ],
          "class_index": 147,
          "conditional_hand_mass": 0.0030165911925363843,
          "expected_action_loss_bb": 0.006187853900807512,
          "probability_on_actions_losing_over_0_1bb": 0.0012987015070393682,
          "reference_expected_action_loss_bb": 0.0007231081707235222
        },
        {
          "action_values_bb": [
            0.0,
            -0.34652090072631836,
            0.1687537133693695,
            0.2696889042854309
          ],
          "candidate_probabilities": [
            0.0006493506953120232,
            0.0006493506953120232,
            0.08058776706457138,
            0.9181135296821594
          ],
          "class_index": 148,
          "conditional_hand_mass": 0.0030165911925363843,
          "expected_action_loss_bb": 0.008709400597019745,
          "probability_on_actions_losing_over_0_1bb": 0.08188646845519543,
          "reference_expected_action_loss_bb": 0.0004180729183532435
        },
        {
          "action_values_bb": [
            0.0,
            -0.26789557933807373,
            0.29764968156814575,
            0.3616085946559906
          ],
          "candidate_probabilities": [
            0.0006493507535196841,
            0.0006493507535196841,
            0.07446911931037903,
            0.9242321848869324
          ],
          "class_index": 149,
          "conditional_hand_mass": 0.0030165911925363843,
          "expected_action_loss_bb": 0.005406543752846774,
          "probability_on_actions_losing_over_0_1bb": 0.0012987015070393682,
          "reference_expected_action_loss_bb": 0.00038548601178940234
        },
        {
          "action_values_bb": [
            0.0,
            -0.19298821687698364,
            0.41887855529785156,
            0.48743051290512085
          ],
          "candidate_probabilities": [
            0.0006493506953120232,
            0.0006493506953120232,
            0.0340108647942543,
            0.9646903872489929
          ],
          "class_index": 150,
          "conditional_hand_mass": 0.0030165911925363843,
          "expected_action_loss_bb": 0.003089855079320858,
          "probability_on_actions_losing_over_0_1bb": 0.0012987013906240463,
          "reference_expected_action_loss_bb": 0.0003408295977614206
        },
        {
          "action_values_bb": [
            0.0,
            -0.1756519377231598,
            0.44519346952438354,
            0.5932909250259399
          ],
          "candidate_probabilities": [
            0.0006493507535196841,
            0.0006493507535196841,
            0.010725713334977627,
            0.9879755973815918
          ],
          "class_index": 151,
          "conditional_hand_mass": 0.0030165911925363843,
          "expected_action_loss_bb": 0.0024730183899109946,
          "probability_on_actions_losing_over_0_1bb": 0.012024414842016995,
          "reference_expected_action_loss_bb": 0.00033689692388625043
        },
        {
          "action_values_bb": [
            0.0,
            -0.09997616708278656,
            0.570580244064331,
            0.6989420652389526
          ],
          "candidate_probabilities": [
            0.0006493507535196841,
            0.0006493507535196841,
            0.013131510466337204,
            0.9855698347091675
          ],
          "class_index": 152,
          "conditional_hand_mass": 0.0030165911925363843,
          "expected_action_loss_bb": 0.0026582213111209013,
          "probability_on_actions_losing_over_0_1bb": 0.014430211973376572,
          "reference_expected_action_loss_bb": 0.0003118692902916775
        },
        {
          "action_values_bb": [
            0.0,
            -0.03381962701678276,
            0.6780925989151001,
            0.8112092018127441
          ],
          "candidate_probabilities": [
            0.000649350811727345,
            0.000649350811727345,
            0.008795123547315598,
            0.9899061918258667
          ],
          "class_index": 153,
          "conditional_hand_mass": 0.0030165911925363843,
          "expected_action_loss_bb": 0.002246256478294987,
          "probability_on_actions_losing_over_0_1bb": 0.010093825170770288,
          "reference_expected_action_loss_bb": 0.0003172976218044389
        },
        {
          "action_values_bb": [
            0.0,
            1.9648818969726562,
            1.7899893522262573,
            2.063729763031006
          ],
          "candidate_probabilities": [
            0.0006493506953120232,
            0.022257372736930847,
            0.004173456225544214,
            0.9729198217391968
          ],
          "class_index": 154,
          "conditional_hand_mass": 0.0045248869052198935,
          "expected_action_loss_bb": 0.0046826217773273116,
          "probability_on_actions_losing_over_0_1bb": 0.004822806920856237,
          "reference_expected_action_loss_bb": 0.000498253263962474
        },
        {
          "action_values_bb": [
            0.0,
            0.005626756697893143,
            0.726824939250946,
            1.0768311023712158
          ],
          "candidate_probabilities": [
            0.0006493506953120232,
            0.0006493506953120232,
            0.006134153809398413,
            0.9925671219825745
          ],
          "class_index": 155,
          "conditional_hand_mass": 0.009049773810439787,
          "expected_action_loss_bb": 0.0035418199505597193,
          "probability_on_actions_losing_over_0_1bb": 0.007432855200022459,
          "reference_expected_action_loss_bb": 0.00045779363897048217
        },
        {
          "action_values_bb": [
            0.0,
            -0.3357236385345459,
            0.13357318937778473,
            0.30157142877578735
          ],
          "candidate_probabilities": [
            0.0006493507535196841,
            0.0006493507535196841,
            0.01799304038286209,
            0.9807083010673523
          ],
          "class_index": 156,
          "conditional_hand_mass": 0.0030165911925363843,
          "expected_action_loss_bb": 0.0036324527724259023,
          "probability_on_actions_losing_over_0_1bb": 0.01929174188990146,
          "reference_expected_action_loss_bb": 0.00038168514551014353
        },
        {
          "action_values_bb": [
            0.0,
            -0.2890699505805969,
            0.2565457224845886,
            0.38015419244766235
          ],
          "candidate_probabilities": [
            0.000649350811727345,
            0.000649350811727345,
            0.030366964638233185,
            0.9683343768119812
          ],
          "class_index": 157,
          "conditional_hand_mass": 0.0030165911925363843,
          "expected_action_loss_bb": 0.004435028710305149,
          "probability_on_actions_losing_over_0_1bb": 0.031665666261687875,
          "reference_expected_action_loss_bb": 0.00039360444912029313
        },
        {
          "action_values_bb": [
            0.0,
            -0.2758520543575287,
            0.279132604598999,
            0.4179103374481201
          ],
          "candidate_probabilities": [
            0.0006493507535196841,
            0.0006493507535196841,
            0.01925024576485157,
            0.979451060295105
          ],
          "class_index": 158,
          "conditional_hand_mass": 0.0030165911925363843,
          "expected_action_loss_bb": 0.0033933709884427146,
          "probability_on_actions_losing_over_0_1bb": 0.02054894727189094,
          "reference_expected_action_loss_bb": 0.00038918540007503843
        },
        {
          "action_values_bb": [
            0.0,
            -0.23862417042255402,
            0.3402480185031891,
            0.4892317056655884
          ],
          "candidate_probabilities": [
            0.0006493506953120232,
            0.0006493506953120232,
            0.01145431213080883,
            0.9872469902038574
          ],
          "class_index": 159,
          "conditional_hand_mass": 0.0030165911925363843,
          "expected_action_loss_bb": 0.002496822322624312,
          "probability_on_actions_losing_over_0_1bb": 0.012753013521432877,
          "reference_expected_action_loss_bb": 0.00034536961060316785
        },
        {
          "action_values_bb": [
            0.0,
            -0.2410130500793457,
            0.3371126651763916,
            0.500694751739502
          ],
          "candidate_probabilities": [
            0.0006493507535196841,
            0.0006493507535196841,
            0.01502989325672388,
            0.9836714267730713
          ],
          "class_index": 160,
          "conditional_hand_mass": 0.0030165911925363843,
          "expected_action_loss_bb": 0.0032653763340836084,
          "probability_on_actions_losing_over_0_1bb": 0.01632859476376325,
          "reference_expected_action_loss_bb": 0.00036696072485058184
        },
        {
          "action_values_bb": [
            0.0,
            -0.22268712520599365,
            0.3659972548484802,
            0.5686942338943481
          ],
          "candidate_probabilities": [
            0.0006493506953120232,
            0.0006493506953120232,
            0.01158981304615736,
            0.9871114492416382
          ],
          "class_index": 161,
          "conditional_hand_mass": 0.0030165911925363843,
          "expected_action_loss_bb": 0.003232386124150499,
          "probability_on_actions_losing_over_0_1bb": 0.012888514436781406,
          "reference_expected_action_loss_bb": 0.0004128471003676257
        },
        {
          "action_values_bb": [
            0.0,
            -0.15317857265472412,
            0.47931739687919617,
            0.6832691431045532
          ],
          "candidate_probabilities": [
            0.0006493507535196841,
            0.0006493507535196841,
            0.0097756776958704,
            0.9889256358146667
          ],
          "class_index": 162,
          "conditional_hand_mass": 0.0030165911925363843,
          "expected_action_loss_bb": 0.0029805958240488387,
          "probability_on_actions_losing_over_0_1bb": 0.011074379202909768,
          "reference_expected_action_loss_bb": 0.0004087578630656459
        },
        {
          "action_values_bb": [
            0.0,
            -0.1288856565952301,
            0.5167090892791748,
            0.7478231191635132
          ],
          "candidate_probabilities": [
            0.0006493506953120232,
            0.0006493506953120232,
            0.010142899118363857,
            0.9885583519935608
          ],
          "class_index": 163,
          "conditional_hand_mass": 0.0030165911925363843,
          "expected_action_loss_bb": 0.0033990572054796997,
          "probability_on_actions_losing_over_0_1bb": 0.011441600508987904,
          "reference_expected_action_loss_bb": 0.0004382722315474856
        },
        {
          "action_values_bb": [
            0.0,
            -0.07848257571458817,
            0.5982145667076111,
            0.8834111094474792
          ],
          "candidate_probabilities": [
            0.0006493507535196841,
            0.0006493507535196841,
            0.00807633064687252,
            0.9906250238418579
          ],
          "class_index": 164,
          "conditional_hand_mass": 0.0030165911925363843,
          "expected_action_loss_bb": 0.003501591637365281,
          "probability_on_actions_losing_over_0_1bb": 0.009375032153911889,
          "reference_expected_action_loss_bb": 0.0004601376550953716
        },
        {
          "action_values_bb": [
            0.0,
            -0.0895397812128067,
            0.5771580338478088,
            0.9267005920410156
          ],
          "candidate_probabilities": [
            0.0006493507535196841,
            0.0006493507535196841,
            0.006501562427729368,
            0.992199718952179
          ],
          "class_index": 165,
          "conditional_hand_mass": 0.0030165911925363843,
          "expected_action_loss_bb": 0.003534222943099825,
          "probability_on_actions_losing_over_0_1bb": 0.007800263934768736,
          "reference_expected_action_loss_bb": 0.0004817222109523918
        },
        {
          "action_values_bb": [
            0.0,
            0.03221473470330238,
            0.777647852897644,
            1.0863341093063354
          ],
          "candidate_probabilities": [
            0.000649350811727345,
            0.000649350811727345,
            0.007208392024040222,
            0.9914929270744324
          ],
          "class_index": 166,
          "conditional_hand_mass": 0.0030165911925363843,
          "expected_action_loss_bb": 0.003615036755868418,
          "probability_on_actions_losing_over_0_1bb": 0.008507093647494912,
          "reference_expected_action_loss_bb": 0.00044509568295537347
        },
        {
          "action_values_bb": [
            0.0,
            0.09996374696493149,
            0.8858048915863037,
            1.2143049240112305
          ],
          "candidate_probabilities": [
            0.0006493507535196841,
            0.0006493507535196841,
            0.0047514233738183975,
            0.993949830532074
          ],
          "class_index": 167,
          "conditional_hand_mass": 0.0030165911925363843,
          "expected_action_loss_bb": 0.0030729508327662796,
          "probability_on_actions_losing_over_0_1bb": 0.006050124880857766,
          "reference_expected_action_loss_bb": 0.0004356994007008145
        },
        {
          "action_values_bb": [
            0.0,
            0.7791628837585449,
            2.026134490966797,
            2.402336835861206
          ],
          "candidate_probabilities": [
            0.0006493506953120232,
            0.0006493506953120232,
            0.004121797159314156,
            0.9945794939994812
          ],
          "class_index": 168,
          "conditional_hand_mass": 0.0045248869052198935,
          "expected_action_loss_bb": 0.004164597985663487,
          "probability_on_actions_losing_over_0_1bb": 0.005420498549938202,
          "reference_expected_action_loss_bb": 0.0005579303122704715
        }
      ],
      "joint_reach_independent_model": 1.000000037252903,
      "opponent_mass": 1.0,
      "passes_local_tail_gate": false,
      "path": [],
      "position": "BTN",
      "reference_weighted_action_loss_bb": 0.0008315245863723471,
      "scope": "One-action deviation followed by reference play, same reference arriving ranges; excludes physical-deal validation",
      "status": "evaluated",
      "weighted_action_loss_bb": 0.007200942528695125,
      "weighted_excess_action_loss_bb": 0.006369417942322778,
      "worst_relevant_probability_on_strongly_inferior_actions": 0.5204357616603374
    },
    {
      "actions": [
        {
          "kind": "fold",
          "label": "Fold",
          "to": 0.0
        },
        {
          "kind": "call",
          "label": "Limp 1",
          "to": 1.0
        },
        {
          "kind": "raise",
          "label": "Raise 2",
          "to": 2.0
        },
        {
          "kind": "raise",
          "label": "Raise 3",
          "to": 3.0
        }
      ],
      "actor": 1,
      "actor_mass": 1.000000037252903,
      "forced_or_frozen": false,
      "hands": [
        {
          "action_values_bb": [
            -0.5000004881407597,
            -0.32190763177394677,
            0.010281464751425476,
            0.03452949088452919
          ],
          "candidate_probabilities": [
            0.007692307233810425,
            0.007692307233810425,
            0.4979027509689331,
            0.48671263456344604
          ],
          "class_index": 0,
          "conditional_hand_mass": 0.0045248869052198935,
          "expected_action_loss_bb": 0.018926751598608054,
          "probability_on_actions_losing_over_0_1bb": 0.01538461446762085,
          "reference_expected_action_loss_bb": 0.02476166461388886
        },
        {
          "action_values_bb": [
            -0.5000004881407597,
            -0.7829091599334622,
            -0.7645118320438746,
            -1.0239932340901328
          ],
          "candidate_probabilities": [
            0.7515962719917297,
            0.007692307233810425,
            0.23301908373832703,
            0.007692307233810425
          ],
          "class_index": 1,
          "conditional_hand_mass": 0.009049773810439787,
          "expected_action_loss_bb": 0.06784312460736662,
          "probability_on_actions_losing_over_0_1bb": 0.24840369820594788,
          "reference_expected_action_loss_bb": 0.07242806777846977
        },
        {
          "action_values_bb": [
            -0.5000004881407597,
            -0.7609852939925353,
            -0.7293461717142513,
            -0.982975184457933
          ],
          "candidate_probabilities": [
            0.7130836248397827,
            0.007692308165132999,
            0.27153173089027405,
            0.007692308165132999
          ],
          "class_index": 2,
          "conditional_hand_mass": 0.009049773810439787,
          "expected_action_loss_bb": 0.06799739618598576,
          "probability_on_actions_losing_over_0_1bb": 0.28691634722054005,
          "reference_expected_action_loss_bb": 0.07080953817882932
        },
        {
          "action_values_bb": [
            -0.5000004881407597,
            -0.7290110979499065,
            -0.6739971461896499,
            -0.9264017624391864
          ],
          "candidate_probabilities": [
            0.6351388096809387,
            0.007692308165132999,
            0.34947654604911804,
            0.007692308165132999
          ],
          "class_index": 3,
          "conditional_hand_mass": 0.009049773810439787,
          "expected_action_loss_bb": 0.06584938126666151,
          "probability_on_actions_losing_over_0_1bb": 0.36486116237938404,
          "reference_expected_action_loss_bb": 0.06684402167113859
        },
        {
          "action_values_bb": [
            -0.5000004881407597,
            -0.756321945846222,
            -0.7290943608166344,
            -1.0070179299679793
          ],
          "candidate_probabilities": [
            0.7404314279556274,
            0.007692307233810425,
            0.24418391287326813,
            0.007692307233810425
          ],
          "class_index": 4,
          "conditional_hand_mass": 0.009049773810439787,
          "expected_action_loss_bb": 0.0618128755840095,
          "probability_on_actions_losing_over_0_1bb": 0.259568527340889,
          "reference_expected_action_loss_bb": 0.06524224592707362
        },
        {
          "action_values_bb": [
            -0.5000004881407597,
            -0.774498355174843,
            -0.7734337899123062,
            -1.0732767620033463
          ],
          "candidate_probabilities": [
            0.796993613243103,
            0.007692308165132999,
            0.18762175738811493,
            0.007692308165132999
          ],
          "class_index": 5,
          "conditional_hand_mass": 0.009049773810439787,
          "expected_action_loss_bb": 0.057823376553020375,
          "probability_on_actions_losing_over_0_1bb": 0.20300637371838093,
          "reference_expected_action_loss_bb": 0.0583239143957177
        },
        {
          "action_values_bb": [
            -0.5000004881407597,
            -0.7402705527134141,
            -0.7227887676858628,
            -1.013376590972771
          ],
          "candidate_probabilities": [
            0.7020980715751648,
            0.007692307233810425,
            0.28251734375953674,
            0.007692307233810425
          ],
          "class_index": 6,
          "conditional_hand_mass": 0.009049773810439787,
          "expected_action_loss_bb": 0.06873883082310006,
          "probability_on_actions_losing_over_0_1bb": 0.2979019582271576,
          "reference_expected_action_loss_bb": 0.06198867036519706
        },
        {
          "action_values_bb": [
            -0.5000004881407597,
            -0.6769913318753266,
            -0.6167456966556639,
            -0.8895983201263364
          ],
          "candidate_probabilities": [
            0.691552460193634,
            0.007692307233810425,
            0.2930629551410675,
            0.007692307233810425
          ],
          "class_index": 7,
          "conditional_hand_mass": 0.009049773810439787,
          "expected_action_loss_bb": 0.03857206997477508,
          "probability_on_actions_losing_over_0_1bb": 0.30844756960868835,
          "reference_expected_action_loss_bb": 0.04519738448997387
        },
        {
          "action_values_bb": [
            -0.5000004881407597,
            -0.6468508017293572,
            -0.5788985396641564,
            -0.8392788877866205
          ],
          "candidate_probabilities": [
            0.5736755132675171,
            0.007692307233810425,
            0.4109397530555725,
            0.007692307233810425
          ],
          "class_index": 8,
          "conditional_hand_mass": 0.009049773810439787,
          "expected_action_loss_bb": 0.03616179722696685,
          "probability_on_actions_losing_over_0_1bb": 0.01538461446762085,
          "reference_expected_action_loss_bb": 0.03869874367168374
        },
        {
          "action_values_bb": [
            -0.5000004881407597,
            -0.586274764949764,
            -0.4805227304139448,
            -0.710474928881378
          ],
          "candidate_probabilities": [
            0.2719303369522095,
            0.007692307233810425,
            0.7126849889755249,
            0.007692307233810425
          ],
          "class_index": 9,
          "conditional_hand_mass": 0.009049773810439787,
          "expected_action_loss_bb": 0.007878933321677984,
          "probability_on_actions_losing_over_0_1bb": 0.01538461446762085,
          "reference_expected_action_loss_bb": 0.008877674117044775
        },
        {
          "action_values_bb": [
            -0.5000004881407597,
            -0.4826134721549866,
            -0.2851783171221787,
            -0.4446780662875626
          ],
          "candidate_probabilities": [
            0.08448353409767151,
            0.007692308165132999,
            0.6503469347953796,
            0.2574772536754608
          ],
          "class_index": 10,
          "conditional_hand_mass": 0.009049773810439787,
          "expected_action_loss_bb": 0.060735225642355194,
          "probability_on_actions_losing_over_0_1bb": 0.3496530959382653,
          "reference_expected_action_loss_bb": 0.0673344546577292
        },
        {
          "action_values_bb": [
            -0.5000004881407597,
            -0.3678918162922697,
            -0.07329501498103992,
            -0.10698296862942487
          ],
          "candidate_probabilities": [
            0.02278648130595684,
            0.007692308165132999,
            0.49970781803131104,
            0.46981334686279297
          ],
          "class_index": 11,
          "conditional_hand_mass": 0.009049773810439787,
          "expected_action_loss_bb": 0.02781629591995823,
          "probability_on_actions_losing_over_0_1bb": 0.03047878947108984,
          "reference_expected_action_loss_bb": 0.02787906632872115
        },
        {
          "action_values_bb": [
            -0.5000004881407597,
            -0.2578114725072848,
            0.12338887398897332,
            0.19893632733770958
          ],
          "candidate_probabilities": [
            0.007692308165132999,
            0.007692308165132999,
            0.44543445110321045,
            0.5391808748245239
          ],
          "class_index": 12,
          "conditional_hand_mass": 0.009049773810439787,
          "expected_action_loss_bb": 0.042541320617411005,
          "probability_on_actions_losing_over_0_1bb": 0.015384616330265999,
          "reference_expected_action_loss_bb": 0.046748317066322695
        },
        {
          "action_values_bb": [
            -0.5000004881407597,
            -0.6805721930197824,
            -0.5878129662180095,
            -0.7795584222900134
          ],
          "candidate_probabilities": [
            0.5331392288208008,
            0.007692308165132999,
            0.4514760971069336,
            0.007692308165132999
          ],
          "class_index": 13,
          "conditional_hand_mass": 0.0030165911925363843,
          "expected_action_loss_bb": 0.04318469385892182,
          "probability_on_actions_losing_over_0_1bb": 0.015384616330265999,
          "reference_expected_action_loss_bb": 0.050852362202786036
        },
        {
          "action_values_bb": [
            -0.5000004881407597,
            -0.2512997445071264,
            0.12462154272563575,
            0.16918922121046914
          ],
          "candidate_probabilities": [
            0.013038530014455318,
            0.007692308165132999,
            0.46295973658561707,
            0.5163094401359558
          ],
          "class_index": 14,
          "conditional_hand_mass": 0.0045248869052198935,
          "expected_action_loss_bb": 0.03259282150664936,
          "probability_on_actions_losing_over_0_1bb": 0.020730838179588318,
          "reference_expected_action_loss_bb": 0.03301121797032991
        },
        {
          "action_values_bb": [
            -0.5000004881407597,
            -0.718634968758294,
            -0.6593380002379338,
            -0.8901527085605803
          ],
          "candidate_probabilities": [
            0.5916239023208618,
            0.007692307233810425,
            0.39299139380455017,
            0.007692307233810425
          ],
          "class_index": 15,
          "conditional_hand_mass": 0.009049773810439787,
          "expected_action_loss_bb": 0.06730124530865504,
          "probability_on_actions_losing_over_0_1bb": 0.408376008272171,
          "reference_expected_action_loss_bb": 0.06883929886651781
        },
        {
          "action_values_bb": [
            -0.5000004881407597,
            -0.6631913833950971,
            -0.5567966418147232,
            -0.7808971134563253
          ],
          "candidate_probabilities": [
            0.40890952944755554,
            0.007692307233810425,
            0.5757058262825012,
            0.007692307233810425
          ],
          "class_index": 16,
          "conditional_hand_mass": 0.009049773810439787,
          "expected_action_loss_bb": 0.03611393422746188,
          "probability_on_actions_losing_over_0_1bb": 0.01538461446762085,
          "reference_expected_action_loss_bb": 0.03567169631323754
        },
        {
          "action_values_bb": [
            -0.5000004881407597,
            -0.6777982982855242,
            -0.5878205672669822,
            -0.8287710303242802
          ],
          "candidate_probabilities": [
            0.5614129900932312,
            0.007692308630794287,
            0.42320239543914795,
            0.007692308630794287
          ],
          "class_index": 17,
          "conditional_hand_mass": 0.009049773810439787,
          "expected_action_loss_bb": 0.04106234796257498,
          "probability_on_actions_losing_over_0_1bb": 0.015384617261588573,
          "reference_expected_action_loss_bb": 0.04437346120484766
        },
        {
          "action_values_bb": [
            -0.5000004881407597,
            -0.7126970153539794,
            -0.6640335656743881,
            -0.9315976024199508
          ],
          "candidate_probabilities": [
            0.606279730796814,
            0.007692307233810425,
            0.3783355951309204,
            0.007692307233810425
          ],
          "class_index": 18,
          "conditional_hand_mass": 0.009049773810439787,
          "expected_action_loss_bb": 0.06701565664899184,
          "probability_on_actions_losing_over_0_1bb": 0.39372020959854126,
          "reference_expected_action_loss_bb": 0.058461728653394475
        },
        {
          "action_values_bb": [
            -0.5000004881407597,
            -0.691994756531428,
            -0.6301765409871573,
            -0.9057791402948622
          ],
          "candidate_probabilities": [
            0.5136074423789978,
            0.007692308165132999,
            0.47100791335105896,
            0.007692308165132999
          ],
          "class_index": 19,
          "conditional_hand_mass": 0.009049773810439787,
          "expected_action_loss_bb": 0.06591220453706084,
          "probability_on_actions_losing_over_0_1bb": 0.48639252968132496,
          "reference_expected_action_loss_bb": 0.0496561511959896
        },
        {
          "action_values_bb": [
            -0.5000004881407597,
            -0.6524575864954045,
            -0.5736556987016711,
            -0.8343569645064486
          ],
          "candidate_probabilities": [
            0.5231106281280518,
            0.007692307233810425,
            0.46150463819503784,
            0.007692307233810425
          ],
          "class_index": 20,
          "conditional_hand_mass": 0.009049773810439787,
          "expected_action_loss_bb": 0.03773694088343108,
          "probability_on_actions_losing_over_0_1bb": 0.01538461446762085,
          "reference_expected_action_loss_bb": 0.03523695663960088
        },
        {
          "action_values_bb": [
            -0.5000004881407597,
            -0.5888798327155563,
            -0.4697778806127645,
            -0.7135239955353252
          ],
          "candidate_probabilities": [
            0.16808006167411804,
            0.007692308165132999,
            0.8165352940559387,
            0.007692308165132999
          ],
          "class_index": 21,
          "conditional_hand_mass": 0.009049773810439787,
          "expected_action_loss_bb": 0.007870956885939945,
          "probability_on_actions_losing_over_0_1bb": 0.015384616330265999,
          "reference_expected_action_loss_bb": 0.015532598079713307
        },
        {
          "action_values_bb": [
            -0.5000004881407597,
            -0.5500561152670486,
            -0.41322053237189127,
            -0.6261380130132748
          ],
          "candidate_probabilities": [
            0.12118607759475708,
            0.007692308165132999,
            0.8634293079376221,
            0.007692308165132999
          ],
          "class_index": 22,
          "conditional_hand_mass": 0.009049773810439787,
          "expected_action_loss_bb": 0.013206930799898091,
          "probability_on_actions_losing_over_0_1bb": 0.015384616330265999,
          "reference_expected_action_loss_bb": 0.01702910826150916
        },
        {
          "action_values_bb": [
            -0.5000004881407597,
            -0.45070845263144826,
            -0.22619110878105256,
            -0.36668297056804106
          ],
          "candidate_probabilities": [
            0.0632527768611908,
            0.008798140101134777,
            0.589062511920929,
            0.3388865888118744
          ],
          "class_index": 23,
          "conditional_hand_mass": 0.009049773810439787,
          "expected_action_loss_bb": 0.06690534641829299,
          "probability_on_actions_losing_over_0_1bb": 0.41093750577419996,
          "reference_expected_action_loss_bb": 0.070814021401581
        },
        {
          "action_values_bb": [
            -0.5000004881407597,
            -0.3498259359785263,
            -0.04155674346933911,
            -0.06066135681095131
          ],
          "candidate_probabilities": [
            0.020231155678629875,
            0.007692308165132999,
            0.491630882024765,
            0.48044565320014954
          ],
          "class_index": 24,
          "conditional_hand_mass": 0.009049773810439787,
          "expected_action_loss_bb": 0.0208248768309861,
          "probability_on_actions_losing_over_0_1bb": 0.027923463843762875,
          "reference_expected_action_loss_bb": 0.020851841468828278
        },
        {
          "action_values_bb": [
            -0.5000004881407597,
            -0.23023641842477535,
            0.17202113496073884,
            0.26417281828625494
          ],
          "candidate_probabilities": [
            0.007692308165132999,
            0.007692308165132999,
            0.4385788142681122,
            0.5460366606712341
          ],
          "class_index": 25,
          "conditional_hand_mass": 0.009049773810439787,
          "expected_action_loss_bb": 0.05009718077879005,
          "probability_on_actions_losing_over_0_1bb": 0.015384616330265999,
          "reference_expected_action_loss_bb": 0.054549065085633466
        },
        {
          "action_values_bb": [
            -0.5000004881407597,
            -0.6556027471446206,
            -0.5462594959068002,
            -0.733617473096122
          ],
          "candidate_probabilities": [
            0.20453085005283356,
            0.007692308630794287,
            0.780084490776062,
            0.007692308630794287
          ],
          "class_index": 26,
          "conditional_hand_mass": 0.0030165911925363843,
          "expected_action_loss_bb": 0.03907992906655638,
          "probability_on_actions_losing_over_0_1bb": 0.015384617261588573,
          "reference_expected_action_loss_bb": 0.03146527788028312
        },
        {
          "action_values_bb": [
            -0.5000004881407597,
            -0.5652774947723611,
            -0.37945492947551507,
            -0.5306483011376608
          ],
          "candidate_probabilities": [
            0.06993214786052704,
            0.007692309096455574,
            0.9146832227706909,
            0.007692309096455574
          ],
          "class_index": 27,
          "conditional_hand_mass": 0.0030165911925363843,
          "expected_action_loss_bb": 0.011022440590027875,
          "probability_on_actions_losing_over_0_1bb": 0.08531676605343819,
          "reference_expected_action_loss_bb": 0.015294524722661098
        },
        {
          "action_values_bb": [
            -0.5000004881407597,
            -0.17430896353351427,
            0.25102016188700155,
            0.3215109128050897
          ],
          "candidate_probabilities": [
            0.007692308165132999,
            0.007692308165132999,
            0.4347952902317047,
            0.5498201251029968
          ],
          "class_index": 28,
          "conditional_hand_mass": 0.0045248869052198935,
          "expected_action_loss_bb": 0.04078236464452123,
          "probability_on_actions_losing_over_0_1bb": 0.015384616330265999,
          "reference_expected_action_loss_bb": 0.04569098838944266
        },
        {
          "action_values_bb": [
            -0.5000004881407597,
            -0.6166344702968439,
            -0.47960987232608693,
            -0.6781797454220416
          ],
          "candidate_probabilities": [
            0.24039989709854126,
            0.007692308630794287,
            0.7442155480384827,
            0.007692308630794287
          ],
          "class_index": 29,
          "conditional_hand_mass": 0.009049773810439787,
          "expected_action_loss_bb": 0.007483398189856533,
          "probability_on_actions_losing_over_0_1bb": 0.015384617261588573,
          "reference_expected_action_loss_bb": 0.009039605023357305
        },
        {
          "action_values_bb": [
            -0.5000004881407597,
            -0.631252194018379,
            -0.5100725056390718,
            -0.7288357159483815
          ],
          "candidate_probabilities": [
            0.39681053161621094,
            0.007692307233810425,
            0.5878047943115234,
            0.007692307233810425
          ],
          "class_index": 30,
          "conditional_hand_mass": 0.009049773810439787,
          "expected_action_loss_bb": 0.008690279498685005,
          "probability_on_actions_losing_over_0_1bb": 0.01538461446762085,
          "reference_expected_action_loss_bb": 0.010039708473530291
        },
        {
          "action_values_bb": [
            -0.5000004881407597,
            -0.675315056506477,
            -0.6054128813094111,
            -0.8529288375848302
          ],
          "candidate_probabilities": [
            0.5518345236778259,
            0.007692307233810425,
            0.43278077244758606,
            0.007692307233810425
          ],
          "class_index": 31,
          "conditional_hand_mass": 0.009049773810439787,
          "expected_action_loss_bb": 0.049683863758954935,
          "probability_on_actions_losing_over_0_1bb": 0.4481653869152069,
          "reference_expected_action_loss_bb": 0.048087673596022736
        },
        {
          "action_values_bb": [
            -0.5000004881407597,
            -0.6269677825703902,
            -0.5160726969902496,
            -0.7637163020743333
          ],
          "candidate_probabilities": [
            0.3704143166542053,
            0.007692307233810425,
            0.614201009273529,
            0.007692307233810425
          ],
          "class_index": 32,
          "conditional_hand_mass": 0.009049773810439787,
          "expected_action_loss_bb": 0.012876821397201458,
          "probability_on_actions_losing_over_0_1bb": 0.01538461446762085,
          "reference_expected_action_loss_bb": 0.012570727783683368
        },
        {
          "action_values_bb": [
            -0.5000004881407597,
            -0.6596118472041319,
            -0.5938846004560908,
            -0.8590778770005228
          ],
          "candidate_probabilities": [
            0.535249650478363,
            0.007692307233810425,
            0.4493657052516937,
            0.007692307233810425
          ],
          "class_index": 33,
          "conditional_hand_mass": 0.009049773810439787,
          "expected_action_loss_bb": 0.0461782135502532,
          "probability_on_actions_losing_over_0_1bb": 0.01538461446762085,
          "reference_expected_action_loss_bb": 0.040621218289312394
        },
        {
          "action_values_bb": [
            -0.5000004881407597,
            -0.6072719305255756,
            -0.5138485184858208,
            -0.7562833129918105
          ],
          "candidate_probabilities": [
            0.2870083153247833,
            0.007692307233810425,
            0.6976069808006287,
            0.007692307233810425
          ],
          "class_index": 34,
          "conditional_hand_mass": 0.009049773810439787,
          "expected_action_loss_bb": 0.012457053758794669,
          "probability_on_actions_losing_over_0_1bb": 0.01538461446762085,
          "reference_expected_action_loss_bb": 0.011378287820713925
        },
        {
          "action_values_bb": [
            -0.5000004881407597,
            -0.545201625146111,
            -0.41073192104448736,
            -0.615924364960252
          ],
          "candidate_probabilities": [
            0.1014767661690712,
            0.007692308165132999,
            0.8831385970115662,
            0.007692308165132999
          ],
          "class_index": 35,
          "conditional_hand_mass": 0.009049773810439787,
          "expected_action_loss_bb": 0.011671471424057242,
          "probability_on_actions_losing_over_0_1bb": 0.015384616330265999,
          "reference_expected_action_loss_bb": 0.017531925835437095
        },
        {
          "action_values_bb": [
            -0.5000004881407597,
            -0.46891913641484045,
            -0.2702991940238182,
            -0.40765984204043954
          ],
          "candidate_probabilities": [
            0.06342882663011551,
            0.007692308165132999,
            0.6029454469680786,
            0.32593339681625366
          ],
          "class_index": 36,
          "conditional_hand_mass": 0.009049773810439787,
          "expected_action_loss_bb": 0.06086795196280855,
          "probability_on_actions_losing_over_0_1bb": 0.39705453161150217,
          "reference_expected_action_loss_bb": 0.06617931428116569
        },
        {
          "action_values_bb": [
            -0.5000004881407597,
            -0.31122791389699084,
            0.02817040929417217,
            0.027294791552040756
          ],
          "candidate_probabilities": [
            0.008923014625906944,
            0.007692308165132999,
            0.4732950031757355,
            0.5100896954536438
          ],
          "class_index": 37,
          "conditional_hand_mass": 0.009049773810439787,
          "expected_action_loss_bb": 0.007770276722923746,
          "probability_on_actions_losing_over_0_1bb": 0.016615322791039944,
          "reference_expected_action_loss_bb": 0.010487912034907745
        },
        {
          "action_values_bb": [
            -0.5000004881407597,
            -0.21009536457350514,
            0.20634909344590138,
            0.309774300448964
          ],
          "candidate_probabilities": [
            0.007692308165132999,
            0.007692308165132999,
            0.4195042550563812,
            0.5651111602783203
          ],
          "class_index": 38,
          "conditional_hand_mass": 0.009049773810439787,
          "expected_action_loss_bb": 0.053615349305116675,
          "probability_on_actions_losing_over_0_1bb": 0.4348888713866472,
          "reference_expected_action_loss_bb": 0.05945601361427767
        },
        {
          "action_values_bb": [
            -0.5000004881407597,
            -0.6008302855916329,
            -0.4445883878565642,
            -0.6212946106610221
          ],
          "candidate_probabilities": [
            0.35966789722442627,
            0.007692309096455574,
            0.6249474883079529,
            0.007692309096455574
          ],
          "class_index": 39,
          "conditional_hand_mass": 0.0030165911925363843,
          "expected_action_loss_bb": 0.02249109344627962,
          "probability_on_actions_losing_over_0_1bb": 0.015384618192911148,
          "reference_expected_action_loss_bb": 0.012698430386538333
        },
        {
          "action_values_bb": [
            -0.5000004881407597,
            -0.558024071755018,
            -0.3727753856556072,
            -0.5270373147348915
          ],
          "candidate_probabilities": [
            0.06765242666006088,
            0.007692308630794287,
            0.9169629216194153,
            0.007692308630794287
          ],
          "class_index": 40,
          "conditional_hand_mass": 0.0030165911925363843,
          "expected_action_loss_bb": 0.011218707350580863,
          "probability_on_actions_losing_over_0_1bb": 0.08303704392164946,
          "reference_expected_action_loss_bb": 0.015379864050625042
        },
        {
          "action_values_bb": [
            -0.5000004881407597,
            -0.49517326416797175,
            -0.2613627662685809,
            -0.38797274166210255
          ],
          "candidate_probabilities": [
            0.0315445140004158,
            0.007692308630794287,
            0.9056854248046875,
            0.055077776312828064
          ],
          "class_index": 41,
          "conditional_hand_mass": 0.0030165911925363843,
          "expected_action_loss_bb": 0.01629964937328312,
          "probability_on_actions_losing_over_0_1bb": 0.09431459894403815,
          "reference_expected_action_loss_bb": 0.025100271788943536
        },
        {
          "action_values_bb": [
            -0.5000004881407597,
            -0.06801771651099858,
            0.4359504233086934,
            0.5538458657894638
          ],
          "candidate_probabilities": [
            0.007692308165132999,
            0.007692308165132999,
            0.4144923686981201,
            0.5701230764389038
          ],
          "class_index": 42,
          "conditional_hand_mass": 0.0045248869052198935,
          "expected_action_loss_bb": 0.061756838437429316,
          "probability_on_actions_losing_over_0_1bb": 0.4298769850283861,
          "reference_expected_action_loss_bb": 0.06722827459679784
        },
        {
          "action_values_bb": [
            -0.5000004881407597,
            -0.5848126787728365,
            -0.43131423670893826,
            -0.6284000572937783
          ],
          "candidate_probabilities": [
            0.10310269892215729,
            0.007692308165132999,
            0.8815126419067383,
            0.007692308165132999
          ],
          "class_index": 43,
          "conditional_hand_mass": 0.009049773810439787,
          "expected_action_loss_bb": 0.009778540087606702,
          "probability_on_actions_losing_over_0_1bb": 0.015384616330265999,
          "reference_expected_action_loss_bb": 0.014026703510999872
        },
        {
          "action_values_bb": [
            -0.5000004881407597,
            -0.6134335221322323,
            -0.49591680714660386,
            -0.7154329048433744
          ],
          "candidate_probabilities": [
            0.46431607007980347,
            0.007692307233810425,
            0.5202992558479309,
            0.007692307233810425
          ],
          "class_index": 44,
          "conditional_hand_mass": 0.009049773810439787,
          "expected_action_loss_bb": 0.00448867865369432,
          "probability_on_actions_losing_over_0_1bb": 0.01538461446762085,
          "reference_expected_action_loss_bb": 0.0052567628622366075
        },
        {
          "action_values_bb": [
            -0.5000004881407597,
            -0.5863436625312776,
            -0.44918949805601427,
            -0.676150962690286
          ],
          "candidate_probabilities": [
            0.21019047498703003,
            0.007692307233810425,
            0.7744248509407043,
            0.007692307233810425
          ],
          "class_index": 45,
          "conditional_hand_mass": 0.009049773810439787,
          "expected_action_loss_bb": 0.013480875428216625,
          "probability_on_actions_losing_over_0_1bb": 0.01538461446762085,
          "reference_expected_action_loss_bb": 0.018523702402955537
        },
        {
          "action_values_bb": [
            -0.5000004881407597,
            -0.5706209275985441,
            -0.43054363678533925,
            -0.6632408948150107
          ],
          "candidate_probabilities": [
            0.2026558369398117,
            0.007692307233810425,
            0.781959593296051,
            0.007692307233810425
          ],
          "class_index": 46,
          "conditional_hand_mass": 0.009049773810439787,
          "expected_action_loss_bb": 0.016943332701281302,
          "probability_on_actions_losing_over_0_1bb": 0.01538461446762085,
          "reference_expected_action_loss_bb": 0.02483536156746877
        },
        {
          "action_values_bb": [
            -0.5000004881407597,
            -0.5535313985386181,
            -0.4122290138873257,
            -0.6404429082422288
          ],
          "candidate_probabilities": [
            0.12491779029369354,
            0.007692308165132999,
            0.8596975803375244,
            0.007692308165132999
          ],
          "class_index": 47,
          "conditional_hand_mass": 0.009049773810439787,
          "expected_action_loss_bb": 0.013806651704707714,
          "probability_on_actions_losing_over_0_1bb": 0.015384616330265999,
          "reference_expected_action_loss_bb": 0.025503182651004985
        },
        {
          "action_values_bb": [
            -0.5000004881407597,
            -0.5050051164125057,
            -0.3370557552981055,
            -0.5214480333017995
          ],
          "candidate_probabilities": [
            0.08930130302906036,
            0.007692307233810425,
            0.8484646677970886,
            0.05454166233539581
          ],
          "class_index": 48,
          "conditional_hand_mass": 0.009049773810439787,
          "expected_action_loss_bb": 0.025900156414117196,
          "probability_on_actions_losing_over_0_1bb": 0.1515352725982666,
          "reference_expected_action_loss_bb": 0.03192569838810368
        },
        {
          "action_values_bb": [
            -0.5000004881407597,
            -0.4065166512483921,
            -0.15178306313347595,
            -0.2546306775826098
          ],
          "candidate_probabilities": [
            0.05302925035357475,
            0.009472926147282124,
            0.5424972176551819,
            0.39500054717063904
          ],
          "class_index": 49,
          "conditional_hand_mass": 0.009049773810439787,
          "expected_action_loss_bb": 0.06150364545823597,
          "probability_on_actions_losing_over_0_1bb": 0.4575027236714959,
          "reference_expected_action_loss_bb": 0.06478559962631153
        },
        {
          "action_values_bb": [
            -0.5000004881407597,
            -0.2947757223332626,
            0.05522139414953536,
            0.08234680957475549
          ],
          "candidate_probabilities": [
            0.011594483628869057,
            0.007692307233810425,
            0.4795489013195038,
            0.5011642575263977
          ],
          "class_index": 50,
          "conditional_hand_mass": 0.009049773810439787,
          "expected_action_loss_bb": 0.022660921754907054,
          "probability_on_actions_losing_over_0_1bb": 0.01928679086267948,
          "reference_expected_action_loss_bb": 0.02325022147487694
        },
        {
          "action_values_bb": [
            -0.5000004881407597,
            -0.17412925799954618,
            0.2695528965366134,
            0.40369310562543176
          ],
          "candidate_probabilities": [
            0.007692308165132999,
            0.007692308165132999,
            0.42508870363235474,
            0.5595266819000244
          ],
          "class_index": 51,
          "conditional_hand_mass": 0.009049773810439787,
          "expected_action_loss_bb": 0.06841776488235372,
          "probability_on_actions_losing_over_0_1bb": 0.44047331996262074,
          "reference_expected_action_loss_bb": 0.07327674703831621
        },
        {
          "action_values_bb": [
            -0.5000004881407597,
            -0.6744010478011142,
            -0.5921902638791319,
            -0.8045165711933076
          ],
          "candidate_probabilities": [
            0.40405455231666565,
            0.007692309096455574,
            0.5805608034133911,
            0.007692309096455574
          ],
          "class_index": 52,
          "conditional_hand_mass": 0.0030165911925363843,
          "expected_action_loss_bb": 0.057205745116354116,
          "probability_on_actions_losing_over_0_1bb": 0.015384618192911148,
          "reference_expected_action_loss_bb": 0.05038875663553988
        },
        {
          "action_values_bb": [
            -0.5000004881407597,
            -0.5749436232289731,
            -0.40758658605928566,
            -0.5788168109541018
          ],
          "candidate_probabilities": [
            0.06021124869585037,
            0.007692309096455574,
            0.9244040846824646,
            0.007692309096455574
          ],
          "class_index": 53,
          "conditional_hand_mass": 0.0030165911925363843,
          "expected_action_loss_bb": 0.008168874317104365,
          "probability_on_actions_losing_over_0_1bb": 0.015384618192911148,
          "reference_expected_action_loss_bb": 0.014560346528659465
        },
        {
          "action_values_bb": [
            -0.5000004881407597,
            -0.5385301007815413,
            -0.3495042512178763,
            -0.5024443997214529
          ],
          "candidate_probabilities": [
            0.05778980255126953,
            0.007692308630794287,
            0.9268255233764648,
            0.007692308630794287
          ],
          "class_index": 54,
          "conditional_hand_mass": 0.0030165911925363843,
          "expected_action_loss_bb": 0.011327655814853337,
          "probability_on_actions_losing_over_0_1bb": 0.0731744198128581,
          "reference_expected_action_loss_bb": 0.018787272253961255
        },
        {
          "action_values_bb": [
            -0.5000004881407597,
            -0.47715114218661675,
            -0.2412562483760603,
            -0.36740876614333795
          ],
          "candidate_probabilities": [
            0.031937338411808014,
            0.007692309096455574,
            0.7516743540763855,
            0.20869606733322144
          ],
          "class_index": 55,
          "conditional_hand_mass": 0.0030165911925363843,
          "expected_action_loss_bb": 0.03640571312715275,
          "probability_on_actions_losing_over_0_1bb": 0.24832571484148502,
          "reference_expected_action_loss_bb": 0.030304006373355598
        },
        {
          "action_values_bb": [
            -0.5000004881407597,
            0.015224604721046383,
            0.5771114912100493,
            0.742921993851379
          ],
          "candidate_probabilities": [
            0.007692308165132999,
            0.007692308165132999,
            0.3926239013671875,
            0.5919914841651917
          ],
          "class_index": 56,
          "conditional_hand_mass": 0.0045248869052198935,
          "expected_action_loss_bb": 0.08025978175970194,
          "probability_on_actions_losing_over_0_1bb": 0.4080085176974535,
          "reference_expected_action_loss_bb": 0.08734523303785871
        },
        {
          "action_values_bb": [
            -0.5000004881407597,
            -0.5343494192449912,
            -0.35451815416405685,
            -0.5438282062514653
          ],
          "candidate_probabilities": [
            0.08678803592920303,
            0.007692307233810425,
            0.8978273272514343,
            0.007692307233810425
          ],
          "class_index": 57,
          "conditional_hand_mass": 0.009049773810439787,
          "expected_action_loss_bb": 0.015465674452586755,
          "probability_on_actions_losing_over_0_1bb": 0.10217265039682388,
          "reference_expected_action_loss_bb": 0.022160266492125453
        },
        {
          "action_values_bb": [
            -0.5000004881407597,
            -0.526647046197502,
            -0.3464431205137249,
            -0.5431576054492129
          ],
          "candidate_probabilities": [
            0.08946696668863297,
            0.007692307233810425,
            0.8951483368873596,
            0.007692307233810425
          ],
          "class_index": 58,
          "conditional_hand_mass": 0.009049773810439787,
          "expected_action_loss_bb": 0.01663768411084499,
          "probability_on_actions_losing_over_0_1bb": 0.10485158115625381,
          "reference_expected_action_loss_bb": 0.024439320467732784
        },
        {
          "action_values_bb": [
            -0.5000004881407597,
            -0.5277712692343149,
            -0.36131199265613145,
            -0.5679210210565793
          ],
          "candidate_probabilities": [
            0.10447636246681213,
            0.007692307233810425,
            0.8801389932632446,
            0.007692307233810425
          ],
          "class_index": 59,
          "conditional_hand_mass": 0.009049773810439787,
          "expected_action_loss_bb": 0.01735942554532138,
          "probability_on_actions_losing_over_0_1bb": 0.11986097693443298,
          "reference_expected_action_loss_bb": 0.02531659098118847
        },
        {
          "action_values_bb": [
            -0.5000004881407597,
            -0.5240468249721097,
            -0.36902632515223366,
            -0.5694927645684563
          ],
          "candidate_probabilities": [
            0.08561411499977112,
            0.007692307233810425,
            0.8990012407302856,
            0.007692307233810425
          ],
          "class_index": 60,
          "conditional_hand_mass": 0.009049773810439787,
          "expected_action_loss_bb": 0.013947751806309402,
          "probability_on_actions_losing_over_0_1bb": 0.10099872946739197,
          "reference_expected_action_loss_bb": 0.023134198289738905
        },
        {
          "action_values_bb": [
            -0.5000004881407597,
            -0.49818551106175774,
            -0.3287051313217192,
            -0.5004410003092024
          ],
          "candidate_probabilities": [
            0.07562564313411713,
            0.007692307233810425,
            0.7317788600921631,
            0.18490320444107056
          ],
          "class_index": 61,
          "conditional_hand_mass": 0.009049773810439787,
          "expected_action_loss_bb": 0.046012529169648764,
          "probability_on_actions_losing_over_0_1bb": 0.2682211548089981,
          "reference_expected_action_loss_bb": 0.043104711479993424
        },
        {
          "action_values_bb": [
            -0.5000004881407597,
            -0.3891936514365355,
            -0.1221309091007987,
            -0.19979470543006386
          ],
          "candidate_probabilities": [
            0.04178468510508537,
            0.007692308165132999,
            0.5194219946861267,
            0.431100994348526
          ],
          "class_index": 62,
          "conditional_hand_mass": 0.009049773810439787,
          "expected_action_loss_bb": 0.05132443010687555,
          "probability_on_actions_losing_over_0_1bb": 0.04947699327021837,
          "reference_expected_action_loss_bb": 0.055318982785479115
        },
        {
          "action_values_bb": [
            -0.5000004881407597,
            -0.26011934971840556,
            0.11746181658375944,
            0.17001372582081914
          ],
          "candidate_probabilities": [
            0.011783700436353683,
            0.007692308165132999,
            0.4499675929546356,
            0.5305564999580383
          ],
          "class_index": 63,
          "conditional_hand_mass": 0.009049773810439787,
          "expected_action_loss_bb": 0.034850619059056606,
          "probability_on_actions_losing_over_0_1bb": 0.019476008601486683,
          "reference_expected_action_loss_bb": 0.03566836328983643
        },
        {
          "action_values_bb": [
            -0.5000004881407597,
            -0.16675489810898453,
            0.2848353633712842,
            0.4226667882834502
          ],
          "candidate_probabilities": [
            0.007692308165132999,
            0.007692308165132999,
            0.41496092081069946,
            0.5696544647216797
          ],
          "class_index": 64,
          "conditional_hand_mass": 0.009049773810439787,
          "expected_action_loss_bb": 0.06882610927328517,
          "probability_on_actions_losing_over_0_1bb": 0.43034553714096546,
          "reference_expected_action_loss_bb": 0.07473115321159658
        },
        {
          "action_values_bb": [
            -0.5000004881407597,
            -0.6602068907902204,
            -0.5720355595201884,
            -0.7985526765943339
          ],
          "candidate_probabilities": [
            0.5771991610527039,
            0.007692309096455574,
            0.4074161946773529,
            0.007692309096455574
          ],
          "class_index": 65,
          "conditional_hand_mass": 0.0030165911925363843,
          "expected_action_loss_bb": 0.03287716754813734,
          "probability_on_actions_losing_over_0_1bb": 0.015384618192911148,
          "reference_expected_action_loss_bb": 0.03845527241306966
        },
        {
          "action_values_bb": [
            -0.5000004881407597,
            -0.5725328354855459,
            -0.4105026692234085,
            -0.5973547233824863
          ],
          "candidate_probabilities": [
            0.10020729899406433,
            0.007692309096455574,
            0.8844081163406372,
            0.007692309096455574
          ],
          "class_index": 66,
          "conditional_hand_mass": 0.0030165911925363843,
          "expected_action_loss_bb": 0.011652044577305369,
          "probability_on_actions_losing_over_0_1bb": 0.015384618192911148,
          "reference_expected_action_loss_bb": 0.017670702442315986
        },
        {
          "action_values_bb": [
            -0.5000004881407597,
            -0.5723631019699548,
            -0.42450875257302484,
            -0.6010257510987003
          ],
          "candidate_probabilities": [
            0.0805225595831871,
            0.007692308630794287,
            0.9040927886962891,
            0.007692308630794287
          ],
          "class_index": 67,
          "conditional_hand_mass": 0.0030165911925363843,
          "expected_action_loss_bb": 0.008573952294498569,
          "probability_on_actions_losing_over_0_1bb": 0.015384617261588573,
          "reference_expected_action_loss_bb": 0.015197211175353798
        },
        {
          "action_values_bb": [
            -0.5000004881407597,
            -0.5083484970773618,
            -0.3102662068659648,
            -0.4625386834118473
          ],
          "candidate_probabilities": [
            0.07967612147331238,
            0.007692308630794287,
            0.9049392342567444,
            0.007692308630794287
          ],
          "class_index": 68,
          "conditional_hand_mass": 0.0030165911925363843,
          "expected_action_loss_bb": 0.017812328638669116,
          "probability_on_actions_losing_over_0_1bb": 0.09506073873490095,
          "reference_expected_action_loss_bb": 0.020954813511571087
        },
        {
          "action_values_bb": [
            -0.5000004881407597,
            -0.43591116284473375,
            -0.18096153757644806,
            -0.30281920117019895
          ],
          "candidate_probabilities": [
            0.03202511742711067,
            0.007692308630794287,
            0.8549723625183105,
            0.10531020909547806
          ],
          "class_index": 69,
          "conditional_hand_mass": 0.0030165911925363843,
          "expected_action_loss_bb": 0.025011267091457567,
          "probability_on_actions_losing_over_0_1bb": 0.14502763515338302,
          "reference_expected_action_loss_bb": 0.03808035854254527
        },
        {
          "action_values_bb": [
            -0.5000004881407597,
            0.06609094648122339,
            0.6558053255599009,
            0.8579066878491862
          ],
          "candidate_probabilities": [
            0.007692308165132999,
            0.007692308165132999,
            0.3846904933452606,
            0.5999249219894409
          ],
          "class_index": 70,
          "conditional_hand_mass": 0.0045248869052198935,
          "expected_action_loss_bb": 0.0942828039147802,
          "probability_on_actions_losing_over_0_1bb": 0.4000751096755266,
          "reference_expected_action_loss_bb": 0.10154093204535192
        },
        {
          "action_values_bb": [
            -0.5000004881407597,
            -0.49867902136982617,
            -0.3077213547496026,
            -0.48640806921780183
          ],
          "candidate_probabilities": [
            0.08054742962121964,
            0.0076923067681491375,
            0.904067873954773,
            0.0076923067681491375
          ],
          "class_index": 71,
          "conditional_hand_mass": 0.009049773810439787,
          "expected_action_loss_bb": 0.018331007938908104,
          "probability_on_actions_losing_over_0_1bb": 0.09593204315751791,
          "reference_expected_action_loss_bb": 0.027511219467001333
        },
        {
          "action_values_bb": [
            -0.5000004881407597,
            -0.5039019531627547,
            -0.33009605354932026,
            -0.5158490239207103
          ],
          "candidate_probabilities": [
            0.08799901604652405,
            0.007692308165132999,
            0.8966163396835327,
            0.007692308165132999
          ],
          "class_index": 72,
          "conditional_hand_mass": 0.009049773810439787,
          "expected_action_loss_bb": 0.017717260697417934,
          "probability_on_actions_losing_over_0_1bb": 0.10338363237679005,
          "reference_expected_action_loss_bb": 0.026550544545755936
        },
        {
          "action_values_bb": [
            -0.5000004881407597,
            -0.4798348006147226,
            -0.2957887887456498,
            -0.4662383370968986
          ],
          "candidate_probabilities": [
            0.10186053067445755,
            0.007692307233810425,
            0.8827548027038574,
            0.007692307233810425
          ],
          "class_index": 73,
          "conditional_hand_mass": 0.009049773810439787,
          "expected_action_loss_bb": 0.023528000832555157,
          "probability_on_actions_losing_over_0_1bb": 0.1172451451420784,
          "reference_expected_action_loss_bb": 0.03484151622596614
        },
        {
          "action_values_bb": [
            -0.5000004881407597,
            -0.4498554615210494,
            -0.2463749795503889,
            -0.38159790227784607
          ],
          "candidate_probabilities": [
            0.055765051394701004,
            0.007692308165132999,
            0.6436166167259216,
            0.2929260730743408
          ],
          "class_index": 74,
          "conditional_hand_mass": 0.009049773810439787,
          "expected_action_loss_bb": 0.055318993838646385,
          "probability_on_actions_losing_over_0_1bb": 0.3563834326341748,
          "reference_expected_action_loss_bb": 0.061920927460251365
        },
        {
          "action_values_bb": [
            -0.5000004881407597,
            -0.3878373174684797,
            -0.12344329296688188,
            -0.1831188233631978
          ],
          "candidate_probabilities": [
            0.043337658047676086,
            0.007692307233810425,
            0.49030640721321106,
            0.45866361260414124
          ],
          "class_index": 75,
          "conditional_hand_mass": 0.009049773810439787,
          "expected_action_loss_bb": 0.04572390138272993,
          "probability_on_actions_losing_over_0_1bb": 0.05102996528148651,
          "reference_expected_action_loss_bb": 0.04733037297427856
        },
        {
          "action_values_bb": [
            -0.5000004881407597,
            -0.24393579247490574,
            0.14455826608497024,
            0.21914261771479554
          ],
          "candidate_probabilities": [
            0.00970937218517065,
            0.007692308165132999,
            0.4473007321357727,
            0.5352976322174072
          ],
          "class_index": 76,
          "conditional_hand_mass": 0.009049773810439787,
          "expected_action_loss_bb": 0.043906204994842976,
          "probability_on_actions_losing_over_0_1bb": 0.01740168035030365,
          "reference_expected_action_loss_bb": 0.04562768905067031
        },
        {
          "action_values_bb": [
            -0.5000004881407597,
            -0.1680015050076966,
            0.2729773608683773,
            0.4249084701208344
          ],
          "candidate_probabilities": [
            0.007692308630794287,
            0.007692308630794287,
            0.4113563299179077,
            0.5732590556144714
          ],
          "class_index": 77,
          "conditional_hand_mass": 0.009049773810439787,
          "expected_action_loss_bb": 0.07417335518374725,
          "probability_on_actions_losing_over_0_1bb": 0.4267409471794963,
          "reference_expected_action_loss_bb": 0.08052023633639992
        },
        {
          "action_values_bb": [
            -0.5000004881407597,
            -0.5779753260187532,
            -0.42468308855863607,
            -0.6270758708814692
          ],
          "candidate_probabilities": [
            0.12904092669487,
            0.007692308630794287,
            0.8555744290351868,
            0.007692308630794287
          ],
          "class_index": 78,
          "conditional_hand_mass": 0.0030165911925363843,
          "expected_action_loss_bb": 0.012455065985845672,
          "probability_on_actions_losing_over_0_1bb": 0.015384617261588573,
          "reference_expected_action_loss_bb": 0.02173239971920765
        },
        {
          "action_values_bb": [
            -0.5000004881407597,
            -0.560149332021211,
            -0.3923686584064882,
            -0.5921570703074714
          ],
          "candidate_probabilities": [
            0.1021297350525856,
            0.007692308630794287,
            0.8824856281280518,
            0.007692308630794287
          ],
          "class_index": 79,
          "conditional_hand_mass": 0.0030165911925363843,
          "expected_action_loss_bb": 0.013819865102911782,
          "probability_on_actions_losing_over_0_1bb": 0.11751435231417418,
          "reference_expected_action_loss_bb": 0.019351658576477884
        },
        {
          "action_values_bb": [
            -0.5000004881407597,
            -0.5234925411394572,
            -0.33415940696755386,
            -0.5114614404364369
          ],
          "candidate_probabilities": [
            0.061008792370557785,
            0.007692308630794287,
            0.9236065149307251,
            0.007692308630794287
          ],
          "class_index": 80,
          "conditional_hand_mass": 0.0030165911925363843,
          "expected_action_loss_bb": 0.012938034952200868,
          "probability_on_actions_losing_over_0_1bb": 0.07639340963214636,
          "reference_expected_action_loss_bb": 0.023188626885713257
        },
        {
          "action_values_bb": [
            -0.5000004881407597,
            -0.46101749733579744,
            -0.22280095377125697,
            -0.3732991258235806
          ],
          "candidate_probabilities": [
            0.057040657848119736,
            0.007692308165132999,
            0.8121758699417114,
            0.1230912134051323
          ],
          "class_index": 81,
          "conditional_hand_mass": 0.0030165911925363843,
          "expected_action_loss_bb": 0.03616908147193507,
          "probability_on_actions_losing_over_0_1bb": 0.18782417941838503,
          "reference_expected_action_loss_bb": 0.03311754032002955
        },
        {
          "action_values_bb": [
            -0.5000004881407597,
            -0.436702369281832,
            -0.1892809205442128,
            -0.320929188488302
          ],
          "candidate_probabilities": [
            0.026148192584514618,
            0.00842281524091959,
            0.6907483339309692,
            0.27468061447143555
          ],
          "class_index": 82,
          "conditional_hand_mass": 0.0030165911925363843,
          "expected_action_loss_bb": 0.04636996737563185,
          "probability_on_actions_losing_over_0_1bb": 0.30925162229686975,
          "reference_expected_action_loss_bb": 0.041417625569852734
        },
        {
          "action_values_bb": [
            -0.5000004881407597,
            -0.382269514228815,
            -0.09699942664381052,
            -0.20553245138850246
          ],
          "candidate_probabilities": [
            0.022583525627851486,
            0.009053528308868408,
            0.6558713316917419,
            0.3124915659427643
          ],
          "class_index": 83,
          "conditional_hand_mass": 0.0030165911925363843,
          "expected_action_loss_bb": 0.04559954047296548,
          "probability_on_actions_losing_over_0_1bb": 0.3441286198794842,
          "reference_expected_action_loss_bb": 0.048547979301297825
        },
        {
          "action_values_bb": [
            -0.5000004881407597,
            0.16309631798214325,
            0.826235278546367,
            1.0789542574451578
          ],
          "candidate_probabilities": [
            0.007692308165132999,
            0.007692308165132999,
            0.3665037751197815,
            0.6181116104125977
          ],
          "class_index": 84,
          "conditional_hand_mass": 0.0045248869052198935,
          "expected_action_loss_bb": 0.11181332779850252,
          "probability_on_actions_losing_over_0_1bb": 0.3818883914500475,
          "reference_expected_action_loss_bb": 0.12106881181350948
        },
        {
          "action_values_bb": [
            -0.5000004881407597,
            -0.4361468650972802,
            -0.20801396724129204,
            -0.3479309386821287
          ],
          "candidate_probabilities": [
            0.05344494804739952,
            0.01083228550851345,
            0.6345878839492798,
            0.30113485455513
          ],
          "class_index": 85,
          "conditional_hand_mass": 0.009049773810439787,
          "expected_action_loss_bb": 0.06021028196810421,
          "probability_on_actions_losing_over_0_1bb": 0.365412088111043,
          "reference_expected_action_loss_bb": 0.050803970005161306
        },
        {
          "action_values_bb": [
            -0.5000004881407597,
            -0.3980509655215024,
            -0.14375491714647418,
            -0.2640022305243343
          ],
          "candidate_probabilities": [
            0.04236545413732529,
            0.013889957219362259,
            0.5598747730255127,
            0.38386979699134827
          ],
          "class_index": 86,
          "conditional_hand_mass": 0.009049773810439787,
          "expected_action_loss_bb": 0.06478397840767988,
          "probability_on_actions_losing_over_0_1bb": 0.4401252083480358,
          "reference_expected_action_loss_bb": 0.06194046673608837
        },
        {
          "action_values_bb": [
            -0.5000004881407597,
            -0.3664800783479866,
            -0.08957090056251947,
            -0.17168168536315512
          ],
          "candidate_probabilities": [
            0.039572130888700485,
            0.007692308630794287,
            0.5548641085624695,
            0.3978714942932129
          ],
          "class_index": 87,
          "conditional_hand_mass": 0.009049773810439787,
          "expected_action_loss_bb": 0.05104118486468412,
          "probability_on_actions_losing_over_0_1bb": 0.04726443951949477,
          "reference_expected_action_loss_bb": 0.05724248536058123
        },
        {
          "action_values_bb": [
            -0.5000004881407597,
            -0.3157912977891547,
            0.009818994965595141,
            0.009894543464959792
          ],
          "candidate_probabilities": [
            0.02115621790289879,
            0.007692308165132999,
            0.43952637910842896,
            0.5316251516342163
          ],
          "class_index": 88,
          "conditional_hand_mass": 0.009049773810439787,
          "expected_action_loss_bb": 0.013325931810576121,
          "probability_on_actions_losing_over_0_1bb": 0.028848526068031788,
          "reference_expected_action_loss_bb": 0.018685807205367767
        },
        {
          "action_values_bb": [
            -0.5000004881407597,
            -0.19015568621921453,
            0.24449281338253234,
            0.3495816563954877
          ],
          "candidate_probabilities": [
            0.007692308165132999,
            0.007692308165132999,
            0.42116233706474304,
            0.5634530782699585
          ],
          "class_index": 89,
          "conditional_hand_mass": 0.009049773810439787,
          "expected_action_loss_bb": 0.05494653635775582,
          "probability_on_actions_losing_over_0_1bb": 0.43654695339500904,
          "reference_expected_action_loss_bb": 0.05968352549142172
        },
        {
          "action_values_bb": [
            -0.5000004881407597,
            -0.1164227741095162,
            0.36482060896814994,
            0.5416083164122826
          ],
          "candidate_probabilities": [
            0.007692308165132999,
            0.007692308165132999,
            0.40182825922966003,
            0.5827870965003967
          ],
          "class_index": 90,
          "conditional_hand_mass": 0.009049773810439787,
          "expected_action_loss_bb": 0.08411245057814823,
          "probability_on_actions_losing_over_0_1bb": 0.41721287555992603,
          "reference_expected_action_loss_bb": 0.0912752437042989
        },
        {
          "action_values_bb": [
            -0.5000004881407597,
            -0.5685830793955367,
            -0.42473329732249215,
            -0.626103285284941
          ],
          "candidate_probabilities": [
            0.33579185605049133,
            0.007692307233810425,
            0.6488235592842102,
            0.007692307233810425
          ],
          "class_index": 91,
          "conditional_hand_mass": 0.0030165911925363843,
          "expected_action_loss_bb": 0.027929646238870957,
          "probability_on_actions_losing_over_0_1bb": 0.01538461446762085,
          "reference_expected_action_loss_bb": 0.022146748202285262
        },
        {
          "action_values_bb": [
            -0.5000004881407597,
            -0.4864685986720061,
            -0.26732742794589115,
            -0.44376716076274364
          ],
          "candidate_probabilities": [
            0.07318975776433945,
            0.007692309096455574,
            0.9114255905151367,
            0.007692309096455574
          ],
          "class_index": 92,
          "conditional_hand_mass": 0.0030165911925363843,
          "expected_action_loss_bb": 0.020072215496657685,
          "probability_on_actions_losing_over_0_1bb": 0.0885743759572506,
          "reference_expected_action_loss_bb": 0.027462140425375772
        },
        {
          "action_values_bb": [
            -0.5000004881407597,
            -0.5308172327077182,
            -0.3607613001447825,
            -0.549901932521374
          ],
          "candidate_probabilities": [
            0.08422040939331055,
            0.007692309096455574,
            0.9003949761390686,
            0.007692309096455574
          ],
          "class_index": 93,
          "conditional_hand_mass": 0.0030165911925363843,
          "expected_action_loss_bb": 0.014489832420513249,
          "probability_on_actions_losing_over_0_1bb": 0.0996050275862217,
          "reference_expected_action_loss_bb": 0.023003897973177784
        },
        {
          "action_values_bb": [
            -0.5000004881407597,
            -0.46071666315902665,
            -0.23374182695465856,
            -0.39559662864886963
          ],
          "candidate_probabilities": [
            0.06489245593547821,
            0.007692309096455574,
            0.8800173997879028,
            0.04739784449338913
          ],
          "class_index": 94,
          "conditional_hand_mass": 0.0030165911925363843,
          "expected_action_loss_bb": 0.02669570775687042,
          "probability_on_actions_losing_over_0_1bb": 0.11998260952532291,
          "reference_expected_action_loss_bb": 0.03518178491046833
        },
        {
          "action_values_bb": [
            -0.5000004881407597,
            -0.42891673336761477,
            -0.18472030859422017,
            -0.3221498541923551
          ],
          "candidate_probabilities": [
            0.037438809871673584,
            0.013174901716411114,
            0.6658968925476074,
            0.2834893763065338
          ],
          "class_index": 95,
          "conditional_hand_mass": 0.0030165911925363843,
          "expected_action_loss_bb": 0.053980794761944076,
          "probability_on_actions_losing_over_0_1bb": 0.3341030878946185,
          "reference_expected_action_loss_bb": 0.041992426912826314
        },
        {
          "action_values_bb": [
            -0.5000004881407597,
            -0.3979299066130939,
            -0.13930585407687493,
            -0.25639827014072264
          ],
          "candidate_probabilities": [
            0.050179243087768555,
            0.007692309096455574,
            0.7775545716285706,
            0.16457389295101166
          ],
          "class_index": 96,
          "conditional_hand_mass": 0.0030165911925363843,
          "expected_action_loss_bb": 0.03935915462169896,
          "probability_on_actions_losing_over_0_1bb": 0.2224454451352358,
          "reference_expected_action_loss_bb": 0.04977754585848072
        },
        {
          "action_values_bb": [
            -0.5000004881407597,
            -0.29527979740205906,
            0.05448144685060647,
            -0.008925095916172564
          ],
          "candidate_probabilities": [
            0.012080463580787182,
            0.010665737092494965,
            0.5256259441375732,
            0.45162782073020935
          ],
          "class_index": 97,
          "conditional_hand_mass": 0.0030165911925363843,
          "expected_action_loss_bb": 0.039065019028007686,
          "probability_on_actions_losing_over_0_1bb": 0.022746200673282146,
          "reference_expected_action_loss_bb": 0.03925173196724077
        },
        {
          "action_values_bb": [
            -0.5000004881407597,
            0.266384392298924,
            1.0102608582379262,
            1.31742412863039
          ],
          "candidate_probabilities": [
            0.007692308165132999,
            0.007692308165132999,
            0.35560333728790283,
            0.6290120482444763
          ],
          "class_index": 98,
          "conditional_hand_mass": 0.0045248869052198935,
          "expected_action_loss_bb": 0.1312933958085908,
          "probability_on_actions_losing_over_0_1bb": 0.37098795361816883,
          "reference_expected_action_loss_bb": 0.14125396373393734
        },
        {
          "action_values_bb": [
            -0.5000004881407597,
            -0.34176756884841875,
            -0.043852674307045834,
            -0.12154487868516636
          ],
          "candidate_probabilities": [
            0.04012672230601311,
            0.010028986260294914,
            0.5457798838615417,
            0.40406444668769836
          ],
          "class_index": 99,
          "conditional_hand_mass": 0.009049773810439787,
          "expected_action_loss_bb": 0.05268415861428588,
          "probability_on_actions_losing_over_0_1bb": 0.05015570856630802,
          "reference_expected_action_loss_bb": 0.05325932669569963
        },
        {
          "action_values_bb": [
            -0.5000004881407597,
            -0.3171664251764594,
            -0.0012310408743967801,
            -0.03698689607050872
          ],
          "candidate_probabilities": [
            0.01336396113038063,
            0.007692307233810425,
            0.48612308502197266,
            0.4928206503391266
          ],
          "class_index": 100,
          "conditional_hand_mass": 0.009049773810439787,
          "expected_action_loss_bb": 0.026717031359552064,
          "probability_on_actions_losing_over_0_1bb": 0.021056268364191055,
          "reference_expected_action_loss_bb": 0.036424736297312556
        },
        {
          "action_values_bb": [
            -0.5000004881407597,
            -0.23981727915082476,
            0.15046926714590933,
            0.19707607520324438
          ],
          "candidate_probabilities": [
            0.01210192870348692,
            0.007692308165132999,
            0.42542651295661926,
            0.5547792911529541
          ],
          "class_index": 101,
          "conditional_hand_mass": 0.009049773810439787,
          "expected_action_loss_bb": 0.03162446101932149,
          "probability_on_actions_losing_over_0_1bb": 0.01979423686861992,
          "reference_expected_action_loss_bb": 0.03612445218653779
        },
        {
          "action_values_bb": [
            -0.5000004881407597,
            -0.15596932342156547,
            0.2987316499171625,
            0.4315965912712343
          ],
          "candidate_probabilities": [
            0.007692308165132999,
            0.007692308165132999,
            0.4151034951210022,
            0.5695119500160217
          ],
          "class_index": 102,
          "conditional_hand_mass": 0.009049773810439787,
          "expected_action_loss_bb": 0.06683857143884238,
          "probability_on_actions_losing_over_0_1bb": 0.4304881114512682,
          "reference_expected_action_loss_bb": 0.07171988468496347
        },
        {
          "action_values_bb": [
            -0.5000004881407597,
            -0.08532468612897823,
            0.4172800503984414,
            0.6071071481519758
          ],
          "candidate_probabilities": [
            0.007692308630794287,
            0.007692308630794287,
            0.40291503071784973,
            0.5817003846168518
          ],
          "class_index": 103,
          "conditional_hand_mass": 0.009049773810439787,
          "expected_action_loss_bb": 0.09032680392339454,
          "probability_on_actions_losing_over_0_1bb": 0.4182996479794383,
          "reference_expected_action_loss_bb": 0.09680083744027299
        },
        {
          "action_values_bb": [
            -0.5000004881407597,
            -0.5247674602022325,
            -0.3592339425748421,
            -0.5419970159258015
          ],
          "candidate_probabilities": [
            0.32609695196151733,
            0.007692309096455574,
            0.6585184931755066,
            0.007692309096455574
          ],
          "class_index": 104,
          "conditional_hand_mass": 0.0030165911925363843,
          "expected_action_loss_bb": 0.048582746482245004,
          "probability_on_actions_losing_over_0_1bb": 0.3414815701544285,
          "reference_expected_action_loss_bb": 0.02146821995723646
        },
        {
          "action_values_bb": [
            -0.5000004881407597,
            -0.4746672030636272,
            -0.2643095151325728,
            -0.43039789190136823
          ],
          "candidate_probabilities": [
            0.08673139661550522,
            0.007692308630794287,
            0.8570381999015808,
            0.04853809252381325
          ],
          "class_index": 105,
          "conditional_hand_mass": 0.0030165911925363843,
          "expected_action_loss_bb": 0.030121556515827125,
          "probability_on_actions_losing_over_0_1bb": 0.14296179777011275,
          "reference_expected_action_loss_bb": 0.02629896133360162
        },
        {
          "action_values_bb": [
            -0.5000004881407597,
            -0.47331833067575557,
            -0.2690840199033119,
            -0.43496249614543137
          ],
          "candidate_probabilities": [
            0.07579594105482101,
            0.007692308630794287,
            0.8665942549705505,
            0.04991751164197922
          ],
          "class_index": 106,
          "conditional_hand_mass": 0.0030165911925363843,
          "expected_action_loss_bb": 0.02735380513554201,
          "probability_on_actions_losing_over_0_1bb": 0.13340576132759452,
          "reference_expected_action_loss_bb": 0.027978085349294055
        },
        {
          "action_values_bb": [
            -0.5000004881407597,
            -0.44979214269107537,
            -0.2267980769485568,
            -0.3849835071184172
          ],
          "candidate_probabilities": [
            0.09605579823255539,
            0.007692308630794287,
            0.8217403292655945,
            0.0745115876197815
          ],
          "class_index": 107,
          "conditional_hand_mass": 0.0030165911925363843,
          "expected_action_loss_bb": 0.039744662402927344,
          "probability_on_actions_losing_over_0_1bb": 0.17825969448313117,
          "reference_expected_action_loss_bb": 0.03774485648587835
        },
        {
          "action_values_bb": [
            -0.5000004881407597,
            -0.4029451693799622,
            -0.1469887537947714,
            -0.27609896872593725
          ],
          "candidate_probabilities": [
            0.05095136910676956,
            0.007692308630794287,
            0.7156910300254822,
            0.22566527128219604
          ],
          "class_index": 108,
          "conditional_hand_mass": 0.0030165911925363843,
          "expected_action_loss_bb": 0.04909101859814065,
          "probability_on_actions_losing_over_0_1bb": 0.2843089490197599,
          "reference_expected_action_loss_bb": 0.052355388170969075
        },
        {
          "action_values_bb": [
            -0.5000004881407597,
            -0.3510568177713362,
            -0.057837279463234845,
            -0.15292187809228455
          ],
          "candidate_probabilities": [
            0.02170313522219658,
            0.007692309096455574,
            0.6223146915435791,
            0.3482898771762848
          ],
          "class_index": 109,
          "conditional_hand_mass": 0.0030165911925363843,
          "expected_action_loss_bb": 0.044968866407862615,
          "probability_on_actions_losing_over_0_1bb": 0.029395444318652153,
          "reference_expected_action_loss_bb": 0.05223611863831933
        },
        {
          "action_values_bb": [
            -0.5000004881407597,
            -0.2694724230456553,
            0.09506888223994685,
            0.048006765247390434
          ],
          "candidate_probabilities": [
            0.02187572605907917,
            0.0103131840005517,
            0.5144971609115601,
            0.4533139765262604
          ],
          "class_index": 110,
          "conditional_hand_mass": 0.0030165911925363843,
          "expected_action_loss_bb": 0.03811107148744859,
          "probability_on_actions_losing_over_0_1bb": 0.03218891005963087,
          "reference_expected_action_loss_bb": 0.0321575289935733
        },
        {
          "action_values_bb": [
            -0.5000004881407597,
            -0.2300943171629036,
            0.16106661126966387,
            0.14887097226342363
          ],
          "candidate_probabilities": [
            0.007692308630794287,
            0.008589515462517738,
            0.47932833433151245,
            0.5043898224830627
          ],
          "class_index": 111,
          "conditional_hand_mass": 0.0030165911925363843,
          "expected_action_loss_bb": 0.014596371190858309,
          "probability_on_actions_losing_over_0_1bb": 0.016281824093312025,
          "reference_expected_action_loss_bb": 0.017807702363817002
        },
        {
          "action_values_bb": [
            -0.5000004881407597,
            0.3567468305369144,
            1.1681365979629468,
            1.53046353986011
          ],
          "candidate_probabilities": [
            0.007692308165132999,
            0.007692308165132999,
            0.3474879860877991,
            0.6371273994445801
          ],
          "class_index": 112,
          "conditional_hand_mass": 0.0045248869052198935,
          "expected_action_loss_bb": 0.15055180499347603,
          "probability_on_actions_losing_over_0_1bb": 0.36287260241806507,
          "reference_expected_action_loss_bb": 0.16116767008165625
        },
        {
          "action_values_bb": [
            -0.5000004881407597,
            -0.23240276968277684,
            0.15492700343079271,
            0.17347384186164055
          ],
          "candidate_probabilities": [
            0.00899374857544899,
            0.007692308165132999,
            0.45006731152534485,
            0.5332466959953308
          ],
          "class_index": 113,
          "conditional_hand_mass": 0.009049773810439787,
          "expected_action_loss_bb": 0.01752651247894682,
          "probability_on_actions_losing_over_0_1bb": 0.01668605674058199,
          "reference_expected_action_loss_bb": 0.021477124798558758
        },
        {
          "action_values_bb": [
            -0.5000004881407597,
            -0.16182328174801253,
            0.2908579743302116,
            0.38619067921718403
          ],
          "candidate_probabilities": [
            0.007692307233810425,
            0.007692307233810425,
            0.41136202216148376,
            0.573253333568573
          ],
          "class_index": 114,
          "conditional_hand_mass": 0.009049773810439787,
          "expected_action_loss_bb": 0.05024860074379704,
          "probability_on_actions_losing_over_0_1bb": 0.01538461446762085,
          "reference_expected_action_loss_bb": 0.055392780178645115
        },
        {
          "action_values_bb": [
            -0.5000004881407597,
            -0.08261384872071556,
            0.42894396464856727,
            0.6074476611990718
          ],
          "candidate_probabilities": [
            0.007692307233810425,
            0.007692307233810425,
            0.3979308009147644,
            0.5866845846176147
          ],
          "class_index": 115,
          "conditional_hand_mass": 0.009049773810439787,
          "expected_action_loss_bb": 0.08485911548935521,
          "probability_on_actions_losing_over_0_1bb": 0.41331541538238525,
          "reference_expected_action_loss_bb": 0.09092832235446892
        },
        {
          "action_values_bb": [
            -0.5000004881407597,
            -0.007264937909192709,
            0.5565849979281912,
            0.7945860447809175
          ],
          "candidate_probabilities": [
            0.007692307233810425,
            0.007692307233810425,
            0.3836737871170044,
            0.6009415984153748
          ],
          "class_index": 116,
          "conditional_hand_mass": 0.009049773810439787,
          "expected_action_loss_bb": 0.10744120445036924,
          "probability_on_actions_losing_over_0_1bb": 0.39905840158462524,
          "reference_expected_action_loss_bb": 0.115948424136394
        },
        {
          "action_values_bb": [
            -0.5000004881407597,
            -0.4540194765373749,
            -0.23908384765935808,
            -0.39085793248957507
          ],
          "candidate_probabilities": [
            0.07804557681083679,
            0.007692309096455574,
            0.8456947207450867,
            0.06856735050678253
          ],
          "class_index": 117,
          "conditional_hand_mass": 0.0030165911925363843,
          "expected_action_loss_bb": 0.03242348787148712,
          "probability_on_actions_losing_over_0_1bb": 0.1543052364140749,
          "reference_expected_action_loss_bb": 0.047734792102703864
        },
        {
          "action_values_bb": [
            -0.5000004881407597,
            -0.4580726836012459,
            -0.25086498542620894,
            -0.396831066895786
          ],
          "candidate_probabilities": [
            0.035807061940431595,
            0.009987869299948215,
            0.6499499082565308,
            0.3042551875114441
          ],
          "class_index": 118,
          "conditional_hand_mass": 0.0030165911925363843,
          "expected_action_loss_bb": 0.05540131127241277,
          "probability_on_actions_losing_over_0_1bb": 0.3500501187518239,
          "reference_expected_action_loss_bb": 0.04968588625925728
        },
        {
          "action_values_bb": [
            -0.5000004881407597,
            -0.4302014152455843,
            -0.20294741482745687,
            -0.3383874381577958
          ],
          "candidate_probabilities": [
            0.061230339109897614,
            0.007692309096455574,
            0.6908922791481018,
            0.24018511176109314
          ],
          "class_index": 119,
          "conditional_hand_mass": 0.0030165911925363843,
          "expected_action_loss_bb": 0.05246744556775561,
          "probability_on_actions_losing_over_0_1bb": 0.3091077599674463,
          "reference_expected_action_loss_bb": 0.05720348716164454
        },
        {
          "action_values_bb": [
            -0.5000004881407597,
            -0.370420176224393,
            -0.0882292195340543,
            -0.194091809235149
          ],
          "candidate_probabilities": [
            0.019496573135256767,
            0.011363928206264973,
            0.5824359655380249,
            0.3867035210132599
          ],
          "class_index": 120,
          "conditional_hand_mass": 0.0030165911925363843,
          "expected_action_loss_bb": 0.05217236260666971,
          "probability_on_actions_losing_over_0_1bb": 0.4175640223547816,
          "reference_expected_action_loss_bb": 0.0576018999146268
        },
        {
          "action_values_bb": [
            -0.5000004881407597,
            -0.3567155546610957,
            -0.06557123347451758,
            -0.15978900743271016
          ],
          "candidate_probabilities": [
            0.02580696903169155,
            0.007692309096455574,
            0.6344595551490784,
            0.3320411741733551
          ],
          "class_index": 121,
          "conditional_hand_mass": 0.0030165911925363843,
          "expected_action_loss_bb": 0.044735054724955474,
          "probability_on_actions_losing_over_0_1bb": 0.033499278128147125,
          "reference_expected_action_loss_bb": 0.05701094208226652
        },
        {
          "action_values_bb": [
            -0.5000004881407597,
            -0.3081719086708164,
            0.018544739861421022,
            -0.038566754922516024
          ],
          "candidate_probabilities": [
            0.014189240522682667,
            0.007692308630794287,
            0.5459216237068176,
            0.43219685554504395
          ],
          "class_index": 122,
          "conditional_hand_mass": 0.0030165911925363843,
          "expected_action_loss_bb": 0.03455437671843575,
          "probability_on_actions_losing_over_0_1bb": 0.021881549153476954,
          "reference_expected_action_loss_bb": 0.04233081027386959
        },
        {
          "action_values_bb": [
            -0.5000004881407597,
            -0.2260610192685894,
            0.17310536532245255,
            0.16701511200110794
          ],
          "candidate_probabilities": [
            0.007692309096455574,
            0.007692309096455574,
            0.47540175914764404,
            0.5092136263847351
          ],
          "class_index": 123,
          "conditional_hand_mass": 0.0030165911925363843,
          "expected_action_loss_bb": 0.011349489470025082,
          "probability_on_actions_losing_over_0_1bb": 0.015384618192911148,
          "reference_expected_action_loss_bb": 0.015162184989492311
        },
        {
          "action_values_bb": [
            -0.5000004881407597,
            -0.21250681479367756,
            0.19043030026374944,
            0.21786513591303172
          ],
          "candidate_probabilities": [
            0.007692309096455574,
            0.007692309096455574,
            0.4452529847621918,
            0.5393624305725098
          ],
          "class_index": 124,
          "conditional_hand_mass": 0.0030165911925363843,
          "expected_action_loss_bb": 0.021048040800525407,
          "probability_on_actions_losing_over_0_1bb": 0.015384618192911148,
          "reference_expected_action_loss_bb": 0.025241301483307887
        },
        {
          "action_values_bb": [
            -0.5000004881407597,
            -0.12176864763949773,
            0.3590545857128452,
            0.4414073488615093
          ],
          "candidate_probabilities": [
            0.007692308165132999,
            0.007692308165132999,
            0.42506229877471924,
            0.5595530271530151
          ],
          "class_index": 125,
          "conditional_hand_mass": 0.0030165911925363843,
          "expected_action_loss_bb": 0.046578777322005493,
          "probability_on_actions_losing_over_0_1bb": 0.015384616330265999,
          "reference_expected_action_loss_bb": 0.05122847856534274
        },
        {
          "action_values_bb": [
            -0.5000004881407597,
            0.46350380742819136,
            1.3737094081321182,
            1.813237484803132
          ],
          "candidate_probabilities": [
            0.007692308165132999,
            0.007692308165132999,
            0.33517614006996155,
            0.6494392156600952
          ],
          "class_index": 126,
          "conditional_hand_mass": 0.0045248869052198935,
          "expected_action_loss_bb": 0.1754960309253628,
          "probability_on_actions_losing_over_0_1bb": 0.35056075640022755,
          "reference_expected_action_loss_bb": 0.18785916175543457
        },
        {
          "action_values_bb": [
            -0.5000004881407597,
            -0.13237789891106955,
            0.3445227398978224,
            0.46891240704579584
          ],
          "candidate_probabilities": [
            0.007692308165132999,
            0.007692308165132999,
            0.4055895507335663,
            0.5790258646011353
          ],
          "class_index": 127,
          "conditional_hand_mass": 0.009049773810439787,
          "expected_action_loss_bb": 0.06252963611951791,
          "probability_on_actions_losing_over_0_1bb": 0.4209741670638323,
          "reference_expected_action_loss_bb": 0.06777764325526578
        },
        {
          "action_values_bb": [
            -0.5000004881407597,
            -0.045870526172503645,
            0.4967412071553625,
            0.7045161946275786
          ],
          "candidate_probabilities": [
            0.007692308165132999,
            0.007692308165132999,
            0.3902609348297119,
            0.5943544507026672
          ],
          "class_index": 128,
          "conditional_hand_mass": 0.009049773810439787,
          "expected_action_loss_bb": 0.0961241802584544,
          "probability_on_actions_losing_over_0_1bb": 0.4056455511599779,
          "reference_expected_action_loss_bb": 0.102553301036756
        },
        {
          "action_values_bb": [
            -0.5000004881407597,
            0.0020547718688106367,
            0.5701348440034627,
            0.8303272928006351
          ],
          "candidate_probabilities": [
            0.007692308165132999,
            0.007692308165132999,
            0.38318464159965515,
            0.6014307737350464
          ],
          "class_index": 129,
          "conditional_hand_mass": 0.009049773810439787,
          "expected_action_loss_bb": 0.11630636896663905,
          "probability_on_actions_losing_over_0_1bb": 0.39856925792992115,
          "reference_expected_action_loss_bb": 0.12432283116394144
        },
        {
          "action_values_bb": [
            -0.5000004881407597,
            -0.3919535644247477,
            -0.12644123559304848,
            -0.21928124969055363
          ],
          "candidate_probabilities": [
            0.059073761105537415,
            0.007692308165132999,
            0.5752967000007629,
            0.35793715715408325
          ],
          "class_index": 130,
          "conditional_hand_mass": 0.0030165911925363843,
          "expected_action_loss_bb": 0.05734084341498817,
          "probability_on_actions_losing_over_0_1bb": 0.06676606927067041,
          "reference_expected_action_loss_bb": 0.058408368225455184
        },
        {
          "action_values_bb": [
            -0.5000004881407597,
            -0.33340467161864545,
            -0.01342277257535952,
            -0.07982139592078898
          ],
          "candidate_probabilities": [
            0.043656714260578156,
            0.007692308630794287,
            0.5355509519577026,
            0.4131000339984894
          ],
          "class_index": 131,
          "conditional_hand_mass": 0.0030165911925363843,
          "expected_action_loss_bb": 0.05113305737916196,
          "probability_on_actions_losing_over_0_1bb": 0.05134902289137244,
          "reference_expected_action_loss_bb": 0.04806448403584119
        },
        {
          "action_values_bb": [
            -0.5000004881407597,
            -0.38554734456308126,
            -0.1241934345625694,
            -0.1998267135170221
          ],
          "candidate_probabilities": [
            0.038803476840257645,
            0.007692308630794287,
            0.5425798892974854,
            0.41092434525489807
          ],
          "class_index": 132,
          "conditional_hand_mass": 0.0030165911925363843,
          "expected_action_loss_bb": 0.047672590871355086,
          "probability_on_actions_losing_over_0_1bb": 0.04649578547105193,
          "reference_expected_action_loss_bb": 0.053113304699525354
        },
        {
          "action_values_bb": [
            -0.5000004881407597,
            -0.29935465699534297,
            0.04278905045883139,
            0.008580268053432724
          ],
          "candidate_probabilities": [
            0.02910672128200531,
            0.007692308630794287,
            0.5110856294631958,
            0.45211538672447205
          ],
          "class_index": 133,
          "conditional_hand_mass": 0.0030165911925363843,
          "expected_action_loss_bb": 0.0338970156952184,
          "probability_on_actions_losing_over_0_1bb": 0.0367990299127996,
          "reference_expected_action_loss_bb": 0.03387830034273527
        },
        {
          "action_values_bb": [
            -0.5000004881407597,
            -0.28726049896632705,
            0.06229913007737868,
            0.047455336166502306
          ],
          "candidate_probabilities": [
            0.026819413527846336,
            0.007692309096455574,
            0.47769325971603394,
            0.4877950847148895
          ],
          "class_index": 134,
          "conditional_hand_mass": 0.0030165911925363843,
          "expected_action_loss_bb": 0.025010196410035206,
          "probability_on_actions_losing_over_0_1bb": 0.03451172262430191,
          "reference_expected_action_loss_bb": 0.02307242312917498
        },
        {
          "action_values_bb": [
            -0.5000004881407597,
            -0.2844356109562775,
            0.06351741609522818,
            0.06869516000068619
          ],
          "candidate_probabilities": [
            0.03916395828127861,
            0.007692308630794287,
            0.4864678382873535,
            0.46667587757110596
          ],
          "class_index": 135,
          "conditional_hand_mass": 0.0030165911925363843,
          "expected_action_loss_bb": 0.027507569400681258,
          "probability_on_actions_losing_over_0_1bb": 0.0468562669120729,
          "reference_expected_action_loss_bb": 0.017465027072485213
        },
        {
          "action_values_bb": [
            -0.5000004881407597,
            -0.18458537254135704,
            0.25327882404938423,
            0.3195278061015642
          ],
          "candidate_probabilities": [
            0.007692308630794287,
            0.007692308630794287,
            0.41460999846458435,
            0.5700054168701172
          ],
          "class_index": 136,
          "conditional_hand_mass": 0.0030165911925363843,
          "expected_action_loss_bb": 0.037649349072887056,
          "probability_on_actions_losing_over_0_1bb": 0.015384617261588573,
          "reference_expected_action_loss_bb": 0.042883890660583485
        },
        {
          "action_values_bb": [
            -0.5000004881407597,
            -0.12878686526185334,
            0.3539651604176979,
            0.46408424165868556
          ],
          "candidate_probabilities": [
            0.007692308630794287,
            0.007692308630794287,
            0.4081469774246216,
            0.5764684081077576
          ],
          "class_index": 137,
          "conditional_hand_mass": 0.0030165911925363843,
          "expected_action_loss_bb": 0.05692135498585214,
          "probability_on_actions_losing_over_0_1bb": 0.42353159468621016,
          "reference_expected_action_loss_bb": 0.06221799563880323
        },
        {
          "action_values_bb": [
            -0.5000004881407597,
            -0.05310037460619244,
            0.4914926479725492,
            0.646700454375366
          ],
          "candidate_probabilities": [
            0.007692309096455574,
            0.007692309096455574,
            0.3902989327907562,
            0.5943164229393005
          ],
          "class_index": 138,
          "conditional_hand_mass": 0.0030165911925363843,
          "expected_action_loss_bb": 0.07478130357332669,
          "probability_on_actions_losing_over_0_1bb": 0.4056835509836674,
          "reference_expected_action_loss_bb": 0.08132117735152261
        },
        {
          "action_values_bb": [
            -0.5000004881407597,
            -0.04967858197340804,
            0.49292788640769264,
            0.664783907756459
          ],
          "candidate_probabilities": [
            0.007692308165132999,
            0.007692308165132999,
            0.3858630955219269,
            0.5987522602081299
          ],
          "class_index": 139,
          "conditional_hand_mass": 0.0030165911925363843,
          "expected_action_loss_bb": 0.08076864254432733,
          "probability_on_actions_losing_over_0_1bb": 0.4012477118521929,
          "reference_expected_action_loss_bb": 0.08790773286780158
        },
        {
          "action_values_bb": [
            -0.5000004881407597,
            0.6200337430786871,
            1.672818495458129,
            2.252509078372115
          ],
          "candidate_probabilities": [
            0.007692308165132999,
            0.007692308165132999,
            0.32010018825531006,
            0.6645151972770691
          ],
          "class_index": 140,
          "conditional_hand_mass": 0.0045248869052198935,
          "expected_action_loss_bb": 0.21928971988474683,
          "probability_on_actions_losing_over_0_1bb": 0.33548480458557606,
          "reference_expected_action_loss_bb": 0.23491349610536638
        },
        {
          "action_values_bb": [
            -0.5000004881407597,
            0.02268420183337301,
            0.6278269800418769,
            0.8783726168096431
          ],
          "candidate_probabilities": [
            0.007692307233810425,
            0.007692307233810425,
            0.37404564023017883,
            0.6105697154998779
          ],
          "class_index": 141,
          "conditional_hand_mass": 0.009049773810439787,
          "expected_action_loss_bb": 0.1109005907021864,
          "probability_on_actions_losing_over_0_1bb": 0.3894302546977997,
          "reference_expected_action_loss_bb": 0.11920543509082865
        },
        {
          "action_values_bb": [
            -0.5000004881407597,
            0.045552206096376,
            0.6493491758719554,
            0.9453218890824251
          ],
          "candidate_probabilities": [
            0.007692308165132999,
            0.007692308165132999,
            0.3738761246204376,
            0.6107392311096191
          ],
          "class_index": 142,
          "conditional_hand_mass": 0.009049773810439787,
          "expected_action_loss_bb": 0.12869630181126268,
          "probability_on_actions_losing_over_0_1bb": 0.3892607409507036,
          "reference_expected_action_loss_bb": 0.13799556011088607
        },
        {
          "action_values_bb": [
            -0.5000004881407597,
            -0.25916627231866723,
            0.1234749523818689,
            0.1546024421263802
          ],
          "candidate_probabilities": [
            0.007692308630794287,
            0.007692308630794287,
            0.4479437470436096,
            0.5366716384887695
          ],
          "class_index": 143,
          "conditional_hand_mass": 0.0030165911925363843,
          "expected_action_loss_bb": 0.022161608815733362,
          "probability_on_actions_losing_over_0_1bb": 0.015384617261588573,
          "reference_expected_action_loss_bb": 0.026062489201773818
        },
        {
          "action_values_bb": [
            -0.5000004881407597,
            -0.19964369559932738,
            0.23747028094453285,
            0.2939456041041759
          ],
          "candidate_probabilities": [
            0.007692309096455574,
            0.007692309096455574,
            0.43529537320137024,
            0.5493199825286865
          ],
          "class_index": 144,
          "conditional_hand_mass": 0.0030165911925363843,
          "expected_action_loss_bb": 0.03448756707893828,
          "probability_on_actions_losing_over_0_1bb": 0.015384618192911148,
          "reference_expected_action_loss_bb": 0.03884530189237266
        },
        {
          "action_values_bb": [
            -0.5000004881407597,
            -0.22793112138624166,
            0.17523777336405552,
            0.23224382756469503
          ],
          "candidate_probabilities": [
            0.007692309096455574,
            0.007692309096455574,
            0.44839611649513245,
            0.5362192392349243
          ],
          "class_index": 145,
          "conditional_hand_mass": 0.0030165911925363843,
          "expected_action_loss_bb": 0.03473375087658301,
          "probability_on_actions_losing_over_0_1bb": 0.015384618192911148,
          "reference_expected_action_loss_bb": 0.038366596991193956
        },
        {
          "action_values_bb": [
            -0.5000004881407597,
            -0.19259255462608907,
            0.23998120727809505,
            0.3325496582108135
          ],
          "candidate_probabilities": [
            0.007692309096455574,
            0.007692309096455574,
            0.4429289996623993,
            0.5416864156723022
          ],
          "class_index": 146,
          "conditional_hand_mass": 0.0030165911925363843,
          "expected_action_loss_bb": 0.05144504065670062,
          "probability_on_actions_losing_over_0_1bb": 0.015384618192911148,
          "reference_expected_action_loss_bb": 0.054806447806367696
        },
        {
          "action_values_bb": [
            -0.5000004881407597,
            -0.14901595006905796,
            0.3208141267377985,
            0.433442007413324
          ],
          "candidate_probabilities": [
            0.007692308165132999,
            0.007692308165132999,
            0.41475844383239746,
            0.5698568820953369
          ],
          "class_index": 147,
          "conditional_hand_mass": 0.0030165911925363843,
          "expected_action_loss_bb": 0.05837413795354311,
          "probability_on_actions_losing_over_0_1bb": 0.43014306016266346,
          "reference_expected_action_loss_bb": 0.06359672897117369
        },
        {
          "action_values_bb": [
            -0.5000004881407597,
            -0.16995031982285233,
            0.2735700857858571,
            0.3980584968360808
          ],
          "candidate_probabilities": [
            0.007692308165132999,
            0.007692308165132999,
            0.4042857885360718,
            0.5803295373916626
          ],
          "class_index": 148,
          "conditional_hand_mass": 0.0030165911925363843,
          "expected_action_loss_bb": 0.06160634074620376,
          "probability_on_actions_losing_over_0_1bb": 0.4196704048663378,
          "reference_expected_action_loss_bb": 0.06813634246121208
        },
        {
          "action_values_bb": [
            -0.5000004881407597,
            -0.09981306126598888,
            0.4075226396197634,
            0.5655003658963667
          ],
          "candidate_probabilities": [
            0.007692309096455574,
            0.007692309096455574,
            0.3948715329170227,
            0.5897438526153564
          ],
          "class_index": 149,
          "conditional_hand_mass": 0.0030165911925363843,
          "expected_action_loss_bb": 0.07569486538113412,
          "probability_on_actions_losing_over_0_1bb": 0.41025615110993385,
          "reference_expected_action_loss_bb": 0.08254374285510437
        },
        {
          "action_values_bb": [
            -0.5000004881407597,
            -0.03764747255358844,
            0.5161819010516365,
            0.7056734369000663
          ],
          "candidate_probabilities": [
            0.007692308165132999,
            0.007692308165132999,
            0.38637953996658325,
            0.5982357859611511
          ],
          "class_index": 150,
          "conditional_hand_mass": 0.0030165911925363843,
          "expected_action_loss_bb": 0.08820792132786157,
          "probability_on_actions_losing_over_0_1bb": 0.40176415629684925,
          "reference_expected_action_loss_bb": 0.09548584596413165
        },
        {
          "action_values_bb": [
            -0.5000004881407597,
            -0.02180881290722271,
            0.5346835167278168,
            0.75597459882849
          ],
          "candidate_probabilities": [
            0.007692309096455574,
            0.007692309096455574,
            0.3827650547027588,
            0.6018503904342651
          ],
          "class_index": 151,
          "conditional_hand_mass": 0.0030165911925363843,
          "expected_action_loss_bb": 0.10034679214507891,
          "probability_on_actions_losing_over_0_1bb": 0.39814967289566994,
          "reference_expected_action_loss_bb": 0.1082302480317276
        },
        {
          "action_values_bb": [
            -0.5000004881407597,
            0.04541047965687331,
            0.6638537904060258,
            0.9237097358837711
          ],
          "candidate_probabilities": [
            0.007692309096455574,
            0.007692309096455574,
            0.36816948652267456,
            0.6164459586143494
          ],
          "class_index": 152,
          "conditional_hand_mass": 0.0030165911925363843,
          "expected_action_loss_bb": 0.11337879848147067,
          "probability_on_actions_losing_over_0_1bb": 0.3835541047155857,
          "reference_expected_action_loss_bb": 0.12293184000981254
        },
        {
          "action_values_bb": [
            -0.5000004881407597,
            0.10922274148776656,
            0.7849607458121358,
            1.0831652385760069
          ],
          "candidate_probabilities": [
            0.007692308630794287,
            0.007692308630794287,
            0.37079668045043945,
            0.6138187050819397
          ],
          "class_index": 153,
          "conditional_hand_mass": 0.0030165911925363843,
          "expected_action_loss_bb": 0.1302433016721008,
          "probability_on_actions_losing_over_0_1bb": 0.386181297712028,
          "reference_expected_action_loss_bb": 0.13725115849848737
        },
        {
          "action_values_bb": [
            -0.5000004881407597,
            0.7743316899725986,
            1.9610074555830264,
            2.6806037827003752
          ],
          "candidate_probabilities": [
            0.007692307233810425,
            0.007692307233810425,
            0.30879446864128113,
            0.6758208870887756
          ],
          "class_index": 154,
          "conditional_hand_mass": 0.0045248869052198935,
          "expected_action_loss_bb": 0.2613371813173997,
          "probability_on_actions_losing_over_0_1bb": 0.324179083108902,
          "reference_expected_action_loss_bb": 0.2793761000075909
        },
        {
          "action_values_bb": [
            -0.5000004881407597,
            0.12279521637397049,
            0.7934727351768038,
            1.1356102449866898
          ],
          "candidate_probabilities": [
            0.007692308165132999,
            0.007692308165132999,
            0.3641842305660248,
            0.6204311847686768
          ],
          "class_index": 155,
          "conditional_hand_mass": 0.009049773810439787,
          "expected_action_loss_bb": 0.14497359286967157,
          "probability_on_actions_losing_over_0_1bb": 0.3795688468962908,
          "reference_expected_action_loss_bb": 0.15541334288290382
        },
        {
          "action_values_bb": [
            -0.5000004881407597,
            -0.18861323115292014,
            0.24211692770342463,
            0.3693513222966102
          ],
          "candidate_probabilities": [
            0.007692308630794287,
            0.007692308630794287,
            0.42307671904563904,
            0.5615386366844177
          ],
          "class_index": 156,
          "conditional_hand_mass": 0.0030165911925363843,
          "expected_action_loss_bb": 0.06480926819904427,
          "probability_on_actions_losing_over_0_1bb": 0.4384613363072276,
          "reference_expected_action_loss_bb": 0.0702590347325118
        },
        {
          "action_values_bb": [
            -0.5000004881407597,
            -0.12031874754796436,
            0.3725608826589111,
            0.5234204357758084
          ],
          "candidate_probabilities": [
            0.007692308630794287,
            0.007692308630794287,
            0.39827293157577515,
            0.586342453956604
          ],
          "class_index": 157,
          "conditional_hand_mass": 0.0030165911925363843,
          "expected_action_loss_bb": 0.07290758655791887,
          "probability_on_actions_losing_over_0_1bb": 0.4136575488373637,
          "reference_expected_action_loss_bb": 0.08042367490245853
        },
        {
          "action_values_bb": [
            -0.5000004881407597,
            -0.10508950548970072,
            0.3977764560785589,
            0.5591333716314627
          ],
          "candidate_probabilities": [
            0.007692308630794287,
            0.007692308630794287,
            0.40079572796821594,
            0.5838196873664856
          ],
          "class_index": 158,
          "conditional_hand_mass": 0.0030165911925363843,
          "expected_action_loss_bb": 0.0779277543328745,
          "probability_on_actions_losing_over_0_1bb": 0.4161803452298045,
          "reference_expected_action_loss_bb": 0.08460434755809598
        },
        {
          "action_values_bb": [
            -0.5000004881407597,
            -0.074556318403339,
            0.4518699487019849,
            0.6411366259961733
          ],
          "candidate_probabilities": [
            0.007692309096455574,
            0.007692309096455574,
            0.40937256813049316,
            0.575242817401886
          ],
          "class_index": 159,
          "conditional_hand_mass": 0.0030165911925363843,
          "expected_action_loss_bb": 0.09176389649529923,
          "probability_on_actions_losing_over_0_1bb": 0.4247571863234043,
          "reference_expected_action_loss_bb": 0.09631114296333573
        },
        {
          "action_values_bb": [
            -0.5000004881407597,
            -0.08137017066656178,
            0.43678444666385774,
            0.6288286448808051
          ],
          "candidate_probabilities": [
            0.007692308165132999,
            0.007692308165132999,
            0.39524155855178833,
            0.589373767375946
          ],
          "class_index": 160,
          "conditional_hand_mass": 0.0030165911925363843,
          "expected_action_loss_bb": 0.09005021791877944,
          "probability_on_actions_losing_over_0_1bb": 0.41062617488205433,
          "reference_expected_action_loss_bb": 0.09746184748716867
        },
        {
          "action_values_bb": [
            -0.5000004881407597,
            -0.06855903410472125,
            0.45352624516688345,
            0.6612531856414651
          ],
          "candidate_probabilities": [
            0.007692309096455574,
            0.007692309096455574,
            0.38705435395240784,
            0.5975610017776489
          ],
          "class_index": 161,
          "conditional_hand_mass": 0.0030165911925363843,
          "expected_action_loss_bb": 0.09494828011868495,
          "probability_on_actions_losing_over_0_1bb": 0.402438972145319,
          "reference_expected_action_loss_bb": 0.10357517699076138
        },
        {
          "action_values_bb": [
            -0.5000004881407597,
            -0.010781595468547487,
            0.558403357125314,
            0.7922309748184918
          ],
          "candidate_probabilities": [
            0.007692309096455574,
            0.007692309096455574,
            0.3941609859466553,
            0.5904544591903687
          ],
          "class_index": 162,
          "conditional_hand_mass": 0.0030165911925363843,
          "expected_action_loss_bb": 0.10828298906773526,
          "probability_on_actions_losing_over_0_1bb": 0.4095456041395664,
          "reference_expected_action_loss_bb": 0.11405663189103882
        },
        {
          "action_values_bb": [
            -0.5000004881407597,
            0.004910377879524908,
            0.5807345067958259,
            0.8237294428235846
          ],
          "candidate_probabilities": [
            0.007692308630794287,
            0.007692308630794287,
            0.38554155826568604,
            0.5990738272666931
          ],
          "class_index": 163,
          "conditional_hand_mass": 0.0030165911925363843,
          "expected_action_loss_bb": 0.11016579441993862,
          "probability_on_actions_losing_over_0_1bb": 0.4009261755272746,
          "reference_expected_action_loss_bb": 0.11785272393406121
        },
        {
          "action_values_bb": [
            -0.5000004881407597,
            0.05021354937885483,
            0.6567161264831285,
            0.9359140219548977
          ],
          "candidate_probabilities": [
            0.007692309562116861,
            0.007692309562116861,
            0.3731938898563385,
            0.6114214658737183
          ],
          "class_index": 164,
          "conditional_hand_mass": 0.0030165911925363843,
          "expected_action_loss_bb": 0.12205352978157225,
          "probability_on_actions_losing_over_0_1bb": 0.3885785089805722,
          "reference_expected_action_loss_bb": 0.13184044880600357
        },
        {
          "action_values_bb": [
            -0.5000004881407597,
            0.03412776411448547,
            0.6201598228634811,
            0.9126221764020762
          ],
          "candidate_probabilities": [
            0.007692309096455574,
            0.007692309096455574,
            0.3780748248100281,
            0.6065405607223511
          ],
          "class_index": 165,
          "conditional_hand_mass": 0.0030165911925363843,
          "expected_action_loss_bb": 0.1281966338087802,
          "probability_on_actions_losing_over_0_1bb": 0.3934594430029392,
          "reference_expected_action_loss_bb": 0.136903267725708
        },
        {
          "action_values_bb": [
            -0.5000004881407597,
            0.14637493422303263,
            0.8370950157620651,
            1.184828919913256
          ],
          "candidate_probabilities": [
            0.007692308165132999,
            0.007692308165132999,
            0.3545042872428894,
            0.6301110982894897
          ],
          "class_index": 166,
          "conditional_hand_mass": 0.0030165911925363843,
          "expected_action_loss_bb": 0.14422149492697506,
          "probability_on_actions_losing_over_0_1bb": 0.3698889035731554,
          "reference_expected_action_loss_bb": 0.15668672859235583
        },
        {
          "action_values_bb": [
            -0.5000004881407597,
            0.21169611759338794,
            0.9570779224673479,
            1.3470362812711687
          ],
          "candidate_probabilities": [
            0.007692309562116861,
            0.007692309562116861,
            0.36101391911506653,
            0.6236014366149902
          ],
          "class_index": 167,
          "conditional_hand_mass": 0.0030165911925363843,
          "expected_action_loss_bb": 0.16372176200368938,
          "probability_on_actions_losing_over_0_1bb": 0.37639853823930025,
          "reference_expected_action_loss_bb": 0.17203876057666148
        },
        {
          "action_values_bb": [
            -0.5000004881407597,
            0.8894840254541696,
            2.1715070007055726,
            2.9772843000124265
          ],
          "candidate_probabilities": [
            0.007692308165132999,
            0.007692308165132999,
            0.3055422604084015,
            0.6790730953216553
          ],
          "class_index": 168,
          "conditional_hand_mass": 0.0045248869052198935,
          "expected_action_loss_bb": 0.28900736668354815,
          "probability_on_actions_losing_over_0_1bb": 0.3209268767386675,
          "reference_expected_action_loss_bb": 0.30571492151378293
        }
      ],
      "joint_reach_independent_model": 0.0002086763056898973,
      "opponent_mass": 0.00020867629791609943,
      "passes_local_tail_gate": false,
      "path": [
        1
      ],
      "position": "SB",
      "reference_weighted_action_loss_bb": 0.05625809372785709,
      "scope": "One-action deviation followed by reference play, same reference arriving ranges; excludes physical-deal validation",
      "status": "evaluated",
      "weighted_action_loss_bb": 0.05235105276510161,
      "weighted_excess_action_loss_bb": -0.00390704096275548,
      "worst_relevant_probability_on_strongly_inferior_actions": 0.48639252968132496
    },
    {
      "actions": [
        {
          "kind": "fold",
          "label": "Fold",
          "to": 0.0
        },
        {
          "kind": "call",
          "label": "Call 2",
          "to": 2.0
        }
      ],
      "actor": 1,
      "actor_mass": 1.000000037252903,
      "forced_or_frozen": false,
      "hands": [
        {
          "action_values_bb": [
            -0.49999996965481747,
            -0.12039747789050001
          ],
          "candidate_probabilities": [
            0.0012987012742087245,
            0.998701274394989
          ],
          "class_index": 0,
          "conditional_hand_mass": 0.0045248869052198935,
          "expected_action_loss_bb": 0.0004929902397471259,
          "probability_on_actions_losing_over_0_1bb": 0.0012987012742087245,
          "reference_expected_action_loss_bb": 0.00006613284229373123
        },
        {
          "action_values_bb": [
            -0.49999996965481747,
            -0.8942789013587359
          ],
          "candidate_probabilities": [
            0.998701274394989,
            0.0012987012742087245
          ],
          "class_index": 1,
          "conditional_hand_mass": 0.009049773810439787,
          "expected_action_loss_bb": 0.0005120505509975335,
          "probability_on_actions_losing_over_0_1bb": 0.0012987012742087245,
          "reference_expected_action_loss_bb": 0.00006868971351827962
        },
        {
          "action_values_bb": [
            -0.49999996965481747,
            -0.8065426034224511
          ],
          "candidate_probabilities": [
            0.998701274394989,
            0.0012987012742087245
          ],
          "class_index": 2,
          "conditional_hand_mass": 0.009049773810439787,
          "expected_action_loss_bb": 0.0003981073090733242,
          "probability_on_actions_losing_over_0_1bb": 0.0012987012742087245,
          "reference_expected_action_loss_bb": 0.00005340464326521457
        },
        {
          "action_values_bb": [
            -0.49999996965481747,
            -0.7610828496311239
          ],
          "candidate_probabilities": [
            0.998701274394989,
            0.0012987012742087245
          ],
          "class_index": 3,
          "conditional_hand_mass": 0.009049773810439787,
          "expected_action_loss_bb": 0.0003390686688993127,
          "probability_on_actions_losing_over_0_1bb": 0.0012987012742087245,
          "reference_expected_action_loss_bb": 0.000045484825051639056
        },
        {
          "action_values_bb": [
            -0.49999996965481747,
            -0.8256900494505094
          ],
          "candidate_probabilities": [
            0.998701274394989,
            0.0012987012742087245
          ],
          "class_index": 4,
          "conditional_hand_mass": 0.009049773810439787,
          "expected_action_loss_bb": 0.00042297412162780625,
          "probability_on_actions_losing_over_0_1bb": 0.0012987012742087245,
          "reference_expected_action_loss_bb": 0.000056740435458295056
        },
        {
          "action_values_bb": [
            -0.49999996965481747,
            -0.9115914348901626
          ],
          "candidate_probabilities": [
            0.998701274394989,
            0.0012987012742087245
          ],
          "class_index": 5,
          "conditional_hand_mass": 0.009049773810439787,
          "expected_action_loss_bb": 0.0005345343603545787,
          "probability_on_actions_losing_over_0_1bb": 0.0012987012742087245,
          "reference_expected_action_loss_bb": 0.00007170583452532934
        },
        {
          "action_values_bb": [
            -0.49999996965481747,
            -0.9486741582853273
          ],
          "candidate_probabilities": [
            0.998701274394989,
            0.0012987012742087245
          ],
          "class_index": 6,
          "conditional_hand_mass": 0.009049773810439787,
          "expected_action_loss_bb": 0.0005826937404790087,
          "probability_on_actions_losing_over_0_1bb": 0.0012987012742087245,
          "reference_expected_action_loss_bb": 0.00007816623968946902
        },
        {
          "action_values_bb": [
            -0.49999996965481747,
            -0.7788745335945446
          ],
          "candidate_probabilities": [
            0.9862059950828552,
            0.013793985359370708
          ],
          "class_index": 7,
          "conditional_hand_mass": 0.009049773810439787,
          "expected_action_loss_bb": 0.0038467916520854867,
          "probability_on_actions_losing_over_0_1bb": 0.013793985359370708,
          "reference_expected_action_loss_bb": 0.0006557765501059202
        },
        {
          "action_values_bb": [
            -0.49999996965481747,
            -0.7565027298526196
          ],
          "candidate_probabilities": [
            0.9811596274375916,
            0.018840335309505463
          ],
          "class_index": 8,
          "conditional_hand_mass": 0.009049773810439787,
          "expected_action_loss_bb": 0.0048325980099402635,
          "probability_on_actions_losing_over_0_1bb": 0.018840335309505463,
          "reference_expected_action_loss_bb": 0.0008765248606061997
        },
        {
          "action_values_bb": [
            -0.49999996965481747,
            -0.6515195653598818
          ],
          "candidate_probabilities": [
            0.7842444777488708,
            0.21575547754764557
          ],
          "class_index": 9,
          "conditional_hand_mass": 0.009049773810439787,
          "expected_action_loss_bb": 0.03269118272917233,
          "probability_on_actions_losing_over_0_1bb": 0.21575547754764557,
          "reference_expected_action_loss_bb": 0.003935692728419986
        },
        {
          "action_values_bb": [
            -0.49999996965481747,
            -0.3848478613929167
          ],
          "candidate_probabilities": [
            0.11287777870893478,
            0.8871222138404846
          ],
          "class_index": 10,
          "conditional_hand_mass": 0.009049773810439787,
          "expected_action_loss_bb": 0.012998114194254133,
          "probability_on_actions_losing_over_0_1bb": 0.11287777870893478,
          "reference_expected_action_loss_bb": 0.00002006134411837069
        },
        {
          "action_values_bb": [
            -0.49999996965481747,
            -0.23174049953025658
          ],
          "candidate_probabilities": [
            0.0012987012742087245,
            0.998701274394989
          ],
          "class_index": 11,
          "conditional_hand_mass": 0.009049773810439787,
          "expected_action_loss_bb": 0.0003483889156693245,
          "probability_on_actions_losing_over_0_1bb": 0.0012987012742087245,
          "reference_expected_action_loss_bb": 0.000046735102156711176
        },
        {
          "action_values_bb": [
            -0.49999996965481747,
            -0.022964081014354484
          ],
          "candidate_probabilities": [
            0.0012987012742087245,
            0.998701274394989
          ],
          "class_index": 12,
          "conditional_hand_mass": 0.009049773810439787,
          "expected_action_loss_bb": 0.0006195271164206605,
          "probability_on_actions_losing_over_0_1bb": 0.0012987012742087245,
          "reference_expected_action_loss_bb": 0.00008310730270837267
        },
        {
          "action_values_bb": [
            -0.49999996965481747,
            -0.7493407812549311
          ],
          "candidate_probabilities": [
            0.9987013339996338,
            0.0012987015070393682
          ],
          "class_index": 13,
          "conditional_hand_mass": 0.0030165911925363843,
          "expected_action_loss_bb": 0.00032381928779148675,
          "probability_on_actions_losing_over_0_1bb": 0.0012987015070393682,
          "reference_expected_action_loss_bb": 0.0004550131463107158
        },
        {
          "action_values_bb": [
            -0.49999996965481747,
            -0.003003115018331525
          ],
          "candidate_probabilities": [
            0.0012987012742087245,
            0.998701274394989
          ],
          "class_index": 14,
          "conditional_hand_mass": 0.0045248869052198935,
          "expected_action_loss_bb": 0.0006454504483941326,
          "probability_on_actions_losing_over_0_1bb": 0.0012987012742087245,
          "reference_expected_action_loss_bb": 0.0000865848231274565
        },
        {
          "action_values_bb": [
            -0.49999996965481747,
            -0.7954817237034717
          ],
          "candidate_probabilities": [
            0.998701274394989,
            0.0012987012742087245
          ],
          "class_index": 15,
          "conditional_hand_mass": 0.009049773810439787,
          "expected_action_loss_bb": 0.0003837425304884162,
          "probability_on_actions_losing_over_0_1bb": 0.0012987012742087245,
          "reference_expected_action_loss_bb": 0.00005147766061901173
        },
        {
          "action_values_bb": [
            -0.49999996965481747,
            -0.7009805135375928
          ],
          "candidate_probabilities": [
            0.9826584458351135,
            0.017341522499918938
          ],
          "class_index": 16,
          "conditional_hand_mass": 0.009049773810439787,
          "expected_action_loss_bb": 0.0034853086237890945,
          "probability_on_actions_losing_over_0_1bb": 0.017341522499918938,
          "reference_expected_action_loss_bb": 0.00046349938468202406
        },
        {
          "action_values_bb": [
            -0.49999996965481747,
            -0.7229475732350635
          ],
          "candidate_probabilities": [
            0.9872996807098389,
            0.012700327672064304
          ],
          "class_index": 17,
          "conditional_hand_mass": 0.009049773810439787,
          "expected_action_loss_bb": 0.002831507619170622,
          "probability_on_actions_losing_over_0_1bb": 0.012700327672064304,
          "reference_expected_action_loss_bb": 0.00045534594280428984
        },
        {
          "action_values_bb": [
            -0.49999996965481747,
            -0.8416408732615245
          ],
          "candidate_probabilities": [
            0.9848537445068359,
            0.01514623872935772
          ],
          "class_index": 18,
          "conditional_hand_mass": 0.009049773810439787,
          "expected_action_loss_bb": 0.005174574685740673,
          "probability_on_actions_losing_over_0_1bb": 0.01514623872935772,
          "reference_expected_action_loss_bb": 0.0005818224287935426
        },
        {
          "action_values_bb": [
            -0.49999996965481747,
            -0.8811439284145006
          ],
          "candidate_probabilities": [
            0.9813065528869629,
            0.018693437799811363
          ],
          "class_index": 19,
          "conditional_hand_mass": 0.009049773810439787,
          "expected_action_loss_bb": 0.007124890885848004,
          "probability_on_actions_losing_over_0_1bb": 0.018693437799811363,
          "reference_expected_action_loss_bb": 0.0007680964721518139
        },
        {
          "action_values_bb": [
            -0.49999996965481747,
            -0.7791651797527231
          ],
          "candidate_probabilities": [
            0.9777513742446899,
            0.02224862575531006
          ],
          "class_index": 20,
          "conditional_hand_mass": 0.009049773810439787,
          "expected_action_loss_bb": 0.006211042283370808,
          "probability_on_actions_losing_over_0_1bb": 0.02224862575531006,
          "reference_expected_action_loss_bb": 0.0008282920202476628
        },
        {
          "action_values_bb": [
            -0.49999996965481747,
            -0.6844215115785078
          ],
          "candidate_probabilities": [
            0.3665009140968323,
            0.6334990859031677
          ],
          "class_index": 21,
          "conditional_hand_mass": 0.009049773810439787,
          "expected_action_loss_bb": 0.11683087822951058,
          "probability_on_actions_losing_over_0_1bb": 0.6334990859031677,
          "reference_expected_action_loss_bb": 0.004654594360260313
        },
        {
          "action_values_bb": [
            -0.49999996965481747,
            -0.6363447892466384
          ],
          "candidate_probabilities": [
            0.5712811350822449,
            0.42871883511543274
          ],
          "class_index": 22,
          "conditional_hand_mass": 0.009049773810439787,
          "expected_action_loss_bb": 0.0584535922294293,
          "probability_on_actions_losing_over_0_1bb": 0.42871883511543274,
          "reference_expected_action_loss_bb": 0.04788528593850642
        },
        {
          "action_values_bb": [
            -0.49999996965481747,
            -0.3919580714544082
          ],
          "candidate_probabilities": [
            0.0012987012742087245,
            0.998701274394989
          ],
          "class_index": 23,
          "conditional_hand_mass": 0.009049773810439787,
          "expected_action_loss_bb": 0.00014031415086080082,
          "probability_on_actions_losing_over_0_1bb": 0.0012987012742087245,
          "reference_expected_action_loss_bb": 0.000018822631489045114
        },
        {
          "action_values_bb": [
            -0.49999996965481747,
            -0.2117075203858936
          ],
          "candidate_probabilities": [
            0.0012987012742087245,
            0.998701274394989
          ],
          "class_index": 24,
          "conditional_hand_mass": 0.009049773810439787,
          "expected_action_loss_bb": 0.00037440577121030543,
          "probability_on_actions_losing_over_0_1bb": 0.0012987012742087245,
          "reference_expected_action_loss_bb": 0.00005022516842121376
        },
        {
          "action_values_bb": [
            -0.49999996965481747,
            0.052566895196236224
          ],
          "candidate_probabilities": [
            0.0012987012742087245,
            0.998701274394989
          ],
          "class_index": 25,
          "conditional_hand_mass": 0.009049773810439787,
          "expected_action_loss_bb": 0.0007176192914675834,
          "probability_on_actions_losing_over_0_1bb": 0.0012987012742087245,
          "reference_expected_action_loss_bb": 0.00009626601016261098
        },
        {
          "action_values_bb": [
            -0.49999996965481747,
            -0.6579147518856496
          ],
          "candidate_probabilities": [
            0.7867437601089478,
            0.21325622498989105
          ],
          "class_index": 26,
          "conditional_hand_mass": 0.0030165911925363843,
          "expected_action_loss_bb": 0.03367631032864799,
          "probability_on_actions_losing_over_0_1bb": 0.21325622498989105,
          "reference_expected_action_loss_bb": 0.00039752972128714273
        },
        {
          "action_values_bb": [
            -0.49999996965481747,
            -0.5239204397866613
          ],
          "candidate_probabilities": [
            0.059201598167419434,
            0.9407984018325806
          ],
          "class_index": 27,
          "conditional_hand_mass": 0.0030165911925363843,
          "expected_action_loss_bb": 0.022504340071122612,
          "probability_on_actions_losing_over_0_1bb": -0.0,
          "reference_expected_action_loss_bb": 0.018067157831204217
        },
        {
          "action_values_bb": [
            -0.49999996965481747,
            0.11212010866002957
          ],
          "candidate_probabilities": [
            0.0012987012742087245,
            0.998701274394989
          ],
          "class_index": 28,
          "conditional_hand_mass": 0.0045248869052198935,
          "expected_action_loss_bb": 0.0007949611256762361,
          "probability_on_actions_losing_over_0_1bb": 0.0012987012742087245,
          "reference_expected_action_loss_bb": 0.00010664113508811119
        },
        {
          "action_values_bb": [
            -0.49999996965481747,
            -0.563404923687935
          ],
          "candidate_probabilities": [
            0.8533726930618286,
            0.1466273069381714
          ],
          "class_index": 29,
          "conditional_hand_mass": 0.009049773810439787,
          "expected_action_loss_bb": 0.009296897656414579,
          "probability_on_actions_losing_over_0_1bb": -0.0,
          "reference_expected_action_loss_bb": 0.002661420520786295
        },
        {
          "action_values_bb": [
            -0.49999996965481747,
            -0.60859867160929
          ],
          "candidate_probabilities": [
            0.9787118434906006,
            0.02128814533352852
          ],
          "class_index": 30,
          "conditional_hand_mass": 0.009049773810439787,
          "expected_action_loss_bb": 0.0023118649502393597,
          "probability_on_actions_losing_over_0_1bb": 0.02128814533352852,
          "reference_expected_action_loss_bb": 0.0008576088865923987
        },
        {
          "action_values_bb": [
            -0.49999996965481747,
            -0.7242237702311332
          ],
          "candidate_probabilities": [
            0.981353759765625,
            0.018646199256181717
          ],
          "class_index": 31,
          "conditional_hand_mass": 0.009049773810439787,
          "expected_action_loss_bb": 0.004180921663524335,
          "probability_on_actions_losing_over_0_1bb": 0.018646199256181717,
          "reference_expected_action_loss_bb": 0.0005322184288327767
        },
        {
          "action_values_bb": [
            -0.49999996965481747,
            -0.72234139786904
          ],
          "candidate_probabilities": [
            0.9340201616287231,
            0.06597985327243805
          ],
          "class_index": 32,
          "conditional_hand_mass": 0.009049773810439787,
          "expected_action_loss_bb": 0.014670054809958716,
          "probability_on_actions_losing_over_0_1bb": 0.06597985327243805,
          "reference_expected_action_loss_bb": 0.0018193140218900937
        },
        {
          "action_values_bb": [
            -0.49999996965481747,
            -0.7570729765225392
          ],
          "candidate_probabilities": [
            0.9762333631515503,
            0.02376662567257881
          ],
          "class_index": 33,
          "conditional_hand_mass": 0.009049773810439787,
          "expected_action_loss_bb": 0.006109757924749426,
          "probability_on_actions_losing_over_0_1bb": 0.02376662567257881,
          "reference_expected_action_loss_bb": 0.0007147419620367524
        },
        {
          "action_values_bb": [
            -0.49999996965481747,
            -0.6931019937998724
          ],
          "candidate_probabilities": [
            0.6024265885353088,
            0.39757347106933594
          ],
          "class_index": 34,
          "conditional_hand_mass": 0.009049773810439787,
          "expected_action_loss_bb": 0.0767722420098642,
          "probability_on_actions_losing_over_0_1bb": 0.39757347106933594,
          "reference_expected_action_loss_bb": 0.001974168376097967
        },
        {
          "action_values_bb": [
            -0.49999996965481747,
            -0.5732093307794828
          ],
          "candidate_probabilities": [
            0.11240223050117493,
            0.8875977993011475
          ],
          "class_index": 35,
          "conditional_hand_mass": 0.009049773810439787,
          "expected_action_loss_bb": 0.0649804678224959,
          "probability_on_actions_losing_over_0_1bb": -0.0,
          "reference_expected_action_loss_bb": 0.038648878488252256
        },
        {
          "action_values_bb": [
            -0.49999996965481747,
            -0.4047511452271883
          ],
          "candidate_probabilities": [
            0.03513525426387787,
            0.9648647308349609
          ],
          "class_index": 36,
          "conditional_hand_mass": 0.009049773810439787,
          "expected_action_loss_bb": 0.003346591664600212,
          "probability_on_actions_losing_over_0_1bb": -0.0,
          "reference_expected_action_loss_bb": 0.000016593872856995312
        },
        {
          "action_values_bb": [
            -0.49999996965481747,
            -0.11855036663049522
          ],
          "candidate_probabilities": [
            0.0012987012742087245,
            0.998701274394989
          ],
          "class_index": 37,
          "conditional_hand_mass": 0.009049773810439787,
          "expected_action_loss_bb": 0.0004953890854940994,
          "probability_on_actions_losing_over_0_1bb": 0.0012987012742087245,
          "reference_expected_action_loss_bb": 0.00006645463869999064
        },
        {
          "action_values_bb": [
            -0.49999996965481747,
            0.05108782927557553
          ],
          "candidate_probabilities": [
            0.0012987012742087245,
            0.998701274394989
          ],
          "class_index": 38,
          "conditional_hand_mass": 0.009049773810439787,
          "expected_action_loss_bb": 0.0007156984266717827,
          "probability_on_actions_losing_over_0_1bb": 0.0012987012742087245,
          "reference_expected_action_loss_bb": 0.0000960083331573351
        },
        {
          "action_values_bb": [
            -0.49999996965481747,
            -0.5491296394749555
          ],
          "candidate_probabilities": [
            0.9796935319900513,
            0.02030649594962597
          ],
          "class_index": 39,
          "conditional_hand_mass": 0.0030165911925363843,
          "expected_action_loss_bb": 0.0009976514412090947,
          "probability_on_actions_losing_over_0_1bb": -0.0,
          "reference_expected_action_loss_bb": 0.01889443416584099
        },
        {
          "action_values_bb": [
            -0.49999996965481747,
            -0.5292451089634814
          ],
          "candidate_probabilities": [
            0.0012987015070393682,
            0.9987013339996338
          ],
          "class_index": 40,
          "conditional_hand_mass": 0.0030165911925363843,
          "expected_action_loss_bb": 0.029207159640567824,
          "probability_on_actions_losing_over_0_1bb": -0.0,
          "reference_expected_action_loss_bb": 0.02128835352072398
        },
        {
          "action_values_bb": [
            -0.49999996965481747,
            -0.3602497529902143
          ],
          "candidate_probabilities": [
            0.0012987015070393682,
            0.9987013339996338
          ],
          "class_index": 41,
          "conditional_hand_mass": 0.0030165911925363843,
          "expected_action_loss_bb": 0.00018149381699139838,
          "probability_on_actions_losing_over_0_1bb": 0.0012987015070393682,
          "reference_expected_action_loss_bb": 0.000024346735218086726
        },
        {
          "action_values_bb": [
            -0.49999996965481747,
            0.3038497112352431
          ],
          "candidate_probabilities": [
            0.0012987012742087245,
            0.998701274394989
          ],
          "class_index": 42,
          "conditional_hand_mass": 0.0045248869052198935,
          "expected_action_loss_bb": 0.0010439606048441982,
          "probability_on_actions_losing_over_0_1bb": 0.0012987012742087245,
          "reference_expected_action_loss_bb": 0.0001400435068987228
        },
        {
          "action_values_bb": [
            -0.49999996965481747,
            -0.5519988978629708
          ],
          "candidate_probabilities": [
            0.4828214645385742,
            0.5171785354614258
          ],
          "class_index": 43,
          "conditional_hand_mass": 0.009049773810439787,
          "expected_action_loss_bb": 0.02689272953625659,
          "probability_on_actions_losing_over_0_1bb": -0.0,
          "reference_expected_action_loss_bb": 0.022989855283936537
        },
        {
          "action_values_bb": [
            -0.49999996965481747,
            -0.6292006836162718
          ],
          "candidate_probabilities": [
            0.9771113395690918,
            0.022888684645295143
          ],
          "class_index": 44,
          "conditional_hand_mass": 0.009049773810439787,
          "expected_action_loss_bb": 0.0029572343978107093,
          "probability_on_actions_losing_over_0_1bb": 0.022888684645295143,
          "reference_expected_action_loss_bb": 0.0016916143949755513
        },
        {
          "action_values_bb": [
            -0.49999996965481747,
            -0.6591586616075178
          ],
          "candidate_probabilities": [
            0.873236358165741,
            0.12676359713077545
          ],
          "class_index": 45,
          "conditional_hand_mass": 0.009049773810439787,
          "expected_action_loss_bb": 0.020175528306553298,
          "probability_on_actions_losing_over_0_1bb": 0.12676359713077545,
          "reference_expected_action_loss_bb": 0.0060069306027638325
        },
        {
          "action_values_bb": [
            -0.49999996965481747,
            -0.5860539610173647
          ],
          "candidate_probabilities": [
            0.7300430536270142,
            0.26995694637298584
          ],
          "class_index": 46,
          "conditional_hand_mass": 0.009049773810439787,
          "expected_action_loss_bb": 0.02323087273144056,
          "probability_on_actions_losing_over_0_1bb": -0.0,
          "reference_expected_action_loss_bb": 0.00793188939700602
        },
        {
          "action_values_bb": [
            -0.49999996965481747,
            -0.5881693843812131
          ],
          "candidate_probabilities": [
            0.05828232318162918,
            0.9417176842689514
          ],
          "class_index": 47,
          "conditional_hand_mass": 0.009049773810439787,
          "expected_action_loss_bb": 0.08303069705949011,
          "probability_on_actions_losing_over_0_1bb": -0.0,
          "reference_expected_action_loss_bb": 0.03321920058817794
        },
        {
          "action_values_bb": [
            -0.49999996965481747,
            -0.5243727043869424
          ],
          "candidate_probabilities": [
            0.0012987012742087245,
            0.998701274394989
          ],
          "class_index": 48,
          "conditional_hand_mass": 0.009049773810439787,
          "expected_action_loss_bb": 0.02434108123746417,
          "probability_on_actions_losing_over_0_1bb": -0.0,
          "reference_expected_action_loss_bb": 0.019714354031797453
        },
        {
          "action_values_bb": [
            -0.49999996965481747,
            -0.2677755706715025
          ],
          "candidate_probabilities": [
            0.0012987012742087245,
            0.998701274394989
          ],
          "class_index": 49,
          "conditional_hand_mass": 0.009049773810439787,
          "expected_action_loss_bb": 0.0003015901228619864,
          "probability_on_actions_losing_over_0_1bb": 0.0012987012742087245,
          "reference_expected_action_loss_bb": 0.00004045721481790259
        },
        {
          "action_values_bb": [
            -0.49999996965481747,
            -0.08824558872081704
          ],
          "candidate_probabilities": [
            0.0012987012742087245,
            0.998701274394989
          ],
          "class_index": 50,
          "conditional_hand_mass": 0.009049773810439787,
          "expected_action_loss_bb": 0.0005347459391800109,
          "probability_on_actions_losing_over_0_1bb": 0.0012987012742087245,
          "reference_expected_action_loss_bb": 0.00007173421705294729
        },
        {
          "action_values_bb": [
            -0.49999996965481747,
            0.12162459914013891
          ],
          "candidate_probabilities": [
            0.0012987012742087245,
            0.998701274394989
          ],
          "class_index": 51,
          "conditional_hand_mass": 0.009049773810439787,
          "expected_action_loss_bb": 0.0008073046195734588,
          "probability_on_actions_losing_over_0_1bb": 0.0012987012742087245,
          "reference_expected_action_loss_bb": 0.00010829696976686139
        },
        {
          "action_values_bb": [
            -0.49999996965481747,
            -0.7217540972065439
          ],
          "candidate_probabilities": [
            0.9795499444007874,
            0.02045002579689026
          ],
          "class_index": 52,
          "conditional_hand_mass": 0.0030165911925363843,
          "expected_action_loss_bb": 0.004534877628999699,
          "probability_on_actions_losing_over_0_1bb": 0.02045002579689026,
          "reference_expected_action_loss_bb": 0.00046469388198871846
        },
        {
          "action_values_bb": [
            -0.49999996965481747,
            -0.5679555479490298
          ],
          "candidate_probabilities": [
            0.0012987015070393682,
            0.9987013339996338
          ],
          "class_index": 53,
          "conditional_hand_mass": 0.0030165911925363843,
          "expected_action_loss_bb": 0.06786732669514642,
          "probability_on_actions_losing_over_0_1bb": -0.0,
          "reference_expected_action_loss_bb": 0.037033676960126126
        },
        {
          "action_values_bb": [
            -0.49999996965481747,
            -0.46453431069097195
          ],
          "candidate_probabilities": [
            0.0012987015070393682,
            0.9987013339996338
          ],
          "class_index": 54,
          "conditional_hand_mass": 0.0030165911925363843,
          "expected_action_loss_bb": 0.000046059304744490446,
          "probability_on_actions_losing_over_0_1bb": -0.0,
          "reference_expected_action_loss_bb": 6.17868815330729e-6
        },
        {
          "action_values_bb": [
            -0.49999996965481747,
            -0.37704268596134755
          ],
          "candidate_probabilities": [
            0.0012987015070393682,
            0.9987013339996338
          ],
          "class_index": 55,
          "conditional_hand_mass": 0.0030165911925363843,
          "expected_action_loss_bb": 0.0001596848096341765,
          "probability_on_actions_losing_over_0_1bb": 0.0012987015070393682,
          "reference_expected_action_loss_bb": 0.000021421136229109865
        },
        {
          "action_values_bb": [
            -0.49999996965481747,
            0.42140112204346886
          ],
          "candidate_probabilities": [
            0.0012987012742087245,
            0.998701274394989
          ],
          "class_index": 56,
          "conditional_hand_mass": 0.0045248869052198935,
          "expected_action_loss_bb": 0.0011966247718458742,
          "probability_on_actions_losing_over_0_1bb": 0.0012987012742087245,
          "reference_expected_action_loss_bb": 0.00016052284800171173
        },
        {
          "action_values_bb": [
            -0.49999996965481747,
            -0.48220868017876956
          ],
          "candidate_probabilities": [
            0.0012987012742087245,
            0.998701274394989
          ],
          "class_index": 57,
          "conditional_hand_mass": 0.009049773810439787,
          "expected_action_loss_bb": 0.000023105570312359692,
          "probability_on_actions_losing_over_0_1bb": -0.0,
          "reference_expected_action_loss_bb": 6.711349046315944e-6
        },
        {
          "action_values_bb": [
            -0.49999996965481747,
            -0.577729002954407
          ],
          "candidate_probabilities": [
            0.021427275612950325,
            0.9785727262496948
          ],
          "class_index": 58,
          "conditional_hand_mass": 0.009049773810439787,
          "expected_action_loss_bb": 0.07606351202473263,
          "probability_on_actions_losing_over_0_1bb": -0.0,
          "reference_expected_action_loss_bb": 0.04860972259190631
        },
        {
          "action_values_bb": [
            -0.49999996965481747,
            -0.5205906629087192
          ],
          "candidate_probabilities": [
            0.3062063753604889,
            0.6937936544418335
          ],
          "class_index": 59,
          "conditional_hand_mass": 0.009049773810439787,
          "expected_action_loss_bb": 0.014285692320115326,
          "probability_on_actions_losing_over_0_1bb": -0.0,
          "reference_expected_action_loss_bb": 0.014461276131539667
        },
        {
          "action_values_bb": [
            -0.49999996965481747,
            -0.5588263211685566
          ],
          "candidate_probabilities": [
            0.0012987012742087245,
            0.998701274394989
          ],
          "class_index": 60,
          "conditional_hand_mass": 0.009049773810439787,
          "expected_action_loss_bb": 0.058749952224778836,
          "probability_on_actions_losing_over_0_1bb": -0.0,
          "reference_expected_action_loss_bb": 0.03515256846516768
        },
        {
          "action_values_bb": [
            -0.49999996965481747,
            -0.5253922418292561
          ],
          "candidate_probabilities": [
            0.0012987012742087245,
            0.998701274394989
          ],
          "class_index": 61,
          "conditional_hand_mass": 0.009049773810439787,
          "expected_action_loss_bb": 0.02535929458039633,
          "probability_on_actions_losing_over_0_1bb": -0.0,
          "reference_expected_action_loss_bb": 0.020814057677170972
        },
        {
          "action_values_bb": [
            -0.49999996965481747,
            -0.2589896085956978
          ],
          "candidate_probabilities": [
            0.0012987012742087245,
            0.998701274394989
          ],
          "class_index": 62,
          "conditional_hand_mass": 0.009049773810439787,
          "expected_action_loss_bb": 0.00031300046300498344,
          "probability_on_actions_losing_over_0_1bb": 0.0012987012742087245,
          "reference_expected_action_loss_bb": 0.00004198787032455464
        },
        {
          "action_values_bb": [
            -0.49999996965481747,
            -0.04614799391032877
          ],
          "candidate_probabilities": [
            0.0012987012742087245,
            0.998701274394989
          ],
          "class_index": 63,
          "conditional_hand_mass": 0.009049773810439787,
          "expected_action_loss_bb": 0.0005894181392015147,
          "probability_on_actions_losing_over_0_1bb": 0.0012987012742087245,
          "reference_expected_action_loss_bb": 0.00007906829324830571
        },
        {
          "action_values_bb": [
            -0.49999996965481747,
            0.1277424913880372
          ],
          "candidate_probabilities": [
            0.0012987012742087245,
            0.998701274394989
          ],
          "class_index": 64,
          "conditional_hand_mass": 0.009049773810439787,
          "expected_action_loss_bb": 0.000815249934031276,
          "probability_on_actions_losing_over_0_1bb": 0.0012987012742087245,
          "reference_expected_action_loss_bb": 0.0001093628047178382
        },
        {
          "action_values_bb": [
            -0.49999996965481747,
            -0.7246356757386624
          ],
          "candidate_probabilities": [
            0.9838929176330566,
            0.01610705442726612
          ],
          "class_index": 65,
          "conditional_hand_mass": 0.0030165911925363843,
          "expected_action_loss_bb": 0.0036182195441998456,
          "probability_on_actions_losing_over_0_1bb": 0.01610705442726612,
          "reference_expected_action_loss_bb": 0.0005678271643595975
        },
        {
          "action_values_bb": [
            -0.49999996965481747,
            -0.5963275046306749
          ],
          "candidate_probabilities": [
            0.052356116473674774,
            0.9476438760757446
          ],
          "class_index": 66,
          "conditional_hand_mass": 0.0030165911925363843,
          "expected_action_loss_bb": 0.09128419861734335,
          "probability_on_actions_losing_over_0_1bb": -0.0,
          "reference_expected_action_loss_bb": 0.037930346021498584
        },
        {
          "action_values_bb": [
            -0.49999996965481747,
            -0.5781986249990897
          ],
          "candidate_probabilities": [
            0.021138383075594902,
            0.9788616299629211
          ],
          "class_index": 67,
          "conditional_hand_mass": 0.0030165911925363843,
          "expected_action_loss_bb": 0.076545663231203,
          "probability_on_actions_losing_over_0_1bb": -0.0,
          "reference_expected_action_loss_bb": 0.031628944614275865
        },
        {
          "action_values_bb": [
            -0.49999996965481747,
            -0.4718342084883972
          ],
          "candidate_probabilities": [
            0.4761783182621002,
            0.5238216519355774
          ],
          "class_index": 68,
          "conditional_hand_mass": 0.0030165911925363843,
          "expected_action_loss_bb": 0.013411924784797979,
          "probability_on_actions_losing_over_0_1bb": -0.0,
          "reference_expected_action_loss_bb": 0.000182879076326938
        },
        {
          "action_values_bb": [
            -0.49999996965481747,
            -0.30830286677008306
          ],
          "candidate_probabilities": [
            0.0012987015070393682,
            0.9987013339996338
          ],
          "class_index": 69,
          "conditional_hand_mass": 0.0030165911925363843,
          "expected_action_loss_bb": 0.0002489573164114854,
          "probability_on_actions_losing_over_0_1bb": 0.0012987015070393682,
          "reference_expected_action_loss_bb": 0.00003339671821196607
        },
        {
          "action_values_bb": [
            -0.49999996965481747,
            0.44384326591847584
          ],
          "candidate_probabilities": [
            0.0012987012742087245,
            0.998701274394989
          ],
          "class_index": 70,
          "conditional_hand_mass": 0.0045248869052198935,
          "expected_action_loss_bb": 0.0012257704126923214,
          "probability_on_actions_losing_over_0_1bb": 0.0012987012742087245,
          "reference_expected_action_loss_bb": 0.0001644326294015149
        },
        {
          "action_values_bb": [
            -0.49999996965481747,
            -0.5300794194116919
          ],
          "candidate_probabilities": [
            0.06804530322551727,
            0.9319546818733215
          ],
          "class_index": 71,
          "conditional_hand_mass": 0.009049773810439787,
          "expected_action_loss_bb": 0.02803268402909247,
          "probability_on_actions_losing_over_0_1bb": -0.0,
          "reference_expected_action_loss_bb": 0.023814667889361096
        },
        {
          "action_values_bb": [
            -0.49999996965481747,
            -0.5341405758787358
          ],
          "candidate_probabilities": [
            0.32189956307411194,
            0.6781004667282104
          ],
          "class_index": 72,
          "conditional_hand_mass": 0.009049773810439787,
          "expected_action_loss_bb": 0.02315076101482304,
          "probability_on_actions_losing_over_0_1bb": -0.0,
          "reference_expected_action_loss_bb": 0.023890685077854648
        },
        {
          "action_values_bb": [
            -0.49999996965481747,
            -0.5181550978692827
          ],
          "candidate_probabilities": [
            0.6752756237983704,
            0.32472431659698486
          ],
          "class_index": 73,
          "conditional_hand_mass": 0.009049773810439787,
          "expected_action_loss_bb": 0.005895411602172864,
          "probability_on_actions_losing_over_0_1bb": -0.0,
          "reference_expected_action_loss_bb": 0.015293473388440126
        },
        {
          "action_values_bb": [
            -0.49999996965481747,
            -0.4743101629657682
          ],
          "candidate_probabilities": [
            0.0012987012742087245,
            0.998701274394989
          ],
          "class_index": 74,
          "conditional_hand_mass": 0.009049773810439787,
          "expected_action_loss_bb": 0.000033363384681244065,
          "probability_on_actions_losing_over_0_1bb": -0.0,
          "reference_expected_action_loss_bb": 0.0001606950616523146
        },
        {
          "action_values_bb": [
            -0.49999996965481747,
            -0.29047592170457387
          ],
          "candidate_probabilities": [
            0.0012987012742087245,
            0.998701274394989
          ],
          "class_index": 75,
          "conditional_hand_mass": 0.009049773810439787,
          "expected_action_loss_bb": 0.00027210914805035125,
          "probability_on_actions_losing_over_0_1bb": 0.0012987012742087245,
          "reference_expected_action_loss_bb": 0.0000365024495899269
        },
        {
          "action_values_bb": [
            -0.49999996965481747,
            -0.02211594643893214
          ],
          "candidate_probabilities": [
            0.0012987012742087245,
            0.998701274394989
          ],
          "class_index": 76,
          "conditional_hand_mass": 0.009049773810439787,
          "expected_action_loss_bb": 0.0006206285898744619,
          "probability_on_actions_losing_over_0_1bb": 0.0012987012742087245,
          "reference_expected_action_loss_bb": 0.00008325506135415914
        },
        {
          "action_values_bb": [
            -0.49999996965481747,
            0.0806419280600689
          ],
          "candidate_probabilities": [
            0.0012987012742087245,
            0.998701274394989
          ],
          "class_index": 77,
          "conditional_hand_mass": 0.009049773810439787,
          "expected_action_loss_bb": 0.0007540803724212948,
          "probability_on_actions_losing_over_0_1bb": 0.0012987012742087245,
          "reference_expected_action_loss_bb": 0.0001011571311669692
        },
        {
          "action_values_bb": [
            -0.49999996965481747,
            -0.6456631272045775
          ],
          "candidate_probabilities": [
            0.6529882550239563,
            0.3470117449760437
          ],
          "class_index": 78,
          "conditional_hand_mass": 0.0030165911925363843,
          "expected_action_loss_bb": 0.05054682648006261,
          "probability_on_actions_losing_over_0_1bb": 0.3470117449760437,
          "reference_expected_action_loss_bb": 0.012969059094658373
        },
        {
          "action_values_bb": [
            -0.49999996965481747,
            -0.6520827112570917
          ],
          "candidate_probabilities": [
            0.3553621768951416,
            0.6446377635002136
          ],
          "class_index": 79,
          "conditional_hand_mass": 0.0030165911925363843,
          "expected_action_loss_bb": 0.09803827841347097,
          "probability_on_actions_losing_over_0_1bb": 0.6446377635002136,
          "reference_expected_action_loss_bb": 0.030139087686211593
        },
        {
          "action_values_bb": [
            -0.49999996965481747,
            -0.5343247711366335
          ],
          "candidate_probabilities": [
            0.1150728091597557,
            0.8849271535873413
          ],
          "class_index": 80,
          "conditional_hand_mass": 0.0030165911925363843,
          "expected_action_loss_bb": 0.030374948872753983,
          "probability_on_actions_losing_over_0_1bb": -0.0,
          "reference_expected_action_loss_bb": 0.025598091359863906
        },
        {
          "action_values_bb": [
            -0.49999996965481747,
            -0.42955217186540334
          ],
          "candidate_probabilities": [
            0.0012987015070393682,
            0.9987013339996338
          ],
          "class_index": 81,
          "conditional_hand_mass": 0.0030165911925363843,
          "expected_action_loss_bb": 0.0000914906611567168,
          "probability_on_actions_losing_over_0_1bb": -0.0,
          "reference_expected_action_loss_bb": 0.000012273139322513916
        },
        {
          "action_values_bb": [
            -0.49999996965481747,
            -0.4325734292726624
          ],
          "candidate_probabilities": [
            0.0012987015070393682,
            0.9987013339996338
          ],
          "class_index": 82,
          "conditional_hand_mass": 0.0030165911925363843,
          "expected_action_loss_bb": 0.0000875669496087556,
          "probability_on_actions_losing_over_0_1bb": -0.0,
          "reference_expected_action_loss_bb": 0.00005971020803165906
        },
        {
          "action_values_bb": [
            -0.49999996965481747,
            -0.34137183287330036
          ],
          "candidate_probabilities": [
            0.0012987015070393682,
            0.9987013339996338
          ],
          "class_index": 83,
          "conditional_hand_mass": 0.0030165911925363843,
          "expected_action_loss_bb": 0.00020601060029700328,
          "probability_on_actions_losing_over_0_1bb": 0.0012987015070393682,
          "reference_expected_action_loss_bb": 0.000027635572498802802
        },
        {
          "action_values_bb": [
            -0.49999996965481747,
            0.7036555020671138
          ],
          "candidate_probabilities": [
            0.0012987012742087245,
            0.998701274394989
          ],
          "class_index": 84,
          "conditional_hand_mass": 0.0045248869052198935,
          "expected_action_loss_bb": 0.0015631888948335754,
          "probability_on_actions_losing_over_0_1bb": 0.0012987012742087245,
          "reference_expected_action_loss_bb": 0.00020969608791924067
        },
        {
          "action_values_bb": [
            -0.49999996965481747,
            -0.4668535323006261
          ],
          "candidate_probabilities": [
            0.0012987012742087245,
            0.998701274394989
          ],
          "class_index": 85,
          "conditional_hand_mass": 0.009049773810439787,
          "expected_action_loss_bb": 0.000043047320427368,
          "probability_on_actions_losing_over_0_1bb": -0.0,
          "reference_expected_action_loss_bb": 0.00035932718798713725
        },
        {
          "action_values_bb": [
            -0.49999996965481747,
            -0.40544416850558473
          ],
          "candidate_probabilities": [
            0.0012987012742087245,
            0.998701274394989
          ],
          "class_index": 86,
          "conditional_hand_mass": 0.009049773810439787,
          "expected_action_loss_bb": 0.00012279973943633534,
          "probability_on_actions_losing_over_0_1bb": -0.0,
          "reference_expected_action_loss_bb": 0.000016473137086892595
        },
        {
          "action_values_bb": [
            -0.49999996965481747,
            -0.2693373158350873
          ],
          "candidate_probabilities": [
            0.0012987012742087245,
            0.998701274394989
          ],
          "class_index": 87,
          "conditional_hand_mass": 0.009049773810439787,
          "expected_action_loss_bb": 0.00029956188242804947,
          "probability_on_actions_losing_over_0_1bb": 0.0012987012742087245,
          "reference_expected_action_loss_bb": 0.000040185133762464005
        },
        {
          "action_values_bb": [
            -0.49999996965481747,
            -0.09367779363819317
          ],
          "candidate_probabilities": [
            0.0012987012742087245,
            0.998701274394989
          ],
          "class_index": 88,
          "conditional_hand_mass": 0.009049773810439787,
          "expected_action_loss_bb": 0.0005276911277320516,
          "probability_on_actions_losing_over_0_1bb": 0.0012987012742087245,
          "reference_expected_action_loss_bb": 0.0000707878398322964
        },
        {
          "action_values_bb": [
            -0.49999996965481747,
            0.19510036062214908
          ],
          "candidate_probabilities": [
            0.0012987012742087245,
            0.998701274394989
          ],
          "class_index": 89,
          "conditional_hand_mass": 0.009049773810439787,
          "expected_action_loss_bb": 0.0009027276846336016,
          "probability_on_actions_losing_over_0_1bb": 0.0012987012742087245,
          "reference_expected_action_loss_bb": 0.00012109762585296125
        },
        {
          "action_values_bb": [
            -0.49999996965481747,
            0.26858684912618014
          ],
          "candidate_probabilities": [
            0.0012987012742087245,
            0.998701274394989
          ],
          "class_index": 90,
          "conditional_hand_mass": 0.009049773810439787,
          "expected_action_loss_bb": 0.0009981646808909117,
          "probability_on_actions_losing_over_0_1bb": 0.0012987012742087245,
          "reference_expected_action_loss_bb": 0.0001339001507583418
        },
        {
          "action_values_bb": [
            -0.49999996965481747,
            -0.5942978974429936
          ],
          "candidate_probabilities": [
            0.8713349103927612,
            0.12866508960723877
          ],
          "class_index": 91,
          "conditional_hand_mass": 0.0030165911925363843,
          "expected_action_loss_bb": 0.012132851328642606,
          "probability_on_actions_losing_over_0_1bb": -0.0,
          "reference_expected_action_loss_bb": 0.012146333729672783
        },
        {
          "action_values_bb": [
            -0.49999996965481747,
            -0.46085140692404236
          ],
          "candidate_probabilities": [
            0.0012987015070393682,
            0.9987013339996338
          ],
          "class_index": 92,
          "conditional_hand_mass": 0.0030165911925363843,
          "expected_action_loss_bb": 0.00005084229741688287,
          "probability_on_actions_losing_over_0_1bb": -0.0,
          "reference_expected_action_loss_bb": 0.00016453922570754974
        },
        {
          "action_values_bb": [
            -0.49999996965481747,
            -0.5183272764349023
          ],
          "candidate_probabilities": [
            0.3189432919025421,
            0.6810566782951355
          ],
          "class_index": 93,
          "conditional_hand_mass": 0.0030165911925363843,
          "expected_action_loss_bb": 0.012481934677740482,
          "probability_on_actions_losing_over_0_1bb": -0.0,
          "reference_expected_action_loss_bb": 0.013254246421700798
        },
        {
          "action_values_bb": [
            -0.49999996965481747,
            -0.3957724608971978
          ],
          "candidate_probabilities": [
            0.0012987015070393682,
            0.9987013339996338
          ],
          "class_index": 94,
          "conditional_hand_mass": 0.0030165911925363843,
          "expected_action_loss_bb": 0.0001353604226984796,
          "probability_on_actions_losing_over_0_1bb": 0.0012987015070393682,
          "reference_expected_action_loss_bb": 0.00001815810822141874
        },
        {
          "action_values_bb": [
            -0.49999996965481747,
            -0.3615381790948396
          ],
          "candidate_probabilities": [
            0.0012987015070393682,
            0.9987013339996338
          ],
          "class_index": 95,
          "conditional_hand_mass": 0.0030165911925363843,
          "expected_action_loss_bb": 0.00017982053606761263,
          "probability_on_actions_losing_over_0_1bb": 0.0012987015070393682,
          "reference_expected_action_loss_bb": 0.000024122270670080564
        },
        {
          "action_values_bb": [
            -0.49999996965481747,
            -0.3557921063683614
          ],
          "candidate_probabilities": [
            0.012337601743638515,
            0.9876623749732971
          ],
          "class_index": 96,
          "conditional_hand_mass": 0.0030165911925363843,
          "expected_action_loss_bb": 0.0017791791855293652,
          "probability_on_actions_losing_over_0_1bb": 0.012337601743638515,
          "reference_expected_action_loss_bb": 0.000025123328947873335
        },
        {
          "action_values_bb": [
            -0.49999996965481747,
            -0.21775768218640681
          ],
          "candidate_probabilities": [
            0.0012987015070393682,
            0.9987013339996338
          ],
          "class_index": 97,
          "conditional_hand_mass": 0.0030165911925363843,
          "expected_action_loss_bb": 0.00036654848408546346,
          "probability_on_actions_losing_over_0_1bb": 0.0012987015070393682,
          "reference_expected_action_loss_bb": 0.00004917114552195905
        },
        {
          "action_values_bb": [
            -0.49999996965481747,
            0.9873938828967268
          ],
          "candidate_probabilities": [
            0.0012987012742087245,
            0.998701274394989
          ],
          "class_index": 98,
          "conditional_hand_mass": 0.0045248869052198935,
          "expected_action_loss_bb": 0.0019316802915589142,
          "probability_on_actions_losing_over_0_1bb": 0.0012987012742087245,
          "reference_expected_action_loss_bb": 0.0002591278645782139
        },
        {
          "action_values_bb": [
            -0.49999996965481747,
            -0.16606087061542457
          ],
          "candidate_probabilities": [
            0.0012987012742087245,
            0.998701274394989
          ],
          "class_index": 99,
          "conditional_hand_mass": 0.009049773810439787,
          "expected_action_loss_bb": 0.000433687133430573,
          "probability_on_actions_losing_over_0_1bb": 0.0012987012742087245,
          "reference_expected_action_loss_bb": 0.00005817754691187406
        },
        {
          "action_values_bb": [
            -0.49999996965481747,
            -0.1093582115277707
          ],
          "candidate_probabilities": [
            0.0012987012742087245,
            0.998701274394989
          ],
          "class_index": 100,
          "conditional_hand_mass": 0.009049773810439787,
          "expected_action_loss_bb": 0.000507326949038732,
          "probability_on_actions_losing_over_0_1bb": 0.0012987012742087245,
          "reference_expected_action_loss_bb": 0.00006805605954663099
        },
        {
          "action_values_bb": [
            -0.49999996965481747,
            0.047264476624499
          ],
          "candidate_probabilities": [
            0.0012987012742087245,
            0.998701274394989
          ],
          "class_index": 101,
          "conditional_hand_mass": 0.009049773810439787,
          "expected_action_loss_bb": 0.0007107330337120804,
          "probability_on_actions_losing_over_0_1bb": 0.0012987012742087245,
          "reference_expected_action_loss_bb": 0.00009534224380493973
        },
        {
          "action_values_bb": [
            -0.49999996965481747,
            0.22534243021214925
          ],
          "candidate_probabilities": [
            0.0012987012742087245,
            0.998701274394989
          ],
          "class_index": 102,
          "conditional_hand_mass": 0.009049773810439787,
          "expected_action_loss_bb": 0.0009420030989448438,
          "probability_on_actions_losing_over_0_1bb": 0.0012987012742087245,
          "reference_expected_action_loss_bb": 0.00012636627941088694
        },
        {
          "action_values_bb": [
            -0.49999996965481747,
            0.30276836065613566
          ],
          "candidate_probabilities": [
            0.0012987012742087245,
            0.998701274394989
          ],
          "class_index": 103,
          "conditional_hand_mass": 0.009049773810439787,
          "expected_action_loss_bb": 0.0010425562534692452,
          "probability_on_actions_losing_over_0_1bb": 0.0012987012742087245,
          "reference_expected_action_loss_bb": 0.0001398551182846756
        },
        {
          "action_values_bb": [
            -0.49999996965481747,
            -0.5348538697390557
          ],
          "candidate_probabilities": [
            0.9233198165893555,
            0.07668016105890274
          ],
          "class_index": 104,
          "conditional_hand_mass": 0.0030165911925363843,
          "expected_action_loss_bb": 0.0026726026719902907,
          "probability_on_actions_losing_over_0_1bb": -0.0,
          "reference_expected_action_loss_bb": 0.025596445723390843
        },
        {
          "action_values_bb": [
            -0.49999996965481747,
            -0.4940752851840253
          ],
          "candidate_probabilities": [
            0.0012987015070393682,
            0.9987013339996338
          ],
          "class_index": 105,
          "conditional_hand_mass": 0.0030165911925363843,
          "expected_action_loss_bb": 7.694396650950495e-6,
          "probability_on_actions_losing_over_0_1bb": -0.0,
          "reference_expected_action_loss_bb": 0.00043200421099495024
        },
        {
          "action_values_bb": [
            -0.49999996965481747,
            -0.4526586021309601
          ],
          "candidate_probabilities": [
            0.0012987015070393682,
            0.9987013339996338
          ],
          "class_index": 106,
          "conditional_hand_mass": 0.0030165911925363843,
          "expected_action_loss_bb": 0.00006148230534853817,
          "probability_on_actions_losing_over_0_1bb": -0.0,
          "reference_expected_action_loss_bb": 8.24762757063707e-6
        },
        {
          "action_values_bb": [
            -0.49999996965481747,
            -0.40144479483015194
          ],
          "candidate_probabilities": [
            0.0012987015070393682,
            0.9987013339996338
          ],
          "class_index": 107,
          "conditional_hand_mass": 0.0030165911925363843,
          "expected_action_loss_bb": 0.00012799375407132152,
          "probability_on_actions_losing_over_0_1bb": -0.0,
          "reference_expected_action_loss_bb": 0.000017169896427331536
        },
        {
          "action_values_bb": [
            -0.49999996965481747,
            -0.33467713939605803
          ],
          "candidate_probabilities": [
            0.0012987015070393682,
            0.9987013339996338
          ],
          "class_index": 108,
          "conditional_hand_mass": 0.0030165911925363843,
          "expected_action_loss_bb": 0.00021470500880506455,
          "probability_on_actions_losing_over_0_1bb": 0.0012987015070393682,
          "reference_expected_action_loss_bb": 0.000028801895767179925
        },
        {
          "action_values_bb": [
            -0.49999996965481747,
            -0.264973739279047
          ],
          "candidate_probabilities": [
            0.0012987015070393682,
            0.9987013339996338
          ],
          "class_index": 109,
          "conditional_hand_mass": 0.0030165911925363843,
          "expected_action_loss_bb": 0.00030522891958279484,
          "probability_on_actions_losing_over_0_1bb": 0.0012987015070393682,
          "reference_expected_action_loss_bb": 0.000040945349043693256
        },
        {
          "action_values_bb": [
            -0.49999996965481747,
            -0.17044452050970196
          ],
          "candidate_probabilities": [
            0.0012987015070393682,
            0.9987013339996338
          ],
          "class_index": 110,
          "conditional_hand_mass": 0.0030165911925363843,
          "expected_action_loss_bb": 0.0004279941584577973,
          "probability_on_actions_losing_over_0_1bb": 0.0012987015070393682,
          "reference_expected_action_loss_bb": 0.00005741385918041327
        },
        {
          "action_values_bb": [
            -0.49999996965481747,
            0.035381906260089774
          ],
          "candidate_probabilities": [
            0.0012987015070393682,
            0.9987013339996338
          ],
          "class_index": 111,
          "conditional_hand_mass": 0.0030165911925363843,
          "expected_action_loss_bb": 0.000695301249092254,
          "probability_on_actions_losing_over_0_1bb": 0.0012987015070393682,
          "reference_expected_action_loss_bb": 0.0000932721328421693
        },
        {
          "action_values_bb": [
            -0.49999996965481747,
            1.1999153976311336
          ],
          "candidate_probabilities": [
            0.0012987012742087245,
            0.998701274394989
          ],
          "class_index": 112,
          "conditional_hand_mass": 0.0045248869052198935,
          "expected_action_loss_bb": 0.0022076822535412564,
          "probability_on_actions_losing_over_0_1bb": 0.0012987012742087245,
          "reference_expected_action_loss_bb": 0.00029615252095660635
        },
        {
          "action_values_bb": [
            -0.49999996965481747,
            0.06163455539452379
          ],
          "candidate_probabilities": [
            0.0012987012742087245,
            0.998701274394989
          ],
          "class_index": 113,
          "conditional_hand_mass": 0.009049773810439787,
          "expected_action_loss_bb": 0.0007293954733211914,
          "probability_on_actions_losing_over_0_1bb": 0.0012987012742087245,
          "reference_expected_action_loss_bb": 0.00009784574200019547
        },
        {
          "action_values_bb": [
            -0.49999996965481747,
            0.18443454483440028
          ],
          "candidate_probabilities": [
            0.0012987012742087245,
            0.998701274394989
          ],
          "class_index": 114,
          "conditional_hand_mass": 0.009049773810439787,
          "expected_action_loss_bb": 0.0008888759760795769,
          "probability_on_actions_losing_over_0_1bb": 0.0012987012742087245,
          "reference_expected_action_loss_bb": 0.0001192394696797844
        },
        {
          "action_values_bb": [
            -0.49999996965481747,
            0.3650048127459477
          ],
          "candidate_probabilities": [
            0.0012987012742087245,
            0.998701274394989
          ],
          "class_index": 115,
          "conditional_hand_mass": 0.009049773810439787,
          "expected_action_loss_bb": 0.0011233828131005142,
          "probability_on_actions_losing_over_0_1bb": 0.0012987012742087245,
          "reference_expected_action_loss_bb": 0.0001506977064137659
        },
        {
          "action_values_bb": [
            -0.49999996965481747,
            0.4414551000541358
          ],
          "candidate_probabilities": [
            0.0012987012742087245,
            0.998701274394989
          ],
          "class_index": 116,
          "conditional_hand_mass": 0.009049773810439787,
          "expected_action_loss_bb": 0.001222668898641281,
          "probability_on_actions_losing_over_0_1bb": 0.0012987012742087245,
          "reference_expected_action_loss_bb": 0.00016401657260551333
        },
        {
          "action_values_bb": [
            -0.49999996965481747,
            -0.40226851480966286
          ],
          "candidate_probabilities": [
            0.0012987015070393682,
            0.9987013339996338
          ],
          "class_index": 117,
          "conditional_hand_mass": 0.0030165911925363843,
          "expected_action_loss_bb": 0.00012692398769255226,
          "probability_on_actions_losing_over_0_1bb": -0.0,
          "reference_expected_action_loss_bb": 0.000017026391159764534
        },
        {
          "action_values_bb": [
            -0.49999996965481747,
            -0.48484343099626875
          ],
          "candidate_probabilities": [
            0.0012987015070393682,
            0.9987013339996338
          ],
          "class_index": 118,
          "conditional_hand_mass": 0.0030165911925363843,
          "expected_action_loss_bb": 0.000019683819597357658,
          "probability_on_actions_losing_over_0_1bb": -0.0,
          "reference_expected_action_loss_bb": 0.0006995908940077311
        },
        {
          "action_values_bb": [
            -0.49999996965481747,
            -0.35581759632167836
          ],
          "candidate_probabilities": [
            0.0012987015070393682,
            0.9987013339996338
          ],
          "class_index": 119,
          "conditional_hand_mass": 0.0030165911925363843,
          "expected_action_loss_bb": 0.00018724986553626057,
          "probability_on_actions_losing_over_0_1bb": 0.0012987015070393682,
          "reference_expected_action_loss_bb": 0.000025118888188073876
        },
        {
          "action_values_bb": [
            -0.49999996965481747,
            -0.25925349030289346
          ],
          "candidate_probabilities": [
            0.0012987015070393682,
            0.9987013339996338
          ],
          "class_index": 120,
          "conditional_hand_mass": 0.0030165911925363843,
          "expected_action_loss_bb": 0.0003126578155487658,
          "probability_on_actions_losing_over_0_1bb": 0.0012987015070393682,
          "reference_expected_action_loss_bb": 0.00004194190840887967
        },
        {
          "action_values_bb": [
            -0.49999996965481747,
            -0.23985651583897147
          ],
          "candidate_probabilities": [
            0.0012987015070393682,
            0.9987013339996338
          ],
          "class_index": 121,
          "conditional_hand_mass": 0.0030165911925363843,
          "expected_action_loss_bb": 0.0003378486955170655,
          "probability_on_actions_losing_over_0_1bb": 0.0012987015070393682,
          "reference_expected_action_loss_bb": 0.00004532117330432162
        },
        {
          "action_values_bb": [
            -0.49999996965481747,
            -0.1961655675641558
          ],
          "candidate_probabilities": [
            0.0012987015070393682,
            0.9987013339996338
          ],
          "class_index": 122,
          "conditional_hand_mass": 0.0030165911925363843,
          "expected_action_loss_bb": 0.0003945901958855477,
          "probability_on_actions_losing_over_0_1bb": 0.0012987015070393682,
          "reference_expected_action_loss_bb": 0.000052932839135416454
        },
        {
          "action_values_bb": [
            -0.49999996965481747,
            -0.011827946191012
          ],
          "candidate_probabilities": [
            0.0012987015070393682,
            0.9987013339996338
          ],
          "class_index": 123,
          "conditional_hand_mass": 0.0030165911925363843,
          "expected_action_loss_bb": 0.0006339897425669019,
          "probability_on_actions_losing_over_0_1bb": 0.0012987015070393682,
          "reference_expected_action_loss_bb": 0.00008504741731224306
        },
        {
          "action_values_bb": [
            -0.49999996965481747,
            0.09279886059908674
          ],
          "candidate_probabilities": [
            0.0012987015070393682,
            0.9987013339996338
          ],
          "class_index": 124,
          "conditional_hand_mass": 0.0030165911925363843,
          "expected_action_loss_bb": 0.00076986873422192,
          "probability_on_actions_losing_over_0_1bb": 0.0012987015070393682,
          "reference_expected_action_loss_bb": 0.00010327508967246527
        },
        {
          "action_values_bb": [
            -0.49999996965481747,
            0.2889220055980793
          ],
          "candidate_probabilities": [
            0.0012987015070393682,
            0.9987013339996338
          ],
          "class_index": 125,
          "conditional_hand_mass": 0.0030165911925363843,
          "expected_action_loss_bb": 0.001024574158197412,
          "probability_on_actions_losing_over_0_1bb": 0.0012987015070393682,
          "reference_expected_action_loss_bb": 0.0001374428956007285
        },
        {
          "action_values_bb": [
            -0.49999996965481747,
            1.4640805288315648
          ],
          "candidate_probabilities": [
            0.0012987012742087245,
            0.998701274394989
          ],
          "class_index": 126,
          "conditional_hand_mass": 0.0045248869052198935,
          "expected_action_loss_bb": 0.0025507538460327714,
          "probability_on_actions_losing_over_0_1bb": 0.0012987012742087245,
          "reference_expected_action_loss_bb": 0.00034217432360596163
        },
        {
          "action_values_bb": [
            -0.49999996965481747,
            0.27424765188977657
          ],
          "candidate_probabilities": [
            0.0012987012742087245,
            0.998701274394989
          ],
          "class_index": 127,
          "conditional_hand_mass": 0.009049773810439787,
          "expected_action_loss_bb": 0.0010055163726530386,
          "probability_on_actions_losing_over_0_1bb": 0.0012987012742087245,
          "reference_expected_action_loss_bb": 0.00013488635339015503
        },
        {
          "action_values_bb": [
            -0.49999996965481747,
            0.46493344087666016
          ],
          "candidate_probabilities": [
            0.0012987012742087245,
            0.998701274394989
          ],
          "class_index": 128,
          "conditional_hand_mass": 0.009049773810439787,
          "expected_action_loss_bb": 0.0012531602497838003,
          "probability_on_actions_losing_over_0_1bb": 0.0012987012742087245,
          "reference_expected_action_loss_bb": 0.00016810687613254732
        },
        {
          "action_values_bb": [
            -0.49999996965481747,
            0.46989572788382405
          ],
          "candidate_probabilities": [
            0.0012987012742087245,
            0.998701274394989
          ],
          "class_index": 129,
          "conditional_hand_mass": 0.009049773810439787,
          "expected_action_loss_bb": 0.0012596047782429934,
          "probability_on_actions_losing_over_0_1bb": 0.0012987012742087245,
          "reference_expected_action_loss_bb": 0.00016897138611649324
        },
        {
          "action_values_bb": [
            -0.49999996965481747,
            -0.23083106958271732
          ],
          "candidate_probabilities": [
            0.0012987015070393682,
            0.9987013339996338
          ],
          "class_index": 130,
          "conditional_hand_mass": 0.0030165911925363843,
          "expected_action_loss_bb": 0.00034957005617176554,
          "probability_on_actions_losing_over_0_1bb": 0.0012987015070393682,
          "reference_expected_action_loss_bb": 0.00004689355119017107
        },
        {
          "action_values_bb": [
            -0.49999996965481747,
            -0.1668833767876347
          ],
          "candidate_probabilities": [
            0.0012987015070393682,
            0.9987013339996338
          ],
          "class_index": 131,
          "conditional_hand_mass": 0.0030165911925363843,
          "expected_action_loss_bb": 0.0004326190211764299,
          "probability_on_actions_losing_over_0_1bb": 0.0012987015070393682,
          "reference_expected_action_loss_bb": 0.00005803426768741979
        },
        {
          "action_values_bb": [
            -0.49999996965481747,
            -0.2428801705156496
          ],
          "candidate_probabilities": [
            0.0012987015070393682,
            0.9987013339996338
          ],
          "class_index": 132,
          "conditional_hand_mass": 0.0030165911925363843,
          "expected_action_loss_bb": 0.0003339218706316969,
          "probability_on_actions_losing_over_0_1bb": 0.0012987015070393682,
          "reference_expected_action_loss_bb": 0.00004479440403296735
        },
        {
          "action_values_bb": [
            -0.49999996965481747,
            -0.05980116395016593
          ],
          "candidate_probabilities": [
            0.0012987015070393682,
            0.9987013339996338
          ],
          "class_index": 133,
          "conditional_hand_mass": 0.0030165911925363843,
          "expected_action_loss_bb": 0.0005716868523655609,
          "probability_on_actions_losing_over_0_1bb": 0.0012987015070393682,
          "reference_expected_action_loss_bb": 0.00007668971126914701
        },
        {
          "action_values_bb": [
            -0.49999996965481747,
            -0.07079606944919853
          ],
          "candidate_probabilities": [
            0.0012987015070393682,
            0.9987013339996338
          ],
          "class_index": 134,
          "conditional_hand_mass": 0.0030165911925363843,
          "expected_action_loss_bb": 0.0005574077520242119,
          "probability_on_actions_losing_over_0_1bb": 0.0012987015070393682,
          "reference_expected_action_loss_bb": 0.00007477422191019108
        },
        {
          "action_values_bb": [
            -0.49999996965481747,
            -0.08519745306814071
          ],
          "candidate_probabilities": [
            0.0012987015070393682,
            0.9987013339996338
          ],
          "class_index": 135,
          "conditional_hand_mass": 0.0030165911925363843,
          "expected_action_loss_bb": 0.0005387046534148396,
          "probability_on_actions_losing_over_0_1bb": 0.0012987015070393682,
          "reference_expected_action_loss_bb": 0.00007226526927947015
        },
        {
          "action_values_bb": [
            -0.49999996965481747,
            0.18711291685177228
          ],
          "candidate_probabilities": [
            0.0012987015070393682,
            0.9987013339996338
          ],
          "class_index": 136,
          "conditional_hand_mass": 0.0030165911925363843,
          "expected_action_loss_bb": 0.0008923545412122785,
          "probability_on_actions_losing_over_0_1bb": 0.0012987015070393682,
          "reference_expected_action_loss_bb": 0.00011970611503852094
        },
        {
          "action_values_bb": [
            -0.49999996965481747,
            0.26996009001594945
          ],
          "candidate_probabilities": [
            0.0012987015070393682,
            0.9987013339996338
          ],
          "class_index": 137,
          "conditional_hand_mass": 0.0030165911925363843,
          "expected_action_loss_bb": 0.000999948289854547,
          "probability_on_actions_losing_over_0_1bb": 0.0012987015070393682,
          "reference_expected_action_loss_bb": 0.00013413942495914946
        },
        {
          "action_values_bb": [
            -0.49999996965481747,
            0.42847619238360196
          ],
          "candidate_probabilities": [
            0.0012987015070393682,
            0.9987013339996338
          ],
          "class_index": 138,
          "conditional_hand_mass": 0.0030165911925363843,
          "expected_action_loss_bb": 0.001205813390889424,
          "probability_on_actions_losing_over_0_1bb": 0.0012987015070393682,
          "reference_expected_action_loss_bb": 0.0001617554792613099
        },
        {
          "action_values_bb": [
            -0.49999996965481747,
            0.41981127724087036
          ],
          "candidate_probabilities": [
            0.0012987015070393682,
            0.9987013339996338
          ],
          "class_index": 139,
          "conditional_hand_mass": 0.0030165911925363843,
          "expected_action_loss_bb": 0.0011945602525351901,
          "probability_on_actions_losing_over_0_1bb": 0.0012987015070393682,
          "reference_expected_action_loss_bb": 0.00016024591169352872
        },
        {
          "action_values_bb": [
            -0.49999996965481747,
            1.657114731493687
          ],
          "candidate_probabilities": [
            0.0012987012742087245,
            0.998701274394989
          ],
          "class_index": 140,
          "conditional_hand_mass": 0.0045248869052198935,
          "expected_action_loss_bb": 0.0028014476109959347,
          "probability_on_actions_losing_over_0_1bb": 0.0012987012742087245,
          "reference_expected_action_loss_bb": 0.00037580397767545125
        },
        {
          "action_values_bb": [
            -0.49999996965481747,
            0.6062775079079545
          ],
          "candidate_probabilities": [
            0.0012987012742087245,
            0.998701274394989
          ],
          "class_index": 141,
          "conditional_hand_mass": 0.009049773810439787,
          "expected_action_loss_bb": 0.0014367239697391856,
          "probability_on_actions_losing_over_0_1bb": 0.0012987012742087245,
          "reference_expected_action_loss_bb": 0.0001927312795464709
        },
        {
          "action_values_bb": [
            -0.49999996965481747,
            0.5212472112777264
          ],
          "candidate_probabilities": [
            0.0012987012742087245,
            0.998701274394989
          ],
          "class_index": 142,
          "conditional_hand_mass": 0.009049773810439787,
          "expected_action_loss_bb": 0.0013262950151591625,
          "probability_on_actions_losing_over_0_1bb": 0.0012987012742087245,
          "reference_expected_action_loss_bb": 0.00017791763812093628
        },
        {
          "action_values_bb": [
            -0.49999996965481747,
            -0.03185926678149284
          ],
          "candidate_probabilities": [
            0.0012987015070393682,
            0.9987013339996338
          ],
          "class_index": 143,
          "conditional_hand_mass": 0.0030165911925363843,
          "expected_action_loss_bb": 0.0006079750363280558,
          "probability_on_actions_losing_over_0_1bb": 0.0012987015070393682,
          "reference_expected_action_loss_bb": 0.00008155763911994511
        },
        {
          "action_values_bb": [
            -0.49999996965481747,
            0.07163119163104142
          ],
          "candidate_probabilities": [
            0.0012987015070393682,
            0.9987013339996338
          ],
          "class_index": 144,
          "conditional_hand_mass": 0.0030165911925363843,
          "expected_action_loss_bb": 0.0007423782506326091,
          "probability_on_actions_losing_over_0_1bb": 0.0012987015070393682,
          "reference_expected_action_loss_bb": 0.00009958734131794235
        },
        {
          "action_values_bb": [
            -0.49999996965481747,
            0.03658600310249146
          ],
          "candidate_probabilities": [
            0.0012987015070393682,
            0.9987013339996338
          ],
          "class_index": 145,
          "conditional_hand_mass": 0.0030165911925363843,
          "expected_action_loss_bb": 0.0006968650114761024,
          "probability_on_actions_losing_over_0_1bb": 0.0012987015070393682,
          "reference_expected_action_loss_bb": 0.00009348190587650558
        },
        {
          "action_values_bb": [
            -0.49999996965481747,
            0.11869943733962571
          ],
          "candidate_probabilities": [
            0.0012987015070393682,
            0.9987013339996338
          ],
          "class_index": 146,
          "conditional_hand_mass": 0.0030165911925363843,
          "expected_action_loss_bb": 0.0008035058522680468,
          "probability_on_actions_losing_over_0_1bb": 0.0012987015070393682,
          "reference_expected_action_loss_bb": 0.00010778738667599011
        },
        {
          "action_values_bb": [
            -0.49999996965481747,
            0.2085947874259274
          ],
          "candidate_probabilities": [
            0.0012987015070393682,
            0.9987013339996338
          ],
          "class_index": 147,
          "conditional_hand_mass": 0.0030165911925363843,
          "expected_action_loss_bb": 0.0009202530789009585,
          "probability_on_actions_losing_over_0_1bb": 0.0012987015070393682,
          "reference_expected_action_loss_bb": 0.0001234486023658457
        },
        {
          "action_values_bb": [
            -0.49999996965481747,
            0.14253176230254389
          ],
          "candidate_probabilities": [
            0.0012987015070393682,
            0.9987013339996338
          ],
          "class_index": 148,
          "conditional_hand_mass": 0.0030165911925363843,
          "expected_action_loss_bb": 0.0008344569286136405,
          "probability_on_actions_losing_over_0_1bb": 0.0012987015070393682,
          "reference_expected_action_loss_bb": 0.00011193936095804885
        },
        {
          "action_values_bb": [
            -0.49999996965481747,
            0.38310841484049357
          ],
          "candidate_probabilities": [
            0.0012987015070393682,
            0.9987013339996338
          ],
          "class_index": 149,
          "conditional_hand_mass": 0.0030165911925363843,
          "expected_action_loss_bb": 0.0011468941898231623,
          "probability_on_actions_losing_over_0_1bb": 0.0012987015070393682,
          "reference_expected_action_loss_bb": 0.00015385168280476465
        },
        {
          "action_values_bb": [
            -0.49999996965481747,
            0.4823790076882554
          ],
          "candidate_probabilities": [
            0.0012987015070393682,
            0.9987013339996338
          ],
          "class_index": 150,
          "conditional_hand_mass": 0.0030165911925363843,
          "expected_action_loss_bb": 0.001275817058359242,
          "probability_on_actions_losing_over_0_1bb": 0.0012987015070393682,
          "reference_expected_action_loss_bb": 0.0001711462165571343
        },
        {
          "action_values_bb": [
            -0.49999996965481747,
            0.4901936508167709
          ],
          "candidate_probabilities": [
            0.0012987015070393682,
            0.9987013339996338
          ],
          "class_index": 151,
          "conditional_hand_mass": 0.0030165911925363843,
          "expected_action_loss_bb": 0.0012859659471672201,
          "probability_on_actions_losing_over_0_1bb": 0.0012987015070393682,
          "reference_expected_action_loss_bb": 0.0001725076530658907
        },
        {
          "action_values_bb": [
            -0.49999996965481747,
            0.6531729529746776
          ],
          "candidate_probabilities": [
            0.0012987015070393682,
            0.9987013339996338
          ],
          "class_index": 152,
          "conditional_hand_mass": 0.0030165911925363843,
          "expected_action_loss_bb": 0.001497627412495918,
          "probability_on_actions_losing_over_0_1bb": 0.0012987015070393682,
          "reference_expected_action_loss_bb": 0.00020090126854907978
        },
        {
          "action_values_bb": [
            -0.49999996965481747,
            0.7783075642043372
          ],
          "candidate_probabilities": [
            0.0012987015070393682,
            0.9987013339996338
          ],
          "class_index": 153,
          "conditional_hand_mass": 0.0030165911925363843,
          "expected_action_loss_bb": 0.0016601399206826624,
          "probability_on_actions_losing_over_0_1bb": 0.0012987015070393682,
          "reference_expected_action_loss_bb": 0.00022270173025096428
        },
        {
          "action_values_bb": [
            -0.49999996965481747,
            1.9080362539964606
          ],
          "candidate_probabilities": [
            0.0012987012742087245,
            0.998701274394989
          ],
          "class_index": 154,
          "conditional_hand_mass": 0.0045248869052198935,
          "expected_action_loss_bb": 0.00312731971199668,
          "probability_on_actions_losing_over_0_1bb": 0.0012987012742087245,
          "reference_expected_action_loss_bb": 0.00041951853128296973
        },
        {
          "action_values_bb": [
            -0.49999996965481747,
            0.6807313553129559
          ],
          "candidate_probabilities": [
            0.0012987012742087245,
            0.998701274394989
          ],
          "class_index": 155,
          "conditional_hand_mass": 0.009049773810439787,
          "expected_action_loss_bb": 0.0015334172762338028,
          "probability_on_actions_losing_over_0_1bb": 0.0012987012742087245,
          "reference_expected_action_loss_bb": 0.0002057023338873195
        },
        {
          "action_values_bb": [
            -0.49999996965481747,
            0.08690487028041376
          ],
          "candidate_probabilities": [
            0.0012987015070393682,
            0.9987013339996338
          ],
          "class_index": 156,
          "conditional_hand_mass": 0.0030165911925363843,
          "expected_action_loss_bb": 0.0007622142001125839,
          "probability_on_actions_losing_over_0_1bb": 0.0012987015070393682,
          "reference_expected_action_loss_bb": 0.0001022482617712886
        },
        {
          "action_values_bb": [
            -0.49999996965481747,
            0.27689924428357454
          ],
          "candidate_probabilities": [
            0.0012987015070393682,
            0.9987013339996338
          ],
          "class_index": 157,
          "conditional_hand_mass": 0.0030165911925363843,
          "expected_action_loss_bb": 0.0010089601799594902,
          "probability_on_actions_losing_over_0_1bb": 0.0012987015070393682,
          "reference_expected_action_loss_bb": 0.0001353483372286509
        },
        {
          "action_values_bb": [
            -0.49999996965481747,
            0.2733526207313432
          ],
          "candidate_probabilities": [
            0.0012987015070393682,
            0.9987013339996338
          ],
          "class_index": 158,
          "conditional_hand_mass": 0.0030165911925363843,
          "expected_action_loss_bb": 0.001004354174607306,
          "probability_on_actions_losing_over_0_1bb": 0.0012987015070393682,
          "reference_expected_action_loss_bb": 0.00013473045836874444
        },
        {
          "action_values_bb": [
            -0.49999996965481747,
            0.32743447261286585
          ],
          "candidate_probabilities": [
            0.0012987015070393682,
            0.9987013339996338
          ],
          "class_index": 159,
          "conditional_hand_mass": 0.0030165911925363843,
          "expected_action_loss_bb": 0.0010745903571493195,
          "probability_on_actions_losing_over_0_1bb": 0.0012987015070393682,
          "reference_expected_action_loss_bb": 0.00014415238671554125
        },
        {
          "action_values_bb": [
            -0.49999996965481747,
            0.29933380186295144
          ],
          "candidate_probabilities": [
            0.0012987015070393682,
            0.9987013339996338
          ],
          "class_index": 160,
          "conditional_hand_mass": 0.0030165911925363843,
          "expected_action_loss_bb": 0.0010380959736975884,
          "probability_on_actions_losing_over_0_1bb": 0.0012987015070393682,
          "reference_expected_action_loss_bb": 0.00013925679795348037
        },
        {
          "action_values_bb": [
            -0.49999996965481747,
            0.28989465973339934
          ],
          "candidate_probabilities": [
            0.0012987015070393682,
            0.9987013339996338
          ],
          "class_index": 161,
          "conditional_hand_mass": 0.0030165911925363843,
          "expected_action_loss_bb": 0.0010258373455887802,
          "probability_on_actions_losing_over_0_1bb": 0.0012987015070393682,
          "reference_expected_action_loss_bb": 0.00013761234759340947
        },
        {
          "action_values_bb": [
            -0.49999996965481747,
            0.5053286747409128
          ],
          "candidate_probabilities": [
            0.0012987015070393682,
            0.9987013339996338
          ],
          "class_index": 162,
          "conditional_hand_mass": 0.0030165911925363843,
          "expected_action_loss_bb": 0.00130562182554658,
          "probability_on_actions_losing_over_0_1bb": 0.0012987015070393682,
          "reference_expected_action_loss_bb": 0.00017514441763624448
        },
        {
          "action_values_bb": [
            -0.49999996965481747,
            0.4929466568105514
          ],
          "candidate_probabilities": [
            0.0012987015070393682,
            0.9987013339996338
          ],
          "class_index": 163,
          "conditional_hand_mass": 0.0030165911925363843,
          "expected_action_loss_bb": 0.001289541280200231,
          "probability_on_actions_losing_over_0_1bb": 0.0012987015070393682,
          "reference_expected_action_loss_bb": 0.00017298727098408854
        },
        {
          "action_values_bb": [
            -0.49999996965481747,
            0.561118839017593
          ],
          "candidate_probabilities": [
            0.0012987015070393682,
            0.9987013339996338
          ],
          "class_index": 164,
          "conditional_hand_mass": 0.0030165911925363843,
          "expected_action_loss_bb": 0.0013780765959706784,
          "probability_on_actions_losing_over_0_1bb": 0.0012987015070393682,
          "reference_expected_action_loss_bb": 0.00018486396147550588
        },
        {
          "action_values_bb": [
            -0.49999996965481747,
            0.5159746144341109
          ],
          "candidate_probabilities": [
            0.0012987015070393682,
            0.9987013339996338
          ],
          "class_index": 165,
          "conditional_hand_mass": 0.0030165911925363843,
          "expected_action_loss_bb": 0.0013194477234699865,
          "probability_on_actions_losing_over_0_1bb": 0.0012987015070393682,
          "reference_expected_action_loss_bb": 0.00017699911153972562
        },
        {
          "action_values_bb": [
            -0.49999996965481747,
            0.7436825578318489
          ],
          "candidate_probabilities": [
            0.0012987015070393682,
            0.9987013339996338
          ],
          "class_index": 166,
          "conditional_hand_mass": 0.0030165911925363843,
          "expected_action_loss_bb": 0.001615172372725464,
          "probability_on_actions_losing_over_0_1bb": 0.0012987015070393682,
          "reference_expected_action_loss_bb": 0.00021666949729851932
        },
        {
          "action_values_bb": [
            -0.49999996965481747,
            0.889632022178687
          ],
          "candidate_probabilities": [
            0.0012987015070393682,
            0.9987013339996338
          ],
          "class_index": 167,
          "conditional_hand_mass": 0.0030165911925363843,
          "expected_action_loss_bb": 0.0018047171620242913,
          "probability_on_actions_losing_over_0_1bb": 0.0012987015070393682,
          "reference_expected_action_loss_bb": 0.00024209624115969063
        },
        {
          "action_values_bb": [
            -0.49999996965481747,
            2.0539661153553905
          ],
          "candidate_probabilities": [
            0.0012987012742087245,
            0.998701274394989
          ],
          "class_index": 168,
          "conditional_hand_mass": 0.0045248869052198935,
          "expected_action_loss_bb": 0.003316839008888625,
          "probability_on_actions_losing_over_0_1bb": 0.0012987012742087245,
          "reference_expected_action_loss_bb": 0.0004449418536177136
        }
      ],
      "joint_reach_independent_model": 0.015345477139408759,
      "opponent_mass": 0.015345476567745209,
      "passes_local_tail_gate": false,
      "path": [
        2
      ],
      "position": "SB",
      "reference_weighted_action_loss_bb": 0.004396503849296118,
      "scope": "One-action deviation followed by reference play, same reference arriving ranges; excludes physical-deal validation",
      "status": "evaluated",
      "weighted_action_loss_bb": 0.00983934352963577,
      "weighted_excess_action_loss_bb": 0.0054428396803396515,
      "worst_relevant_probability_on_strongly_inferior_actions": 0.6446377635002136
    },
    {
      "actions": [
        {
          "kind": "fold",
          "label": "Fold",
          "to": 0.0
        },
        {
          "kind": "call",
          "label": "Call 2",
          "to": 2.0
        }
      ],
      "actor": 2,
      "actor_mass": 1.000000037252903,
      "forced_or_frozen": false,
      "hands": [
        {
          "action_values_bb": [
            -0.9999999765127903,
            -0.1639086786348576
          ],
          "candidate_probabilities": [
            0.0012987012742087245,
            0.998701274394989
          ],
          "class_index": 0,
          "conditional_hand_mass": 0.0045248869052198935,
          "expected_action_loss_bb": 0.0010858328339088973,
          "probability_on_actions_losing_over_0_1bb": 0.0012987012742087245,
          "reference_expected_action_loss_bb": 0.00014566051368296082
        },
        {
          "action_values_bb": [
            -0.9999999765127903,
            -0.9022816040532889
          ],
          "candidate_probabilities": [
            0.0012987012742087245,
            0.998701274394989
          ],
          "class_index": 1,
          "conditional_hand_mass": 0.009049773810439787,
          "expected_action_loss_bb": 0.0001269069748267571,
          "probability_on_actions_losing_over_0_1bb": -0.0,
          "reference_expected_action_loss_bb": 0.000017024107731823257
        },
        {
          "action_values_bb": [
            -0.9999999765127903,
            -0.823042437447692
          ],
          "candidate_probabilities": [
            0.0012987012742087245,
            0.998701274394989
          ],
          "class_index": 2,
          "conditional_hand_mass": 0.009049773810439787,
          "expected_action_loss_bb": 0.00022981498146468324,
          "probability_on_actions_losing_over_0_1bb": 0.0012987012742087245,
          "reference_expected_action_loss_bb": 0.00003082884142642759
        },
        {
          "action_values_bb": [
            -0.9999999765127903,
            -0.7881965571774688
          ],
          "candidate_probabilities": [
            0.0012987012742087245,
            0.998701274394989
          ],
          "class_index": 3,
          "conditional_hand_mass": 0.009049773810439787,
          "expected_action_loss_bb": 0.00027506937057254673,
          "probability_on_actions_losing_over_0_1bb": 0.0012987012742087245,
          "reference_expected_action_loss_bb": 0.00003689955264274824
        },
        {
          "action_values_bb": [
            -0.9999999765127903,
            -0.8599934467310362
          ],
          "candidate_probabilities": [
            0.0012987012742087245,
            0.998701274394989
          ],
          "class_index": 4,
          "conditional_hand_mass": 0.009049773810439787,
          "expected_action_loss_bb": 0.0001818266586251058,
          "probability_on_actions_losing_over_0_1bb": 0.0012987012742087245,
          "reference_expected_action_loss_bb": 0.00002439138297305475
        },
        {
          "action_values_bb": [
            -0.9999999765127903,
            -0.9483640203618192
          ],
          "candidate_probabilities": [
            0.0012987012742087245,
            0.998701274394989
          ],
          "class_index": 5,
          "conditional_hand_mass": 0.009049773810439787,
          "expected_action_loss_bb": 0.00006705968204825192,
          "probability_on_actions_losing_over_0_1bb": -0.0,
          "reference_expected_action_loss_bb": 8.995811721221117e-6
        },
        {
          "action_values_bb": [
            -0.9999999765127903,
            -0.9887358104947959
          ],
          "candidate_probabilities": [
            0.03659580647945404,
            0.9634041786193848
          ],
          "class_index": 6,
          "conditional_hand_mass": 0.009049773810439787,
          "expected_action_loss_bb": 0.0004122212397469656,
          "probability_on_actions_losing_over_0_1bb": -0.0,
          "reference_expected_action_loss_bb": 0.0009191037791485826
        },
        {
          "action_values_bb": [
            -0.9999999765127903,
            -0.8316423331813859
          ],
          "candidate_probabilities": [
            0.0012987012742087245,
            0.998701274394989
          ],
          "class_index": 7,
          "conditional_hand_mass": 0.009049773810439787,
          "expected_action_loss_bb": 0.0002186462859172728,
          "probability_on_actions_losing_over_0_1bb": 0.0012987012742087245,
          "reference_expected_action_loss_bb": 0.000029330601660783426
        },
        {
          "action_values_bb": [
            -0.9999999765127903,
            -0.8261839058858439
          ],
          "candidate_probabilities": [
            0.0012987012742087245,
            0.998701274394989
          ],
          "class_index": 8,
          "conditional_hand_mass": 0.009049773810439787,
          "expected_action_loss_bb": 0.0002257351524011689,
          "probability_on_actions_losing_over_0_1bb": 0.0012987012742087245,
          "reference_expected_action_loss_bb": 0.000030281547240276616
        },
        {
          "action_values_bb": [
            -0.9999999765127903,
            -0.74870402013641
          ],
          "candidate_probabilities": [
            0.0012987012742087245,
            0.998701274394989
          ],
          "class_index": 9,
          "conditional_hand_mass": 0.009049773810439787,
          "expected_action_loss_bb": 0.0003263583787495051,
          "probability_on_actions_losing_over_0_1bb": 0.0012987012742087245,
          "reference_expected_action_loss_bb": 0.00004377978599363265
        },
        {
          "action_values_bb": [
            -0.9999999765127903,
            -0.5049382230838996
          ],
          "candidate_probabilities": [
            0.0012987012742087245,
            0.998701274394989
          ],
          "class_index": 10,
          "conditional_hand_mass": 0.009049773810439787,
          "expected_action_loss_bb": 0.0006429373299901058,
          "probability_on_actions_losing_over_0_1bb": 0.0012987012742087245,
          "reference_expected_action_loss_bb": 0.00008624769746110614
        },
        {
          "action_values_bb": [
            -0.9999999765127903,
            -0.34102539134461857
          ],
          "candidate_probabilities": [
            0.0012987012742087245,
            0.998701274394989
          ],
          "class_index": 11,
          "conditional_hand_mass": 0.009049773810439787,
          "expected_action_loss_bb": 0.0008558111334290701,
          "probability_on_actions_losing_over_0_1bb": 0.0012987012742087245,
          "reference_expected_action_loss_bb": 0.00011480394165473745
        },
        {
          "action_values_bb": [
            -0.9999999765127903,
            -0.11162662424392504
          ],
          "candidate_probabilities": [
            0.0012987012742087245,
            0.998701274394989
          ],
          "class_index": 12,
          "conditional_hand_mass": 0.009049773810439787,
          "expected_action_loss_bb": 0.0011537316045646514,
          "probability_on_actions_losing_over_0_1bb": 0.0012987012742087245,
          "reference_expected_action_loss_bb": 0.0001547688860799853
        },
        {
          "action_values_bb": [
            -0.9999999765127903,
            -0.760916557232892
          ],
          "candidate_probabilities": [
            0.0012987015070393682,
            0.9987013339996338
          ],
          "class_index": 13,
          "conditional_hand_mass": 0.0030165911925363843,
          "expected_action_loss_bb": 0.00031049799692692905,
          "probability_on_actions_losing_over_0_1bb": 0.0012987015070393682,
          "reference_expected_action_loss_bb": 0.00004165217659885639
        },
        {
          "action_values_bb": [
            -0.9999999765127903,
            -0.06679662714315902
          ],
          "candidate_probabilities": [
            0.0012987012742087245,
            0.998701274394989
          ],
          "class_index": 14,
          "conditional_hand_mass": 0.0045248869052198935,
          "expected_action_loss_bb": 0.0012119523789221895,
          "probability_on_actions_losing_over_0_1bb": 0.0012987012742087245,
          "reference_expected_action_loss_bb": 0.0001625789905777558
        },
        {
          "action_values_bb": [
            -0.9999999765127903,
            -0.819048485150279
          ],
          "candidate_probabilities": [
            0.0012987012742087245,
            0.998701274394989
          ],
          "class_index": 15,
          "conditional_hand_mass": 0.009049773810439787,
          "expected_action_loss_bb": 0.00023500193240246246,
          "probability_on_actions_losing_over_0_1bb": 0.0012987012742087245,
          "reference_expected_action_loss_bb": 0.000031524651973365444
        },
        {
          "action_values_bb": [
            -0.9999999765127903,
            -0.7329865211306877
          ],
          "candidate_probabilities": [
            0.0012987012742087245,
            0.998701274394989
          ],
          "class_index": 16,
          "conditional_hand_mass": 0.009049773810439787,
          "expected_action_loss_bb": 0.00034677071473561096,
          "probability_on_actions_losing_over_0_1bb": 0.0012987012742087245,
          "reference_expected_action_loss_bb": 0.00004651802640445341
        },
        {
          "action_values_bb": [
            -0.9999999765127903,
            -0.7586299827456874
          ],
          "candidate_probabilities": [
            0.0012987012742087245,
            0.998701274394989
          ],
          "class_index": 17,
          "conditional_hand_mass": 0.009049773810439787,
          "expected_action_loss_bb": 0.0003134675184610884,
          "probability_on_actions_losing_over_0_1bb": 0.0012987012742087245,
          "reference_expected_action_loss_bb": 0.00004205052411022971
        },
        {
          "action_values_bb": [
            -0.9999999765127903,
            -0.8846330190840646
          ],
          "candidate_probabilities": [
            0.0012987012742087245,
            0.998701274394989
          ],
          "class_index": 18,
          "conditional_hand_mass": 0.009049773810439787,
          "expected_action_loss_bb": 0.00014982721461426977,
          "probability_on_actions_losing_over_0_1bb": 0.0012987012742087245,
          "reference_expected_action_loss_bb": 0.000020098774289075144
        },
        {
          "action_values_bb": [
            -0.9999999765127903,
            -0.924676950673026
          ],
          "candidate_probabilities": [
            0.0012987012742087245,
            0.998701274394989
          ],
          "class_index": 19,
          "conditional_hand_mass": 0.009049773810439787,
          "expected_action_loss_bb": 0.0000978221096353585,
          "probability_on_actions_losing_over_0_1bb": -0.0,
          "reference_expected_action_loss_bb": 0.0003652677915239579
        },
        {
          "action_values_bb": [
            -0.9999999765127903,
            -0.8359898803590338
          ],
          "candidate_probabilities": [
            0.0012987012742087245,
            0.998701274394989
          ],
          "class_index": 20,
          "conditional_hand_mass": 0.009049773810439787,
          "expected_action_loss_bb": 0.000213000120857979,
          "probability_on_actions_losing_over_0_1bb": 0.0012987012742087245,
          "reference_expected_action_loss_bb": 0.000028573189214601563
        },
        {
          "action_values_bb": [
            -0.9999999765127903,
            -0.7643273534169676
          ],
          "candidate_probabilities": [
            0.0012987012742087245,
            0.998701274394989
          ],
          "class_index": 21,
          "conditional_hand_mass": 0.009049773810439787,
          "expected_action_loss_bb": 0.0003060683359106574,
          "probability_on_actions_losing_over_0_1bb": 0.0012987012742087245,
          "reference_expected_action_loss_bb": 0.00004105795076240608
        },
        {
          "action_values_bb": [
            -0.9999999765127903,
            -0.7353483249083804
          ],
          "candidate_probabilities": [
            0.0012987012742087245,
            0.998701274394989
          ],
          "class_index": 22,
          "conditional_hand_mass": 0.009049773810439787,
          "expected_action_loss_bb": 0.0003437034371600905,
          "probability_on_actions_losing_over_0_1bb": 0.0012987012742087245,
          "reference_expected_action_loss_bb": 0.000046106562306752324
        },
        {
          "action_values_bb": [
            -0.9999999765127903,
            -0.5096230970229009
          ],
          "candidate_probabilities": [
            0.0012987012742087245,
            0.998701274394989
          ],
          "class_index": 23,
          "conditional_hand_mass": 0.009049773810439787,
          "expected_action_loss_bb": 0.0006368530782360175,
          "probability_on_actions_losing_over_0_1bb": 0.0012987012742087245,
          "reference_expected_action_loss_bb": 0.0000854315172829045
        },
        {
          "action_values_bb": [
            -0.9999999765127903,
            -0.32332421473181494
          ],
          "candidate_probabilities": [
            0.0012987012742087245,
            0.998701274394989
          ],
          "class_index": 24,
          "conditional_hand_mass": 0.009049773810439787,
          "expected_action_loss_bb": 0.000878799674051112,
          "probability_on_actions_losing_over_0_1bb": 0.0012987012742087245,
          "reference_expected_action_loss_bb": 0.0001178877705197883
        },
        {
          "action_values_bb": [
            -0.9999999765127903,
            -0.035472097943608706
          ],
          "candidate_probabilities": [
            0.0012987012742087245,
            0.998701274394989
          ],
          "class_index": 25,
          "conditional_hand_mass": 0.009049773810439787,
          "expected_action_loss_bb": 0.001252633584907634,
          "probability_on_actions_losing_over_0_1bb": 0.0012987012742087245,
          "reference_expected_action_loss_bb": 0.0001680362259606189
        },
        {
          "action_values_bb": [
            -0.9999999765127903,
            -0.6804387326126848
          ],
          "candidate_probabilities": [
            0.0012987015070393682,
            0.9987013339996338
          ],
          "class_index": 26,
          "conditional_hand_mass": 0.0030165911925363843,
          "expected_action_loss_bb": 0.00041501466904444203,
          "probability_on_actions_losing_over_0_1bb": 0.0012987015070393682,
          "reference_expected_action_loss_bb": 0.00005567270789905641
        },
        {
          "action_values_bb": [
            -0.9999999765127903,
            -0.5505116796731436
          ],
          "candidate_probabilities": [
            0.0012987015070393682,
            0.9987013339996338
          ],
          "class_index": 27,
          "conditional_hand_mass": 0.0030165911925363843,
          "expected_action_loss_bb": 0.000583751128502208,
          "probability_on_actions_losing_over_0_1bb": 0.0012987015070393682,
          "reference_expected_action_loss_bb": 0.00007830809001926579
        },
        {
          "action_values_bb": [
            -0.9999999765127903,
            0.025697989939398057
          ],
          "candidate_probabilities": [
            0.0012987012742087245,
            0.998701274394989
          ],
          "class_index": 28,
          "conditional_hand_mass": 0.0045248869052198935,
          "expected_action_loss_bb": 0.0013320752559847545,
          "probability_on_actions_losing_over_0_1bb": 0.0012987012742087245,
          "reference_expected_action_loss_bb": 0.000178693036342075
        },
        {
          "action_values_bb": [
            -0.9999999765127903,
            -0.6024586667636784
          ],
          "candidate_probabilities": [
            0.0012987012742087245,
            0.998701274394989
          ],
          "class_index": 29,
          "conditional_hand_mass": 0.009049773810439787,
          "expected_action_loss_bb": 0.0005162874055217768,
          "probability_on_actions_losing_over_0_1bb": 0.0012987012742087245,
          "reference_expected_action_loss_bb": 0.00006925807209717761
        },
        {
          "action_values_bb": [
            -0.9999999765127903,
            -0.6551304889288133
          ],
          "candidate_probabilities": [
            0.0012987012742087245,
            0.998701274394989
          ],
          "class_index": 30,
          "conditional_hand_mass": 0.009049773810439787,
          "expected_action_loss_bb": 0.00044788244296102076,
          "probability_on_actions_losing_over_0_1bb": 0.0012987012742087245,
          "reference_expected_action_loss_bb": 0.00006008179590262353
        },
        {
          "action_values_bb": [
            -0.9999999765127903,
            -0.774922460767955
          ],
          "candidate_probabilities": [
            0.0012987012742087245,
            0.998701274394989
          ],
          "class_index": 31,
          "conditional_hand_mass": 0.009049773810439787,
          "expected_action_loss_bb": 0.0002923084564935518,
          "probability_on_actions_losing_over_0_1bb": 0.0012987012742087245,
          "reference_expected_action_loss_bb": 0.00003921211313296544
        },
        {
          "action_values_bb": [
            -0.9999999765127903,
            -0.7732007084823328
          ],
          "candidate_probabilities": [
            0.0012987012742087245,
            0.998701274394989
          ],
          "class_index": 32,
          "conditional_hand_mass": 0.009049773810439787,
          "expected_action_loss_bb": 0.00029454449838076113,
          "probability_on_actions_losing_over_0_1bb": 0.0012987012742087245,
          "reference_expected_action_loss_bb": 0.000039512069995326135
        },
        {
          "action_values_bb": [
            -0.9999999765127903,
            -0.8202101493429879
          ],
          "candidate_probabilities": [
            0.0012987012742087245,
            0.998701274394989
          ],
          "class_index": 33,
          "conditional_hand_mass": 0.009049773810439787,
          "expected_action_loss_bb": 0.00023349327763518875,
          "probability_on_actions_losing_over_0_1bb": 0.0012987012742087245,
          "reference_expected_action_loss_bb": 0.00003132227143972451
        },
        {
          "action_values_bb": [
            -0.9999999765127903,
            -0.772089225841517
          ],
          "candidate_probabilities": [
            0.0012987012742087245,
            0.998701274394989
          ],
          "class_index": 34,
          "conditional_hand_mass": 0.009049773810439787,
          "expected_action_loss_bb": 0.00029598798230264954,
          "probability_on_actions_losing_over_0_1bb": 0.0012987012742087245,
          "reference_expected_action_loss_bb": 0.00003970570809779394
        },
        {
          "action_values_bb": [
            -0.9999999765127903,
            -0.6732561859771861
          ],
          "candidate_probabilities": [
            0.0012987012742087245,
            0.998701274394989
          ],
          "class_index": 35,
          "conditional_hand_mass": 0.009049773810439787,
          "expected_action_loss_bb": 0.00042434257710837777,
          "probability_on_actions_losing_over_0_1bb": 0.0012987012742087245,
          "reference_expected_action_loss_bb": 0.00005692400876905482
        },
        {
          "action_values_bb": [
            -0.9999999765127903,
            -0.5270424220204832
          ],
          "candidate_probabilities": [
            0.0012987012742087245,
            0.998701274394989
          ],
          "class_index": 36,
          "conditional_hand_mass": 0.009049773810439787,
          "expected_action_loss_bb": 0.0006142305786658014,
          "probability_on_actions_losing_over_0_1bb": 0.0012987012742087245,
          "reference_expected_action_loss_bb": 0.0000823967914896829
        },
        {
          "action_values_bb": [
            -0.9999999765127903,
            -0.23512409053179745
          ],
          "candidate_probabilities": [
            0.0012987012742087245,
            0.998701274394989
          ],
          "class_index": 37,
          "conditional_hand_mass": 0.009049773810439787,
          "expected_action_loss_bb": 0.0009933452877350425,
          "probability_on_actions_losing_over_0_1bb": 0.0012987012742087245,
          "reference_expected_action_loss_bb": 0.00013325364674704113
        },
        {
          "action_values_bb": [
            -0.9999999765127903,
            -0.043153162360976986
          ],
          "candidate_probabilities": [
            0.0012987012742087245,
            0.998701274394989
          ],
          "class_index": 38,
          "conditional_hand_mass": 0.009049773810439787,
          "expected_action_loss_bb": 0.0012426581767615184,
          "probability_on_actions_losing_over_0_1bb": 0.0012987012742087245,
          "reference_expected_action_loss_bb": 0.0001666980613468914
        },
        {
          "action_values_bb": [
            -0.9999999765127903,
            -0.5770125744428313
          ],
          "candidate_probabilities": [
            0.0012987015070393682,
            0.9987013339996338
          ],
          "class_index": 39,
          "conditional_hand_mass": 0.0030165911925363843,
          "expected_action_loss_bb": 0.0005493343765269229,
          "probability_on_actions_losing_over_0_1bb": 0.0012987015070393682,
          "reference_expected_action_loss_bb": 0.00007369120796069659
        },
        {
          "action_values_bb": [
            -0.9999999765127903,
            -0.564561223082666
          ],
          "candidate_probabilities": [
            0.0012987015070393682,
            0.9987013339996338
          ],
          "class_index": 40,
          "conditional_hand_mass": 0.0030165911925363843,
          "expected_action_loss_bb": 0.0005655049653030462,
          "probability_on_actions_losing_over_0_1bb": 0.0012987015070393682,
          "reference_expected_action_loss_bb": 0.00007586043361135057
        },
        {
          "action_values_bb": [
            -0.9999999765127903,
            -0.4003887900389088
          ],
          "candidate_probabilities": [
            0.0012987015070393682,
            0.9987013339996338
          ],
          "class_index": 41,
          "conditional_hand_mass": 0.0030165911925363843,
          "expected_action_loss_bb": 0.0007787159515112934,
          "probability_on_actions_losing_over_0_1bb": 0.0012987015070393682,
          "reference_expected_action_loss_bb": 0.00010446191168288926
        },
        {
          "action_values_bb": [
            -0.9999999765127903,
            0.1966224239538697
          ],
          "candidate_probabilities": [
            0.0012987012742087245,
            0.998701274394989
          ],
          "class_index": 42,
          "conditional_hand_mass": 0.0045248869052198935,
          "expected_action_loss_bb": 0.001554055036232754,
          "probability_on_actions_losing_over_0_1bb": 0.0012987012742087245,
          "reference_expected_action_loss_bb": 0.0002084708141071441
        },
        {
          "action_values_bb": [
            -0.9999999765127903,
            -0.6062401866939009
          ],
          "candidate_probabilities": [
            0.0012987012742087245,
            0.998701274394989
          ],
          "class_index": 43,
          "conditional_hand_mass": 0.009049773810439787,
          "expected_action_loss_bb": 0.0005113763407699511,
          "probability_on_actions_losing_over_0_1bb": 0.0012987012742087245,
          "reference_expected_action_loss_bb": 0.00006859927067568624
        },
        {
          "action_values_bb": [
            -0.9999999765127903,
            -0.6843761768675288
          ],
          "candidate_probabilities": [
            0.0012987012742087245,
            0.998701274394989
          ],
          "class_index": 44,
          "conditional_hand_mass": 0.009049773810439787,
          "expected_action_loss_bb": 0.0004099010307699002,
          "probability_on_actions_losing_over_0_1bb": 0.0012987012742087245,
          "reference_expected_action_loss_bb": 0.000054986728008750037
        },
        {
          "action_values_bb": [
            -0.9999999765127903,
            -0.719855265690928
          ],
          "candidate_probabilities": [
            0.0012987012742087245,
            0.998701274394989
          ],
          "class_index": 45,
          "conditional_hand_mass": 0.009049773810439787,
          "expected_action_loss_bb": 0.0003638242929071872,
          "probability_on_actions_losing_over_0_1bb": 0.0012987012742087245,
          "reference_expected_action_loss_bb": 0.00004880570170679442
        },
        {
          "action_values_bb": [
            -0.9999999765127903,
            -0.6602447465241075
          ],
          "candidate_probabilities": [
            0.0012987012742087245,
            0.998701274394989
          ],
          "class_index": 46,
          "conditional_hand_mass": 0.009049773810439787,
          "expected_action_loss_bb": 0.0004412405501053806,
          "probability_on_actions_losing_over_0_1bb": 0.0012987012742087245,
          "reference_expected_action_loss_bb": 0.00005919081020485552
        },
        {
          "action_values_bb": [
            -0.9999999765127903,
            -0.6758530597689782
          ],
          "candidate_probabilities": [
            0.0012987012742087245,
            0.998701274394989
          ],
          "class_index": 47,
          "conditional_hand_mass": 0.009049773810439787,
          "expected_action_loss_bb": 0.000420970013806018,
          "probability_on_actions_losing_over_0_1bb": 0.0012987012742087245,
          "reference_expected_action_loss_bb": 0.000056471591704743384
        },
        {
          "action_values_bb": [
            -0.9999999765127903,
            -0.6326531131170452
          ],
          "candidate_probabilities": [
            0.0012987012742087245,
            0.998701274394989
          ],
          "class_index": 48,
          "conditional_hand_mass": 0.009049773810439787,
          "expected_action_loss_bb": 0.0004770738395686324,
          "probability_on_actions_losing_over_0_1bb": 0.0012987012742087245,
          "reference_expected_action_loss_bb": 0.00006399771527087546
        },
        {
          "action_values_bb": [
            -0.9999999765127903,
            -0.39101994594528855
          ],
          "candidate_probabilities": [
            0.0012987012742087245,
            0.998701274394989
          ],
          "class_index": 49,
          "conditional_hand_mass": 0.009049773810439787,
          "expected_action_loss_bb": 0.0007908831416656825,
          "probability_on_actions_losing_over_0_1bb": 0.0012987012742087245,
          "reference_expected_action_loss_bb": 0.00010609408840908437
        },
        {
          "action_values_bb": [
            -0.9999999765127903,
            -0.19840018935251832
          ],
          "candidate_probabilities": [
            0.0012987012742087245,
            0.998701274394989
          ],
          "class_index": 50,
          "conditional_hand_mass": 0.009049773810439787,
          "expected_action_loss_bb": 0.0010410386649904876,
          "probability_on_actions_losing_over_0_1bb": 0.0012987012742087245,
          "reference_expected_action_loss_bb": 0.00013965153932622818
        },
        {
          "action_values_bb": [
            -0.9999999765127903,
            0.03316676455080261
          ],
          "candidate_probabilities": [
            0.0012987012742087245,
            0.998701274394989
          ],
          "class_index": 51,
          "conditional_hand_mass": 0.009049773810439787,
          "expected_action_loss_bb": 0.0013417749630893635,
          "probability_on_actions_losing_over_0_1bb": 0.0012987012742087245,
          "reference_expected_action_loss_bb": 0.00017999421666680825
        },
        {
          "action_values_bb": [
            -0.9999999765127903,
            -0.7553819538251278
          ],
          "candidate_probabilities": [
            0.0012987015070393682,
            0.9987013339996338
          ],
          "class_index": 52,
          "conditional_hand_mass": 0.0030165911925363843,
          "expected_action_loss_bb": 0.00031768579471345754,
          "probability_on_actions_losing_over_0_1bb": 0.0012987015070393682,
          "reference_expected_action_loss_bb": 0.00004261639352046123
        },
        {
          "action_values_bb": [
            -0.9999999765127903,
            -0.604182054468659
          ],
          "candidate_probabilities": [
            0.0012987015070393682,
            0.9987013339996338
          ],
          "class_index": 53,
          "conditional_hand_mass": 0.0030165911925363843,
          "expected_action_loss_bb": 0.0005140493318719043,
          "probability_on_actions_losing_over_0_1bb": 0.0012987015070393682,
          "reference_expected_action_loss_bb": 0.00006895784759826168
        },
        {
          "action_values_bb": [
            -0.9999999765127903,
            -0.5121901028927258
          ],
          "candidate_probabilities": [
            0.0012987015070393682,
            0.9987013339996338
          ],
          "class_index": 54,
          "conditional_hand_mass": 0.0030165911925363843,
          "expected_action_loss_bb": 0.0006335194180190615,
          "probability_on_actions_losing_over_0_1bb": 0.0012987015070393682,
          "reference_expected_action_loss_bb": 0.00008498432498533816
        },
        {
          "action_values_bb": [
            -0.9999999765127903,
            -0.43145900345871874
          ],
          "candidate_probabilities": [
            0.0012987015070393682,
            0.9987013339996338
          ],
          "class_index": 55,
          "conditional_hand_mass": 0.0030165911925363843,
          "expected_action_loss_bb": 0.0007383650185189516,
          "probability_on_actions_losing_over_0_1bb": 0.0012987015070393682,
          "reference_expected_action_loss_bb": 0.00009904898083128967
        },
        {
          "action_values_bb": [
            -0.9999999765127903,
            0.31436336473077325
          ],
          "candidate_probabilities": [
            0.0012987012742087245,
            0.998701274394989
          ],
          "class_index": 56,
          "conditional_hand_mass": 0.0045248869052198935,
          "expected_action_loss_bb": 0.0017069653460462526,
          "probability_on_actions_losing_over_0_1bb": 0.0012987012742087245,
          "reference_expected_action_loss_bb": 0.00022898317437044006
        },
        {
          "action_values_bb": [
            -0.9999999765127903,
            -0.5488432937034283
          ],
          "candidate_probabilities": [
            0.0012987012742087245,
            0.998701274394989
          ],
          "class_index": 57,
          "conditional_hand_mass": 0.009049773810439787,
          "expected_action_loss_bb": 0.0005859177588322997,
          "probability_on_actions_losing_over_0_1bb": 0.0012987012742087245,
          "reference_expected_action_loss_bb": 0.00007859872999073674
        },
        {
          "action_values_bb": [
            -0.9999999765127903,
            -0.6449598589760435
          ],
          "candidate_probabilities": [
            0.0012987012742087245,
            0.998701274394989
          ],
          "class_index": 58,
          "conditional_hand_mass": 0.009049773810439787,
          "expected_action_loss_bb": 0.0004610910530401884,
          "probability_on_actions_losing_over_0_1bb": 0.0012987012742087245,
          "reference_expected_action_loss_bb": 0.00006185368276134317
        },
        {
          "action_values_bb": [
            -0.9999999765127903,
            -0.602326671206512
          ],
          "candidate_probabilities": [
            0.0012987012742087245,
            0.998701274394989
          ],
          "class_index": 59,
          "conditional_hand_mass": 0.009049773810439787,
          "expected_action_loss_bb": 0.0005164588283200587,
          "probability_on_actions_losing_over_0_1bb": 0.0012987012742087245,
          "reference_expected_action_loss_bb": 0.00006928106784023766
        },
        {
          "action_values_bb": [
            -0.9999999765127903,
            -0.6504337366807876
          ],
          "candidate_probabilities": [
            0.0012987012742087245,
            0.998701274394989
          ],
          "class_index": 60,
          "conditional_hand_mass": 0.009049773810439787,
          "expected_action_loss_bb": 0.0004539821210901744,
          "probability_on_actions_losing_over_0_1bb": 0.0012987012742087245,
          "reference_expected_action_loss_bb": 0.00006090004547276665
        },
        {
          "action_values_bb": [
            -0.9999999765127903,
            -0.6346313249804812
          ],
          "candidate_probabilities": [
            0.0012987012742087245,
            0.998701274394989
          ],
          "class_index": 61,
          "conditional_hand_mass": 0.009049773810439787,
          "expected_action_loss_bb": 0.00047450473330093315,
          "probability_on_actions_losing_over_0_1bb": 0.0012987012742087245,
          "reference_expected_action_loss_bb": 0.00006365307903685036
        },
        {
          "action_values_bb": [
            -0.9999999765127903,
            -0.3781146366011023
          ],
          "candidate_probabilities": [
            0.0012987012742087245,
            0.998701274394989
          ],
          "class_index": 62,
          "conditional_hand_mass": 0.009049773810439787,
          "expected_action_loss_bb": 0.0008076432833550349,
          "probability_on_actions_losing_over_0_1bb": 0.0012987012742087245,
          "reference_expected_action_loss_bb": 0.00010834240027775559
        },
        {
          "action_values_bb": [
            -0.9999999765127903,
            -0.15411724002714958
          ],
          "candidate_probabilities": [
            0.0012987012742087245,
            0.998701274394989
          ],
          "class_index": 63,
          "conditional_hand_mass": 0.009049773810439787,
          "expected_action_loss_bb": 0.0010985489877050644,
          "probability_on_actions_losing_over_0_1bb": 0.0012987012742087245,
          "reference_expected_action_loss_bb": 0.00014736633932773647
        },
        {
          "action_values_bb": [
            -0.9999999765127903,
            0.04645731467777629
          ],
          "candidate_probabilities": [
            0.0012987012742087245,
            0.998701274394989
          ],
          "class_index": 64,
          "conditional_hand_mass": 0.009049773810439787,
          "expected_action_loss_bb": 0.001359035417474199,
          "probability_on_actions_losing_over_0_1bb": 0.0012987012742087245,
          "reference_expected_action_loss_bb": 0.00018230964365849875
        },
        {
          "action_values_bb": [
            -0.9999999765127903,
            -0.7620189159551818
          ],
          "candidate_probabilities": [
            0.0012987015070393682,
            0.9987013339996338
          ],
          "class_index": 65,
          "conditional_hand_mass": 0.0030165911925363843,
          "expected_action_loss_bb": 0.0003090663619929933,
          "probability_on_actions_losing_over_0_1bb": 0.0012987015070393682,
          "reference_expected_action_loss_bb": 0.00004146012798120486
        },
        {
          "action_values_bb": [
            -0.9999999765127903,
            -0.6387894647740111
          ],
          "candidate_probabilities": [
            0.0012987015070393682,
            0.9987013339996338
          ],
          "class_index": 66,
          "conditional_hand_mass": 0.0030165911925363843,
          "expected_action_loss_bb": 0.00046910463595361385,
          "probability_on_actions_losing_over_0_1bb": 0.0012987015070393682,
          "reference_expected_action_loss_bb": 0.00006292868016369336
        },
        {
          "action_values_bb": [
            -0.9999999765127903,
            -0.6295290317689146
          ],
          "candidate_probabilities": [
            0.0012987015070393682,
            0.9987013339996338
          ],
          "class_index": 67,
          "conditional_hand_mass": 0.0030165911925363843,
          "expected_action_loss_bb": 0.0004811311742531698,
          "probability_on_actions_losing_over_0_1bb": 0.0012987015070393682,
          "reference_expected_action_loss_bb": 0.00006454199652026843
        },
        {
          "action_values_bb": [
            -0.9999999765127903,
            -0.5323556843292883
          ],
          "candidate_probabilities": [
            0.0012987015070393682,
            0.9987013339996338
          ],
          "class_index": 68,
          "conditional_hand_mass": 0.0030165911925363843,
          "expected_action_loss_bb": 0.0006073303470170726,
          "probability_on_actions_losing_over_0_1bb": 0.0012987015070393682,
          "reference_expected_action_loss_bb": 0.00008147115639445822
        },
        {
          "action_values_bb": [
            -0.9999999765127903,
            -0.3761066428904021
          ],
          "candidate_probabilities": [
            0.0012987015070393682,
            0.9987013339996338
          ],
          "class_index": 69,
          "conditional_hand_mass": 0.0030165911925363843,
          "expected_action_loss_bb": 0.0008102512126072108,
          "probability_on_actions_losing_over_0_1bb": 0.0012987015070393682,
          "reference_expected_action_loss_bb": 0.00010869225222375693
        },
        {
          "action_values_bb": [
            -0.9999999765127903,
            0.32736742327806306
          ],
          "candidate_probabilities": [
            0.0012987012742087245,
            0.998701274394989
          ],
          "class_index": 70,
          "conditional_hand_mass": 0.0045248869052198935,
          "expected_action_loss_bb": 0.0017238537334515027,
          "probability_on_actions_losing_over_0_1bb": 0.0012987012742087245,
          "reference_expected_action_loss_bb": 0.00023124868993407418
        },
        {
          "action_values_bb": [
            -0.9999999765127903,
            -0.6046562400079027
          ],
          "candidate_probabilities": [
            0.0012987012742087245,
            0.998701274394989
          ],
          "class_index": 71,
          "conditional_hand_mass": 0.009049773810439787,
          "expected_action_loss_bb": 0.0005134334143493356,
          "probability_on_actions_losing_over_0_1bb": 0.0012987012742087245,
          "reference_expected_action_loss_bb": 0.0000688752195924068
        },
        {
          "action_values_bb": [
            -0.9999999765127903,
            -0.6204654516097522
          ],
          "candidate_probabilities": [
            0.0012987012742087245,
            0.998701274394989
          ],
          "class_index": 72,
          "conditional_hand_mass": 0.009049773810439787,
          "expected_action_loss_bb": 0.0004929019710977784,
          "probability_on_actions_losing_over_0_1bb": 0.0012987012742087245,
          "reference_expected_action_loss_bb": 0.00006612100137641455
        },
        {
          "action_values_bb": [
            -0.9999999765127903,
            -0.6176004981552308
          ],
          "candidate_probabilities": [
            0.0012987012742087245,
            0.998701274394989
          ],
          "class_index": 73,
          "conditional_hand_mass": 0.009049773810439787,
          "expected_action_loss_bb": 0.000496622689799714,
          "probability_on_actions_losing_over_0_1bb": 0.0012987012742087245,
          "reference_expected_action_loss_bb": 0.0000666201222175506
        },
        {
          "action_values_bb": [
            -0.9999999765127903,
            -0.5913468529701279
          ],
          "candidate_probabilities": [
            0.0012987012742087245,
            0.998701274394989
          ],
          "class_index": 74,
          "conditional_hand_mass": 0.009049773810439787,
          "expected_action_loss_bb": 0.000530718332254231,
          "probability_on_actions_losing_over_0_1bb": 0.0012987012742087245,
          "reference_expected_action_loss_bb": 0.0000711939282760734
        },
        {
          "action_values_bb": [
            -0.9999999765127903,
            -0.41158035204485893
          ],
          "candidate_probabilities": [
            0.0012987012742087245,
            0.998701274394989
          ],
          "class_index": 75,
          "conditional_hand_mass": 0.009049773810439787,
          "expected_action_loss_bb": 0.0007641813160659217,
          "probability_on_actions_losing_over_0_1bb": 0.0012987012742087245,
          "reference_expected_action_loss_bb": 0.00010251213590988381
        },
        {
          "action_values_bb": [
            -0.9999999765127903,
            -0.13082234820424474
          ],
          "candidate_probabilities": [
            0.0012987012742087245,
            0.998701274394989
          ],
          "class_index": 76,
          "conditional_hand_mass": 0.009049773810439787,
          "expected_action_loss_bb": 0.0011288020933980251,
          "probability_on_actions_losing_over_0_1bb": 0.0012987012742087245,
          "reference_expected_action_loss_bb": 0.00015142468309680259
        },
        {
          "action_values_bb": [
            -0.9999999765127903,
            -0.000914497824878079
          ],
          "candidate_probabilities": [
            0.0012987012742087245,
            0.998701274394989
          ],
          "class_index": 77,
          "conditional_hand_mass": 0.009049773810439787,
          "expected_action_loss_bb": 0.001297513584215425,
          "probability_on_actions_losing_over_0_1bb": 0.0012987012742087245,
          "reference_expected_action_loss_bb": 0.00017405671415098825
        },
        {
          "action_values_bb": [
            -0.9999999765127903,
            -0.685798260074393
          ],
          "candidate_probabilities": [
            0.0012987015070393682,
            0.9987013339996338
          ],
          "class_index": 78,
          "conditional_hand_mass": 0.0030165911925363843,
          "expected_action_loss_bb": 0.0004080542426529027,
          "probability_on_actions_losing_over_0_1bb": 0.0012987015070393682,
          "reference_expected_action_loss_bb": 0.00005473899202284107
        },
        {
          "action_values_bb": [
            -0.9999999765127903,
            -0.6992547487797243
          ],
          "candidate_probabilities": [
            0.0012987015070393682,
            0.9987013339996338
          ],
          "class_index": 79,
          "conditional_hand_mass": 0.0030165911925363843,
          "expected_action_loss_bb": 0.0003905782804918308,
          "probability_on_actions_losing_over_0_1bb": 0.0012987015070393682,
          "reference_expected_action_loss_bb": 0.000052394655281953164
        },
        {
          "action_values_bb": [
            -0.9999999765127903,
            -0.585722559721759
          ],
          "candidate_probabilities": [
            0.0012987015070393682,
            0.9987013339996338
          ],
          "class_index": 80,
          "conditional_hand_mass": 0.0030165911925363843,
          "expected_action_loss_bb": 0.0005380227055188887,
          "probability_on_actions_losing_over_0_1bb": 0.0012987015070393682,
          "reference_expected_action_loss_bb": 0.00007217378845036821
        },
        {
          "action_values_bb": [
            -0.9999999765127903,
            -0.49251385614314847
          ],
          "candidate_probabilities": [
            0.0012987015070393682,
            0.9987013339996338
          ],
          "class_index": 81,
          "conditional_hand_mass": 0.0030165911925363843,
          "expected_action_loss_bb": 0.000659072989325616,
          "probability_on_actions_losing_over_0_1bb": 0.0012987015070393682,
          "reference_expected_action_loss_bb": 0.0000884122436042224
        },
        {
          "action_values_bb": [
            -0.9999999765127903,
            -0.5029749451814471
          ],
          "candidate_probabilities": [
            0.0012987015070393682,
            0.9987013339996338
          ],
          "class_index": 82,
          "conditional_hand_mass": 0.0030165911925363843,
          "expected_action_loss_bb": 0.0006454871572263045,
          "probability_on_actions_losing_over_0_1bb": 0.0012987015070393682,
          "reference_expected_action_loss_bb": 0.00008658975365760897
        },
        {
          "action_values_bb": [
            -0.9999999765127903,
            -0.4160859754147052
          ],
          "candidate_probabilities": [
            0.0012987015070393682,
            0.9987013339996338
          ],
          "class_index": 83,
          "conditional_hand_mass": 0.0030165911925363843,
          "expected_action_loss_bb": 0.0007583299932074702,
          "probability_on_actions_losing_over_0_1bb": 0.0012987015070393682,
          "reference_expected_action_loss_bb": 0.000101727209546928
        },
        {
          "action_values_bb": [
            -0.9999999765127903,
            0.5739095813969542
          ],
          "candidate_probabilities": [
            0.0012987012742087245,
            0.998701274394989
          ],
          "class_index": 84,
          "conditional_hand_mass": 0.0045248869052198935,
          "expected_action_loss_bb": 0.0020440383483466755,
          "probability_on_actions_losing_over_0_1bb": 0.0012987012742087245,
          "reference_expected_action_loss_bb": 0.00027420028802778673
        },
        {
          "action_values_bb": [
            -0.9999999765127903,
            -0.5547637700050805
          ],
          "candidate_probabilities": [
            0.0012987012742087245,
            0.998701274394989
          ],
          "class_index": 85,
          "conditional_hand_mass": 0.009049773810439787,
          "expected_action_loss_bb": 0.0005782288287154214,
          "probability_on_actions_losing_over_0_1bb": 0.0012987012742087245,
          "reference_expected_action_loss_bb": 0.00007756728806383805
        },
        {
          "action_values_bb": [
            -0.9999999765127903,
            -0.5111710214456617
          ],
          "candidate_probabilities": [
            0.0012987012742087245,
            0.998701274394989
          ],
          "class_index": 86,
          "conditional_hand_mass": 0.009049773810439787,
          "expected_action_loss_bb": 0.0006348427868157992,
          "probability_on_actions_losing_over_0_1bb": 0.0012987012742087245,
          "reference_expected_action_loss_bb": 0.00008516184402218045
        },
        {
          "action_values_bb": [
            -0.9999999765127903,
            -0.4027310548590033
          ],
          "candidate_probabilities": [
            0.0012987012742087245,
            0.998701274394989
          ],
          "class_index": 87,
          "conditional_hand_mass": 0.009049773810439787,
          "expected_action_loss_bb": 0.000775673909597044,
          "probability_on_actions_losing_over_0_1bb": 0.0012987012742087245,
          "reference_expected_action_loss_bb": 0.00010405382540850253
        },
        {
          "action_values_bb": [
            -0.9999999765127903,
            -0.2193982853172284
          ],
          "candidate_probabilities": [
            0.0012987012742087245,
            0.998701274394989
          ],
          "class_index": 88,
          "conditional_hand_mass": 0.009049773810439787,
          "expected_action_loss_bb": 0.0010137684110051615,
          "probability_on_actions_losing_over_0_1bb": 0.0012987012742087245,
          "reference_expected_action_loss_bb": 0.00013599333423266156
        },
        {
          "action_values_bb": [
            -0.9999999765127903,
            0.08062620126930264
          ],
          "candidate_probabilities": [
            0.0012987012742087245,
            0.998701274394989
          ],
          "class_index": 89,
          "conditional_hand_mass": 0.009049773810439787,
          "expected_action_loss_bb": 0.0014034105940289078,
          "probability_on_actions_losing_over_0_1bb": 0.0012987012742087245,
          "reference_expected_action_loss_bb": 0.000188262411718074
        },
        {
          "action_values_bb": [
            -0.9999999765127903,
            0.1878828504957597
          ],
          "candidate_probabilities": [
            0.0012987012742087245,
            0.998701274394989
          ],
          "class_index": 90,
          "conditional_hand_mass": 0.009049773810439787,
          "expected_action_loss_bb": 0.0015427049410466657,
          "probability_on_actions_losing_over_0_1bb": 0.0012987012742087245,
          "reference_expected_action_loss_bb": 0.0002069482402416951
        },
        {
          "action_values_bb": [
            -0.9999999765127903,
            -0.6489294521324861
          ],
          "candidate_probabilities": [
            0.0012987015070393682,
            0.9987013339996338
          ],
          "class_index": 91,
          "conditional_hand_mass": 0.0030165911925363843,
          "expected_action_loss_bb": 0.00045593581908980226,
          "probability_on_actions_losing_over_0_1bb": 0.0012987015070393682,
          "reference_expected_action_loss_bb": 0.0000611621312936903
        },
        {
          "action_values_bb": [
            -0.9999999765127903,
            -0.5222304157450393
          ],
          "candidate_probabilities": [
            0.0012987015070393682,
            0.9987013339996338
          ],
          "class_index": 92,
          "conditional_hand_mass": 0.0030165911925363843,
          "expected_action_loss_bb": 0.0006204800485866152,
          "probability_on_actions_losing_over_0_1bb": 0.0012987015070393682,
          "reference_expected_action_loss_bb": 0.0000832351410172825
        },
        {
          "action_values_bb": [
            -0.9999999765127903,
            -0.5824985026060061
          ],
          "candidate_probabilities": [
            0.0012987015070393682,
            0.9987013339996338
          ],
          "class_index": 93,
          "conditional_hand_mass": 0.0030165911925363843,
          "expected_action_loss_bb": 0.0005422097933538981,
          "probability_on_actions_losing_over_0_1bb": 0.0012987015070393682,
          "reference_expected_action_loss_bb": 0.00007273547104949871
        },
        {
          "action_values_bb": [
            -0.9999999765127903,
            -0.47365553425954743
          ],
          "candidate_probabilities": [
            0.0012987015070393682,
            0.9987013339996338
          ],
          "class_index": 94,
          "conditional_hand_mass": 0.0030165911925363843,
          "expected_action_loss_bb": 0.0006835643203760821,
          "probability_on_actions_losing_over_0_1bb": 0.0012987015070393682,
          "reference_expected_action_loss_bb": 0.00009169766655751487
        },
        {
          "action_values_bb": [
            -0.9999999765127903,
            -0.4405470288335547
          ],
          "candidate_probabilities": [
            0.0012987015070393682,
            0.9987013339996338
          ],
          "class_index": 95,
          "conditional_hand_mass": 0.0030165911925363843,
          "expected_action_loss_bb": 0.00072656238626864,
          "probability_on_actions_losing_over_0_1bb": 0.0012987015070393682,
          "reference_expected_action_loss_bb": 0.00009746570065658045
        },
        {
          "action_values_bb": [
            -0.9999999765127903,
            -0.441325101112007
          ],
          "candidate_probabilities": [
            0.0012987015070393682,
            0.9987013339996338
          ],
          "class_index": 96,
          "conditional_hand_mass": 0.0030165911925363843,
          "expected_action_loss_bb": 0.0007255519026280285,
          "probability_on_actions_losing_over_0_1bb": 0.0012987015070393682,
          "reference_expected_action_loss_bb": 0.00009733014795264816
        },
        {
          "action_values_bb": [
            -0.9999999765127903,
            -0.3015361251422766
          ],
          "candidate_probabilities": [
            0.0012987015070393682,
            0.9987013339996338
          ],
          "class_index": 97,
          "conditional_hand_mass": 0.0030165911925363843,
          "expected_action_loss_bb": 0.0009070960563874074,
          "probability_on_actions_losing_over_0_1bb": 0.0012987015070393682,
          "reference_expected_action_loss_bb": 0.00012168363566501855
        },
        {
          "action_values_bb": [
            -0.9999999765127903,
            0.8499225343217794
          ],
          "candidate_probabilities": [
            0.0012987012742087245,
            0.998701274394989
          ],
          "class_index": 98,
          "conditional_hand_mass": 0.0045248869052198935,
          "expected_action_loss_bb": 0.0024024967220082584,
          "probability_on_actions_losing_over_0_1bb": 0.0012987012742087245,
          "reference_expected_action_loss_bb": 0.00032228617124200313
        },
        {
          "action_values_bb": [
            -0.9999999765127903,
            -0.2854167218292184
          ],
          "candidate_probabilities": [
            0.0012987012742087245,
            0.998701274394989
          ],
          "class_index": 99,
          "conditional_hand_mass": 0.009049773810439787,
          "expected_action_loss_bb": 0.0009280301833857723,
          "probability_on_actions_losing_over_0_1bb": 0.0012987012742087245,
          "reference_expected_action_loss_bb": 0.00012449186376013147
        },
        {
          "action_values_bb": [
            -0.9999999765127903,
            -0.24356851383306105
          ],
          "candidate_probabilities": [
            0.0012987012742087245,
            0.998701274394989
          ],
          "class_index": 100,
          "conditional_hand_mass": 0.009049773810439787,
          "expected_action_loss_bb": 0.0009823785044337336,
          "probability_on_actions_losing_over_0_1bb": 0.0012987012742087245,
          "reference_expected_action_loss_bb": 0.00013178249277266023
        },
        {
          "action_values_bb": [
            -0.9999999765127903,
            -0.07952521974226205
          ],
          "candidate_probabilities": [
            0.0012987012742087245,
            0.998701274394989
          ],
          "class_index": 101,
          "conditional_hand_mass": 0.009049773810439787,
          "expected_action_loss_bb": 0.0011954217394948509,
          "probability_on_actions_losing_over_0_1bb": 0.0012987012742087245,
          "reference_expected_action_loss_bb": 0.00016036146560033742
        },
        {
          "action_values_bb": [
            -0.9999999765127903,
            0.11300253913192712
          ],
          "candidate_probabilities": [
            0.0012987012742087245,
            0.998701274394989
          ],
          "class_index": 102,
          "conditional_hand_mass": 0.009049773810439787,
          "expected_action_loss_bb": 0.0014454577852653103,
          "probability_on_actions_losing_over_0_1bb": 0.0012987012742087245,
          "reference_expected_action_loss_bb": 0.00019390288903940533
        },
        {
          "action_values_bb": [
            -0.9999999765127903,
            0.22628561723985355
          ],
          "candidate_probabilities": [
            0.0012987012742087245,
            0.998701274394989
          ],
          "class_index": 103,
          "conditional_hand_mass": 0.009049773810439787,
          "expected_action_loss_bb": 0.0015925786631503607,
          "probability_on_actions_losing_over_0_1bb": 0.0012987012742087245,
          "reference_expected_action_loss_bb": 0.00021363861812864244
        },
        {
          "action_values_bb": [
            -0.9999999765127903,
            -0.6039533539825871
          ],
          "candidate_probabilities": [
            0.0012987015070393682,
            0.9987013339996338
          ],
          "class_index": 104,
          "conditional_hand_mass": 0.0030165911925363843,
          "expected_action_loss_bb": 0.0005143463455378266,
          "probability_on_actions_losing_over_0_1bb": 0.0012987015070393682,
          "reference_expected_action_loss_bb": 0.00006899769090091648
        },
        {
          "action_values_bb": [
            -0.9999999765127903,
            -0.5693570903512833
          ],
          "candidate_probabilities": [
            0.0012987015070393682,
            0.9987013339996338
          ],
          "class_index": 105,
          "conditional_hand_mass": 0.0030165911925363843,
          "expected_action_loss_bb": 0.0005592765652537321,
          "probability_on_actions_losing_over_0_1bb": 0.0012987015070393682,
          "reference_expected_action_loss_bb": 0.0000750249164056038
        },
        {
          "action_values_bb": [
            -0.9999999765127903,
            -0.5323212114107065
          ],
          "candidate_probabilities": [
            0.0012987015070393682,
            0.9987013339996338
          ],
          "class_index": 106,
          "conditional_hand_mass": 0.0030165911925363843,
          "expected_action_loss_bb": 0.0006073751170483868,
          "probability_on_actions_losing_over_0_1bb": 0.0012987015070393682,
          "reference_expected_action_loss_bb": 0.00008147716213127162
        },
        {
          "action_values_bb": [
            -0.9999999765127903,
            -0.48910878392682744
          ],
          "candidate_probabilities": [
            0.0012987015070393682,
            0.9987013339996338
          ],
          "class_index": 107,
          "conditional_hand_mass": 0.0030165911925363843,
          "expected_action_loss_bb": 0.00066349516174453,
          "probability_on_actions_losing_over_0_1bb": 0.0012987015070393682,
          "reference_expected_action_loss_bb": 0.00008900546194497242
        },
        {
          "action_values_bb": [
            -0.9999999765127903,
            -0.42400437468679775
          ],
          "candidate_probabilities": [
            0.0012987015070393682,
            0.9987013339996338
          ],
          "class_index": 108,
          "conditional_hand_mass": 0.0030165911925363843,
          "expected_action_loss_bb": 0.0007480463561394643,
          "probability_on_actions_losing_over_0_1bb": 0.0012987015070393682,
          "reference_expected_action_loss_bb": 0.00010034769704934518
        },
        {
          "action_values_bb": [
            -0.9999999765127903,
            -0.3605049573976681
          ],
          "candidate_probabilities": [
            0.0012987015070393682,
            0.9987013339996338
          ],
          "class_index": 109,
          "conditional_hand_mass": 0.0030165911925363843,
          "expected_action_loss_bb": 0.0008305131450689787,
          "probability_on_actions_losing_over_0_1bb": 0.0012987015070393682,
          "reference_expected_action_loss_bb": 0.00011141031674425132
        },
        {
          "action_values_bb": [
            -0.9999999765127903,
            -0.27376969553194347
          ],
          "candidate_probabilities": [
            0.0012987015070393682,
            0.9987013339996338
          ],
          "class_index": 110,
          "conditional_hand_mass": 0.0030165911925363843,
          "expected_action_loss_bb": 0.0009431563603674494,
          "probability_on_actions_losing_over_0_1bb": 0.0012987015070393682,
          "reference_expected_action_loss_bb": 0.00012652099424526931
        },
        {
          "action_values_bb": [
            -0.9999999765127903,
            -0.0810190462141399
          ],
          "candidate_probabilities": [
            0.0012987015070393682,
            0.9987013339996338
          ],
          "class_index": 111,
          "conditional_hand_mass": 0.0030165911925363843,
          "expected_action_loss_bb": 0.0011934819191192977,
          "probability_on_actions_losing_over_0_1bb": 0.0012987015070393682,
          "reference_expected_action_loss_bb": 0.0001601012571891012
        },
        {
          "action_values_bb": [
            -0.9999999765127903,
            1.0595624659952945
          ],
          "candidate_probabilities": [
            0.0012987012742087245,
            0.998701274394989
          ],
          "class_index": 112,
          "conditional_hand_mass": 0.0045248869052198935,
          "expected_action_loss_bb": 0.002674756368397683,
          "probability_on_actions_losing_over_0_1bb": 0.0012987012742087245,
          "reference_expected_action_loss_bb": 0.0003588088096351171
        },
        {
          "action_values_bb": [
            -0.9999999765127903,
            -0.0757600217276104
          ],
          "candidate_probabilities": [
            0.0012987012742087245,
            0.998701274394989
          ],
          "class_index": 113,
          "conditional_hand_mass": 0.009049773810439787,
          "expected_action_loss_bb": 0.001200311606954127,
          "probability_on_actions_losing_over_0_1bb": 0.0012987012742087245,
          "reference_expected_action_loss_bb": 0.00016101742348235843
        },
        {
          "action_values_bb": [
            -0.9999999765127903,
            0.061957684865321286
          ],
          "candidate_probabilities": [
            0.0012987012742087245,
            0.998701274394989
          ],
          "class_index": 114,
          "conditional_hand_mass": 0.009049773810439787,
          "expected_action_loss_bb": 0.0013791657679874708,
          "probability_on_actions_losing_over_0_1bb": 0.0012987012742087245,
          "reference_expected_action_loss_bb": 0.00018501005674678746
        },
        {
          "action_values_bb": [
            -0.9999999765127903,
            0.25813506494660726
          ],
          "candidate_probabilities": [
            0.0012987012742087245,
            0.998701274394989
          ],
          "class_index": 115,
          "conditional_hand_mass": 0.009049773810439787,
          "expected_action_loss_bb": 0.001633941581469966,
          "probability_on_actions_losing_over_0_1bb": 0.0012987012742087245,
          "reference_expected_action_loss_bb": 0.00021918730273432968
        },
        {
          "action_values_bb": [
            -0.9999999765127903,
            0.3733157997552288
          ],
          "candidate_probabilities": [
            0.0012987012742087245,
            0.998701274394989
          ],
          "class_index": 116,
          "conditional_hand_mass": 0.009049773810439787,
          "expected_action_loss_bb": 0.00178352694853022,
          "probability_on_actions_losing_over_0_1bb": 0.0012987012742087245,
          "reference_expected_action_loss_bb": 0.00023925363405626402
        },
        {
          "action_values_bb": [
            -0.9999999765127903,
            -0.4985896972838522
          ],
          "candidate_probabilities": [
            0.0012987015070393682,
            0.9987013339996338
          ],
          "class_index": 117,
          "conditional_hand_mass": 0.0030165911925363843,
          "expected_action_loss_bb": 0.0006511822852796523,
          "probability_on_actions_losing_over_0_1bb": 0.0012987015070393682,
          "reference_expected_action_loss_bb": 0.00008735373436530728
        },
        {
          "action_values_bb": [
            -0.9999999765127903,
            -0.5824395414343992
          ],
          "candidate_probabilities": [
            0.0012987015070393682,
            0.9987013339996338
          ],
          "class_index": 118,
          "conditional_hand_mass": 0.0030165911925363843,
          "expected_action_loss_bb": 0.0005422863663163207,
          "probability_on_actions_losing_over_0_1bb": 0.0012987015070393682,
          "reference_expected_action_loss_bb": 0.00007274574303381131
        },
        {
          "action_values_bb": [
            -0.9999999765127903,
            -0.45932375189864
          ],
          "candidate_probabilities": [
            0.0012987015070393682,
            0.9987013339996338
          ],
          "class_index": 119,
          "conditional_hand_mass": 0.0030165911925363843,
          "expected_action_loss_bb": 0.000702177027726753,
          "probability_on_actions_losing_over_0_1bb": 0.0012987015070393682,
          "reference_expected_action_loss_bb": 0.0000941944935297527
        },
        {
          "action_values_bb": [
            -0.9999999765127903,
            -0.36229272898054926
          ],
          "candidate_probabilities": [
            0.0012987015070393682,
            0.9987013339996338
          ],
          "class_index": 120,
          "conditional_hand_mass": 0.0030165911925363843,
          "expected_action_loss_bb": 0.0008281913634200488,
          "probability_on_actions_losing_over_0_1bb": 0.0012987015070393682,
          "reference_expected_action_loss_bb": 0.00011109885818341565
        },
        {
          "action_values_bb": [
            -0.9999999765127903,
            -0.34385742122521346
          ],
          "candidate_probabilities": [
            0.0012987015070393682,
            0.9987013339996338
          ],
          "class_index": 121,
          "conditional_hand_mass": 0.0030165911925363843,
          "expected_action_loss_bb": 0.000852133325384638,
          "probability_on_actions_losing_over_0_1bb": 0.0012987015070393682,
          "reference_expected_action_loss_bb": 0.00011431058527261441
        },
        {
          "action_values_bb": [
            -0.9999999765127903,
            -0.3056089003490312
          ],
          "candidate_probabilities": [
            0.0012987015070393682,
            0.9987013339996338
          ],
          "class_index": 122,
          "conditional_hand_mass": 0.0030165911925363843,
          "expected_action_loss_bb": 0.0009018067370885626,
          "probability_on_actions_losing_over_0_1bb": 0.0012987015070393682,
          "reference_expected_action_loss_bb": 0.00012097409272527755
        },
        {
          "action_values_bb": [
            -0.9999999765127903,
            -0.14157729627884366
          ],
          "candidate_probabilities": [
            0.0012987015070393682,
            0.9987013339996338
          ],
          "class_index": 123,
          "conditional_hand_mass": 0.0030165911925363843,
          "expected_action_loss_bb": 0.0011148348284966002,
          "probability_on_actions_losing_over_0_1bb": 0.0012987015070393682,
          "reference_expected_action_loss_bb": 0.00014955103612479664
        },
        {
          "action_values_bb": [
            -0.9999999765127903,
            -0.036996268438155185
          ],
          "candidate_probabilities": [
            0.0012987015070393682,
            0.9987013339996338
          ],
          "class_index": 124,
          "conditional_hand_mass": 0.0030165911925363843,
          "expected_action_loss_bb": 0.0012506543669610283,
          "probability_on_actions_losing_over_0_1bb": 0.0012987015070393682,
          "reference_expected_action_loss_bb": 0.00016777073305581053
        },
        {
          "action_values_bb": [
            -0.9999999765127903,
            0.15632266758802957
          ],
          "candidate_probabilities": [
            0.0012987015070393682,
            0.9987013339996338
          ],
          "class_index": 125,
          "conditional_hand_mass": 0.0030165911925363843,
          "expected_action_loss_bb": 0.0015017179605174818,
          "probability_on_actions_losing_over_0_1bb": 0.0012987015070393682,
          "reference_expected_action_loss_bb": 0.0002014500006834786
        },
        {
          "action_values_bb": [
            -0.9999999765127903,
            1.3332104734157648
          ],
          "candidate_probabilities": [
            0.0012987012742087245,
            0.998701274394989
          ],
          "class_index": 126,
          "conditional_hand_mass": 0.0045248869052198935,
          "expected_action_loss_bb": 0.003030143384319326,
          "probability_on_actions_losing_over_0_1bb": 0.0012987012742087245,
          "reference_expected_action_loss_bb": 0.0004064826814124595
        },
        {
          "action_values_bb": [
            -0.9999999765127903,
            0.1541459459406253
          ],
          "candidate_probabilities": [
            0.0012987012742087245,
            0.998701274394989
          ],
          "class_index": 127,
          "conditional_hand_mass": 0.009049773810439787,
          "expected_action_loss_bb": 0.0014988907801130546,
          "probability_on_actions_losing_over_0_1bb": 0.0012987012742087245,
          "reference_expected_action_loss_bb": 0.00020107073038117345
        },
        {
          "action_values_bb": [
            -0.9999999765127903,
            0.3672365586637536
          ],
          "candidate_probabilities": [
            0.0012987012742087245,
            0.998701274394989
          ],
          "class_index": 128,
          "conditional_hand_mass": 0.009049773810439787,
          "expected_action_loss_bb": 0.001775631830378499,
          "probability_on_actions_losing_over_0_1bb": 0.0012987012742087245,
          "reference_expected_action_loss_bb": 0.00023819453275664002
        },
        {
          "action_values_bb": [
            -0.9999999765127903,
            0.4078538338499019
          ],
          "candidate_probabilities": [
            0.0012987012742087245,
            0.998701274394989
          ],
          "class_index": 129,
          "conditional_hand_mass": 0.009049773810439787,
          "expected_action_loss_bb": 0.0018283815374176365,
          "probability_on_actions_losing_over_0_1bb": 0.0012987012742087245,
          "reference_expected_action_loss_bb": 0.00024527071353143426
        },
        {
          "action_values_bb": [
            -0.9999999765127903,
            -0.3469128149602897
          ],
          "candidate_probabilities": [
            0.0012987015070393682,
            0.9987013339996338
          ],
          "class_index": 130,
          "conditional_hand_mass": 0.0030165911925363843,
          "expected_action_loss_bb": 0.0008481652809362958,
          "probability_on_actions_losing_over_0_1bb": 0.0012987015070393682,
          "reference_expected_action_loss_bb": 0.00011377828654685691
        },
        {
          "action_values_bb": [
            -0.9999999765127903,
            -0.2770182409007214
          ],
          "candidate_probabilities": [
            0.0012987015070393682,
            0.9987013339996338
          ],
          "class_index": 131,
          "conditional_hand_mass": 0.0030165911925363843,
          "expected_action_loss_bb": 0.0009389374696013319,
          "probability_on_actions_losing_over_0_1bb": 0.0012987015070393682,
          "reference_expected_action_loss_bb": 0.00012595504539863968
        },
        {
          "action_values_bb": [
            -0.9999999765127903,
            -0.36463736085497833
          ],
          "candidate_probabilities": [
            0.0012987015070393682,
            0.9987013339996338
          ],
          "class_index": 132,
          "conditional_hand_mass": 0.0030165911925363843,
          "expected_action_loss_bb": 0.0008251463864712752,
          "probability_on_actions_losing_over_0_1bb": 0.0012987015070393682,
          "reference_expected_action_loss_bb": 0.00011069038560431683
        },
        {
          "action_values_bb": [
            -0.9999999765127903,
            -0.17761307324438455
          ],
          "candidate_probabilities": [
            0.0012987015070393682,
            0.9987013339996338
          ],
          "class_index": 133,
          "conditional_hand_mass": 0.0030165911925363843,
          "expected_action_loss_bb": 0.0010680351106441175,
          "probability_on_actions_losing_over_0_1bb": 0.0012987015070393682,
          "reference_expected_action_loss_bb": 0.00014327302424690683
        },
        {
          "action_values_bb": [
            -0.9999999765127903,
            -0.18740328528757375
          ],
          "candidate_probabilities": [
            0.0012987015070393682,
            0.9987013339996338
          ],
          "class_index": 134,
          "conditional_hand_mass": 0.0030165911925363843,
          "expected_action_loss_bb": 0.0010553205475093929,
          "probability_on_actions_losing_over_0_1bb": 0.0012987015070393682,
          "reference_expected_action_loss_bb": 0.00014156741186194353
        },
        {
          "action_values_bb": [
            -0.9999999765127903,
            -0.2020859726942448
          ],
          "candidate_probabilities": [
            0.0012987015070393682,
            0.9987013339996338
          ],
          "class_index": 135,
          "conditional_hand_mass": 0.0030165911925363843,
          "expected_action_loss_bb": 0.0010362521192469611,
          "probability_on_actions_losing_over_0_1bb": 0.0012987015070393682,
          "reference_expected_action_loss_bb": 0.0001390094515874483
        },
        {
          "action_values_bb": [
            -0.9999999765127903,
            0.062293134122213906
          ],
          "candidate_probabilities": [
            0.0012987015070393682,
            0.9987013339996338
          ],
          "class_index": 136,
          "conditional_hand_mass": 0.0030165911925363843,
          "expected_action_loss_bb": 0.0013796016636992182,
          "probability_on_actions_losing_over_0_1bb": 0.0012987015070393682,
          "reference_expected_action_loss_bb": 0.0001850685437626158
        },
        {
          "action_values_bb": [
            -0.9999999765127903,
            0.1504215580945694
          ],
          "candidate_probabilities": [
            0.0012987015070393682,
            0.9987013339996338
          ],
          "class_index": 137,
          "conditional_hand_mass": 0.0030165911925363843,
          "expected_action_loss_bb": 0.0014940541807251205,
          "probability_on_actions_losing_over_0_1bb": 0.0012987015070393682,
          "reference_expected_action_loss_bb": 0.0002004219325075628
        },
        {
          "action_values_bb": [
            -0.9999999765127903,
            0.31026530507999023
          ],
          "candidate_probabilities": [
            0.0012987015070393682,
            0.9987013339996338
          ],
          "class_index": 138,
          "conditional_hand_mass": 0.0030165911925363843,
          "expected_action_loss_bb": 0.001701643495825906,
          "probability_on_actions_losing_over_0_1bb": 0.0012987015070393682,
          "reference_expected_action_loss_bb": 0.00022826928385343443
        },
        {
          "action_values_bb": [
            -0.9999999765127903,
            0.3025260703023496
          ],
          "candidate_probabilities": [
            0.0012987015070393682,
            0.9987013339996338
          ],
          "class_index": 139,
          "conditional_hand_mass": 0.0030165911925363843,
          "expected_action_loss_bb": 0.0016915925399568527,
          "probability_on_actions_losing_over_0_1bb": 0.0012987015070393682,
          "reference_expected_action_loss_bb": 0.0002269209846921241
        },
        {
          "action_values_bb": [
            -0.9999999765127903,
            1.560196093178381
          ],
          "candidate_probabilities": [
            0.0012987012742087245,
            0.998701274394989
          ],
          "class_index": 140,
          "conditional_hand_mass": 0.0045248869052198935,
          "expected_action_loss_bb": 0.0033249298979320927,
          "probability_on_actions_losing_over_0_1bb": 0.0012987012742087245,
          "reference_expected_action_loss_bb": 0.0004460272168683171
        },
        {
          "action_values_bb": [
            -0.9999999765127903,
            0.5169024346620082
          ],
          "candidate_probabilities": [
            0.0012987012742087245,
            0.998701274394989
          ],
          "class_index": 141,
          "conditional_hand_mass": 0.009049773810439787,
          "expected_action_loss_bb": 0.0019700030942429976,
          "probability_on_actions_losing_over_0_1bb": 0.0012987012742087245,
          "reference_expected_action_loss_bb": 0.0002642687287613674
        },
        {
          "action_values_bb": [
            -0.9999999765127903,
            0.4698381211781425
          ],
          "candidate_probabilities": [
            0.0012987012742087245,
            0.998701274394989
          ],
          "class_index": 142,
          "conditional_hand_mass": 0.009049773810439787,
          "expected_action_loss_bb": 0.0019088806103517422,
          "probability_on_actions_losing_over_0_1bb": 0.0012987012742087245,
          "reference_expected_action_loss_bb": 0.0002560693705147317
        },
        {
          "action_values_bb": [
            -0.9999999765127903,
            -0.13919297320695884
          ],
          "candidate_probabilities": [
            0.0012987015070393682,
            0.9987013339996338
          ],
          "class_index": 143,
          "conditional_hand_mass": 0.0030165911925363843,
          "expected_action_loss_bb": 0.0011179313524633256,
          "probability_on_actions_losing_over_0_1bb": 0.0012987015070393682,
          "reference_expected_action_loss_bb": 0.00014996642354880954
        },
        {
          "action_values_bb": [
            -0.9999999765127903,
            -0.03946360249165306
          ],
          "candidate_probabilities": [
            0.0012987015070393682,
            0.9987013339996338
          ],
          "class_index": 144,
          "conditional_hand_mass": 0.0030165911925363843,
          "expected_action_loss_bb": 0.001247450036507381,
          "probability_on_actions_losing_over_0_1bb": 0.0012987015070393682,
          "reference_expected_action_loss_bb": 0.00016734088378381082
        },
        {
          "action_values_bb": [
            -0.9999999765127903,
            -0.07475958083343111
          ],
          "candidate_probabilities": [
            0.0012987015070393682,
            0.9987013339996338
          ],
          "class_index": 145,
          "conditional_hand_mass": 0.0030165911925363843,
          "expected_action_loss_bb": 0.001201611096242485,
          "probability_on_actions_losing_over_0_1bb": 0.0012987015070393682,
          "reference_expected_action_loss_bb": 0.00016119175672368616
        },
        {
          "action_values_bb": [
            -0.9999999765127903,
            0.017659521836183925
          ],
          "candidate_probabilities": [
            0.0012987015070393682,
            0.9987013339996338
          ],
          "class_index": 146,
          "conditional_hand_mass": 0.0030165911925363843,
          "expected_action_loss_bb": 0.0013216359241587402,
          "probability_on_actions_losing_over_0_1bb": 0.0012987015070393682,
          "reference_expected_action_loss_bb": 0.00017729265070076298
        },
        {
          "action_values_bb": [
            -0.9999999765127903,
            0.10171923225183623
          ],
          "candidate_probabilities": [
            0.0012987015070393682,
            0.9987013339996338
          ],
          "class_index": 147,
          "conditional_hand_mass": 0.0030165911925363843,
          "expected_action_loss_bb": 0.0014308043967568409,
          "probability_on_actions_losing_over_0_1bb": 0.0012987015070393682,
          "reference_expected_action_loss_bb": 0.0001919372041107278
        },
        {
          "action_values_bb": [
            -0.9999999765127903,
            0.03258131938833019
          ],
          "candidate_probabilities": [
            0.0012987015070393682,
            0.9987013339996338
          ],
          "class_index": 148,
          "conditional_hand_mass": 0.0030165911925363843,
          "expected_action_loss_bb": 0.001341014885127449,
          "probability_on_actions_losing_over_0_1bb": 0.0012987015070393682,
          "reference_expected_action_loss_bb": 0.0001798922678079901
        },
        {
          "action_values_bb": [
            -0.9999999765127903,
            0.2725580864927749
          ],
          "candidate_probabilities": [
            0.0012987015070393682,
            0.9987013339996338
          ],
          "class_index": 149,
          "conditional_hand_mass": 0.0030165911925363843,
          "expected_action_loss_bb": 0.0016526730742204268,
          "probability_on_actions_losing_over_0_1bb": 0.0012987015070393682,
          "reference_expected_action_loss_bb": 0.00022170007996477975
        },
        {
          "action_values_bb": [
            -0.9999999765127903,
            0.3716059688159827
          ],
          "candidate_probabilities": [
            0.0012987015070393682,
            0.9987013339996338
          ],
          "class_index": 150,
          "conditional_hand_mass": 0.0030165911925363843,
          "expected_action_loss_bb": 0.0017813067082626346,
          "probability_on_actions_losing_over_0_1bb": 0.0012987015070393682,
          "reference_expected_action_loss_bb": 0.0002389558139621221
        },
        {
          "action_values_bb": [
            -0.9999999765127903,
            0.3865021860423086
          ],
          "candidate_probabilities": [
            0.0012987015070393682,
            0.9987013339996338
          ],
          "class_index": 151,
          "conditional_hand_mass": 0.0030165911925363843,
          "expected_action_loss_bb": 0.0018006524480236499,
          "probability_on_actions_losing_over_0_1bb": 0.0012987015070393682,
          "reference_expected_action_loss_bb": 0.00024155097456520628
        },
        {
          "action_values_bb": [
            -0.9999999765127903,
            0.5598330105306661
          ],
          "candidate_probabilities": [
            0.0012987015070393682,
            0.9987013339996338
          ],
          "class_index": 152,
          "conditional_hand_mass": 0.0030165911925363843,
          "expected_action_loss_bb": 0.002025757451003056,
          "probability_on_actions_losing_over_0_1bb": 0.0012987015070393682,
          "reference_expected_action_loss_bb": 0.0002717479917124404
        },
        {
          "action_values_bb": [
            -0.9999999765127903,
            0.6942079307142899
          ],
          "candidate_probabilities": [
            0.0012987015070393682,
            0.9987013339996338
          ],
          "class_index": 153,
          "conditional_hand_mass": 0.0030165911925363843,
          "expected_action_loss_bb": 0.002200270362353823,
          "probability_on_actions_losing_over_0_1bb": 0.0012987015070393682,
          "reference_expected_action_loss_bb": 0.000295158263837556
        },
        {
          "action_values_bb": [
            -0.9999999765127903,
            1.8426695120546035
          ],
          "candidate_probabilities": [
            0.0012987012742087245,
            0.998701274394989
          ],
          "class_index": 154,
          "conditional_hand_mass": 0.0045248869052198935,
          "expected_action_loss_bb": 0.0036917784869567372,
          "probability_on_actions_losing_over_0_1bb": 0.0012987012742087245,
          "reference_expected_action_loss_bb": 0.0004952386168670046
        },
        {
          "action_values_bb": [
            -0.9999999765127903,
            0.6436323718678593
          ],
          "candidate_probabilities": [
            0.0012987012742087245,
            0.998701274394989
          ],
          "class_index": 155,
          "conditional_hand_mass": 0.009049773810439787,
          "expected_action_loss_bb": 0.0021345874251726274,
          "probability_on_actions_losing_over_0_1bb": 0.0012987012742087245,
          "reference_expected_action_loss_bb": 0.0002863471163719853
        },
        {
          "action_values_bb": [
            -0.9999999765127903,
            0.00346868276681117
          ],
          "candidate_probabilities": [
            0.0012987015070393682,
            0.9987013339996338
          ],
          "class_index": 156,
          "conditional_hand_mass": 0.0030165911925363843,
          "expected_action_loss_bb": 0.0013032062600731925,
          "probability_on_actions_losing_over_0_1bb": 0.0012987015070393682,
          "reference_expected_action_loss_bb": 0.00017482037831657277
        },
        {
          "action_values_bb": [
            -0.9999999765127903,
            0.18873709888643397
          ],
          "candidate_probabilities": [
            0.0012987015070393682,
            0.9987013339996338
          ],
          "class_index": 157,
          "conditional_hand_mass": 0.0030165911925363843,
          "expected_action_loss_bb": 0.0015438146312945437,
          "probability_on_actions_losing_over_0_1bb": 0.0012987015070393682,
          "reference_expected_action_loss_bb": 0.00020709711590735793
        },
        {
          "action_values_bb": [
            -0.9999999765127903,
            0.1821999403745963
          ],
          "candidate_probabilities": [
            0.0012987015070393682,
            0.9987013339996338
          ],
          "class_index": 158,
          "conditional_hand_mass": 0.0030165911925363843,
          "expected_action_loss_bb": 0.0015353248136834648,
          "probability_on_actions_losing_over_0_1bb": 0.0012987015070393682,
          "reference_expected_action_loss_bb": 0.00020595823776344528
        },
        {
          "action_values_bb": [
            -0.9999999765127903,
            0.24370550172300592
          ],
          "candidate_probabilities": [
            0.0012987015070393682,
            0.9987013339996338
          ],
          "class_index": 159,
          "conditional_hand_mass": 0.0030165911925363843,
          "expected_action_loss_bb": 0.0016152021788979466,
          "probability_on_actions_losing_over_0_1bb": 0.0012987015070393682,
          "reference_expected_action_loss_bb": 0.00021667349568811367
        },
        {
          "action_values_bb": [
            -0.9999999765127903,
            0.22250618462118077
          ],
          "candidate_probabilities": [
            0.0012987015070393682,
            0.9987013339996338
          ],
          "class_index": 160,
          "conditional_hand_mass": 0.0030165911925363843,
          "expected_action_loss_bb": 0.001587670593829601,
          "probability_on_actions_losing_over_0_1bb": 0.0012987015070393682,
          "reference_expected_action_loss_bb": 0.0002129802337197183
        },
        {
          "action_values_bb": [
            -0.9999999765127903,
            0.21162081185274645
          ],
          "candidate_probabilities": [
            0.0012987015070393682,
            0.9987013339996338
          ],
          "class_index": 161,
          "conditional_hand_mass": 0.0030165911925363843,
          "expected_action_loss_bb": 0.00157353374381055,
          "probability_on_actions_losing_over_0_1bb": 0.0012987015070393682,
          "reference_expected_action_loss_bb": 0.00021108382672394748
        },
        {
          "action_values_bb": [
            -0.9999999765127903,
            0.42993612677455284
          ],
          "candidate_probabilities": [
            0.0012987015070393682,
            0.9987013339996338
          ],
          "class_index": 162,
          "conditional_hand_mass": 0.0030165911925363843,
          "expected_action_loss_bb": 0.0018570601723092743,
          "probability_on_actions_losing_over_0_1bb": 0.0012987015070393682,
          "reference_expected_action_loss_bb": 0.0002491178655491676
        },
        {
          "action_values_bb": [
            -0.9999999765127903,
            0.42006193809917547
          ],
          "candidate_probabilities": [
            0.0012987015070393682,
            0.9987013339996338
          ],
          "class_index": 163,
          "conditional_hand_mass": 0.0030165911925363843,
          "expected_action_loss_bb": 0.0018442365485957703,
          "probability_on_actions_losing_over_0_1bb": 0.0012987015070393682,
          "reference_expected_action_loss_bb": 0.0002473976230843576
        },
        {
          "action_values_bb": [
            -0.9999999765127903,
            0.49690982034127634
          ],
          "candidate_probabilities": [
            0.0012987015070393682,
            0.9987013339996338
          ],
          "class_index": 164,
          "conditional_hand_mass": 0.0030165911925363843,
          "expected_action_loss_bb": 0.0019440390090763706,
          "probability_on_actions_losing_over_0_1bb": 0.0012987015070393682,
          "reference_expected_action_loss_bb": 0.00026078576004524314
        },
        {
          "action_values_bb": [
            -0.9999999765127903,
            0.4550843145480552
          ],
          "candidate_probabilities": [
            0.0012987015070393682,
            0.9987013339996338
          ],
          "class_index": 165,
          "conditional_hand_mass": 0.0030165911925363843,
          "expected_action_loss_bb": 0.0018897201616700306,
          "probability_on_actions_losing_over_0_1bb": 0.0012987015070393682,
          "reference_expected_action_loss_bb": 0.00025349908429465
        },
        {
          "action_values_bb": [
            -0.9999999765127903,
            0.6983824677387557
          ],
          "candidate_probabilities": [
            0.0012987015070393682,
            0.9987013339996338
          ],
          "class_index": 166,
          "conditional_hand_mass": 0.0030165911925363843,
          "expected_action_loss_bb": 0.0022056918398786884,
          "probability_on_actions_losing_over_0_1bb": 0.0012987015070393682,
          "reference_expected_action_loss_bb": 0.0002958855353224846
        },
        {
          "action_values_bb": [
            -0.9999999765127903,
            0.8578131745021301
          ],
          "candidate_probabilities": [
            0.0012987015070393682,
            0.9987013339996338
          ],
          "class_index": 167,
          "conditional_hand_mass": 0.0030165911925363843,
          "expected_action_loss_bb": 0.0024127447390206343,
          "probability_on_actions_losing_over_0_1bb": 0.0012987015070393682,
          "reference_expected_action_loss_bb": 0.0003236609284191271
        },
        {
          "action_values_bb": [
            -0.9999999765127903,
            2.032776339209756
          ],
          "candidate_probabilities": [
            0.0012987012742087245,
            0.998701274394989
          ],
          "class_index": 168,
          "conditional_hand_mass": 0.0045248869052198935,
          "expected_action_loss_bb": 0.0039386704656189115,
          "probability_on_actions_losing_over_0_1bb": 0.0012987012742087245,
          "reference_expected_action_loss_bb": 0.0005283582751726698
        }
      ],
      "joint_reach_independent_model": 0.010819934034410313,
      "opponent_mass": 0.010819933631336376,
      "passes_local_tail_gate": true,
      "path": [
        2,
        1
      ],
      "position": "BB",
      "reference_weighted_action_loss_bb": 0.00013567908791285862,
      "scope": "One-action deviation followed by reference play, same reference arriving ranges; excludes physical-deal validation",
      "status": "evaluated",
      "weighted_action_loss_bb": 0.0009293954031499471,
      "weighted_excess_action_loss_bb": 0.0007937163152370885,
      "worst_relevant_probability_on_strongly_inferior_actions": 0.0012987015070393682
    }
  ],
  "thresholds": {
    "excess_gap_bb": 0.02,
    "max_loss_bb": 0.03,
    "mean_loss_bb": 0.01,
    "reference_gap_bb": 0.005
  },
  "unilateral_max_positive_loss_bb": 0.0063268035323904015,
  "unilateral_mean_positive_loss_bb": 0.003338254959473208,
  "unilateral_replacements": [
    {
      "candidate_vs_reference_opponents_ev_bb": 0.19045662841983785,
      "position": "BTN",
      "reference_ev_bb": 0.19678343195222825,
      "seat": 0,
      "signed_loss_bb": 0.0063268035323904015
    },
    {
      "candidate_vs_reference_opponents_ev_bb": -0.113774694809513,
      "position": "SB",
      "reference_ev_bb": -0.11160972132563443,
      "seat": 1,
      "signed_loss_bb": 0.002164973483878563
    },
    {
      "candidate_vs_reference_opponents_ev_bb": -0.3238854265211678,
      "position": "BB",
      "reference_ev_bb": -0.32236243865901715,
      "seat": 2,
      "signed_loss_bb": 0.0015229878621506598
    }
  ]
}
