{
  "candidate_full_reference_evs_bb": [
    0.19753239684562524,
    -0.11147213168044265,
    -0.3204454145641193
  ],
  "candidate_full_reference_gaps_bb": [
    0.002021300184567899,
    0.0006014171974313125,
    0.0006991328619496383
  ],
  "candidate_iteration": 20,
  "candidate_learning_gap_bb": 0.0033218502439488497,
  "candidate_model": "coupled_preview64_v1",
  "elapsed_seconds": 0.0162828,
  "excess_learning_gap_bb": 0.0018681143415754649,
  "live_seats": [
    true,
    true,
    true
  ],
  "nodes": 70,
  "not_evaluated": [
    "physical equity",
    "unselected local action tails",
    "speedup",
    "preview workflow"
  ],
  "passes_global_policy_gates_with_converged_reference": true,
  "passes_relative_policy_gates": true,
  "reference_converged": true,
  "reference_evs_bb": [
    0.19678343195222825,
    -0.11160972132563443,
    -0.32236243865901715
  ],
  "reference_gaps_bb": [
    0.0008315260064387325,
    0.00041755293774475497,
    0.00020465695818989733
  ],
  "reference_iteration": 20,
  "reference_learning_gap_bb": 0.0014537359023733848,
  "reference_model": "coupled_deck_v1",
  "schema": 1,
  "scope": "Frozen policy evaluated under unchanged full coupled payoffs; no physical-deal or full postflop accuracy claim",
  "selected_local_action_quality": [
    {
      "actions": [
        {
          "kind": "fold",
          "label": "Fold",
          "to": 0.0
        },
        {
          "kind": "call",
          "label": "Limp 1",
          "to": 1.0
        },
        {
          "kind": "raise",
          "label": "Raise 2",
          "to": 2.0
        },
        {
          "kind": "raise",
          "label": "Raise 3",
          "to": 3.0
        }
      ],
      "actor": 0,
      "actor_mass": 1.000000037252903,
      "forced_or_frozen": false,
      "hands": [
        {
          "action_values_bb": [
            0.0,
            -0.4460725784301758,
            -0.014086280018091202,
            0.16448287665843964
          ],
          "candidate_probabilities": [
            0.00008710801921552047,
            0.00008710801921552047,
            0.0034236235078424215,
            0.9964022040367126
          ],
          "class_index": 0,
          "conditional_hand_mass": 0.0045248869052198935,
          "expected_action_loss_bb": 0.0006788656164679549,
          "probability_on_actions_losing_over_0_1bb": 0.0035978395462734625,
          "reference_expected_action_loss_bb": 0.0006608921509882158
        },
        {
          "action_values_bb": [
            0.0,
            -0.9041955471038818,
            -0.7893726229667664,
            -0.7742669582366943
          ],
          "candidate_probabilities": [
            0.9991804957389832,
            0.00008710802649147809,
            0.0006452877423726022,
            0.00008710802649147809
          ],
          "class_index": 1,
          "conditional_hand_mass": 0.009049773810439787,
          "expected_action_loss_bb": 0.0006555800341451236,
          "probability_on_actions_losing_over_0_1bb": 0.0008195037953555584,
          "reference_expected_action_loss_bb": 0.0006612696469045012
        },
        {
          "action_values_bb": [
            0.0,
            -0.8833550214767456,
            -0.753405749797821,
            -0.7389394044876099
          ],
          "candidate_probabilities": [
            0.9991433024406433,
            0.00008710801921552047,
            0.0006824792944826186,
            0.00008710801921552047
          ],
          "class_index": 2,
          "conditional_hand_mass": 0.009049773810439787,
          "expected_action_loss_bb": 0.0006554986786113,
          "probability_on_actions_losing_over_0_1bb": 0.0008566953329136595,
          "reference_expected_action_loss_bb": 0.0006589890612440155
        },
        {
          "action_values_bb": [
            0.0,
            -0.8523164987564087,
            -0.6991949081420898,
            -0.6965351104736328
          ],
          "candidate_probabilities": [
            0.9990841150283813,
            0.00008710801921552047,
            0.0007416934240609407,
            0.00008710801921552047
          ],
          "class_index": 3,
          "conditional_hand_mass": 0.009049773810439787,
          "expected_action_loss_bb": 0.0006535056612446818,
          "probability_on_actions_losing_over_0_1bb": 0.0009159094624919817,
          "reference_expected_action_loss_bb": 0.0006523106718839952
        },
        {
          "action_values_bb": [
            0.0,
            -0.882992148399353,
            -0.7512348294258118,
            -0.7444868087768555
          ],
          "candidate_probabilities": [
            0.9991187453269958,
            0.00008710801921552047,
            0.0007070223800837994,
            0.00008710801921552047
          ],
          "class_index": 4,
          "conditional_hand_mass": 0.009049773810439787,
          "expected_action_loss_bb": 0.0006729063053770449,
          "probability_on_actions_losing_over_0_1bb": 0.0008812384185148403,
          "reference_expected_action_loss_bb": 0.0006786215812146622
        },
        {
          "action_values_bb": [
            0.0,
            -0.9018765687942505,
            -0.7794403433799744,
            -0.7607014179229736
          ],
          "candidate_probabilities": [
            0.9990979433059692,
            0.0000871080337674357,
            0.0007278781267814338,
            0.0000871080337674357
          ],
          "class_index": 5,
          "conditional_hand_mass": 0.009049773810439787,
          "expected_action_loss_bb": 0.0007121614764852525,
          "probability_on_actions_losing_over_0_1bb": 0.0009020941943163052,
          "reference_expected_action_loss_bb": 0.00070322410106868
        },
        {
          "action_values_bb": [
            0.0,
            -0.8773946166038513,
            -0.7310950756072998,
            -0.7065106630325317
          ],
          "candidate_probabilities": [
            0.9990234375,
            0.00008710802649147809,
            0.0007930799038149416,
            0.00009637673065299168
          ],
          "class_index": 6,
          "conditional_hand_mass": 0.009049773810439787,
          "expected_action_loss_bb": 0.0007243361136233762,
          "probability_on_actions_losing_over_0_1bb": 0.0009765646609594114,
          "reference_expected_action_loss_bb": 0.000727128220692712
        },
        {
          "action_values_bb": [
            0.0,
            -0.8161462545394897,
            -0.6257263422012329,
            -0.6200584769248962
          ],
          "candidate_probabilities": [
            0.998894214630127,
            0.00008710802649147809,
            0.0008215759298764169,
            0.00019707494357135147
          ],
          "class_index": 7,
          "conditional_hand_mass": 0.009049773810439787,
          "expected_action_loss_bb": 0.0007073725803544055,
          "probability_on_actions_losing_over_0_1bb": 0.0011057588999392465,
          "reference_expected_action_loss_bb": 0.0007446226192526703
        },
        {
          "action_values_bb": [
            0.0,
            -0.7918837666511536,
            -0.5805323123931885,
            -0.5604748129844666
          ],
          "candidate_probabilities": [
            0.9987274408340454,
            0.00008710802649147809,
            0.0008585103205405176,
            0.0003269498411100358
          ],
          "class_index": 8,
          "conditional_hand_mass": 0.009049773810439787,
          "expected_action_loss_bb": 0.0007506195647718726,
          "probability_on_actions_losing_over_0_1bb": 0.0012725681881420314,
          "reference_expected_action_loss_bb": 0.0008846847132495637
        },
        {
          "action_values_bb": [
            0.0,
            -0.6645788550376892,
            -0.4791334271430969,
            -0.4701548218727112
          ],
          "candidate_probabilities": [
            0.9976787567138672,
            0.00018238289339933544,
            0.0016190636670216918,
            0.0005198332364670932
          ],
          "class_index": 9,
          "conditional_hand_mass": 0.009049773810439787,
          "expected_action_loss_bb": 0.0011413574407114655,
          "probability_on_actions_losing_over_0_1bb": 0.0023212797968881205,
          "reference_expected_action_loss_bb": 0.0011466169398150873
        },
        {
          "action_values_bb": [
            0.0,
            -0.46494612097740173,
            -0.30952122807502747,
            -0.3214242458343506
          ],
          "candidate_probabilities": [
            0.9969561100006104,
            0.0004723148012999445,
            0.0018965686904266477,
            0.0006750288303010166
          ],
          "class_index": 10,
          "conditional_hand_mass": 0.009049773810439787,
          "expected_action_loss_bb": 0.0010235998376300721,
          "probability_on_actions_losing_over_0_1bb": 0.0030439123220276088,
          "reference_expected_action_loss_bb": 0.0010981150343847574
        },
        {
          "action_values_bb": [
            0.0,
            -0.32448187470436096,
            -0.17150765657424927,
            -0.15146225690841675
          ],
          "candidate_probabilities": [
            0.9944471120834351,
            0.00043283405830152333,
            0.003810963360592723,
            0.001309062005020678
          ],
          "class_index": 11,
          "conditional_hand_mass": 0.009049773810439787,
          "expected_action_loss_bb": 0.0009923296876526476,
          "probability_on_actions_losing_over_0_1bb": 0.005552859423914924,
          "reference_expected_action_loss_bb": 0.0009674251316488516
        },
        {
          "action_values_bb": [
            0.0,
            -0.1648145616054535,
            0.01466599851846695,
            0.142805278301239
          ],
          "candidate_probabilities": [
            0.00008710801921552047,
            0.0003284140839241445,
            0.0033964028116315603,
            0.9961881041526794
          ],
          "class_index": 12,
          "conditional_hand_mass": 0.009049773810439787,
          "expected_action_loss_bb": 0.0005486787829808407,
          "probability_on_actions_losing_over_0_1bb": 0.0038119249147712253,
          "reference_expected_action_loss_bb": 0.0005226422467014763
        },
        {
          "action_values_bb": [
            0.0,
            -0.805375337600708,
            -0.6235082149505615,
            -0.5722370743751526
          ],
          "candidate_probabilities": [
            0.9990366697311401,
            0.0000871080337674357,
            0.0007890918641351163,
            0.0000871080337674357
          ],
          "class_index": 13,
          "conditional_hand_mass": 0.0030165911925363843,
          "expected_action_loss_bb": 0.0006120063681397292,
          "probability_on_actions_losing_over_0_1bb": 0.0009633079316699877,
          "reference_expected_action_loss_bb": 0.0006345511711120175
        },
        {
          "action_values_bb": [
            0.0,
            -0.3757985830307007,
            0.10594062507152557,
            0.2833252251148224
          ],
          "candidate_probabilities": [
            0.00008710801921552047,
            0.00008710801921552047,
            0.002571071730926633,
            0.9972547292709351
          ],
          "class_index": 14,
          "conditional_hand_mass": 0.0045248869052198935,
          "expected_action_loss_bb": 0.0005381633991719385,
          "probability_on_actions_losing_over_0_1bb": 0.002745287769357674,
          "reference_expected_action_loss_bb": 0.0005776300592372761
        },
        {
          "action_values_bb": [
            0.0,
            -0.8420765399932861,
            -0.6824871301651001,
            -0.6568119525909424
          ],
          "candidate_probabilities": [
            0.9990592002868652,
            0.00008710801921552047,
            0.0007666144520044327,
            0.00008710801921552047
          ],
          "class_index": 15,
          "conditional_hand_mass": 0.009049773810439787,
          "expected_action_loss_bb": 0.0006537697049055456,
          "probability_on_actions_losing_over_0_1bb": 0.0009408304904354736,
          "reference_expected_action_loss_bb": 0.000652754308870792
        },
        {
          "action_values_bb": [
            0.0,
            -0.7914036512374878,
            -0.5944312214851379,
            -0.5940083861351013
          ],
          "candidate_probabilities": [
            0.9989522695541382,
            0.00008710802649147809,
            0.0008100265986286104,
            0.00015061614976730198
          ],
          "class_index": 16,
          "conditional_hand_mass": 0.009049773810439787,
          "expected_action_loss_bb": 0.0006399099667248618,
          "probability_on_actions_losing_over_0_1bb": 0.0010477507748873904,
          "reference_expected_action_loss_bb": 0.0006389624615444605
        },
        {
          "action_values_bb": [
            0.0,
            -0.8039094805717468,
            -0.6155089139938354,
            -0.6227289438247681
          ],
          "candidate_probabilities": [
            0.9990078210830688,
            0.00008710802649147809,
            0.0007972579915076494,
            0.00010785039194161072
          ],
          "class_index": 17,
          "conditional_hand_mass": 0.009049773810439787,
          "expected_action_loss_bb": 0.0006279079295210604,
          "probability_on_actions_losing_over_0_1bb": 0.0009922164099407382,
          "reference_expected_action_loss_bb": 0.0006494010563790646
        },
        {
          "action_values_bb": [
            0.0,
            -0.8425935506820679,
            -0.6781783699989319,
            -0.6605159044265747
          ],
          "candidate_probabilities": [
            0.9989557862281799,
            0.00008710802649147809,
            0.0008089651819318533,
            0.00014821838703937829
          ],
          "class_index": 18,
          "conditional_hand_mass": 0.009049773810439787,
          "expected_action_loss_bb": 0.0007199199517707588,
          "probability_on_actions_losing_over_0_1bb": 0.0010442915954627097,
          "reference_expected_action_loss_bb": 0.000693854315042524
        },
        {
          "action_values_bb": [
            0.0,
            -0.8277145624160767,
            -0.6463031768798828,
            -0.6594725251197815
          ],
          "candidate_probabilities": [
            0.998891294002533,
            0.00008710801193956286,
            0.0008232916006818414,
            0.00019827198411803693
          ],
          "class_index": 19,
          "conditional_hand_mass": 0.009049773810439787,
          "expected_action_loss_bb": 0.0007349514730315186,
          "probability_on_actions_losing_over_0_1bb": 0.0011086715967394412,
          "reference_expected_action_loss_bb": 0.0007117151340580918
        },
        {
          "action_values_bb": [
            0.0,
            -0.7912529706954956,
            -0.5827521681785583,
            -0.5792775750160217
          ],
          "candidate_probabilities": [
            0.998760998249054,
            0.00008710802649147809,
            0.0008518349495716393,
            0.00030004128348082304
          ],
          "class_index": 20,
          "conditional_hand_mass": 0.009049773810439787,
          "expected_action_loss_bb": 0.0007391403356254156,
          "probability_on_actions_losing_over_0_1bb": 0.0012389842595439404,
          "reference_expected_action_loss_bb": 0.0007386063277060161
        },
        {
          "action_values_bb": [
            0.0,
            -0.7313234806060791,
            -0.4792427718639374,
            -0.5001651048660278
          ],
          "candidate_probabilities": [
            0.9977588057518005,
            0.00008710802649147809,
            0.0016714523080736399,
            0.000482603267300874
          ],
          "class_index": 21,
          "conditional_hand_mass": 0.009049773810439787,
          "expected_action_loss_bb": 0.0011061168960802906,
          "probability_on_actions_losing_over_0_1bb": 0.002241163601865992,
          "reference_expected_action_loss_bb": 0.00103344389038907
        },
        {
          "action_values_bb": [
            0.0,
            -0.582429826259613,
            -0.41439974308013916,
            -0.421552836894989
          ],
          "candidate_probabilities": [
            0.997383177280426,
            0.0003319210954941809,
            0.0017164588207378983,
            0.0005684117204509676
          ],
          "class_index": 22,
          "conditional_hand_mass": 0.009049773810439787,
          "expected_action_loss_bb": 0.0011442364135824667,
          "probability_on_actions_losing_over_0_1bb": 0.002616791636683047,
          "reference_expected_action_loss_bb": 0.0011688976611159124
        },
        {
          "action_values_bb": [
            0.0,
            -0.41520893573760986,
            -0.25634056329727173,
            -0.2766438126564026
          ],
          "candidate_probabilities": [
            0.9954898953437805,
            0.0003683075192384422,
            0.003316324669867754,
            0.0008254325366578996
          ],
          "class_index": 23,
          "conditional_hand_mass": 0.009049773810439787,
          "expected_action_loss_bb": 0.0012313839110693788,
          "probability_on_actions_losing_over_0_1bb": 0.004510064725764096,
          "reference_expected_action_loss_bb": 0.0011534040324941985
        },
        {
          "action_values_bb": [
            0.0,
            -0.2933385968208313,
            -0.14029353857040405,
            -0.11420255899429321
          ],
          "candidate_probabilities": [
            0.9936968684196472,
            0.00039545007166452706,
            0.003664741525426507,
            0.0022429549135267735
          ],
          "class_index": 24,
          "conditional_hand_mass": 0.009049773810439787,
          "expected_action_loss_bb": 0.0008862915165163358,
          "probability_on_actions_losing_over_0_1bb": 0.0063031465106178075,
          "reference_expected_action_loss_bb": 0.001002066805934742
        },
        {
          "action_values_bb": [
            0.0,
            -0.27288028597831726,
            0.06774148344993591,
            0.19738200306892395
          ],
          "candidate_probabilities": [
            0.00008710801921552047,
            0.0001950712758116424,
            0.002986232051625848,
            0.9967315793037415
          ],
          "class_index": 25,
          "conditional_hand_mass": 0.009049773810439787,
          "expected_action_loss_bb": 0.0004960648948823261,
          "probability_on_actions_losing_over_0_1bb": 0.0032684113466530107,
          "reference_expected_action_loss_bb": 0.00045951815607135366
        },
        {
          "action_values_bb": [
            0.0,
            -0.7789841890335083,
            -0.5790815949440002,
            -0.5341789722442627
          ],
          "candidate_probabilities": [
            0.9988609552383423,
            0.0000871080337674357,
            0.0008307513780891895,
            0.0002212091494584456
          ],
          "class_index": 26,
          "conditional_hand_mass": 0.0030165911925363843,
          "expected_action_loss_bb": 0.0006670938901771834,
          "probability_on_actions_losing_over_0_1bb": 0.0011390685613150708,
          "reference_expected_action_loss_bb": 0.0006330154790516124
        },
        {
          "action_values_bb": [
            0.0,
            -0.6861491799354553,
            -0.4218476414680481,
            -0.41344183683395386
          ],
          "candidate_probabilities": [
            0.9983527064323425,
            0.00008710802649147809,
            0.0012293217005208135,
            0.00033079914283007383
          ],
          "class_index": 27,
          "conditional_hand_mass": 0.0030165911925363843,
          "expected_action_loss_bb": 0.0007151217661478821,
          "probability_on_actions_losing_over_0_1bb": 0.0016472288698423654,
          "reference_expected_action_loss_bb": 0.0007328165866543218
        },
        {
          "action_values_bb": [
            0.0,
            -0.2995482087135315,
            0.23496459424495697,
            0.4232681095600128
          ],
          "candidate_probabilities": [
            0.00008710801193956286,
            0.00008710801193956286,
            0.0020449883304536343,
            0.9977807998657227
          ],
          "class_index": 28,
          "conditional_hand_mass": 0.0045248869052198935,
          "expected_action_loss_bb": 0.00048491162742615897,
          "probability_on_actions_losing_over_0_1bb": 0.00221920435433276,
          "reference_expected_action_loss_bb": 0.0005033667483810142
        },
        {
          "action_values_bb": [
            0.0,
            -0.7411919832229614,
            -0.5095503926277161,
            -0.5019511580467224
          ],
          "candidate_probabilities": [
            0.9988046884536743,
            0.00008710802649147809,
            0.0008429226581938565,
            0.0002653067640494555
          ],
          "class_index": 29,
          "conditional_hand_mass": 0.009049773810439787,
          "expected_action_loss_bb": 0.0006272463797995873,
          "probability_on_actions_losing_over_0_1bb": 0.00119533744873479,
          "reference_expected_action_loss_bb": 0.0006291222468376651
        },
        {
          "action_values_bb": [
            0.0,
            -0.7608159780502319,
            -0.542396068572998,
            -0.5362520217895508
          ],
          "candidate_probabilities": [
            0.9988527297973633,
            0.00008710801193956286,
            0.0008318882901221514,
            0.0002282607019878924
          ],
          "class_index": 30,
          "conditional_hand_mass": 0.009049773810439787,
          "expected_action_loss_bb": 0.0006398913682900877,
          "probability_on_actions_losing_over_0_1bb": 0.0011472570040496066,
          "reference_expected_action_loss_bb": 0.0006528543839810046
        },
        {
          "action_values_bb": [
            0.0,
            -0.8026442527770996,
            -0.6108141541481018,
            -0.5686756372451782
          ],
          "candidate_probabilities": [
            0.9988473653793335,
            0.00008710801921552047,
            0.0008328396361321211,
            0.00023272164980880916
          ],
          "class_index": 31,
          "conditional_hand_mass": 0.009049773810439787,
          "expected_action_loss_bb": 0.0007109701213849628,
          "probability_on_actions_losing_over_0_1bb": 0.0011526693051564507,
          "reference_expected_action_loss_bb": 0.0007038519924976762
        },
        {
          "action_values_bb": [
            0.0,
            -0.7601474523544312,
            -0.5329841375350952,
            -0.5434756278991699
          ],
          "candidate_probabilities": [
            0.9986045360565186,
            0.00008710801193956286,
            0.0009942941833287477,
            0.0003140884800814092
          ],
          "class_index": 32,
          "conditional_hand_mass": 0.009049773810439787,
          "expected_action_loss_bb": 0.0007668573950412923,
          "probability_on_actions_losing_over_0_1bb": 0.0013954906753497198,
          "reference_expected_action_loss_bb": 0.0007470611722529604
        },
        {
          "action_values_bb": [
            0.0,
            -0.8002828359603882,
            -0.5979315042495728,
            -0.5659775733947754
          ],
          "candidate_probabilities": [
            0.9986500144004822,
            0.00008710801921552047,
            0.0009361280826851726,
            0.00032673872192390263
          ],
          "class_index": 33,
          "conditional_hand_mass": 0.009049773810439787,
          "expected_action_loss_bb": 0.0008143783142715031,
          "probability_on_actions_losing_over_0_1bb": 0.0013499748238245957,
          "reference_expected_action_loss_bb": 0.0007570679297742074
        },
        {
          "action_values_bb": [
            0.0,
            -0.7532658576965332,
            -0.5151430368423462,
            -0.48114603757858276
          ],
          "candidate_probabilities": [
            0.9977203011512756,
            0.00008710801193956286,
            0.0016854378627613187,
            0.0005071662017144263
          ],
          "class_index": 34,
          "conditional_hand_mass": 0.009049773810439787,
          "expected_action_loss_bb": 0.0011778780787065103,
          "probability_on_actions_losing_over_0_1bb": 0.002279712076415308,
          "reference_expected_action_loss_bb": 0.0010313529613944043
        },
        {
          "action_values_bb": [
            0.0,
            -0.5618337392807007,
            -0.40380555391311646,
            -0.38305890560150146
          ],
          "candidate_probabilities": [
            0.9971162676811218,
            0.0004008714167866856,
            0.00185324193444103,
            0.0006296250503510237
          ],
          "class_index": 35,
          "conditional_hand_mass": 0.009049773810439787,
          "expected_action_loss_bb": 0.0012147559556627448,
          "probability_on_actions_losing_over_0_1bb": 0.0028837384015787393,
          "reference_expected_action_loss_bb": 0.0012008380137743732
        },
        {
          "action_values_bb": [
            0.0,
            -0.44513845443725586,
            -0.2938174605369568,
            -0.2591310143470764
          ],
          "candidate_probabilities": [
            0.9963436722755432,
            0.0005607708590105176,
            0.0021979559678584337,
            0.0008975436212494969
          ],
          "class_index": 36,
          "conditional_hand_mass": 0.009049773810439787,
          "expected_action_loss_bb": 0.0011279999033167384,
          "probability_on_actions_losing_over_0_1bb": 0.0036562704481184483,
          "reference_expected_action_loss_bb": 0.0011577735933184403
        },
        {
          "action_values_bb": [
            0.0,
            -0.22902095317840576,
            -0.07084116339683533,
            -0.05200505256652832
          ],
          "candidate_probabilities": [
            0.9750966429710388,
            0.00033433482167311013,
            0.017258021980524063,
            0.007310987915843725
          ],
          "class_index": 37,
          "conditional_hand_mass": 0.009049773810439787,
          "expected_action_loss_bb": 0.001679356345445495,
          "probability_on_actions_losing_over_0_1bb": 0.00033433482167311013,
          "reference_expected_action_loss_bb": 0.0012779028789798239
        },
        {
          "action_values_bb": [
            0.0,
            -0.18520350754261017,
            0.09600958973169327,
            0.23691493272781372
          ],
          "candidate_probabilities": [
            0.00008710801921552047,
            0.00008710801921552047,
            0.004089111927896738,
            0.9957366585731506
          ],
          "class_index": 38,
          "conditional_hand_mass": 0.009049773810439787,
          "expected_action_loss_bb": 0.000633584810468617,
          "probability_on_actions_losing_over_0_1bb": 0.004263327966327779,
          "reference_expected_action_loss_bb": 0.0004764917651491696
        },
        {
          "action_values_bb": [
            0.0,
            -0.7265744209289551,
            -0.48880457878112793,
            -0.4748644232749939
          ],
          "candidate_probabilities": [
            0.9988690614700317,
            0.00008710802649147809,
            0.0008281887276098132,
            0.00021564829512499273
          ],
          "class_index": 39,
          "conditional_hand_mass": 0.0030165911925363843,
          "expected_action_loss_bb": 0.0005705166093516682,
          "probability_on_actions_losing_over_0_1bb": 0.001130945049226284,
          "reference_expected_action_loss_bb": 0.000604231221672847
        },
        {
          "action_values_bb": [
            0.0,
            -0.6877976059913635,
            -0.42261722683906555,
            -0.39386695623397827
          ],
          "candidate_probabilities": [
            0.9980040192604065,
            0.00008710802649147809,
            0.001516332384198904,
            0.00039247210952453315
          ],
          "class_index": 40,
          "conditional_hand_mass": 0.0030165911925363843,
          "expected_action_loss_bb": 0.0008553226744450367,
          "probability_on_actions_losing_over_0_1bb": 0.0019959125202149153,
          "reference_expected_action_loss_bb": 0.0007833769214109208
        },
        {
          "action_values_bb": [
            0.0,
            -0.6196314096450806,
            -0.306972473859787,
            -0.29462340474128723
          ],
          "candidate_probabilities": [
            0.9975674152374268,
            0.00008710802649147809,
            0.0018522088648751378,
            0.0004932711599394679
          ],
          "class_index": 41,
          "conditional_hand_mass": 0.0030165911925363843,
          "expected_action_loss_bb": 0.0007678812352041146,
          "probability_on_actions_losing_over_0_1bb": 0.002432588051306084,
          "reference_expected_action_loss_bb": 0.0007933513028425274
        },
        {
          "action_values_bb": [
            0.0,
            -0.1842452734708786,
            0.4229660630226135,
            0.6016843318939209
          ],
          "candidate_probabilities": [
            0.00008710801921552047,
            0.00008710801921552047,
            0.0015692481538280845,
            0.9982565641403198
          ],
          "class_index": 42,
          "conditional_hand_mass": 0.0045248869052198935,
          "expected_action_loss_bb": 0.00040132561499210695,
          "probability_on_actions_losing_over_0_1bb": 0.0017434641922591254,
          "reference_expected_action_loss_bb": 0.000508655699023454
        },
        {
          "action_values_bb": [
            0.0,
            -0.717816174030304,
            -0.4695766866207123,
            -0.4476686120033264
          ],
          "candidate_probabilities": [
            0.998319685459137,
            0.00008710802649147809,
            0.0012361446861177683,
            0.00035709256189875305
          ],
          "class_index": 43,
          "conditional_hand_mass": 0.009049773810439787,
          "expected_action_loss_bb": 0.0008028514077363519,
          "probability_on_actions_losing_over_0_1bb": 0.0016803452745079994,
          "reference_expected_action_loss_bb": 0.0008098686367763773
        },
        {
          "action_values_bb": [
            0.0,
            -0.7470453977584839,
            -0.5149468183517456,
            -0.4646126627922058
          ],
          "candidate_probabilities": [
            0.9987411499023438,
            0.00008710802649147809,
            0.0008561338181607425,
            0.00031561750802211463
          ],
          "class_index": 44,
          "conditional_hand_mass": 0.009049773810439787,
          "expected_action_loss_bb": 0.0006525769268694841,
          "probability_on_actions_losing_over_0_1bb": 0.0012588593526743352,
          "reference_expected_action_loss_bb": 0.0007958696570145151
        },
        {
          "action_values_bb": [
            0.0,
            -0.7260901927947998,
            -0.47453027963638306,
            -0.46025168895721436
          ],
          "candidate_probabilities": [
            0.9981767535209656,
            0.00008710802649147809,
            0.0013362278696149588,
            0.0003999685577582568
          ],
          "class_index": 45,
          "conditional_hand_mass": 0.009049773810439787,
          "expected_action_loss_bb": 0.0008814150726135055,
          "probability_on_actions_losing_over_0_1bb": 0.0018233044538646936,
          "reference_expected_action_loss_bb": 0.0009222349990448062
        },
        {
          "action_values_bb": [
            0.0,
            -0.711784839630127,
            -0.44806551933288574,
            -0.44232290983200073
          ],
          "candidate_probabilities": [
            0.9977828860282898,
            0.00008710801921552047,
            0.001652984065003693,
            0.00047705473843961954
          ],
          "class_index": 46,
          "conditional_hand_mass": 0.009049773810439787,
          "expected_action_loss_bb": 0.001013659571078438,
          "probability_on_actions_losing_over_0_1bb": 0.002217146822658833,
          "reference_expected_action_loss_bb": 0.000995766275490518
        },
        {
          "action_values_bb": [
            0.0,
            -0.6434370279312134,
            -0.42319729924201965,
            -0.424579381942749
          ],
          "candidate_probabilities": [
            0.9973596930503845,
            0.00010118426871486008,
            0.001959526212885976,
            0.0005796000477857888
          ],
          "class_index": 47,
          "conditional_hand_mass": 0.009049773810439787,
          "expected_action_loss_bb": 0.0011404581362854486,
          "probability_on_actions_losing_over_0_1bb": 0.0026403105293866247,
          "reference_expected_action_loss_bb": 0.0010738911687891445
        },
        {
          "action_values_bb": [
            0.0,
            -0.4994189441204071,
            -0.34533289074897766,
            -0.33055418729782104
          ],
          "candidate_probabilities": [
            0.9969890713691711,
            0.00040467819781042635,
            0.0019163800170645118,
            0.0006898778374306858
          ],
          "class_index": 48,
          "conditional_hand_mass": 0.009049773810439787,
          "expected_action_loss_bb": 0.001091935017212174,
          "probability_on_actions_losing_over_0_1bb": 0.003010936052305624,
          "reference_expected_action_loss_bb": 0.0010946407861459418
        },
        {
          "action_values_bb": [
            0.0,
            -0.3328375518321991,
            -0.18043673038482666,
            -0.17466145753860474
          ],
          "candidate_probabilities": [
            0.9936911463737488,
            0.00042530326754786074,
            0.00473674526438117,
            0.0011467494769021869
          ],
          "class_index": 49,
          "conditional_hand_mass": 0.009049773810439787,
          "expected_action_loss_bb": 0.001196532661594983,
          "probability_on_actions_losing_over_0_1bb": 0.006308798008831218,
          "reference_expected_action_loss_bb": 0.0010741215885272902
        },
        {
          "action_values_bb": [
            0.0,
            -0.2041442096233368,
            -0.04462791234254837,
            -0.0015692859888076782
          ],
          "candidate_probabilities": [
            0.970823347568512,
            0.0005198019789531827,
            0.0033953397069126368,
            0.02526145800948143
          ],
          "class_index": 50,
          "conditional_hand_mass": 0.009049773810439787,
          "expected_action_loss_bb": 0.00029728393907844756,
          "probability_on_actions_losing_over_0_1bb": 0.0005198019789531827,
          "reference_expected_action_loss_bb": 0.0015787641059083132
        },
        {
          "action_values_bb": [
            0.0,
            -0.34468716382980347,
            0.1635090559720993,
            0.3188510537147522
          ],
          "candidate_probabilities": [
            0.00008710801921552047,
            0.0001644225703785196,
            0.0017630474176257849,
            0.9979854226112366
          ],
          "class_index": 51,
          "conditional_hand_mass": 0.009049773810439787,
          "expected_action_loss_bb": 0.0004107504509559454,
          "probability_on_actions_losing_over_0_1bb": 0.002014578007219825,
          "reference_expected_action_loss_bb": 0.00041153841695833714
        },
        {
          "action_values_bb": [
            0.0,
            -0.8047075271606445,
            -0.6190699338912964,
            -0.5559525489807129
          ],
          "candidate_probabilities": [
            0.9988721013069153,
            0.0000871080337674357,
            0.0008275983855128288,
            0.00021318465587683022
          ],
          "class_index": 52,
          "conditional_hand_mass": 0.0030165911925363843,
          "expected_action_loss_bb": 0.0007009583210950895,
          "probability_on_actions_losing_over_0_1bb": 0.0011278910751570947,
          "reference_expected_action_loss_bb": 0.0006779869060479088
        },
        {
          "action_values_bb": [
            0.0,
            -0.7026062607765198,
            -0.4458979368209839,
            -0.42283517122268677
          ],
          "candidate_probabilities": [
            0.9976938962936401,
            0.0000871080337674357,
            0.001790707465261221,
            0.0004282793088350445
          ],
          "class_index": 53,
          "conditional_hand_mass": 0.0030165911925363843,
          "expected_action_loss_bb": 0.001040766968981245,
          "probability_on_actions_losing_over_0_1bb": 0.002306094807863701,
          "reference_expected_action_loss_bb": 0.0007715987530289162
        },
        {
          "action_values_bb": [
            0.0,
            -0.665651798248291,
            -0.3841680884361267,
            -0.34341585636138916
          ],
          "candidate_probabilities": [
            0.9978164434432983,
            0.0000871080337674357,
            0.0016398578882217407,
            0.00045654838322661817
          ],
          "class_index": 54,
          "conditional_hand_mass": 0.0030165911925363843,
          "expected_action_loss_bb": 0.0008447506435403929,
          "probability_on_actions_losing_over_0_1bb": 0.0021835143052157946,
          "reference_expected_action_loss_bb": 0.0008440713696871265
        },
        {
          "action_values_bb": [
            0.0,
            -0.6094062328338623,
            -0.2891431450843811,
            -0.245852530002594
          ],
          "candidate_probabilities": [
            0.9962325692176819,
            0.0000871080337674357,
            0.0030576682183891535,
            0.000622689607553184
          ],
          "class_index": 55,
          "conditional_hand_mass": 0.0030165911925363843,
          "expected_action_loss_bb": 0.0010902777994206466,
          "probability_on_actions_losing_over_0_1bb": 0.003767465859709773,
          "reference_expected_action_loss_bb": 0.0007937291764412956
        },
        {
          "action_values_bb": [
            0.0,
            -0.09329961240291595,
            0.5776965022087097,
            0.7623277902603149
          ],
          "candidate_probabilities": [
            0.00008710802649147809,
            0.00008710802649147809,
            0.0014536636881530285,
            0.9983721375465393
          ],
          "class_index": 56,
          "conditional_hand_mass": 0.0045248869052198935,
          "expected_action_loss_bb": 0.0004093286829447494,
          "probability_on_actions_losing_over_0_1bb": 0.0016278797411359847,
          "reference_expected_action_loss_bb": 0.00042829322155320227
        },
        {
          "action_values_bb": [
            0.0,
            -0.6629214882850647,
            -0.37729987502098083,
            -0.3520958423614502
          ],
          "candidate_probabilities": [
            0.9974890351295471,
            0.00008710802649147809,
            0.0019031541887670755,
            0.0005206794594414532
          ],
          "class_index": 57,
          "conditional_hand_mass": 0.009049773810439787,
          "expected_action_loss_bb": 0.0009591346930031223,
          "probability_on_actions_losing_over_0_1bb": 0.002510941674700007,
          "reference_expected_action_loss_bb": 0.0009117922698194374
        },
        {
          "action_values_bb": [
            0.0,
            -0.6620475053787231,
            -0.36936914920806885,
            -0.35635554790496826
          ],
          "candidate_probabilities": [
            0.9974363446235657,
            0.00008710801921552047,
            0.0019277286482974887,
            0.0005487915477715433
          ],
          "class_index": 58,
          "conditional_hand_mass": 0.009049773810439787,
          "expected_action_loss_bb": 0.000965278050237525,
          "probability_on_actions_losing_over_0_1bb": 0.0025636282152845524,
          "reference_expected_action_loss_bb": 0.000944321301111317
        },
        {
          "action_values_bb": [
            0.0,
            -0.5991902351379395,
            -0.3707868158817291,
            -0.3533620238304138
          ],
          "candidate_probabilities": [
            0.9972625374794006,
            0.0001672279613558203,
            0.0019746050238609314,
            0.0005955667584203184
          ],
          "class_index": 59,
          "conditional_hand_mass": 0.009049773810439787,
          "expected_action_loss_bb": 0.0010428095459894156,
          "probability_on_actions_losing_over_0_1bb": 0.00273739974363707,
          "reference_expected_action_loss_bb": 0.0010018315047367193
        },
        {
          "action_values_bb": [
            0.0,
            -0.5268986225128174,
            -0.37339502573013306,
            -0.34045204520225525
          ],
          "candidate_probabilities": [
            0.9970276355743408,
            0.00031332203070633113,
            0.002010506810620427,
            0.0006485807243734598
          ],
          "class_index": 60,
          "conditional_hand_mass": 0.009049773810439787,
          "expected_action_loss_bb": 0.0011366128227560113,
          "probability_on_actions_losing_over_0_1bb": 0.002972409565700218,
          "reference_expected_action_loss_bb": 0.0011205781379287644
        },
        {
          "action_values_bb": [
            0.0,
            -0.48197638988494873,
            -0.3282203674316406,
            -0.298961341381073
          ],
          "candidate_probabilities": [
            0.9959409832954407,
            0.0003732476325239986,
            0.0028949617408216,
            0.0007908155675977468
          ],
          "class_index": 61,
          "conditional_hand_mass": 0.009049773810439787,
          "expected_action_loss_bb": 0.0013665052356040853,
          "probability_on_actions_losing_over_0_1bb": 0.004059024940943345,
          "reference_expected_action_loss_bb": 0.0010904190248522405
        },
        {
          "action_values_bb": [
            0.0,
            -0.3042187988758087,
            -0.1544550359249115,
            -0.1266147792339325
          ],
          "candidate_probabilities": [
            0.9942601323127747,
            0.0004953262978233397,
            0.00393912848085165,
            0.0013054353184998035
          ],
          "class_index": 62,
          "conditional_hand_mass": 0.009049773810439787,
          "expected_action_loss_bb": 0.0009243932070542322,
          "probability_on_actions_losing_over_0_1bb": 0.0057398900971747935,
          "reference_expected_action_loss_bb": 0.0011053535127121565
        },
        {
          "action_values_bb": [
            0.0,
            -0.1792851984500885,
            0.022739149630069733,
            0.06920915842056274
          ],
          "candidate_probabilities": [
            0.00008710801921552047,
            0.0002479749673511833,
            0.01001718733459711,
            0.9896477460861206
          ],
          "class_index": 63,
          "conditional_hand_mass": 0.009049773810439787,
          "expected_action_loss_bb": 0.0005331478362282844,
          "probability_on_actions_losing_over_0_1bb": 0.0002479749673511833,
          "reference_expected_action_loss_bb": 0.0008877773891159311
        },
        {
          "action_values_bb": [
            0.0,
            -0.3323294222354889,
            0.18580637872219086,
            0.33994412422180176
          ],
          "candidate_probabilities": [
            0.00008710801193956286,
            0.00008710801193956286,
            0.0027713817544281483,
            0.997054398059845
          ],
          "class_index": 64,
          "conditional_hand_mass": 0.009049773810439787,
          "expected_action_loss_bb": 0.000515346804489262,
          "probability_on_actions_losing_over_0_1bb": 0.002945597778307274,
          "reference_expected_action_loss_bb": 0.00042388530646408993
        },
        {
          "action_values_bb": [
            0.0,
            -0.7889705896377563,
            -0.5893611907958984,
            -0.5454067587852478
          ],
          "candidate_probabilities": [
            0.9988835453987122,
            0.00008710802649147809,
            0.0008245981298387051,
            0.00020473757467698306
          ],
          "class_index": 65,
          "conditional_hand_mass": 0.0030165911925363843,
          "expected_action_loss_bb": 0.0006663770637590988,
          "probability_on_actions_losing_over_0_1bb": 0.0011164437310071662,
          "reference_expected_action_loss_bb": 0.0006802505621703965
        },
        {
          "action_values_bb": [
            0.0,
            -0.6992249488830566,
            -0.43821847438812256,
            -0.42363595962524414
          ],
          "candidate_probabilities": [
            0.9978252649307251,
            0.00008710802649147809,
            0.0016632829792797565,
            0.00042426225263625383
          ],
          "class_index": 66,
          "conditional_hand_mass": 0.0030165911925363843,
          "expected_action_loss_bb": 0.000969522181554841,
          "probability_on_actions_losing_over_0_1bb": 0.0021746532584074885,
          "reference_expected_action_loss_bb": 0.0008299005969540502
        },
        {
          "action_values_bb": [
            0.0,
            -0.6991556882858276,
            -0.43839365243911743,
            -0.36949384212493896
          ],
          "candidate_probabilities": [
            0.9978563785552979,
            0.00008710801193956286,
            0.001596297137439251,
            0.0004601565597113222
          ],
          "class_index": 67,
          "conditional_hand_mass": 0.0030165911925363843,
          "expected_action_loss_bb": 0.0009307336097296465,
          "probability_on_actions_losing_over_0_1bb": 0.002143561709090136,
          "reference_expected_action_loss_bb": 0.0008733202389042917
        },
        {
          "action_values_bb": [
            0.0,
            -0.6415592432022095,
            -0.34051862359046936,
            -0.26983702182769775
          ],
          "candidate_probabilities": [
            0.9977991580963135,
            0.0000871080337674357,
            0.0016049162950366735,
            0.0005088255275040865
          ],
          "class_index": 68,
          "conditional_hand_mass": 0.0030165911925363843,
          "expected_action_loss_bb": 0.0007396888169560823,
          "probability_on_actions_losing_over_0_1bb": 0.0022008498563081957,
          "reference_expected_action_loss_bb": 0.0008640261166016454
        },
        {
          "action_values_bb": [
            0.0,
            -0.5631964206695557,
            -0.21114963293075562,
            -0.16227604448795319
          ],
          "candidate_probabilities": [
            0.9966022968292236,
            0.00008710802649147809,
            0.0025923363864421844,
            0.0007182278786785901
          ],
          "class_index": 69,
          "conditional_hand_mass": 0.0030165911925363843,
          "expected_action_loss_bb": 0.0007129809843548331,
          "probability_on_actions_losing_over_0_1bb": 0.0033976722916122526,
          "reference_expected_action_loss_bb": 0.0008707707153360325
        },
        {
          "action_values_bb": [
            0.0,
            -0.03999129682779312,
            0.6702810525894165,
            0.8926324248313904
          ],
          "candidate_probabilities": [
            0.00008710801921552047,
            0.00008710801921552047,
            0.0012836498208343983,
            0.9985421299934387
          ],
          "class_index": 70,
          "conditional_hand_mass": 0.0045248869052198935,
          "expected_action_loss_bb": 0.0004444157466224401,
          "probability_on_actions_losing_over_0_1bb": 0.0014578658592654392,
          "reference_expected_action_loss_bb": 0.0004579234102674376
        },
        {
          "action_values_bb": [
            0.0,
            -0.5301065444946289,
            -0.31865599751472473,
            -0.27393558621406555
          ],
          "candidate_probabilities": [
            0.9971170425415039,
            0.00015961119788698852,
            0.002088451525196433,
            0.0006348665338009596
          ],
          "class_index": 71,
          "conditional_hand_mass": 0.009049773810439787,
          "expected_action_loss_bb": 0.0009240210807015953,
          "probability_on_actions_losing_over_0_1bb": 0.002882929256884381,
          "reference_expected_action_loss_bb": 0.0009112017054616721
        },
        {
          "action_values_bb": [
            0.0,
            -0.4857805669307709,
            -0.3326549828052521,
            -0.27714258432388306
          ],
          "candidate_probabilities": [
            0.9970540404319763,
            0.0003510480746626854,
            0.0019490920240059495,
            0.0006458030547946692
          ],
          "class_index": 72,
          "conditional_hand_mass": 0.009049773810439787,
          "expected_action_loss_bb": 0.0009978870340312009,
          "probability_on_actions_losing_over_0_1bb": 0.002945943153463304,
          "reference_expected_action_loss_bb": 0.0009927797405123902
        },
        {
          "action_values_bb": [
            0.0,
            -0.4431530237197876,
            -0.29690930247306824,
            -0.24597570300102234
          ],
          "candidate_probabilities": [
            0.9970102906227112,
            0.0005504797445610166,
            0.0016395618440583348,
            0.000799617322627455
          ],
          "class_index": 73,
          "conditional_hand_mass": 0.009049773810439787,
          "expected_action_loss_bb": 0.000927434359844612,
          "probability_on_actions_losing_over_0_1bb": 0.0029896589112468064,
          "reference_expected_action_loss_bb": 0.0010790436422735885
        },
        {
          "action_values_bb": [
            0.0,
            -0.39846882224082947,
            -0.2514197826385498,
            -0.2049742192029953
          ],
          "candidate_probabilities": [
            0.9948716759681702,
            0.0005030703032389283,
            0.0036081713624298573,
            0.0010171137982979417
          ],
          "class_index": 74,
          "conditional_hand_mass": 0.009049773810439787,
          "expected_action_loss_bb": 0.001316105597547421,
          "probability_on_actions_losing_over_0_1bb": 0.005128355463966727,
          "reference_expected_action_loss_bb": 0.00116184178399187
        },
        {
          "action_values_bb": [
            0.0,
            -0.30785056948661804,
            -0.16239963471889496,
            -0.10881161689758301
          ],
          "candidate_probabilities": [
            0.9941743612289429,
            0.0006175903254188597,
            0.003759724088013172,
            0.0014482710976153612
          ],
          "class_index": 75,
          "conditional_hand_mass": 0.009049773810439787,
          "expected_action_loss_bb": 0.0009582920717643561,
          "probability_on_actions_losing_over_0_1bb": 0.005825585511047393,
          "reference_expected_action_loss_bb": 0.0010032085393075693
        },
        {
          "action_values_bb": [
            0.0,
            -0.14219282567501068,
            0.03841383755207062,
            0.10876117646694183
          ],
          "candidate_probabilities": [
            0.00008710802649147809,
            0.0005140430293977261,
            0.004063310567289591,
            0.995335578918457
          ],
          "class_index": 76,
          "conditional_hand_mass": 0.009049773810439787,
          "expected_action_loss_bb": 0.00042431821253495787,
          "probability_on_actions_losing_over_0_1bb": 0.0006011510558892041,
          "reference_expected_action_loss_bb": 0.0005886744477875973
        },
        {
          "action_values_bb": [
            0.0,
            -0.3320809602737427,
            0.18456043303012848,
            0.39459115266799927
          ],
          "candidate_probabilities": [
            0.00008710801193956286,
            0.00008710801193956286,
            0.0017019016668200493,
            0.9981238842010498
          ],
          "class_index": 77,
          "conditional_hand_mass": 0.009049773810439787,
          "expected_action_loss_bb": 0.00045512264576323333,
          "probability_on_actions_losing_over_0_1bb": 0.001876117690699175,
          "reference_expected_action_loss_bb": 0.0004361324314343801
        },
        {
          "action_values_bb": [
            0.0,
            -0.711412787437439,
            -0.45384681224823,
            -0.45187491178512573
          ],
          "candidate_probabilities": [
            0.9981704354286194,
            0.0000871080337674357,
            0.0013583044055849314,
            0.00038417073665186763
          ],
          "class_index": 78,
          "conditional_hand_mass": 0.0030165911925363843,
          "expected_action_loss_bb": 0.0008520290113831234,
          "probability_on_actions_losing_over_0_1bb": 0.0018295831760042347,
          "reference_expected_action_loss_bb": 0.000857974900774573
        },
        {
          "action_values_bb": [
            0.0,
            -0.6948226690292358,
            -0.42572250962257385,
            -0.43443620204925537
          ],
          "candidate_probabilities": [
            0.9979514479637146,
            0.00008710802649147809,
            0.0015385940205305815,
            0.00042283706716261804
          ],
          "class_index": 79,
          "conditional_hand_mass": 0.0030165911925363843,
          "expected_action_loss_bb": 0.0008992344687150169,
          "probability_on_actions_losing_over_0_1bb": 0.0020485391141846776,
          "reference_expected_action_loss_bb": 0.0008963303221291392
        },
        {
          "action_values_bb": [
            0.0,
            -0.6575515270233154,
            -0.362545907497406,
            -0.3442307710647583
          ],
          "candidate_probabilities": [
            0.9975666403770447,
            0.0000871080337674357,
            0.0018252250738441944,
            0.0005210767267271876
          ],
          "class_index": 80,
          "conditional_hand_mass": 0.0030165911925363843,
          "expected_action_loss_bb": 0.0008983765448288394,
          "probability_on_actions_losing_over_0_1bb": 0.0024334098343388177,
          "reference_expected_action_loss_bb": 0.0009019073278190484
        },
        {
          "action_values_bb": [
            0.0,
            -0.5976123809814453,
            -0.26199182868003845,
            -0.24324233829975128
          ],
          "candidate_probabilities": [
            0.9967929124832153,
            0.0000871080337674357,
            0.002483967924490571,
            0.0006360913976095617
          ],
          "class_index": 81,
          "conditional_hand_mass": 0.0030165911925363843,
          "expected_action_loss_bb": 0.0008575604973091204,
          "probability_on_actions_losing_over_0_1bb": 0.0032071673558675684,
          "reference_expected_action_loss_bb": 0.0008542560095737952
        },
        {
          "action_values_bb": [
            0.0,
            -0.5717159509658813,
            -0.22005505859851837,
            -0.17534483969211578
          ],
          "candidate_probabilities": [
            0.9945889711380005,
            0.00008710802649147809,
            0.004506587982177734,
            0.000817367690615356
          ],
          "class_index": 82,
          "conditional_hand_mass": 0.0030165911925363843,
          "expected_action_loss_bb": 0.001184819737380301,
          "probability_on_actions_losing_over_0_1bb": 0.005411063699284568,
          "reference_expected_action_loss_bb": 0.0008857663803595022
        },
        {
          "action_values_bb": [
            0.0,
            -0.5138517618179321,
            -0.12296756356954575,
            -0.07749645411968231
          ],
          "candidate_probabilities": [
            0.9875950217247009,
            0.0000871080337674357,
            0.011192316189408302,
            0.0011255572317168117
          ],
          "class_index": 83,
          "conditional_hand_mass": 0.0030165911925363843,
          "expected_action_loss_bb": 0.0015082791634982327,
          "probability_on_actions_losing_over_0_1bb": 0.011279424223175738,
          "reference_expected_action_loss_bb": 0.0010037896655158375
        },
        {
          "action_values_bb": [
            0.0,
            0.0658852830529213,
            0.8455483913421631,
            1.0645637512207031
          ],
          "candidate_probabilities": [
            0.00008710801193956286,
            0.00008710801193956286,
            0.0012028238270431757,
            0.9986230134963989
          ],
          "class_index": 84,
          "conditional_hand_mass": 0.0045248869052198935,
          "expected_action_loss_bb": 0.00044316182123104624,
          "probability_on_actions_losing_over_0_1bb": 0.0013770398509223014,
          "reference_expected_action_loss_bb": 0.0004489718556986802
        },
        {
          "action_values_bb": [
            0.0,
            -0.37840500473976135,
            -0.21907472610473633,
            -0.17746621370315552
          ],
          "candidate_probabilities": [
            0.9945639371871948,
            0.00019970764697063714,
            0.004239595960825682,
            0.0009967945516109467
          ],
          "class_index": 85,
          "conditional_hand_mass": 0.009049773810439787,
          "expected_action_loss_bb": 0.0011812560519254525,
          "probability_on_actions_losing_over_0_1bb": 0.0054360981594072655,
          "reference_expected_action_loss_bb": 0.0010118527188553899
        },
        {
          "action_values_bb": [
            0.0,
            -0.31283044815063477,
            -0.16151529550552368,
            -0.1402623951435089
          ],
          "candidate_probabilities": [
            0.964653491973877,
            0.00008710801921552047,
            0.03375815972685814,
            0.0015012371586635709
          ],
          "class_index": 86,
          "conditional_hand_mass": 0.009049773810439787,
          "expected_action_loss_bb": 0.005690276304247455,
          "probability_on_actions_losing_over_0_1bb": 0.03534650490473723,
          "reference_expected_action_loss_bb": 0.001076328416170766
        },
        {
          "action_values_bb": [
            0.0,
            -0.2542537450790405,
            -0.1115582138299942,
            -0.09288102388381958
          ],
          "candidate_probabilities": [
            0.9936079382896423,
            0.0005464194109663367,
            0.003949717152863741,
            0.001895939582027495
          ],
          "class_index": 87,
          "conditional_hand_mass": 0.009049773810439787,
          "expected_action_loss_bb": 0.0007556493819298182,
          "probability_on_actions_losing_over_0_1bb": 0.004496136563830078,
          "reference_expected_action_loss_bb": 0.0012458351268905196
        },
        {
          "action_values_bb": [
            0.0,
            -0.18441522121429443,
            -0.0403437539935112,
            0.0066776275634765625
          ],
          "candidate_probabilities": [
            0.00008710802649147809,
            0.00019406623323448002,
            0.9956198930740356,
            0.004098957404494286
          ],
          "class_index": 88,
          "conditional_hand_mass": 0.009049773810439787,
          "expected_action_loss_bb": 0.04685308922228064,
          "probability_on_actions_losing_over_0_1bb": 0.00019406623323448002,
          "reference_expected_action_loss_bb": 0.0013529048887520531
        },
        {
          "action_values_bb": [
            0.0,
            -0.362192302942276,
            0.14103201031684875,
            0.19674910604953766
          ],
          "candidate_probabilities": [
            0.00008710801193956286,
            0.00008710801193956286,
            0.007989590056240559,
            0.9918361902236938
          ],
          "class_index": 89,
          "conditional_hand_mass": 0.009049773810439787,
          "expected_action_loss_bb": 0.000510983452435331,
          "probability_on_actions_losing_over_0_1bb": 0.00017421602387912571,
          "reference_expected_action_loss_bb": 0.0004950500114965493
        },
        {
          "action_values_bb": [
            0.0,
            -0.2676217257976532,
            0.28824055194854736,
            0.5109360218048096
          ],
          "candidate_probabilities": [
            0.00008710801193956286,
            0.00008710801193956286,
            0.0015422394499182701,
            0.9982835650444031
          ],
          "class_index": 90,
          "conditional_hand_mass": 0.009049773810439787,
          "expected_action_loss_bb": 0.0004557749775919331,
          "probability_on_actions_losing_over_0_1bb": 0.0017164554737973958,
          "reference_expected_action_loss_bb": 0.0004420204332614866
        },
        {
          "action_values_bb": [
            0.0,
            -0.705962598323822,
            -0.44182127714157104,
            -0.41246241331100464
          ],
          "candidate_probabilities": [
            0.9980083703994751,
            0.00008710802649147809,
            0.0014580071438103914,
            0.00044650398194789886
          ],
          "class_index": 91,
          "conditional_hand_mass": 0.0030165911925363843,
          "expected_action_loss_bb": 0.0008898396970238292,
          "probability_on_actions_losing_over_0_1bb": 0.0019916191522497684,
          "reference_expected_action_loss_bb": 0.0009452729922011169
        },
        {
          "action_values_bb": [
            0.0,
            -0.617802619934082,
            -0.29417306184768677,
            -0.3262561559677124
          ],
          "candidate_probabilities": [
            0.9971985816955566,
            0.0000871080337674357,
            0.00212642690166831,
            0.0005878452211618423
          ],
          "class_index": 92,
          "conditional_hand_mass": 0.0030165911925363843,
          "expected_action_loss_bb": 0.0008711412060981374,
          "probability_on_actions_losing_over_0_1bb": 0.002801380156597588,
          "reference_expected_action_loss_bb": 0.0008768336818373024
        },
        {
          "action_values_bb": [
            0.0,
            -0.6673769354820251,
            -0.3765510618686676,
            -0.34730270504951477
          ],
          "candidate_probabilities": [
            0.9976001977920532,
            0.0000871080337674357,
            0.001773998374119401,
            0.0005387541023083031
          ],
          "class_index": 93,
          "conditional_hand_mass": 0.0030165911925363843,
          "expected_action_loss_bb": 0.000913245621247723,
          "probability_on_actions_losing_over_0_1bb": 0.00239986051019514,
          "reference_expected_action_loss_bb": 0.0009484133631031972
        },
        {
          "action_values_bb": [
            0.0,
            -0.5970669388771057,
            -0.2585108280181885,
            -0.23834507167339325
          ],
          "candidate_probabilities": [
            0.9970816373825073,
            0.0001190101756947115,
            0.002151533029973507,
            0.0006478114519268274
          ],
          "class_index": 94,
          "conditional_hand_mass": 0.0030165911925363843,
          "expected_action_loss_bb": 0.0007816542933245458,
          "probability_on_actions_losing_over_0_1bb": 0.002918354657595046,
          "reference_expected_action_loss_bb": 0.0008864159494259513
        },
        {
          "action_values_bb": [
            0.0,
            -0.4952075183391571,
            -0.20409545302391052,
            -0.16411322355270386
          ],
          "candidate_probabilities": [
            0.9879358410835266,
            0.0000871080337674357,
            0.011076369322836399,
            0.0009007060434669256
          ],
          "class_index": 95,
          "conditional_hand_mass": 0.0030165911925363843,
          "expected_action_loss_bb": 0.0024515909403005744,
          "probability_on_actions_losing_over_0_1bb": 0.01206418340007076,
          "reference_expected_action_loss_bb": 0.000923897917205347
        },
        {
          "action_values_bb": [
            0.0,
            -0.3376668393611908,
            -0.15372797846794128,
            -0.08630434423685074
          ],
          "candidate_probabilities": [
            0.9953553676605225,
            0.0003852454829029739,
            0.003196330741047859,
            0.0010631491895765066
          ],
          "class_index": 96,
          "conditional_hand_mass": 0.0030165911925363843,
          "expected_action_loss_bb": 0.0007132044815585867,
          "probability_on_actions_losing_over_0_1bb": 0.003581576223950833,
          "reference_expected_action_loss_bb": 0.0008972277748143099
        },
        {
          "action_values_bb": [
            0.0,
            -0.4289266765117645,
            0.02638876996934414,
            0.03553806245326996
          ],
          "candidate_probabilities": [
            0.00008710802649147809,
            0.00008710802649147809,
            0.7073332667350769,
            0.29249250888824463
          ],
          "class_index": 97,
          "conditional_hand_mass": 0.0030165911925363843,
          "expected_action_loss_bb": 0.006515153198241695,
          "probability_on_actions_losing_over_0_1bb": 0.00008710802649147809,
          "reference_expected_action_loss_bb": 0.003824218523078867
        },
        {
          "action_values_bb": [
            0.0,
            0.18260106444358826,
            1.0424554347991943,
            1.2463979721069336
          ],
          "candidate_probabilities": [
            0.00008710801921552047,
            0.00008710801921552047,
            0.000994102912954986,
            0.9988316297531128
          ],
          "class_index": 98,
          "conditional_hand_mass": 0.0045248869052198935,
          "expected_action_loss_bb": 0.000403976370391681,
          "probability_on_actions_losing_over_0_1bb": 0.001168318951386027,
          "reference_expected_action_loss_bb": 0.00042781038315447216
        },
        {
          "action_values_bb": [
            0.0,
            -0.21918123960494995,
            -0.06657326966524124,
            -0.03989341855049133
          ],
          "candidate_probabilities": [
            0.9793829917907715,
            0.00043363982695154846,
            0.0182826928794384,
            0.0019006890943273902
          ],
          "class_index": 99,
          "conditional_hand_mass": 0.009049773810439787,
          "expected_action_loss_bb": 0.0013880093436573118,
          "probability_on_actions_losing_over_0_1bb": 0.00043363982695154846,
          "reference_expected_action_loss_bb": 0.0015066177720198352
        },
        {
          "action_values_bb": [
            0.0,
            -0.1736384779214859,
            -0.031700097024440765,
            0.0019170939922332764
          ],
          "candidate_probabilities": [
            0.004468800034373999,
            0.00043090336839668453,
            0.12698642909526825,
            0.8681138753890991
          ],
          "class_index": 100,
          "conditional_hand_mass": 0.009049773810439787,
          "expected_action_loss_bb": 0.004353141640397785,
          "probability_on_actions_losing_over_0_1bb": 0.00043090336839668453,
          "reference_expected_action_loss_bb": 0.001305014503594784
        },
        {
          "action_values_bb": [
            0.0,
            -0.12737390398979187,
            0.08886276185512543,
            0.12020382285118103
          ],
          "candidate_probabilities": [
            0.00008710801921552047,
            0.00010662589920684695,
            0.17172816395759583,
            0.8280781507492065
          ],
          "class_index": 101,
          "conditional_hand_mass": 0.009049773810439787,
          "expected_action_loss_bb": 0.0054190117759943535,
          "probability_on_actions_losing_over_0_1bb": 0.00019373391842236742,
          "reference_expected_action_loss_bb": 0.0010339485010733142
        },
        {
          "action_values_bb": [
            0.0,
            -0.3210700750350952,
            0.20692168176174164,
            0.2993376851081848
          ],
          "candidate_probabilities": [
            0.00008710801921552047,
            0.00008710801921552047,
            0.0029583394061774015,
            0.9968674778938293
          ],
          "class_index": 102,
          "conditional_hand_mass": 0.009049773810439787,
          "expected_action_loss_bb": 0.0003535151083795575,
          "probability_on_actions_losing_over_0_1bb": 0.00017421603843104094,
          "reference_expected_action_loss_bb": 0.0003683096998652914
        },
        {
          "action_values_bb": [
            0.0,
            -0.22586625814437866,
            0.35557952523231506,
            0.5915191173553467
          ],
          "candidate_probabilities": [
            0.00008710801921552047,
            0.00008710801921552047,
            0.0014500642428174615,
            0.9983757138252258
          ],
          "class_index": 103,
          "conditional_hand_mass": 0.009049773810439787,
          "expected_action_loss_bb": 0.0004648544456389973,
          "probability_on_actions_losing_over_0_1bb": 0.0016242802812485024,
          "reference_expected_action_loss_bb": 0.0004554340565731804
        },
        {
          "action_values_bb": [
            0.0,
            -0.5609884262084961,
            -0.37452876567840576,
            -0.34285494685173035
          ],
          "candidate_probabilities": [
            0.9978752732276917,
            0.00021146835933905095,
            0.0014123872388154268,
            0.000500908528920263
          ],
          "class_index": 104,
          "conditional_hand_mass": 0.0030165911925363843,
          "expected_action_loss_bb": 0.0008193499183725157,
          "probability_on_actions_losing_over_0_1bb": 0.002124764127074741,
          "reference_expected_action_loss_bb": 0.001016876573921582
        },
        {
          "action_values_bb": [
            0.0,
            -0.5236172676086426,
            -0.28763604164123535,
            -0.2874816656112671
          ],
          "candidate_probabilities": [
            0.9968028664588928,
            0.00013000307080801576,
            0.002413424663245678,
            0.0006536879227496684
          ],
          "class_index": 105,
          "conditional_hand_mass": 0.0030165911925363843,
          "expected_action_loss_bb": 0.0009501830624745883,
          "probability_on_actions_losing_over_0_1bb": 0.003197115656803362,
          "reference_expected_action_loss_bb": 0.0008769291786122207
        },
        {
          "action_values_bb": [
            0.0,
            -0.46453601121902466,
            -0.2817060053348541,
            -0.2571225166320801
          ],
          "candidate_probabilities": [
            0.9964194297790527,
            0.00013346092600841075,
            0.002686734776943922,
            0.000760357768740505
          ],
          "class_index": 106,
          "conditional_hand_mass": 0.0030165911925363843,
          "expected_action_loss_bb": 0.001014371830667959,
          "probability_on_actions_losing_over_0_1bb": 0.0035805534716928378,
          "reference_expected_action_loss_bb": 0.0009190723687564177
        },
        {
          "action_values_bb": [
            0.0,
            -0.4314345419406891,
            -0.24302799999713898,
            -0.22703421115875244
          ],
          "candidate_probabilities": [
            0.9961705803871155,
            0.00022282345162238926,
            0.0027995470445603132,
            0.0008071713382378221
          ],
          "class_index": 107,
          "conditional_hand_mass": 0.0030165911925363843,
          "expected_action_loss_bb": 0.0009597575609685215,
          "probability_on_actions_losing_over_0_1bb": 0.0038295418344205245,
          "reference_expected_action_loss_bb": 0.001002180481559332
        },
        {
          "action_values_bb": [
            0.0,
            -0.34386610984802246,
            -0.1660129874944687,
            -0.13462018966674805
          ],
          "candidate_probabilities": [
            0.994963526725769,
            0.0003258954966440797,
            0.0036499956622719765,
            0.0010605251882225275
          ],
          "class_index": 108,
          "conditional_hand_mass": 0.0030165911925363843,
          "expected_action_loss_bb": 0.0008607792028684919,
          "probability_on_actions_losing_over_0_1bb": 0.005036416347138584,
          "reference_expected_action_loss_bb": 0.0009389370985032272
        },
        {
          "action_values_bb": [
            0.0,
            -0.25866109132766724,
            -0.07721585780382156,
            -0.03841426968574524
          ],
          "candidate_probabilities": [
            0.9823431968688965,
            0.00023230300575960428,
            0.015663644298911095,
            0.0017608357593417168
          ],
          "class_index": 109,
          "conditional_hand_mass": 0.0030165911925363843,
          "expected_action_loss_bb": 0.0013372106995944927,
          "probability_on_actions_losing_over_0_1bb": 0.00023230300575960428,
          "reference_expected_action_loss_bb": 0.0013704255999684913
        },
        {
          "action_values_bb": [
            0.0,
            -0.4102090001106262,
            0.06164803355932236,
            0.06332264840602875
          ],
          "candidate_probabilities": [
            0.00008710802649147809,
            0.00008710802649147809,
            0.16899386048316956,
            0.8308318853378296
          ],
          "class_index": 110,
          "conditional_hand_mass": 0.0030165911925363843,
          "expected_action_loss_bb": 0.0003297639460857491,
          "probability_on_actions_losing_over_0_1bb": 0.00008710802649147809,
          "reference_expected_action_loss_bb": 0.0011695046052884192
        },
        {
          "action_values_bb": [
            0.0,
            -0.37007224559783936,
            0.12704817950725555,
            0.14626675844192505
          ],
          "candidate_probabilities": [
            0.00008710802649147809,
            0.00008710802649147809,
            0.23791764676570892,
            0.7619081139564514
          ],
          "class_index": 111,
          "conditional_hand_mass": 0.0030165911925363843,
          "expected_action_loss_bb": 0.004630157354629252,
          "probability_on_actions_losing_over_0_1bb": 0.00017421605298295617,
          "reference_expected_action_loss_bb": 0.002420704467252191
        },
        {
          "action_values_bb": [
            0.0,
            0.28511595726013184,
            1.2123568058013916,
            1.4300168752670288
          ],
          "candidate_probabilities": [
            0.00008710801193956286,
            0.00008710801193956286,
            0.0008840711670927703,
            0.9989417195320129
          ],
          "class_index": 112,
          "conditional_hand_mass": 0.0045248869052198935,
          "expected_action_loss_bb": 0.0004167229615218773,
          "probability_on_actions_losing_over_0_1bb": 0.001058287190971896,
          "reference_expected_action_loss_bb": 0.0004324677341129915
        },
        {
          "action_values_bb": [
            0.0,
            -0.11449798941612244,
            0.10696246474981308,
            0.14411455392837524
          ],
          "candidate_probabilities": [
            0.00008710801193956286,
            0.00011331171117490157,
            0.0227560605853796,
            0.9770435094833374
          ],
          "class_index": 113,
          "conditional_hand_mass": 0.009049773810439787,
          "expected_action_loss_bb": 0.0008872925543227026,
          "probability_on_actions_losing_over_0_1bb": 0.00020041972311446443,
          "reference_expected_action_loss_bb": 0.0012059100474970594
        },
        {
          "action_values_bb": [
            0.0,
            -0.31634506583213806,
            0.2191246747970581,
            0.2696203589439392
          ],
          "candidate_probabilities": [
            0.00008710801921552047,
            0.00008710801921552047,
            0.008970792405307293,
            0.9908549785614014
          ],
          "class_index": 114,
          "conditional_hand_mass": 0.009049773810439787,
          "expected_action_loss_bb": 0.0005275146827344462,
          "probability_on_actions_losing_over_0_1bb": 0.00017421603843104094,
          "reference_expected_action_loss_bb": 0.000672665231974397
        },
        {
          "action_values_bb": [
            0.0,
            -0.24049724638462067,
            0.337860107421875,
            0.4571693241596222
          ],
          "candidate_probabilities": [
            0.00008710801193956286,
            0.00008710801193956286,
            0.0019083728548139334,
            0.9979174137115479
          ],
          "class_index": 115,
          "conditional_hand_mass": 0.009049773810439787,
          "expected_action_loss_bb": 0.00032828192945552896,
          "probability_on_actions_losing_over_0_1bb": 0.002082588878693059,
          "reference_expected_action_loss_bb": 0.00034871513713058834
        },
        {
          "action_values_bb": [
            0.0,
            -0.13916335999965668,
            0.49740445613861084,
            0.7617825865745544
          ],
          "candidate_probabilities": [
            0.00008710801921552047,
            0.00008710801921552047,
            0.0012746964348480105,
            0.998551070690155
          ],
          "class_index": 116,
          "conditional_hand_mass": 0.009049773810439787,
          "expected_action_loss_bb": 0.00048183884933419646,
          "probability_on_actions_losing_over_0_1bb": 0.0014489124732790515,
          "reference_expected_action_loss_bb": 0.0004602853856461651
        },
        {
          "action_values_bb": [
            0.0,
            -0.4162934720516205,
            -0.2507804036140442,
            -0.24567274749279022
          ],
          "candidate_probabilities": [
            0.9969444870948792,
            0.000407232204452157,
            0.0018298981012776494,
            0.00081833970034495
          ],
          "class_index": 117,
          "conditional_hand_mass": 0.0030165911925363843,
          "expected_action_loss_bb": 0.0008294744552997764,
          "probability_on_actions_losing_over_0_1bb": 0.0030554700060747564,
          "reference_expected_action_loss_bb": 0.0010484600842629891
        },
        {
          "action_values_bb": [
            0.0,
            -0.416124552488327,
            -0.2623274028301239,
            -0.23335187137126923
          ],
          "candidate_probabilities": [
            0.9918906092643738,
            0.00008710802649147809,
            0.006986231077462435,
            0.0010360779706388712
          ],
          "class_index": 118,
          "conditional_hand_mass": 0.0030165911925363843,
          "expected_action_loss_bb": 0.002110698375998854,
          "probability_on_actions_losing_over_0_1bb": 0.008109417074592784,
          "reference_expected_action_loss_bb": 0.0010558612560387353
        },
        {
          "action_values_bb": [
            0.0,
            -0.3635852336883545,
            -0.20875272154808044,
            -0.18040668964385986
          ],
          "candidate_probabilities": [
            0.9950539469718933,
            0.00039647542871534824,
            0.003545924788340926,
            0.00100359704811126
          ],
          "class_index": 119,
          "conditional_hand_mass": 0.0030165911925363843,
          "expected_action_loss_bb": 0.0010654296825582318,
          "probability_on_actions_losing_over_0_1bb": 0.004945997265167534,
          "reference_expected_action_loss_bb": 0.0010495289208920025
        },
        {
          "action_values_bb": [
            0.0,
            -0.3091251850128174,
            -0.1132749691605568,
            -0.11078058928251266
          ],
          "candidate_probabilities": [
            0.921078622341156,
            0.0000871080337674357,
            0.07731978595256805,
            0.0015144654316827655
          ],
          "class_index": 120,
          "conditional_hand_mass": 0.0030165911925363843,
          "expected_action_loss_bb": 0.008953097029302273,
          "probability_on_actions_losing_over_0_1bb": 0.07892135941801826,
          "reference_expected_action_loss_bb": 0.0011591110529921133
        },
        {
          "action_values_bb": [
            0.0,
            -0.2688564956188202,
            -0.08601158857345581,
            -0.07731261849403381
          ],
          "candidate_probabilities": [
            0.9942712783813477,
            0.0004029747797176242,
            0.003946780227124691,
            0.0013789675431326032
          ],
          "class_index": 121,
          "conditional_hand_mass": 0.0030165911925363843,
          "expected_action_loss_bb": 0.0005544228157608119,
          "probability_on_actions_losing_over_0_1bb": 0.0004029747797176242,
          "reference_expected_action_loss_bb": 0.0013403411937220472
        },
        {
          "action_values_bb": [
            0.0,
            -0.20649577677249908,
            -0.0037387311458587646,
            0.017699211835861206
          ],
          "candidate_probabilities": [
            0.04917503520846367,
            0.00034640601370483637,
            0.029872670769691467,
            0.9206058382987976
          ],
          "class_index": 122,
          "conditional_hand_mass": 0.0030165911925363843,
          "expected_action_loss_bb": 0.0015884304701592935,
          "probability_on_actions_losing_over_0_1bb": 0.00034640601370483637,
          "reference_expected_action_loss_bb": 0.002813112846559542
        },
        {
          "action_values_bb": [
            0.0,
            -0.36959218978881836,
            0.13225063681602478,
            0.11994755268096924
          ],
          "candidate_probabilities": [
            0.00008710802649147809,
            0.00008710802649147809,
            0.1370924711227417,
            0.8627332448959351
          ],
          "class_index": 123,
          "conditional_hand_mass": 0.0030165911925363843,
          "expected_action_loss_bb": 0.010669514328273904,
          "probability_on_actions_losing_over_0_1bb": 0.00017421605298295617,
          "reference_expected_action_loss_bb": 0.00010386028255902858
        },
        {
          "action_values_bb": [
            0.0,
            -0.3247057795524597,
            0.14790290594100952,
            0.1836126744747162
          ],
          "candidate_probabilities": [
            0.0000871080337674357,
            0.0000871080337674357,
            0.09655445069074631,
            0.9032713770866394
          ],
          "class_index": 124,
          "conditional_hand_mass": 0.0030165911925363843,
          "expected_action_loss_bb": 0.003508209845172027,
          "probability_on_actions_losing_over_0_1bb": 0.0001742160675348714,
          "reference_expected_action_loss_bb": 0.001223389959227297
        },
        {
          "action_values_bb": [
            0.0,
            -0.26885032653808594,
            0.2977449893951416,
            0.3279953896999359
          ],
          "candidate_probabilities": [
            0.0000871080337674357,
            0.0000871080337674357,
            0.009155208244919777,
            0.9906705617904663
          ],
          "class_index": 125,
          "conditional_hand_mass": 0.0030165911925363843,
          "expected_action_loss_bb": 0.0003575098045681328,
          "probability_on_actions_losing_over_0_1bb": 0.0001742160675348714,
          "reference_expected_action_loss_bb": 0.001143989294897361
        },
        {
          "action_values_bb": [
            0.0,
            1.3289598226547241,
            1.3972634077072144,
            1.6107591390609741
          ],
          "candidate_probabilities": [
            0.00008710801921552047,
            0.00008710801921552047,
            0.0006835235981270671,
            0.9991422295570374
          ],
          "class_index": 126,
          "conditional_hand_mass": 0.0045248869052198935,
          "expected_action_loss_bb": 0.00031078638878502627,
          "probability_on_actions_losing_over_0_1bb": 0.000857739636558108,
          "reference_expected_action_loss_bb": 0.00043592514620079646
        },
        {
          "action_values_bb": [
            0.0,
            -0.28054776787757874,
            0.27704736590385437,
            0.3450193703174591
          ],
          "candidate_probabilities": [
            0.00008710801921552047,
            0.00008710801921552047,
            0.004713567905128002,
            0.9951121807098389
          ],
          "class_index": 127,
          "conditional_hand_mass": 0.009049773810439787,
          "expected_action_loss_bb": 0.0004049365266850177,
          "probability_on_actions_losing_over_0_1bb": 0.00017421603843104094,
          "reference_expected_action_loss_bb": 0.0004918186332283458
        },
        {
          "action_values_bb": [
            0.0,
            -0.1956128478050232,
            0.4110780358314514,
            0.5430084466934204
          ],
          "candidate_probabilities": [
            0.00008710801921552047,
            0.00008710801921552047,
            0.001491921255365014,
            0.9983338713645935
          ],
          "class_index": 128,
          "conditional_hand_mass": 0.009049773810439787,
          "expected_action_loss_bb": 0.0003084700123169343,
          "probability_on_actions_losing_over_0_1bb": 0.001666137293796055,
          "reference_expected_action_loss_bb": 0.00031661289914356296
        },
        {
          "action_values_bb": [
            0.0,
            -0.12004860490560532,
            0.5264625549316406,
            0.8316683769226074
          ],
          "candidate_probabilities": [
            0.00008710801921552047,
            0.00008710801921552047,
            0.001045838464051485,
            0.9987798929214478
          ],
          "class_index": 129,
          "conditional_hand_mass": 0.009049773810439787,
          "expected_action_loss_bb": 0.000474543154189348,
          "probability_on_actions_losing_over_0_1bb": 0.001220054502482526,
          "reference_expected_action_loss_bb": 0.0004818061487365227
        },
        {
          "action_values_bb": [
            0.0,
            -0.3052811920642853,
            -0.15696550905704498,
            -0.1327325701713562
          ],
          "candidate_probabilities": [
            0.9954367876052856,
            0.0005815831827931106,
            0.002906977664679289,
            0.0010746390325948596
          ],
          "class_index": 130,
          "conditional_hand_mass": 0.0030165911925363843,
          "expected_action_loss_bb": 0.0007764812370842419,
          "probability_on_actions_losing_over_0_1bb": 0.004563199880067259,
          "reference_expected_action_loss_bb": 0.0010584049277602755
        },
        {
          "action_values_bb": [
            0.0,
            -0.2817002534866333,
            -0.054208531975746155,
            -0.06612232327461243
          ],
          "candidate_probabilities": [
            0.9940496683120728,
            0.00044860196067020297,
            0.003789735957980156,
            0.0017120318952947855
          ],
          "class_index": 131,
          "conditional_hand_mass": 0.0030165911925363843,
          "expected_action_loss_bb": 0.00044501083533032837,
          "probability_on_actions_losing_over_0_1bb": 0.00044860196067020297,
          "reference_expected_action_loss_bb": 0.0018928153284266322
        },
        {
          "action_values_bb": [
            0.0,
            -0.2903139591217041,
            -0.15176062285900116,
            -0.08356940746307373
          ],
          "candidate_probabilities": [
            0.9944153428077698,
            0.0006259064539335668,
            0.0031963319052010775,
            0.0017624791944399476
          ],
          "class_index": 132,
          "conditional_hand_mass": 0.0030165911925363843,
          "expected_action_loss_bb": 0.0008140760434240356,
          "probability_on_actions_losing_over_0_1bb": 0.0038222383591346443,
          "reference_expected_action_loss_bb": 0.0010096113060859904
        },
        {
          "action_values_bb": [
            0.0,
            -0.20778629183769226,
            0.002708651125431061,
            0.018304988741874695
          ],
          "candidate_probabilities": [
            0.9738904237747192,
            0.000543202506378293,
            0.006345287896692753,
            0.019221071153879166
          ],
          "class_index": 133,
          "conditional_hand_mass": 0.0030165911925363843,
          "expected_action_loss_bb": 0.018048829845607264,
          "probability_on_actions_losing_over_0_1bb": 0.000543202506378293,
          "reference_expected_action_loss_bb": 0.002948293272064298
        },
        {
          "action_values_bb": [
            0.0,
            -0.16931329667568207,
            0.017250411212444305,
            0.055272504687309265
          ],
          "candidate_probabilities": [
            0.011924834921956062,
            0.0004657960671465844,
            0.016804544255137444,
            0.9708048701286316
          ],
          "class_index": 134,
          "conditional_hand_mass": 0.0030165911925363843,
          "expected_action_loss_bb": 0.0014026706296023919,
          "probability_on_actions_losing_over_0_1bb": 0.0004657960671465844,
          "reference_expected_action_loss_bb": 0.001999556386480978
        },
        {
          "action_values_bb": [
            0.0,
            -0.1447198987007141,
            0.01786169409751892,
            0.08077047765254974
          ],
          "candidate_probabilities": [
            0.7850267887115479,
            0.0007801515748724341,
            0.002592445118352771,
            0.21160069108009338
          ],
          "class_index": 135,
          "conditional_hand_mass": 0.0030165911925363843,
          "expected_action_loss_bb": 0.0637459929353383,
          "probability_on_actions_losing_over_0_1bb": 0.0007801515748724341,
          "reference_expected_action_loss_bb": 0.0012924948951988412
        },
        {
          "action_values_bb": [
            0.0,
            -0.335319459438324,
            0.19004705548286438,
            0.20660439133644104
          ],
          "candidate_probabilities": [
            0.00008710802649147809,
            0.00048242101911455393,
            0.9924192428588867,
            0.00701114209368825
          ],
          "class_index": 136,
          "conditional_hand_mass": 0.0030165911925363843,
          "expected_action_loss_bb": 0.016711251068733883,
          "probability_on_actions_losing_over_0_1bb": 0.000569529045606032,
          "reference_expected_action_loss_bb": 0.001623385398145237
        },
        {
          "action_values_bb": [
            0.0,
            -0.2778966426849365,
            0.2845052480697632,
            0.30798983573913574
          ],
          "candidate_probabilities": [
            0.0000871080337674357,
            0.0000871080337674357,
            0.03630964457988739,
            0.9635161757469177
          ],
          "class_index": 137,
          "conditional_hand_mass": 0.0030165911925363843,
          "expected_action_loss_bb": 0.0009305808395381632,
          "probability_on_actions_losing_over_0_1bb": 0.0001742160675348714,
          "reference_expected_action_loss_bb": 0.0009918758220552118
        },
        {
          "action_values_bb": [
            0.0,
            -0.19927242398262024,
            0.41357308626174927,
            0.4518158435821533
          ],
          "candidate_probabilities": [
            0.0000871080337674357,
            0.0024537229910492897,
            0.017369190230965614,
            0.9800900220870972
          ],
          "class_index": 138,
          "conditional_hand_mass": 0.0030165911925363843,
          "expected_action_loss_bb": 0.002301192767940304,
          "probability_on_actions_losing_over_0_1bb": 0.0025408310248167254,
          "reference_expected_action_loss_bb": 0.0006772386315209789
        },
        {
          "action_values_bb": [
            0.0,
            -0.197426900267601,
            0.41488438844680786,
            0.4930998980998993
          ],
          "candidate_probabilities": [
            0.0000871080337674357,
            0.0000871080337674357,
            0.004607575945556164,
            0.9952182173728943
          ],
          "class_index": 139,
          "conditional_hand_mass": 0.0030165911925363843,
          "expected_action_loss_bb": 0.0004634872950909206,
          "probability_on_actions_losing_over_0_1bb": 0.0001742160675348714,
          "reference_expected_action_loss_bb": 0.00041892956543340123
        },
        {
          "action_values_bb": [
            0.0,
            1.7770206928253174,
            1.5982893705368042,
            1.8191851377487183
          ],
          "candidate_probabilities": [
            0.00008710801193956286,
            0.0019773636013269424,
            0.0005701054469682276,
            0.997365415096283
          ],
          "class_index": 140,
          "conditional_hand_mass": 0.0045248869052198935,
          "expected_action_loss_bb": 0.00036777391946071596,
          "probability_on_actions_losing_over_0_1bb": 0.0006572134589077905,
          "reference_expected_action_loss_bb": 0.0004212705244077391
        },
        {
          "action_values_bb": [
            0.0,
            -0.12431935966014862,
            0.5263375639915466,
            0.6595542430877686
          ],
          "candidate_probabilities": [
            0.0000871080337674357,
            0.0000871080337674357,
            0.001437547616660595,
            0.9983882308006287
          ],
          "class_index": 141,
          "conditional_hand_mass": 0.009049773810439787,
          "expected_action_loss_bb": 0.000317239481070125,
          "probability_on_actions_losing_over_0_1bb": 0.0016117636841954663,
          "reference_expected_action_loss_bb": 0.0003162782405492725
        },
        {
          "action_values_bb": [
            0.0,
            -0.0716850757598877,
            0.602190375328064,
            0.9383153915405273
          ],
          "candidate_probabilities": [
            0.00008710801193956286,
            0.00008710801193956286,
            0.0009599445038475096,
            0.9988658428192139
          ],
          "class_index": 142,
          "conditional_hand_mass": 0.009049773810439787,
          "expected_action_loss_bb": 0.0004923752830127658,
          "probability_on_actions_losing_over_0_1bb": 0.0011341605277266353,
          "reference_expected_action_loss_bb": 0.00047549742232149556
        },
        {
          "action_values_bb": [
            0.0,
            -0.24226969480514526,
            0.016315020620822906,
            0.04374636709690094
          ],
          "candidate_probabilities": [
            0.0000871080337674357,
            0.0000871080337674357,
            0.46300238370895386,
            0.5368233919143677
          ],
          "class_index": 143,
          "conditional_hand_mass": 0.0030165911925363843,
          "expected_action_loss_bb": 0.012729503763570812,
          "probability_on_actions_losing_over_0_1bb": 0.0000871080337674357,
          "reference_expected_action_loss_bb": 0.0012109829017091026
        },
        {
          "action_values_bb": [
            0.0,
            -0.37559643387794495,
            0.12173405289649963,
            0.11293008923530579
          ],
          "candidate_probabilities": [
            0.0000871080337674357,
            0.0000871080337674357,
            0.7828918695449829,
            0.2169339805841446
          ],
          "class_index": 144,
          "conditional_hand_mass": 0.0030165911925363843,
          "expected_action_loss_bb": 0.0019638043767668195,
          "probability_on_actions_losing_over_0_1bb": 0.0001742160675348714,
          "reference_expected_action_loss_bb": 0.00024397802967959163
        },
        {
          "action_values_bb": [
            0.0,
            -0.23388685286045074,
            0.07082413882017136,
            0.11988513171672821
          ],
          "candidate_probabilities": [
            0.0000871080337674357,
            0.00026881619123741984,
            0.011342671699821949,
            0.9883013963699341
          ],
          "class_index": 145,
          "conditional_hand_mass": 0.0030165911925363843,
          "expected_action_loss_bb": 0.0006620253312552758,
          "probability_on_actions_losing_over_0_1bb": 0.00035592422500485554,
          "reference_expected_action_loss_bb": 0.0008372672045440324
        },
        {
          "action_values_bb": [
            0.0,
            -0.3662381172180176,
            0.13743187487125397,
            0.19141891598701477
          ],
          "candidate_probabilities": [
            0.00008710802649147809,
            0.0001581581891514361,
            0.004594974219799042,
            0.9951597452163696
          ],
          "class_index": 146,
          "conditional_hand_mass": 0.0030165911925363843,
          "expected_action_loss_bb": 0.00035294121267418887,
          "probability_on_actions_losing_over_0_1bb": 0.0002452662156429142,
          "reference_expected_action_loss_bb": 0.0006155168917169837
        },
        {
          "action_values_bb": [
            0.0,
            -0.3209311366081238,
            0.21251265704631805,
            0.2540437877178192
          ],
          "candidate_probabilities": [
            0.0000871080337674357,
            0.0000871080337674357,
            0.018248090520501137,
            0.9815776944160461
          ],
          "class_index": 147,
          "conditional_hand_mass": 0.0030165911925363843,
          "expected_action_loss_bb": 0.0008300780218748584,
          "probability_on_actions_losing_over_0_1bb": 0.0001742160675348714,
          "reference_expected_action_loss_bb": 0.0007231081707235222
        },
        {
          "action_values_bb": [
            0.0,
            -0.34652090072631836,
            0.1687537133693695,
            0.2696889042854309
          ],
          "candidate_probabilities": [
            0.0000871080337674357,
            0.0000871080337674357,
            0.010810555890202522,
            0.9890151619911194
          ],
          "class_index": 148,
          "conditional_hand_mass": 0.0030165911925363843,
          "expected_action_loss_bb": 0.0011683344173703302,
          "probability_on_actions_losing_over_0_1bb": 0.010984771957737394,
          "reference_expected_action_loss_bb": 0.0004180729183532435
        },
        {
          "action_values_bb": [
            0.0,
            -0.26789557933807373,
            0.29764968156814575,
            0.3616085946559906
          ],
          "candidate_probabilities": [
            0.00008710802649147809,
            0.00008710802649147809,
            0.009989759884774685,
            0.9898359775543213
          ],
          "class_index": 149,
          "conditional_hand_mass": 0.0030165911925363843,
          "expected_action_loss_bb": 0.0007252680615463542,
          "probability_on_actions_losing_over_0_1bb": 0.00017421605298295617,
          "reference_expected_action_loss_bb": 0.00038548601178940234
        },
        {
          "action_values_bb": [
            0.0,
            -0.19298821687698364,
            0.41887855529785156,
            0.48743051290512085
          ],
          "candidate_probabilities": [
            0.0000871080337674357,
            0.0000871080337674357,
            0.004562433809041977,
            0.9952633380889893
          ],
          "class_index": 150,
          "conditional_hand_mass": 0.0030165911925363843,
          "expected_action_loss_bb": 0.0004144928203306908,
          "probability_on_actions_losing_over_0_1bb": 0.0001742160675348714,
          "reference_expected_action_loss_bb": 0.0003408295977614206
        },
        {
          "action_values_bb": [
            0.0,
            -0.1756519377231598,
            0.44519346952438354,
            0.5932909250259399
          ],
          "candidate_probabilities": [
            0.00008710802649147809,
            0.00008710802649147809,
            0.0014388151466846466,
            0.9983869791030884
          ],
          "class_index": 151,
          "conditional_hand_mass": 0.0030165911925363843,
          "expected_action_loss_bb": 0.0003317463590341895,
          "probability_on_actions_losing_over_0_1bb": 0.0016130311996676028,
          "reference_expected_action_loss_bb": 0.00033689692388625043
        },
        {
          "action_values_bb": [
            0.0,
            -0.09997616708278656,
            0.570580244064331,
            0.6989420652389526
          ],
          "candidate_probabilities": [
            0.00008710804104339331,
            0.00008710804104339331,
            0.0017615441465750337,
            0.9980642795562744
          ],
          "class_index": 152,
          "conditional_hand_mass": 0.0030165911925363843,
          "expected_action_loss_bb": 0.0003565906910110519,
          "probability_on_actions_losing_over_0_1bb": 0.0019357602286618203,
          "reference_expected_action_loss_bb": 0.0003118692902916775
        },
        {
          "action_values_bb": [
            0.0,
            -0.03381962701678276,
            0.6780925989151001,
            0.8112092018127441
          ],
          "candidate_probabilities": [
            0.0000871080337674357,
            0.0000871080337674357,
            0.0011798335472121835,
            0.9986459612846375
          ],
          "class_index": 153,
          "conditional_hand_mass": 0.0030165911925363843,
          "expected_action_loss_bb": 0.00030132707208966117,
          "probability_on_actions_losing_over_0_1bb": 0.0013540496147470549,
          "reference_expected_action_loss_bb": 0.0003172976218044389
        },
        {
          "action_values_bb": [
            0.0,
            1.9648818969726562,
            1.7899893522262573,
            2.063729763031006
          ],
          "candidate_probabilities": [
            0.00008710801921552047,
            0.002985744969919324,
            0.0005598539137281477,
            0.9963672757148743
          ],
          "class_index": 154,
          "conditional_hand_mass": 0.0045248869052198935,
          "expected_action_loss_bb": 0.0006281565710593122,
          "probability_on_actions_losing_over_0_1bb": 0.0006469619329436682,
          "reference_expected_action_loss_bb": 0.000498253263962474
        },
        {
          "action_values_bb": [
            0.0,
            0.005626756697893143,
            0.726824939250946,
            1.0768311023712158
          ],
          "candidate_probabilities": [
            0.00008710801193956286,
            0.00008710801193956286,
            0.0008228743099607527,
            0.9990028738975525
          ],
          "class_index": 155,
          "conditional_hand_mass": 0.009049773810439787,
          "expected_action_loss_bb": 0.00047512217741447056,
          "probability_on_actions_losing_over_0_1bb": 0.0009970903338398784,
          "reference_expected_action_loss_bb": 0.00045779363897048217
        },
        {
          "action_values_bb": [
            0.0,
            -0.3357236385345459,
            0.13357318937778473,
            0.30157142877578735
          ],
          "candidate_probabilities": [
            0.0000871080337674357,
            0.0000871080337674357,
            0.002413701033219695,
            0.9974120855331421
          ],
          "class_index": 156,
          "conditional_hand_mass": 0.0030165911925363843,
          "expected_action_loss_bb": 0.00048728033845823245,
          "probability_on_actions_losing_over_0_1bb": 0.0025879171007545665,
          "reference_expected_action_loss_bb": 0.00038168514551014353
        },
        {
          "action_values_bb": [
            0.0,
            -0.2890699505805969,
            0.2565457224845886,
            0.38015419244766235
          ],
          "candidate_probabilities": [
            0.00008710802649147809,
            0.00008710802649147809,
            0.004073616582900286,
            0.9957521557807922
          ],
          "class_index": 157,
          "conditional_hand_mass": 0.0030165911925363843,
          "expected_action_loss_bb": 0.0005949427888747288,
          "probability_on_actions_losing_over_0_1bb": 0.004247832635883242,
          "reference_expected_action_loss_bb": 0.00039360444912029313
        },
        {
          "action_values_bb": [
            0.0,
            -0.2758520543575287,
            0.279132604598999,
            0.4179103374481201
          ],
          "candidate_probabilities": [
            0.0000871080337674357,
            0.0000871080337674357,
            0.00258235028013587,
            0.9972434639930725
          ],
          "class_index": 158,
          "conditional_hand_mass": 0.0030165911925363843,
          "expected_action_loss_bb": 0.0004552083429377235,
          "probability_on_actions_losing_over_0_1bb": 0.0027565663476707414,
          "reference_expected_action_loss_bb": 0.00038918540007503843
        },
        {
          "action_values_bb": [
            0.0,
            -0.23862417042255402,
            0.3402480185031891,
            0.4892317056655884
          ],
          "candidate_probabilities": [
            0.0000871080337674357,
            0.0000871080337674357,
            0.0015365544240921736,
            0.9982892274856567
          ],
          "class_index": 159,
          "conditional_hand_mass": 0.0030165911925363843,
          "expected_action_loss_bb": 0.00033493964979627964,
          "probability_on_actions_losing_over_0_1bb": 0.001710770491627045,
          "reference_expected_action_loss_bb": 0.00034536961060316785
        },
        {
          "action_values_bb": [
            0.0,
            -0.2410130500793457,
            0.3371126651763916,
            0.500694751739502
          ],
          "candidate_probabilities": [
            0.0000871080337674357,
            0.0000871080337674357,
            0.0020162055734544992,
            0.997809648513794
          ],
          "class_index": 160,
          "conditional_hand_mass": 0.0030165911925363843,
          "expected_action_loss_bb": 0.0004380383582339685,
          "probability_on_actions_losing_over_0_1bb": 0.0021904216409893706,
          "reference_expected_action_loss_bb": 0.00036696072485058184
        },
        {
          "action_values_bb": [
            0.0,
            -0.22268712520599365,
            0.3659972548484802,
            0.5686942338943481
          ],
          "candidate_probabilities": [
            0.00008710802649147809,
            0.00008710802649147809,
            0.0015547311631962657,
            0.9982710480690002
          ],
          "class_index": 161,
          "conditional_hand_mass": 0.0030165911925363843,
          "expected_action_loss_bb": 0.00043361281079334554,
          "probability_on_actions_losing_over_0_1bb": 0.0017289472161792219,
          "reference_expected_action_loss_bb": 0.0004128471003676257
        },
        {
          "action_values_bb": [
            0.0,
            -0.15317857265472412,
            0.47931739687919617,
            0.6832691431045532
          ],
          "candidate_probabilities": [
            0.00008710802649147809,
            0.00008710802649147809,
            0.0013113714521750808,
            0.9985143542289734
          ],
          "class_index": 162,
          "conditional_hand_mass": 0.0030165911925363843,
          "expected_action_loss_bb": 0.00039983603402264645,
          "probability_on_actions_losing_over_0_1bb": 0.001485587505158037,
          "reference_expected_action_loss_bb": 0.0004087578630656459
        },
        {
          "action_values_bb": [
            0.0,
            -0.1288856565952301,
            0.5167090892791748,
            0.7478231191635132
          ],
          "candidate_probabilities": [
            0.0000871080337674357,
            0.0000871080337674357,
            0.0013606329448521137,
            0.9984651207923889
          ],
          "class_index": 163,
          "conditional_hand_mass": 0.0030165911925363843,
          "expected_action_loss_bb": 0.00045597114223733097,
          "probability_on_actions_losing_over_0_1bb": 0.0015348490123869851,
          "reference_expected_action_loss_bb": 0.0004382722315474856
        },
        {
          "action_values_bb": [
            0.0,
            -0.07848257571458817,
            0.5982145667076111,
            0.8834111094474792
          ],
          "candidate_probabilities": [
            0.00008710802649147809,
            0.00008710802649147809,
            0.0010834102286025882,
            0.998742401599884
          ],
          "class_index": 164,
          "conditional_hand_mass": 0.0030165911925363843,
          "expected_action_loss_bb": 0.0004697257105001683,
          "probability_on_actions_losing_over_0_1bb": 0.0012576262815855443,
          "reference_expected_action_loss_bb": 0.0004601376550953716
        },
        {
          "action_values_bb": [
            0.0,
            -0.0895397812128067,
            0.5771580338478088,
            0.9267005920410156
          ],
          "candidate_probabilities": [
            0.00008710802649147809,
            0.00008710802649147809,
            0.0008721607737243176,
            0.9989535808563232
          ],
          "class_index": 165,
          "conditional_hand_mass": 0.0030165911925363843,
          "expected_action_loss_bb": 0.00047410306107964527,
          "probability_on_actions_losing_over_0_1bb": 0.0010463768267072737,
          "reference_expected_action_loss_bb": 0.0004817222109523918
        },
        {
          "action_values_bb": [
            0.0,
            0.03221473470330238,
            0.777647852897644,
            1.0863341093063354
          ],
          "candidate_probabilities": [
            0.0000871080337674357,
            0.0000871080337674357,
            0.0009669792489148676,
            0.9988588094711304
          ],
          "class_index": 166,
          "conditional_hand_mass": 0.0030165911925363843,
          "expected_action_loss_bb": 0.00048494389872642135,
          "probability_on_actions_losing_over_0_1bb": 0.001141195316449739,
          "reference_expected_action_loss_bb": 0.00044509568295537347
        },
        {
          "action_values_bb": [
            0.0,
            0.09996374696493149,
            0.8858048915863037,
            1.2143049240112305
          ],
          "candidate_probabilities": [
            0.00008710802649147809,
            0.00008710802649147809,
            0.0006373859359882772,
            0.9991884231567383
          ],
          "class_index": 167,
          "conditional_hand_mass": 0.0030165911925363843,
          "expected_action_loss_bb": 0.0004122250668995378,
          "probability_on_actions_losing_over_0_1bb": 0.0008116019889712334,
          "reference_expected_action_loss_bb": 0.0004356994007008145
        },
        {
          "action_values_bb": [
            0.0,
            0.7791628837585449,
            2.026134490966797,
            2.402336835861206
          ],
          "candidate_probabilities": [
            0.00008710801921552047,
            0.00008710801921552047,
            0.0005529241170734167,
            0.9992728233337402
          ],
          "class_index": 168,
          "conditional_hand_mass": 0.0045248869052198935,
          "expected_action_loss_bb": 0.0005586656204619317,
          "probability_on_actions_losing_over_0_1bb": 0.0007271401555044577,
          "reference_expected_action_loss_bb": 0.0005579303122704715
        }
      ],
      "joint_reach_independent_model": 1.000000037252903,
      "opponent_mass": 1.0,
      "passes_local_tail_gate": true,
      "path": [],
      "position": "BTN",
      "reference_weighted_action_loss_bb": 0.0008315245863723471,
      "scope": "One-action deviation followed by reference play, same reference arriving ranges; excludes physical-deal validation",
      "status": "evaluated",
      "weighted_action_loss_bb": 0.001730941781210683,
      "weighted_excess_action_loss_bb": 0.0008994171948383358,
      "worst_relevant_probability_on_strongly_inferior_actions": 0.07892135941801826
    },
    {
      "actions": [
        {
          "kind": "fold",
          "label": "Fold",
          "to": 0.0
        },
        {
          "kind": "call",
          "label": "Limp 1",
          "to": 1.0
        },
        {
          "kind": "raise",
          "label": "Raise 2",
          "to": 2.0
        },
        {
          "kind": "raise",
          "label": "Raise 3",
          "to": 3.0
        }
      ],
      "actor": 1,
      "actor_mass": 1.000000037252903,
      "forced_or_frozen": false,
      "hands": [
        {
          "action_values_bb": [
            -0.5000004881407597,
            -0.32190763177394677,
            0.010281464751425476,
            0.03452949088452919
          ],
          "candidate_probabilities": [
            0.007692307233810425,
            0.007692307233810425,
            0.4979027509689331,
            0.48671263456344604
          ],
          "class_index": 0,
          "conditional_hand_mass": 0.0045248869052198935,
          "expected_action_loss_bb": 0.018926751598608054,
          "probability_on_actions_losing_over_0_1bb": 0.01538461446762085,
          "reference_expected_action_loss_bb": 0.02476166461388886
        },
        {
          "action_values_bb": [
            -0.5000004881407597,
            -0.7829091599334622,
            -0.7645118320438746,
            -1.0239932340901328
          ],
          "candidate_probabilities": [
            0.7515963315963745,
            0.007692307233810425,
            0.23301908373832703,
            0.007692307233810425
          ],
          "class_index": 1,
          "conditional_hand_mass": 0.009049773810439787,
          "expected_action_loss_bb": 0.06784312460736662,
          "probability_on_actions_losing_over_0_1bb": 0.24840369820594788,
          "reference_expected_action_loss_bb": 0.07242806777846977
        },
        {
          "action_values_bb": [
            -0.5000004881407597,
            -0.7609852939925353,
            -0.7293461717142513,
            -0.982975184457933
          ],
          "candidate_probabilities": [
            0.7130836844444275,
            0.007692308630794287,
            0.27153173089027405,
            0.007692308630794287
          ],
          "class_index": 2,
          "conditional_hand_mass": 0.009049773810439787,
          "expected_action_loss_bb": 0.0679973965324189,
          "probability_on_actions_losing_over_0_1bb": 0.2869163481518626,
          "reference_expected_action_loss_bb": 0.07080953817882932
        },
        {
          "action_values_bb": [
            -0.5000004881407597,
            -0.7290110979499065,
            -0.6739971461896499,
            -0.9264017624391864
          ],
          "candidate_probabilities": [
            0.6351388692855835,
            0.007692309096455574,
            0.3494766056537628,
            0.007692309096455574
          ],
          "class_index": 3,
          "conditional_hand_mass": 0.009049773810439787,
          "expected_action_loss_bb": 0.06584939224807039,
          "probability_on_actions_losing_over_0_1bb": 0.36486122384667397,
          "reference_expected_action_loss_bb": 0.06684402167113859
        },
        {
          "action_values_bb": [
            -0.5000004881407597,
            -0.756321945846222,
            -0.7290943608166344,
            -1.0070179299679793
          ],
          "candidate_probabilities": [
            0.740431547164917,
            0.007692307699471712,
            0.24418391287326813,
            0.007692307699471712
          ],
          "class_index": 4,
          "conditional_hand_mass": 0.009049773810439787,
          "expected_action_loss_bb": 0.061812875939466876,
          "probability_on_actions_losing_over_0_1bb": 0.25956852827221155,
          "reference_expected_action_loss_bb": 0.06524224592707362
        },
        {
          "action_values_bb": [
            -0.5000004881407597,
            -0.774498355174843,
            -0.7734337899123062,
            -1.0732767620033463
          ],
          "candidate_probabilities": [
            0.7969936728477478,
            0.007692307699471712,
            0.18762172758579254,
            0.007692307699471712
          ],
          "class_index": 5,
          "conditional_hand_mass": 0.009049773810439787,
          "expected_action_loss_bb": 0.05782336800929736,
          "probability_on_actions_losing_over_0_1bb": 0.20300634298473597,
          "reference_expected_action_loss_bb": 0.0583239143957177
        },
        {
          "action_values_bb": [
            -0.5000004881407597,
            -0.7402705527134141,
            -0.7227887676858628,
            -1.013376590972771
          ],
          "candidate_probabilities": [
            0.7020980715751648,
            0.007692307699471712,
            0.2825174033641815,
            0.007692307699471712
          ],
          "class_index": 6,
          "conditional_hand_mass": 0.009049773810439787,
          "expected_action_loss_bb": 0.06873884445326017,
          "probability_on_actions_losing_over_0_1bb": 0.29790201876312494,
          "reference_expected_action_loss_bb": 0.06198867036519706
        },
        {
          "action_values_bb": [
            -0.5000004881407597,
            -0.6769913318753266,
            -0.6167456966556639,
            -0.8895983201263364
          ],
          "candidate_probabilities": [
            0.691552460193634,
            0.007692307233810425,
            0.2930629849433899,
            0.007692307233810425
          ],
          "class_index": 7,
          "conditional_hand_mass": 0.009049773810439787,
          "expected_action_loss_bb": 0.03857207345405342,
          "probability_on_actions_losing_over_0_1bb": 0.30844759941101074,
          "reference_expected_action_loss_bb": 0.04519738448997387
        },
        {
          "action_values_bb": [
            -0.5000004881407597,
            -0.6468508017293572,
            -0.5788985396641564,
            -0.8392788877866205
          ],
          "candidate_probabilities": [
            0.5736756324768066,
            0.007692307699471712,
            0.4109398126602173,
            0.007692307699471712
          ],
          "class_index": 8,
          "conditional_hand_mass": 0.009049773810439787,
          "expected_action_loss_bb": 0.0361618021560285,
          "probability_on_actions_losing_over_0_1bb": 0.015384615398943424,
          "reference_expected_action_loss_bb": 0.03869874367168374
        },
        {
          "action_values_bb": [
            -0.5000004881407597,
            -0.586274764949764,
            -0.4805227304139448,
            -0.710474928881378
          ],
          "candidate_probabilities": [
            0.27193036675453186,
            0.007692307233810425,
            0.7126850485801697,
            0.007692307233810425
          ],
          "class_index": 9,
          "conditional_hand_mass": 0.009049773810439787,
          "expected_action_loss_bb": 0.0078789339021604,
          "probability_on_actions_losing_over_0_1bb": 0.01538461446762085,
          "reference_expected_action_loss_bb": 0.008877674117044775
        },
        {
          "action_values_bb": [
            -0.5000004881407597,
            -0.4826134721549866,
            -0.2851783171221787,
            -0.4446780662875626
          ],
          "candidate_probabilities": [
            0.08448353409767151,
            0.007692307233810425,
            0.6503469347953796,
            0.25747719407081604
          ],
          "class_index": 10,
          "conditional_hand_mass": 0.009049773810439787,
          "expected_action_loss_bb": 0.060735215951553484,
          "probability_on_actions_losing_over_0_1bb": 0.349653035402298,
          "reference_expected_action_loss_bb": 0.0673344546577292
        },
        {
          "action_values_bb": [
            -0.5000004881407597,
            -0.3678918162922697,
            -0.07329501498103992,
            -0.10698296862942487
          ],
          "candidate_probabilities": [
            0.02278648316860199,
            0.007692308630794287,
            0.4997078478336334,
            0.46981343626976013
          ],
          "class_index": 11,
          "conditional_hand_mass": 0.009049773810439787,
          "expected_action_loss_bb": 0.0278162998638792,
          "probability_on_actions_losing_over_0_1bb": 0.030478791799396276,
          "reference_expected_action_loss_bb": 0.02787906632872115
        },
        {
          "action_values_bb": [
            -0.5000004881407597,
            -0.2578114725072848,
            0.12338887398897332,
            0.19893632733770958
          ],
          "candidate_probabilities": [
            0.007692307699471712,
            0.007692307699471712,
            0.44543442130088806,
            0.5391809344291687
          ],
          "class_index": 12,
          "conditional_hand_mass": 0.009049773810439787,
          "expected_action_loss_bb": 0.04254131782776385,
          "probability_on_actions_losing_over_0_1bb": 0.015384615398943424,
          "reference_expected_action_loss_bb": 0.046748317066322695
        },
        {
          "action_values_bb": [
            -0.5000004881407597,
            -0.6805721930197824,
            -0.5878129662180095,
            -0.7795584222900134
          ],
          "candidate_probabilities": [
            0.5331392884254456,
            0.007692309562116861,
            0.45147618651390076,
            0.007692309562116861
          ],
          "class_index": 13,
          "conditional_hand_mass": 0.0030165911925363843,
          "expected_action_loss_bb": 0.04318470235276284,
          "probability_on_actions_losing_over_0_1bb": 0.015384619124233723,
          "reference_expected_action_loss_bb": 0.050852362202786036
        },
        {
          "action_values_bb": [
            -0.5000004881407597,
            -0.2512997445071264,
            0.12462154272563575,
            0.16918922121046914
          ],
          "candidate_probabilities": [
            0.013038529083132744,
            0.007692307233810425,
            0.46295973658561707,
            0.5163094401359558
          ],
          "class_index": 14,
          "conditional_hand_mass": 0.0045248869052198935,
          "expected_action_loss_bb": 0.032592820491807006,
          "probability_on_actions_losing_over_0_1bb": 0.02073083631694317,
          "reference_expected_action_loss_bb": 0.03301121797032991
        },
        {
          "action_values_bb": [
            -0.5000004881407597,
            -0.718634968758294,
            -0.6593380002379338,
            -0.8901527085605803
          ],
          "candidate_probabilities": [
            0.5916239619255066,
            0.007692307233810425,
            0.39299142360687256,
            0.007692307233810425
          ],
          "class_index": 15,
          "conditional_hand_mass": 0.009049773810439787,
          "expected_action_loss_bb": 0.06730125005728294,
          "probability_on_actions_losing_over_0_1bb": 0.4083760380744934,
          "reference_expected_action_loss_bb": 0.06883929886651781
        },
        {
          "action_values_bb": [
            -0.5000004881407597,
            -0.6631913833950971,
            -0.5567966418147232,
            -0.7808971134563253
          ],
          "candidate_probabilities": [
            0.40890952944755554,
            0.007692307699471712,
            0.575705885887146,
            0.007692307699471712
          ],
          "class_index": 16,
          "conditional_hand_mass": 0.009049773810439787,
          "expected_action_loss_bb": 0.03611393781957081,
          "probability_on_actions_losing_over_0_1bb": 0.015384615398943424,
          "reference_expected_action_loss_bb": 0.03567169631323754
        },
        {
          "action_values_bb": [
            -0.5000004881407597,
            -0.6777982982855242,
            -0.5878205672669822,
            -0.8287710303242802
          ],
          "candidate_probabilities": [
            0.5614129900932312,
            0.007692309096455574,
            0.42320239543914795,
            0.007692309096455574
          ],
          "class_index": 17,
          "conditional_hand_mass": 0.009049773810439787,
          "expected_action_loss_bb": 0.04106234819846425,
          "probability_on_actions_losing_over_0_1bb": 0.015384618192911148,
          "reference_expected_action_loss_bb": 0.04437346120484766
        },
        {
          "action_values_bb": [
            -0.5000004881407597,
            -0.7126970153539794,
            -0.6640335656743881,
            -0.9315976024199508
          ],
          "candidate_probabilities": [
            0.6062797904014587,
            0.007692307699471712,
            0.3783356249332428,
            0.007692307699471712
          ],
          "class_index": 18,
          "conditional_hand_mass": 0.009049773810439787,
          "expected_action_loss_bb": 0.0670156618375811,
          "probability_on_actions_losing_over_0_1bb": 0.3937202403321862,
          "reference_expected_action_loss_bb": 0.058461728653394475
        },
        {
          "action_values_bb": [
            -0.5000004881407597,
            -0.691994756531428,
            -0.6301765409871573,
            -0.9057791402948622
          ],
          "candidate_probabilities": [
            0.5136074423789978,
            0.007692308630794287,
            0.47100794315338135,
            0.007692308630794287
          ],
          "class_index": 19,
          "conditional_hand_mass": 0.009049773810439787,
          "expected_action_loss_bb": 0.06591220869496923,
          "probability_on_actions_losing_over_0_1bb": 0.4863925604149699,
          "reference_expected_action_loss_bb": 0.0496561511959896
        },
        {
          "action_values_bb": [
            -0.5000004881407597,
            -0.6524575864954045,
            -0.5736556987016711,
            -0.8343569645064486
          ],
          "candidate_probabilities": [
            0.5231106877326965,
            0.007692307233810425,
            0.4615046977996826,
            0.007692307233810425
          ],
          "class_index": 20,
          "conditional_hand_mass": 0.009049773810439787,
          "expected_action_loss_bb": 0.03773694527362374,
          "probability_on_actions_losing_over_0_1bb": 0.01538461446762085,
          "reference_expected_action_loss_bb": 0.03523695663960088
        },
        {
          "action_values_bb": [
            -0.5000004881407597,
            -0.5888798327155563,
            -0.4697778806127645,
            -0.7135239955353252
          ],
          "candidate_probabilities": [
            0.16808012127876282,
            0.007692309096455574,
            0.8165352940559387,
            0.007692309096455574
          ],
          "class_index": 21,
          "conditional_hand_mass": 0.009049773810439787,
          "expected_action_loss_bb": 0.007870959025276326,
          "probability_on_actions_losing_over_0_1bb": 0.015384618192911148,
          "reference_expected_action_loss_bb": 0.015532598079713307
        },
        {
          "action_values_bb": [
            -0.5000004881407597,
            -0.5500561152670486,
            -0.41322053237189127,
            -0.6261380130132748
          ],
          "candidate_probabilities": [
            0.12118607759475708,
            0.007692307699471712,
            0.8634293675422668,
            0.007692307699471712
          ],
          "class_index": 22,
          "conditional_hand_mass": 0.009049773810439787,
          "expected_action_loss_bb": 0.01320693063703163,
          "probability_on_actions_losing_over_0_1bb": 0.015384615398943424,
          "reference_expected_action_loss_bb": 0.01702910826150916
        },
        {
          "action_values_bb": [
            -0.5000004881407597,
            -0.45070845263144826,
            -0.22619110878105256,
            -0.36668297056804106
          ],
          "candidate_probabilities": [
            0.06325279176235199,
            0.008798140101134777,
            0.5890623927116394,
            0.3388865888118744
          ],
          "class_index": 23,
          "conditional_hand_mass": 0.009049773810439787,
          "expected_action_loss_bb": 0.06690535049837068,
          "probability_on_actions_losing_over_0_1bb": 0.41093752067536116,
          "reference_expected_action_loss_bb": 0.070814021401581
        },
        {
          "action_values_bb": [
            -0.5000004881407597,
            -0.3498259359785263,
            -0.04155674346933911,
            -0.06066135681095131
          ],
          "candidate_probabilities": [
            0.020231151953339577,
            0.007692307233810425,
            0.4916309118270874,
            0.48044565320014954
          ],
          "class_index": 24,
          "conditional_hand_mass": 0.009049773810439787,
          "expected_action_loss_bb": 0.020824874836052006,
          "probability_on_actions_losing_over_0_1bb": 0.02792345918715,
          "reference_expected_action_loss_bb": 0.020851841468828278
        },
        {
          "action_values_bb": [
            -0.5000004881407597,
            -0.23023641842477535,
            0.17202113496073884,
            0.26417281828625494
          ],
          "candidate_probabilities": [
            0.007692307233810425,
            0.007692307233810425,
            0.4385787844657898,
            0.5460366606712341
          ],
          "class_index": 25,
          "conditional_hand_mass": 0.009049773810439787,
          "expected_action_loss_bb": 0.050097176860309546,
          "probability_on_actions_losing_over_0_1bb": 0.01538461446762085,
          "reference_expected_action_loss_bb": 0.054549065085633466
        },
        {
          "action_values_bb": [
            -0.5000004881407597,
            -0.6556027471446206,
            -0.5462594959068002,
            -0.733617473096122
          ],
          "candidate_probabilities": [
            0.20453086495399475,
            0.007692307699471712,
            0.7800845503807068,
            0.007692307699471712
          ],
          "class_index": 26,
          "conditional_hand_mass": 0.0030165911925363843,
          "expected_action_loss_bb": 0.03907993146131944,
          "probability_on_actions_losing_over_0_1bb": 0.015384615398943424,
          "reference_expected_action_loss_bb": 0.03146527788028312
        },
        {
          "action_values_bb": [
            -0.5000004881407597,
            -0.5652774947723611,
            -0.37945492947551507,
            -0.5306483011376608
          ],
          "candidate_probabilities": [
            0.06993215531110764,
            0.007692309096455574,
            0.9146832227706909,
            0.007692309096455574
          ],
          "class_index": 27,
          "conditional_hand_mass": 0.0030165911925363843,
          "expected_action_loss_bb": 0.011022441488162275,
          "probability_on_actions_losing_over_0_1bb": 0.08531677350401878,
          "reference_expected_action_loss_bb": 0.015294524722661098
        },
        {
          "action_values_bb": [
            -0.5000004881407597,
            -0.17430896353351427,
            0.25102016188700155,
            0.3215109128050897
          ],
          "candidate_probabilities": [
            0.007692307233810425,
            0.007692307233810425,
            0.43479523062705994,
            0.5498201251029968
          ],
          "class_index": 28,
          "conditional_hand_mass": 0.0045248869052198935,
          "expected_action_loss_bb": 0.0407823592160847,
          "probability_on_actions_losing_over_0_1bb": 0.01538461446762085,
          "reference_expected_action_loss_bb": 0.04569098838944266
        },
        {
          "action_values_bb": [
            -0.5000004881407597,
            -0.6166344702968439,
            -0.47960987232608693,
            -0.6781797454220416
          ],
          "candidate_probabilities": [
            0.24039986729621887,
            0.007692307233810425,
            0.7442155480384827,
            0.007692307233810425
          ],
          "class_index": 29,
          "conditional_hand_mass": 0.009049773810439787,
          "expected_action_loss_bb": 0.007483397113348766,
          "probability_on_actions_losing_over_0_1bb": 0.01538461446762085,
          "reference_expected_action_loss_bb": 0.009039605023357305
        },
        {
          "action_values_bb": [
            -0.5000004881407597,
            -0.631252194018379,
            -0.5100725056390718,
            -0.7288357159483815
          ],
          "candidate_probabilities": [
            0.3968105614185333,
            0.007692307699471712,
            0.587804913520813,
            0.007692307699471712
          ],
          "class_index": 30,
          "conditional_hand_mass": 0.009049773810439787,
          "expected_action_loss_bb": 0.0086902808670416,
          "probability_on_actions_losing_over_0_1bb": 0.015384615398943424,
          "reference_expected_action_loss_bb": 0.010039708473530291
        },
        {
          "action_values_bb": [
            -0.5000004881407597,
            -0.675315056506477,
            -0.6054128813094111,
            -0.8529288375848302
          ],
          "candidate_probabilities": [
            0.5518345832824707,
            0.007692307699471712,
            0.43278080224990845,
            0.007692307699471712
          ],
          "class_index": 31,
          "conditional_hand_mass": 0.009049773810439787,
          "expected_action_loss_bb": 0.04968386714647134,
          "probability_on_actions_losing_over_0_1bb": 0.44816541764885187,
          "reference_expected_action_loss_bb": 0.048087673596022736
        },
        {
          "action_values_bb": [
            -0.5000004881407597,
            -0.6269677825703902,
            -0.5160726969902496,
            -0.7637163020743333
          ],
          "candidate_probabilities": [
            0.3704143166542053,
            0.007692307699471712,
            0.6142010688781738,
            0.007692307699471712
          ],
          "class_index": 32,
          "conditional_hand_mass": 0.009049773810439787,
          "expected_action_loss_bb": 0.012876822537105757,
          "probability_on_actions_losing_over_0_1bb": 0.015384615398943424,
          "reference_expected_action_loss_bb": 0.012570727783683368
        },
        {
          "action_values_bb": [
            -0.5000004881407597,
            -0.6596118472041319,
            -0.5938846004560908,
            -0.8590778770005228
          ],
          "candidate_probabilities": [
            0.5352497100830078,
            0.007692307233810425,
            0.4493657052516937,
            0.007692307233810425
          ],
          "class_index": 33,
          "conditional_hand_mass": 0.009049773810439787,
          "expected_action_loss_bb": 0.0461782135502532,
          "probability_on_actions_losing_over_0_1bb": 0.01538461446762085,
          "reference_expected_action_loss_bb": 0.040621218289312394
        },
        {
          "action_values_bb": [
            -0.5000004881407597,
            -0.6072719305255756,
            -0.5138485184858208,
            -0.7562833129918105
          ],
          "candidate_probabilities": [
            0.2870083451271057,
            0.007692307233810425,
            0.6976070404052734,
            0.007692307233810425
          ],
          "class_index": 34,
          "conditional_hand_mass": 0.009049773810439787,
          "expected_action_loss_bb": 0.012457054584201599,
          "probability_on_actions_losing_over_0_1bb": 0.01538461446762085,
          "reference_expected_action_loss_bb": 0.011378287820713925
        },
        {
          "action_values_bb": [
            -0.5000004881407597,
            -0.545201625146111,
            -0.41073192104448736,
            -0.615924364960252
          ],
          "candidate_probabilities": [
            0.10147678852081299,
            0.007692308630794287,
            0.8831385970115662,
            0.007692308630794287
          ],
          "class_index": 35,
          "conditional_hand_mass": 0.009049773810439787,
          "expected_action_loss_bb": 0.011671473577532718,
          "probability_on_actions_losing_over_0_1bb": 0.015384617261588573,
          "reference_expected_action_loss_bb": 0.017531925835437095
        },
        {
          "action_values_bb": [
            -0.5000004881407597,
            -0.46891913641484045,
            -0.2702991940238182,
            -0.40765984204043954
          ],
          "candidate_probabilities": [
            0.06342881917953491,
            0.007692307699471712,
            0.6029454469680786,
            0.32593342661857605
          ],
          "class_index": 36,
          "conditional_hand_mass": 0.009049773810439787,
          "expected_action_loss_bb": 0.06086795425257724,
          "probability_on_actions_losing_over_0_1bb": 0.3970545534975827,
          "reference_expected_action_loss_bb": 0.06617931428116569
        },
        {
          "action_values_bb": [
            -0.5000004881407597,
            -0.31122791389699084,
            0.02817040929417217,
            0.027294791552040756
          ],
          "candidate_probabilities": [
            0.008923012763261795,
            0.007692307233810425,
            0.4732949733734131,
            0.5100896954536438
          ],
          "class_index": 37,
          "conditional_hand_mass": 0.009049773810439787,
          "expected_action_loss_bb": 0.007770275423039465,
          "probability_on_actions_losing_over_0_1bb": 0.01661531999707222,
          "reference_expected_action_loss_bb": 0.010487912034907745
        },
        {
          "action_values_bb": [
            -0.5000004881407597,
            -0.21009536457350514,
            0.20634909344590138,
            0.309774300448964
          ],
          "candidate_probabilities": [
            0.0076923067681491375,
            0.0076923067681491375,
            0.41950422525405884,
            0.5651111602783203
          ],
          "class_index": 38,
          "conditional_hand_mass": 0.009049773810439787,
          "expected_action_loss_bb": 0.05361534436531347,
          "probability_on_actions_losing_over_0_1bb": 0.4348888387903571,
          "reference_expected_action_loss_bb": 0.05945601361427767
        },
        {
          "action_values_bb": [
            -0.5000004881407597,
            -0.6008302855916329,
            -0.4445883878565642,
            -0.6212946106610221
          ],
          "candidate_probabilities": [
            0.35966792702674866,
            0.007692309562116861,
            0.6249474883079529,
            0.007692309562116861
          ],
          "class_index": 39,
          "conditional_hand_mass": 0.0030165911925363843,
          "expected_action_loss_bb": 0.02249109525272995,
          "probability_on_actions_losing_over_0_1bb": 0.015384619124233723,
          "reference_expected_action_loss_bb": 0.012698430386538333
        },
        {
          "action_values_bb": [
            -0.5000004881407597,
            -0.558024071755018,
            -0.3727753856556072,
            -0.5270373147348915
          ],
          "candidate_probabilities": [
            0.06765243411064148,
            0.007692309562116861,
            0.9169629812240601,
            0.007692309562116861
          ],
          "class_index": 40,
          "conditional_hand_mass": 0.0030165911925363843,
          "expected_action_loss_bb": 0.011218708614675643,
          "probability_on_actions_losing_over_0_1bb": 0.0830370532348752,
          "reference_expected_action_loss_bb": 0.015379864050625042
        },
        {
          "action_values_bb": [
            -0.5000004881407597,
            -0.49517326416797175,
            -0.2613627662685809,
            -0.38797274166210255
          ],
          "candidate_probabilities": [
            0.031544506549835205,
            0.007692307233810425,
            0.9056854248046875,
            0.05507776886224747
          ],
          "class_index": 41,
          "conditional_hand_mass": 0.0030165911925363843,
          "expected_action_loss_bb": 0.016299646325346223,
          "probability_on_actions_losing_over_0_1bb": 0.0943145826458931,
          "reference_expected_action_loss_bb": 0.025100271788943536
        },
        {
          "action_values_bb": [
            -0.5000004881407597,
            -0.06801771651099858,
            0.4359504233086934,
            0.5538458657894638
          ],
          "candidate_probabilities": [
            0.007692307699471712,
            0.007692307699471712,
            0.41449230909347534,
            0.5701230764389038
          ],
          "class_index": 42,
          "conditional_hand_mass": 0.0045248869052198935,
          "expected_action_loss_bb": 0.0617568306300001,
          "probability_on_actions_losing_over_0_1bb": 0.42987692449241877,
          "reference_expected_action_loss_bb": 0.06722827459679784
        },
        {
          "action_values_bb": [
            -0.5000004881407597,
            -0.5848126787728365,
            -0.43131423670893826,
            -0.6284000572937783
          ],
          "candidate_probabilities": [
            0.10310269892215729,
            0.007692307699471712,
            0.8815127015113831,
            0.007692307699471712
          ],
          "class_index": 43,
          "conditional_hand_mass": 0.009049773810439787,
          "expected_action_loss_bb": 0.009778539924353184,
          "probability_on_actions_losing_over_0_1bb": 0.015384615398943424,
          "reference_expected_action_loss_bb": 0.014026703510999872
        },
        {
          "action_values_bb": [
            -0.5000004881407597,
            -0.6134335221322323,
            -0.49591680714660386,
            -0.7154329048433744
          ],
          "candidate_probabilities": [
            0.46431609988212585,
            0.007692307233810425,
            0.5202993154525757,
            0.007692307233810425
          ],
          "class_index": 44,
          "conditional_hand_mass": 0.009049773810439787,
          "expected_action_loss_bb": 0.004488678775397497,
          "probability_on_actions_losing_over_0_1bb": 0.01538461446762085,
          "reference_expected_action_loss_bb": 0.0052567628622366075
        },
        {
          "action_values_bb": [
            -0.5000004881407597,
            -0.5863436625312776,
            -0.44918949805601427,
            -0.676150962690286
          ],
          "candidate_probabilities": [
            0.21019050478935242,
            0.0076923067681491375,
            0.7744248509407043,
            0.0076923067681491375
          ],
          "class_index": 45,
          "conditional_hand_mass": 0.009049773810439787,
          "expected_action_loss_bb": 0.013480876772947582,
          "probability_on_actions_losing_over_0_1bb": 0.015384613536298275,
          "reference_expected_action_loss_bb": 0.018523702402955537
        },
        {
          "action_values_bb": [
            -0.5000004881407597,
            -0.5706209275985441,
            -0.43054363678533925,
            -0.6632408948150107
          ],
          "candidate_probabilities": [
            0.2026558369398117,
            0.007692305836826563,
            0.7819595336914062,
            0.007692305836826563
          ],
          "class_index": 46,
          "conditional_hand_mass": 0.009049773810439787,
          "expected_action_loss_bb": 0.016943332180521273,
          "probability_on_actions_losing_over_0_1bb": 0.015384611673653126,
          "reference_expected_action_loss_bb": 0.02483536156746877
        },
        {
          "action_values_bb": [
            -0.5000004881407597,
            -0.5535313985386181,
            -0.4122290138873257,
            -0.6404429082422288
          ],
          "candidate_probabilities": [
            0.12491779774427414,
            0.007692307699471712,
            0.8596975803375244,
            0.007692307699471712
          ],
          "class_index": 47,
          "conditional_hand_mass": 0.009049773810439787,
          "expected_action_loss_bb": 0.01380665218658673,
          "probability_on_actions_losing_over_0_1bb": 0.015384615398943424,
          "reference_expected_action_loss_bb": 0.025503182651004985
        },
        {
          "action_values_bb": [
            -0.5000004881407597,
            -0.5050051164125057,
            -0.3370557552981055,
            -0.5214480333017995
          ],
          "candidate_probabilities": [
            0.08930131047964096,
            0.007692307699471712,
            0.8484647274017334,
            0.05454167351126671
          ],
          "class_index": 48,
          "conditional_hand_mass": 0.009049773810439787,
          "expected_action_loss_bb": 0.02590015976710187,
          "probability_on_actions_losing_over_0_1bb": 0.15153529169037938,
          "reference_expected_action_loss_bb": 0.03192569838810368
        },
        {
          "action_values_bb": [
            -0.5000004881407597,
            -0.4065166512483921,
            -0.15178306313347595,
            -0.2546306775826098
          ],
          "candidate_probabilities": [
            0.05302925035357475,
            0.009472926147282124,
            0.5424971580505371,
            0.3950005769729614
          ],
          "class_index": 49,
          "conditional_hand_mass": 0.009049773810439787,
          "expected_action_loss_bb": 0.06150364852333373,
          "probability_on_actions_losing_over_0_1bb": 0.4575027534738183,
          "reference_expected_action_loss_bb": 0.06478559962631153
        },
        {
          "action_values_bb": [
            -0.5000004881407597,
            -0.2947757223332626,
            0.05522139414953536,
            0.08234680957475549
          ],
          "candidate_probabilities": [
            0.011594481766223907,
            0.0076923067681491375,
            0.4795488715171814,
            0.5011643171310425
          ],
          "class_index": 50,
          "conditional_hand_mass": 0.009049773810439787,
          "expected_action_loss_bb": 0.022660919686188948,
          "probability_on_actions_losing_over_0_1bb": 0.019286788534373045,
          "reference_expected_action_loss_bb": 0.02325022147487694
        },
        {
          "action_values_bb": [
            -0.5000004881407597,
            -0.17412925799954618,
            0.2695528965366134,
            0.40369310562543176
          ],
          "candidate_probabilities": [
            0.007692308630794287,
            0.007692308630794287,
            0.4250887334346771,
            0.5595266819000244
          ],
          "class_index": 51,
          "conditional_hand_mass": 0.009049773810439787,
          "expected_action_loss_bb": 0.06841776956992811,
          "probability_on_actions_losing_over_0_1bb": 0.4404733506962657,
          "reference_expected_action_loss_bb": 0.07327674703831621
        },
        {
          "action_values_bb": [
            -0.5000004881407597,
            -0.6744010478011142,
            -0.5921902638791319,
            -0.8045165711933076
          ],
          "candidate_probabilities": [
            0.40405452251434326,
            0.007692309562116861,
            0.5805608630180359,
            0.007692309562116861
          ],
          "class_index": 52,
          "conditional_hand_mass": 0.0030165911925363843,
          "expected_action_loss_bb": 0.0572057508343059,
          "probability_on_actions_losing_over_0_1bb": 0.015384619124233723,
          "reference_expected_action_loss_bb": 0.05038875663553988
        },
        {
          "action_values_bb": [
            -0.5000004881407597,
            -0.5749436232289731,
            -0.40758658605928566,
            -0.5788168109541018
          ],
          "candidate_probabilities": [
            0.06021124869585037,
            0.007692309096455574,
            0.9244041442871094,
            0.007692309096455574
          ],
          "class_index": 53,
          "conditional_hand_mass": 0.0030165911925363843,
          "expected_action_loss_bb": 0.008168874317104365,
          "probability_on_actions_losing_over_0_1bb": 0.015384618192911148,
          "reference_expected_action_loss_bb": 0.014560346528659465
        },
        {
          "action_values_bb": [
            -0.5000004881407597,
            -0.5385301007815413,
            -0.3495042512178763,
            -0.5024443997214529
          ],
          "candidate_probabilities": [
            0.05778980627655983,
            0.007692308630794287,
            0.9268255829811096,
            0.007692308630794287
          ],
          "class_index": 54,
          "conditional_hand_mass": 0.0030165911925363843,
          "expected_action_loss_bb": 0.011327656375495508,
          "probability_on_actions_losing_over_0_1bb": 0.0731744235381484,
          "reference_expected_action_loss_bb": 0.018787272253961255
        },
        {
          "action_values_bb": [
            -0.5000004881407597,
            -0.47715114218661675,
            -0.2412562483760603,
            -0.36740876614333795
          ],
          "candidate_probabilities": [
            0.031937338411808014,
            0.007692309562116861,
            0.7516742944717407,
            0.20869606733322144
          ],
          "class_index": 55,
          "conditional_hand_mass": 0.0030165911925363843,
          "expected_action_loss_bb": 0.03640571323699987,
          "probability_on_actions_losing_over_0_1bb": 0.2483257153071463,
          "reference_expected_action_loss_bb": 0.030304006373355598
        },
        {
          "action_values_bb": [
            -0.5000004881407597,
            0.015224604721046383,
            0.5771114912100493,
            0.742921993851379
          ],
          "candidate_probabilities": [
            0.007692308630794287,
            0.007692308630794287,
            0.3926239013671875,
            0.5919915437698364
          ],
          "class_index": 56,
          "conditional_hand_mass": 0.0045248869052198935,
          "expected_action_loss_bb": 0.08025978267734332,
          "probability_on_actions_losing_over_0_1bb": 0.4080085186287761,
          "reference_expected_action_loss_bb": 0.08734523303785871
        },
        {
          "action_values_bb": [
            -0.5000004881407597,
            -0.5343494192449912,
            -0.35451815416405685,
            -0.5438282062514653
          ],
          "candidate_probabilities": [
            0.08678803592920303,
            0.007692307233810425,
            0.8978273272514343,
            0.007692307233810425
          ],
          "class_index": 57,
          "conditional_hand_mass": 0.009049773810439787,
          "expected_action_loss_bb": 0.015465674452586755,
          "probability_on_actions_losing_over_0_1bb": 0.10217265039682388,
          "reference_expected_action_loss_bb": 0.022160266492125453
        },
        {
          "action_values_bb": [
            -0.5000004881407597,
            -0.526647046197502,
            -0.3464431205137249,
            -0.5431576054492129
          ],
          "candidate_probabilities": [
            0.08946697413921356,
            0.007692307699471712,
            0.8951484560966492,
            0.007692307699471712
          ],
          "class_index": 58,
          "conditional_hand_mass": 0.009049773810439787,
          "expected_action_loss_bb": 0.016637685430452846,
          "probability_on_actions_losing_over_0_1bb": 0.10485158953815699,
          "reference_expected_action_loss_bb": 0.024439320467732784
        },
        {
          "action_values_bb": [
            -0.5000004881407597,
            -0.5277712692343149,
            -0.36131199265613145,
            -0.5679210210565793
          ],
          "candidate_probabilities": [
            0.10447636991739273,
            0.007692307233810425,
            0.8801389932632446,
            0.007692307233810425
          ],
          "class_index": 59,
          "conditional_hand_mass": 0.009049773810439787,
          "expected_action_loss_bb": 0.017359426578631192,
          "probability_on_actions_losing_over_0_1bb": 0.11986098438501358,
          "reference_expected_action_loss_bb": 0.02531659098118847
        },
        {
          "action_values_bb": [
            -0.5000004881407597,
            -0.5240468249721097,
            -0.36902632515223366,
            -0.5694927645684563
          ],
          "candidate_probabilities": [
            0.08561412245035172,
            0.007692307699471712,
            0.8990013003349304,
            0.007692307699471712
          ],
          "class_index": 60,
          "conditional_hand_mass": 0.009049773810439787,
          "expected_action_loss_bb": 0.013947752947679467,
          "probability_on_actions_losing_over_0_1bb": 0.10099873784929514,
          "reference_expected_action_loss_bb": 0.023134198289738905
        },
        {
          "action_values_bb": [
            -0.5000004881407597,
            -0.49818551106175774,
            -0.3287051313217192,
            -0.5004410003092024
          ],
          "candidate_probabilities": [
            0.07562564313411713,
            0.007692307233810425,
            0.7317788600921631,
            0.18490320444107056
          ],
          "class_index": 61,
          "conditional_hand_mass": 0.009049773810439787,
          "expected_action_loss_bb": 0.046012529169648764,
          "probability_on_actions_losing_over_0_1bb": 0.2682211548089981,
          "reference_expected_action_loss_bb": 0.043104711479993424
        },
        {
          "action_values_bb": [
            -0.5000004881407597,
            -0.3891936514365355,
            -0.1221309091007987,
            -0.19979470543006386
          ],
          "candidate_probabilities": [
            0.04178468883037567,
            0.007692307233810425,
            0.5194219946861267,
            0.4311009645462036
          ],
          "class_index": 62,
          "conditional_hand_mass": 0.009049773810439787,
          "expected_action_loss_bb": 0.05132442895126637,
          "probability_on_actions_losing_over_0_1bb": 0.049476996064186096,
          "reference_expected_action_loss_bb": 0.055318982785479115
        },
        {
          "action_values_bb": [
            -0.5000004881407597,
            -0.26011934971840556,
            0.11746181658375944,
            0.17001372582081914
          ],
          "candidate_probabilities": [
            0.011783699505031109,
            0.007692307233810425,
            0.44996756315231323,
            0.5305563807487488
          ],
          "class_index": 63,
          "conditional_hand_mass": 0.009049773810439787,
          "expected_action_loss_bb": 0.03485061646829566,
          "probability_on_actions_losing_over_0_1bb": 0.019476006738841534,
          "reference_expected_action_loss_bb": 0.03566836328983643
        },
        {
          "action_values_bb": [
            -0.5000004881407597,
            -0.16675489810898453,
            0.2848353633712842,
            0.4226667882834502
          ],
          "candidate_probabilities": [
            0.007692307233810425,
            0.007692307233810425,
            0.4149608910083771,
            0.5696544051170349
          ],
          "class_index": 64,
          "conditional_hand_mass": 0.009049773810439787,
          "expected_action_loss_bb": 0.06882610375734602,
          "probability_on_actions_losing_over_0_1bb": 0.4303455054759979,
          "reference_expected_action_loss_bb": 0.07473115321159658
        },
        {
          "action_values_bb": [
            -0.5000004881407597,
            -0.6602068907902204,
            -0.5720355595201884,
            -0.7985526765943339
          ],
          "candidate_probabilities": [
            0.5771992206573486,
            0.007692309096455574,
            0.4074161946773529,
            0.007692309096455574
          ],
          "class_index": 65,
          "conditional_hand_mass": 0.0030165911925363843,
          "expected_action_loss_bb": 0.03287716754813734,
          "probability_on_actions_losing_over_0_1bb": 0.015384618192911148,
          "reference_expected_action_loss_bb": 0.03845527241306966
        },
        {
          "action_values_bb": [
            -0.5000004881407597,
            -0.5725328354855459,
            -0.4105026692234085,
            -0.5973547233824863
          ],
          "candidate_probabilities": [
            0.10020731389522552,
            0.007692309562116861,
            0.8844080567359924,
            0.007692309562116861
          ],
          "class_index": 66,
          "conditional_hand_mass": 0.0030165911925363843,
          "expected_action_loss_bb": 0.011652046073387741,
          "probability_on_actions_losing_over_0_1bb": 0.015384619124233723,
          "reference_expected_action_loss_bb": 0.017670702442315986
        },
        {
          "action_values_bb": [
            -0.5000004881407597,
            -0.5723631019699548,
            -0.42450875257302484,
            -0.6010257510987003
          ],
          "candidate_probabilities": [
            0.0805225744843483,
            0.007692309562116861,
            0.9040927886962891,
            0.007692309562116861
          ],
          "class_index": 67,
          "conditional_hand_mass": 0.0030165911925363843,
          "expected_action_loss_bb": 0.00857395372150745,
          "probability_on_actions_losing_over_0_1bb": 0.015384619124233723,
          "reference_expected_action_loss_bb": 0.015197211175353798
        },
        {
          "action_values_bb": [
            -0.5000004881407597,
            -0.5083484970773618,
            -0.3102662068659648,
            -0.4625386834118473
          ],
          "candidate_probabilities": [
            0.07967612147331238,
            0.007692308630794287,
            0.9049392342567444,
            0.007692308630794287
          ],
          "class_index": 68,
          "conditional_hand_mass": 0.0030165911925363843,
          "expected_action_loss_bb": 0.017812328638669116,
          "probability_on_actions_losing_over_0_1bb": 0.09506073873490095,
          "reference_expected_action_loss_bb": 0.020954813511571087
        },
        {
          "action_values_bb": [
            -0.5000004881407597,
            -0.43591116284473375,
            -0.18096153757644806,
            -0.30281920117019895
          ],
          "candidate_probabilities": [
            0.03202512487769127,
            0.007692309096455574,
            0.8549723625183105,
            0.10531021654605865
          ],
          "class_index": 69,
          "conditional_hand_mass": 0.0030165911925363843,
          "expected_action_loss_bb": 0.0250112704951135,
          "probability_on_actions_losing_over_0_1bb": 0.1450276505202055,
          "reference_expected_action_loss_bb": 0.03808035854254527
        },
        {
          "action_values_bb": [
            -0.5000004881407597,
            0.06609094648122339,
            0.6558053255599009,
            0.8579066878491862
          ],
          "candidate_probabilities": [
            0.007692307233810425,
            0.007692307233810425,
            0.384690523147583,
            0.5999249219894409
          ],
          "class_index": 70,
          "conditional_hand_mass": 0.0045248869052198935,
          "expected_action_loss_bb": 0.09428280793578467,
          "probability_on_actions_losing_over_0_1bb": 0.40007513761520386,
          "reference_expected_action_loss_bb": 0.10154093204535192
        },
        {
          "action_values_bb": [
            -0.5000004881407597,
            -0.49867902136982617,
            -0.3077213547496026,
            -0.48640806921780183
          ],
          "candidate_probabilities": [
            0.08054743707180023,
            0.007692307233810425,
            0.9040679335594177,
            0.007692307233810425
          ],
          "class_index": 71,
          "conditional_hand_mass": 0.009049773810439787,
          "expected_action_loss_bb": 0.01833100954362836,
          "probability_on_actions_losing_over_0_1bb": 0.09593205153942108,
          "reference_expected_action_loss_bb": 0.027511219467001333
        },
        {
          "action_values_bb": [
            -0.5000004881407597,
            -0.5039019531627547,
            -0.33009605354932026,
            -0.5158490239207103
          ],
          "candidate_probabilities": [
            0.08799900114536285,
            0.007692307233810425,
            0.8966163992881775,
            0.007692307233810425
          ],
          "class_index": 72,
          "conditional_hand_mass": 0.009049773810439787,
          "expected_action_loss_bb": 0.017717257830779275,
          "probability_on_actions_losing_over_0_1bb": 0.1033836156129837,
          "reference_expected_action_loss_bb": 0.026550544545755936
        },
        {
          "action_values_bb": [
            -0.5000004881407597,
            -0.4798348006147226,
            -0.2957887887456498,
            -0.4662383370968986
          ],
          "candidate_probabilities": [
            0.10186050832271576,
            0.0076923067681491375,
            0.8827548623085022,
            0.0076923067681491375
          ],
          "class_index": 73,
          "conditional_hand_mass": 0.009049773810439787,
          "expected_action_loss_bb": 0.023527996102993123,
          "probability_on_actions_losing_over_0_1bb": 0.11724512185901403,
          "reference_expected_action_loss_bb": 0.03484151622596614
        },
        {
          "action_values_bb": [
            -0.5000004881407597,
            -0.4498554615210494,
            -0.2463749795503889,
            -0.38159790227784607
          ],
          "candidate_probabilities": [
            0.05576504394412041,
            0.007692307233810425,
            0.6436166167259216,
            0.29292604327201843
          ],
          "class_index": 74,
          "conditional_hand_mass": 0.009049773810439787,
          "expected_action_loss_bb": 0.05531898772952598,
          "probability_on_actions_losing_over_0_1bb": 0.35638339444994926,
          "reference_expected_action_loss_bb": 0.061920927460251365
        },
        {
          "action_values_bb": [
            -0.5000004881407597,
            -0.3878373174684797,
            -0.12344329296688188,
            -0.1831188233631978
          ],
          "candidate_probabilities": [
            0.043337661772966385,
            0.0076923067681491375,
            0.49030640721321106,
            0.45866361260414124
          ],
          "class_index": 75,
          "conditional_hand_mass": 0.009049773810439787,
          "expected_action_loss_bb": 0.04572390266239673,
          "probability_on_actions_losing_over_0_1bb": 0.05102996854111552,
          "reference_expected_action_loss_bb": 0.04733037297427856
        },
        {
          "action_values_bb": [
            -0.5000004881407597,
            -0.24393579247490574,
            0.14455826608497024,
            0.21914261771479554
          ],
          "candidate_probabilities": [
            0.009709371253848076,
            0.007692307233810425,
            0.4473007023334503,
            0.5352975726127625
          ],
          "class_index": 76,
          "conditional_hand_mass": 0.009049773810439787,
          "expected_action_loss_bb": 0.0439062016710265,
          "probability_on_actions_losing_over_0_1bb": 0.0174016784876585,
          "reference_expected_action_loss_bb": 0.04562768905067031
        },
        {
          "action_values_bb": [
            -0.5000004881407597,
            -0.1680015050076966,
            0.2729773608683773,
            0.4249084701208344
          ],
          "candidate_probabilities": [
            0.007692308630794287,
            0.007692308630794287,
            0.4113563299179077,
            0.5732590556144714
          ],
          "class_index": 77,
          "conditional_hand_mass": 0.009049773810439787,
          "expected_action_loss_bb": 0.07417335518374725,
          "probability_on_actions_losing_over_0_1bb": 0.4267409471794963,
          "reference_expected_action_loss_bb": 0.08052023633639992
        },
        {
          "action_values_bb": [
            -0.5000004881407597,
            -0.5779753260187532,
            -0.42468308855863607,
            -0.6270758708814692
          ],
          "candidate_probabilities": [
            0.12904095649719238,
            0.007692309562116861,
            0.8555744886398315,
            0.007692309562116861
          ],
          "class_index": 78,
          "conditional_hand_mass": 0.0030165911925363843,
          "expected_action_loss_bb": 0.012455068561736586,
          "probability_on_actions_losing_over_0_1bb": 0.015384619124233723,
          "reference_expected_action_loss_bb": 0.02173239971920765
        },
        {
          "action_values_bb": [
            -0.5000004881407597,
            -0.560149332021211,
            -0.3923686584064882,
            -0.5921570703074714
          ],
          "candidate_probabilities": [
            0.1021297499537468,
            0.007692309096455574,
            0.8824856281280518,
            0.007692309096455574
          ],
          "class_index": 79,
          "conditional_hand_mass": 0.0030165911925363843,
          "expected_action_loss_bb": 0.013819866877913718,
          "probability_on_actions_losing_over_0_1bb": 0.11751436814665794,
          "reference_expected_action_loss_bb": 0.019351658576477884
        },
        {
          "action_values_bb": [
            -0.5000004881407597,
            -0.5234925411394572,
            -0.33415940696755386,
            -0.5114614404364369
          ],
          "candidate_probabilities": [
            0.06100880727171898,
            0.007692309562116861,
            0.9236065745353699,
            0.007692309562116861
          ],
          "class_index": 80,
          "conditional_hand_mass": 0.0030165911925363843,
          "expected_action_loss_bb": 0.012938037764881158,
          "probability_on_actions_losing_over_0_1bb": 0.0763934263959527,
          "reference_expected_action_loss_bb": 0.023188626885713257
        },
        {
          "action_values_bb": [
            -0.5000004881407597,
            -0.46101749733579744,
            -0.22280095377125697,
            -0.3732991258235806
          ],
          "candidate_probabilities": [
            0.057040657848119736,
            0.007692307233810425,
            0.8121758103370667,
            0.1230912134051323
          ],
          "class_index": 81,
          "conditional_hand_mass": 0.0030165911925363843,
          "expected_action_loss_bb": 0.03616908125007863,
          "probability_on_actions_losing_over_0_1bb": 0.18782417848706245,
          "reference_expected_action_loss_bb": 0.03311754032002955
        },
        {
          "action_values_bb": [
            -0.5000004881407597,
            -0.436702369281832,
            -0.1892809205442128,
            -0.320929188488302
          ],
          "candidate_probabilities": [
            0.026148192584514618,
            0.00842281524091959,
            0.690748393535614,
            0.27468061447143555
          ],
          "class_index": 82,
          "conditional_hand_mass": 0.0030165911925363843,
          "expected_action_loss_bb": 0.04636996737563185,
          "probability_on_actions_losing_over_0_1bb": 0.30925162229686975,
          "reference_expected_action_loss_bb": 0.041417625569852734
        },
        {
          "action_values_bb": [
            -0.5000004881407597,
            -0.382269514228815,
            -0.09699942664381052,
            -0.20553245138850246
          ],
          "candidate_probabilities": [
            0.022583529353141785,
            0.009053528308868408,
            0.6558713316917419,
            0.3124915659427643
          ],
          "class_index": 83,
          "conditional_hand_mass": 0.0030165911925363843,
          "expected_action_loss_bb": 0.04559954197426143,
          "probability_on_actions_losing_over_0_1bb": 0.3441286236047745,
          "reference_expected_action_loss_bb": 0.048547979301297825
        },
        {
          "action_values_bb": [
            -0.5000004881407597,
            0.16309631798214325,
            0.826235278546367,
            1.0789542574451578
          ],
          "candidate_probabilities": [
            0.007692307233810425,
            0.007692307233810425,
            0.3665037751197815,
            0.6181115508079529
          ],
          "class_index": 84,
          "conditional_hand_mass": 0.0045248869052198935,
          "expected_action_loss_bb": 0.11181332547502715,
          "probability_on_actions_losing_over_0_1bb": 0.38188838958740234,
          "reference_expected_action_loss_bb": 0.12106881181350948
        },
        {
          "action_values_bb": [
            -0.5000004881407597,
            -0.4361468650972802,
            -0.20801396724129204,
            -0.3479309386821287
          ],
          "candidate_probabilities": [
            0.053444940596818924,
            0.0108322873711586,
            0.6345879435539246,
            0.30113485455513
          ],
          "class_index": 85,
          "conditional_hand_mass": 0.009049773810439787,
          "expected_action_loss_bb": 0.06021028021756574,
          "probability_on_actions_losing_over_0_1bb": 0.36541208252310753,
          "reference_expected_action_loss_bb": 0.050803970005161306
        },
        {
          "action_values_bb": [
            -0.5000004881407597,
            -0.3980509655215024,
            -0.14375491714647418,
            -0.2640022305243343
          ],
          "candidate_probabilities": [
            0.04236545413732529,
            0.01388995535671711,
            0.5598747730255127,
            0.3838697671890259
          ],
          "class_index": 86,
          "conditional_hand_mass": 0.009049773810439787,
          "expected_action_loss_bb": 0.06478397435036738,
          "probability_on_actions_losing_over_0_1bb": 0.4401251766830683,
          "reference_expected_action_loss_bb": 0.06194046673608837
        },
        {
          "action_values_bb": [
            -0.5000004881407597,
            -0.3664800783479866,
            -0.08957090056251947,
            -0.17168168536315512
          ],
          "candidate_probabilities": [
            0.03957212343811989,
            0.007692308630794287,
            0.5548641085624695,
            0.3978714942932129
          ],
          "class_index": 87,
          "conditional_hand_mass": 0.009049773810439787,
          "expected_action_loss_bb": 0.0510411818067454,
          "probability_on_actions_losing_over_0_1bb": 0.047264432068914175,
          "reference_expected_action_loss_bb": 0.05724248536058123
        },
        {
          "action_values_bb": [
            -0.5000004881407597,
            -0.3157912977891547,
            0.009818994965595141,
            0.009894543464959792
          ],
          "candidate_probabilities": [
            0.02115621604025364,
            0.007692307233810425,
            0.4395263195037842,
            0.5316251516342163
          ],
          "class_index": 88,
          "conditional_hand_mass": 0.009049773810439787,
          "expected_action_loss_bb": 0.013325930553000995,
          "probability_on_actions_losing_over_0_1bb": 0.028848523274064064,
          "reference_expected_action_loss_bb": 0.018685807205367767
        },
        {
          "action_values_bb": [
            -0.5000004881407597,
            -0.19015568621921453,
            0.24449281338253234,
            0.3495816563954877
          ],
          "candidate_probabilities": [
            0.007692307699471712,
            0.007692307699471712,
            0.42116227746009827,
            0.5634530782699585
          ],
          "class_index": 89,
          "conditional_hand_mass": 0.009049773810439787,
          "expected_action_loss_bb": 0.05494652944702036,
          "probability_on_actions_losing_over_0_1bb": 0.4365468928590417,
          "reference_expected_action_loss_bb": 0.05968352549142172
        },
        {
          "action_values_bb": [
            -0.5000004881407597,
            -0.1164227741095162,
            0.36482060896814994,
            0.5416083164122826
          ],
          "candidate_probabilities": [
            0.007692307699471712,
            0.007692307699471712,
            0.40182825922966003,
            0.5827870965003967
          ],
          "class_index": 90,
          "conditional_hand_mass": 0.009049773810439787,
          "expected_action_loss_bb": 0.08411244978669173,
          "probability_on_actions_losing_over_0_1bb": 0.41721287462860346,
          "reference_expected_action_loss_bb": 0.0912752437042989
        },
        {
          "action_values_bb": [
            -0.5000004881407597,
            -0.5685830793955367,
            -0.42473329732249215,
            -0.626103285284941
          ],
          "candidate_probabilities": [
            0.33579182624816895,
            0.007692307233810425,
            0.6488235592842102,
            0.007692307233810425
          ],
          "class_index": 91,
          "conditional_hand_mass": 0.0030165911925363843,
          "expected_action_loss_bb": 0.02792964399573387,
          "probability_on_actions_losing_over_0_1bb": 0.01538461446762085,
          "reference_expected_action_loss_bb": 0.022146748202285262
        },
        {
          "action_values_bb": [
            -0.5000004881407597,
            -0.4864685986720061,
            -0.26732742794589115,
            -0.44376716076274364
          ],
          "candidate_probabilities": [
            0.07318976521492004,
            0.007692309562116861,
            0.9114256501197815,
            0.007692309562116861
          ],
          "class_index": 92,
          "conditional_hand_mass": 0.0030165911925363843,
          "expected_action_loss_bb": 0.020072217414413784,
          "probability_on_actions_losing_over_0_1bb": 0.08857438433915377,
          "reference_expected_action_loss_bb": 0.027462140425375772
        },
        {
          "action_values_bb": [
            -0.5000004881407597,
            -0.5308172327077182,
            -0.3607613001447825,
            -0.549901932521374
          ],
          "candidate_probabilities": [
            0.08422040939331055,
            0.007692309562116861,
            0.9003949761390686,
            0.007692309562116861
          ],
          "class_index": 93,
          "conditional_hand_mass": 0.0030165911925363843,
          "expected_action_loss_bb": 0.014489832587777184,
          "probability_on_actions_losing_over_0_1bb": 0.09960502851754427,
          "reference_expected_action_loss_bb": 0.023003897973177784
        },
        {
          "action_values_bb": [
            -0.5000004881407597,
            -0.46071666315902665,
            -0.23374182695465856,
            -0.39559662864886963
          ],
          "candidate_probabilities": [
            0.06489245593547821,
            0.007692309562116861,
            0.8800173997879028,
            0.04739784449338913
          ],
          "class_index": 94,
          "conditional_hand_mass": 0.0030165911925363843,
          "expected_action_loss_bb": 0.02669570786256381,
          "probability_on_actions_losing_over_0_1bb": 0.1199826099909842,
          "reference_expected_action_loss_bb": 0.03518178491046833
        },
        {
          "action_values_bb": [
            -0.5000004881407597,
            -0.42891673336761477,
            -0.18472030859422017,
            -0.3221498541923551
          ],
          "candidate_probabilities": [
            0.037438809871673584,
            0.013174903579056263,
            0.6658968925476074,
            0.2834893763065338
          ],
          "class_index": 95,
          "conditional_hand_mass": 0.0030165911925363843,
          "expected_action_loss_bb": 0.05398079521679536,
          "probability_on_actions_losing_over_0_1bb": 0.33410308975726366,
          "reference_expected_action_loss_bb": 0.041992426912826314
        },
        {
          "action_values_bb": [
            -0.5000004881407597,
            -0.3979299066130939,
            -0.13930585407687493,
            -0.25639827014072264
          ],
          "candidate_probabilities": [
            0.05017923563718796,
            0.007692308630794287,
            0.7775545120239258,
            0.16457387804985046
          ],
          "class_index": 96,
          "conditional_hand_mass": 0.0030165911925363843,
          "expected_action_loss_bb": 0.039359150069070335,
          "probability_on_actions_losing_over_0_1bb": 0.2224454223178327,
          "reference_expected_action_loss_bb": 0.04977754585848072
        },
        {
          "action_values_bb": [
            -0.5000004881407597,
            -0.29527979740205906,
            0.05448144685060647,
            -0.008925095916172564
          ],
          "candidate_probabilities": [
            0.012080463580787182,
            0.01066573802381754,
            0.5256259441375732,
            0.4516278803348541
          ],
          "class_index": 97,
          "conditional_hand_mass": 0.0030165911925363843,
          "expected_action_loss_bb": 0.03906502313307269,
          "probability_on_actions_losing_over_0_1bb": 0.02274620160460472,
          "reference_expected_action_loss_bb": 0.03925173196724077
        },
        {
          "action_values_bb": [
            -0.5000004881407597,
            0.266384392298924,
            1.0102608582379262,
            1.31742412863039
          ],
          "candidate_probabilities": [
            0.007692308630794287,
            0.007692308630794287,
            0.35560333728790283,
            0.6290120482444763
          ],
          "class_index": 98,
          "conditional_hand_mass": 0.0045248869052198935,
          "expected_action_loss_bb": 0.13129339714432361,
          "probability_on_actions_losing_over_0_1bb": 0.3709879545494914,
          "reference_expected_action_loss_bb": 0.14125396373393734
        },
        {
          "action_values_bb": [
            -0.5000004881407597,
            -0.34176756884841875,
            -0.043852674307045834,
            -0.12154487868516636
          ],
          "candidate_probabilities": [
            0.040126726031303406,
            0.010028987191617489,
            0.5457798838615417,
            0.404064416885376
          ],
          "class_index": 99,
          "conditional_hand_mass": 0.009049773810439787,
          "expected_action_loss_bb": 0.05268415827561565,
          "probability_on_actions_losing_over_0_1bb": 0.050155713222920895,
          "reference_expected_action_loss_bb": 0.05325932669569963
        },
        {
          "action_values_bb": [
            -0.5000004881407597,
            -0.3171664251764594,
            -0.0012310408743967801,
            -0.03698689607050872
          ],
          "candidate_probabilities": [
            0.013363957405090332,
            0.0076923067681491375,
            0.48612308502197266,
            0.492820680141449
          ],
          "class_index": 100,
          "conditional_hand_mass": 0.009049773810439787,
          "expected_action_loss_bb": 0.026717030419979727,
          "probability_on_actions_losing_over_0_1bb": 0.02105626417323947,
          "reference_expected_action_loss_bb": 0.036424736297312556
        },
        {
          "action_values_bb": [
            -0.5000004881407597,
            -0.23981727915082476,
            0.15046926714590933,
            0.19707607520324438
          ],
          "candidate_probabilities": [
            0.012101929634809494,
            0.007692307699471712,
            0.4254264831542969,
            0.5547792911529541
          ],
          "class_index": 101,
          "conditional_hand_mass": 0.009049773810439787,
          "expected_action_loss_bb": 0.03162446007608919,
          "probability_on_actions_losing_over_0_1bb": 0.019794237334281206,
          "reference_expected_action_loss_bb": 0.03612445218653779
        },
        {
          "action_values_bb": [
            -0.5000004881407597,
            -0.15596932342156547,
            0.2987316499171625,
            0.4315965912712343
          ],
          "candidate_probabilities": [
            0.007692307233810425,
            0.007692307233810425,
            0.4151034355163574,
            0.569511890411377
          ],
          "class_index": 102,
          "conditional_hand_mass": 0.009049773810439787,
          "expected_action_loss_bb": 0.06683856210464395,
          "probability_on_actions_losing_over_0_1bb": 0.43048804998397827,
          "reference_expected_action_loss_bb": 0.07171988468496347
        },
        {
          "action_values_bb": [
            -0.5000004881407597,
            -0.08532468612897823,
            0.4172800503984414,
            0.6071071481519758
          ],
          "candidate_probabilities": [
            0.007692307699471712,
            0.007692307699471712,
            0.40291503071784973,
            0.581700325012207
          ],
          "class_index": 103,
          "conditional_hand_mass": 0.009049773810439787,
          "expected_action_loss_bb": 0.0903268022474428,
          "probability_on_actions_losing_over_0_1bb": 0.41829964611679316,
          "reference_expected_action_loss_bb": 0.09680083744027299
        },
        {
          "action_values_bb": [
            -0.5000004881407597,
            -0.5247674602022325,
            -0.3592339425748421,
            -0.5419970159258015
          ],
          "candidate_probabilities": [
            0.32609695196151733,
            0.007692308630794287,
            0.6585184335708618,
            0.007692308630794287
          ],
          "class_index": 104,
          "conditional_hand_mass": 0.0030165911925363843,
          "expected_action_loss_bb": 0.04858274632005677,
          "probability_on_actions_losing_over_0_1bb": 0.3414815692231059,
          "reference_expected_action_loss_bb": 0.02146821995723646
        },
        {
          "action_values_bb": [
            -0.5000004881407597,
            -0.4746672030636272,
            -0.2643095151325728,
            -0.43039789190136823
          ],
          "candidate_probabilities": [
            0.08673139661550522,
            0.007692307699471712,
            0.8570381999015808,
            0.04853808879852295
          ],
          "class_index": 105,
          "conditional_hand_mass": 0.0030165911925363843,
          "expected_action_loss_bb": 0.030121555701188844,
          "probability_on_actions_losing_over_0_1bb": 0.14296179311349988,
          "reference_expected_action_loss_bb": 0.02629896133360162
        },
        {
          "action_values_bb": [
            -0.5000004881407597,
            -0.47331833067575557,
            -0.2690840199033119,
            -0.43496249614543137
          ],
          "candidate_probabilities": [
            0.07579594105482101,
            0.007692309096455574,
            0.8665942549705505,
            0.049917515367269516
          ],
          "class_index": 106,
          "conditional_hand_mass": 0.0030165911925363843,
          "expected_action_loss_bb": 0.027353805848591498,
          "probability_on_actions_losing_over_0_1bb": 0.1334057655185461,
          "reference_expected_action_loss_bb": 0.027978085349294055
        },
        {
          "action_values_bb": [
            -0.5000004881407597,
            -0.44979214269107537,
            -0.2267980769485568,
            -0.3849835071184172
          ],
          "candidate_probabilities": [
            0.09605579823255539,
            0.007692309096455574,
            0.8217403292655945,
            0.0745115876197815
          ],
          "class_index": 107,
          "conditional_hand_mass": 0.0030165911925363843,
          "expected_action_loss_bb": 0.039744662506767045,
          "probability_on_actions_losing_over_0_1bb": 0.17825969494879246,
          "reference_expected_action_loss_bb": 0.03774485648587835
        },
        {
          "action_values_bb": [
            -0.5000004881407597,
            -0.4029451693799622,
            -0.1469887537947714,
            -0.27609896872593725
          ],
          "candidate_probabilities": [
            0.050951361656188965,
            0.007692307233810425,
            0.7156910300254822,
            0.22566525638103485
          ],
          "class_index": 108,
          "conditional_hand_mass": 0.0030165911925363843,
          "expected_action_loss_bb": 0.04909101368653916,
          "probability_on_actions_losing_over_0_1bb": 0.28430892527103424,
          "reference_expected_action_loss_bb": 0.052355388170969075
        },
        {
          "action_values_bb": [
            -0.5000004881407597,
            -0.3510568177713362,
            -0.057837279463234845,
            -0.15292187809228455
          ],
          "candidate_probabilities": [
            0.02170313522219658,
            0.007692309562116861,
            0.6223147511482239,
            0.3482898771762848
          ],
          "class_index": 109,
          "conditional_hand_mass": 0.0030165911925363843,
          "expected_action_loss_bb": 0.0449688665444036,
          "probability_on_actions_losing_over_0_1bb": 0.02939544478431344,
          "reference_expected_action_loss_bb": 0.05223611863831933
        },
        {
          "action_values_bb": [
            -0.5000004881407597,
            -0.2694724230456553,
            0.09506888223994685,
            0.048006765247390434
          ],
          "candidate_probabilities": [
            0.02187572792172432,
            0.010313184931874275,
            0.5144971609115601,
            0.4533139169216156
          ],
          "class_index": 110,
          "conditional_hand_mass": 0.0030165911925363843,
          "expected_action_loss_bb": 0.03811107013023646,
          "probability_on_actions_losing_over_0_1bb": 0.032188912853598595,
          "reference_expected_action_loss_bb": 0.0321575289935733
        },
        {
          "action_values_bb": [
            -0.5000004881407597,
            -0.2300943171629036,
            0.16106661126966387,
            0.14887097226342363
          ],
          "candidate_probabilities": [
            0.007692308630794287,
            0.008589514531195164,
            0.47932830452919006,
            0.5043898224830627
          ],
          "class_index": 111,
          "conditional_hand_mass": 0.0030165911925363843,
          "expected_action_loss_bb": 0.014596370826561305,
          "probability_on_actions_losing_over_0_1bb": 0.01628182316198945,
          "reference_expected_action_loss_bb": 0.017807702363817002
        },
        {
          "action_values_bb": [
            -0.5000004881407597,
            0.3567468305369144,
            1.1681365979629468,
            1.53046353986011
          ],
          "candidate_probabilities": [
            0.007692307699471712,
            0.007692307699471712,
            0.3474879860877991,
            0.6371273994445801
          ],
          "class_index": 112,
          "conditional_hand_mass": 0.0045248869052198935,
          "expected_action_loss_bb": 0.15055180350141312,
          "probability_on_actions_losing_over_0_1bb": 0.3628726014867425,
          "reference_expected_action_loss_bb": 0.16116767008165625
        },
        {
          "action_values_bb": [
            -0.5000004881407597,
            -0.23240276968277684,
            0.15492700343079271,
            0.17347384186164055
          ],
          "candidate_probabilities": [
            0.00899374857544899,
            0.007692307699471712,
            0.4500672519207001,
            0.5332466959953308
          ],
          "class_index": 113,
          "conditional_hand_mass": 0.009049773810439787,
          "expected_action_loss_bb": 0.017526511184468078,
          "probability_on_actions_losing_over_0_1bb": 0.016686056274920702,
          "reference_expected_action_loss_bb": 0.021477124798558758
        },
        {
          "action_values_bb": [
            -0.5000004881407597,
            -0.16182328174801253,
            0.2908579743302116,
            0.38619067921718403
          ],
          "candidate_probabilities": [
            0.007692307233810425,
            0.007692307233810425,
            0.41136205196380615,
            0.573253333568573
          ],
          "class_index": 114,
          "conditional_hand_mass": 0.009049773810439787,
          "expected_action_loss_bb": 0.05024860358493305,
          "probability_on_actions_losing_over_0_1bb": 0.01538461446762085,
          "reference_expected_action_loss_bb": 0.055392780178645115
        },
        {
          "action_values_bb": [
            -0.5000004881407597,
            -0.08261384872071556,
            0.42894396464856727,
            0.6074476611990718
          ],
          "candidate_probabilities": [
            0.007692307233810425,
            0.007692307233810425,
            0.3979308009147644,
            0.58668452501297
          ],
          "class_index": 115,
          "conditional_hand_mass": 0.009049773810439787,
          "expected_action_loss_bb": 0.08485911548935521,
          "probability_on_actions_losing_over_0_1bb": 0.41331541538238525,
          "reference_expected_action_loss_bb": 0.09092832235446892
        },
        {
          "action_values_bb": [
            -0.5000004881407597,
            -0.007264937909192709,
            0.5565849979281912,
            0.7945860447809175
          ],
          "candidate_probabilities": [
            0.007692307233810425,
            0.007692307233810425,
            0.3836737871170044,
            0.6009415984153748
          ],
          "class_index": 116,
          "conditional_hand_mass": 0.009049773810439787,
          "expected_action_loss_bb": 0.10744120445036924,
          "probability_on_actions_losing_over_0_1bb": 0.39905840158462524,
          "reference_expected_action_loss_bb": 0.115948424136394
        },
        {
          "action_values_bb": [
            -0.5000004881407597,
            -0.4540194765373749,
            -0.23908384765935808,
            -0.39085793248957507
          ],
          "candidate_probabilities": [
            0.07804558426141739,
            0.007692309096455574,
            0.8456947207450867,
            0.06856735050678253
          ],
          "class_index": 117,
          "conditional_hand_mass": 0.0030165911925363843,
          "expected_action_loss_bb": 0.03242348981546758,
          "probability_on_actions_losing_over_0_1bb": 0.1543052438646555,
          "reference_expected_action_loss_bb": 0.047734792102703864
        },
        {
          "action_values_bb": [
            -0.5000004881407597,
            -0.4580726836012459,
            -0.25086498542620894,
            -0.396831066895786
          ],
          "candidate_probabilities": [
            0.035807054489851,
            0.009987867437303066,
            0.649949848651886,
            0.3042551577091217
          ],
          "class_index": 118,
          "conditional_hand_mass": 0.0030165911925363843,
          "expected_action_loss_bb": 0.055401304680125996,
          "probability_on_actions_losing_over_0_1bb": 0.35005007963627577,
          "reference_expected_action_loss_bb": 0.04968588625925728
        },
        {
          "action_values_bb": [
            -0.5000004881407597,
            -0.4302014152455843,
            -0.20294741482745687,
            -0.3383874381577958
          ],
          "candidate_probabilities": [
            0.06123034283518791,
            0.007692309096455574,
            0.690892219543457,
            0.24018511176109314
          ],
          "class_index": 119,
          "conditional_hand_mass": 0.0030165911925363843,
          "expected_action_loss_bb": 0.05246744667436454,
          "probability_on_actions_losing_over_0_1bb": 0.3091077636927366,
          "reference_expected_action_loss_bb": 0.05720348716164454
        },
        {
          "action_values_bb": [
            -0.5000004881407597,
            -0.370420176224393,
            -0.0882292195340543,
            -0.194091809235149
          ],
          "candidate_probabilities": [
            0.019496576860547066,
            0.011363928206264973,
            0.5824359655380249,
            0.38670358061790466
          ],
          "class_index": 120,
          "conditional_hand_mass": 0.0030165911925363843,
          "expected_action_loss_bb": 0.05217237045053927,
          "probability_on_actions_losing_over_0_1bb": 0.4175640856847167,
          "reference_expected_action_loss_bb": 0.0576018999146268
        },
        {
          "action_values_bb": [
            -0.5000004881407597,
            -0.3567155546610957,
            -0.06557123347451758,
            -0.15978900743271016
          ],
          "candidate_probabilities": [
            0.0258069708943367,
            0.007692309562116861,
            0.6344595551490784,
            0.3320411741733551
          ],
          "class_index": 121,
          "conditional_hand_mass": 0.0030165911925363843,
          "expected_action_loss_bb": 0.04473505566971765,
          "probability_on_actions_losing_over_0_1bb": 0.03349928045645356,
          "reference_expected_action_loss_bb": 0.05701094208226652
        },
        {
          "action_values_bb": [
            -0.5000004881407597,
            -0.3081719086708164,
            0.018544739861421022,
            -0.038566754922516024
          ],
          "candidate_probabilities": [
            0.014189240522682667,
            0.007692308630794287,
            0.5459215641021729,
            0.43219685554504395
          ],
          "class_index": 122,
          "conditional_hand_mass": 0.0030165911925363843,
          "expected_action_loss_bb": 0.03455437671843575,
          "probability_on_actions_losing_over_0_1bb": 0.021881549153476954,
          "reference_expected_action_loss_bb": 0.04233081027386959
        },
        {
          "action_values_bb": [
            -0.5000004881407597,
            -0.2260610192685894,
            0.17310536532245255,
            0.16701511200110794
          ],
          "candidate_probabilities": [
            0.007692308630794287,
            0.007692308630794287,
            0.47540175914764404,
            0.5092136263847351
          ],
          "class_index": 123,
          "conditional_hand_mass": 0.0030165911925363843,
          "expected_action_loss_bb": 0.01134948897070941,
          "probability_on_actions_losing_over_0_1bb": 0.015384617261588573,
          "reference_expected_action_loss_bb": 0.015162184989492311
        },
        {
          "action_values_bb": [
            -0.5000004881407597,
            -0.21250681479367756,
            0.19043030026374944,
            0.21786513591303172
          ],
          "candidate_probabilities": [
            0.007692308630794287,
            0.007692308630794287,
            0.4452529549598694,
            0.539362370967865
          ],
          "class_index": 124,
          "conditional_hand_mass": 0.0030165911925363843,
          "expected_action_loss_bb": 0.021048039448213804,
          "probability_on_actions_losing_over_0_1bb": 0.015384617261588573,
          "reference_expected_action_loss_bb": 0.025241301483307887
        },
        {
          "action_values_bb": [
            -0.5000004881407597,
            -0.12176864763949773,
            0.3590545857128452,
            0.4414073488615093
          ],
          "candidate_probabilities": [
            0.007692307233810425,
            0.007692307233810425,
            0.4250623285770416,
            0.5595530271530151
          ],
          "class_index": 125,
          "conditional_hand_mass": 0.0030165911925363843,
          "expected_action_loss_bb": 0.04657877837505621,
          "probability_on_actions_losing_over_0_1bb": 0.01538461446762085,
          "reference_expected_action_loss_bb": 0.05122847856534274
        },
        {
          "action_values_bb": [
            -0.5000004881407597,
            0.46350380742819136,
            1.3737094081321182,
            1.813237484803132
          ],
          "candidate_probabilities": [
            0.007692307699471712,
            0.007692307699471712,
            0.33517614006996155,
            0.64943927526474
          ],
          "class_index": 126,
          "conditional_hand_mass": 0.0045248869052198935,
          "expected_action_loss_bb": 0.1754960292196587,
          "probability_on_actions_losing_over_0_1bb": 0.35056075546890497,
          "reference_expected_action_loss_bb": 0.18785916175543457
        },
        {
          "action_values_bb": [
            -0.5000004881407597,
            -0.13237789891106955,
            0.3445227398978224,
            0.46891240704579584
          ],
          "candidate_probabilities": [
            0.007692305836826563,
            0.007692305836826563,
            0.4055895209312439,
            0.5790258049964905
          ],
          "class_index": 127,
          "conditional_hand_mass": 0.009049773810439787,
          "expected_action_loss_bb": 0.06252962875650273,
          "probability_on_actions_losing_over_0_1bb": 0.420974132604897,
          "reference_expected_action_loss_bb": 0.06777764325526578
        },
        {
          "action_values_bb": [
            -0.5000004881407597,
            -0.045870526172503645,
            0.4967412071553625,
            0.7045161946275786
          ],
          "candidate_probabilities": [
            0.007692308630794287,
            0.007692308630794287,
            0.3902609646320343,
            0.5943544507026672
          ],
          "class_index": 128,
          "conditional_hand_mass": 0.009049773810439787,
          "expected_action_loss_bb": 0.09612418736095439,
          "probability_on_actions_losing_over_0_1bb": 0.4056455818936229,
          "reference_expected_action_loss_bb": 0.102553301036756
        },
        {
          "action_values_bb": [
            -0.5000004881407597,
            0.0020547718688106367,
            0.5701348440034627,
            0.8303272928006351
          ],
          "candidate_probabilities": [
            0.007692307699471712,
            0.007692307699471712,
            0.38318467140197754,
            0.6014307141304016
          ],
          "class_index": 129,
          "conditional_hand_mass": 0.009049773810439787,
          "expected_action_loss_bb": 0.11630637571580169,
          "probability_on_actions_losing_over_0_1bb": 0.39856928680092096,
          "reference_expected_action_loss_bb": 0.12432283116394144
        },
        {
          "action_values_bb": [
            -0.5000004881407597,
            -0.3919535644247477,
            -0.12644123559304848,
            -0.21928124969055363
          ],
          "candidate_probabilities": [
            0.05907376855611801,
            0.007692308630794287,
            0.5752967596054077,
            0.35793715715408325
          ],
          "class_index": 130,
          "conditional_hand_mass": 0.0030165911925363843,
          "expected_action_loss_bb": 0.0573408463218603,
          "probability_on_actions_losing_over_0_1bb": 0.0667660771869123,
          "reference_expected_action_loss_bb": 0.058408368225455184
        },
        {
          "action_values_bb": [
            -0.5000004881407597,
            -0.33340467161864545,
            -0.01342277257535952,
            -0.07982139592078898
          ],
          "candidate_probabilities": [
            0.04365670680999756,
            0.007692307233810425,
            0.5355509519577026,
            0.413100004196167
          ],
          "class_index": 131,
          "conditional_hand_mass": 0.0030165911925363843,
          "expected_action_loss_bb": 0.05113305132803275,
          "probability_on_actions_losing_over_0_1bb": 0.05134901404380798,
          "reference_expected_action_loss_bb": 0.04806448403584119
        },
        {
          "action_values_bb": [
            -0.5000004881407597,
            -0.38554734456308126,
            -0.1241934345625694,
            -0.1998267135170221
          ],
          "candidate_probabilities": [
            0.038803476840257645,
            0.007692307699471712,
            0.5425798892974854,
            0.41092434525489807
          ],
          "class_index": 132,
          "conditional_hand_mass": 0.0030165911925363843,
          "expected_action_loss_bb": 0.04767259062795029,
          "probability_on_actions_losing_over_0_1bb": 0.04649578453972936,
          "reference_expected_action_loss_bb": 0.053113304699525354
        },
        {
          "action_values_bb": [
            -0.5000004881407597,
            -0.29935465699534297,
            0.04278905045883139,
            0.008580268053432724
          ],
          "candidate_probabilities": [
            0.02910672314465046,
            0.007692309096455574,
            0.5110856294631958,
            0.45211532711982727
          ],
          "class_index": 133,
          "conditional_hand_mass": 0.0030165911925363843,
          "expected_action_loss_bb": 0.03389701482656345,
          "probability_on_actions_losing_over_0_1bb": 0.03679903224110603,
          "reference_expected_action_loss_bb": 0.03387830034273527
        },
        {
          "action_values_bb": [
            -0.5000004881407597,
            -0.28726049896632705,
            0.06229913007737868,
            0.047455336166502306
          ],
          "candidate_probabilities": [
            0.026819411665201187,
            0.007692308630794287,
            0.47769325971603394,
            0.48779502511024475
          ],
          "class_index": 134,
          "conditional_hand_mass": 0.0030165911925363843,
          "expected_action_loss_bb": 0.025010194315135098,
          "probability_on_actions_losing_over_0_1bb": 0.034511720295995474,
          "reference_expected_action_loss_bb": 0.02307242312917498
        },
        {
          "action_values_bb": [
            -0.5000004881407597,
            -0.2844356109562775,
            0.06351741609522818,
            0.06869516000068619
          ],
          "candidate_probabilities": [
            0.03916395828127861,
            0.007692309562116861,
            0.48646780848503113,
            0.46667590737342834
          ],
          "class_index": 135,
          "conditional_hand_mass": 0.0030165911925363843,
          "expected_action_loss_bb": 0.027507569575251124,
          "probability_on_actions_losing_over_0_1bb": 0.04685626784339547,
          "reference_expected_action_loss_bb": 0.017465027072485213
        },
        {
          "action_values_bb": [
            -0.5000004881407597,
            -0.18458537254135704,
            0.25327882404938423,
            0.3195278061015642
          ],
          "candidate_probabilities": [
            0.007692308630794287,
            0.007692308630794287,
            0.41460999846458435,
            0.5700054168701172
          ],
          "class_index": 136,
          "conditional_hand_mass": 0.0030165911925363843,
          "expected_action_loss_bb": 0.037649349072887056,
          "probability_on_actions_losing_over_0_1bb": 0.015384617261588573,
          "reference_expected_action_loss_bb": 0.042883890660583485
        },
        {
          "action_values_bb": [
            -0.5000004881407597,
            -0.12878686526185334,
            0.3539651604176979,
            0.46408424165868556
          ],
          "candidate_probabilities": [
            0.007692308630794287,
            0.007692308630794287,
            0.4081469476222992,
            0.5764684081077576
          ],
          "class_index": 137,
          "conditional_hand_mass": 0.0030165911925363843,
          "expected_action_loss_bb": 0.05692135170404779,
          "probability_on_actions_losing_over_0_1bb": 0.42353156488388777,
          "reference_expected_action_loss_bb": 0.06221799563880323
        },
        {
          "action_values_bb": [
            -0.5000004881407597,
            -0.05310037460619244,
            0.4914926479725492,
            0.646700454375366
          ],
          "candidate_probabilities": [
            0.007692308630794287,
            0.007692308630794287,
            0.3902989327907562,
            0.5943164825439453
          ],
          "class_index": 138,
          "conditional_hand_mass": 0.0030165911925363843,
          "expected_action_loss_bb": 0.07478130271348228,
          "probability_on_actions_losing_over_0_1bb": 0.4056835500523448,
          "reference_expected_action_loss_bb": 0.08132117735152261
        },
        {
          "action_values_bb": [
            -0.5000004881407597,
            -0.04967858197340804,
            0.49292788640769264,
            0.664783907756459
          ],
          "candidate_probabilities": [
            0.007692308630794287,
            0.007692308630794287,
            0.38586312532424927,
            0.5987522602081299
          ],
          "class_index": 139,
          "conditional_hand_mass": 0.0030165911925363843,
          "expected_action_loss_bb": 0.0807686485411284,
          "probability_on_actions_losing_over_0_1bb": 0.40124774258583784,
          "reference_expected_action_loss_bb": 0.08790773286780158
        },
        {
          "action_values_bb": [
            -0.5000004881407597,
            0.6200337430786871,
            1.672818495458129,
            2.252509078372115
          ],
          "candidate_probabilities": [
            0.007692307699471712,
            0.007692307699471712,
            0.32010015845298767,
            0.6645152568817139
          ],
          "class_index": 140,
          "conditional_hand_mass": 0.0045248869052198935,
          "expected_action_loss_bb": 0.21928970056670347,
          "probability_on_actions_losing_over_0_1bb": 0.3354847738519311,
          "reference_expected_action_loss_bb": 0.23491349610536638
        },
        {
          "action_values_bb": [
            -0.5000004881407597,
            0.02268420183337301,
            0.6278269800418769,
            0.8783726168096431
          ],
          "candidate_probabilities": [
            0.007692307233810425,
            0.007692307233810425,
            0.3740456998348236,
            0.6105697154998779
          ],
          "class_index": 141,
          "conditional_hand_mass": 0.009049773810439787,
          "expected_action_loss_bb": 0.11090060563587008,
          "probability_on_actions_losing_over_0_1bb": 0.38943031430244446,
          "reference_expected_action_loss_bb": 0.11920543509082865
        },
        {
          "action_values_bb": [
            -0.5000004881407597,
            0.045552206096376,
            0.6493491758719554,
            0.9453218890824251
          ],
          "candidate_probabilities": [
            0.007692307699471712,
            0.007692307699471712,
            0.37387615442276,
            0.6107392311096191
          ],
          "class_index": 142,
          "conditional_hand_mass": 0.009049773810439787,
          "expected_action_loss_bb": 0.1286963095399183,
          "probability_on_actions_losing_over_0_1bb": 0.38926076982170343,
          "reference_expected_action_loss_bb": 0.13799556011088607
        },
        {
          "action_values_bb": [
            -0.5000004881407597,
            -0.25916627231866723,
            0.1234749523818689,
            0.1546024421263802
          ],
          "candidate_probabilities": [
            0.007692308630794287,
            0.007692308630794287,
            0.44794371724128723,
            0.5366716980934143
          ],
          "class_index": 143,
          "conditional_hand_mass": 0.0030165911925363843,
          "expected_action_loss_bb": 0.02216160788806188,
          "probability_on_actions_losing_over_0_1bb": 0.015384617261588573,
          "reference_expected_action_loss_bb": 0.026062489201773818
        },
        {
          "action_values_bb": [
            -0.5000004881407597,
            -0.19964369559932738,
            0.23747028094453285,
            0.2939456041041759
          ],
          "candidate_probabilities": [
            0.007692309562116861,
            0.007692309562116861,
            0.4352954030036926,
            0.5493199229240417
          ],
          "class_index": 144,
          "conditional_hand_mass": 0.0030165911925363843,
          "expected_action_loss_bb": 0.03448756936158946,
          "probability_on_actions_losing_over_0_1bb": 0.015384619124233723,
          "reference_expected_action_loss_bb": 0.03884530189237266
        },
        {
          "action_values_bb": [
            -0.5000004881407597,
            -0.22793112138624166,
            0.17523777336405552,
            0.23224382756469503
          ],
          "candidate_probabilities": [
            0.007692309562116861,
            0.007692309562116861,
            0.44839614629745483,
            0.5362192392349243
          ],
          "class_index": 145,
          "conditional_hand_mass": 0.0030165911925363843,
          "expected_action_loss_bb": 0.034733753130759305,
          "probability_on_actions_losing_over_0_1bb": 0.015384619124233723,
          "reference_expected_action_loss_bb": 0.038366596991193956
        },
        {
          "action_values_bb": [
            -0.5000004881407597,
            -0.19259255462608907,
            0.23998120727809505,
            0.3325496582108135
          ],
          "candidate_probabilities": [
            0.007692309562116861,
            0.007692309562116861,
            0.4429289698600769,
            0.5416864156723022
          ],
          "class_index": 146,
          "conditional_hand_mass": 0.0030165911925363843,
          "expected_action_loss_bb": 0.05144503853017057,
          "probability_on_actions_losing_over_0_1bb": 0.015384619124233723,
          "reference_expected_action_loss_bb": 0.054806447806367696
        },
        {
          "action_values_bb": [
            -0.5000004881407597,
            -0.14901595006905796,
            0.3208141267377985,
            0.433442007413324
          ],
          "candidate_probabilities": [
            0.007692307699471712,
            0.007692307699471712,
            0.41475847363471985,
            0.5698568820953369
          ],
          "class_index": 147,
          "conditional_hand_mass": 0.0030165911925363843,
          "expected_action_loss_bb": 0.058374140604219374,
          "probability_on_actions_losing_over_0_1bb": 0.4301430890336633,
          "reference_expected_action_loss_bb": 0.06359672897117369
        },
        {
          "action_values_bb": [
            -0.5000004881407597,
            -0.16995031982285233,
            0.2735700857858571,
            0.3980584968360808
          ],
          "candidate_probabilities": [
            0.007692307699471712,
            0.007692307699471712,
            0.40428581833839417,
            0.5803295969963074
          ],
          "class_index": 148,
          "conditional_hand_mass": 0.0030165911925363843,
          "expected_action_loss_bb": 0.0616063437735565,
          "probability_on_actions_losing_over_0_1bb": 0.4196704337373376,
          "reference_expected_action_loss_bb": 0.06813634246121208
        },
        {
          "action_values_bb": [
            -0.5000004881407597,
            -0.09981306126598888,
            0.4075226396197634,
            0.5655003658963667
          ],
          "candidate_probabilities": [
            0.007692308630794287,
            0.007692308630794287,
            0.39487144351005554,
            0.5897439122200012
          ],
          "class_index": 149,
          "conditional_hand_mass": 0.0030165911925363843,
          "expected_action_loss_bb": 0.07569485045085153,
          "probability_on_actions_losing_over_0_1bb": 0.4102560607716441,
          "reference_expected_action_loss_bb": 0.08254374285510437
        },
        {
          "action_values_bb": [
            -0.5000004881407597,
            -0.03764747255358844,
            0.5161819010516365,
            0.7056734369000663
          ],
          "candidate_probabilities": [
            0.007692308630794287,
            0.007692308630794287,
            0.38637953996658325,
            0.5982358455657959
          ],
          "class_index": 150,
          "conditional_hand_mass": 0.0030165911925363843,
          "expected_action_loss_bb": 0.088207922235433,
          "probability_on_actions_losing_over_0_1bb": 0.4017641572281718,
          "reference_expected_action_loss_bb": 0.09548584596413165
        },
        {
          "action_values_bb": [
            -0.5000004881407597,
            -0.02180881290722271,
            0.5346835167278168,
            0.75597459882849
          ],
          "candidate_probabilities": [
            0.007692307233810425,
            0.007692307233810425,
            0.382764995098114,
            0.6018503904342651
          ],
          "class_index": 151,
          "conditional_hand_mass": 0.0030165911925363843,
          "expected_action_loss_bb": 0.10034677516693216,
          "probability_on_actions_losing_over_0_1bb": 0.39814960956573486,
          "reference_expected_action_loss_bb": 0.1082302480317276
        },
        {
          "action_values_bb": [
            -0.5000004881407597,
            0.04541047965687331,
            0.6638537904060258,
            0.9237097358837711
          ],
          "candidate_probabilities": [
            0.007692309096455574,
            0.007692309096455574,
            0.3681694567203522,
            0.6164458990097046
          ],
          "class_index": 152,
          "conditional_hand_mass": 0.0030165911925363843,
          "expected_action_loss_bb": 0.11337879073716,
          "probability_on_actions_losing_over_0_1bb": 0.3835540749132633,
          "reference_expected_action_loss_bb": 0.12293184000981254
        },
        {
          "action_values_bb": [
            -0.5000004881407597,
            0.10922274148776656,
            0.7849607458121358,
            1.0831652385760069
          ],
          "candidate_probabilities": [
            0.007692307233810425,
            0.007692307233810425,
            0.37079668045043945,
            0.6138187050819397
          ],
          "class_index": 153,
          "conditional_hand_mass": 0.0030165911925363843,
          "expected_action_loss_bb": 0.13024329809986185,
          "probability_on_actions_losing_over_0_1bb": 0.3861812949180603,
          "reference_expected_action_loss_bb": 0.13725115849848737
        },
        {
          "action_values_bb": [
            -0.5000004881407597,
            0.7743316899725986,
            1.9610074555830264,
            2.6806037827003752
          ],
          "candidate_probabilities": [
            0.007692307233810425,
            0.007692307233810425,
            0.3087945282459259,
            0.6758208274841309
          ],
          "class_index": 154,
          "conditional_hand_mass": 0.0045248869052198935,
          "expected_action_loss_bb": 0.26133722420868316,
          "probability_on_actions_losing_over_0_1bb": 0.32417914271354675,
          "reference_expected_action_loss_bb": 0.2793761000075909
        },
        {
          "action_values_bb": [
            -0.5000004881407597,
            0.12279521637397049,
            0.7934727351768038,
            1.1356102449866898
          ],
          "candidate_probabilities": [
            0.0076923067681491375,
            0.0076923067681491375,
            0.3641841411590576,
            0.6204311847686768
          ],
          "class_index": 155,
          "conditional_hand_mass": 0.009049773810439787,
          "expected_action_loss_bb": 0.1449735585803864,
          "probability_on_actions_losing_over_0_1bb": 0.3795687546953559,
          "reference_expected_action_loss_bb": 0.15541334288290382
        },
        {
          "action_values_bb": [
            -0.5000004881407597,
            -0.18861323115292014,
            0.24211692770342463,
            0.3693513222966102
          ],
          "candidate_probabilities": [
            0.007692308630794287,
            0.007692308630794287,
            0.42307671904563904,
            0.5615386366844177
          ],
          "class_index": 156,
          "conditional_hand_mass": 0.0030165911925363843,
          "expected_action_loss_bb": 0.06480926819904427,
          "probability_on_actions_losing_over_0_1bb": 0.4384613363072276,
          "reference_expected_action_loss_bb": 0.0702590347325118
        },
        {
          "action_values_bb": [
            -0.5000004881407597,
            -0.12031874754796436,
            0.3725608826589111,
            0.5234204357758084
          ],
          "candidate_probabilities": [
            0.007692308630794287,
            0.007692308630794287,
            0.39827290177345276,
            0.586342453956604
          ],
          "class_index": 157,
          "conditional_hand_mass": 0.0030165911925363843,
          "expected_action_loss_bb": 0.07290758206195384,
          "probability_on_actions_losing_over_0_1bb": 0.41365751903504133,
          "reference_expected_action_loss_bb": 0.08042367490245853
        },
        {
          "action_values_bb": [
            -0.5000004881407597,
            -0.10508950548970072,
            0.3977764560785589,
            0.5591333716314627
          ],
          "candidate_probabilities": [
            0.007692308630794287,
            0.007692308630794287,
            0.40079572796821594,
            0.5838196873664856
          ],
          "class_index": 158,
          "conditional_hand_mass": 0.0030165911925363843,
          "expected_action_loss_bb": 0.0779277543328745,
          "probability_on_actions_losing_over_0_1bb": 0.4161803452298045,
          "reference_expected_action_loss_bb": 0.08460434755809598
        },
        {
          "action_values_bb": [
            -0.5000004881407597,
            -0.074556318403339,
            0.4518699487019849,
            0.6411366259961733
          ],
          "candidate_probabilities": [
            0.007692308630794287,
            0.007692308630794287,
            0.40937262773513794,
            0.5752426981925964
          ],
          "class_index": 159,
          "conditional_hand_mass": 0.0030165911925363843,
          "expected_action_loss_bb": 0.09176390691181843,
          "probability_on_actions_losing_over_0_1bb": 0.4247572449967265,
          "reference_expected_action_loss_bb": 0.09631114296333573
        },
        {
          "action_values_bb": [
            -0.5000004881407597,
            -0.08137017066656178,
            0.43678444666385774,
            0.6288286448808051
          ],
          "candidate_probabilities": [
            0.007692309562116861,
            0.007692309562116861,
            0.3952415883541107,
            0.5893738269805908
          ],
          "class_index": 160,
          "conditional_hand_mass": 0.0030165911925363843,
          "expected_action_loss_bb": 0.09005022621123492,
          "probability_on_actions_losing_over_0_1bb": 0.41062620747834444,
          "reference_expected_action_loss_bb": 0.09746184748716867
        },
        {
          "action_values_bb": [
            -0.5000004881407597,
            -0.06855903410472125,
            0.45352624516688345,
            0.6612531856414651
          ],
          "candidate_probabilities": [
            0.007692309562116861,
            0.007692309562116861,
            0.3870543837547302,
            0.5975610017776489
          ],
          "class_index": 161,
          "conditional_hand_mass": 0.0030165911925363843,
          "expected_action_loss_bb": 0.09494828719002638,
          "probability_on_actions_losing_over_0_1bb": 0.40243900287896395,
          "reference_expected_action_loss_bb": 0.10357517699076138
        },
        {
          "action_values_bb": [
            -0.5000004881407597,
            -0.010781595468547487,
            0.558403357125314,
            0.7922309748184918
          ],
          "candidate_probabilities": [
            0.007692308630794287,
            0.007692308630794287,
            0.3941609859466553,
            0.5904543995857239
          ],
          "class_index": 162,
          "conditional_hand_mass": 0.0030165911925363843,
          "expected_action_loss_bb": 0.10828298809206123,
          "probability_on_actions_losing_over_0_1bb": 0.40954560320824385,
          "reference_expected_action_loss_bb": 0.11405663189103882
        },
        {
          "action_values_bb": [
            -0.5000004881407597,
            0.004910377879524908,
            0.5807345067958259,
            0.8237294428235846
          ],
          "candidate_probabilities": [
            0.007692308630794287,
            0.007692308630794287,
            0.3855416178703308,
            0.5990738272666931
          ],
          "class_index": 163,
          "conditional_hand_mass": 0.0030165911925363843,
          "expected_action_loss_bb": 0.11016580890356548,
          "probability_on_actions_losing_over_0_1bb": 0.4009262351319194,
          "reference_expected_action_loss_bb": 0.11785272393406121
        },
        {
          "action_values_bb": [
            -0.5000004881407597,
            0.05021354937885483,
            0.6567161264831285,
            0.9359140219548977
          ],
          "candidate_probabilities": [
            0.007692309562116861,
            0.007692309562116861,
            0.3731938898563385,
            0.6114214658737183
          ],
          "class_index": 164,
          "conditional_hand_mass": 0.0030165911925363843,
          "expected_action_loss_bb": 0.12205352978157225,
          "probability_on_actions_losing_over_0_1bb": 0.3885785089805722,
          "reference_expected_action_loss_bb": 0.13184044880600357
        },
        {
          "action_values_bb": [
            -0.5000004881407597,
            0.03412776411448547,
            0.6201598228634811,
            0.9126221764020762
          ],
          "candidate_probabilities": [
            0.007692309096455574,
            0.007692309096455574,
            0.3780747950077057,
            0.6065405607223511
          ],
          "class_index": 165,
          "conditional_hand_mass": 0.0030165911925363843,
          "expected_action_loss_bb": 0.12819662509272287,
          "probability_on_actions_losing_over_0_1bb": 0.39345941320061684,
          "reference_expected_action_loss_bb": 0.136903267725708
        },
        {
          "action_values_bb": [
            -0.5000004881407597,
            0.14637493422303263,
            0.8370950157620651,
            1.184828919913256
          ],
          "candidate_probabilities": [
            0.007692307233810425,
            0.007692307233810425,
            0.3545042872428894,
            0.6301110982894897
          ],
          "class_index": 166,
          "conditional_hand_mass": 0.0030165911925363843,
          "expected_action_loss_bb": 0.14422149239071974,
          "probability_on_actions_losing_over_0_1bb": 0.36988890171051025,
          "reference_expected_action_loss_bb": 0.15668672859235583
        },
        {
          "action_values_bb": [
            -0.5000004881407597,
            0.21169611759338794,
            0.9570779224673479,
            1.3470362812711687
          ],
          "candidate_probabilities": [
            0.007692310027778149,
            0.007692310027778149,
            0.36101388931274414,
            0.623601496219635
          ],
          "class_index": 167,
          "conditional_hand_mass": 0.0030165911925363843,
          "expected_action_loss_bb": 0.16372175177080214,
          "probability_on_actions_losing_over_0_1bb": 0.37639850936830044,
          "reference_expected_action_loss_bb": 0.17203876057666148
        },
        {
          "action_values_bb": [
            -0.5000004881407597,
            0.8894840254541696,
            2.1715070007055726,
            2.9772843000124265
          ],
          "candidate_probabilities": [
            0.007692307699471712,
            0.007692307699471712,
            0.3055422902107239,
            0.6790730953216553
          ],
          "class_index": 168,
          "conditional_hand_mass": 0.0045248869052198935,
          "expected_action_loss_bb": 0.28900738810613835,
          "probability_on_actions_losing_over_0_1bb": 0.3209269056096673,
          "reference_expected_action_loss_bb": 0.30571492151378293
        }
      ],
      "joint_reach_independent_model": 0.0002086763056898973,
      "opponent_mass": 0.00020867629791609943,
      "passes_local_tail_gate": false,
      "path": [
        1
      ],
      "position": "SB",
      "reference_weighted_action_loss_bb": 0.05625809372785709,
      "scope": "One-action deviation followed by reference play, same reference arriving ranges; excludes physical-deal validation",
      "status": "evaluated",
      "weighted_action_loss_bb": 0.052351052914693115,
      "weighted_excess_action_loss_bb": -0.003907040813163974,
      "worst_relevant_probability_on_strongly_inferior_actions": 0.4863925604149699
    },
    {
      "actions": [
        {
          "kind": "fold",
          "label": "Fold",
          "to": 0.0
        },
        {
          "kind": "call",
          "label": "Call 2",
          "to": 2.0
        }
      ],
      "actor": 1,
      "actor_mass": 1.000000037252903,
      "forced_or_frozen": false,
      "hands": [
        {
          "action_values_bb": [
            -0.49999996965481747,
            -0.12039747789050001
          ],
          "candidate_probabilities": [
            0.00017421603843104094,
            0.9998257756233215
          ],
          "class_index": 0,
          "conditional_hand_mass": 0.0045248869052198935,
          "expected_action_loss_bb": 0.00006613284229373123,
          "probability_on_actions_losing_over_0_1bb": 0.00017421603843104094,
          "reference_expected_action_loss_bb": 0.00006613284229373123
        },
        {
          "action_values_bb": [
            -0.49999996965481747,
            -0.8942789013587359
          ],
          "candidate_probabilities": [
            0.9998257756233215,
            0.00017421603843104094
          ],
          "class_index": 1,
          "conditional_hand_mass": 0.009049773810439787,
          "expected_action_loss_bb": 0.00006868971351827962,
          "probability_on_actions_losing_over_0_1bb": 0.00017421603843104094,
          "reference_expected_action_loss_bb": 0.00006868971351827962
        },
        {
          "action_values_bb": [
            -0.49999996965481747,
            -0.8065426034224511
          ],
          "candidate_probabilities": [
            0.9998257756233215,
            0.00017421603843104094
          ],
          "class_index": 2,
          "conditional_hand_mass": 0.009049773810439787,
          "expected_action_loss_bb": 0.00005340464326521457,
          "probability_on_actions_losing_over_0_1bb": 0.00017421603843104094,
          "reference_expected_action_loss_bb": 0.00005340464326521457
        },
        {
          "action_values_bb": [
            -0.49999996965481747,
            -0.7610828496311239
          ],
          "candidate_probabilities": [
            0.9998257756233215,
            0.00017421603843104094
          ],
          "class_index": 3,
          "conditional_hand_mass": 0.009049773810439787,
          "expected_action_loss_bb": 0.000045484825051639056,
          "probability_on_actions_losing_over_0_1bb": 0.00017421603843104094,
          "reference_expected_action_loss_bb": 0.000045484825051639056
        },
        {
          "action_values_bb": [
            -0.49999996965481747,
            -0.8256900494505094
          ],
          "candidate_probabilities": [
            0.9998257756233215,
            0.00017421603843104094
          ],
          "class_index": 4,
          "conditional_hand_mass": 0.009049773810439787,
          "expected_action_loss_bb": 0.000056740435458295056,
          "probability_on_actions_losing_over_0_1bb": 0.00017421603843104094,
          "reference_expected_action_loss_bb": 0.000056740435458295056
        },
        {
          "action_values_bb": [
            -0.49999996965481747,
            -0.9115914348901626
          ],
          "candidate_probabilities": [
            0.9998257756233215,
            0.00017421603843104094
          ],
          "class_index": 5,
          "conditional_hand_mass": 0.009049773810439787,
          "expected_action_loss_bb": 0.00007170583452532934,
          "probability_on_actions_losing_over_0_1bb": 0.00017421603843104094,
          "reference_expected_action_loss_bb": 0.00007170583452532934
        },
        {
          "action_values_bb": [
            -0.49999996965481747,
            -0.9486741582853273
          ],
          "candidate_probabilities": [
            0.9998257756233215,
            0.00017421603843104094
          ],
          "class_index": 6,
          "conditional_hand_mass": 0.009049773810439787,
          "expected_action_loss_bb": 0.00007816623968946902,
          "probability_on_actions_losing_over_0_1bb": 0.00017421603843104094,
          "reference_expected_action_loss_bb": 0.00007816623968946902
        },
        {
          "action_values_bb": [
            -0.49999996965481747,
            -0.7788745335945446
          ],
          "candidate_probabilities": [
            0.9981496334075928,
            0.0018504128092899919
          ],
          "class_index": 7,
          "conditional_hand_mass": 0.009049773810439787,
          "expected_action_loss_bb": 0.000516033065299232,
          "probability_on_actions_losing_over_0_1bb": 0.0018504128092899919,
          "reference_expected_action_loss_bb": 0.0006557765501059202
        },
        {
          "action_values_bb": [
            -0.49999996965481747,
            -0.7565027298526196
          ],
          "candidate_probabilities": [
            0.9974725842475891,
            0.0025273619685322046
          ],
          "class_index": 8,
          "conditional_hand_mass": 0.009049773810439787,
          "expected_action_loss_bb": 0.0006482753209474611,
          "probability_on_actions_losing_over_0_1bb": 0.0025273619685322046,
          "reference_expected_action_loss_bb": 0.0008765248606061997
        },
        {
          "action_values_bb": [
            -0.49999996965481747,
            -0.6515195653598818
          ],
          "candidate_probabilities": [
            0.9710571765899658,
            0.028942817822098732
          ],
          "class_index": 9,
          "conditional_hand_mass": 0.009049773810439787,
          "expected_action_loss_bb": 0.004385404054969729,
          "probability_on_actions_losing_over_0_1bb": 0.028942817822098732,
          "reference_expected_action_loss_bb": 0.003935692728419986
        },
        {
          "action_values_bb": [
            -0.49999996965481747,
            -0.3848478613929167
          ],
          "candidate_probabilities": [
            0.650799572467804,
            0.34920042753219604
          ],
          "class_index": 10,
          "conditional_hand_mass": 0.009049773810439787,
          "expected_action_loss_bb": 0.07494094282561128,
          "probability_on_actions_losing_over_0_1bb": 0.650799572467804,
          "reference_expected_action_loss_bb": 0.00002006134411837069
        },
        {
          "action_values_bb": [
            -0.49999996965481747,
            -0.23174049953025658
          ],
          "candidate_probabilities": [
            0.00017421603843104094,
            0.9998257756233215
          ],
          "class_index": 11,
          "conditional_hand_mass": 0.009049773810439787,
          "expected_action_loss_bb": 0.000046735102156711176,
          "probability_on_actions_losing_over_0_1bb": 0.00017421603843104094,
          "reference_expected_action_loss_bb": 0.000046735102156711176
        },
        {
          "action_values_bb": [
            -0.49999996965481747,
            -0.022964081014354484
          ],
          "candidate_probabilities": [
            0.00017421603843104094,
            0.9998257756233215
          ],
          "class_index": 12,
          "conditional_hand_mass": 0.009049773810439787,
          "expected_action_loss_bb": 0.00008310730270837267,
          "probability_on_actions_losing_over_0_1bb": 0.00017421603843104094,
          "reference_expected_action_loss_bb": 0.00008310730270837267
        },
        {
          "action_values_bb": [
            -0.49999996965481747,
            -0.7493407812549311
          ],
          "candidate_probabilities": [
            0.9998257756233215,
            0.00017421608208678663
          ],
          "class_index": 13,
          "conditional_hand_mass": 0.0030165911925363843,
          "expected_action_loss_bb": 0.000043439179301311397,
          "probability_on_actions_losing_over_0_1bb": 0.00017421608208678663,
          "reference_expected_action_loss_bb": 0.0004550131463107158
        },
        {
          "action_values_bb": [
            -0.49999996965481747,
            -0.003003115018331525
          ],
          "candidate_probabilities": [
            0.00017421603843104094,
            0.9998257756233215
          ],
          "class_index": 14,
          "conditional_hand_mass": 0.0045248869052198935,
          "expected_action_loss_bb": 0.0000865848231274565,
          "probability_on_actions_losing_over_0_1bb": 0.00017421603843104094,
          "reference_expected_action_loss_bb": 0.0000865848231274565
        },
        {
          "action_values_bb": [
            -0.49999996965481747,
            -0.7954817237034717
          ],
          "candidate_probabilities": [
            0.9998257756233215,
            0.00017421603843104094
          ],
          "class_index": 15,
          "conditional_hand_mass": 0.009049773810439787,
          "expected_action_loss_bb": 0.00005147766061901173,
          "probability_on_actions_losing_over_0_1bb": 0.00017421603843104094,
          "reference_expected_action_loss_bb": 0.00005147766061901173
        },
        {
          "action_values_bb": [
            -0.49999996965481747,
            -0.7009805135375928
          ],
          "candidate_probabilities": [
            0.9976736903190613,
            0.00232630199752748
          ],
          "class_index": 16,
          "conditional_hand_mass": 0.009049773810439787,
          "expected_action_loss_bb": 0.0004675414406986597,
          "probability_on_actions_losing_over_0_1bb": 0.00232630199752748,
          "reference_expected_action_loss_bb": 0.00046349938468202406
        },
        {
          "action_values_bb": [
            -0.49999996965481747,
            -0.7229475732350635
          ],
          "candidate_probabilities": [
            0.9982962608337402,
            0.0017037023790180683
          ],
          "class_index": 17,
          "conditional_hand_mass": 0.009049773810439787,
          "expected_action_loss_bb": 0.00037983636261604243,
          "probability_on_actions_losing_over_0_1bb": 0.0017037023790180683,
          "reference_expected_action_loss_bb": 0.00045534594280428984
        },
        {
          "action_values_bb": [
            -0.49999996965481747,
            -0.8416408732615245
          ],
          "candidate_probabilities": [
            0.9979681968688965,
            0.0020318124443292618
          ],
          "class_index": 18,
          "conditional_hand_mass": 0.009049773810439787,
          "expected_action_loss_bb": 0.0006941502394400011,
          "probability_on_actions_losing_over_0_1bb": 0.0020318124443292618,
          "reference_expected_action_loss_bb": 0.0005818224287935426
        },
        {
          "action_values_bb": [
            -0.49999996965481747,
            -0.8811439284145006
          ],
          "candidate_probabilities": [
            0.9974923729896545,
            0.002507656579837203
          ],
          "class_index": 19,
          "conditional_hand_mass": 0.009049773810439787,
          "expected_action_loss_bb": 0.000955778156048919,
          "probability_on_actions_losing_over_0_1bb": 0.002507656579837203,
          "reference_expected_action_loss_bb": 0.0007680964721518139
        },
        {
          "action_values_bb": [
            -0.49999996965481747,
            -0.7791651797527231
          ],
          "candidate_probabilities": [
            0.9970154166221619,
            0.0029845726676285267
          ],
          "class_index": 20,
          "conditional_hand_mass": 0.009049773810439787,
          "expected_action_loss_bb": 0.0008331888558109845,
          "probability_on_actions_losing_over_0_1bb": 0.0029845726676285267,
          "reference_expected_action_loss_bb": 0.0008282920202476628
        },
        {
          "action_values_bb": [
            -0.49999996965481747,
            -0.6844215115785078
          ],
          "candidate_probabilities": [
            0.5892517566680908,
            0.4107482433319092
          ],
          "class_index": 21,
          "conditional_hand_mass": 0.009049773810439787,
          "expected_action_loss_bb": 0.07575082437771787,
          "probability_on_actions_losing_over_0_1bb": 0.4107482433319092,
          "reference_expected_action_loss_bb": 0.004654594360260313
        },
        {
          "action_values_bb": [
            -0.49999996965481747,
            -0.6363447892466384
          ],
          "candidate_probabilities": [
            0.9408271312713623,
            0.05917282775044441
          ],
          "class_index": 22,
          "conditional_hand_mass": 0.009049773810439787,
          "expected_action_loss_bb": 0.008067908524372239,
          "probability_on_actions_losing_over_0_1bb": 0.05917282775044441,
          "reference_expected_action_loss_bb": 0.04788528593850642
        },
        {
          "action_values_bb": [
            -0.49999996965481747,
            -0.3919580714544082
          ],
          "candidate_probabilities": [
            0.10541599988937378,
            0.8945840001106262
          ],
          "class_index": 23,
          "conditional_hand_mass": 0.009049773810439787,
          "expected_action_loss_bb": 0.011389344728742076,
          "probability_on_actions_losing_over_0_1bb": 0.10541599988937378,
          "reference_expected_action_loss_bb": 0.000018822631489045114
        },
        {
          "action_values_bb": [
            -0.49999996965481747,
            -0.2117075203858936
          ],
          "candidate_probabilities": [
            0.00017421603843104094,
            0.9998257756233215
          ],
          "class_index": 24,
          "conditional_hand_mass": 0.009049773810439787,
          "expected_action_loss_bb": 0.00005022516842121376,
          "probability_on_actions_losing_over_0_1bb": 0.00017421603843104094,
          "reference_expected_action_loss_bb": 0.00005022516842121376
        },
        {
          "action_values_bb": [
            -0.49999996965481747,
            0.052566895196236224
          ],
          "candidate_probabilities": [
            0.00017421603843104094,
            0.9998257756233215
          ],
          "class_index": 25,
          "conditional_hand_mass": 0.009049773810439787,
          "expected_action_loss_bb": 0.00009626601016261098,
          "probability_on_actions_losing_over_0_1bb": 0.00017421603843104094,
          "reference_expected_action_loss_bb": 0.00009626601016261098
        },
        {
          "action_values_bb": [
            -0.49999996965481747,
            -0.6579147518856496
          ],
          "candidate_probabilities": [
            0.9713924527168274,
            0.02860754355788231
          ],
          "class_index": 26,
          "conditional_hand_mass": 0.0030165911925363843,
          "expected_action_loss_bb": 0.004517554011102031,
          "probability_on_actions_losing_over_0_1bb": 0.02860754355788231,
          "reference_expected_action_loss_bb": 0.00039752972128714273
        },
        {
          "action_values_bb": [
            -0.49999996965481747,
            -0.5239204397866613
          ],
          "candidate_probabilities": [
            0.49833640456199646,
            0.5016635656356812
          ],
          "class_index": 27,
          "conditional_hand_mass": 0.0030165911925363843,
          "expected_action_loss_bb": 0.012000028338022566,
          "probability_on_actions_losing_over_0_1bb": -0.0,
          "reference_expected_action_loss_bb": 0.018067157831204217
        },
        {
          "action_values_bb": [
            -0.49999996965481747,
            0.11212010866002957
          ],
          "candidate_probabilities": [
            0.00017421603843104094,
            0.9998257756233215
          ],
          "class_index": 28,
          "conditional_hand_mass": 0.0045248869052198935,
          "expected_action_loss_bb": 0.00010664113508811119,
          "probability_on_actions_losing_over_0_1bb": 0.00017421603843104094,
          "reference_expected_action_loss_bb": 0.00010664113508811119
        },
        {
          "action_values_bb": [
            -0.49999996965481747,
            -0.563404923687935
          ],
          "candidate_probabilities": [
            0.9803304672241211,
            0.01966951973736286
          ],
          "class_index": 29,
          "conditional_hand_mass": 0.009049773810439787,
          "expected_action_loss_bb": 0.001247144994800991,
          "probability_on_actions_losing_over_0_1bb": -0.0,
          "reference_expected_action_loss_bb": 0.002661420520786295
        },
        {
          "action_values_bb": [
            -0.49999996965481747,
            -0.60859867160929
          ],
          "candidate_probabilities": [
            0.9971442818641663,
            0.0028557272162288427
          ],
          "class_index": 30,
          "conditional_hand_mass": 0.009049773810439787,
          "expected_action_loss_bb": 0.00031012826881851173,
          "probability_on_actions_losing_over_0_1bb": 0.0028557272162288427,
          "reference_expected_action_loss_bb": 0.0008576088865923987
        },
        {
          "action_values_bb": [
            -0.49999996965481747,
            -0.7242237702311332
          ],
          "candidate_probabilities": [
            0.9974986910820007,
            0.002501319395378232
          ],
          "class_index": 31,
          "conditional_hand_mass": 0.009049773810439787,
          "expected_action_loss_bb": 0.0005608553412869593,
          "probability_on_actions_losing_over_0_1bb": 0.002501319395378232,
          "reference_expected_action_loss_bb": 0.0005322184288327767
        },
        {
          "action_values_bb": [
            -0.49999996965481747,
            -0.72234139786904
          ],
          "candidate_probabilities": [
            0.9911490678787231,
            0.008850956335663795
          ],
          "class_index": 32,
          "conditional_hand_mass": 0.009049773810439787,
          "expected_action_loss_bb": 0.0019679342727332095,
          "probability_on_actions_losing_over_0_1bb": 0.008850956335663795,
          "reference_expected_action_loss_bb": 0.0018193140218900937
        },
        {
          "action_values_bb": [
            -0.49999996965481747,
            -0.7570729765225392
          ],
          "candidate_probabilities": [
            0.9968118071556091,
            0.003188206348568201
          ],
          "class_index": 33,
          "conditional_hand_mass": 0.009049773810439787,
          "expected_action_loss_bb": 0.0008196017925411873,
          "probability_on_actions_losing_over_0_1bb": 0.003188206348568201,
          "reference_expected_action_loss_bb": 0.0007147419620367524
        },
        {
          "action_values_bb": [
            -0.49999996965481747,
            -0.6931019937998724
          ],
          "candidate_probabilities": [
            0.9430033564567566,
            0.0569966584444046
          ],
          "class_index": 34,
          "conditional_hand_mass": 0.009049773810439787,
          "expected_action_loss_bb": 0.011006170115118865,
          "probability_on_actions_losing_over_0_1bb": 0.0569966584444046,
          "reference_expected_action_loss_bb": 0.001974168376097967
        },
        {
          "action_values_bb": [
            -0.49999996965481747,
            -0.5732093307794828
          ],
          "candidate_probabilities": [
            0.2610585689544678,
            0.7389414310455322
          ],
          "class_index": 35,
          "conditional_hand_mass": 0.009049773810439787,
          "expected_action_loss_bb": 0.054097430075389336,
          "probability_on_actions_losing_over_0_1bb": -0.0,
          "reference_expected_action_loss_bb": 0.038648878488252256
        },
        {
          "action_values_bb": [
            -0.49999996965481747,
            -0.4047511452271883
          ],
          "candidate_probabilities": [
            0.3832685649394989,
            0.6167314648628235
          ],
          "class_index": 36,
          "conditional_hand_mass": 0.009049773810439787,
          "expected_action_loss_bb": 0.036505880250551716,
          "probability_on_actions_losing_over_0_1bb": -0.0,
          "reference_expected_action_loss_bb": 0.000016593872856995312
        },
        {
          "action_values_bb": [
            -0.49999996965481747,
            -0.11855036663049522
          ],
          "candidate_probabilities": [
            0.00017421603843104094,
            0.9998257756233215
          ],
          "class_index": 37,
          "conditional_hand_mass": 0.009049773810439787,
          "expected_action_loss_bb": 0.00006645463869999064,
          "probability_on_actions_losing_over_0_1bb": 0.00017421603843104094,
          "reference_expected_action_loss_bb": 0.00006645463869999064
        },
        {
          "action_values_bb": [
            -0.49999996965481747,
            0.05108782927557553
          ],
          "candidate_probabilities": [
            0.00017421603843104094,
            0.9998257756233215
          ],
          "class_index": 38,
          "conditional_hand_mass": 0.009049773810439787,
          "expected_action_loss_bb": 0.0000960083331573351,
          "probability_on_actions_losing_over_0_1bb": 0.00017421603843104094,
          "reference_expected_action_loss_bb": 0.0000960083331573351
        },
        {
          "action_values_bb": [
            -0.49999996965481747,
            -0.5491296394749555
          ],
          "candidate_probabilities": [
            0.9972759485244751,
            0.002724041696637869
          ],
          "class_index": 39,
          "conditional_hand_mass": 0.0030165911925363843,
          "expected_action_loss_bb": 0.00013383126913210717,
          "probability_on_actions_losing_over_0_1bb": -0.0,
          "reference_expected_action_loss_bb": 0.01889443416584099
        },
        {
          "action_values_bb": [
            -0.49999996965481747,
            -0.5292451089634814
          ],
          "candidate_probabilities": [
            0.10605618357658386,
            0.8939437866210938
          ],
          "class_index": 40,
          "conditional_hand_mass": 0.0030165911925363843,
          "expected_action_loss_bb": 0.026143510573848457,
          "probability_on_actions_losing_over_0_1bb": -0.0,
          "reference_expected_action_loss_bb": 0.02128835352072398
        },
        {
          "action_values_bb": [
            -0.49999996965481747,
            -0.3602497529902143
          ],
          "candidate_probabilities": [
            0.00017421608208678663,
            0.9998257756233215
          ],
          "class_index": 41,
          "conditional_hand_mass": 0.0030165911925363843,
          "expected_action_loss_bb": 0.000024346735218086726,
          "probability_on_actions_losing_over_0_1bb": 0.00017421608208678663,
          "reference_expected_action_loss_bb": 0.000024346735218086726
        },
        {
          "action_values_bb": [
            -0.49999996965481747,
            0.3038497112352431
          ],
          "candidate_probabilities": [
            0.00017421603843104094,
            0.9998257756233215
          ],
          "class_index": 42,
          "conditional_hand_mass": 0.0045248869052198935,
          "expected_action_loss_bb": 0.0001400435068987228,
          "probability_on_actions_losing_over_0_1bb": 0.00017421603843104094,
          "reference_expected_action_loss_bb": 0.0001400435068987228
        },
        {
          "action_values_bb": [
            -0.49999996965481747,
            -0.5519988978629708
          ],
          "candidate_probabilities": [
            0.9163933992385864,
            0.08360657840967178
          ],
          "class_index": 43,
          "conditional_hand_mass": 0.009049773810439787,
          "expected_action_loss_bb": 0.004347452468453869,
          "probability_on_actions_losing_over_0_1bb": -0.0,
          "reference_expected_action_loss_bb": 0.022989855283936537
        },
        {
          "action_values_bb": [
            -0.49999996965481747,
            -0.6292006836162718
          ],
          "candidate_probabilities": [
            0.9969295859336853,
            0.003070433624088764
          ],
          "class_index": 44,
          "conditional_hand_mass": 0.009049773810439787,
          "expected_action_loss_bb": 0.00039670221640352403,
          "probability_on_actions_losing_over_0_1bb": 0.003070433624088764,
          "reference_expected_action_loss_bb": 0.0016916143949755513
        },
        {
          "action_values_bb": [
            -0.49999996965481747,
            -0.6591586616075178
          ],
          "candidate_probabilities": [
            0.9829951524734497,
            0.01700487546622753
          ],
          "class_index": 45,
          "conditional_hand_mass": 0.009049773810439787,
          "expected_action_loss_bb": 0.002706473736023339,
          "probability_on_actions_losing_over_0_1bb": 0.01700487546622753,
          "reference_expected_action_loss_bb": 0.0060069306027638325
        },
        {
          "action_values_bb": [
            -0.49999996965481747,
            -0.5860539610173647
          ],
          "candidate_probabilities": [
            0.963786244392395,
            0.03621374070644379
          ],
          "class_index": 46,
          "conditional_hand_mass": 0.009049773810439787,
          "expected_action_loss_bb": 0.00311633692995784,
          "probability_on_actions_losing_over_0_1bb": -0.0,
          "reference_expected_action_loss_bb": 0.00793188939700602
        },
        {
          "action_values_bb": [
            -0.49999996965481747,
            -0.5881693843812131
          ],
          "candidate_probabilities": [
            0.017404263839125633,
            0.9825957417488098
          ],
          "class_index": 47,
          "conditional_hand_mass": 0.009049773810439787,
          "expected_action_loss_bb": 0.08663489146264118,
          "probability_on_actions_losing_over_0_1bb": -0.0,
          "reference_expected_action_loss_bb": 0.03321920058817794
        },
        {
          "action_values_bb": [
            -0.49999996965481747,
            -0.5243727043869424
          ],
          "candidate_probabilities": [
            0.00017421603843104094,
            0.9998257756233215
          ],
          "class_index": 48,
          "conditional_hand_mass": 0.009049773810439787,
          "expected_action_loss_bb": 0.02436848840760827,
          "probability_on_actions_losing_over_0_1bb": -0.0,
          "reference_expected_action_loss_bb": 0.019714354031797453
        },
        {
          "action_values_bb": [
            -0.49999996965481747,
            -0.2677755706715025
          ],
          "candidate_probabilities": [
            0.06591325998306274,
            0.9340867400169373
          ],
          "class_index": 49,
          "conditional_hand_mass": 0.009049773810439787,
          "expected_action_loss_bb": 0.015306667184597732,
          "probability_on_actions_losing_over_0_1bb": 0.06591325998306274,
          "reference_expected_action_loss_bb": 0.00004045721481790259
        },
        {
          "action_values_bb": [
            -0.49999996965481747,
            -0.08824558872081704
          ],
          "candidate_probabilities": [
            0.00017421603843104094,
            0.9998257756233215
          ],
          "class_index": 50,
          "conditional_hand_mass": 0.009049773810439787,
          "expected_action_loss_bb": 0.00007173421705294729,
          "probability_on_actions_losing_over_0_1bb": 0.00017421603843104094,
          "reference_expected_action_loss_bb": 0.00007173421705294729
        },
        {
          "action_values_bb": [
            -0.49999996965481747,
            0.12162459914013891
          ],
          "candidate_probabilities": [
            0.00017421603843104094,
            0.9998257756233215
          ],
          "class_index": 51,
          "conditional_hand_mass": 0.009049773810439787,
          "expected_action_loss_bb": 0.00010829696976686139,
          "probability_on_actions_losing_over_0_1bb": 0.00017421603843104094,
          "reference_expected_action_loss_bb": 0.00010829696976686139
        },
        {
          "action_values_bb": [
            -0.49999996965481747,
            -0.7217540972065439
          ],
          "candidate_probabilities": [
            0.9972566962242126,
            0.0027432958595454693
          ],
          "class_index": 52,
          "conditional_hand_mass": 0.0030165911925363843,
          "expected_action_loss_bb": 0.0006083371799497691,
          "probability_on_actions_losing_over_0_1bb": 0.0027432958595454693,
          "reference_expected_action_loss_bb": 0.00046469388198871846
        },
        {
          "action_values_bb": [
            -0.49999996965481747,
            -0.5679555479490298
          ],
          "candidate_probabilities": [
            0.00017421608208678663,
            0.9998257756233215
          ],
          "class_index": 53,
          "conditional_hand_mass": 0.0030165911925363843,
          "expected_action_loss_bb": 0.0679437387759422,
          "probability_on_actions_losing_over_0_1bb": -0.0,
          "reference_expected_action_loss_bb": 0.037033676960126126
        },
        {
          "action_values_bb": [
            -0.49999996965481747,
            -0.46453431069097195
          ],
          "candidate_probabilities": [
            0.00017421608208678663,
            0.9998257756233215
          ],
          "class_index": 54,
          "conditional_hand_mass": 0.0030165911925363843,
          "expected_action_loss_bb": 6.17868815330729e-6,
          "probability_on_actions_losing_over_0_1bb": -0.0,
          "reference_expected_action_loss_bb": 6.17868815330729e-6
        },
        {
          "action_values_bb": [
            -0.49999996965481747,
            -0.37704268596134755
          ],
          "candidate_probabilities": [
            0.00017421608208678663,
            0.9998257756233215
          ],
          "class_index": 55,
          "conditional_hand_mass": 0.0030165911925363843,
          "expected_action_loss_bb": 0.000021421136229109865,
          "probability_on_actions_losing_over_0_1bb": 0.00017421608208678663,
          "reference_expected_action_loss_bb": 0.000021421136229109865
        },
        {
          "action_values_bb": [
            -0.49999996965481747,
            0.42140112204346886
          ],
          "candidate_probabilities": [
            0.00017421603843104094,
            0.9998257756233215
          ],
          "class_index": 56,
          "conditional_hand_mass": 0.0045248869052198935,
          "expected_action_loss_bb": 0.00016052284800171173,
          "probability_on_actions_losing_over_0_1bb": 0.00017421603843104094,
          "reference_expected_action_loss_bb": 0.00016052284800171173
        },
        {
          "action_values_bb": [
            -0.49999996965481747,
            -0.48220868017876956
          ],
          "candidate_probabilities": [
            0.18739880621433258,
            0.8126012086868286
          ],
          "class_index": 57,
          "conditional_hand_mass": 0.009049773810439787,
          "expected_action_loss_bb": 0.003334066408824997,
          "probability_on_actions_losing_over_0_1bb": -0.0,
          "reference_expected_action_loss_bb": 6.711349046315944e-6
        },
        {
          "action_values_bb": [
            -0.49999996965481747,
            -0.577729002954407
          ],
          "candidate_probabilities": [
            0.28270137310028076,
            0.7172986268997192
          ],
          "class_index": 58,
          "conditional_hand_mass": 0.009049773810439787,
          "expected_action_loss_bb": 0.05575492885603812,
          "probability_on_actions_losing_over_0_1bb": -0.0,
          "reference_expected_action_loss_bb": 0.04860972259190631
        },
        {
          "action_values_bb": [
            -0.49999996965481747,
            -0.5205906629087192
          ],
          "candidate_probabilities": [
            0.6053124070167542,
            0.39468756318092346
          ],
          "class_index": 59,
          "conditional_hand_mass": 0.009049773810439787,
          "expected_action_loss_bb": 0.008126890544588374,
          "probability_on_actions_losing_over_0_1bb": -0.0,
          "reference_expected_action_loss_bb": 0.014461276131539667
        },
        {
          "action_values_bb": [
            -0.49999996965481747,
            -0.5588263211685566
          ],
          "candidate_probabilities": [
            0.00017421603843104094,
            0.9998257756233215
          ],
          "class_index": 60,
          "conditional_hand_mass": 0.009049773810439787,
          "expected_action_loss_bb": 0.05881610252931436,
          "probability_on_actions_losing_over_0_1bb": -0.0,
          "reference_expected_action_loss_bb": 0.03515256846516768
        },
        {
          "action_values_bb": [
            -0.49999996965481747,
            -0.5253922418292561
          ],
          "candidate_probabilities": [
            0.00017421603843104094,
            0.9998257756233215
          ],
          "class_index": 61,
          "conditional_hand_mass": 0.009049773810439787,
          "expected_action_loss_bb": 0.025387848221646636,
          "probability_on_actions_losing_over_0_1bb": -0.0,
          "reference_expected_action_loss_bb": 0.020814057677170972
        },
        {
          "action_values_bb": [
            -0.49999996965481747,
            -0.2589896085956978
          ],
          "candidate_probabilities": [
            0.046592894941568375,
            0.9534071087837219
          ],
          "class_index": 62,
          "conditional_hand_mass": 0.009049773810439787,
          "expected_action_loss_bb": 0.011229370432657024,
          "probability_on_actions_losing_over_0_1bb": 0.046592894941568375,
          "reference_expected_action_loss_bb": 0.00004198787032455464
        },
        {
          "action_values_bb": [
            -0.49999996965481747,
            -0.04614799391032877
          ],
          "candidate_probabilities": [
            0.00017421603843104094,
            0.9998257756233215
          ],
          "class_index": 63,
          "conditional_hand_mass": 0.009049773810439787,
          "expected_action_loss_bb": 0.00007906829324830571,
          "probability_on_actions_losing_over_0_1bb": 0.00017421603843104094,
          "reference_expected_action_loss_bb": 0.00007906829324830571
        },
        {
          "action_values_bb": [
            -0.49999996965481747,
            0.1277424913880372
          ],
          "candidate_probabilities": [
            0.00017421603843104094,
            0.9998257756233215
          ],
          "class_index": 64,
          "conditional_hand_mass": 0.009049773810439787,
          "expected_action_loss_bb": 0.0001093628047178382,
          "probability_on_actions_losing_over_0_1bb": 0.00017421603843104094,
          "reference_expected_action_loss_bb": 0.0001093628047178382
        },
        {
          "action_values_bb": [
            -0.49999996965481747,
            -0.7246356757386624
          ],
          "candidate_probabilities": [
            0.9978393316268921,
            0.0021607025992125273
          ],
          "class_index": 65,
          "conditional_hand_mass": 0.0030165911925363843,
          "expected_action_loss_bb": 0.00048537095401130506,
          "probability_on_actions_losing_over_0_1bb": 0.0021607025992125273,
          "reference_expected_action_loss_bb": 0.0005678271643595975
        },
        {
          "action_values_bb": [
            -0.49999996965481747,
            -0.5963275046306749
          ],
          "candidate_probabilities": [
            0.5640026926994324,
            0.4359973073005676
          ],
          "class_index": 66,
          "conditional_hand_mass": 0.0030165911925363843,
          "expected_action_loss_bb": 0.04199854586837507,
          "probability_on_actions_losing_over_0_1bb": -0.0,
          "reference_expected_action_loss_bb": 0.037930346021498584
        },
        {
          "action_values_bb": [
            -0.49999996965481747,
            -0.5781986249990897
          ],
          "candidate_probabilities": [
            0.12873074412345886,
            0.8712692260742188
          ],
          "class_index": 67,
          "conditional_hand_mass": 0.0030165911925363843,
          "expected_action_loss_bb": 0.06813208192184864,
          "probability_on_actions_losing_over_0_1bb": -0.0,
          "reference_expected_action_loss_bb": 0.031628944614275865
        },
        {
          "action_values_bb": [
            -0.49999996965481747,
            -0.4718342084883972
          ],
          "candidate_probabilities": [
            0.9226791858673096,
            0.07732082903385162
          ],
          "class_index": 68,
          "conditional_hand_mass": 0.0030165911925363843,
          "expected_action_loss_bb": 0.025987961582365746,
          "probability_on_actions_losing_over_0_1bb": -0.0,
          "reference_expected_action_loss_bb": 0.000182879076326938
        },
        {
          "action_values_bb": [
            -0.49999996965481747,
            -0.30830286677008306
          ],
          "candidate_probabilities": [
            0.00017421608208678663,
            0.9998257756233215
          ],
          "class_index": 69,
          "conditional_hand_mass": 0.0030165911925363843,
          "expected_action_loss_bb": 0.00003339671821196607,
          "probability_on_actions_losing_over_0_1bb": 0.00017421608208678663,
          "reference_expected_action_loss_bb": 0.00003339671821196607
        },
        {
          "action_values_bb": [
            -0.49999996965481747,
            0.44384326591847584
          ],
          "candidate_probabilities": [
            0.00017421603843104094,
            0.9998257756233215
          ],
          "class_index": 70,
          "conditional_hand_mass": 0.0045248869052198935,
          "expected_action_loss_bb": 0.0001644326294015149,
          "probability_on_actions_losing_over_0_1bb": 0.00017421603843104094,
          "reference_expected_action_loss_bb": 0.0001644326294015149
        },
        {
          "action_values_bb": [
            -0.49999996965481747,
            -0.5300794194116919
          ],
          "candidate_probabilities": [
            0.4864348769187927,
            0.5135651230812073
          ],
          "class_index": 71,
          "conditional_hand_mass": 0.009049773810439787,
          "expected_action_loss_bb": 0.015447756316604208,
          "probability_on_actions_losing_over_0_1bb": -0.0,
          "reference_expected_action_loss_bb": 0.023814667889361096
        },
        {
          "action_values_bb": [
            -0.49999996965481747,
            -0.5341405758787358
          ],
          "candidate_probabilities": [
            0.8440234065055847,
            0.15597665309906006
          ],
          "class_index": 72,
          "conditional_hand_mass": 0.009049773810439787,
          "expected_action_loss_bb": 0.005325137493579714,
          "probability_on_actions_losing_over_0_1bb": -0.0,
          "reference_expected_action_loss_bb": 0.023890685077854648
        },
        {
          "action_values_bb": [
            -0.49999996965481747,
            -0.5181550978692827
          ],
          "candidate_probabilities": [
            0.9564394354820251,
            0.043560583144426346
          ],
          "class_index": 73,
          "conditional_hand_mass": 0.009049773810439787,
          "expected_action_loss_bb": 0.0007908479720839339,
          "probability_on_actions_losing_over_0_1bb": -0.0,
          "reference_expected_action_loss_bb": 0.015293473388440126
        },
        {
          "action_values_bb": [
            -0.49999996965481747,
            -0.4743101629657682
          ],
          "candidate_probabilities": [
            0.14758248627185822,
            0.852417528629303
          ],
          "class_index": 74,
          "conditional_hand_mass": 0.009049773810439787,
          "expected_action_loss_bb": 0.0037913655430133015,
          "probability_on_actions_losing_over_0_1bb": -0.0,
          "reference_expected_action_loss_bb": 0.0001606950616523146
        },
        {
          "action_values_bb": [
            -0.49999996965481747,
            -0.29047592170457387
          ],
          "candidate_probabilities": [
            0.14558275043964386,
            0.8544172644615173
          ],
          "class_index": 75,
          "conditional_hand_mass": 0.009049773810439787,
          "expected_action_loss_bb": 0.03050308718384429,
          "probability_on_actions_losing_over_0_1bb": 0.14558275043964386,
          "reference_expected_action_loss_bb": 0.0000365024495899269
        },
        {
          "action_values_bb": [
            -0.49999996965481747,
            -0.02211594643893214
          ],
          "candidate_probabilities": [
            0.00017421603843104094,
            0.9998257756233215
          ],
          "class_index": 76,
          "conditional_hand_mass": 0.009049773810439787,
          "expected_action_loss_bb": 0.00008325506135415914,
          "probability_on_actions_losing_over_0_1bb": 0.00017421603843104094,
          "reference_expected_action_loss_bb": 0.00008325506135415914
        },
        {
          "action_values_bb": [
            -0.49999996965481747,
            0.0806419280600689
          ],
          "candidate_probabilities": [
            0.00017421603843104094,
            0.9998257756233215
          ],
          "class_index": 77,
          "conditional_hand_mass": 0.009049773810439787,
          "expected_action_loss_bb": 0.0001011571311669692,
          "probability_on_actions_losing_over_0_1bb": 0.00017421603843104094,
          "reference_expected_action_loss_bb": 0.0001011571311669692
        },
        {
          "action_values_bb": [
            -0.49999996965481747,
            -0.6456631272045775
          ],
          "candidate_probabilities": [
            0.9534496665000916,
            0.046550359576940536
          ],
          "class_index": 78,
          "conditional_hand_mass": 0.0030165911925363843,
          "expected_action_loss_bb": 0.0067806723610538714,
          "probability_on_actions_losing_over_0_1bb": 0.046550359576940536,
          "reference_expected_action_loss_bb": 0.012969059094658373
        },
        {
          "action_values_bb": [
            -0.49999996965481747,
            -0.6520827112570917
          ],
          "candidate_probabilities": [
            0.8938483595848083,
            0.10615161061286926
          ],
          "class_index": 79,
          "conditional_hand_mass": 0.0030165911925363843,
          "expected_action_loss_bb": 0.01614382796750223,
          "probability_on_actions_losing_over_0_1bb": 0.10615161061286926,
          "reference_expected_action_loss_bb": 0.030139087686211593
        },
        {
          "action_values_bb": [
            -0.49999996965481747,
            -0.5343247711366335
          ],
          "candidate_probabilities": [
            0.4651365876197815,
            0.5348633527755737
          ],
          "class_index": 80,
          "conditional_hand_mass": 0.0030165911925363843,
          "expected_action_loss_bb": 0.018359078403920082,
          "probability_on_actions_losing_over_0_1bb": -0.0,
          "reference_expected_action_loss_bb": 0.025598091359863906
        },
        {
          "action_values_bb": [
            -0.49999996965481747,
            -0.42955217186540334
          ],
          "candidate_probabilities": [
            0.3024754226207733,
            0.6975246071815491
          ],
          "class_index": 81,
          "conditional_hand_mass": 0.0030165911925363843,
          "expected_action_loss_bb": 0.021308727409055817,
          "probability_on_actions_losing_over_0_1bb": -0.0,
          "reference_expected_action_loss_bb": 0.000012273139322513916
        },
        {
          "action_values_bb": [
            -0.49999996965481747,
            -0.4325734292726624
          ],
          "candidate_probabilities": [
            0.00017421608208678663,
            0.9998257756233215
          ],
          "class_index": 82,
          "conditional_hand_mass": 0.0030165911925363843,
          "expected_action_loss_bb": 0.00001174678769404556,
          "probability_on_actions_losing_over_0_1bb": -0.0,
          "reference_expected_action_loss_bb": 0.00005971020803165906
        },
        {
          "action_values_bb": [
            -0.49999996965481747,
            -0.34137183287330036
          ],
          "candidate_probabilities": [
            0.00017421608208678663,
            0.9998257756233215
          ],
          "class_index": 83,
          "conditional_hand_mass": 0.0030165911925363843,
          "expected_action_loss_bb": 0.000027635572498802802,
          "probability_on_actions_losing_over_0_1bb": 0.00017421608208678663,
          "reference_expected_action_loss_bb": 0.000027635572498802802
        },
        {
          "action_values_bb": [
            -0.49999996965481747,
            0.7036555020671138
          ],
          "candidate_probabilities": [
            0.00017421603843104094,
            0.9998257756233215
          ],
          "class_index": 84,
          "conditional_hand_mass": 0.0045248869052198935,
          "expected_action_loss_bb": 0.00020969608791924067,
          "probability_on_actions_losing_over_0_1bb": 0.00017421603843104094,
          "reference_expected_action_loss_bb": 0.00020969608791924067
        },
        {
          "action_values_bb": [
            -0.49999996965481747,
            -0.4668535323006261
          ],
          "candidate_probabilities": [
            0.00017421603843104094,
            0.9998257756233215
          ],
          "class_index": 85,
          "conditional_hand_mass": 0.009049773810439787,
          "expected_action_loss_bb": 5.774641003949895e-6,
          "probability_on_actions_losing_over_0_1bb": -0.0,
          "reference_expected_action_loss_bb": 0.00035932718798713725
        },
        {
          "action_values_bb": [
            -0.49999996965481747,
            -0.40544416850558473
          ],
          "candidate_probabilities": [
            0.00017421603843104094,
            0.9998257756233215
          ],
          "class_index": 86,
          "conditional_hand_mass": 0.009049773810439787,
          "expected_action_loss_bb": 0.000016473137086892595,
          "probability_on_actions_losing_over_0_1bb": -0.0,
          "reference_expected_action_loss_bb": 0.000016473137086892595
        },
        {
          "action_values_bb": [
            -0.49999996965481747,
            -0.2693373158350873
          ],
          "candidate_probabilities": [
            0.06727667897939682,
            0.932723343372345
          ],
          "class_index": 87,
          "conditional_hand_mass": 0.009049773810439787,
          "expected_action_loss_bb": 0.015518217313565726,
          "probability_on_actions_losing_over_0_1bb": 0.06727667897939682,
          "reference_expected_action_loss_bb": 0.000040185133762464005
        },
        {
          "action_values_bb": [
            -0.49999996965481747,
            -0.09367779363819317
          ],
          "candidate_probabilities": [
            0.00017421603843104094,
            0.9998257756233215
          ],
          "class_index": 88,
          "conditional_hand_mass": 0.009049773810439787,
          "expected_action_loss_bb": 0.0000707878398322964,
          "probability_on_actions_losing_over_0_1bb": 0.00017421603843104094,
          "reference_expected_action_loss_bb": 0.0000707878398322964
        },
        {
          "action_values_bb": [
            -0.49999996965481747,
            0.19510036062214908
          ],
          "candidate_probabilities": [
            0.00017421603843104094,
            0.9998257756233215
          ],
          "class_index": 89,
          "conditional_hand_mass": 0.009049773810439787,
          "expected_action_loss_bb": 0.00012109762585296125,
          "probability_on_actions_losing_over_0_1bb": 0.00017421603843104094,
          "reference_expected_action_loss_bb": 0.00012109762585296125
        },
        {
          "action_values_bb": [
            -0.49999996965481747,
            0.26858684912618014
          ],
          "candidate_probabilities": [
            0.00017421603843104094,
            0.9998257756233215
          ],
          "class_index": 90,
          "conditional_hand_mass": 0.009049773810439787,
          "expected_action_loss_bb": 0.0001339001507583418,
          "probability_on_actions_losing_over_0_1bb": 0.00017421603843104094,
          "reference_expected_action_loss_bb": 0.0001339001507583418
        },
        {
          "action_values_bb": [
            -0.49999996965481747,
            -0.5942978974429936
          ],
          "candidate_probabilities": [
            0.9827401041984558,
            0.017259951680898666
          ],
          "class_index": 91,
          "conditional_hand_mass": 0.0030165911925363843,
          "expected_action_loss_bb": 0.001627577677232791,
          "probability_on_actions_losing_over_0_1bb": -0.0,
          "reference_expected_action_loss_bb": 0.012146333729672783
        },
        {
          "action_values_bb": [
            -0.49999996965481747,
            -0.46085140692404236
          ],
          "candidate_probabilities": [
            0.0036916809622198343,
            0.9963083267211914
          ],
          "class_index": 92,
          "conditional_hand_mass": 0.0030165911925363843,
          "expected_action_loss_bb": 0.0001445240037314714,
          "probability_on_actions_losing_over_0_1bb": -0.0,
          "reference_expected_action_loss_bb": 0.00016453922570754974
        },
        {
          "action_values_bb": [
            -0.49999996965481747,
            -0.5183272764349023
          ],
          "candidate_probabilities": [
            0.74305260181427,
            0.2569473385810852
          ],
          "class_index": 93,
          "conditional_hand_mass": 0.0030165911925363843,
          "expected_action_loss_bb": 0.004709152700501872,
          "probability_on_actions_losing_over_0_1bb": -0.0,
          "reference_expected_action_loss_bb": 0.013254246421700798
        },
        {
          "action_values_bb": [
            -0.49999996965481747,
            -0.3957724608971978
          ],
          "candidate_probabilities": [
            0.00017421608208678663,
            0.9998257756233215
          ],
          "class_index": 94,
          "conditional_hand_mass": 0.0030165911925363843,
          "expected_action_loss_bb": 0.00001815810822141874,
          "probability_on_actions_losing_over_0_1bb": 0.00017421608208678663,
          "reference_expected_action_loss_bb": 0.00001815810822141874
        },
        {
          "action_values_bb": [
            -0.49999996965481747,
            -0.3615381790948396
          ],
          "candidate_probabilities": [
            0.00017421608208678663,
            0.9998257756233215
          ],
          "class_index": 95,
          "conditional_hand_mass": 0.0030165911925363843,
          "expected_action_loss_bb": 0.000024122270670080564,
          "probability_on_actions_losing_over_0_1bb": 0.00017421608208678663,
          "reference_expected_action_loss_bb": 0.000024122270670080564
        },
        {
          "action_values_bb": [
            -0.49999996965481747,
            -0.3557921063683614
          ],
          "candidate_probabilities": [
            0.1626225858926773,
            0.8373773694038391
          ],
          "class_index": 96,
          "conditional_hand_mass": 0.0030165911925363843,
          "expected_action_loss_bb": 0.023451455633701167,
          "probability_on_actions_losing_over_0_1bb": 0.1626225858926773,
          "reference_expected_action_loss_bb": 0.000025123328947873335
        },
        {
          "action_values_bb": [
            -0.49999996965481747,
            -0.21775768218640681
          ],
          "candidate_probabilities": [
            0.00017421608208678663,
            0.9998257756233215
          ],
          "class_index": 97,
          "conditional_hand_mass": 0.0030165911925363843,
          "expected_action_loss_bb": 0.00004917114552195905,
          "probability_on_actions_losing_over_0_1bb": 0.00017421608208678663,
          "reference_expected_action_loss_bb": 0.00004917114552195905
        },
        {
          "action_values_bb": [
            -0.49999996965481747,
            0.9873938828967268
          ],
          "candidate_probabilities": [
            0.00017421603843104094,
            0.9998257756233215
          ],
          "class_index": 98,
          "conditional_hand_mass": 0.0045248869052198935,
          "expected_action_loss_bb": 0.0002591278645782139,
          "probability_on_actions_losing_over_0_1bb": 0.00017421603843104094,
          "reference_expected_action_loss_bb": 0.0002591278645782139
        },
        {
          "action_values_bb": [
            -0.49999996965481747,
            -0.16606087061542457
          ],
          "candidate_probabilities": [
            0.00017421603843104094,
            0.9998257756233215
          ],
          "class_index": 99,
          "conditional_hand_mass": 0.009049773810439787,
          "expected_action_loss_bb": 0.00005817754691187406,
          "probability_on_actions_losing_over_0_1bb": 0.00017421603843104094,
          "reference_expected_action_loss_bb": 0.00005817754691187406
        },
        {
          "action_values_bb": [
            -0.49999996965481747,
            -0.1093582115277707
          ],
          "candidate_probabilities": [
            0.00017421603843104094,
            0.9998257756233215
          ],
          "class_index": 100,
          "conditional_hand_mass": 0.009049773810439787,
          "expected_action_loss_bb": 0.00006805605954663099,
          "probability_on_actions_losing_over_0_1bb": 0.00017421603843104094,
          "reference_expected_action_loss_bb": 0.00006805605954663099
        },
        {
          "action_values_bb": [
            -0.49999996965481747,
            0.047264476624499
          ],
          "candidate_probabilities": [
            0.00017421603843104094,
            0.9998257756233215
          ],
          "class_index": 101,
          "conditional_hand_mass": 0.009049773810439787,
          "expected_action_loss_bb": 0.00009534224380493973,
          "probability_on_actions_losing_over_0_1bb": 0.00017421603843104094,
          "reference_expected_action_loss_bb": 0.00009534224380493973
        },
        {
          "action_values_bb": [
            -0.49999996965481747,
            0.22534243021214925
          ],
          "candidate_probabilities": [
            0.00017421603843104094,
            0.9998257756233215
          ],
          "class_index": 102,
          "conditional_hand_mass": 0.009049773810439787,
          "expected_action_loss_bb": 0.00012636627941088694,
          "probability_on_actions_losing_over_0_1bb": 0.00017421603843104094,
          "reference_expected_action_loss_bb": 0.00012636627941088694
        },
        {
          "action_values_bb": [
            -0.49999996965481747,
            0.30276836065613566
          ],
          "candidate_probabilities": [
            0.00017421603843104094,
            0.9998257756233215
          ],
          "class_index": 103,
          "conditional_hand_mass": 0.009049773810439787,
          "expected_action_loss_bb": 0.0001398551182846756,
          "probability_on_actions_losing_over_0_1bb": 0.00017421603843104094,
          "reference_expected_action_loss_bb": 0.0001398551182846756
        },
        {
          "action_values_bb": [
            -0.49999996965481747,
            -0.5348538697390557
          ],
          "candidate_probabilities": [
            0.9897136092185974,
            0.010286364704370499
          ],
          "class_index": 104,
          "conditional_hand_mass": 0.0030165911925363843,
          "expected_action_loss_bb": 0.00035851992763616397,
          "probability_on_actions_losing_over_0_1bb": -0.0,
          "reference_expected_action_loss_bb": 0.025596445723390843
        },
        {
          "action_values_bb": [
            -0.49999996965481747,
            -0.4940752851840253
          ],
          "candidate_probabilities": [
            0.00017421608208678663,
            0.9998257756233215
          ],
          "class_index": 105,
          "conditional_hand_mass": 0.0030165911925363843,
          "expected_action_loss_bb": 1.0321753161018336e-6,
          "probability_on_actions_losing_over_0_1bb": -0.0,
          "reference_expected_action_loss_bb": 0.00043200421099495024
        },
        {
          "action_values_bb": [
            -0.49999996965481747,
            -0.4526586021309601
          ],
          "candidate_probabilities": [
            0.00017421608208678663,
            0.9998257756233215
          ],
          "class_index": 106,
          "conditional_hand_mass": 0.0030165911925363843,
          "expected_action_loss_bb": 8.24762757063707e-6,
          "probability_on_actions_losing_over_0_1bb": -0.0,
          "reference_expected_action_loss_bb": 8.24762757063707e-6
        },
        {
          "action_values_bb": [
            -0.49999996965481747,
            -0.40144479483015194
          ],
          "candidate_probabilities": [
            0.00017421608208678663,
            0.9998257756233215
          ],
          "class_index": 107,
          "conditional_hand_mass": 0.0030165911925363843,
          "expected_action_loss_bb": 0.000017169896427331536,
          "probability_on_actions_losing_over_0_1bb": -0.0,
          "reference_expected_action_loss_bb": 0.000017169896427331536
        },
        {
          "action_values_bb": [
            -0.49999996965481747,
            -0.33467713939605803
          ],
          "candidate_probabilities": [
            0.00017421608208678663,
            0.9998257756233215
          ],
          "class_index": 108,
          "conditional_hand_mass": 0.0030165911925363843,
          "expected_action_loss_bb": 0.000028801895767179925,
          "probability_on_actions_losing_over_0_1bb": 0.00017421608208678663,
          "reference_expected_action_loss_bb": 0.000028801895767179925
        },
        {
          "action_values_bb": [
            -0.49999996965481747,
            -0.264973739279047
          ],
          "candidate_probabilities": [
            0.00017421608208678663,
            0.9998257756233215
          ],
          "class_index": 109,
          "conditional_hand_mass": 0.0030165911925363843,
          "expected_action_loss_bb": 0.000040945349043693256,
          "probability_on_actions_losing_over_0_1bb": 0.00017421608208678663,
          "reference_expected_action_loss_bb": 0.000040945349043693256
        },
        {
          "action_values_bb": [
            -0.49999996965481747,
            -0.17044452050970196
          ],
          "candidate_probabilities": [
            0.00017421608208678663,
            0.9998257756233215
          ],
          "class_index": 110,
          "conditional_hand_mass": 0.0030165911925363843,
          "expected_action_loss_bb": 0.00005741385918041327,
          "probability_on_actions_losing_over_0_1bb": 0.00017421608208678663,
          "reference_expected_action_loss_bb": 0.00005741385918041327
        },
        {
          "action_values_bb": [
            -0.49999996965481747,
            0.035381906260089774
          ],
          "candidate_probabilities": [
            0.00017421608208678663,
            0.9998257756233215
          ],
          "class_index": 111,
          "conditional_hand_mass": 0.0030165911925363843,
          "expected_action_loss_bb": 0.0000932721328421693,
          "probability_on_actions_losing_over_0_1bb": 0.00017421608208678663,
          "reference_expected_action_loss_bb": 0.0000932721328421693
        },
        {
          "action_values_bb": [
            -0.49999996965481747,
            1.1999153976311336
          ],
          "candidate_probabilities": [
            0.00017421603843104094,
            0.9998257756233215
          ],
          "class_index": 112,
          "conditional_hand_mass": 0.0045248869052198935,
          "expected_action_loss_bb": 0.00029615252095660635,
          "probability_on_actions_losing_over_0_1bb": 0.00017421603843104094,
          "reference_expected_action_loss_bb": 0.00029615252095660635
        },
        {
          "action_values_bb": [
            -0.49999996965481747,
            0.06163455539452379
          ],
          "candidate_probabilities": [
            0.00017421603843104094,
            0.9998257756233215
          ],
          "class_index": 113,
          "conditional_hand_mass": 0.009049773810439787,
          "expected_action_loss_bb": 0.00009784574200019547,
          "probability_on_actions_losing_over_0_1bb": 0.00017421603843104094,
          "reference_expected_action_loss_bb": 0.00009784574200019547
        },
        {
          "action_values_bb": [
            -0.49999996965481747,
            0.18443454483440028
          ],
          "candidate_probabilities": [
            0.00017421603843104094,
            0.9998257756233215
          ],
          "class_index": 114,
          "conditional_hand_mass": 0.009049773810439787,
          "expected_action_loss_bb": 0.0001192394696797844,
          "probability_on_actions_losing_over_0_1bb": 0.00017421603843104094,
          "reference_expected_action_loss_bb": 0.0001192394696797844
        },
        {
          "action_values_bb": [
            -0.49999996965481747,
            0.3650048127459477
          ],
          "candidate_probabilities": [
            0.00017421603843104094,
            0.9998257756233215
          ],
          "class_index": 115,
          "conditional_hand_mass": 0.009049773810439787,
          "expected_action_loss_bb": 0.0001506977064137659,
          "probability_on_actions_losing_over_0_1bb": 0.00017421603843104094,
          "reference_expected_action_loss_bb": 0.0001506977064137659
        },
        {
          "action_values_bb": [
            -0.49999996965481747,
            0.4414551000541358
          ],
          "candidate_probabilities": [
            0.00017421603843104094,
            0.9998257756233215
          ],
          "class_index": 116,
          "conditional_hand_mass": 0.009049773810439787,
          "expected_action_loss_bb": 0.00016401657260551333,
          "probability_on_actions_losing_over_0_1bb": 0.00017421603843104094,
          "reference_expected_action_loss_bb": 0.00016401657260551333
        },
        {
          "action_values_bb": [
            -0.49999996965481747,
            -0.40226851480966286
          ],
          "candidate_probabilities": [
            0.00017421608208678663,
            0.9998257756233215
          ],
          "class_index": 117,
          "conditional_hand_mass": 0.0030165911925363843,
          "expected_action_loss_bb": 0.000017026391159764534,
          "probability_on_actions_losing_over_0_1bb": -0.0,
          "reference_expected_action_loss_bb": 0.000017026391159764534
        },
        {
          "action_values_bb": [
            -0.49999996965481747,
            -0.48484343099626875
          ],
          "candidate_probabilities": [
            0.00017421608208678663,
            0.9998257756233215
          ],
          "class_index": 118,
          "conditional_hand_mass": 0.0030165911925363843,
          "expected_action_loss_bb": 2.6405127830892775e-6,
          "probability_on_actions_losing_over_0_1bb": -0.0,
          "reference_expected_action_loss_bb": 0.0006995908940077311
        },
        {
          "action_values_bb": [
            -0.49999996965481747,
            -0.35581759632167836
          ],
          "candidate_probabilities": [
            0.00017421608208678663,
            0.9998257756233215
          ],
          "class_index": 119,
          "conditional_hand_mass": 0.0030165911925363843,
          "expected_action_loss_bb": 0.000025118888188073876,
          "probability_on_actions_losing_over_0_1bb": 0.00017421608208678663,
          "reference_expected_action_loss_bb": 0.000025118888188073876
        },
        {
          "action_values_bb": [
            -0.49999996965481747,
            -0.25925349030289346
          ],
          "candidate_probabilities": [
            0.00017421608208678663,
            0.9998257756233215
          ],
          "class_index": 120,
          "conditional_hand_mass": 0.0030165911925363843,
          "expected_action_loss_bb": 0.00004194190840887967,
          "probability_on_actions_losing_over_0_1bb": 0.00017421608208678663,
          "reference_expected_action_loss_bb": 0.00004194190840887967
        },
        {
          "action_values_bb": [
            -0.49999996965481747,
            -0.23985651583897147
          ],
          "candidate_probabilities": [
            0.00017421608208678663,
            0.9998257756233215
          ],
          "class_index": 121,
          "conditional_hand_mass": 0.0030165911925363843,
          "expected_action_loss_bb": 0.00004532117330432162,
          "probability_on_actions_losing_over_0_1bb": 0.00017421608208678663,
          "reference_expected_action_loss_bb": 0.00004532117330432162
        },
        {
          "action_values_bb": [
            -0.49999996965481747,
            -0.1961655675641558
          ],
          "candidate_probabilities": [
            0.00017421608208678663,
            0.9998257756233215
          ],
          "class_index": 122,
          "conditional_hand_mass": 0.0030165911925363843,
          "expected_action_loss_bb": 0.000052932839135416454,
          "probability_on_actions_losing_over_0_1bb": 0.00017421608208678663,
          "reference_expected_action_loss_bb": 0.000052932839135416454
        },
        {
          "action_values_bb": [
            -0.49999996965481747,
            -0.011827946191012
          ],
          "candidate_probabilities": [
            0.00017421608208678663,
            0.9998257756233215
          ],
          "class_index": 123,
          "conditional_hand_mass": 0.0030165911925363843,
          "expected_action_loss_bb": 0.00008504741731224306,
          "probability_on_actions_losing_over_0_1bb": 0.00017421608208678663,
          "reference_expected_action_loss_bb": 0.00008504741731224306
        },
        {
          "action_values_bb": [
            -0.49999996965481747,
            0.09279886059908674
          ],
          "candidate_probabilities": [
            0.00017421608208678663,
            0.9998257756233215
          ],
          "class_index": 124,
          "conditional_hand_mass": 0.0030165911925363843,
          "expected_action_loss_bb": 0.00010327508967246527,
          "probability_on_actions_losing_over_0_1bb": 0.00017421608208678663,
          "reference_expected_action_loss_bb": 0.00010327508967246527
        },
        {
          "action_values_bb": [
            -0.49999996965481747,
            0.2889220055980793
          ],
          "candidate_probabilities": [
            0.00017421608208678663,
            0.9998257756233215
          ],
          "class_index": 125,
          "conditional_hand_mass": 0.0030165911925363843,
          "expected_action_loss_bb": 0.0001374428956007285,
          "probability_on_actions_losing_over_0_1bb": 0.00017421608208678663,
          "reference_expected_action_loss_bb": 0.0001374428956007285
        },
        {
          "action_values_bb": [
            -0.49999996965481747,
            1.4640805288315648
          ],
          "candidate_probabilities": [
            0.00017421603843104094,
            0.9998257756233215
          ],
          "class_index": 126,
          "conditional_hand_mass": 0.0045248869052198935,
          "expected_action_loss_bb": 0.00034217432360596163,
          "probability_on_actions_losing_over_0_1bb": 0.00017421603843104094,
          "reference_expected_action_loss_bb": 0.00034217432360596163
        },
        {
          "action_values_bb": [
            -0.49999996965481747,
            0.27424765188977657
          ],
          "candidate_probabilities": [
            0.00017421603843104094,
            0.9998257756233215
          ],
          "class_index": 127,
          "conditional_hand_mass": 0.009049773810439787,
          "expected_action_loss_bb": 0.00013488635339015503,
          "probability_on_actions_losing_over_0_1bb": 0.00017421603843104094,
          "reference_expected_action_loss_bb": 0.00013488635339015503
        },
        {
          "action_values_bb": [
            -0.49999996965481747,
            0.46493344087666016
          ],
          "candidate_probabilities": [
            0.00017421603843104094,
            0.9998257756233215
          ],
          "class_index": 128,
          "conditional_hand_mass": 0.009049773810439787,
          "expected_action_loss_bb": 0.00016810687613254732,
          "probability_on_actions_losing_over_0_1bb": 0.00017421603843104094,
          "reference_expected_action_loss_bb": 0.00016810687613254732
        },
        {
          "action_values_bb": [
            -0.49999996965481747,
            0.46989572788382405
          ],
          "candidate_probabilities": [
            0.00017421603843104094,
            0.9998257756233215
          ],
          "class_index": 129,
          "conditional_hand_mass": 0.009049773810439787,
          "expected_action_loss_bb": 0.00016897138611649324,
          "probability_on_actions_losing_over_0_1bb": 0.00017421603843104094,
          "reference_expected_action_loss_bb": 0.00016897138611649324
        },
        {
          "action_values_bb": [
            -0.49999996965481747,
            -0.23083106958271732
          ],
          "candidate_probabilities": [
            0.26968705654144287,
            0.7303129434585571
          ],
          "class_index": 130,
          "conditional_hand_mass": 0.0030165911925363843,
          "expected_action_loss_bb": 0.07259136837294246,
          "probability_on_actions_losing_over_0_1bb": 0.26968705654144287,
          "reference_expected_action_loss_bb": 0.00004689355119017107
        },
        {
          "action_values_bb": [
            -0.49999996965481747,
            -0.1668833767876347
          ],
          "candidate_probabilities": [
            0.10220504552125931,
            0.8977949619293213
          ],
          "class_index": 131,
          "conditional_hand_mass": 0.0030165911925363843,
          "expected_action_loss_bb": 0.034046196537877216,
          "probability_on_actions_losing_over_0_1bb": 0.10220504552125931,
          "reference_expected_action_loss_bb": 0.00005803426768741979
        },
        {
          "action_values_bb": [
            -0.49999996965481747,
            -0.2428801705156496
          ],
          "candidate_probabilities": [
            0.09842123836278915,
            0.9015787243843079
          ],
          "class_index": 132,
          "conditional_hand_mass": 0.0030165911925363843,
          "expected_action_loss_bb": 0.025306049038868506,
          "probability_on_actions_losing_over_0_1bb": 0.09842123836278915,
          "reference_expected_action_loss_bb": 0.00004479440403296735
        },
        {
          "action_values_bb": [
            -0.49999996965481747,
            -0.05980116395016593
          ],
          "candidate_probabilities": [
            0.00017421608208678663,
            0.9998257756233215
          ],
          "class_index": 133,
          "conditional_hand_mass": 0.0030165911925363843,
          "expected_action_loss_bb": 0.00007668971126914701,
          "probability_on_actions_losing_over_0_1bb": 0.00017421608208678663,
          "reference_expected_action_loss_bb": 0.00007668971126914701
        },
        {
          "action_values_bb": [
            -0.49999996965481747,
            -0.07079606944919853
          ],
          "candidate_probabilities": [
            0.00017421608208678663,
            0.9998257756233215
          ],
          "class_index": 134,
          "conditional_hand_mass": 0.0030165911925363843,
          "expected_action_loss_bb": 0.00007477422191019108,
          "probability_on_actions_losing_over_0_1bb": 0.00017421608208678663,
          "reference_expected_action_loss_bb": 0.00007477422191019108
        },
        {
          "action_values_bb": [
            -0.49999996965481747,
            -0.08519745306814071
          ],
          "candidate_probabilities": [
            0.060386307537555695,
            0.9396136403083801
          ],
          "class_index": 135,
          "conditional_hand_mass": 0.0030165911925363843,
          "expected_action_loss_bb": 0.02504839233395511,
          "probability_on_actions_losing_over_0_1bb": 0.060386307537555695,
          "reference_expected_action_loss_bb": 0.00007226526927947015
        },
        {
          "action_values_bb": [
            -0.49999996965481747,
            0.18711291685177228
          ],
          "candidate_probabilities": [
            0.00017421608208678663,
            0.9998257756233215
          ],
          "class_index": 136,
          "conditional_hand_mass": 0.0030165911925363843,
          "expected_action_loss_bb": 0.00011970611503852094,
          "probability_on_actions_losing_over_0_1bb": 0.00017421608208678663,
          "reference_expected_action_loss_bb": 0.00011970611503852094
        },
        {
          "action_values_bb": [
            -0.49999996965481747,
            0.26996009001594945
          ],
          "candidate_probabilities": [
            0.00017421608208678663,
            0.9998257756233215
          ],
          "class_index": 137,
          "conditional_hand_mass": 0.0030165911925363843,
          "expected_action_loss_bb": 0.00013413942495914946,
          "probability_on_actions_losing_over_0_1bb": 0.00017421608208678663,
          "reference_expected_action_loss_bb": 0.00013413942495914946
        },
        {
          "action_values_bb": [
            -0.49999996965481747,
            0.42847619238360196
          ],
          "candidate_probabilities": [
            0.00017421608208678663,
            0.9998257756233215
          ],
          "class_index": 138,
          "conditional_hand_mass": 0.0030165911925363843,
          "expected_action_loss_bb": 0.0001617554792613099,
          "probability_on_actions_losing_over_0_1bb": 0.00017421608208678663,
          "reference_expected_action_loss_bb": 0.0001617554792613099
        },
        {
          "action_values_bb": [
            -0.49999996965481747,
            0.41981127724087036
          ],
          "candidate_probabilities": [
            0.00017421608208678663,
            0.9998257756233215
          ],
          "class_index": 139,
          "conditional_hand_mass": 0.0030165911925363843,
          "expected_action_loss_bb": 0.00016024591169352872,
          "probability_on_actions_losing_over_0_1bb": 0.00017421608208678663,
          "reference_expected_action_loss_bb": 0.00016024591169352872
        },
        {
          "action_values_bb": [
            -0.49999996965481747,
            1.657114731493687
          ],
          "candidate_probabilities": [
            0.00017421603843104094,
            0.9998257756233215
          ],
          "class_index": 140,
          "conditional_hand_mass": 0.0045248869052198935,
          "expected_action_loss_bb": 0.00037580397767545125,
          "probability_on_actions_losing_over_0_1bb": 0.00017421603843104094,
          "reference_expected_action_loss_bb": 0.00037580397767545125
        },
        {
          "action_values_bb": [
            -0.49999996965481747,
            0.6062775079079545
          ],
          "candidate_probabilities": [
            0.00017421603843104094,
            0.9998257756233215
          ],
          "class_index": 141,
          "conditional_hand_mass": 0.009049773810439787,
          "expected_action_loss_bb": 0.0001927312795464709,
          "probability_on_actions_losing_over_0_1bb": 0.00017421603843104094,
          "reference_expected_action_loss_bb": 0.0001927312795464709
        },
        {
          "action_values_bb": [
            -0.49999996965481747,
            0.5212472112777264
          ],
          "candidate_probabilities": [
            0.00017421603843104094,
            0.9998257756233215
          ],
          "class_index": 142,
          "conditional_hand_mass": 0.009049773810439787,
          "expected_action_loss_bb": 0.00017791763812093628,
          "probability_on_actions_losing_over_0_1bb": 0.00017421603843104094,
          "reference_expected_action_loss_bb": 0.00017791763812093628
        },
        {
          "action_values_bb": [
            -0.49999996965481747,
            -0.03185926678149284
          ],
          "candidate_probabilities": [
            0.00017421608208678663,
            0.9998257756233215
          ],
          "class_index": 143,
          "conditional_hand_mass": 0.0030165911925363843,
          "expected_action_loss_bb": 0.00008155763911994511,
          "probability_on_actions_losing_over_0_1bb": 0.00017421608208678663,
          "reference_expected_action_loss_bb": 0.00008155763911994511
        },
        {
          "action_values_bb": [
            -0.49999996965481747,
            0.07163119163104142
          ],
          "candidate_probabilities": [
            0.00017421608208678663,
            0.9998257756233215
          ],
          "class_index": 144,
          "conditional_hand_mass": 0.0030165911925363843,
          "expected_action_loss_bb": 0.00009958734131794235,
          "probability_on_actions_losing_over_0_1bb": 0.00017421608208678663,
          "reference_expected_action_loss_bb": 0.00009958734131794235
        },
        {
          "action_values_bb": [
            -0.49999996965481747,
            0.03658600310249146
          ],
          "candidate_probabilities": [
            0.00017421608208678663,
            0.9998257756233215
          ],
          "class_index": 145,
          "conditional_hand_mass": 0.0030165911925363843,
          "expected_action_loss_bb": 0.00009348190587650558,
          "probability_on_actions_losing_over_0_1bb": 0.00017421608208678663,
          "reference_expected_action_loss_bb": 0.00009348190587650558
        },
        {
          "action_values_bb": [
            -0.49999996965481747,
            0.11869943733962571
          ],
          "candidate_probabilities": [
            0.00017421608208678663,
            0.9998257756233215
          ],
          "class_index": 146,
          "conditional_hand_mass": 0.0030165911925363843,
          "expected_action_loss_bb": 0.00010778738667599011,
          "probability_on_actions_losing_over_0_1bb": 0.00017421608208678663,
          "reference_expected_action_loss_bb": 0.00010778738667599011
        },
        {
          "action_values_bb": [
            -0.49999996965481747,
            0.2085947874259274
          ],
          "candidate_probabilities": [
            0.00017421608208678663,
            0.9998257756233215
          ],
          "class_index": 147,
          "conditional_hand_mass": 0.0030165911925363843,
          "expected_action_loss_bb": 0.0001234486023658457,
          "probability_on_actions_losing_over_0_1bb": 0.00017421608208678663,
          "reference_expected_action_loss_bb": 0.0001234486023658457
        },
        {
          "action_values_bb": [
            -0.49999996965481747,
            0.14253176230254389
          ],
          "candidate_probabilities": [
            0.00017421608208678663,
            0.9998257756233215
          ],
          "class_index": 148,
          "conditional_hand_mass": 0.0030165911925363843,
          "expected_action_loss_bb": 0.00011193936095804885,
          "probability_on_actions_losing_over_0_1bb": 0.00017421608208678663,
          "reference_expected_action_loss_bb": 0.00011193936095804885
        },
        {
          "action_values_bb": [
            -0.49999996965481747,
            0.38310841484049357
          ],
          "candidate_probabilities": [
            0.00017421608208678663,
            0.9998257756233215
          ],
          "class_index": 149,
          "conditional_hand_mass": 0.0030165911925363843,
          "expected_action_loss_bb": 0.00015385168280476465,
          "probability_on_actions_losing_over_0_1bb": 0.00017421608208678663,
          "reference_expected_action_loss_bb": 0.00015385168280476465
        },
        {
          "action_values_bb": [
            -0.49999996965481747,
            0.4823790076882554
          ],
          "candidate_probabilities": [
            0.00017421608208678663,
            0.9998257756233215
          ],
          "class_index": 150,
          "conditional_hand_mass": 0.0030165911925363843,
          "expected_action_loss_bb": 0.0001711462165571343,
          "probability_on_actions_losing_over_0_1bb": 0.00017421608208678663,
          "reference_expected_action_loss_bb": 0.0001711462165571343
        },
        {
          "action_values_bb": [
            -0.49999996965481747,
            0.4901936508167709
          ],
          "candidate_probabilities": [
            0.00017421608208678663,
            0.9998257756233215
          ],
          "class_index": 151,
          "conditional_hand_mass": 0.0030165911925363843,
          "expected_action_loss_bb": 0.0001725076530658907,
          "probability_on_actions_losing_over_0_1bb": 0.00017421608208678663,
          "reference_expected_action_loss_bb": 0.0001725076530658907
        },
        {
          "action_values_bb": [
            -0.49999996965481747,
            0.6531729529746776
          ],
          "candidate_probabilities": [
            0.00017421608208678663,
            0.9998257756233215
          ],
          "class_index": 152,
          "conditional_hand_mass": 0.0030165911925363843,
          "expected_action_loss_bb": 0.00020090126854907978,
          "probability_on_actions_losing_over_0_1bb": 0.00017421608208678663,
          "reference_expected_action_loss_bb": 0.00020090126854907978
        },
        {
          "action_values_bb": [
            -0.49999996965481747,
            0.7783075642043372
          ],
          "candidate_probabilities": [
            0.00017421608208678663,
            0.9998257756233215
          ],
          "class_index": 153,
          "conditional_hand_mass": 0.0030165911925363843,
          "expected_action_loss_bb": 0.00022270173025096428,
          "probability_on_actions_losing_over_0_1bb": 0.00017421608208678663,
          "reference_expected_action_loss_bb": 0.00022270173025096428
        },
        {
          "action_values_bb": [
            -0.49999996965481747,
            1.9080362539964606
          ],
          "candidate_probabilities": [
            0.00017421603843104094,
            0.9998257756233215
          ],
          "class_index": 154,
          "conditional_hand_mass": 0.0045248869052198935,
          "expected_action_loss_bb": 0.00041951853128296973,
          "probability_on_actions_losing_over_0_1bb": 0.00017421603843104094,
          "reference_expected_action_loss_bb": 0.00041951853128296973
        },
        {
          "action_values_bb": [
            -0.49999996965481747,
            0.6807313553129559
          ],
          "candidate_probabilities": [
            0.00017421603843104094,
            0.9998257756233215
          ],
          "class_index": 155,
          "conditional_hand_mass": 0.009049773810439787,
          "expected_action_loss_bb": 0.0002057023338873195,
          "probability_on_actions_losing_over_0_1bb": 0.00017421603843104094,
          "reference_expected_action_loss_bb": 0.0002057023338873195
        },
        {
          "action_values_bb": [
            -0.49999996965481747,
            0.08690487028041376
          ],
          "candidate_probabilities": [
            0.00017421608208678663,
            0.9998257756233215
          ],
          "class_index": 156,
          "conditional_hand_mass": 0.0030165911925363843,
          "expected_action_loss_bb": 0.0001022482617712886,
          "probability_on_actions_losing_over_0_1bb": 0.00017421608208678663,
          "reference_expected_action_loss_bb": 0.0001022482617712886
        },
        {
          "action_values_bb": [
            -0.49999996965481747,
            0.27689924428357454
          ],
          "candidate_probabilities": [
            0.00017421608208678663,
            0.9998257756233215
          ],
          "class_index": 157,
          "conditional_hand_mass": 0.0030165911925363843,
          "expected_action_loss_bb": 0.0001353483372286509,
          "probability_on_actions_losing_over_0_1bb": 0.00017421608208678663,
          "reference_expected_action_loss_bb": 0.0001353483372286509
        },
        {
          "action_values_bb": [
            -0.49999996965481747,
            0.2733526207313432
          ],
          "candidate_probabilities": [
            0.00017421608208678663,
            0.9998257756233215
          ],
          "class_index": 158,
          "conditional_hand_mass": 0.0030165911925363843,
          "expected_action_loss_bb": 0.00013473045836874444,
          "probability_on_actions_losing_over_0_1bb": 0.00017421608208678663,
          "reference_expected_action_loss_bb": 0.00013473045836874444
        },
        {
          "action_values_bb": [
            -0.49999996965481747,
            0.32743447261286585
          ],
          "candidate_probabilities": [
            0.00017421608208678663,
            0.9998257756233215
          ],
          "class_index": 159,
          "conditional_hand_mass": 0.0030165911925363843,
          "expected_action_loss_bb": 0.00014415238671554125,
          "probability_on_actions_losing_over_0_1bb": 0.00017421608208678663,
          "reference_expected_action_loss_bb": 0.00014415238671554125
        },
        {
          "action_values_bb": [
            -0.49999996965481747,
            0.29933380186295144
          ],
          "candidate_probabilities": [
            0.00017421608208678663,
            0.9998257756233215
          ],
          "class_index": 160,
          "conditional_hand_mass": 0.0030165911925363843,
          "expected_action_loss_bb": 0.00013925679795348037,
          "probability_on_actions_losing_over_0_1bb": 0.00017421608208678663,
          "reference_expected_action_loss_bb": 0.00013925679795348037
        },
        {
          "action_values_bb": [
            -0.49999996965481747,
            0.28989465973339934
          ],
          "candidate_probabilities": [
            0.00017421608208678663,
            0.9998257756233215
          ],
          "class_index": 161,
          "conditional_hand_mass": 0.0030165911925363843,
          "expected_action_loss_bb": 0.00013761234759340947,
          "probability_on_actions_losing_over_0_1bb": 0.00017421608208678663,
          "reference_expected_action_loss_bb": 0.00013761234759340947
        },
        {
          "action_values_bb": [
            -0.49999996965481747,
            0.5053286747409128
          ],
          "candidate_probabilities": [
            0.00017421608208678663,
            0.9998257756233215
          ],
          "class_index": 162,
          "conditional_hand_mass": 0.0030165911925363843,
          "expected_action_loss_bb": 0.00017514441763624448,
          "probability_on_actions_losing_over_0_1bb": 0.00017421608208678663,
          "reference_expected_action_loss_bb": 0.00017514441763624448
        },
        {
          "action_values_bb": [
            -0.49999996965481747,
            0.4929466568105514
          ],
          "candidate_probabilities": [
            0.00017421608208678663,
            0.9998257756233215
          ],
          "class_index": 163,
          "conditional_hand_mass": 0.0030165911925363843,
          "expected_action_loss_bb": 0.00017298727098408854,
          "probability_on_actions_losing_over_0_1bb": 0.00017421608208678663,
          "reference_expected_action_loss_bb": 0.00017298727098408854
        },
        {
          "action_values_bb": [
            -0.49999996965481747,
            0.561118839017593
          ],
          "candidate_probabilities": [
            0.00017421608208678663,
            0.9998257756233215
          ],
          "class_index": 164,
          "conditional_hand_mass": 0.0030165911925363843,
          "expected_action_loss_bb": 0.00018486396147550588,
          "probability_on_actions_losing_over_0_1bb": 0.00017421608208678663,
          "reference_expected_action_loss_bb": 0.00018486396147550588
        },
        {
          "action_values_bb": [
            -0.49999996965481747,
            0.5159746144341109
          ],
          "candidate_probabilities": [
            0.00017421608208678663,
            0.9998257756233215
          ],
          "class_index": 165,
          "conditional_hand_mass": 0.0030165911925363843,
          "expected_action_loss_bb": 0.00017699911153972562,
          "probability_on_actions_losing_over_0_1bb": 0.00017421608208678663,
          "reference_expected_action_loss_bb": 0.00017699911153972562
        },
        {
          "action_values_bb": [
            -0.49999996965481747,
            0.7436825578318489
          ],
          "candidate_probabilities": [
            0.00017421608208678663,
            0.9998257756233215
          ],
          "class_index": 166,
          "conditional_hand_mass": 0.0030165911925363843,
          "expected_action_loss_bb": 0.00021666949729851932,
          "probability_on_actions_losing_over_0_1bb": 0.00017421608208678663,
          "reference_expected_action_loss_bb": 0.00021666949729851932
        },
        {
          "action_values_bb": [
            -0.49999996965481747,
            0.889632022178687
          ],
          "candidate_probabilities": [
            0.00017421608208678663,
            0.9998257756233215
          ],
          "class_index": 167,
          "conditional_hand_mass": 0.0030165911925363843,
          "expected_action_loss_bb": 0.00024209624115969063,
          "probability_on_actions_losing_over_0_1bb": 0.00017421608208678663,
          "reference_expected_action_loss_bb": 0.00024209624115969063
        },
        {
          "action_values_bb": [
            -0.49999996965481747,
            2.0539661153553905
          ],
          "candidate_probabilities": [
            0.00017421603843104094,
            0.9998257756233215
          ],
          "class_index": 168,
          "conditional_hand_mass": 0.0045248869052198935,
          "expected_action_loss_bb": 0.0004449418536177136,
          "probability_on_actions_losing_over_0_1bb": 0.00017421603843104094,
          "reference_expected_action_loss_bb": 0.0004449418536177136
        }
      ],
      "joint_reach_independent_model": 0.015345477139408759,
      "opponent_mass": 0.015345476567745209,
      "passes_local_tail_gate": false,
      "path": [
        2
      ],
      "position": "SB",
      "reference_weighted_action_loss_bb": 0.004396503849296118,
      "scope": "One-action deviation followed by reference play, same reference arriving ranges; excludes physical-deal validation",
      "status": "evaluated",
      "weighted_action_loss_bb": 0.0075068495128986865,
      "weighted_excess_action_loss_bb": 0.0031103456636025683,
      "worst_relevant_probability_on_strongly_inferior_actions": 0.650799572467804
    },
    {
      "actions": [
        {
          "kind": "fold",
          "label": "Fold",
          "to": 0.0
        },
        {
          "kind": "call",
          "label": "Call 2",
          "to": 2.0
        }
      ],
      "actor": 2,
      "actor_mass": 1.000000037252903,
      "forced_or_frozen": false,
      "hands": [
        {
          "action_values_bb": [
            -0.9999999765127903,
            -0.1639086786348576
          ],
          "candidate_probabilities": [
            0.00017421603843104094,
            0.9998257756233215
          ],
          "class_index": 0,
          "conditional_hand_mass": 0.0045248869052198935,
          "expected_action_loss_bb": 0.00014566051368296082,
          "probability_on_actions_losing_over_0_1bb": 0.00017421603843104094,
          "reference_expected_action_loss_bb": 0.00014566051368296082
        },
        {
          "action_values_bb": [
            -0.9999999765127903,
            -0.9022816040532889
          ],
          "candidate_probabilities": [
            0.00017421603843104094,
            0.9998257756233215
          ],
          "class_index": 1,
          "conditional_hand_mass": 0.009049773810439787,
          "expected_action_loss_bb": 0.000017024107731823257,
          "probability_on_actions_losing_over_0_1bb": -0.0,
          "reference_expected_action_loss_bb": 0.000017024107731823257
        },
        {
          "action_values_bb": [
            -0.9999999765127903,
            -0.823042437447692
          ],
          "candidate_probabilities": [
            0.00017421603843104094,
            0.9998257756233215
          ],
          "class_index": 2,
          "conditional_hand_mass": 0.009049773810439787,
          "expected_action_loss_bb": 0.00003082884142642759,
          "probability_on_actions_losing_over_0_1bb": 0.00017421603843104094,
          "reference_expected_action_loss_bb": 0.00003082884142642759
        },
        {
          "action_values_bb": [
            -0.9999999765127903,
            -0.7881965571774688
          ],
          "candidate_probabilities": [
            0.00017421603843104094,
            0.9998257756233215
          ],
          "class_index": 3,
          "conditional_hand_mass": 0.009049773810439787,
          "expected_action_loss_bb": 0.00003689955264274824,
          "probability_on_actions_losing_over_0_1bb": 0.00017421603843104094,
          "reference_expected_action_loss_bb": 0.00003689955264274824
        },
        {
          "action_values_bb": [
            -0.9999999765127903,
            -0.8599934467310362
          ],
          "candidate_probabilities": [
            0.00017421603843104094,
            0.9998257756233215
          ],
          "class_index": 4,
          "conditional_hand_mass": 0.009049773810439787,
          "expected_action_loss_bb": 0.00002439138297305475,
          "probability_on_actions_losing_over_0_1bb": 0.00017421603843104094,
          "reference_expected_action_loss_bb": 0.00002439138297305475
        },
        {
          "action_values_bb": [
            -0.9999999765127903,
            -0.9483640203618192
          ],
          "candidate_probabilities": [
            0.00017421603843104094,
            0.9998257756233215
          ],
          "class_index": 5,
          "conditional_hand_mass": 0.009049773810439787,
          "expected_action_loss_bb": 8.995811721221117e-6,
          "probability_on_actions_losing_over_0_1bb": -0.0,
          "reference_expected_action_loss_bb": 8.995811721221117e-6
        },
        {
          "action_values_bb": [
            -0.9999999765127903,
            -0.9887358104947959
          ],
          "candidate_probabilities": [
            0.4285324513912201,
            0.5714675188064575
          ],
          "class_index": 6,
          "conditional_hand_mass": 0.009049773810439787,
          "expected_action_loss_bb": 0.00482706067656882,
          "probability_on_actions_losing_over_0_1bb": -0.0,
          "reference_expected_action_loss_bb": 0.0009191037791485826
        },
        {
          "action_values_bb": [
            -0.9999999765127903,
            -0.8316423331813859
          ],
          "candidate_probabilities": [
            0.0022192243486642838,
            0.9977807998657227
          ],
          "class_index": 7,
          "conditional_hand_mass": 0.009049773810439787,
          "expected_action_loss_bb": 0.00037362338136478964,
          "probability_on_actions_losing_over_0_1bb": 0.0022192243486642838,
          "reference_expected_action_loss_bb": 0.000029330601660783426
        },
        {
          "action_values_bb": [
            -0.9999999765127903,
            -0.8261839058858439
          ],
          "candidate_probabilities": [
            0.00017421603843104094,
            0.9998257756233215
          ],
          "class_index": 8,
          "conditional_hand_mass": 0.009049773810439787,
          "expected_action_loss_bb": 0.000030281547240276616,
          "probability_on_actions_losing_over_0_1bb": 0.00017421603843104094,
          "reference_expected_action_loss_bb": 0.000030281547240276616
        },
        {
          "action_values_bb": [
            -0.9999999765127903,
            -0.74870402013641
          ],
          "candidate_probabilities": [
            0.00017421603843104094,
            0.9998257756233215
          ],
          "class_index": 9,
          "conditional_hand_mass": 0.009049773810439787,
          "expected_action_loss_bb": 0.00004377978599363265,
          "probability_on_actions_losing_over_0_1bb": 0.00017421603843104094,
          "reference_expected_action_loss_bb": 0.00004377978599363265
        },
        {
          "action_values_bb": [
            -0.9999999765127903,
            -0.5049382230838996
          ],
          "candidate_probabilities": [
            0.00017421603843104094,
            0.9998257756233215
          ],
          "class_index": 10,
          "conditional_hand_mass": 0.009049773810439787,
          "expected_action_loss_bb": 0.00008624769746110614,
          "probability_on_actions_losing_over_0_1bb": 0.00017421603843104094,
          "reference_expected_action_loss_bb": 0.00008624769746110614
        },
        {
          "action_values_bb": [
            -0.9999999765127903,
            -0.34102539134461857
          ],
          "candidate_probabilities": [
            0.00017421603843104094,
            0.9998257756233215
          ],
          "class_index": 11,
          "conditional_hand_mass": 0.009049773810439787,
          "expected_action_loss_bb": 0.00011480394165473745,
          "probability_on_actions_losing_over_0_1bb": 0.00017421603843104094,
          "reference_expected_action_loss_bb": 0.00011480394165473745
        },
        {
          "action_values_bb": [
            -0.9999999765127903,
            -0.11162662424392504
          ],
          "candidate_probabilities": [
            0.00017421603843104094,
            0.9998257756233215
          ],
          "class_index": 12,
          "conditional_hand_mass": 0.009049773810439787,
          "expected_action_loss_bb": 0.0001547688860799853,
          "probability_on_actions_losing_over_0_1bb": 0.00017421603843104094,
          "reference_expected_action_loss_bb": 0.0001547688860799853
        },
        {
          "action_values_bb": [
            -0.9999999765127903,
            -0.760916557232892
          ],
          "candidate_probabilities": [
            0.00017421608208678663,
            0.9998257756233215
          ],
          "class_index": 13,
          "conditional_hand_mass": 0.0030165911925363843,
          "expected_action_loss_bb": 0.00004165217659885639,
          "probability_on_actions_losing_over_0_1bb": 0.00017421608208678663,
          "reference_expected_action_loss_bb": 0.00004165217659885639
        },
        {
          "action_values_bb": [
            -0.9999999765127903,
            -0.06679662714315902
          ],
          "candidate_probabilities": [
            0.00017421603843104094,
            0.9998257756233215
          ],
          "class_index": 14,
          "conditional_hand_mass": 0.0045248869052198935,
          "expected_action_loss_bb": 0.0001625789905777558,
          "probability_on_actions_losing_over_0_1bb": 0.00017421603843104094,
          "reference_expected_action_loss_bb": 0.0001625789905777558
        },
        {
          "action_values_bb": [
            -0.9999999765127903,
            -0.819048485150279
          ],
          "candidate_probabilities": [
            0.00017421603843104094,
            0.9998257756233215
          ],
          "class_index": 15,
          "conditional_hand_mass": 0.009049773810439787,
          "expected_action_loss_bb": 0.000031524651973365444,
          "probability_on_actions_losing_over_0_1bb": 0.00017421603843104094,
          "reference_expected_action_loss_bb": 0.000031524651973365444
        },
        {
          "action_values_bb": [
            -0.9999999765127903,
            -0.7329865211306877
          ],
          "candidate_probabilities": [
            0.00017421603843104094,
            0.9998257756233215
          ],
          "class_index": 16,
          "conditional_hand_mass": 0.009049773810439787,
          "expected_action_loss_bb": 0.00004651802640445341,
          "probability_on_actions_losing_over_0_1bb": 0.00017421603843104094,
          "reference_expected_action_loss_bb": 0.00004651802640445341
        },
        {
          "action_values_bb": [
            -0.9999999765127903,
            -0.7586299827456874
          ],
          "candidate_probabilities": [
            0.00017421603843104094,
            0.9998257756233215
          ],
          "class_index": 17,
          "conditional_hand_mass": 0.009049773810439787,
          "expected_action_loss_bb": 0.00004205052411022971,
          "probability_on_actions_losing_over_0_1bb": 0.00017421603843104094,
          "reference_expected_action_loss_bb": 0.00004205052411022971
        },
        {
          "action_values_bb": [
            -0.9999999765127903,
            -0.8846330190840646
          ],
          "candidate_probabilities": [
            0.00017421603843104094,
            0.9998257756233215
          ],
          "class_index": 18,
          "conditional_hand_mass": 0.009049773810439787,
          "expected_action_loss_bb": 0.000020098774289075144,
          "probability_on_actions_losing_over_0_1bb": 0.00017421603843104094,
          "reference_expected_action_loss_bb": 0.000020098774289075144
        },
        {
          "action_values_bb": [
            -0.9999999765127903,
            -0.924676950673026
          ],
          "candidate_probabilities": [
            0.00017421603843104094,
            0.9998257756233215
          ],
          "class_index": 19,
          "conditional_hand_mass": 0.009049773810439787,
          "expected_action_loss_bb": 0.000013122479164442657,
          "probability_on_actions_losing_over_0_1bb": -0.0,
          "reference_expected_action_loss_bb": 0.0003652677915239579
        },
        {
          "action_values_bb": [
            -0.9999999765127903,
            -0.8359898803590338
          ],
          "candidate_probabilities": [
            0.00017421603843104094,
            0.9998257756233215
          ],
          "class_index": 20,
          "conditional_hand_mass": 0.009049773810439787,
          "expected_action_loss_bb": 0.000028573189214601563,
          "probability_on_actions_losing_over_0_1bb": 0.00017421603843104094,
          "reference_expected_action_loss_bb": 0.000028573189214601563
        },
        {
          "action_values_bb": [
            -0.9999999765127903,
            -0.7643273534169676
          ],
          "candidate_probabilities": [
            0.00017421603843104094,
            0.9998257756233215
          ],
          "class_index": 21,
          "conditional_hand_mass": 0.009049773810439787,
          "expected_action_loss_bb": 0.00004105795076240608,
          "probability_on_actions_losing_over_0_1bb": 0.00017421603843104094,
          "reference_expected_action_loss_bb": 0.00004105795076240608
        },
        {
          "action_values_bb": [
            -0.9999999765127903,
            -0.7353483249083804
          ],
          "candidate_probabilities": [
            0.00017421603843104094,
            0.9998257756233215
          ],
          "class_index": 22,
          "conditional_hand_mass": 0.009049773810439787,
          "expected_action_loss_bb": 0.000046106562306752324,
          "probability_on_actions_losing_over_0_1bb": 0.00017421603843104094,
          "reference_expected_action_loss_bb": 0.000046106562306752324
        },
        {
          "action_values_bb": [
            -0.9999999765127903,
            -0.5096230970229009
          ],
          "candidate_probabilities": [
            0.00017421603843104094,
            0.9998257756233215
          ],
          "class_index": 23,
          "conditional_hand_mass": 0.009049773810439787,
          "expected_action_loss_bb": 0.0000854315172829045,
          "probability_on_actions_losing_over_0_1bb": 0.00017421603843104094,
          "reference_expected_action_loss_bb": 0.0000854315172829045
        },
        {
          "action_values_bb": [
            -0.9999999765127903,
            -0.32332421473181494
          ],
          "candidate_probabilities": [
            0.00017421603843104094,
            0.9998257756233215
          ],
          "class_index": 24,
          "conditional_hand_mass": 0.009049773810439787,
          "expected_action_loss_bb": 0.0001178877705197883,
          "probability_on_actions_losing_over_0_1bb": 0.00017421603843104094,
          "reference_expected_action_loss_bb": 0.0001178877705197883
        },
        {
          "action_values_bb": [
            -0.9999999765127903,
            -0.035472097943608706
          ],
          "candidate_probabilities": [
            0.00017421603843104094,
            0.9998257756233215
          ],
          "class_index": 25,
          "conditional_hand_mass": 0.009049773810439787,
          "expected_action_loss_bb": 0.0001680362259606189,
          "probability_on_actions_losing_over_0_1bb": 0.00017421603843104094,
          "reference_expected_action_loss_bb": 0.0001680362259606189
        },
        {
          "action_values_bb": [
            -0.9999999765127903,
            -0.6804387326126848
          ],
          "candidate_probabilities": [
            0.00017421608208678663,
            0.9998257756233215
          ],
          "class_index": 26,
          "conditional_hand_mass": 0.0030165911925363843,
          "expected_action_loss_bb": 0.00005567270789905641,
          "probability_on_actions_losing_over_0_1bb": 0.00017421608208678663,
          "reference_expected_action_loss_bb": 0.00005567270789905641
        },
        {
          "action_values_bb": [
            -0.9999999765127903,
            -0.5505116796731436
          ],
          "candidate_probabilities": [
            0.00017421608208678663,
            0.9998257756233215
          ],
          "class_index": 27,
          "conditional_hand_mass": 0.0030165911925363843,
          "expected_action_loss_bb": 0.00007830809001926579,
          "probability_on_actions_losing_over_0_1bb": 0.00017421608208678663,
          "reference_expected_action_loss_bb": 0.00007830809001926579
        },
        {
          "action_values_bb": [
            -0.9999999765127903,
            0.025697989939398057
          ],
          "candidate_probabilities": [
            0.00017421603843104094,
            0.9998257756233215
          ],
          "class_index": 28,
          "conditional_hand_mass": 0.0045248869052198935,
          "expected_action_loss_bb": 0.000178693036342075,
          "probability_on_actions_losing_over_0_1bb": 0.00017421603843104094,
          "reference_expected_action_loss_bb": 0.000178693036342075
        },
        {
          "action_values_bb": [
            -0.9999999765127903,
            -0.6024586667636784
          ],
          "candidate_probabilities": [
            0.00017421603843104094,
            0.9998257756233215
          ],
          "class_index": 29,
          "conditional_hand_mass": 0.009049773810439787,
          "expected_action_loss_bb": 0.00006925807209717761,
          "probability_on_actions_losing_over_0_1bb": 0.00017421603843104094,
          "reference_expected_action_loss_bb": 0.00006925807209717761
        },
        {
          "action_values_bb": [
            -0.9999999765127903,
            -0.6551304889288133
          ],
          "candidate_probabilities": [
            0.00017421603843104094,
            0.9998257756233215
          ],
          "class_index": 30,
          "conditional_hand_mass": 0.009049773810439787,
          "expected_action_loss_bb": 0.00006008179590262353,
          "probability_on_actions_losing_over_0_1bb": 0.00017421603843104094,
          "reference_expected_action_loss_bb": 0.00006008179590262353
        },
        {
          "action_values_bb": [
            -0.9999999765127903,
            -0.774922460767955
          ],
          "candidate_probabilities": [
            0.00017421603843104094,
            0.9998257756233215
          ],
          "class_index": 31,
          "conditional_hand_mass": 0.009049773810439787,
          "expected_action_loss_bb": 0.00003921211313296544,
          "probability_on_actions_losing_over_0_1bb": 0.00017421603843104094,
          "reference_expected_action_loss_bb": 0.00003921211313296544
        },
        {
          "action_values_bb": [
            -0.9999999765127903,
            -0.7732007084823328
          ],
          "candidate_probabilities": [
            0.00017421603843104094,
            0.9998257756233215
          ],
          "class_index": 32,
          "conditional_hand_mass": 0.009049773810439787,
          "expected_action_loss_bb": 0.000039512069995326135,
          "probability_on_actions_losing_over_0_1bb": 0.00017421603843104094,
          "reference_expected_action_loss_bb": 0.000039512069995326135
        },
        {
          "action_values_bb": [
            -0.9999999765127903,
            -0.8202101493429879
          ],
          "candidate_probabilities": [
            0.00017421603843104094,
            0.9998257756233215
          ],
          "class_index": 33,
          "conditional_hand_mass": 0.009049773810439787,
          "expected_action_loss_bb": 0.00003132227143972451,
          "probability_on_actions_losing_over_0_1bb": 0.00017421603843104094,
          "reference_expected_action_loss_bb": 0.00003132227143972451
        },
        {
          "action_values_bb": [
            -0.9999999765127903,
            -0.772089225841517
          ],
          "candidate_probabilities": [
            0.00017421603843104094,
            0.9998257756233215
          ],
          "class_index": 34,
          "conditional_hand_mass": 0.009049773810439787,
          "expected_action_loss_bb": 0.00003970570809779394,
          "probability_on_actions_losing_over_0_1bb": 0.00017421603843104094,
          "reference_expected_action_loss_bb": 0.00003970570809779394
        },
        {
          "action_values_bb": [
            -0.9999999765127903,
            -0.6732561859771861
          ],
          "candidate_probabilities": [
            0.00017421603843104094,
            0.9998257756233215
          ],
          "class_index": 35,
          "conditional_hand_mass": 0.009049773810439787,
          "expected_action_loss_bb": 0.00005692400876905482,
          "probability_on_actions_losing_over_0_1bb": 0.00017421603843104094,
          "reference_expected_action_loss_bb": 0.00005692400876905482
        },
        {
          "action_values_bb": [
            -0.9999999765127903,
            -0.5270424220204832
          ],
          "candidate_probabilities": [
            0.00017421603843104094,
            0.9998257756233215
          ],
          "class_index": 36,
          "conditional_hand_mass": 0.009049773810439787,
          "expected_action_loss_bb": 0.0000823967914896829,
          "probability_on_actions_losing_over_0_1bb": 0.00017421603843104094,
          "reference_expected_action_loss_bb": 0.0000823967914896829
        },
        {
          "action_values_bb": [
            -0.9999999765127903,
            -0.23512409053179745
          ],
          "candidate_probabilities": [
            0.00017421603843104094,
            0.9998257756233215
          ],
          "class_index": 37,
          "conditional_hand_mass": 0.009049773810439787,
          "expected_action_loss_bb": 0.00013325364674704113,
          "probability_on_actions_losing_over_0_1bb": 0.00017421603843104094,
          "reference_expected_action_loss_bb": 0.00013325364674704113
        },
        {
          "action_values_bb": [
            -0.9999999765127903,
            -0.043153162360976986
          ],
          "candidate_probabilities": [
            0.00017421603843104094,
            0.9998257756233215
          ],
          "class_index": 38,
          "conditional_hand_mass": 0.009049773810439787,
          "expected_action_loss_bb": 0.0001666980613468914,
          "probability_on_actions_losing_over_0_1bb": 0.00017421603843104094,
          "reference_expected_action_loss_bb": 0.0001666980613468914
        },
        {
          "action_values_bb": [
            -0.9999999765127903,
            -0.5770125744428313
          ],
          "candidate_probabilities": [
            0.00017421608208678663,
            0.9998257756233215
          ],
          "class_index": 39,
          "conditional_hand_mass": 0.0030165911925363843,
          "expected_action_loss_bb": 0.00007369120796069659,
          "probability_on_actions_losing_over_0_1bb": 0.00017421608208678663,
          "reference_expected_action_loss_bb": 0.00007369120796069659
        },
        {
          "action_values_bb": [
            -0.9999999765127903,
            -0.564561223082666
          ],
          "candidate_probabilities": [
            0.00017421608208678663,
            0.9998257756233215
          ],
          "class_index": 40,
          "conditional_hand_mass": 0.0030165911925363843,
          "expected_action_loss_bb": 0.00007586043361135057,
          "probability_on_actions_losing_over_0_1bb": 0.00017421608208678663,
          "reference_expected_action_loss_bb": 0.00007586043361135057
        },
        {
          "action_values_bb": [
            -0.9999999765127903,
            -0.4003887900389088
          ],
          "candidate_probabilities": [
            0.00017421608208678663,
            0.9998257756233215
          ],
          "class_index": 41,
          "conditional_hand_mass": 0.0030165911925363843,
          "expected_action_loss_bb": 0.00010446191168288926,
          "probability_on_actions_losing_over_0_1bb": 0.00017421608208678663,
          "reference_expected_action_loss_bb": 0.00010446191168288926
        },
        {
          "action_values_bb": [
            -0.9999999765127903,
            0.1966224239538697
          ],
          "candidate_probabilities": [
            0.00017421603843104094,
            0.9998257756233215
          ],
          "class_index": 42,
          "conditional_hand_mass": 0.0045248869052198935,
          "expected_action_loss_bb": 0.0002084708141071441,
          "probability_on_actions_losing_over_0_1bb": 0.00017421603843104094,
          "reference_expected_action_loss_bb": 0.0002084708141071441
        },
        {
          "action_values_bb": [
            -0.9999999765127903,
            -0.6062401866939009
          ],
          "candidate_probabilities": [
            0.00017421603843104094,
            0.9998257756233215
          ],
          "class_index": 43,
          "conditional_hand_mass": 0.009049773810439787,
          "expected_action_loss_bb": 0.00006859927067568624,
          "probability_on_actions_losing_over_0_1bb": 0.00017421603843104094,
          "reference_expected_action_loss_bb": 0.00006859927067568624
        },
        {
          "action_values_bb": [
            -0.9999999765127903,
            -0.6843761768675288
          ],
          "candidate_probabilities": [
            0.00017421603843104094,
            0.9998257756233215
          ],
          "class_index": 44,
          "conditional_hand_mass": 0.009049773810439787,
          "expected_action_loss_bb": 0.000054986728008750037,
          "probability_on_actions_losing_over_0_1bb": 0.00017421603843104094,
          "reference_expected_action_loss_bb": 0.000054986728008750037
        },
        {
          "action_values_bb": [
            -0.9999999765127903,
            -0.719855265690928
          ],
          "candidate_probabilities": [
            0.00017421603843104094,
            0.9998257756233215
          ],
          "class_index": 45,
          "conditional_hand_mass": 0.009049773810439787,
          "expected_action_loss_bb": 0.00004880570170679442,
          "probability_on_actions_losing_over_0_1bb": 0.00017421603843104094,
          "reference_expected_action_loss_bb": 0.00004880570170679442
        },
        {
          "action_values_bb": [
            -0.9999999765127903,
            -0.6602447465241075
          ],
          "candidate_probabilities": [
            0.00017421603843104094,
            0.9998257756233215
          ],
          "class_index": 46,
          "conditional_hand_mass": 0.009049773810439787,
          "expected_action_loss_bb": 0.00005919081020485552,
          "probability_on_actions_losing_over_0_1bb": 0.00017421603843104094,
          "reference_expected_action_loss_bb": 0.00005919081020485552
        },
        {
          "action_values_bb": [
            -0.9999999765127903,
            -0.6758530597689782
          ],
          "candidate_probabilities": [
            0.00017421603843104094,
            0.9998257756233215
          ],
          "class_index": 47,
          "conditional_hand_mass": 0.009049773810439787,
          "expected_action_loss_bb": 0.000056471591704743384,
          "probability_on_actions_losing_over_0_1bb": 0.00017421603843104094,
          "reference_expected_action_loss_bb": 0.000056471591704743384
        },
        {
          "action_values_bb": [
            -0.9999999765127903,
            -0.6326531131170452
          ],
          "candidate_probabilities": [
            0.00017421603843104094,
            0.9998257756233215
          ],
          "class_index": 48,
          "conditional_hand_mass": 0.009049773810439787,
          "expected_action_loss_bb": 0.00006399771527087546,
          "probability_on_actions_losing_over_0_1bb": 0.00017421603843104094,
          "reference_expected_action_loss_bb": 0.00006399771527087546
        },
        {
          "action_values_bb": [
            -0.9999999765127903,
            -0.39101994594528855
          ],
          "candidate_probabilities": [
            0.00017421603843104094,
            0.9998257756233215
          ],
          "class_index": 49,
          "conditional_hand_mass": 0.009049773810439787,
          "expected_action_loss_bb": 0.00010609408840908437,
          "probability_on_actions_losing_over_0_1bb": 0.00017421603843104094,
          "reference_expected_action_loss_bb": 0.00010609408840908437
        },
        {
          "action_values_bb": [
            -0.9999999765127903,
            -0.19840018935251832
          ],
          "candidate_probabilities": [
            0.00017421603843104094,
            0.9998257756233215
          ],
          "class_index": 50,
          "conditional_hand_mass": 0.009049773810439787,
          "expected_action_loss_bb": 0.00013965153932622818,
          "probability_on_actions_losing_over_0_1bb": 0.00017421603843104094,
          "reference_expected_action_loss_bb": 0.00013965153932622818
        },
        {
          "action_values_bb": [
            -0.9999999765127903,
            0.03316676455080261
          ],
          "candidate_probabilities": [
            0.00017421603843104094,
            0.9998257756233215
          ],
          "class_index": 51,
          "conditional_hand_mass": 0.009049773810439787,
          "expected_action_loss_bb": 0.00017999421666680825,
          "probability_on_actions_losing_over_0_1bb": 0.00017421603843104094,
          "reference_expected_action_loss_bb": 0.00017999421666680825
        },
        {
          "action_values_bb": [
            -0.9999999765127903,
            -0.7553819538251278
          ],
          "candidate_probabilities": [
            0.00017421608208678663,
            0.9998257756233215
          ],
          "class_index": 52,
          "conditional_hand_mass": 0.0030165911925363843,
          "expected_action_loss_bb": 0.00004261639352046123,
          "probability_on_actions_losing_over_0_1bb": 0.00017421608208678663,
          "reference_expected_action_loss_bb": 0.00004261639352046123
        },
        {
          "action_values_bb": [
            -0.9999999765127903,
            -0.604182054468659
          ],
          "candidate_probabilities": [
            0.00017421608208678663,
            0.9998257756233215
          ],
          "class_index": 53,
          "conditional_hand_mass": 0.0030165911925363843,
          "expected_action_loss_bb": 0.00006895784759826168,
          "probability_on_actions_losing_over_0_1bb": 0.00017421608208678663,
          "reference_expected_action_loss_bb": 0.00006895784759826168
        },
        {
          "action_values_bb": [
            -0.9999999765127903,
            -0.5121901028927258
          ],
          "candidate_probabilities": [
            0.00017421608208678663,
            0.9998257756233215
          ],
          "class_index": 54,
          "conditional_hand_mass": 0.0030165911925363843,
          "expected_action_loss_bb": 0.00008498432498533816,
          "probability_on_actions_losing_over_0_1bb": 0.00017421608208678663,
          "reference_expected_action_loss_bb": 0.00008498432498533816
        },
        {
          "action_values_bb": [
            -0.9999999765127903,
            -0.43145900345871874
          ],
          "candidate_probabilities": [
            0.00017421608208678663,
            0.9998257756233215
          ],
          "class_index": 55,
          "conditional_hand_mass": 0.0030165911925363843,
          "expected_action_loss_bb": 0.00009904898083128967,
          "probability_on_actions_losing_over_0_1bb": 0.00017421608208678663,
          "reference_expected_action_loss_bb": 0.00009904898083128967
        },
        {
          "action_values_bb": [
            -0.9999999765127903,
            0.31436336473077325
          ],
          "candidate_probabilities": [
            0.00017421603843104094,
            0.9998257756233215
          ],
          "class_index": 56,
          "conditional_hand_mass": 0.0045248869052198935,
          "expected_action_loss_bb": 0.00022898317437044006,
          "probability_on_actions_losing_over_0_1bb": 0.00017421603843104094,
          "reference_expected_action_loss_bb": 0.00022898317437044006
        },
        {
          "action_values_bb": [
            -0.9999999765127903,
            -0.5488432937034283
          ],
          "candidate_probabilities": [
            0.00017421603843104094,
            0.9998257756233215
          ],
          "class_index": 57,
          "conditional_hand_mass": 0.009049773810439787,
          "expected_action_loss_bb": 0.00007859872999073674,
          "probability_on_actions_losing_over_0_1bb": 0.00017421603843104094,
          "reference_expected_action_loss_bb": 0.00007859872999073674
        },
        {
          "action_values_bb": [
            -0.9999999765127903,
            -0.6449598589760435
          ],
          "candidate_probabilities": [
            0.00017421603843104094,
            0.9998257756233215
          ],
          "class_index": 58,
          "conditional_hand_mass": 0.009049773810439787,
          "expected_action_loss_bb": 0.00006185368276134317,
          "probability_on_actions_losing_over_0_1bb": 0.00017421603843104094,
          "reference_expected_action_loss_bb": 0.00006185368276134317
        },
        {
          "action_values_bb": [
            -0.9999999765127903,
            -0.602326671206512
          ],
          "candidate_probabilities": [
            0.00017421603843104094,
            0.9998257756233215
          ],
          "class_index": 59,
          "conditional_hand_mass": 0.009049773810439787,
          "expected_action_loss_bb": 0.00006928106784023766,
          "probability_on_actions_losing_over_0_1bb": 0.00017421603843104094,
          "reference_expected_action_loss_bb": 0.00006928106784023766
        },
        {
          "action_values_bb": [
            -0.9999999765127903,
            -0.6504337366807876
          ],
          "candidate_probabilities": [
            0.00017421603843104094,
            0.9998257756233215
          ],
          "class_index": 60,
          "conditional_hand_mass": 0.009049773810439787,
          "expected_action_loss_bb": 0.00006090004547276665,
          "probability_on_actions_losing_over_0_1bb": 0.00017421603843104094,
          "reference_expected_action_loss_bb": 0.00006090004547276665
        },
        {
          "action_values_bb": [
            -0.9999999765127903,
            -0.6346313249804812
          ],
          "candidate_probabilities": [
            0.00017421603843104094,
            0.9998257756233215
          ],
          "class_index": 61,
          "conditional_hand_mass": 0.009049773810439787,
          "expected_action_loss_bb": 0.00006365307903685036,
          "probability_on_actions_losing_over_0_1bb": 0.00017421603843104094,
          "reference_expected_action_loss_bb": 0.00006365307903685036
        },
        {
          "action_values_bb": [
            -0.9999999765127903,
            -0.3781146366011023
          ],
          "candidate_probabilities": [
            0.00017421603843104094,
            0.9998257756233215
          ],
          "class_index": 62,
          "conditional_hand_mass": 0.009049773810439787,
          "expected_action_loss_bb": 0.00010834240027775559,
          "probability_on_actions_losing_over_0_1bb": 0.00017421603843104094,
          "reference_expected_action_loss_bb": 0.00010834240027775559
        },
        {
          "action_values_bb": [
            -0.9999999765127903,
            -0.15411724002714958
          ],
          "candidate_probabilities": [
            0.00017421603843104094,
            0.9998257756233215
          ],
          "class_index": 63,
          "conditional_hand_mass": 0.009049773810439787,
          "expected_action_loss_bb": 0.00014736633932773647,
          "probability_on_actions_losing_over_0_1bb": 0.00017421603843104094,
          "reference_expected_action_loss_bb": 0.00014736633932773647
        },
        {
          "action_values_bb": [
            -0.9999999765127903,
            0.04645731467777629
          ],
          "candidate_probabilities": [
            0.00017421603843104094,
            0.9998257756233215
          ],
          "class_index": 64,
          "conditional_hand_mass": 0.009049773810439787,
          "expected_action_loss_bb": 0.00018230964365849875,
          "probability_on_actions_losing_over_0_1bb": 0.00017421603843104094,
          "reference_expected_action_loss_bb": 0.00018230964365849875
        },
        {
          "action_values_bb": [
            -0.9999999765127903,
            -0.7620189159551818
          ],
          "candidate_probabilities": [
            0.00017421608208678663,
            0.9998257756233215
          ],
          "class_index": 65,
          "conditional_hand_mass": 0.0030165911925363843,
          "expected_action_loss_bb": 0.00004146012798120486,
          "probability_on_actions_losing_over_0_1bb": 0.00017421608208678663,
          "reference_expected_action_loss_bb": 0.00004146012798120486
        },
        {
          "action_values_bb": [
            -0.9999999765127903,
            -0.6387894647740111
          ],
          "candidate_probabilities": [
            0.00017421608208678663,
            0.9998257756233215
          ],
          "class_index": 66,
          "conditional_hand_mass": 0.0030165911925363843,
          "expected_action_loss_bb": 0.00006292868016369336,
          "probability_on_actions_losing_over_0_1bb": 0.00017421608208678663,
          "reference_expected_action_loss_bb": 0.00006292868016369336
        },
        {
          "action_values_bb": [
            -0.9999999765127903,
            -0.6295290317689146
          ],
          "candidate_probabilities": [
            0.00017421608208678663,
            0.9998257756233215
          ],
          "class_index": 67,
          "conditional_hand_mass": 0.0030165911925363843,
          "expected_action_loss_bb": 0.00006454199652026843,
          "probability_on_actions_losing_over_0_1bb": 0.00017421608208678663,
          "reference_expected_action_loss_bb": 0.00006454199652026843
        },
        {
          "action_values_bb": [
            -0.9999999765127903,
            -0.5323556843292883
          ],
          "candidate_probabilities": [
            0.00017421608208678663,
            0.9998257756233215
          ],
          "class_index": 68,
          "conditional_hand_mass": 0.0030165911925363843,
          "expected_action_loss_bb": 0.00008147115639445822,
          "probability_on_actions_losing_over_0_1bb": 0.00017421608208678663,
          "reference_expected_action_loss_bb": 0.00008147115639445822
        },
        {
          "action_values_bb": [
            -0.9999999765127903,
            -0.3761066428904021
          ],
          "candidate_probabilities": [
            0.00017421608208678663,
            0.9998257756233215
          ],
          "class_index": 69,
          "conditional_hand_mass": 0.0030165911925363843,
          "expected_action_loss_bb": 0.00010869225222375693,
          "probability_on_actions_losing_over_0_1bb": 0.00017421608208678663,
          "reference_expected_action_loss_bb": 0.00010869225222375693
        },
        {
          "action_values_bb": [
            -0.9999999765127903,
            0.32736742327806306
          ],
          "candidate_probabilities": [
            0.00017421603843104094,
            0.9998257756233215
          ],
          "class_index": 70,
          "conditional_hand_mass": 0.0045248869052198935,
          "expected_action_loss_bb": 0.00023124868993407418,
          "probability_on_actions_losing_over_0_1bb": 0.00017421603843104094,
          "reference_expected_action_loss_bb": 0.00023124868993407418
        },
        {
          "action_values_bb": [
            -0.9999999765127903,
            -0.6046562400079027
          ],
          "candidate_probabilities": [
            0.00017421603843104094,
            0.9998257756233215
          ],
          "class_index": 71,
          "conditional_hand_mass": 0.009049773810439787,
          "expected_action_loss_bb": 0.0000688752195924068,
          "probability_on_actions_losing_over_0_1bb": 0.00017421603843104094,
          "reference_expected_action_loss_bb": 0.0000688752195924068
        },
        {
          "action_values_bb": [
            -0.9999999765127903,
            -0.6204654516097522
          ],
          "candidate_probabilities": [
            0.00017421603843104094,
            0.9998257756233215
          ],
          "class_index": 72,
          "conditional_hand_mass": 0.009049773810439787,
          "expected_action_loss_bb": 0.00006612100137641455,
          "probability_on_actions_losing_over_0_1bb": 0.00017421603843104094,
          "reference_expected_action_loss_bb": 0.00006612100137641455
        },
        {
          "action_values_bb": [
            -0.9999999765127903,
            -0.6176004981552308
          ],
          "candidate_probabilities": [
            0.00017421603843104094,
            0.9998257756233215
          ],
          "class_index": 73,
          "conditional_hand_mass": 0.009049773810439787,
          "expected_action_loss_bb": 0.0000666201222175506,
          "probability_on_actions_losing_over_0_1bb": 0.00017421603843104094,
          "reference_expected_action_loss_bb": 0.0000666201222175506
        },
        {
          "action_values_bb": [
            -0.9999999765127903,
            -0.5913468529701279
          ],
          "candidate_probabilities": [
            0.00017421603843104094,
            0.9998257756233215
          ],
          "class_index": 74,
          "conditional_hand_mass": 0.009049773810439787,
          "expected_action_loss_bb": 0.0000711939282760734,
          "probability_on_actions_losing_over_0_1bb": 0.00017421603843104094,
          "reference_expected_action_loss_bb": 0.0000711939282760734
        },
        {
          "action_values_bb": [
            -0.9999999765127903,
            -0.41158035204485893
          ],
          "candidate_probabilities": [
            0.00017421603843104094,
            0.9998257756233215
          ],
          "class_index": 75,
          "conditional_hand_mass": 0.009049773810439787,
          "expected_action_loss_bb": 0.00010251213590988381,
          "probability_on_actions_losing_over_0_1bb": 0.00017421603843104094,
          "reference_expected_action_loss_bb": 0.00010251213590988381
        },
        {
          "action_values_bb": [
            -0.9999999765127903,
            -0.13082234820424474
          ],
          "candidate_probabilities": [
            0.00017421603843104094,
            0.9998257756233215
          ],
          "class_index": 76,
          "conditional_hand_mass": 0.009049773810439787,
          "expected_action_loss_bb": 0.00015142468309680259,
          "probability_on_actions_losing_over_0_1bb": 0.00017421603843104094,
          "reference_expected_action_loss_bb": 0.00015142468309680259
        },
        {
          "action_values_bb": [
            -0.9999999765127903,
            -0.000914497824878079
          ],
          "candidate_probabilities": [
            0.00017421603843104094,
            0.9998257756233215
          ],
          "class_index": 77,
          "conditional_hand_mass": 0.009049773810439787,
          "expected_action_loss_bb": 0.00017405671415098825,
          "probability_on_actions_losing_over_0_1bb": 0.00017421603843104094,
          "reference_expected_action_loss_bb": 0.00017405671415098825
        },
        {
          "action_values_bb": [
            -0.9999999765127903,
            -0.685798260074393
          ],
          "candidate_probabilities": [
            0.00017421608208678663,
            0.9998257756233215
          ],
          "class_index": 78,
          "conditional_hand_mass": 0.0030165911925363843,
          "expected_action_loss_bb": 0.00005473899202284107,
          "probability_on_actions_losing_over_0_1bb": 0.00017421608208678663,
          "reference_expected_action_loss_bb": 0.00005473899202284107
        },
        {
          "action_values_bb": [
            -0.9999999765127903,
            -0.6992547487797243
          ],
          "candidate_probabilities": [
            0.00017421608208678663,
            0.9998257756233215
          ],
          "class_index": 79,
          "conditional_hand_mass": 0.0030165911925363843,
          "expected_action_loss_bb": 0.000052394655281953164,
          "probability_on_actions_losing_over_0_1bb": 0.00017421608208678663,
          "reference_expected_action_loss_bb": 0.000052394655281953164
        },
        {
          "action_values_bb": [
            -0.9999999765127903,
            -0.585722559721759
          ],
          "candidate_probabilities": [
            0.00017421608208678663,
            0.9998257756233215
          ],
          "class_index": 80,
          "conditional_hand_mass": 0.0030165911925363843,
          "expected_action_loss_bb": 0.00007217378845036821,
          "probability_on_actions_losing_over_0_1bb": 0.00017421608208678663,
          "reference_expected_action_loss_bb": 0.00007217378845036821
        },
        {
          "action_values_bb": [
            -0.9999999765127903,
            -0.49251385614314847
          ],
          "candidate_probabilities": [
            0.00017421608208678663,
            0.9998257756233215
          ],
          "class_index": 81,
          "conditional_hand_mass": 0.0030165911925363843,
          "expected_action_loss_bb": 0.0000884122436042224,
          "probability_on_actions_losing_over_0_1bb": 0.00017421608208678663,
          "reference_expected_action_loss_bb": 0.0000884122436042224
        },
        {
          "action_values_bb": [
            -0.9999999765127903,
            -0.5029749451814471
          ],
          "candidate_probabilities": [
            0.00017421608208678663,
            0.9998257756233215
          ],
          "class_index": 82,
          "conditional_hand_mass": 0.0030165911925363843,
          "expected_action_loss_bb": 0.00008658975365760897,
          "probability_on_actions_losing_over_0_1bb": 0.00017421608208678663,
          "reference_expected_action_loss_bb": 0.00008658975365760897
        },
        {
          "action_values_bb": [
            -0.9999999765127903,
            -0.4160859754147052
          ],
          "candidate_probabilities": [
            0.00017421608208678663,
            0.9998257756233215
          ],
          "class_index": 83,
          "conditional_hand_mass": 0.0030165911925363843,
          "expected_action_loss_bb": 0.000101727209546928,
          "probability_on_actions_losing_over_0_1bb": 0.00017421608208678663,
          "reference_expected_action_loss_bb": 0.000101727209546928
        },
        {
          "action_values_bb": [
            -0.9999999765127903,
            0.5739095813969542
          ],
          "candidate_probabilities": [
            0.00017421603843104094,
            0.9998257756233215
          ],
          "class_index": 84,
          "conditional_hand_mass": 0.0045248869052198935,
          "expected_action_loss_bb": 0.00027420028802778673,
          "probability_on_actions_losing_over_0_1bb": 0.00017421603843104094,
          "reference_expected_action_loss_bb": 0.00027420028802778673
        },
        {
          "action_values_bb": [
            -0.9999999765127903,
            -0.5547637700050805
          ],
          "candidate_probabilities": [
            0.00017421603843104094,
            0.9998257756233215
          ],
          "class_index": 85,
          "conditional_hand_mass": 0.009049773810439787,
          "expected_action_loss_bb": 0.00007756728806383805,
          "probability_on_actions_losing_over_0_1bb": 0.00017421603843104094,
          "reference_expected_action_loss_bb": 0.00007756728806383805
        },
        {
          "action_values_bb": [
            -0.9999999765127903,
            -0.5111710214456617
          ],
          "candidate_probabilities": [
            0.00017421603843104094,
            0.9998257756233215
          ],
          "class_index": 86,
          "conditional_hand_mass": 0.009049773810439787,
          "expected_action_loss_bb": 0.00008516184402218045,
          "probability_on_actions_losing_over_0_1bb": 0.00017421603843104094,
          "reference_expected_action_loss_bb": 0.00008516184402218045
        },
        {
          "action_values_bb": [
            -0.9999999765127903,
            -0.4027310548590033
          ],
          "candidate_probabilities": [
            0.00017421603843104094,
            0.9998257756233215
          ],
          "class_index": 87,
          "conditional_hand_mass": 0.009049773810439787,
          "expected_action_loss_bb": 0.00010405382540850253,
          "probability_on_actions_losing_over_0_1bb": 0.00017421603843104094,
          "reference_expected_action_loss_bb": 0.00010405382540850253
        },
        {
          "action_values_bb": [
            -0.9999999765127903,
            -0.2193982853172284
          ],
          "candidate_probabilities": [
            0.00017421603843104094,
            0.9998257756233215
          ],
          "class_index": 88,
          "conditional_hand_mass": 0.009049773810439787,
          "expected_action_loss_bb": 0.00013599333423266156,
          "probability_on_actions_losing_over_0_1bb": 0.00017421603843104094,
          "reference_expected_action_loss_bb": 0.00013599333423266156
        },
        {
          "action_values_bb": [
            -0.9999999765127903,
            0.08062620126930264
          ],
          "candidate_probabilities": [
            0.00017421603843104094,
            0.9998257756233215
          ],
          "class_index": 89,
          "conditional_hand_mass": 0.009049773810439787,
          "expected_action_loss_bb": 0.000188262411718074,
          "probability_on_actions_losing_over_0_1bb": 0.00017421603843104094,
          "reference_expected_action_loss_bb": 0.000188262411718074
        },
        {
          "action_values_bb": [
            -0.9999999765127903,
            0.1878828504957597
          ],
          "candidate_probabilities": [
            0.00017421603843104094,
            0.9998257756233215
          ],
          "class_index": 90,
          "conditional_hand_mass": 0.009049773810439787,
          "expected_action_loss_bb": 0.0002069482402416951,
          "probability_on_actions_losing_over_0_1bb": 0.00017421603843104094,
          "reference_expected_action_loss_bb": 0.0002069482402416951
        },
        {
          "action_values_bb": [
            -0.9999999765127903,
            -0.6489294521324861
          ],
          "candidate_probabilities": [
            0.00017421608208678663,
            0.9998257756233215
          ],
          "class_index": 91,
          "conditional_hand_mass": 0.0030165911925363843,
          "expected_action_loss_bb": 0.0000611621312936903,
          "probability_on_actions_losing_over_0_1bb": 0.00017421608208678663,
          "reference_expected_action_loss_bb": 0.0000611621312936903
        },
        {
          "action_values_bb": [
            -0.9999999765127903,
            -0.5222304157450393
          ],
          "candidate_probabilities": [
            0.00017421608208678663,
            0.9998257756233215
          ],
          "class_index": 92,
          "conditional_hand_mass": 0.0030165911925363843,
          "expected_action_loss_bb": 0.0000832351410172825,
          "probability_on_actions_losing_over_0_1bb": 0.00017421608208678663,
          "reference_expected_action_loss_bb": 0.0000832351410172825
        },
        {
          "action_values_bb": [
            -0.9999999765127903,
            -0.5824985026060061
          ],
          "candidate_probabilities": [
            0.00017421608208678663,
            0.9998257756233215
          ],
          "class_index": 93,
          "conditional_hand_mass": 0.0030165911925363843,
          "expected_action_loss_bb": 0.00007273547104949871,
          "probability_on_actions_losing_over_0_1bb": 0.00017421608208678663,
          "reference_expected_action_loss_bb": 0.00007273547104949871
        },
        {
          "action_values_bb": [
            -0.9999999765127903,
            -0.47365553425954743
          ],
          "candidate_probabilities": [
            0.00017421608208678663,
            0.9998257756233215
          ],
          "class_index": 94,
          "conditional_hand_mass": 0.0030165911925363843,
          "expected_action_loss_bb": 0.00009169766655751487,
          "probability_on_actions_losing_over_0_1bb": 0.00017421608208678663,
          "reference_expected_action_loss_bb": 0.00009169766655751487
        },
        {
          "action_values_bb": [
            -0.9999999765127903,
            -0.4405470288335547
          ],
          "candidate_probabilities": [
            0.00017421608208678663,
            0.9998257756233215
          ],
          "class_index": 95,
          "conditional_hand_mass": 0.0030165911925363843,
          "expected_action_loss_bb": 0.00009746570065658045,
          "probability_on_actions_losing_over_0_1bb": 0.00017421608208678663,
          "reference_expected_action_loss_bb": 0.00009746570065658045
        },
        {
          "action_values_bb": [
            -0.9999999765127903,
            -0.441325101112007
          ],
          "candidate_probabilities": [
            0.00017421608208678663,
            0.9998257756233215
          ],
          "class_index": 96,
          "conditional_hand_mass": 0.0030165911925363843,
          "expected_action_loss_bb": 0.00009733014795264816,
          "probability_on_actions_losing_over_0_1bb": 0.00017421608208678663,
          "reference_expected_action_loss_bb": 0.00009733014795264816
        },
        {
          "action_values_bb": [
            -0.9999999765127903,
            -0.3015361251422766
          ],
          "candidate_probabilities": [
            0.00017421608208678663,
            0.9998257756233215
          ],
          "class_index": 97,
          "conditional_hand_mass": 0.0030165911925363843,
          "expected_action_loss_bb": 0.00012168363566501855,
          "probability_on_actions_losing_over_0_1bb": 0.00017421608208678663,
          "reference_expected_action_loss_bb": 0.00012168363566501855
        },
        {
          "action_values_bb": [
            -0.9999999765127903,
            0.8499225343217794
          ],
          "candidate_probabilities": [
            0.00017421603843104094,
            0.9998257756233215
          ],
          "class_index": 98,
          "conditional_hand_mass": 0.0045248869052198935,
          "expected_action_loss_bb": 0.00032228617124200313,
          "probability_on_actions_losing_over_0_1bb": 0.00017421603843104094,
          "reference_expected_action_loss_bb": 0.00032228617124200313
        },
        {
          "action_values_bb": [
            -0.9999999765127903,
            -0.2854167218292184
          ],
          "candidate_probabilities": [
            0.00017421603843104094,
            0.9998257756233215
          ],
          "class_index": 99,
          "conditional_hand_mass": 0.009049773810439787,
          "expected_action_loss_bb": 0.00012449186376013147,
          "probability_on_actions_losing_over_0_1bb": 0.00017421603843104094,
          "reference_expected_action_loss_bb": 0.00012449186376013147
        },
        {
          "action_values_bb": [
            -0.9999999765127903,
            -0.24356851383306105
          ],
          "candidate_probabilities": [
            0.00017421603843104094,
            0.9998257756233215
          ],
          "class_index": 100,
          "conditional_hand_mass": 0.009049773810439787,
          "expected_action_loss_bb": 0.00013178249277266023,
          "probability_on_actions_losing_over_0_1bb": 0.00017421603843104094,
          "reference_expected_action_loss_bb": 0.00013178249277266023
        },
        {
          "action_values_bb": [
            -0.9999999765127903,
            -0.07952521974226205
          ],
          "candidate_probabilities": [
            0.00017421603843104094,
            0.9998257756233215
          ],
          "class_index": 101,
          "conditional_hand_mass": 0.009049773810439787,
          "expected_action_loss_bb": 0.00016036146560033742,
          "probability_on_actions_losing_over_0_1bb": 0.00017421603843104094,
          "reference_expected_action_loss_bb": 0.00016036146560033742
        },
        {
          "action_values_bb": [
            -0.9999999765127903,
            0.11300253913192712
          ],
          "candidate_probabilities": [
            0.00017421603843104094,
            0.9998257756233215
          ],
          "class_index": 102,
          "conditional_hand_mass": 0.009049773810439787,
          "expected_action_loss_bb": 0.00019390288903940533,
          "probability_on_actions_losing_over_0_1bb": 0.00017421603843104094,
          "reference_expected_action_loss_bb": 0.00019390288903940533
        },
        {
          "action_values_bb": [
            -0.9999999765127903,
            0.22628561723985355
          ],
          "candidate_probabilities": [
            0.00017421603843104094,
            0.9998257756233215
          ],
          "class_index": 103,
          "conditional_hand_mass": 0.009049773810439787,
          "expected_action_loss_bb": 0.00021363861812864244,
          "probability_on_actions_losing_over_0_1bb": 0.00017421603843104094,
          "reference_expected_action_loss_bb": 0.00021363861812864244
        },
        {
          "action_values_bb": [
            -0.9999999765127903,
            -0.6039533539825871
          ],
          "candidate_probabilities": [
            0.00017421608208678663,
            0.9998257756233215
          ],
          "class_index": 104,
          "conditional_hand_mass": 0.0030165911925363843,
          "expected_action_loss_bb": 0.00006899769090091648,
          "probability_on_actions_losing_over_0_1bb": 0.00017421608208678663,
          "reference_expected_action_loss_bb": 0.00006899769090091648
        },
        {
          "action_values_bb": [
            -0.9999999765127903,
            -0.5693570903512833
          ],
          "candidate_probabilities": [
            0.00017421608208678663,
            0.9998257756233215
          ],
          "class_index": 105,
          "conditional_hand_mass": 0.0030165911925363843,
          "expected_action_loss_bb": 0.0000750249164056038,
          "probability_on_actions_losing_over_0_1bb": 0.00017421608208678663,
          "reference_expected_action_loss_bb": 0.0000750249164056038
        },
        {
          "action_values_bb": [
            -0.9999999765127903,
            -0.5323212114107065
          ],
          "candidate_probabilities": [
            0.00017421608208678663,
            0.9998257756233215
          ],
          "class_index": 106,
          "conditional_hand_mass": 0.0030165911925363843,
          "expected_action_loss_bb": 0.00008147716213127162,
          "probability_on_actions_losing_over_0_1bb": 0.00017421608208678663,
          "reference_expected_action_loss_bb": 0.00008147716213127162
        },
        {
          "action_values_bb": [
            -0.9999999765127903,
            -0.48910878392682744
          ],
          "candidate_probabilities": [
            0.00017421608208678663,
            0.9998257756233215
          ],
          "class_index": 107,
          "conditional_hand_mass": 0.0030165911925363843,
          "expected_action_loss_bb": 0.00008900546194497242,
          "probability_on_actions_losing_over_0_1bb": 0.00017421608208678663,
          "reference_expected_action_loss_bb": 0.00008900546194497242
        },
        {
          "action_values_bb": [
            -0.9999999765127903,
            -0.42400437468679775
          ],
          "candidate_probabilities": [
            0.00017421608208678663,
            0.9998257756233215
          ],
          "class_index": 108,
          "conditional_hand_mass": 0.0030165911925363843,
          "expected_action_loss_bb": 0.00010034769704934518,
          "probability_on_actions_losing_over_0_1bb": 0.00017421608208678663,
          "reference_expected_action_loss_bb": 0.00010034769704934518
        },
        {
          "action_values_bb": [
            -0.9999999765127903,
            -0.3605049573976681
          ],
          "candidate_probabilities": [
            0.00017421608208678663,
            0.9998257756233215
          ],
          "class_index": 109,
          "conditional_hand_mass": 0.0030165911925363843,
          "expected_action_loss_bb": 0.00011141031674425132,
          "probability_on_actions_losing_over_0_1bb": 0.00017421608208678663,
          "reference_expected_action_loss_bb": 0.00011141031674425132
        },
        {
          "action_values_bb": [
            -0.9999999765127903,
            -0.27376969553194347
          ],
          "candidate_probabilities": [
            0.00017421608208678663,
            0.9998257756233215
          ],
          "class_index": 110,
          "conditional_hand_mass": 0.0030165911925363843,
          "expected_action_loss_bb": 0.00012652099424526931,
          "probability_on_actions_losing_over_0_1bb": 0.00017421608208678663,
          "reference_expected_action_loss_bb": 0.00012652099424526931
        },
        {
          "action_values_bb": [
            -0.9999999765127903,
            -0.0810190462141399
          ],
          "candidate_probabilities": [
            0.00017421608208678663,
            0.9998257756233215
          ],
          "class_index": 111,
          "conditional_hand_mass": 0.0030165911925363843,
          "expected_action_loss_bb": 0.0001601012571891012,
          "probability_on_actions_losing_over_0_1bb": 0.00017421608208678663,
          "reference_expected_action_loss_bb": 0.0001601012571891012
        },
        {
          "action_values_bb": [
            -0.9999999765127903,
            1.0595624659952945
          ],
          "candidate_probabilities": [
            0.00017421603843104094,
            0.9998257756233215
          ],
          "class_index": 112,
          "conditional_hand_mass": 0.0045248869052198935,
          "expected_action_loss_bb": 0.0003588088096351171,
          "probability_on_actions_losing_over_0_1bb": 0.00017421603843104094,
          "reference_expected_action_loss_bb": 0.0003588088096351171
        },
        {
          "action_values_bb": [
            -0.9999999765127903,
            -0.0757600217276104
          ],
          "candidate_probabilities": [
            0.00017421603843104094,
            0.9998257756233215
          ],
          "class_index": 113,
          "conditional_hand_mass": 0.009049773810439787,
          "expected_action_loss_bb": 0.00016101742348235843,
          "probability_on_actions_losing_over_0_1bb": 0.00017421603843104094,
          "reference_expected_action_loss_bb": 0.00016101742348235843
        },
        {
          "action_values_bb": [
            -0.9999999765127903,
            0.061957684865321286
          ],
          "candidate_probabilities": [
            0.00017421603843104094,
            0.9998257756233215
          ],
          "class_index": 114,
          "conditional_hand_mass": 0.009049773810439787,
          "expected_action_loss_bb": 0.00018501005674678746,
          "probability_on_actions_losing_over_0_1bb": 0.00017421603843104094,
          "reference_expected_action_loss_bb": 0.00018501005674678746
        },
        {
          "action_values_bb": [
            -0.9999999765127903,
            0.25813506494660726
          ],
          "candidate_probabilities": [
            0.00017421603843104094,
            0.9998257756233215
          ],
          "class_index": 115,
          "conditional_hand_mass": 0.009049773810439787,
          "expected_action_loss_bb": 0.00021918730273432968,
          "probability_on_actions_losing_over_0_1bb": 0.00017421603843104094,
          "reference_expected_action_loss_bb": 0.00021918730273432968
        },
        {
          "action_values_bb": [
            -0.9999999765127903,
            0.3733157997552288
          ],
          "candidate_probabilities": [
            0.00017421603843104094,
            0.9998257756233215
          ],
          "class_index": 116,
          "conditional_hand_mass": 0.009049773810439787,
          "expected_action_loss_bb": 0.00023925363405626402,
          "probability_on_actions_losing_over_0_1bb": 0.00017421603843104094,
          "reference_expected_action_loss_bb": 0.00023925363405626402
        },
        {
          "action_values_bb": [
            -0.9999999765127903,
            -0.4985896972838522
          ],
          "candidate_probabilities": [
            0.00017421608208678663,
            0.9998257756233215
          ],
          "class_index": 117,
          "conditional_hand_mass": 0.0030165911925363843,
          "expected_action_loss_bb": 0.00008735373436530728,
          "probability_on_actions_losing_over_0_1bb": 0.00017421608208678663,
          "reference_expected_action_loss_bb": 0.00008735373436530728
        },
        {
          "action_values_bb": [
            -0.9999999765127903,
            -0.5824395414343992
          ],
          "candidate_probabilities": [
            0.00017421608208678663,
            0.9998257756233215
          ],
          "class_index": 118,
          "conditional_hand_mass": 0.0030165911925363843,
          "expected_action_loss_bb": 0.00007274574303381131,
          "probability_on_actions_losing_over_0_1bb": 0.00017421608208678663,
          "reference_expected_action_loss_bb": 0.00007274574303381131
        },
        {
          "action_values_bb": [
            -0.9999999765127903,
            -0.45932375189864
          ],
          "candidate_probabilities": [
            0.00017421608208678663,
            0.9998257756233215
          ],
          "class_index": 119,
          "conditional_hand_mass": 0.0030165911925363843,
          "expected_action_loss_bb": 0.0000941944935297527,
          "probability_on_actions_losing_over_0_1bb": 0.00017421608208678663,
          "reference_expected_action_loss_bb": 0.0000941944935297527
        },
        {
          "action_values_bb": [
            -0.9999999765127903,
            -0.36229272898054926
          ],
          "candidate_probabilities": [
            0.00017421608208678663,
            0.9998257756233215
          ],
          "class_index": 120,
          "conditional_hand_mass": 0.0030165911925363843,
          "expected_action_loss_bb": 0.00011109885818341565,
          "probability_on_actions_losing_over_0_1bb": 0.00017421608208678663,
          "reference_expected_action_loss_bb": 0.00011109885818341565
        },
        {
          "action_values_bb": [
            -0.9999999765127903,
            -0.34385742122521346
          ],
          "candidate_probabilities": [
            0.00017421608208678663,
            0.9998257756233215
          ],
          "class_index": 121,
          "conditional_hand_mass": 0.0030165911925363843,
          "expected_action_loss_bb": 0.00011431058527261441,
          "probability_on_actions_losing_over_0_1bb": 0.00017421608208678663,
          "reference_expected_action_loss_bb": 0.00011431058527261441
        },
        {
          "action_values_bb": [
            -0.9999999765127903,
            -0.3056089003490312
          ],
          "candidate_probabilities": [
            0.00017421608208678663,
            0.9998257756233215
          ],
          "class_index": 122,
          "conditional_hand_mass": 0.0030165911925363843,
          "expected_action_loss_bb": 0.00012097409272527755,
          "probability_on_actions_losing_over_0_1bb": 0.00017421608208678663,
          "reference_expected_action_loss_bb": 0.00012097409272527755
        },
        {
          "action_values_bb": [
            -0.9999999765127903,
            -0.14157729627884366
          ],
          "candidate_probabilities": [
            0.00017421608208678663,
            0.9998257756233215
          ],
          "class_index": 123,
          "conditional_hand_mass": 0.0030165911925363843,
          "expected_action_loss_bb": 0.00014955103612479664,
          "probability_on_actions_losing_over_0_1bb": 0.00017421608208678663,
          "reference_expected_action_loss_bb": 0.00014955103612479664
        },
        {
          "action_values_bb": [
            -0.9999999765127903,
            -0.036996268438155185
          ],
          "candidate_probabilities": [
            0.00017421608208678663,
            0.9998257756233215
          ],
          "class_index": 124,
          "conditional_hand_mass": 0.0030165911925363843,
          "expected_action_loss_bb": 0.00016777073305581053,
          "probability_on_actions_losing_over_0_1bb": 0.00017421608208678663,
          "reference_expected_action_loss_bb": 0.00016777073305581053
        },
        {
          "action_values_bb": [
            -0.9999999765127903,
            0.15632266758802957
          ],
          "candidate_probabilities": [
            0.00017421608208678663,
            0.9998257756233215
          ],
          "class_index": 125,
          "conditional_hand_mass": 0.0030165911925363843,
          "expected_action_loss_bb": 0.0002014500006834786,
          "probability_on_actions_losing_over_0_1bb": 0.00017421608208678663,
          "reference_expected_action_loss_bb": 0.0002014500006834786
        },
        {
          "action_values_bb": [
            -0.9999999765127903,
            1.3332104734157648
          ],
          "candidate_probabilities": [
            0.00017421603843104094,
            0.9998257756233215
          ],
          "class_index": 126,
          "conditional_hand_mass": 0.0045248869052198935,
          "expected_action_loss_bb": 0.0004064826814124595,
          "probability_on_actions_losing_over_0_1bb": 0.00017421603843104094,
          "reference_expected_action_loss_bb": 0.0004064826814124595
        },
        {
          "action_values_bb": [
            -0.9999999765127903,
            0.1541459459406253
          ],
          "candidate_probabilities": [
            0.00017421603843104094,
            0.9998257756233215
          ],
          "class_index": 127,
          "conditional_hand_mass": 0.009049773810439787,
          "expected_action_loss_bb": 0.00020107073038117345,
          "probability_on_actions_losing_over_0_1bb": 0.00017421603843104094,
          "reference_expected_action_loss_bb": 0.00020107073038117345
        },
        {
          "action_values_bb": [
            -0.9999999765127903,
            0.3672365586637536
          ],
          "candidate_probabilities": [
            0.00017421603843104094,
            0.9998257756233215
          ],
          "class_index": 128,
          "conditional_hand_mass": 0.009049773810439787,
          "expected_action_loss_bb": 0.00023819453275664002,
          "probability_on_actions_losing_over_0_1bb": 0.00017421603843104094,
          "reference_expected_action_loss_bb": 0.00023819453275664002
        },
        {
          "action_values_bb": [
            -0.9999999765127903,
            0.4078538338499019
          ],
          "candidate_probabilities": [
            0.00017421603843104094,
            0.9998257756233215
          ],
          "class_index": 129,
          "conditional_hand_mass": 0.009049773810439787,
          "expected_action_loss_bb": 0.00024527071353143426,
          "probability_on_actions_losing_over_0_1bb": 0.00017421603843104094,
          "reference_expected_action_loss_bb": 0.00024527071353143426
        },
        {
          "action_values_bb": [
            -0.9999999765127903,
            -0.3469128149602897
          ],
          "candidate_probabilities": [
            0.00017421608208678663,
            0.9998257756233215
          ],
          "class_index": 130,
          "conditional_hand_mass": 0.0030165911925363843,
          "expected_action_loss_bb": 0.00011377828654685691,
          "probability_on_actions_losing_over_0_1bb": 0.00017421608208678663,
          "reference_expected_action_loss_bb": 0.00011377828654685691
        },
        {
          "action_values_bb": [
            -0.9999999765127903,
            -0.2770182409007214
          ],
          "candidate_probabilities": [
            0.00017421608208678663,
            0.9998257756233215
          ],
          "class_index": 131,
          "conditional_hand_mass": 0.0030165911925363843,
          "expected_action_loss_bb": 0.00012595504539863968,
          "probability_on_actions_losing_over_0_1bb": 0.00017421608208678663,
          "reference_expected_action_loss_bb": 0.00012595504539863968
        },
        {
          "action_values_bb": [
            -0.9999999765127903,
            -0.36463736085497833
          ],
          "candidate_probabilities": [
            0.00017421608208678663,
            0.9998257756233215
          ],
          "class_index": 132,
          "conditional_hand_mass": 0.0030165911925363843,
          "expected_action_loss_bb": 0.00011069038560431683,
          "probability_on_actions_losing_over_0_1bb": 0.00017421608208678663,
          "reference_expected_action_loss_bb": 0.00011069038560431683
        },
        {
          "action_values_bb": [
            -0.9999999765127903,
            -0.17761307324438455
          ],
          "candidate_probabilities": [
            0.00017421608208678663,
            0.9998257756233215
          ],
          "class_index": 133,
          "conditional_hand_mass": 0.0030165911925363843,
          "expected_action_loss_bb": 0.00014327302424690683,
          "probability_on_actions_losing_over_0_1bb": 0.00017421608208678663,
          "reference_expected_action_loss_bb": 0.00014327302424690683
        },
        {
          "action_values_bb": [
            -0.9999999765127903,
            -0.18740328528757375
          ],
          "candidate_probabilities": [
            0.00017421608208678663,
            0.9998257756233215
          ],
          "class_index": 134,
          "conditional_hand_mass": 0.0030165911925363843,
          "expected_action_loss_bb": 0.00014156741186194353,
          "probability_on_actions_losing_over_0_1bb": 0.00017421608208678663,
          "reference_expected_action_loss_bb": 0.00014156741186194353
        },
        {
          "action_values_bb": [
            -0.9999999765127903,
            -0.2020859726942448
          ],
          "candidate_probabilities": [
            0.00017421608208678663,
            0.9998257756233215
          ],
          "class_index": 135,
          "conditional_hand_mass": 0.0030165911925363843,
          "expected_action_loss_bb": 0.0001390094515874483,
          "probability_on_actions_losing_over_0_1bb": 0.00017421608208678663,
          "reference_expected_action_loss_bb": 0.0001390094515874483
        },
        {
          "action_values_bb": [
            -0.9999999765127903,
            0.062293134122213906
          ],
          "candidate_probabilities": [
            0.00017421608208678663,
            0.9998257756233215
          ],
          "class_index": 136,
          "conditional_hand_mass": 0.0030165911925363843,
          "expected_action_loss_bb": 0.0001850685437626158,
          "probability_on_actions_losing_over_0_1bb": 0.00017421608208678663,
          "reference_expected_action_loss_bb": 0.0001850685437626158
        },
        {
          "action_values_bb": [
            -0.9999999765127903,
            0.1504215580945694
          ],
          "candidate_probabilities": [
            0.00017421608208678663,
            0.9998257756233215
          ],
          "class_index": 137,
          "conditional_hand_mass": 0.0030165911925363843,
          "expected_action_loss_bb": 0.0002004219325075628,
          "probability_on_actions_losing_over_0_1bb": 0.00017421608208678663,
          "reference_expected_action_loss_bb": 0.0002004219325075628
        },
        {
          "action_values_bb": [
            -0.9999999765127903,
            0.31026530507999023
          ],
          "candidate_probabilities": [
            0.00017421608208678663,
            0.9998257756233215
          ],
          "class_index": 138,
          "conditional_hand_mass": 0.0030165911925363843,
          "expected_action_loss_bb": 0.00022826928385343443,
          "probability_on_actions_losing_over_0_1bb": 0.00017421608208678663,
          "reference_expected_action_loss_bb": 0.00022826928385343443
        },
        {
          "action_values_bb": [
            -0.9999999765127903,
            0.3025260703023496
          ],
          "candidate_probabilities": [
            0.00017421608208678663,
            0.9998257756233215
          ],
          "class_index": 139,
          "conditional_hand_mass": 0.0030165911925363843,
          "expected_action_loss_bb": 0.0002269209846921241,
          "probability_on_actions_losing_over_0_1bb": 0.00017421608208678663,
          "reference_expected_action_loss_bb": 0.0002269209846921241
        },
        {
          "action_values_bb": [
            -0.9999999765127903,
            1.560196093178381
          ],
          "candidate_probabilities": [
            0.00017421603843104094,
            0.9998257756233215
          ],
          "class_index": 140,
          "conditional_hand_mass": 0.0045248869052198935,
          "expected_action_loss_bb": 0.0004460272168683171,
          "probability_on_actions_losing_over_0_1bb": 0.00017421603843104094,
          "reference_expected_action_loss_bb": 0.0004460272168683171
        },
        {
          "action_values_bb": [
            -0.9999999765127903,
            0.5169024346620082
          ],
          "candidate_probabilities": [
            0.00017421603843104094,
            0.9998257756233215
          ],
          "class_index": 141,
          "conditional_hand_mass": 0.009049773810439787,
          "expected_action_loss_bb": 0.0002642687287613674,
          "probability_on_actions_losing_over_0_1bb": 0.00017421603843104094,
          "reference_expected_action_loss_bb": 0.0002642687287613674
        },
        {
          "action_values_bb": [
            -0.9999999765127903,
            0.4698381211781425
          ],
          "candidate_probabilities": [
            0.00017421603843104094,
            0.9998257756233215
          ],
          "class_index": 142,
          "conditional_hand_mass": 0.009049773810439787,
          "expected_action_loss_bb": 0.0002560693705147317,
          "probability_on_actions_losing_over_0_1bb": 0.00017421603843104094,
          "reference_expected_action_loss_bb": 0.0002560693705147317
        },
        {
          "action_values_bb": [
            -0.9999999765127903,
            -0.13919297320695884
          ],
          "candidate_probabilities": [
            0.00017421608208678663,
            0.9998257756233215
          ],
          "class_index": 143,
          "conditional_hand_mass": 0.0030165911925363843,
          "expected_action_loss_bb": 0.00014996642354880954,
          "probability_on_actions_losing_over_0_1bb": 0.00017421608208678663,
          "reference_expected_action_loss_bb": 0.00014996642354880954
        },
        {
          "action_values_bb": [
            -0.9999999765127903,
            -0.03946360249165306
          ],
          "candidate_probabilities": [
            0.00017421608208678663,
            0.9998257756233215
          ],
          "class_index": 144,
          "conditional_hand_mass": 0.0030165911925363843,
          "expected_action_loss_bb": 0.00016734088378381082,
          "probability_on_actions_losing_over_0_1bb": 0.00017421608208678663,
          "reference_expected_action_loss_bb": 0.00016734088378381082
        },
        {
          "action_values_bb": [
            -0.9999999765127903,
            -0.07475958083343111
          ],
          "candidate_probabilities": [
            0.00017421608208678663,
            0.9998257756233215
          ],
          "class_index": 145,
          "conditional_hand_mass": 0.0030165911925363843,
          "expected_action_loss_bb": 0.00016119175672368616,
          "probability_on_actions_losing_over_0_1bb": 0.00017421608208678663,
          "reference_expected_action_loss_bb": 0.00016119175672368616
        },
        {
          "action_values_bb": [
            -0.9999999765127903,
            0.017659521836183925
          ],
          "candidate_probabilities": [
            0.00017421608208678663,
            0.9998257756233215
          ],
          "class_index": 146,
          "conditional_hand_mass": 0.0030165911925363843,
          "expected_action_loss_bb": 0.00017729265070076298,
          "probability_on_actions_losing_over_0_1bb": 0.00017421608208678663,
          "reference_expected_action_loss_bb": 0.00017729265070076298
        },
        {
          "action_values_bb": [
            -0.9999999765127903,
            0.10171923225183623
          ],
          "candidate_probabilities": [
            0.00017421608208678663,
            0.9998257756233215
          ],
          "class_index": 147,
          "conditional_hand_mass": 0.0030165911925363843,
          "expected_action_loss_bb": 0.0001919372041107278,
          "probability_on_actions_losing_over_0_1bb": 0.00017421608208678663,
          "reference_expected_action_loss_bb": 0.0001919372041107278
        },
        {
          "action_values_bb": [
            -0.9999999765127903,
            0.03258131938833019
          ],
          "candidate_probabilities": [
            0.00017421608208678663,
            0.9998257756233215
          ],
          "class_index": 148,
          "conditional_hand_mass": 0.0030165911925363843,
          "expected_action_loss_bb": 0.0001798922678079901,
          "probability_on_actions_losing_over_0_1bb": 0.00017421608208678663,
          "reference_expected_action_loss_bb": 0.0001798922678079901
        },
        {
          "action_values_bb": [
            -0.9999999765127903,
            0.2725580864927749
          ],
          "candidate_probabilities": [
            0.00017421608208678663,
            0.9998257756233215
          ],
          "class_index": 149,
          "conditional_hand_mass": 0.0030165911925363843,
          "expected_action_loss_bb": 0.00022170007996477975,
          "probability_on_actions_losing_over_0_1bb": 0.00017421608208678663,
          "reference_expected_action_loss_bb": 0.00022170007996477975
        },
        {
          "action_values_bb": [
            -0.9999999765127903,
            0.3716059688159827
          ],
          "candidate_probabilities": [
            0.00017421608208678663,
            0.9998257756233215
          ],
          "class_index": 150,
          "conditional_hand_mass": 0.0030165911925363843,
          "expected_action_loss_bb": 0.0002389558139621221,
          "probability_on_actions_losing_over_0_1bb": 0.00017421608208678663,
          "reference_expected_action_loss_bb": 0.0002389558139621221
        },
        {
          "action_values_bb": [
            -0.9999999765127903,
            0.3865021860423086
          ],
          "candidate_probabilities": [
            0.00017421608208678663,
            0.9998257756233215
          ],
          "class_index": 151,
          "conditional_hand_mass": 0.0030165911925363843,
          "expected_action_loss_bb": 0.00024155097456520628,
          "probability_on_actions_losing_over_0_1bb": 0.00017421608208678663,
          "reference_expected_action_loss_bb": 0.00024155097456520628
        },
        {
          "action_values_bb": [
            -0.9999999765127903,
            0.5598330105306661
          ],
          "candidate_probabilities": [
            0.00017421608208678663,
            0.9998257756233215
          ],
          "class_index": 152,
          "conditional_hand_mass": 0.0030165911925363843,
          "expected_action_loss_bb": 0.0002717479917124404,
          "probability_on_actions_losing_over_0_1bb": 0.00017421608208678663,
          "reference_expected_action_loss_bb": 0.0002717479917124404
        },
        {
          "action_values_bb": [
            -0.9999999765127903,
            0.6942079307142899
          ],
          "candidate_probabilities": [
            0.00017421608208678663,
            0.9998257756233215
          ],
          "class_index": 153,
          "conditional_hand_mass": 0.0030165911925363843,
          "expected_action_loss_bb": 0.000295158263837556,
          "probability_on_actions_losing_over_0_1bb": 0.00017421608208678663,
          "reference_expected_action_loss_bb": 0.000295158263837556
        },
        {
          "action_values_bb": [
            -0.9999999765127903,
            1.8426695120546035
          ],
          "candidate_probabilities": [
            0.00017421603843104094,
            0.9998257756233215
          ],
          "class_index": 154,
          "conditional_hand_mass": 0.0045248869052198935,
          "expected_action_loss_bb": 0.0004952386168670046,
          "probability_on_actions_losing_over_0_1bb": 0.00017421603843104094,
          "reference_expected_action_loss_bb": 0.0004952386168670046
        },
        {
          "action_values_bb": [
            -0.9999999765127903,
            0.6436323718678593
          ],
          "candidate_probabilities": [
            0.00017421603843104094,
            0.9998257756233215
          ],
          "class_index": 155,
          "conditional_hand_mass": 0.009049773810439787,
          "expected_action_loss_bb": 0.0002863471163719853,
          "probability_on_actions_losing_over_0_1bb": 0.00017421603843104094,
          "reference_expected_action_loss_bb": 0.0002863471163719853
        },
        {
          "action_values_bb": [
            -0.9999999765127903,
            0.00346868276681117
          ],
          "candidate_probabilities": [
            0.00017421608208678663,
            0.9998257756233215
          ],
          "class_index": 156,
          "conditional_hand_mass": 0.0030165911925363843,
          "expected_action_loss_bb": 0.00017482037831657277,
          "probability_on_actions_losing_over_0_1bb": 0.00017421608208678663,
          "reference_expected_action_loss_bb": 0.00017482037831657277
        },
        {
          "action_values_bb": [
            -0.9999999765127903,
            0.18873709888643397
          ],
          "candidate_probabilities": [
            0.00017421608208678663,
            0.9998257756233215
          ],
          "class_index": 157,
          "conditional_hand_mass": 0.0030165911925363843,
          "expected_action_loss_bb": 0.00020709711590735793,
          "probability_on_actions_losing_over_0_1bb": 0.00017421608208678663,
          "reference_expected_action_loss_bb": 0.00020709711590735793
        },
        {
          "action_values_bb": [
            -0.9999999765127903,
            0.1821999403745963
          ],
          "candidate_probabilities": [
            0.00017421608208678663,
            0.9998257756233215
          ],
          "class_index": 158,
          "conditional_hand_mass": 0.0030165911925363843,
          "expected_action_loss_bb": 0.00020595823776344528,
          "probability_on_actions_losing_over_0_1bb": 0.00017421608208678663,
          "reference_expected_action_loss_bb": 0.00020595823776344528
        },
        {
          "action_values_bb": [
            -0.9999999765127903,
            0.24370550172300592
          ],
          "candidate_probabilities": [
            0.00017421608208678663,
            0.9998257756233215
          ],
          "class_index": 159,
          "conditional_hand_mass": 0.0030165911925363843,
          "expected_action_loss_bb": 0.00021667349568811367,
          "probability_on_actions_losing_over_0_1bb": 0.00017421608208678663,
          "reference_expected_action_loss_bb": 0.00021667349568811367
        },
        {
          "action_values_bb": [
            -0.9999999765127903,
            0.22250618462118077
          ],
          "candidate_probabilities": [
            0.00017421608208678663,
            0.9998257756233215
          ],
          "class_index": 160,
          "conditional_hand_mass": 0.0030165911925363843,
          "expected_action_loss_bb": 0.0002129802337197183,
          "probability_on_actions_losing_over_0_1bb": 0.00017421608208678663,
          "reference_expected_action_loss_bb": 0.0002129802337197183
        },
        {
          "action_values_bb": [
            -0.9999999765127903,
            0.21162081185274645
          ],
          "candidate_probabilities": [
            0.00017421608208678663,
            0.9998257756233215
          ],
          "class_index": 161,
          "conditional_hand_mass": 0.0030165911925363843,
          "expected_action_loss_bb": 0.00021108382672394748,
          "probability_on_actions_losing_over_0_1bb": 0.00017421608208678663,
          "reference_expected_action_loss_bb": 0.00021108382672394748
        },
        {
          "action_values_bb": [
            -0.9999999765127903,
            0.42993612677455284
          ],
          "candidate_probabilities": [
            0.00017421608208678663,
            0.9998257756233215
          ],
          "class_index": 162,
          "conditional_hand_mass": 0.0030165911925363843,
          "expected_action_loss_bb": 0.0002491178655491676,
          "probability_on_actions_losing_over_0_1bb": 0.00017421608208678663,
          "reference_expected_action_loss_bb": 0.0002491178655491676
        },
        {
          "action_values_bb": [
            -0.9999999765127903,
            0.42006193809917547
          ],
          "candidate_probabilities": [
            0.00017421608208678663,
            0.9998257756233215
          ],
          "class_index": 163,
          "conditional_hand_mass": 0.0030165911925363843,
          "expected_action_loss_bb": 0.0002473976230843576,
          "probability_on_actions_losing_over_0_1bb": 0.00017421608208678663,
          "reference_expected_action_loss_bb": 0.0002473976230843576
        },
        {
          "action_values_bb": [
            -0.9999999765127903,
            0.49690982034127634
          ],
          "candidate_probabilities": [
            0.00017421608208678663,
            0.9998257756233215
          ],
          "class_index": 164,
          "conditional_hand_mass": 0.0030165911925363843,
          "expected_action_loss_bb": 0.00026078576004524314,
          "probability_on_actions_losing_over_0_1bb": 0.00017421608208678663,
          "reference_expected_action_loss_bb": 0.00026078576004524314
        },
        {
          "action_values_bb": [
            -0.9999999765127903,
            0.4550843145480552
          ],
          "candidate_probabilities": [
            0.00017421608208678663,
            0.9998257756233215
          ],
          "class_index": 165,
          "conditional_hand_mass": 0.0030165911925363843,
          "expected_action_loss_bb": 0.00025349908429465,
          "probability_on_actions_losing_over_0_1bb": 0.00017421608208678663,
          "reference_expected_action_loss_bb": 0.00025349908429465
        },
        {
          "action_values_bb": [
            -0.9999999765127903,
            0.6983824677387557
          ],
          "candidate_probabilities": [
            0.00017421608208678663,
            0.9998257756233215
          ],
          "class_index": 166,
          "conditional_hand_mass": 0.0030165911925363843,
          "expected_action_loss_bb": 0.0002958855353224846,
          "probability_on_actions_losing_over_0_1bb": 0.00017421608208678663,
          "reference_expected_action_loss_bb": 0.0002958855353224846
        },
        {
          "action_values_bb": [
            -0.9999999765127903,
            0.8578131745021301
          ],
          "candidate_probabilities": [
            0.00017421608208678663,
            0.9998257756233215
          ],
          "class_index": 167,
          "conditional_hand_mass": 0.0030165911925363843,
          "expected_action_loss_bb": 0.0003236609284191271,
          "probability_on_actions_losing_over_0_1bb": 0.00017421608208678663,
          "reference_expected_action_loss_bb": 0.0003236609284191271
        },
        {
          "action_values_bb": [
            -0.9999999765127903,
            2.032776339209756
          ],
          "candidate_probabilities": [
            0.00017421603843104094,
            0.9998257756233215
          ],
          "class_index": 168,
          "conditional_hand_mass": 0.0045248869052198935,
          "expected_action_loss_bb": 0.0005283582751726698,
          "probability_on_actions_losing_over_0_1bb": 0.00017421603843104094,
          "reference_expected_action_loss_bb": 0.0005283582751726698
        }
      ],
      "joint_reach_independent_model": 0.010819934034410313,
      "opponent_mass": 0.010819933631336376,
      "passes_local_tail_gate": true,
      "path": [
        2,
        1
      ],
      "position": "BB",
      "reference_weighted_action_loss_bb": 0.00013567908791285862,
      "scope": "One-action deviation followed by reference play, same reference arriving ranges; excludes physical-deal validation",
      "status": "evaluated",
      "weighted_action_loss_bb": 0.0001709741502510884,
      "weighted_excess_action_loss_bb": 0.000035295062338229786,
      "worst_relevant_probability_on_strongly_inferior_actions": 0.0022192243486642838
    }
  ],
  "thresholds": {
    "excess_gap_bb": 0.02,
    "max_loss_bb": 0.03,
    "mean_loss_bb": 0.01,
    "reference_gap_bb": 0.005
  },
  "unilateral_max_positive_loss_bb": 0.000893698470001536,
  "unilateral_mean_positive_loss_bb": 0.0005219992561763254,
  "unilateral_replacements": [
    {
      "candidate_vs_reference_opponents_ev_bb": 0.1958897334822267,
      "position": "BTN",
      "reference_ev_bb": 0.19678343195222825,
      "seat": 0,
      "signed_loss_bb": 0.000893698470001536
    },
    {
      "candidate_vs_reference_opponents_ev_bb": -0.11173178726435867,
      "position": "SB",
      "reference_ev_bb": -0.11160972132563443,
      "seat": 1,
      "signed_loss_bb": 0.00012206593872424176
    },
    {
      "candidate_vs_reference_opponents_ev_bb": -0.32291267201882035,
      "position": "BB",
      "reference_ev_bb": -0.32236243865901715,
      "seat": 2,
      "signed_loss_bb": 0.0005502333598031983
    }
  ]
}
