{
  "candidate_full_reference_evs_bb": [
    0.19682697757371034,
    -0.11173129771891849,
    -0.3219923736875059
  ],
  "candidate_full_reference_gaps_bb": [
    0.0014504979496130844,
    0.0005105390419725148,
    0.00031557132213274556
  ],
  "candidate_iteration": 20,
  "candidate_learning_gap_bb": 0.002276608313718345,
  "candidate_model": "coupled_preview128_v1",
  "elapsed_seconds": 0.0166841,
  "excess_learning_gap_bb": 0.0008228724113449601,
  "live_seats": [
    true,
    true,
    true
  ],
  "nodes": 70,
  "not_evaluated": [
    "physical equity",
    "unselected local action tails",
    "speedup",
    "preview workflow"
  ],
  "passes_global_policy_gates_with_converged_reference": true,
  "passes_relative_policy_gates": true,
  "reference_converged": true,
  "reference_evs_bb": [
    0.19678343195222825,
    -0.11160972132563443,
    -0.32236243865901715
  ],
  "reference_gaps_bb": [
    0.0008315260064387325,
    0.00041755293774475497,
    0.00020465695818989733
  ],
  "reference_iteration": 20,
  "reference_learning_gap_bb": 0.0014537359023733848,
  "reference_model": "coupled_deck_v1",
  "schema": 1,
  "scope": "Frozen policy evaluated under unchanged full coupled payoffs; no physical-deal or full postflop accuracy claim",
  "selected_local_action_quality": [
    {
      "actions": [
        {
          "kind": "fold",
          "label": "Fold",
          "to": 0.0
        },
        {
          "kind": "call",
          "label": "Limp 1",
          "to": 1.0
        },
        {
          "kind": "raise",
          "label": "Raise 2",
          "to": 2.0
        },
        {
          "kind": "raise",
          "label": "Raise 3",
          "to": 3.0
        }
      ],
      "actor": 0,
      "actor_mass": 1.000000037252903,
      "forced_or_frozen": false,
      "hands": [
        {
          "action_values_bb": [
            0.0,
            -0.4460725784301758,
            -0.014086280018091202,
            0.16448287665843964
          ],
          "candidate_probabilities": [
            0.00008710801193956286,
            0.00008710801193956286,
            0.004089496564120054,
            0.9957362413406372
          ],
          "class_index": 0,
          "conditional_hand_mass": 0.0045248869052198935,
          "expected_action_loss_bb": 0.0007977700009419299,
          "hand": "22",
          "probability_on_actions_losing_over_0_1bb": 0.00426371258799918,
          "reference_expected_action_loss_bb": 0.0006608921509882158,
          "reference_probabilities": [
            0.00008710801921552047,
            0.00008710801921552047,
            0.0033229708205908537,
            0.9965028166770935
          ]
        },
        {
          "action_values_bb": [
            0.0,
            -0.9041955471038818,
            -0.7893726229667664,
            -0.7742669582366943
          ],
          "candidate_probabilities": [
            0.9991716146469116,
            0.00008710801921552047,
            0.0006541284383274615,
            0.00008710801921552047
          ],
          "class_index": 1,
          "conditional_hand_mass": 0.009049773810439787,
          "expected_action_loss_bb": 0.0006625586252874405,
          "hand": "32o",
          "probability_on_actions_losing_over_0_1bb": 0.0008283444767585024,
          "reference_expected_action_loss_bb": 0.0006612696469045012,
          "reference_probabilities": [
            0.9991732835769653,
            0.00008710801193956286,
            0.000652495538815856,
            0.00008710801193956286
          ]
        },
        {
          "action_values_bb": [
            0.0,
            -0.8833550214767456,
            -0.753405749797821,
            -0.7389394044876099
          ],
          "candidate_probabilities": [
            0.999125063419342,
            0.00008710802649147809,
            0.0007007258245721459,
            0.00008710802649147809
          ],
          "class_index": 2,
          "conditional_hand_mass": 0.009049773810439787,
          "expected_action_loss_bb": 0.0006692457310983543,
          "hand": "42o",
          "probability_on_actions_losing_over_0_1bb": 0.0008749418775551021,
          "reference_expected_action_loss_bb": 0.0006589890612440155,
          "reference_probabilities": [
            0.9991387128829956,
            0.00008710801921552047,
            0.0006871121004223824,
            0.00008710801921552047
          ]
        },
        {
          "action_values_bb": [
            0.0,
            -0.8523164987564087,
            -0.6991949081420898,
            -0.6965351104736328
          ],
          "candidate_probabilities": [
            0.9990752935409546,
            0.00008710802649147809,
            0.0007505028625018895,
            0.00008710802649147809
          ],
          "class_index": 3,
          "conditional_hand_mass": 0.009049773810439787,
          "expected_action_loss_bb": 0.000659665187015563,
          "hand": "52o",
          "probability_on_actions_losing_over_0_1bb": 0.0009247189154848456,
          "reference_expected_action_loss_bb": 0.0006523106718839952,
          "reference_probabilities": [
            0.9990857839584351,
            0.00008710801921552047,
            0.0007399843307211995,
            0.00008710801921552047
          ]
        },
        {
          "action_values_bb": [
            0.0,
            -0.882992148399353,
            -0.7512348294258118,
            -0.7444868087768555
          ],
          "candidate_probabilities": [
            0.9990981221199036,
            0.00008710801193956286,
            0.0007276643300428987,
            0.00008710801193956286
          ],
          "class_index": 4,
          "conditional_hand_mass": 0.009049773810439787,
          "expected_action_loss_bb": 0.000688413245292117,
          "hand": "62o",
          "probability_on_actions_losing_over_0_1bb": 0.0009018803539220244,
          "reference_expected_action_loss_bb": 0.0006786215812146622,
          "reference_probabilities": [
            0.9991111755371094,
            0.00008710801193956286,
            0.0007146302377805114,
            0.00008710801193956286
          ]
        },
        {
          "action_values_bb": [
            0.0,
            -0.9018765687942505,
            -0.7794403433799744,
            -0.7607014179229736
          ],
          "candidate_probabilities": [
            0.9991089105606079,
            0.00008710801921552047,
            0.0007169258897192776,
            0.00008710801921552047
          ],
          "class_index": 5,
          "conditional_hand_mass": 0.009049773810439787,
          "expected_action_loss_bb": 0.0007036248368750527,
          "hand": "72o",
          "probability_on_actions_losing_over_0_1bb": 0.0008911419281503186,
          "reference_expected_action_loss_bb": 0.00070322410106868,
          "reference_probabilities": [
            0.9991093873977661,
            0.00008710802649147809,
            0.000716411741450429,
            0.00008710802649147809
          ]
        },
        {
          "action_values_bb": [
            0.0,
            -0.8773946166038513,
            -0.7310950756072998,
            -0.7065106630325317
          ],
          "candidate_probabilities": [
            0.999001681804657,
            0.00008710801921552047,
            0.0007981102680787444,
            0.00011309490946587175
          ],
          "class_index": 6,
          "conditional_hand_mass": 0.009049773810439787,
          "expected_action_loss_bb": 0.0007398253533790517,
          "hand": "82o",
          "probability_on_actions_losing_over_0_1bb": 0.0009983131967601366,
          "reference_expected_action_loss_bb": 0.000727128220692712,
          "reference_probabilities": [
            0.9990195035934448,
            0.00008710802649147809,
            0.0007939866045489907,
            0.00009939044684870169
          ]
        },
        {
          "action_values_bb": [
            0.0,
            -0.8161462545394897,
            -0.6257263422012329,
            -0.6200584769248962
          ],
          "candidate_probabilities": [
            0.9988503456115723,
            0.00008710802649147809,
            0.0008317360188812017,
            0.00023086907458491623
          ],
          "class_index": 7,
          "conditional_hand_mass": 0.009049773810439787,
          "expected_action_loss_bb": 0.0007346843530890799,
          "hand": "92o",
          "probability_on_actions_losing_over_0_1bb": 0.001149713119957596,
          "reference_expected_action_loss_bb": 0.0007446226192526703,
          "reference_probabilities": [
            0.9988343119621277,
            0.00008710802649147809,
            0.0008354330784641206,
            0.00024316617054864764
          ]
        },
        {
          "action_values_bb": [
            0.0,
            -0.7918837666511536,
            -0.5805323123931885,
            -0.5604748129844666
          ],
          "candidate_probabilities": [
            0.9983801245689392,
            0.00008710802649147809,
            0.001155478646978736,
            0.000377333490177989
          ],
          "class_index": 8,
          "conditional_hand_mass": 0.009049773810439787,
          "expected_action_loss_bb": 0.0009512580403154228,
          "hand": "T2o",
          "probability_on_actions_losing_over_0_1bb": 0.001619920163648203,
          "reference_expected_action_loss_bb": 0.0008846847132495637,
          "reference_probabilities": [
            0.9984952807426453,
            0.00008710802649147809,
            0.0010542402742430568,
            0.00036341461236588657
          ]
        },
        {
          "action_values_bb": [
            0.0,
            -0.6645788550376892,
            -0.4791334271430969,
            -0.4701548218727112
          ],
          "candidate_probabilities": [
            0.9977056384086609,
            0.00018958373402711004,
            0.0015917826676741242,
            0.0005130482604727149
          ],
          "class_index": 9,
          "conditional_hand_mass": 0.009049773810439787,
          "expected_action_loss_bb": 0.0011298817392378447,
          "hand": "J2o",
          "probability_on_actions_losing_over_0_1bb": 0.002294414662173949,
          "reference_expected_action_loss_bb": 0.0011466169398150873,
          "reference_probabilities": [
            0.9976730942726135,
            0.00019611114112194628,
            0.0016129735158756375,
            0.0005178211140446365
          ]
        },
        {
          "action_values_bb": [
            0.0,
            -0.46494612097740173,
            -0.30952122807502747,
            -0.3214242458343506
          ],
          "candidate_probabilities": [
            0.9966192841529846,
            0.0004211936902720481,
            0.0022884393110871315,
            0.0006710964953526855
          ],
          "class_index": 10,
          "conditional_hand_mass": 0.009049773810439787,
          "expected_action_loss_bb": 0.0011198596033158174,
          "hand": "Q2o",
          "probability_on_actions_losing_over_0_1bb": 0.003380729496711865,
          "reference_expected_action_loss_bb": 0.0010981150343847574,
          "reference_probabilities": [
            0.996688187122345,
            0.00041736377170309424,
            0.0022081502247601748,
            0.0006863016751594841
          ]
        },
        {
          "action_values_bb": [
            0.0,
            -0.32448187470436096,
            -0.17150765657424927,
            -0.15146225690841675
          ],
          "candidate_probabilities": [
            0.9936087727546692,
            0.0003661327646113932,
            0.004638789687305689,
            0.0013863987987861037
          ],
          "class_index": 11,
          "conditional_hand_mass": 0.009049773810439787,
          "expected_action_loss_bb": 0.0011243784855016498,
          "hand": "K2o",
          "probability_on_actions_losing_over_0_1bb": 0.006391321250703186,
          "reference_expected_action_loss_bb": 0.0009674251316488516,
          "reference_probabilities": [
            0.994577169418335,
            0.00042019117972813547,
            0.003659863956272602,
            0.001342816511169076
          ]
        },
        {
          "action_values_bb": [
            0.0,
            -0.1648145616054535,
            0.01466599851846695,
            0.142805278301239
          ],
          "candidate_probabilities": [
            0.00008710801193956286,
            0.00014643909526057541,
            0.003600250231102109,
            0.9961661696434021
          ],
          "class_index": 12,
          "conditional_hand_mass": 0.009049773810439787,
          "expected_action_loss_bb": 0.000518820526578619,
          "hand": "A2o",
          "probability_on_actions_losing_over_0_1bb": 0.0038337973383022472,
          "reference_expected_action_loss_bb": 0.0005226422467014763,
          "reference_probabilities": [
            0.00008710801193956286,
            0.0002718761679716408,
            0.0033289422281086445,
            0.9963120222091675
          ]
        },
        {
          "action_values_bb": [
            0.0,
            -0.805375337600708,
            -0.6235082149505615,
            -0.5722370743751526
          ],
          "candidate_probabilities": [
            0.998974621295929,
            0.00008710802649147809,
            0.0008049694006331265,
            0.00013329317152965814
          ],
          "class_index": 13,
          "conditional_hand_mass": 0.0030165911925363843,
          "expected_action_loss_bb": 0.0006483349848322066,
          "hand": "32s",
          "probability_on_actions_losing_over_0_1bb": 0.0010253705986542627,
          "reference_expected_action_loss_bb": 0.0006345511711120175,
          "reference_probabilities": [
            0.9989981651306152,
            0.00008710802649147809,
            0.0007995094056241214,
            0.00011515477672219276
          ]
        },
        {
          "action_values_bb": [
            0.0,
            -0.3757985830307007,
            0.10594062507152557,
            0.2833252251148224
          ],
          "candidate_probabilities": [
            0.00008710801193956286,
            0.00008710801193956286,
            0.0028901060577481985,
            0.9969356656074524
          ],
          "class_index": 14,
          "conditional_hand_mass": 0.0045248869052198935,
          "expected_action_loss_bb": 0.0005947551687780451,
          "hand": "33",
          "probability_on_actions_losing_over_0_1bb": 0.0030643220816273242,
          "reference_expected_action_loss_bb": 0.0005776300592372761,
          "reference_probabilities": [
            0.00008710801921552047,
            0.00008710801921552047,
            0.002793563762679696,
            0.9970322251319885
          ]
        },
        {
          "action_values_bb": [
            0.0,
            -0.8420765399932861,
            -0.6824871301651001,
            -0.6568119525909424
          ],
          "candidate_probabilities": [
            0.9990537166595459,
            0.00008710801193956286,
            0.0007720514549873769,
            0.00008710801193956286
          ],
          "class_index": 15,
          "conditional_hand_mass": 0.009049773810439787,
          "expected_action_loss_bb": 0.0006574803785622252,
          "hand": "43o",
          "probability_on_actions_losing_over_0_1bb": 0.0009462674788665026,
          "reference_expected_action_loss_bb": 0.000652754308870792,
          "reference_probabilities": [
            0.9990606904029846,
            0.00008710801921552047,
            0.0007651266641914845,
            0.00008710801921552047
          ]
        },
        {
          "action_values_bb": [
            0.0,
            -0.7914036512374878,
            -0.5944312214851379,
            -0.5940083861351013
          ],
          "candidate_probabilities": [
            0.9989622235298157,
            0.0000871080337674357,
            0.0008077285019680858,
            0.00014298078895080835
          ],
          "class_index": 16,
          "conditional_hand_mass": 0.009049773810439787,
          "expected_action_loss_bb": 0.00063400844372191,
          "hand": "53o",
          "probability_on_actions_losing_over_0_1bb": 0.0010378173246863298,
          "reference_expected_action_loss_bb": 0.0006389624615444605,
          "reference_probabilities": [
            0.9989538788795471,
            0.00008710801921552047,
            0.0008096576202660799,
            0.00014939029642846435
          ]
        },
        {
          "action_values_bb": [
            0.0,
            -0.8039094805717468,
            -0.6155089139938354,
            -0.6227289438247681
          ],
          "candidate_probabilities": [
            0.9989652633666992,
            0.00008710801193956286,
            0.0008070995681919158,
            0.00014054552593734115
          ],
          "class_index": 17,
          "conditional_hand_mass": 0.009049773810439787,
          "expected_action_loss_bb": 0.0006543257022609281,
          "hand": "63o",
          "probability_on_actions_losing_over_0_1bb": 0.0010347531060688198,
          "reference_expected_action_loss_bb": 0.0006494010563790646,
          "reference_probabilities": [
            0.9989731311798096,
            0.00008710801193956286,
            0.0008052649209275842,
            0.00013445073273032904
          ]
        },
        {
          "action_values_bb": [
            0.0,
            -0.8425935506820679,
            -0.6781783699989319,
            -0.6605159044265747
          ],
          "candidate_probabilities": [
            0.9989858865737915,
            0.0000871080337674357,
            0.0008019983069971204,
            0.00012506829807534814
          ],
          "class_index": 18,
          "conditional_hand_mass": 0.009049773810439787,
          "expected_action_loss_bb": 0.0006999041720645782,
          "hand": "73o",
          "probability_on_actions_losing_over_0_1bb": 0.0010141746388399042,
          "reference_expected_action_loss_bb": 0.000693854315042524,
          "reference_probabilities": [
            0.9989948868751526,
            0.00008710801921552047,
            0.0007998923538252711,
            0.00011807129340013489
          ]
        },
        {
          "action_values_bb": [
            0.0,
            -0.8277145624160767,
            -0.6463031768798828,
            -0.6594725251197815
          ],
          "candidate_probabilities": [
            0.9989409446716309,
            0.00008710802649147809,
            0.0008118163095787168,
            0.00016012774722184986
          ],
          "class_index": 19,
          "conditional_hand_mass": 0.009049773810439787,
          "expected_action_loss_bb": 0.0007023798917560843,
          "hand": "83o",
          "probability_on_actions_losing_over_0_1bb": 0.0010590520832920447,
          "reference_expected_action_loss_bb": 0.0007117151340580918,
          "reference_probabilities": [
            0.9989268183708191,
            0.00008710801921552047,
            0.0008151053916662931,
            0.00017105997540056705
          ]
        },
        {
          "action_values_bb": [
            0.0,
            -0.7912529706954956,
            -0.5827521681785583,
            -0.5792775750160217
          ],
          "candidate_probabilities": [
            0.9987566471099854,
            0.00008710802649147809,
            0.0008528570760972798,
            0.00030344189144670963
          ],
          "class_index": 20,
          "conditional_hand_mass": 0.009049773810439787,
          "expected_action_loss_bb": 0.0007417058780104444,
          "hand": "93o",
          "probability_on_actions_losing_over_0_1bb": 0.0012434069940354675,
          "reference_expected_action_loss_bb": 0.0007386063277060161,
          "reference_probabilities": [
            0.9987619519233704,
            0.00008710801193956286,
            0.0008516219677403569,
            0.00029933371115475893
          ]
        },
        {
          "action_values_bb": [
            0.0,
            -0.7313234806060791,
            -0.4792427718639374,
            -0.5001651048660278
          ],
          "candidate_probabilities": [
            0.9980666637420654,
            0.00008710802649147809,
            0.0014100543921813369,
            0.00043621682561933994
          ],
          "class_index": 21,
          "conditional_hand_mass": 0.009049773810439787,
          "expected_action_loss_bb": 0.0009576429548406006,
          "hand": "T3o",
          "probability_on_actions_losing_over_0_1bb": 0.001933379244292155,
          "reference_expected_action_loss_bb": 0.00103344389038907,
          "reference_probabilities": [
            0.9979094862937927,
            0.00008710802649147809,
            0.0015441288705915213,
            0.00045930262422189116
          ]
        },
        {
          "action_values_bb": [
            0.0,
            -0.582429826259613,
            -0.41439974308013916,
            -0.421552836894989
          ],
          "candidate_probabilities": [
            0.9972516298294067,
            0.00028971710707992315,
            0.0018601493211463094,
            0.0005985861644148827
          ],
          "class_index": 22,
          "conditional_hand_mass": 0.009049773810439787,
          "expected_action_loss_bb": 0.0011919209808499073,
          "hand": "J3o",
          "probability_on_actions_losing_over_0_1bb": 0.002748452592641115,
          "reference_expected_action_loss_bb": 0.0011688976611159124,
          "reference_probabilities": [
            0.9973108768463135,
            0.0002994812384713441,
            0.001802576705813408,
            0.00058707594871521
          ]
        },
        {
          "action_values_bb": [
            0.0,
            -0.41520893573760986,
            -0.25634056329727173,
            -0.2766438126564026
          ],
          "candidate_probabilities": [
            0.9962896704673767,
            0.00041989554301835597,
            0.002444611629471183,
            0.0008458525990135968
          ],
          "class_index": 23,
          "conditional_hand_mass": 0.009049773810439787,
          "expected_action_loss_bb": 0.0010349973916157704,
          "hand": "Q3o",
          "probability_on_actions_losing_over_0_1bb": 0.0037103597715031356,
          "reference_expected_action_loss_bb": 0.0011534040324941985,
          "reference_probabilities": [
            0.9958105087280273,
            0.0003938006702810526,
            0.0029631631914526224,
            0.0008325346279889345
          ]
        },
        {
          "action_values_bb": [
            0.0,
            -0.2933385968208313,
            -0.14029353857040405,
            -0.11420255899429321
          ],
          "candidate_probabilities": [
            0.9907739758491516,
            0.00030979907023720443,
            0.006562459748238325,
            0.0023537566885352135
          ],
          "class_index": 24,
          "conditional_hand_mass": 0.009049773810439787,
          "expected_action_loss_bb": 0.0012803517614466322,
          "hand": "K3o",
          "probability_on_actions_losing_over_0_1bb": 0.009226015507010743,
          "reference_expected_action_loss_bb": 0.001002066805934742,
          "reference_probabilities": [
            0.9929383993148804,
            0.00042262597708031535,
            0.004595780745148659,
            0.002043176209554076
          ]
        },
        {
          "action_values_bb": [
            0.0,
            -0.27288028597831726,
            0.06774148344993591,
            0.19738200306892395
          ],
          "candidate_probabilities": [
            0.00008710801921552047,
            0.00020839790522586554,
            0.0024993938859552145,
            0.9972051382064819
          ],
          "class_index": 25,
          "conditional_hand_mass": 0.009049773810439787,
          "expected_action_loss_bb": 0.00043921795336804704,
          "hand": "A3o",
          "probability_on_actions_losing_over_0_1bb": 0.0027948998103966005,
          "reference_expected_action_loss_bb": 0.00045951815607135366,
          "reference_probabilities": [
            0.00008710802649147809,
            0.00012558164598885924,
            0.0029563927091658115,
            0.996830940246582
          ]
        },
        {
          "action_values_bb": [
            0.0,
            -0.7789841890335083,
            -0.5790815949440002,
            -0.5341789722442627
          ],
          "candidate_probabilities": [
            0.9989246129989624,
            0.00008710802649147809,
            0.0008160123252309859,
            0.00017222948372364044
          ],
          "class_index": 26,
          "conditional_hand_mass": 0.0030165911925363843,
          "expected_action_loss_bb": 0.0006323948627691492,
          "hand": "42s",
          "probability_on_actions_losing_over_0_1bb": 0.0010753498354461044,
          "reference_expected_action_loss_bb": 0.0006330154790516124,
          "reference_probabilities": [
            0.9989235997200012,
            0.0000871080337674357,
            0.0008162758895196021,
            0.00017310556722804904
          ]
        },
        {
          "action_values_bb": [
            0.0,
            -0.6861491799354553,
            -0.4218476414680481,
            -0.41344183683395386
          ],
          "candidate_probabilities": [
            0.9983442425727844,
            0.00008710802649147809,
            0.0012375172227621078,
            0.00033113540848717093
          ],
          "class_index": 27,
          "conditional_hand_mass": 0.0030165911925363843,
          "expected_action_loss_bb": 0.0007187180541669055,
          "hand": "43s",
          "probability_on_actions_losing_over_0_1bb": 0.0016557606577407569,
          "reference_expected_action_loss_bb": 0.0007328165866543218,
          "reference_probabilities": [
            0.9983107447624207,
            0.0000871080337674357,
            0.0012664910173043609,
            0.0003356729284860194
          ]
        },
        {
          "action_values_bb": [
            0.0,
            -0.2995482087135315,
            0.23496459424495697,
            0.4232681095600128
          ],
          "candidate_probabilities": [
            0.00008710801921552047,
            0.00008710801921552047,
            0.002187600824981928,
            0.9976382255554199
          ],
          "class_index": 28,
          "conditional_hand_mass": 0.0045248869052198935,
          "expected_action_loss_bb": 0.0005117660698125475,
          "hand": "44",
          "probability_on_actions_losing_over_0_1bb": 0.002361816863412969,
          "reference_expected_action_loss_bb": 0.0005033667483810142,
          "reference_probabilities": [
            0.00008710801921552047,
            0.00008710801921552047,
            0.002142995595932007,
            0.9976828098297119
          ]
        },
        {
          "action_values_bb": [
            0.0,
            -0.7411919832229614,
            -0.5095503926277161,
            -0.5019511580467224
          ],
          "candidate_probabilities": [
            0.998659610748291,
            0.00008710801921552047,
            0.0009667741251178086,
            0.0002865346032194793
          ],
          "class_index": 29,
          "conditional_hand_mass": 0.009049773810439787,
          "expected_action_loss_bb": 0.0007010102764595473,
          "hand": "54o",
          "probability_on_actions_losing_over_0_1bb": 0.0013404167475528084,
          "reference_expected_action_loss_bb": 0.0006291222468376651,
          "reference_probabilities": [
            0.9988009333610535,
            0.00008710801921552047,
            0.0008437836659140885,
            0.00026816988247446716
          ]
        },
        {
          "action_values_bb": [
            0.0,
            -0.7608159780502319,
            -0.542396068572998,
            -0.5362520217895508
          ],
          "candidate_probabilities": [
            0.9988564252853394,
            0.00008710801921552047,
            0.0008310434059239924,
            0.00022545098909176886
          ],
          "class_index": 30,
          "conditional_hand_mass": 0.009049773810439787,
          "expected_action_loss_bb": 0.0006379263977370772,
          "hand": "64o",
          "probability_on_actions_losing_over_0_1bb": 0.0011436024142312817,
          "reference_expected_action_loss_bb": 0.0006528543839810046,
          "reference_probabilities": [
            0.998828649520874,
            0.00008710802649147809,
            0.0008374634198844433,
            0.0002467950398568064
          ]
        },
        {
          "action_values_bb": [
            0.0,
            -0.8026442527770996,
            -0.6108141541481018,
            -0.5686756372451782
          ],
          "candidate_probabilities": [
            0.9988736510276794,
            0.00008710801193956286,
            0.0008267512894235551,
            0.0002124762104358524
          ],
          "class_index": 31,
          "conditional_hand_mass": 0.009049773810439787,
          "expected_action_loss_bb": 0.0006957381790632794,
          "hand": "74o",
          "probability_on_actions_losing_over_0_1bb": 0.0011263355117989704,
          "reference_expected_action_loss_bb": 0.0007038519924976762,
          "reference_probabilities": [
            0.9988596439361572,
            0.00008710801921552047,
            0.0008299945038743317,
            0.00022326057660393417
          ]
        },
        {
          "action_values_bb": [
            0.0,
            -0.7601474523544312,
            -0.5329841375350952,
            -0.5434756278991699
          ],
          "candidate_probabilities": [
            0.9987683296203613,
            0.00008710802649147809,
            0.0008504910510964692,
            0.0002940809354186058
          ],
          "class_index": 32,
          "conditional_hand_mass": 0.009049773810439787,
          "expected_action_loss_bb": 0.0006793390047968896,
          "hand": "84o",
          "probability_on_actions_losing_over_0_1bb": 0.001231680013006553,
          "reference_expected_action_loss_bb": 0.0007470611722529604,
          "reference_probabilities": [
            0.9986416101455688,
            0.00008710801193956286,
            0.0009618444601073861,
            0.00030948655330576
          ]
        },
        {
          "action_values_bb": [
            0.0,
            -0.8002828359603882,
            -0.5979315042495728,
            -0.5659775733947754
          ],
          "candidate_probabilities": [
            0.9987526535987854,
            0.00008710801193956286,
            0.0008533866493962705,
            0.00030682608485221863
          ],
          "class_index": 33,
          "conditional_hand_mass": 0.009049773810439787,
          "expected_action_loss_bb": 0.0007536344927687576,
          "hand": "94o",
          "probability_on_actions_losing_over_0_1bb": 0.001247320746188052,
          "reference_expected_action_loss_bb": 0.0007570679297742074,
          "reference_probabilities": [
            0.9987466335296631,
            0.00008710801193956286,
            0.0008547704201191664,
            0.000311430572764948
          ]
        },
        {
          "action_values_bb": [
            0.0,
            -0.7532658576965332,
            -0.5151430368423462,
            -0.48114603757858276
          ],
          "candidate_probabilities": [
            0.9978857636451721,
            0.00008710801921552047,
            0.0015460894210264087,
            0.00048104877350851893
          ],
          "class_index": 34,
          "conditional_hand_mass": 0.009049773810439787,
          "expected_action_loss_bb": 0.001093527407639655,
          "hand": "T4o",
          "probability_on_actions_losing_over_0_1bb": 0.002114246213750448,
          "reference_expected_action_loss_bb": 0.0010313529613944043,
          "reference_probabilities": [
            0.9980076551437378,
            0.00008710801193956286,
            0.0014425971312448382,
            0.0004626321024261415
          ]
        },
        {
          "action_values_bb": [
            0.0,
            -0.5618337392807007,
            -0.40380555391311646,
            -0.38305890560150146
          ],
          "candidate_probabilities": [
            0.9972564578056335,
            0.0004247525939717889,
            0.001718078856356442,
            0.0006007148767821491
          ],
          "class_index": 35,
          "conditional_hand_mass": 0.009049773810439787,
          "expected_action_loss_bb": 0.0011625193056764849,
          "hand": "J4o",
          "probability_on_actions_losing_over_0_1bb": 0.00274354632711038,
          "reference_expected_action_loss_bb": 0.0012008380137743732,
          "reference_probabilities": [
            0.99715656042099,
            0.00041449296986684203,
            0.0018079006113111973,
            0.0006211096188053489
          ]
        },
        {
          "action_values_bb": [
            0.0,
            -0.44513845443725586,
            -0.2938174605369568,
            -0.2591310143470764
          ],
          "candidate_probabilities": [
            0.9960080981254578,
            0.0005208303336985409,
            0.0025557212065905333,
            0.0009153010905720294
          ],
          "class_index": 36,
          "conditional_hand_mass": 0.009049773810439787,
          "expected_action_loss_bb": 0.0012199400245604015,
          "hand": "Q4o",
          "probability_on_actions_losing_over_0_1bb": 0.0039918526308611035,
          "reference_expected_action_loss_bb": 0.0011577735933184403,
          "reference_probabilities": [
            0.9962270259857178,
            0.0005337718175724149,
            0.0023293604608625174,
            0.0009098272421397269
          ]
        },
        {
          "action_values_bb": [
            0.0,
            -0.22902095317840576,
            -0.07084116339683533,
            -0.05200505256652832
          ],
          "candidate_probabilities": [
            0.9874066114425659,
            0.00040459944284521043,
            0.0075684222392737865,
            0.0046203238889575005
          ],
          "class_index": 37,
          "conditional_hand_mass": 0.009049773810439787,
          "expected_action_loss_bb": 0.00086909777328412,
          "hand": "K4o",
          "probability_on_actions_losing_over_0_1bb": 0.00040459944284521043,
          "reference_expected_action_loss_bb": 0.0012779028789798239,
          "reference_probabilities": [
            0.9816305041313171,
            0.0003753966302610934,
            0.013598604127764702,
            0.004395500756800175
          ]
        },
        {
          "action_values_bb": [
            0.0,
            -0.18520350754261017,
            0.09600958973169327,
            0.23691493272781372
          ],
          "candidate_probabilities": [
            0.00008710801921552047,
            0.0001883209915831685,
            0.002817996311932802,
            0.996906578540802
          ],
          "class_index": 38,
          "conditional_hand_mass": 0.009049773810439787,
          "expected_action_loss_bb": 0.0004972016906444588,
          "hand": "A4o",
          "probability_on_actions_losing_over_0_1bb": 0.003093425322731491,
          "reference_expected_action_loss_bb": 0.0004764917651491696,
          "reference_probabilities": [
            0.00008710801921552047,
            0.00016034985310398042,
            0.002754813525825739,
            0.9969977140426636
          ]
        },
        {
          "action_values_bb": [
            0.0,
            -0.7265744209289551,
            -0.48880457878112793,
            -0.4748644232749939
          ],
          "candidate_probabilities": [
            0.9985896348953247,
            0.00008710802649147809,
            0.0010346409399062395,
            0.000288665818516165
          ],
          "class_index": 39,
          "conditional_hand_mass": 0.0030165911925363843,
          "expected_action_loss_bb": 0.0007061048201557722,
          "hand": "52s",
          "probability_on_actions_losing_over_0_1bb": 0.0014104147849138826,
          "reference_expected_action_loss_bb": 0.000604231221672847,
          "reference_probabilities": [
            0.9987985491752625,
            0.00008710802649147809,
            0.0008453354239463806,
            0.0002689966349862516
          ]
        },
        {
          "action_values_bb": [
            0.0,
            -0.6877976059913635,
            -0.42261722683906555,
            -0.39386695623397827
          ],
          "candidate_probabilities": [
            0.9980365633964539,
            0.00008710804104339331,
            0.0014883105177432299,
            0.0003881016746163368
          ],
          "class_index": 40,
          "conditional_hand_mass": 0.0030165911925363843,
          "expected_action_loss_bb": 0.0008417587910667474,
          "hand": "53s",
          "probability_on_actions_losing_over_0_1bb": 0.00196352023340296,
          "reference_expected_action_loss_bb": 0.0007833769214109208,
          "reference_probabilities": [
            0.9981756806373596,
            0.0000871080337674357,
            0.0013640859397128224,
            0.00037316663656383753
          ]
        },
        {
          "action_values_bb": [
            0.0,
            -0.6196314096450806,
            -0.306972473859787,
            -0.29462340474128723
          ],
          "candidate_probabilities": [
            0.997413694858551,
            0.00008710801193956286,
            0.0019853035919368267,
            0.0005138207343406975
          ],
          "class_index": 41,
          "conditional_hand_mass": 0.0030165911925363843,
          "expected_action_loss_bb": 0.0008147920293871853,
          "hand": "54s",
          "probability_on_actions_losing_over_0_1bb": 0.002586232338217087,
          "reference_expected_action_loss_bb": 0.0007933513028425274,
          "reference_probabilities": [
            0.9974839687347412,
            0.0000871080337674357,
            0.0019243777496740222,
            0.0005045268917456269
          ]
        },
        {
          "action_values_bb": [
            0.0,
            -0.1842452734708786,
            0.4229660630226135,
            0.6016843318939209
          ],
          "candidate_probabilities": [
            0.00008710802649147809,
            0.00008710802649147809,
            0.002154839225113392,
            0.9976709485054016
          ],
          "class_index": 42,
          "conditional_hand_mass": 0.0045248869052198935,
          "expected_action_loss_bb": 0.0005059814476149316,
          "hand": "55",
          "probability_on_actions_losing_over_0_1bb": 0.002329055278096348,
          "reference_expected_action_loss_bb": 0.000508655699023454,
          "reference_probabilities": [
            0.00008710801921552047,
            0.00008710801921552047,
            0.0021698027849197388,
            0.997655987739563
          ]
        },
        {
          "action_values_bb": [
            0.0,
            -0.717816174030304,
            -0.4695766866207123,
            -0.4476686120033264
          ],
          "candidate_probabilities": [
            0.9983731508255005,
            0.00008710801921552047,
            0.0011882309336215258,
            0.00035156289231963456
          ],
          "class_index": 43,
          "conditional_hand_mass": 0.009049773810439787,
          "expected_action_loss_bb": 0.0007778767618674804,
          "hand": "65o",
          "probability_on_actions_losing_over_0_1bb": 0.0016269018451566808,
          "reference_expected_action_loss_bb": 0.0008098686367763773,
          "reference_probabilities": [
            0.998304545879364,
            0.00008710801193956286,
            0.001248727785423398,
            0.0003595687448978424
          ]
        },
        {
          "action_values_bb": [
            0.0,
            -0.7470453977584839,
            -0.5149468183517456,
            -0.4646126627922058
          ],
          "candidate_probabilities": [
            0.9983294606208801,
            0.00008710801921552047,
            0.001218500197865069,
            0.00036494870437309146
          ],
          "class_index": 44,
          "conditional_hand_mass": 0.009049773810439787,
          "expected_action_loss_bb": 0.0008620962342357494,
          "hand": "75o",
          "probability_on_actions_losing_over_0_1bb": 0.0016705569214536808,
          "reference_expected_action_loss_bb": 0.0007958696570145151,
          "reference_probabilities": [
            0.9984594583511353,
            0.00008710801193956286,
            0.001103044836781919,
            0.00035037053748965263
          ]
        },
        {
          "action_values_bb": [
            0.0,
            -0.7260901927947998,
            -0.47453027963638306,
            -0.46025168895721436
          ],
          "candidate_probabilities": [
            0.9981829524040222,
            0.00008710801193956286,
            0.001329622813500464,
            0.0004003114008810371
          ],
          "class_index": 45,
          "conditional_hand_mass": 0.009049773810439787,
          "expected_action_loss_bb": 0.0008784385570487843,
          "hand": "85o",
          "probability_on_actions_losing_over_0_1bb": 0.001817042226321064,
          "reference_expected_action_loss_bb": 0.0009222349990448062,
          "reference_probabilities": [
            0.9980903267860413,
            0.00008710802649147809,
            0.001410566153936088,
            0.0004120144876651466
          ]
        },
        {
          "action_values_bb": [
            0.0,
            -0.711784839630127,
            -0.44806551933288574,
            -0.44232290983200073
          ],
          "candidate_probabilities": [
            0.9978160262107849,
            0.00008710801193956286,
            0.001623131101951003,
            0.0004737602430395782
          ],
          "class_index": 46,
          "conditional_hand_mass": 0.009049773810439787,
          "expected_action_loss_bb": 0.0009988262517139183,
          "hand": "95o",
          "probability_on_actions_losing_over_0_1bb": 0.002183999356930144,
          "reference_expected_action_loss_bb": 0.000995766275490518,
          "reference_probabilities": [
            0.9978228211402893,
            0.00008710801921552047,
            0.0016168587608262897,
            0.00047319603618234396
          ]
        },
        {
          "action_values_bb": [
            0.0,
            -0.6434370279312134,
            -0.42319729924201965,
            -0.424579381942749
          ],
          "candidate_probabilities": [
            0.9974494576454163,
            0.00010916762403212488,
            0.0018777429359033704,
            0.0005636526620946825
          ],
          "class_index": 47,
          "conditional_hand_mass": 0.009049773810439787,
          "expected_action_loss_bb": 0.0011042135296011751,
          "hand": "T5o",
          "probability_on_actions_losing_over_0_1bb": 0.0025505632220301777,
          "reference_expected_action_loss_bb": 0.0010738911687891445,
          "reference_probabilities": [
            0.9975335597991943,
            0.00013328641944099218,
            0.001786122564226389,
            0.0005470060859806836
          ]
        },
        {
          "action_values_bb": [
            0.0,
            -0.4994189441204071,
            -0.34533289074897766,
            -0.33055418729782104
          ],
          "candidate_probabilities": [
            0.9970541596412659,
            0.0004661653656512499,
            0.0018059328431263566,
            0.0006737474468536675
          ],
          "class_index": 48,
          "conditional_hand_mass": 0.009049773810439787,
          "expected_action_loss_bb": 0.0010791698636530914,
          "hand": "J5o",
          "probability_on_actions_losing_over_0_1bb": 0.002945845655631274,
          "reference_expected_action_loss_bb": 0.0010946407861459418,
          "reference_probabilities": [
            0.9969965815544128,
            0.0004358503210823983,
            0.0019115457544103265,
            0.0006560172769241035
          ]
        },
        {
          "action_values_bb": [
            0.0,
            -0.3328375518321991,
            -0.18043673038482666,
            -0.17466145753860474
          ],
          "candidate_probabilities": [
            0.9944736361503601,
            0.0004535093321464956,
            0.0039565484039485455,
            0.0011163185117766261
          ],
          "class_index": 49,
          "conditional_hand_mass": 0.009049773810439787,
          "expected_action_loss_bb": 0.0010598294118067068,
          "hand": "Q5o",
          "probability_on_actions_losing_over_0_1bb": 0.005526376247871667,
          "reference_expected_action_loss_bb": 0.0010741215885272902,
          "reference_probabilities": [
            0.9943870306015015,
            0.00044502655509859324,
            0.004045695997774601,
            0.0011222159955650568
          ]
        },
        {
          "action_values_bb": [
            0.0,
            -0.2041442096233368,
            -0.04462791234254837,
            -0.0015692859888076782
          ],
          "candidate_probabilities": [
            0.44916069507598877,
            0.0003541148325894028,
            0.009008822962641716,
            0.5414763689041138
          ],
          "class_index": 50,
          "conditional_hand_mass": 0.009049773810439787,
          "expected_action_loss_bb": 0.0013240667330928586,
          "hand": "K5o",
          "probability_on_actions_losing_over_0_1bb": 0.0003541148325894028,
          "reference_expected_action_loss_bb": 0.0015787641059083132,
          "reference_probabilities": [
            0.42271751165390015,
            0.0003716701176017523,
            0.013877632096409798,
            0.5630331635475159
          ]
        },
        {
          "action_values_bb": [
            0.0,
            -0.34468716382980347,
            0.1635090559720993,
            0.3188510537147522
          ],
          "candidate_probabilities": [
            0.00008710801193956286,
            0.00008710801193956286,
            0.001873847795650363,
            0.9979519248008728
          ],
          "class_index": 51,
          "conditional_hand_mass": 0.009049773810439787,
          "expected_action_loss_bb": 0.00037666123641214803,
          "hand": "A5o",
          "probability_on_actions_losing_over_0_1bb": 0.0020480638195294887,
          "reference_expected_action_loss_bb": 0.00041153841695833714,
          "reference_probabilities": [
            0.00008710802649147809,
            0.00008710802649147809,
            0.0020983663853257895,
            0.9977273941040039
          ]
        },
        {
          "action_values_bb": [
            0.0,
            -0.8047075271606445,
            -0.6190699338912964,
            -0.5559525489807129
          ],
          "candidate_probabilities": [
            0.9988924860954285,
            0.0000871080337674357,
            0.0008228866499848664,
            0.00019752206571865827
          ],
          "class_index": 52,
          "conditional_hand_mass": 0.0030165911925363843,
          "expected_action_loss_bb": 0.0006893337703712046,
          "hand": "62s",
          "probability_on_actions_losing_over_0_1bb": 0.0011075167494709603,
          "reference_expected_action_loss_bb": 0.0006779869060479088,
          "reference_probabilities": [
            0.9989123344421387,
            0.00008710802649147809,
            0.0008182876626960933,
            0.00018223341612610966
          ]
        },
        {
          "action_values_bb": [
            0.0,
            -0.7026062607765198,
            -0.4458979368209839,
            -0.42283517122268677
          ],
          "candidate_probabilities": [
            0.9981753826141357,
            0.00008710802649147809,
            0.00136950786691159,
            0.0003680258523672819
          ],
          "class_index": 53,
          "conditional_hand_mass": 0.0030165911925363843,
          "expected_action_loss_bb": 0.000827477651392879,
          "hand": "63s",
          "probability_on_actions_losing_over_0_1bb": 0.00182464174577035,
          "reference_expected_action_loss_bb": 0.0007715987530289162,
          "reference_probabilities": [
            0.9983012676239014,
            0.00008710801193956286,
            0.001256630290299654,
            0.0003549072425812483
          ]
        },
        {
          "action_values_bb": [
            0.0,
            -0.665651798248291,
            -0.3841680884361267,
            -0.34341585636138916
          ],
          "candidate_probabilities": [
            0.9976652264595032,
            0.00008710802649147809,
            0.0017707057995721698,
            0.0004769180086441338
          ],
          "class_index": 54,
          "conditional_hand_mass": 0.0030165911925363843,
          "expected_action_loss_bb": 0.0009020134830330095,
          "hand": "64s",
          "probability_on_actions_losing_over_0_1bb": 0.0023347318347077817,
          "reference_expected_action_loss_bb": 0.0008440713696871265,
          "reference_probabilities": [
            0.9978181719779968,
            0.0000871080337674357,
            0.0016374969854950905,
            0.00045721145579591393
          ]
        },
        {
          "action_values_bb": [
            0.0,
            -0.6094062328338623,
            -0.2891431450843811,
            -0.245852530002594
          ],
          "candidate_probabilities": [
            0.996948778629303,
            0.0000871080337674357,
            0.0023606333415955305,
            0.0006034788675606251
          ],
          "class_index": 55,
          "conditional_hand_mass": 0.0030165911925363843,
          "expected_action_loss_bb": 0.0008840119338806417,
          "hand": "65s",
          "probability_on_actions_losing_over_0_1bb": 0.0030512202429235913,
          "reference_expected_action_loss_bb": 0.0007937291764412956,
          "reference_probabilities": [
            0.9972646236419678,
            0.00008710802649147809,
            0.0020691053941845894,
            0.000579116924200207
          ]
        },
        {
          "action_values_bb": [
            0.0,
            -0.09329961240291595,
            0.5776965022087097,
            0.7623277902603149
          ],
          "candidate_probabilities": [
            0.0000871080337674357,
            0.0000871080337674357,
            0.0018890401115640998,
            0.9979367852210999
          ],
          "class_index": 56,
          "conditional_hand_mass": 0.0045248869052198935,
          "expected_action_loss_bb": 0.00048971280455861,
          "hand": "66",
          "probability_on_actions_losing_over_0_1bb": 0.002063256179098971,
          "reference_expected_action_loss_bb": 0.00042829322155320227,
          "reference_probabilities": [
            0.00008710801921552047,
            0.00008710801921552047,
            0.0015563794877380133,
            0.9982693791389465
          ]
        },
        {
          "action_values_bb": [
            0.0,
            -0.6629214882850647,
            -0.37729987502098083,
            -0.3520958423614502
          ],
          "candidate_probabilities": [
            0.9975118637084961,
            0.00008710802649147809,
            0.0018834891961887479,
            0.000517524778842926
          ],
          "class_index": 57,
          "conditional_hand_mass": 0.009049773810439787,
          "expected_action_loss_bb": 0.000950604343838311,
          "hand": "76o",
          "probability_on_actions_losing_over_0_1bb": 0.002488122001523152,
          "reference_expected_action_loss_bb": 0.0009117922698194374,
          "reference_probabilities": [
            0.9976157546043396,
            0.00008710802649147809,
            0.00179438351187855,
            0.0005027773440815508
          ]
        },
        {
          "action_values_bb": [
            0.0,
            -0.6620475053787231,
            -0.36936914920806885,
            -0.35635554790496826
          ],
          "candidate_probabilities": [
            0.9975996017456055,
            0.00008710801921552047,
            0.0017889596056193113,
            0.0005242766346782446
          ],
          "class_index": 58,
          "conditional_hand_mass": 0.009049773810439787,
          "expected_action_loss_bb": 0.0009052850217198634,
          "hand": "86o",
          "probability_on_actions_losing_over_0_1bb": 0.0024003442595130764,
          "reference_expected_action_loss_bb": 0.000944321301111317,
          "reference_probabilities": [
            0.9974933862686157,
            0.00008710801921552047,
            0.0018782836850732565,
            0.000541233632247895
          ]
        },
        {
          "action_values_bb": [
            0.0,
            -0.5991902351379395,
            -0.3707868158817291,
            -0.3533620238304138
          ],
          "candidate_probabilities": [
            0.9972577691078186,
            0.00011616194387897849,
            0.0020243171602487564,
            0.0006018137792125344
          ],
          "class_index": 59,
          "conditional_hand_mass": 0.009049773810439787,
          "expected_action_loss_bb": 0.0010328513516418766,
          "hand": "96o",
          "probability_on_actions_losing_over_0_1bb": 0.0027422928833402693,
          "reference_expected_action_loss_bb": 0.0010018315047367193,
          "reference_probabilities": [
            0.9973511099815369,
            0.00013090648280922323,
            0.0019317101687192917,
            0.0005862003890797496
          ]
        },
        {
          "action_values_bb": [
            0.0,
            -0.5268986225128174,
            -0.37339502573013306,
            -0.34045204520225525
          ],
          "candidate_probabilities": [
            0.9971303343772888,
            0.00041195249650627375,
            0.001831543049775064,
            0.000626112800091505
          ],
          "class_index": 60,
          "conditional_hand_mass": 0.009049773810439787,
          "expected_action_loss_bb": 0.001114107650464942,
          "hand": "T6o",
          "probability_on_actions_losing_over_0_1bb": 0.002869608346372843,
          "reference_expected_action_loss_bb": 0.0011205781379287644,
          "reference_probabilities": [
            0.9971035718917847,
            0.0003902181051671505,
            0.0018737547798082232,
            0.0006324592395685613
          ]
        },
        {
          "action_values_bb": [
            0.0,
            -0.48197638988494873,
            -0.3282203674316406,
            -0.298961341381073
          ],
          "candidate_probabilities": [
            0.9969044923782349,
            0.0004861315537709743,
            0.0018763518892228603,
            0.0007330141961574554
          ],
          "class_index": 61,
          "conditional_hand_mass": 0.009049773810439787,
          "expected_action_loss_bb": 0.0010693037451420771,
          "hand": "J6o",
          "probability_on_actions_losing_over_0_1bb": 0.00309549763915129,
          "reference_expected_action_loss_bb": 0.0010904190248522405,
          "reference_probabilities": [
            0.9968416094779968,
            0.0004884286900050938,
            0.0019405552884563804,
            0.000729452702216804
          ]
        },
        {
          "action_values_bb": [
            0.0,
            -0.3042187988758087,
            -0.1544550359249115,
            -0.1266147792339325
          ],
          "candidate_probabilities": [
            0.994604229927063,
            0.0005255410214886069,
            0.003609389066696167,
            0.0012608298566192389
          ],
          "class_index": 62,
          "conditional_hand_mass": 0.009049773810439787,
          "expected_action_loss_bb": 0.0008770074702281645,
          "hand": "Q6o",
          "probability_on_actions_losing_over_0_1bb": 0.005395759944804013,
          "reference_expected_action_loss_bb": 0.0011053535127121565,
          "reference_probabilities": [
            0.9930832386016846,
            0.00048720682389102876,
            0.005138796288520098,
            0.0012907108757644892
          ]
        },
        {
          "action_values_bb": [
            0.0,
            -0.1792851984500885,
            0.022739149630069733,
            0.06920915842056274
          ],
          "candidate_probabilities": [
            0.00008710801921552047,
            0.00014413584722205997,
            0.01758928969502449,
            0.9821795225143433
          ],
          "class_index": 63,
          "conditional_hand_mass": 0.009049773810439787,
          "expected_action_loss_bb": 0.0008592200641053568,
          "hand": "K6o",
          "probability_on_actions_losing_over_0_1bb": 0.00014413584722205997,
          "reference_expected_action_loss_bb": 0.0008877773891159311,
          "reference_probabilities": [
            0.00008710801921552047,
            0.00025129655841737986,
            0.017630789428949356,
            0.9820308089256287
          ]
        },
        {
          "action_values_bb": [
            0.0,
            -0.3323294222354889,
            0.18580637872219086,
            0.33994412422180176
          ],
          "candidate_probabilities": [
            0.00008710801921552047,
            0.00008710801921552047,
            0.0021066814661026,
            0.9977191090583801
          ],
          "class_index": 64,
          "conditional_hand_mass": 0.009049773810439787,
          "expected_action_loss_bb": 0.0004128914079786735,
          "hand": "A6o",
          "probability_on_actions_losing_over_0_1bb": 0.002280897504533641,
          "reference_expected_action_loss_bb": 0.00042388530646408993,
          "reference_probabilities": [
            0.00008710802649147809,
            0.00008710802649147809,
            0.002178006572648883,
            0.997647762298584
          ]
        },
        {
          "action_values_bb": [
            0.0,
            -0.7889705896377563,
            -0.5893611907958984,
            -0.5454067587852478
          ],
          "candidate_probabilities": [
            0.9988532066345215,
            0.00008710802649147809,
            0.0008316201856359839,
            0.00022808671928942204
          ],
          "class_index": 65,
          "conditional_hand_mass": 0.0030165911925363843,
          "expected_action_loss_bb": 0.0006832503722090967,
          "hand": "72s",
          "probability_on_actions_losing_over_0_1bb": 0.001146814931416884,
          "reference_expected_action_loss_bb": 0.0006802505621703965,
          "reference_probabilities": [
            0.998858630657196,
            0.0000871080337674357,
            0.0008303719223476946,
            0.0002239354362245649
          ]
        },
        {
          "action_values_bb": [
            0.0,
            -0.6992249488830566,
            -0.43821847438812256,
            -0.42363595962524414
          ],
          "candidate_probabilities": [
            0.9977683424949646,
            0.00008710802649147809,
            0.0017142787110060453,
            0.000430273445090279
          ],
          "class_index": 66,
          "conditional_hand_mass": 0.0030165911925363843,
          "expected_action_loss_bb": 0.0009944160105959943,
          "hand": "73s",
          "probability_on_actions_losing_over_0_1bb": 0.0022316601825878024,
          "reference_expected_action_loss_bb": 0.0008299005969540502,
          "reference_probabilities": [
            0.9981452822685242,
            0.00008710802649147809,
            0.0013837941223755479,
            0.0003837925905827433
          ]
        },
        {
          "action_values_bb": [
            0.0,
            -0.6991556882858276,
            -0.43839365243911743,
            -0.36949384212493896
          ],
          "candidate_probabilities": [
            0.9982728362083435,
            0.00008710802649147809,
            0.0012368690222501755,
            0.0004032094730064273
          ],
          "class_index": 67,
          "conditional_hand_mass": 0.0030165911925363843,
          "expected_action_loss_bb": 0.0007521210178322406,
          "hand": "74s",
          "probability_on_actions_losing_over_0_1bb": 0.0017271865217480808,
          "reference_expected_action_loss_bb": 0.0008733202389042917,
          "reference_probabilities": [
            0.9979903697967529,
            0.0000871080337674357,
            0.0014811957953497767,
            0.0004413370625115931
          ]
        },
        {
          "action_values_bb": [
            0.0,
            -0.6415592432022095,
            -0.34051862359046936,
            -0.26983702182769775
          ],
          "candidate_probabilities": [
            0.9976155757904053,
            0.00008710802649147809,
            0.0017585668247193098,
            0.0005387230776250362
          ],
          "class_index": 68,
          "conditional_hand_mass": 0.0030165911925363843,
          "expected_action_loss_bb": 0.0008000771450541837,
          "hand": "75s",
          "probability_on_actions_losing_over_0_1bb": 0.002384397928835824,
          "reference_expected_action_loss_bb": 0.0008640261166016454,
          "reference_probabilities": [
            0.9974218606948853,
            0.00008710802649147809,
            0.001923590200021863,
            0.000567464274354279
          ]
        },
        {
          "action_values_bb": [
            0.0,
            -0.5631964206695557,
            -0.21114963293075562,
            -0.16227604448795319
          ],
          "candidate_probabilities": [
            0.9961261749267578,
            0.0000871080337674357,
            0.0030792132019996643,
            0.000707509636413306
          ],
          "class_index": 69,
          "conditional_hand_mass": 0.0030165911925363843,
          "expected_action_loss_bb": 0.0008140455353814096,
          "hand": "76s",
          "probability_on_actions_losing_over_0_1bb": 0.003873830872180406,
          "reference_expected_action_loss_bb": 0.0008707707153360325,
          "reference_probabilities": [
            0.9958468675613403,
            0.00008710802649147809,
            0.0033124105539172888,
            0.0007536387420259416
          ]
        },
        {
          "action_values_bb": [
            0.0,
            -0.03999129682779312,
            0.6702810525894165,
            0.8926324248313904
          ],
          "candidate_probabilities": [
            0.00008710801921552047,
            0.00008710801921552047,
            0.001400575740262866,
            0.9984251856803894
          ],
          "class_index": 70,
          "conditional_hand_mass": 0.0045248869052198935,
          "expected_action_loss_bb": 0.0004704143852580144,
          "hand": "77",
          "probability_on_actions_losing_over_0_1bb": 0.001574791778693907,
          "reference_expected_action_loss_bb": 0.0004579234102674376,
          "reference_probabilities": [
            0.00008710801193956286,
            0.00008710801193956286,
            0.0013443990610539913,
            0.9984813928604126
          ]
        },
        {
          "action_values_bb": [
            0.0,
            -0.5301065444946289,
            -0.31865599751472473,
            -0.27393558621406555
          ],
          "candidate_probabilities": [
            0.9971389770507812,
            0.00012288997822906822,
            0.002103666542097926,
            0.0006345157162286341
          ],
          "class_index": 71,
          "conditional_hand_mass": 0.009049773810439787,
          "expected_action_loss_bb": 0.0009093071768097264,
          "hand": "87o",
          "probability_on_actions_losing_over_0_1bb": 0.0028610722365556285,
          "reference_expected_action_loss_bb": 0.0009112017054616721,
          "reference_probabilities": [
            0.9971556663513184,
            0.00015616253949701786,
            0.0020576966926455498,
            0.000630518770776689
          ]
        },
        {
          "action_values_bb": [
            0.0,
            -0.4857805669307709,
            -0.3326549828052521,
            -0.27714258432388306
          ],
          "candidate_probabilities": [
            0.9970534443855286,
            0.00034954477450810373,
            0.0019512264989316463,
            0.0006457999115809798
          ],
          "class_index": 72,
          "conditional_hand_mass": 0.009049773810439787,
          "expected_action_loss_bb": 0.000997865932631182,
          "hand": "97o",
          "probability_on_actions_losing_over_0_1bb": 0.00294657118502073,
          "reference_expected_action_loss_bb": 0.0009927797405123902,
          "reference_probabilities": [
            0.997061014175415,
            0.0003332521300762892,
            0.001959047978743911,
            0.0006466175545938313
          ]
        },
        {
          "action_values_bb": [
            0.0,
            -0.4431530237197876,
            -0.29690930247306824,
            -0.24597570300102234
          ],
          "candidate_probabilities": [
            0.9968886971473694,
            0.0005010276800021529,
            0.001832359004765749,
            0.0007779010338708758
          ],
          "class_index": 73,
          "conditional_hand_mass": 0.009049773810439787,
          "expected_action_loss_bb": 0.000957421119017119,
          "hand": "T7o",
          "probability_on_actions_losing_over_0_1bb": 0.0031112877186387777,
          "reference_expected_action_loss_bb": 0.0010790436422735885,
          "reference_probabilities": [
            0.9964566826820374,
            0.00045910649350844324,
            0.0022961266804486513,
            0.0007880771881900728
          ]
        },
        {
          "action_values_bb": [
            0.0,
            -0.39846882224082947,
            -0.2514197826385498,
            -0.2049742192029953
          ],
          "candidate_probabilities": [
            0.9956708550453186,
            0.0005719507462345064,
            0.002801379654556513,
            0.000955821480602026
          ],
          "class_index": 74,
          "conditional_hand_mass": 0.009049773810439787,
          "expected_action_loss_bb": 0.0011281455657523327,
          "hand": "J7o",
          "probability_on_actions_losing_over_0_1bb": 0.004329151881393045,
          "reference_expected_action_loss_bb": 0.00116184178399187,
          "reference_probabilities": [
            0.9955200552940369,
            0.0005512796924449503,
            0.0029476406052708626,
            0.0009809958282858133
          ]
        },
        {
          "action_values_bb": [
            0.0,
            -0.30785056948661804,
            -0.16239963471889496,
            -0.10881161689758301
          ],
          "candidate_probabilities": [
            0.9916898608207703,
            0.0005585220060311258,
            0.006276614032685757,
            0.0014750073896721005
          ],
          "class_index": 75,
          "conditional_hand_mass": 0.009049773810439787,
          "expected_action_loss_bb": 0.001351759082813252,
          "hand": "Q7o",
          "probability_on_actions_losing_over_0_1bb": 0.008310143428388983,
          "reference_expected_action_loss_bb": 0.0010032085393075693,
          "reference_probabilities": [
            0.9937945008277893,
            0.0005751058924943209,
            0.003984401002526283,
            0.0016459326725453138
          ]
        },
        {
          "action_values_bb": [
            0.0,
            -0.14219282567501068,
            0.03841383755207062,
            0.10876117646694183
          ],
          "candidate_probabilities": [
            0.00008710802649147809,
            0.00016011696425266564,
            0.010714753530919552,
            0.9890380501747131
          ],
          "class_index": 76,
          "conditional_hand_mass": 0.009049773810439787,
          "expected_action_loss_bb": 0.0008034103624598638,
          "hand": "K7o",
          "probability_on_actions_losing_over_0_1bb": 0.0002472249907441437,
          "reference_expected_action_loss_bb": 0.0005886744477875973,
          "reference_probabilities": [
            0.00008710802649147809,
            0.0003017366980202496,
            0.007157036103308201,
            0.9924541115760803
          ]
        },
        {
          "action_values_bb": [
            0.0,
            -0.3320809602737427,
            0.18456043303012848,
            0.39459115266799927
          ],
          "candidate_probabilities": [
            0.00008710801921552047,
            0.00012906704796478152,
            0.0015906175831332803,
            0.9981932044029236
          ],
          "class_index": 77,
          "conditional_hand_mass": 0.009049773810439787,
          "expected_action_loss_bb": 0.000462240033818733,
          "hand": "A7o",
          "probability_on_actions_losing_over_0_1bb": 0.0018067926503135823,
          "reference_expected_action_loss_bb": 0.0004361324314343801,
          "reference_probabilities": [
            0.00008710801921552047,
            0.00008710801921552047,
            0.001611485262401402,
            0.9982143044471741
          ]
        },
        {
          "action_values_bb": [
            0.0,
            -0.711412787437439,
            -0.45384681224823,
            -0.45187491178512573
          ],
          "candidate_probabilities": [
            0.9979961514472961,
            0.00008710802649147809,
            0.0015108477091416717,
            0.0004059099592268467
          ],
          "class_index": 78,
          "conditional_hand_mass": 0.0030165911925363843,
          "expected_action_loss_bb": 0.0009310837075393007,
          "hand": "82s",
          "probability_on_actions_losing_over_0_1bb": 0.0020038656948599964,
          "reference_expected_action_loss_bb": 0.000857974900774573,
          "reference_probabilities": [
            0.9981573820114136,
            0.0000871080337674357,
            0.0013700858689844608,
            0.0003854961250908673
          ]
        },
        {
          "action_values_bb": [
            0.0,
            -0.6948226690292358,
            -0.42572250962257385,
            -0.43443620204925537
          ],
          "candidate_probabilities": [
            0.9978548884391785,
            0.00008710804104339331,
            0.0016223873244598508,
            0.00043562817154452205
          ],
          "class_index": 79,
          "conditional_hand_mass": 0.0030165911925363843,
          "expected_action_loss_bb": 0.0009404640932720431,
          "hand": "83s",
          "probability_on_actions_losing_over_0_1bb": 0.002145123537047766,
          "reference_expected_action_loss_bb": 0.0008963303221291392,
          "reference_probabilities": [
            0.9979583024978638,
            0.0000871080337674357,
            0.001532715279608965,
            0.00042191302054561675
          ]
        },
        {
          "action_values_bb": [
            0.0,
            -0.6575515270233154,
            -0.362545907497406,
            -0.3442307710647583
          ],
          "candidate_probabilities": [
            0.9975916743278503,
            0.0000871080337674357,
            0.0018043422605842352,
            0.0005169482319615781
          ],
          "class_index": 80,
          "conditional_hand_mass": 0.0030165911925363843,
          "expected_action_loss_bb": 0.000889384411407906,
          "hand": "84s",
          "probability_on_actions_losing_over_0_1bb": 0.002408398526313249,
          "reference_expected_action_loss_bb": 0.0009019073278190484,
          "reference_probabilities": [
            0.997556746006012,
            0.0000871080337674357,
            0.0018344413256272674,
            0.0005216271383687854
          ]
        },
        {
          "action_values_bb": [
            0.0,
            -0.5976123809814453,
            -0.26199182868003845,
            -0.24324233829975128
          ],
          "candidate_probabilities": [
            0.9968051314353943,
            0.0000871080337674357,
            0.0024714756291359663,
            0.0006363061838783324
          ],
          "class_index": 81,
          "conditional_hand_mass": 0.0030165911925363843,
          "expected_action_loss_bb": 0.0008543398631190068,
          "hand": "85s",
          "probability_on_actions_losing_over_0_1bb": 0.0031948898467817344,
          "reference_expected_action_loss_bb": 0.0008542560095737952,
          "reference_probabilities": [
            0.9968054890632629,
            0.0000871080337674357,
            0.0024712502490729094,
            0.000636204204056412
          ]
        },
        {
          "action_values_bb": [
            0.0,
            -0.5717159509658813,
            -0.22005505859851837,
            -0.17534483969211578
          ],
          "candidate_probabilities": [
            0.9947589635848999,
            0.0000871080337674357,
            0.004327873699367046,
            0.0008260535541921854
          ],
          "class_index": 82,
          "conditional_hand_mass": 0.0030165911925363843,
          "expected_action_loss_bb": 0.0011470157809202507,
          "hand": "86s",
          "probability_on_actions_losing_over_0_1bb": 0.0052410352873266675,
          "reference_expected_action_loss_bb": 0.0008857663803595022,
          "reference_probabilities": [
            0.9959511160850525,
            0.00008710804104339331,
            0.003160027088597417,
            0.000801765127107501
          ]
        },
        {
          "action_values_bb": [
            0.0,
            -0.5138517618179321,
            -0.12296756356954575,
            -0.07749645411968231
          ],
          "candidate_probabilities": [
            0.9842450618743896,
            0.0000871080337674357,
            0.014522725716233253,
            0.0011451191967353225
          ],
          "class_index": 83,
          "conditional_hand_mass": 0.0030165911925363843,
          "expected_action_loss_bb": 0.0019193274916252485,
          "hand": "87s",
          "probability_on_actions_losing_over_0_1bb": 0.01460983375000069,
          "reference_expected_action_loss_bb": 0.0010037896655158375,
          "reference_probabilities": [
            0.9916945695877075,
            0.0000871080337674357,
            0.007084464188665152,
            0.001133855083025992
          ]
        },
        {
          "action_values_bb": [
            0.0,
            0.0658852830529213,
            0.8455483913421631,
            1.0645637512207031
          ],
          "candidate_probabilities": [
            0.00008710801921552047,
            0.00008710801921552047,
            0.001285028294660151,
            0.9985407590866089
          ],
          "class_index": 84,
          "conditional_hand_mass": 0.0045248869052198935,
          "expected_action_loss_bb": 0.0004611658773018648,
          "hand": "88",
          "probability_on_actions_losing_over_0_1bb": 0.001459244333091192,
          "reference_expected_action_loss_bb": 0.0004489718556986802,
          "reference_probabilities": [
            0.00008710801921552047,
            0.00008710801921552047,
            0.0012293517356738448,
            0.9985964298248291
          ]
        },
        {
          "action_values_bb": [
            0.0,
            -0.37840500473976135,
            -0.21907472610473633,
            -0.17746621370315552
          ],
          "candidate_probabilities": [
            0.995723307132721,
            0.00030613105627708137,
            0.002986423671245575,
            0.0009841754799708724
          ],
          "class_index": 85,
          "conditional_hand_mass": 0.009049773810439787,
          "expected_action_loss_bb": 0.0009447493676622591,
          "hand": "98o",
          "probability_on_actions_losing_over_0_1bb": 0.004276730207493529,
          "reference_expected_action_loss_bb": 0.0010118527188553899,
          "reference_probabilities": [
            0.9954352378845215,
            0.0003211138828191906,
            0.0032982637640088797,
            0.0009453934035263956
          ]
        },
        {
          "action_values_bb": [
            0.0,
            -0.31283044815063477,
            -0.16151529550552368,
            -0.1402623951435089
          ],
          "candidate_probabilities": [
            0.9916618466377258,
            0.0002892618649639189,
            0.0067836325615644455,
            0.0012652368750423193
          ],
          "class_index": 86,
          "conditional_hand_mass": 0.009049773810439787,
          "expected_action_loss_bb": 0.0013636154911488493,
          "hand": "T8o",
          "probability_on_actions_losing_over_0_1bb": 0.008338131301570684,
          "reference_expected_action_loss_bb": 0.001076328416170766,
          "reference_probabilities": [
            0.9935567378997803,
            0.0003990314435213804,
            0.004880816675722599,
            0.001163338776677847
          ]
        },
        {
          "action_values_bb": [
            0.0,
            -0.2542537450790405,
            -0.1115582138299942,
            -0.09288102388381958
          ],
          "candidate_probabilities": [
            0.9914586544036865,
            0.0005305410013534129,
            0.006401541642844677,
            0.0016091872239485383
          ],
          "class_index": 87,
          "conditional_hand_mass": 0.009049773810439787,
          "expected_action_loss_bb": 0.0009984995449272699,
          "hand": "J8o",
          "probability_on_actions_losing_over_0_1bb": 0.00693208264419809,
          "reference_expected_action_loss_bb": 0.0012458351268905196,
          "reference_probabilities": [
            0.9892296195030212,
            0.0005133287631906569,
            0.008707921020686626,
            0.001549070468172431
          ]
        },
        {
          "action_values_bb": [
            0.0,
            -0.18441522121429443,
            -0.0403437539935112,
            0.0066776275634765625
          ],
          "candidate_probabilities": [
            0.03545273467898369,
            0.0004493874730542302,
            0.01905445009469986,
            0.9450434446334839
          ],
          "class_index": 88,
          "conditional_hand_mass": 0.009049773810439787,
          "expected_action_loss_bb": 0.0012185814589854432,
          "hand": "Q8o",
          "probability_on_actions_losing_over_0_1bb": 0.0004493874730542302,
          "reference_expected_action_loss_bb": 0.0013529048887520531,
          "reference_probabilities": [
            0.0764845758676529,
            0.0005056309164501727,
            0.015855487436056137,
            0.9071543216705322
          ]
        },
        {
          "action_values_bb": [
            0.0,
            -0.362192302942276,
            0.14103201031684875,
            0.19674910604953766
          ],
          "candidate_probabilities": [
            0.00008710801193956286,
            0.00008710801193956286,
            0.01857314072549343,
            0.9812526702880859
          ],
          "class_index": 89,
          "conditional_hand_mass": 0.009049773810439787,
          "expected_action_loss_bb": 0.001100668158265857,
          "hand": "K8o",
          "probability_on_actions_losing_over_0_1bb": 0.00017421602387912571,
          "reference_expected_action_loss_bb": 0.0004950500114965493,
          "reference_probabilities": [
            0.00008710801921552047,
            0.00008710801921552047,
            0.007703619543462992,
            0.9921221733093262
          ]
        },
        {
          "action_values_bb": [
            0.0,
            -0.2676217257976532,
            0.28824055194854736,
            0.5109360218048096
          ],
          "candidate_probabilities": [
            0.00008710801921552047,
            0.00008710801921552047,
            0.0014915232313796878,
            0.9983342289924622
          ],
          "class_index": 90,
          "conditional_hand_mass": 0.009049773810439787,
          "expected_action_loss_bb": 0.00044448071485745267,
          "hand": "A8o",
          "probability_on_actions_losing_over_0_1bb": 0.0016657392698107287,
          "reference_expected_action_loss_bb": 0.0004420204332614866,
          "reference_probabilities": [
            0.00008710801193956286,
            0.00008710801193956286,
            0.0014804755337536335,
            0.9983453154563904
          ]
        },
        {
          "action_values_bb": [
            0.0,
            -0.705962598323822,
            -0.44182127714157104,
            -0.41246241331100464
          ],
          "candidate_probabilities": [
            0.9978386759757996,
            0.00008710802649147809,
            0.0016032971907407045,
            0.00047095795162022114
          ],
          "class_index": 91,
          "conditional_hand_mass": 0.0030165911925363843,
          "expected_action_loss_bb": 0.0009641182744606191,
          "hand": "92s",
          "probability_on_actions_losing_over_0_1bb": 0.0021613631688524038,
          "reference_expected_action_loss_bb": 0.0009452729922011169,
          "reference_probabilities": [
            0.9978816509246826,
            0.00008710802649147809,
            0.0015657567419111729,
            0.00046548081445507705
          ]
        },
        {
          "action_values_bb": [
            0.0,
            -0.617802619934082,
            -0.29417306184768677,
            -0.3262561559677124
          ],
          "candidate_probabilities": [
            0.9972309470176697,
            0.0000871080337674357,
            0.002099639503285289,
            0.0005823162500746548
          ],
          "class_index": 92,
          "conditional_hand_mass": 0.0030165911925363843,
          "expected_action_loss_bb": 0.0008614572142435079,
          "hand": "93s",
          "probability_on_actions_losing_over_0_1bb": 0.0027690637871273793,
          "reference_expected_action_loss_bb": 0.0008768336818373024,
          "reference_probabilities": [
            0.9971797466278076,
            0.00008710802649147809,
            0.0021414507646113634,
            0.0005917466478422284
          ]
        },
        {
          "action_values_bb": [
            0.0,
            -0.6673769354820251,
            -0.3765510618686676,
            -0.34730270504951477
          ],
          "candidate_probabilities": [
            0.9976773858070374,
            0.0000871080337674357,
            0.001709049567580223,
            0.000526519026607275
          ],
          "class_index": 93,
          "conditional_hand_mass": 0.0030165911925363843,
          "expected_action_loss_bb": 0.0008845398042908403,
          "hand": "94s",
          "probability_on_actions_losing_over_0_1bb": 0.002322676627954934,
          "reference_expected_action_loss_bb": 0.0009484133631031972,
          "reference_probabilities": [
            0.9975056052207947,
            0.00008710802649147809,
            0.0018538277363404632,
            0.0005534614901989698
          ]
        },
        {
          "action_values_bb": [
            0.0,
            -0.5970669388771057,
            -0.2585108280181885,
            -0.23834507167339325
          ],
          "candidate_probabilities": [
            0.9966069459915161,
            0.00008710802649147809,
            0.002649208065122366,
            0.0006567111704498529
          ],
          "class_index": 94,
          "conditional_hand_mass": 0.0030165911925363843,
          "expected_action_loss_bb": 0.0008933821642257266,
          "hand": "95s",
          "probability_on_actions_losing_over_0_1bb": 0.003393027262063697,
          "reference_expected_action_loss_bb": 0.0008864159494259513,
          "reference_probabilities": [
            0.9966339468955994,
            0.0000871080337674357,
            0.002622201107442379,
            0.0006567756645381451
          ]
        },
        {
          "action_values_bb": [
            0.0,
            -0.4952075183391571,
            -0.20409545302391052,
            -0.16411322355270386
          ],
          "candidate_probabilities": [
            0.995357871055603,
            0.00011611431546043605,
            0.0036525451578199863,
            0.0008734540897421539
          ],
          "class_index": 95,
          "conditional_hand_mass": 0.0030165911925363843,
          "expected_action_loss_bb": 0.000946313906971251,
          "hand": "96s",
          "probability_on_actions_losing_over_0_1bb": 0.004642113563022576,
          "reference_expected_action_loss_bb": 0.000923897917205347,
          "reference_probabilities": [
            0.9954582452774048,
            0.00011472687037894502,
            0.0035150169860571623,
            0.0009120856993831694
          ]
        },
        {
          "action_values_bb": [
            0.0,
            -0.3376668393611908,
            -0.15372797846794128,
            -0.08630434423685074
          ],
          "candidate_probabilities": [
            0.9922176599502563,
            0.00018147699302062392,
            0.006417843513190746,
            0.001183076063171029
          ],
          "class_index": 96,
          "conditional_hand_mass": 0.0030165911925363843,
          "expected_action_loss_bb": 0.0011499854758707413,
          "hand": "97s",
          "probability_on_actions_losing_over_0_1bb": 0.00659932050621137,
          "reference_expected_action_loss_bb": 0.0008972277748143099,
          "reference_probabilities": [
            0.9939265847206116,
            0.0002344434760743752,
            0.004659201484173536,
            0.0011797130573540926
          ]
        },
        {
          "action_values_bb": [
            0.0,
            -0.4289266765117645,
            0.02638876996934414,
            0.03553806245326996
          ],
          "candidate_probabilities": [
            0.00008710802649147809,
            0.00008710802649147809,
            0.7625198364257812,
            0.23730596899986267
          ],
          "class_index": 97,
          "conditional_hand_mass": 0.0030165911925363843,
          "expected_action_loss_bb": 0.0070200712655265046,
          "hand": "98s",
          "probability_on_actions_losing_over_0_1bb": 0.00008710802649147809,
          "reference_expected_action_loss_bb": 0.003824218523078867,
          "reference_probabilities": [
            0.0000871080337674357,
            0.0000871080337674357,
            0.41321930289268494,
            0.586606502532959
          ]
        },
        {
          "action_values_bb": [
            0.0,
            0.18260106444358826,
            1.0424554347991943,
            1.2463979721069336
          ],
          "candidate_probabilities": [
            0.00008710801193956286,
            0.00008710801193956286,
            0.00113679189234972,
            0.9986889362335205
          ],
          "class_index": 98,
          "conditional_hand_mass": 0.0045248869052198935,
          "expected_action_loss_bb": 0.0004330767060864147,
          "hand": "99",
          "probability_on_actions_losing_over_0_1bb": 0.0013110079162288457,
          "reference_expected_action_loss_bb": 0.00042781038315447216,
          "reference_probabilities": [
            0.00008710801921552047,
            0.00008710801921552047,
            0.0011109692277386785,
            0.998714804649353
          ]
        },
        {
          "action_values_bb": [
            0.0,
            -0.21918123960494995,
            -0.06657326966524124,
            -0.03989341855049133
          ],
          "candidate_probabilities": [
            0.990190327167511,
            0.0004803655610885471,
            0.00732625974342227,
            0.0020031000021845102
          ],
          "class_index": 99,
          "conditional_hand_mass": 0.009049773810439787,
          "expected_action_loss_bb": 0.0006729306914650037,
          "hand": "T9o",
          "probability_on_actions_losing_over_0_1bb": 0.0004803655610885471,
          "reference_expected_action_loss_bb": 0.0015066177720198352,
          "reference_probabilities": [
            0.9773757457733154,
            0.0003820938873104751,
            0.020073482766747475,
            0.0021685927640646696
          ]
        },
        {
          "action_values_bb": [
            0.0,
            -0.1736384779214859,
            -0.031700097024440765,
            0.0019170939922332764
          ],
          "candidate_probabilities": [
            0.0020746709778904915,
            0.00042453152127563953,
            0.1170700192451477,
            0.8804308176040649
          ],
          "class_index": 100,
          "conditional_hand_mass": 0.009049773810439787,
          "expected_action_loss_bb": 0.004014071412570357,
          "hand": "J9o",
          "probability_on_actions_losing_over_0_1bb": 0.00042453152127563953,
          "reference_expected_action_loss_bb": 0.001305014503594784,
          "reference_probabilities": [
            0.08840515464544296,
            0.0004899110645055771,
            0.03121994622051716,
            0.8798850178718567
          ]
        },
        {
          "action_values_bb": [
            0.0,
            -0.12737390398979187,
            0.08886276185512543,
            0.12020382285118103
          ],
          "candidate_probabilities": [
            0.00008710802649147809,
            0.00029381533386185765,
            0.02780260145664215,
            0.9718164801597595
          ],
          "class_index": 101,
          "conditional_hand_mass": 0.009049773810439787,
          "expected_action_loss_bb": 0.0009545758783554839,
          "hand": "Q9o",
          "probability_on_actions_losing_over_0_1bb": 0.00038092336035333574,
          "reference_expected_action_loss_bb": 0.0010339485010733142,
          "reference_probabilities": [
            0.00008710801193956286,
            0.00023659205180592835,
            0.030787179246544838,
            0.9688891172409058
          ]
        },
        {
          "action_values_bb": [
            0.0,
            -0.3210700750350952,
            0.20692168176174164,
            0.2993376851081848
          ],
          "candidate_probabilities": [
            0.00008710801921552047,
            0.00008710801921552047,
            0.003036575159057975,
            0.9967892169952393
          ],
          "class_index": 102,
          "conditional_hand_mass": 0.009049773810439787,
          "expected_action_loss_bb": 0.00036074534397958005,
          "hand": "K9o",
          "probability_on_actions_losing_over_0_1bb": 0.00017421603843104094,
          "reference_expected_action_loss_bb": 0.0003683096998652914,
          "reference_probabilities": [
            0.00008710801921552047,
            0.00008710801921552047,
            0.0031184263061732054,
            0.9967073798179626
          ]
        },
        {
          "action_values_bb": [
            0.0,
            -0.22586625814437866,
            0.35557952523231506,
            0.5915191173553467
          ],
          "candidate_probabilities": [
            0.00008710801921552047,
            0.00008710801921552047,
            0.0014542830176651478,
            0.9983714818954468
          ],
          "class_index": 103,
          "conditional_hand_mass": 0.009049773810439787,
          "expected_action_loss_bb": 0.0004658498216558193,
          "hand": "A9o",
          "probability_on_actions_losing_over_0_1bb": 0.0016284990560961887,
          "reference_expected_action_loss_bb": 0.0004554340565731804,
          "reference_probabilities": [
            0.00008710801193956286,
            0.00008710801193956286,
            0.0014101371634751558,
            0.9984156489372253
          ]
        },
        {
          "action_values_bb": [
            0.0,
            -0.5609884262084961,
            -0.37452876567840576,
            -0.34285494685173035
          ],
          "candidate_probabilities": [
            0.997418999671936,
            0.00018389995966572315,
            0.0018157571321353316,
            0.0005812965682707727
          ],
          "class_index": 104,
          "conditional_hand_mass": 0.0030165911925363843,
          "expected_action_loss_bb": 0.0009825194304426566,
          "hand": "T2s",
          "probability_on_actions_losing_over_0_1bb": 0.0025809536600718275,
          "reference_expected_action_loss_bb": 0.001016876573921582,
          "reference_probabilities": [
            0.9973333477973938,
            0.00019795903062913567,
            0.0018748404690995812,
            0.0005939601105637848
          ]
        },
        {
          "action_values_bb": [
            0.0,
            -0.5236172676086426,
            -0.28763604164123535,
            -0.2874816656112671
          ],
          "candidate_probabilities": [
            0.9970095753669739,
            0.00012211927969474345,
            0.002218162640929222,
            0.0006501190946437418
          ],
          "class_index": 105,
          "conditional_hand_mass": 0.0030165911925363843,
          "expected_action_loss_bb": 0.0008888646054833194,
          "hand": "T3s",
          "probability_on_actions_losing_over_0_1bb": 0.0029904010152677074,
          "reference_expected_action_loss_bb": 0.0008769291786122207,
          "reference_probabilities": [
            0.9970670938491821,
            0.00014171192015055567,
            0.002141752978786826,
            0.0006493667024187744
          ]
        },
        {
          "action_values_bb": [
            0.0,
            -0.46453601121902466,
            -0.2817060053348541,
            -0.2571225166320801
          ],
          "candidate_probabilities": [
            0.9969428181648254,
            0.00023614974634256214,
            0.002106772968545556,
            0.0007142231334000826
          ],
          "class_index": 106,
          "conditional_hand_mass": 0.0030165911925363843,
          "expected_action_loss_bb": 0.0008868335078294582,
          "hand": "T4s",
          "probability_on_actions_losing_over_0_1bb": 0.003057145848288201,
          "reference_expected_action_loss_bb": 0.0009190723687564177,
          "reference_probabilities": [
            0.9968217611312866,
            0.00022637407528236508,
            0.002234833547845483,
            0.0007169633754529059
          ]
        },
        {
          "action_values_bb": [
            0.0,
            -0.4314345419406891,
            -0.24302799999713898,
            -0.22703421115875244
          ],
          "candidate_probabilities": [
            0.9953176379203796,
            0.00011677443399094045,
            0.0037845110055059195,
            0.0007810852257534862
          ],
          "class_index": 107,
          "conditional_hand_mass": 0.0030165911925363843,
          "expected_action_loss_bb": 0.0011474557331512284,
          "hand": "T5s",
          "probability_on_actions_losing_over_0_1bb": 0.004682370665250346,
          "reference_expected_action_loss_bb": 0.001002180481559332,
          "reference_probabilities": [
            0.9959967732429504,
            0.00022201395768206567,
            0.002996693830937147,
            0.0007845314685255289
          ]
        },
        {
          "action_values_bb": [
            0.0,
            -0.34386610984802246,
            -0.1660129874944687,
            -0.13462018966674805
          ],
          "candidate_probabilities": [
            0.9935601949691772,
            0.00024232672876678407,
            0.005136718042194843,
            0.001060721930116415
          ],
          "class_index": 108,
          "conditional_hand_mass": 0.0030165911925363843,
          "expected_action_loss_bb": 0.001078884445050686,
          "hand": "T6s",
          "probability_on_actions_losing_over_0_1bb": 0.006439766701078042,
          "reference_expected_action_loss_bb": 0.0009389370985032272,
          "reference_probabilities": [
            0.9944226145744324,
            0.000263355701463297,
            0.00423692911863327,
            0.0010770504595711827
          ]
        },
        {
          "action_values_bb": [
            0.0,
            -0.25866109132766724,
            -0.07721585780382156,
            -0.03841426968574524
          ],
          "candidate_probabilities": [
            0.9668264985084534,
            0.0002106210304191336,
            0.03145845979452133,
            0.0015043688472360373
          ],
          "class_index": 109,
          "conditional_hand_mass": 0.0030165911925363843,
          "expected_action_loss_bb": 0.0025413606544103266,
          "hand": "T7s",
          "probability_on_actions_losing_over_0_1bb": 0.0002106210304191336,
          "reference_expected_action_loss_bb": 0.0013704255999684913,
          "reference_probabilities": [
            0.9821066856384277,
            0.00026421804795973003,
            0.01610434614121914,
            0.0015247398987412453
          ]
        },
        {
          "action_values_bb": [
            0.0,
            -0.4102090001106262,
            0.06164803355932236,
            0.06332264840602875
          ],
          "candidate_probabilities": [
            0.00008710804104339331,
            0.00008710804104339331,
            0.9695639610290527,
            0.030261872336268425
          ],
          "class_index": 110,
          "conditional_hand_mass": 0.0030165911925363843,
          "expected_action_loss_bb": 0.001670410530101371,
          "hand": "T8s",
          "probability_on_actions_losing_over_0_1bb": 0.00008710804104339331,
          "reference_expected_action_loss_bb": 0.0011695046052884192,
          "reference_probabilities": [
            0.00008710802649147809,
            0.00008710802649147809,
            0.6704468727111816,
            0.3293789029121399
          ]
        },
        {
          "action_values_bb": [
            0.0,
            -0.37007224559783936,
            0.12704817950725555,
            0.14626675844192505
          ],
          "candidate_probabilities": [
            0.00008710802649147809,
            0.00008710802649147809,
            0.034580882638692856,
            0.9652448296546936
          ],
          "class_index": 111,
          "conditional_hand_mass": 0.0030165911925363843,
          "expected_action_loss_bb": 0.0007223137029339216,
          "hand": "T9s",
          "probability_on_actions_losing_over_0_1bb": 0.00017421605298295617,
          "reference_expected_action_loss_bb": 0.002420704467252191,
          "reference_probabilities": [
            0.00008710802649147809,
            0.00008710802649147809,
            0.12295322120189667,
            0.8768724799156189
          ]
        },
        {
          "action_values_bb": [
            0.0,
            0.28511595726013184,
            1.2123568058013916,
            1.4300168752670288
          ],
          "candidate_probabilities": [
            0.00008710801921552047,
            0.00008710801921552047,
            0.0009761245455592871,
            0.9988496899604797
          ],
          "class_index": 112,
          "conditional_hand_mass": 0.0045248869052198935,
          "expected_action_loss_bb": 0.00043675932500843867,
          "hand": "TT",
          "probability_on_actions_losing_over_0_1bb": 0.001150340583990328,
          "reference_expected_action_loss_bb": 0.0004324677341129915,
          "reference_probabilities": [
            0.00008710801193956286,
            0.00008710801193956286,
            0.0009564076899550855,
            0.9988693594932556
          ]
        },
        {
          "action_values_bb": [
            0.0,
            -0.11449798941612244,
            0.10696246474981308,
            0.14411455392837524
          ],
          "candidate_probabilities": [
            0.00008710801921552047,
            0.00027594584389589727,
            0.017500445246696472,
            0.9821364879608154
          ],
          "class_index": 113,
          "conditional_hand_mass": 0.009049773810439787,
          "expected_action_loss_bb": 0.0007340946923179025,
          "hand": "JTo",
          "probability_on_actions_losing_over_0_1bb": 0.00036305386311141774,
          "reference_expected_action_loss_bb": 0.0012059100474970594,
          "reference_probabilities": [
            0.00008710801193956286,
            0.00022776154219172895,
            0.030535416677594185,
            0.9691497087478638
          ]
        },
        {
          "action_values_bb": [
            0.0,
            -0.31634506583213806,
            0.2191246747970581,
            0.2696203589439392
          ],
          "candidate_probabilities": [
            0.00008710801193956286,
            0.00008710801193956286,
            0.02759612910449505,
            0.9722296595573425
          ],
          "class_index": 114,
          "conditional_hand_mass": 0.009049773810439787,
          "expected_action_loss_bb": 0.0014680137956007383,
          "hand": "QTo",
          "probability_on_actions_losing_over_0_1bb": 0.00017421602387912571,
          "reference_expected_action_loss_bb": 0.000672665231974397,
          "reference_probabilities": [
            0.00008710801193956286,
            0.00008710801193956286,
            0.011845306493341923,
            0.9879804849624634
          ]
        },
        {
          "action_values_bb": [
            0.0,
            -0.24049724638462067,
            0.337860107421875,
            0.4571693241596222
          ],
          "candidate_probabilities": [
            0.00008710801193956286,
            0.00008710801193956286,
            0.0018680011853575706,
            0.9979577660560608
          ],
          "class_index": 115,
          "conditional_hand_mass": 0.009049773810439787,
          "expected_action_loss_bb": 0.0003234652171942951,
          "hand": "KTo",
          "probability_on_actions_losing_over_0_1bb": 0.0020422172092366964,
          "reference_expected_action_loss_bb": 0.00034871513713058834,
          "reference_probabilities": [
            0.00008710801921552047,
            0.00008710801921552047,
            0.0020796353928744793,
            0.9977461695671082
          ]
        },
        {
          "action_values_bb": [
            0.0,
            -0.13916335999965668,
            0.49740445613861084,
            0.7617825865745544
          ],
          "candidate_probabilities": [
            0.00008710801921552047,
            0.00008710801921552047,
            0.001184098538942635,
            0.9986417293548584
          ],
          "class_index": 116,
          "conditional_hand_mass": 0.009049773810439787,
          "expected_action_loss_bb": 0.00045788674699330306,
          "hand": "ATo",
          "probability_on_actions_losing_over_0_1bb": 0.001358314577373676,
          "reference_expected_action_loss_bb": 0.0004602853856461651,
          "reference_probabilities": [
            0.00008710802649147809,
            0.00008710802649147809,
            0.0011931712506338954,
            0.9986326098442078
          ]
        },
        {
          "action_values_bb": [
            0.0,
            -0.4162934720516205,
            -0.2507804036140442,
            -0.24567274749279022
          ],
          "candidate_probabilities": [
            0.9968383312225342,
            0.00038277957355603576,
            0.0019911243580281734,
            0.0007878127507865429
          ],
          "class_index": 117,
          "conditional_hand_mass": 0.0030165911925363843,
          "expected_action_loss_bb": 0.0008522277308537236,
          "hand": "J2s",
          "probability_on_actions_losing_over_0_1bb": 0.003161716682370752,
          "reference_expected_action_loss_bb": 0.0010484600842629891,
          "reference_probabilities": [
            0.9960004687309265,
            0.00029914319748058915,
            0.002910938346758485,
            0.0007893526344560087
          ]
        },
        {
          "action_values_bb": [
            0.0,
            -0.416124552488327,
            -0.2623274028301239,
            -0.23335187137126923
          ],
          "candidate_probabilities": [
            0.9960538744926453,
            0.00035039885551668704,
            0.0026771093253046274,
            0.0009185814997181296
          ],
          "class_index": 118,
          "conditional_hand_mass": 0.0030165911925363843,
          "expected_action_loss_bb": 0.0010624414153100241,
          "hand": "J3s",
          "probability_on_actions_losing_over_0_1bb": 0.003946089680539444,
          "reference_expected_action_loss_bb": 0.0010558612560387353,
          "reference_probabilities": [
            0.9960982203483582,
            0.00037970117409713566,
            0.002621645340695977,
            0.0009004807216115296
          ]
        },
        {
          "action_values_bb": [
            0.0,
            -0.3635852336883545,
            -0.20875272154808044,
            -0.18040668964385986
          ],
          "candidate_probabilities": [
            0.9952084422111511,
            0.0003996246086899191,
            0.003399848472326994,
            0.000992130022495985
          ],
          "class_index": 119,
          "conditional_hand_mass": 0.0030165911925363843,
          "expected_action_loss_bb": 0.001034012121242274,
          "hand": "J4s",
          "probability_on_actions_losing_over_0_1bb": 0.004791603103512898,
          "reference_expected_action_loss_bb": 0.0010495289208920025,
          "reference_probabilities": [
            0.995106041431427,
            0.0003687620919663459,
            0.0034953621216118336,
            0.001029818318784237
          ]
        },
        {
          "action_values_bb": [
            0.0,
            -0.3091251850128174,
            -0.1132749691605568,
            -0.11078058928251266
          ],
          "candidate_probabilities": [
            0.9874721765518188,
            0.000187534824362956,
            0.011021438986063004,
            0.0013188067823648453
          ],
          "class_index": 120,
          "conditional_hand_mass": 0.0030165911925363843,
          "expected_action_loss_bb": 0.001452523091028942,
          "hand": "J5s",
          "probability_on_actions_losing_over_0_1bb": 0.012527780592790805,
          "reference_expected_action_loss_bb": 0.0011591110529921133,
          "reference_probabilities": [
            0.9901533722877502,
            0.00023968885943759233,
            0.008316559717059135,
            0.0012904710602015257
          ]
        },
        {
          "action_values_bb": [
            0.0,
            -0.2688564956188202,
            -0.08601158857345581,
            -0.07731261849403381
          ],
          "candidate_probabilities": [
            0.9945017695426941,
            0.0004348507500253618,
            0.0037885867059230804,
            0.001274829381145537
          ],
          "class_index": 121,
          "conditional_hand_mass": 0.0030165911925363843,
          "expected_action_loss_bb": 0.0005413352073832447,
          "hand": "J6s",
          "probability_on_actions_losing_over_0_1bb": 0.0004348507500253618,
          "reference_expected_action_loss_bb": 0.0013403411937220472,
          "reference_probabilities": [
            0.9848631620407104,
            0.00027650792617350817,
            0.013462379574775696,
            0.0013979553477838635
          ]
        },
        {
          "action_values_bb": [
            0.0,
            -0.20649577677249908,
            -0.0037387311458587646,
            0.017699211835861206
          ],
          "candidate_probabilities": [
            0.033397890627384186,
            0.00031256733927875757,
            0.04184982553124428,
            0.9244397282600403
          ],
          "class_index": 122,
          "conditional_hand_mass": 0.0030165911925363843,
          "expected_action_loss_bb": 0.0015583665456876863,
          "hand": "J7s",
          "probability_on_actions_losing_over_0_1bb": 0.00031256733927875757,
          "reference_expected_action_loss_bb": 0.002813112846559542,
          "reference_probabilities": [
            0.00008710802649147809,
            0.000246313022216782,
            0.12857338786125183,
            0.8710931539535522
          ]
        },
        {
          "action_values_bb": [
            0.0,
            -0.36959218978881836,
            0.13225063681602478,
            0.11994755268096924
          ],
          "candidate_probabilities": [
            0.00008710804104339331,
            0.00008710804104339331,
            0.9960018992424011,
            0.003823943203315139
          ],
          "class_index": 123,
          "conditional_hand_mass": 0.0030165911925363843,
          "expected_action_loss_bb": 0.00010228093439507233,
          "hand": "J8s",
          "probability_on_actions_losing_over_0_1bb": 0.00017421608208678663,
          "reference_expected_action_loss_bb": 0.00010386028255902858,
          "reference_probabilities": [
            0.0000871080337674357,
            0.0000871080337674357,
            0.9958735108375549,
            0.003952313680201769
          ]
        },
        {
          "action_values_bb": [
            0.0,
            -0.3247057795524597,
            0.14790290594100952,
            0.1836126744747162
          ],
          "candidate_probabilities": [
            0.00008710802649147809,
            0.00021642049250658602,
            0.020685488358139992,
            0.9790109395980835
          ],
          "class_index": 124,
          "conditional_hand_mass": 0.0030165911925363843,
          "expected_action_loss_bb": 0.0008646786691589256,
          "hand": "J9s",
          "probability_on_actions_losing_over_0_1bb": 0.0003035285189980641,
          "reference_expected_action_loss_bb": 0.001223389959227297,
          "reference_probabilities": [
            0.0000871080337674357,
            0.00009426354517927393,
            0.03246954455971718,
            0.9673490524291992
          ]
        },
        {
          "action_values_bb": [
            0.0,
            -0.26885032653808594,
            0.2977449893951416,
            0.3279953896999359
          ],
          "candidate_probabilities": [
            0.00008710802649147809,
            0.002722294768318534,
            0.592345654964447,
            0.40484488010406494
          ],
          "class_index": 125,
          "conditional_hand_mass": 0.0030165911925363843,
          "expected_action_loss_bb": 0.019572054183383255,
          "hand": "JTs",
          "probability_on_actions_losing_over_0_1bb": 0.002809402794810012,
          "reference_expected_action_loss_bb": 0.001143989294897361,
          "reference_probabilities": [
            0.0000871080337674357,
            0.0000871080337674357,
            0.03515418618917465,
            0.9646716117858887
          ]
        },
        {
          "action_values_bb": [
            0.0,
            1.3289598226547241,
            1.3972634077072144,
            1.6107591390609741
          ],
          "candidate_probabilities": [
            0.00008710801921552047,
            0.00008710801921552047,
            0.0007923853117972612,
            0.9990333914756775
          ],
          "class_index": 126,
          "conditional_hand_mass": 0.0045248869052198935,
          "expected_action_loss_bb": 0.00033402789996146796,
          "hand": "JJ",
          "probability_on_actions_losing_over_0_1bb": 0.0009666013502283022,
          "reference_expected_action_loss_bb": 0.00043592514620079646,
          "reference_probabilities": [
            0.00008710801193956286,
            0.00043177849147468805,
            0.0008147246553562582,
            0.9986664056777954
          ]
        },
        {
          "action_values_bb": [
            0.0,
            -0.28054776787757874,
            0.27704736590385437,
            0.3450193703174591
          ],
          "candidate_probabilities": [
            0.00008710801921552047,
            0.00008710801921552047,
            0.005408705677837133,
            0.9944170713424683
          ],
          "class_index": 127,
          "conditional_hand_mass": 0.009049773810439787,
          "expected_action_loss_bb": 0.00045218643443966614,
          "hand": "QJo",
          "probability_on_actions_losing_over_0_1bb": 0.00017421603843104094,
          "reference_expected_action_loss_bb": 0.0004918186332283458,
          "reference_probabilities": [
            0.00008710801193956286,
            0.00008710801193956286,
            0.005991772282868624,
            0.9938340187072754
          ]
        },
        {
          "action_values_bb": [
            0.0,
            -0.1956128478050232,
            0.4110780358314514,
            0.5430084466934204
          ],
          "candidate_probabilities": [
            0.00008710801193956286,
            0.00008710801193956286,
            0.001569179818034172,
            0.9982566237449646
          ],
          "class_index": 128,
          "conditional_hand_mass": 0.009049773810439787,
          "expected_action_loss_bb": 0.0003186627569073978,
          "hand": "KJo",
          "probability_on_actions_losing_over_0_1bb": 0.0017433958419132978,
          "reference_expected_action_loss_bb": 0.00031661289914356296,
          "reference_probabilities": [
            0.00008710801921552047,
            0.00008710801921552047,
            0.0015536423306912184,
            0.9982721209526062
          ]
        },
        {
          "action_values_bb": [
            0.0,
            -0.12004860490560532,
            0.5264625549316406,
            0.8316683769226074
          ],
          "candidate_probabilities": [
            0.00008710801921552047,
            0.00008710801921552047,
            0.0010839764727279544,
            0.9987418055534363
          ],
          "class_index": 129,
          "conditional_hand_mass": 0.009049773810439787,
          "expected_action_loss_bb": 0.00048618309647654843,
          "hand": "AJo",
          "probability_on_actions_losing_over_0_1bb": 0.0012581925111589953,
          "reference_expected_action_loss_bb": 0.0004818061487365227,
          "reference_probabilities": [
            0.00008710801921552047,
            0.00008710801921552047,
            0.001069635502062738,
            0.9987561106681824
          ]
        },
        {
          "action_values_bb": [
            0.0,
            -0.3052811920642853,
            -0.15696550905704498,
            -0.1327325701713562
          ],
          "candidate_probabilities": [
            0.9917091727256775,
            0.00041117280488833785,
            0.006683113984763622,
            0.001196500612422824
          ],
          "class_index": 130,
          "conditional_hand_mass": 0.0030165911925363843,
          "expected_action_loss_bb": 0.001333356314223889,
          "hand": "Q2s",
          "probability_on_actions_losing_over_0_1bb": 0.008290787402074784,
          "reference_expected_action_loss_bb": 0.0010584049277602755,
          "reference_probabilities": [
            0.9934658408164978,
            0.0004208424943499267,
            0.00489041768014431,
            0.0012227799743413925
          ]
        },
        {
          "action_values_bb": [
            0.0,
            -0.2817002534866333,
            -0.054208531975746155,
            -0.06612232327461243
          ],
          "candidate_probabilities": [
            0.9628769755363464,
            0.00014801700308453292,
            0.03499273210763931,
            0.0019823526963591576
          ],
          "class_index": 131,
          "conditional_hand_mass": 0.0030165911925363843,
          "expected_action_loss_bb": 0.0020696788304978894,
          "hand": "Q3s",
          "probability_on_actions_losing_over_0_1bb": 0.00014801700308453292,
          "reference_expected_action_loss_bb": 0.0018928153284266322,
          "reference_probabilities": [
            0.9663263559341431,
            0.0001996630453504622,
            0.0316280797123909,
            0.001845948863774538
          ]
        },
        {
          "action_values_bb": [
            0.0,
            -0.2903139591217041,
            -0.15176062285900116,
            -0.08356940746307373
          ],
          "candidate_probabilities": [
            0.9939191341400146,
            0.0005868225707672536,
            0.003622604301199317,
            0.0018714708276093006
          ],
          "class_index": 132,
          "conditional_hand_mass": 0.0030165911925363843,
          "expected_action_loss_bb": 0.0008765291770908602,
          "hand": "Q4s",
          "probability_on_actions_losing_over_0_1bb": 0.004209426871966571,
          "reference_expected_action_loss_bb": 0.0010096113060859904,
          "reference_probabilities": [
            0.992974042892456,
            0.0005630162777379155,
            0.004488184582442045,
            0.001974767306819558
          ]
        },
        {
          "action_values_bb": [
            0.0,
            -0.20778629183769226,
            0.002708651125431061,
            0.018304988741874695
          ],
          "candidate_probabilities": [
            0.10503096133470535,
            0.0003787411842495203,
            0.02863028272986412,
            0.8659600019454956
          ],
          "class_index": 133,
          "conditional_hand_mass": 0.0030165911925363843,
          "expected_action_loss_bb": 0.00245474819964445,
          "hand": "Q5s",
          "probability_on_actions_losing_over_0_1bb": 0.0003787411842495203,
          "reference_expected_action_loss_bb": 0.002948293272064298,
          "reference_probabilities": [
            0.00008710804104339331,
            0.0002328385744476691,
            0.1855599731206894,
            0.8141201138496399
          ]
        },
        {
          "action_values_bb": [
            0.0,
            -0.16931329667568207,
            0.017250411212444305,
            0.055272504687309265
          ],
          "candidate_probabilities": [
            0.00008710802649147809,
            0.0003657525812741369,
            0.028791675344109535,
            0.9707554578781128
          ],
          "class_index": 134,
          "conditional_hand_mass": 0.0030165911925363843,
          "expected_action_loss_bb": 0.0011816772866002846,
          "hand": "Q6s",
          "probability_on_actions_losing_over_0_1bb": 0.0003657525812741369,
          "reference_expected_action_loss_bb": 0.001999556386480978,
          "reference_probabilities": [
            0.0000871080337674357,
            0.0002873220364563167,
            0.050765570253133774,
            0.9488599896430969
          ]
        },
        {
          "action_values_bb": [
            0.0,
            -0.1447198987007141,
            0.01786169409751892,
            0.08077047765254974
          ],
          "candidate_probabilities": [
            0.002674395451322198,
            0.0005303352954797447,
            0.009167267940938473,
            0.9876279830932617
          ],
          "class_index": 135,
          "conditional_hand_mass": 0.0030165911925363843,
          "expected_action_loss_bb": 0.0009122993780937188,
          "hand": "Q7s",
          "probability_on_actions_losing_over_0_1bb": 0.0005303352954797447,
          "reference_expected_action_loss_bb": 0.0012924948951988412,
          "reference_probabilities": [
            0.0000871080337674357,
            0.0003693399776238948,
            0.019109835848212242,
            0.9804337620735168
          ]
        },
        {
          "action_values_bb": [
            0.0,
            -0.335319459438324,
            0.19004705548286438,
            0.20660439133644104
          ],
          "candidate_probabilities": [
            0.0000871080337674357,
            0.0000871080337674357,
            0.06597517430782318,
            0.9338505864143372
          ],
          "class_index": 136,
          "conditional_hand_mass": 0.0030165911925363843,
          "expected_action_loss_bb": 0.0011575759424025927,
          "hand": "Q8s",
          "probability_on_actions_losing_over_0_1bb": 0.0001742160675348714,
          "reference_expected_action_loss_bb": 0.001623385398145237,
          "reference_probabilities": [
            0.00008710802649147809,
            0.00008710802649147809,
            0.09410829097032547,
            0.9057174324989319
          ]
        },
        {
          "action_values_bb": [
            0.0,
            -0.2778966426849365,
            0.2845052480697632,
            0.30798983573913574
          ],
          "candidate_probabilities": [
            0.00008710804831935093,
            0.00008710804831935093,
            0.052198220044374466,
            0.947627604007721
          ],
          "class_index": 137,
          "conditional_hand_mass": 0.0030165911925363843,
          "expected_action_loss_bb": 0.0013037174959829641,
          "hand": "Q9s",
          "probability_on_actions_losing_over_0_1bb": 0.00017421609663870186,
          "reference_expected_action_loss_bb": 0.0009918758220552118,
          "reference_probabilities": [
            0.00008710802649147809,
            0.00008710802649147809,
            0.03891965374350548,
            0.9609061479568481
          ]
        },
        {
          "action_values_bb": [
            0.0,
            -0.19927242398262024,
            0.41357308626174927,
            0.4518158435821533
          ],
          "candidate_probabilities": [
            0.0000871080337674357,
            0.002405600855126977,
            0.025344030931591988,
            0.9721632599830627
          ],
          "class_index": 138,
          "conditional_hand_mass": 0.0030165911925363843,
          "expected_action_loss_bb": 0.002574840907414064,
          "hand": "QTs",
          "probability_on_actions_losing_over_0_1bb": 0.0024927088888944127,
          "reference_expected_action_loss_bb": 0.0006772386315209789,
          "reference_probabilities": [
            0.00008710802649147809,
            0.00008710802649147809,
            0.015196781605482101,
            0.9846290349960327
          ]
        },
        {
          "action_values_bb": [
            0.0,
            -0.197426900267601,
            0.41488438844680786,
            0.4930998980998993
          ],
          "candidate_probabilities": [
            0.0000871080337674357,
            0.0000871080337674357,
            0.002941287122666836,
            0.9968844652175903
          ],
          "class_index": 139,
          "conditional_hand_mass": 0.0030165911925363843,
          "expected_action_loss_bb": 0.000333157665579382,
          "hand": "QJs",
          "probability_on_actions_losing_over_0_1bb": 0.0001742160675348714,
          "reference_expected_action_loss_bb": 0.00041892956543340123,
          "reference_probabilities": [
            0.00008710802649147809,
            0.00008710802649147809,
            0.004037897102534771,
            0.9957878589630127
          ]
        },
        {
          "action_values_bb": [
            0.0,
            1.7770206928253174,
            1.5982893705368042,
            1.8191851377487183
          ],
          "candidate_probabilities": [
            0.00008710801921552047,
            0.0027226305101066828,
            0.0005709670367650688,
            0.9966192841529846
          ],
          "class_index": 140,
          "conditional_hand_mass": 0.0045248869052198935,
          "expected_action_loss_bb": 0.0003993880197647017,
          "hand": "QQ",
          "probability_on_actions_losing_over_0_1bb": 0.0006580750559805892,
          "reference_expected_action_loss_bb": 0.0004212705244077391,
          "reference_probabilities": [
            0.00008710801193956286,
            0.0032469406723976135,
            0.0005699496832676232,
            0.9960959553718567
          ]
        },
        {
          "action_values_bb": [
            0.0,
            -0.12431935966014862,
            0.5263375639915466,
            0.6595542430877686
          ],
          "candidate_probabilities": [
            0.00008710801193956286,
            0.00008710801193956286,
            0.001411456847563386,
            0.9984143376350403
          ],
          "class_index": 141,
          "conditional_hand_mass": 0.009049773810439787,
          "expected_action_loss_bb": 0.000313763723948969,
          "hand": "KQo",
          "probability_on_actions_losing_over_0_1bb": 0.0015856728714425117,
          "reference_expected_action_loss_bb": 0.0003162782405492725,
          "reference_probabilities": [
            0.00008710802649147809,
            0.00008710802649147809,
            0.0014303320785984397,
            0.9983954429626465
          ]
        },
        {
          "action_values_bb": [
            0.0,
            -0.0716850757598877,
            0.602190375328064,
            0.9383153915405273
          ],
          "candidate_probabilities": [
            0.00008710801921552047,
            0.00008710801921552047,
            0.0009217842598445714,
            0.9989040493965149
          ],
          "class_index": 142,
          "conditional_hand_mass": 0.009049773810439787,
          "expected_action_loss_bb": 0.0004795486845544702,
          "hand": "AQo",
          "probability_on_actions_losing_over_0_1bb": 0.0010960002982756123,
          "reference_expected_action_loss_bb": 0.00047549742232149556,
          "reference_probabilities": [
            0.00008710802649147809,
            0.00008710802649147809,
            0.0009097313741222024,
            0.9989160299301147
          ]
        },
        {
          "action_values_bb": [
            0.0,
            -0.24226969480514526,
            0.016315020620822906,
            0.04374636709690094
          ],
          "candidate_probabilities": [
            0.00008710802649147809,
            0.00008710802649147809,
            0.6275179386138916,
            0.3723078966140747
          ],
          "class_index": 143,
          "conditional_hand_mass": 0.0030165911925363843,
          "expected_action_loss_bb": 0.017242386948473062,
          "hand": "K2s",
          "probability_on_actions_losing_over_0_1bb": 0.00008710802649147809,
          "reference_expected_action_loss_bb": 0.0012109829017091026,
          "reference_probabilities": [
            0.00008710802649147809,
            0.00017411247245036066,
            0.042191632091999054,
            0.957547128200531
          ]
        },
        {
          "action_values_bb": [
            0.0,
            -0.37559643387794495,
            0.12173405289649963,
            0.11293008923530579
          ],
          "candidate_probabilities": [
            0.00008710802649147809,
            0.00008710802649147809,
            0.6513252854347229,
            0.34850046038627625
          ],
          "class_index": 144,
          "conditional_hand_mass": 0.0030165911925363843,
          "expected_action_loss_bb": 0.0031221108794716934,
          "hand": "K3s",
          "probability_on_actions_losing_over_0_1bb": 0.00017421605298295617,
          "reference_expected_action_loss_bb": 0.00024397802967959163,
          "reference_probabilities": [
            0.0000871080337674357,
            0.0000871080337674357,
            0.9782386422157288,
            0.021587155759334564
          ]
        },
        {
          "action_values_bb": [
            0.0,
            -0.23388685286045074,
            0.07082413882017136,
            0.11988513171672821
          ],
          "candidate_probabilities": [
            0.00008710802649147809,
            0.00008710802649147809,
            0.04257480800151825,
            0.9572510123252869
          ],
          "class_index": 145,
          "conditional_hand_mass": 0.0030165911925363843,
          "expected_action_loss_bb": 0.0021300216895687655,
          "hand": "K4s",
          "probability_on_actions_losing_over_0_1bb": 0.00017421605298295617,
          "reference_expected_action_loss_bb": 0.0008372672045440324,
          "reference_probabilities": [
            0.00008710802649147809,
            0.00014746493252459913,
            0.015789637342095375,
            0.9839757680892944
          ]
        },
        {
          "action_values_bb": [
            0.0,
            -0.3662381172180176,
            0.13743187487125397,
            0.19141891598701477
          ],
          "candidate_probabilities": [
            0.00008710804104339331,
            0.00008710804104339331,
            0.007972999475896358,
            0.9918528199195862
          ],
          "class_index": 146,
          "conditional_hand_mass": 0.0030165911925363843,
          "expected_action_loss_bb": 0.0004956891890479957,
          "hand": "K5s",
          "probability_on_actions_losing_over_0_1bb": 0.00017421608208678663,
          "reference_expected_action_loss_bb": 0.0006155168917169837,
          "reference_probabilities": [
            0.0000871080337674357,
            0.0000871080337674357,
            0.010192563757300377,
            0.9896332025527954
          ]
        },
        {
          "action_values_bb": [
            0.0,
            -0.3209311366081238,
            0.21251265704631805,
            0.2540437877178192
          ],
          "candidate_probabilities": [
            0.00008710802649147809,
            0.00008710802649147809,
            0.012171061709523201,
            0.9876547455787659
          ],
          "class_index": 147,
          "conditional_hand_mass": 0.0030165911925363843,
          "expected_action_loss_bb": 0.0005776921381997514,
          "hand": "K6s",
          "probability_on_actions_losing_over_0_1bb": 0.00017421605298295617,
          "reference_expected_action_loss_bb": 0.0007231081707235222,
          "reference_probabilities": [
            0.00008710802649147809,
            0.00008710802649147809,
            0.015672435984015465,
            0.9841532707214355
          ]
        },
        {
          "action_values_bb": [
            0.0,
            -0.34652090072631836,
            0.1687537133693695,
            0.2696889042854309
          ],
          "candidate_probabilities": [
            0.00008710802649147809,
            0.00009065908670891076,
            0.004135676193982363,
            0.9956865310668945
          ],
          "class_index": 148,
          "conditional_hand_mass": 0.0030165911925363843,
          "expected_action_loss_bb": 0.0004967923525690142,
          "hand": "K7s",
          "probability_on_actions_losing_over_0_1bb": 0.004313443307182752,
          "reference_expected_action_loss_bb": 0.0004180729183532435,
          "reference_probabilities": [
            0.0000871080337674357,
            0.0000871080337674357,
            0.003377454588189721,
            0.996448278427124
          ]
        },
        {
          "action_values_bb": [
            0.0,
            -0.26789557933807373,
            0.29764968156814575,
            0.3616085946559906
          ],
          "candidate_probabilities": [
            0.00008710802649147809,
            0.002589914947748184,
            0.04084836691617966,
            0.9564746022224426
          ],
          "class_index": 149,
          "conditional_hand_mass": 0.0030165911925363843,
          "expected_action_loss_bb": 0.004274478430312273,
          "hand": "K8s",
          "probability_on_actions_losing_over_0_1bb": 0.0026770229742396623,
          "reference_expected_action_loss_bb": 0.00038548601178940234,
          "reference_probabilities": [
            0.0000871080337674357,
            0.0000871080337674357,
            0.00467725470662117,
            0.9951485395431519
          ]
        },
        {
          "action_values_bb": [
            0.0,
            -0.19298821687698364,
            0.41887855529785156,
            0.48743051290512085
          ],
          "candidate_probabilities": [
            0.00008710802649147809,
            0.00008710802649147809,
            0.004002201836556196,
            0.9958236217498779
          ],
          "class_index": 150,
          "conditional_hand_mass": 0.0030165911925363843,
          "expected_action_loss_bb": 0.0003760878134053871,
          "hand": "K9s",
          "probability_on_actions_losing_over_0_1bb": 0.00017421605298295617,
          "reference_expected_action_loss_bb": 0.0003408295977614206,
          "reference_probabilities": [
            0.0000871080337674357,
            0.0000871080337674357,
            0.0034878733567893505,
            0.9963379502296448
          ]
        },
        {
          "action_values_bb": [
            0.0,
            -0.1756519377231598,
            0.44519346952438354,
            0.5932909250259399
          ],
          "candidate_probabilities": [
            0.0000871080337674357,
            0.0000871080337674357,
            0.0014513260684907436,
            0.9983744621276855
          ],
          "class_index": 151,
          "conditional_hand_mass": 0.0030165911925363843,
          "expected_action_loss_bb": 0.0003335992046312067,
          "hand": "KTs",
          "probability_on_actions_losing_over_0_1bb": 0.001625542136025615,
          "reference_expected_action_loss_bb": 0.00033689692388625043,
          "reference_probabilities": [
            0.0000871080337674357,
            0.0000871080337674357,
            0.0014735932927578688,
            0.9983522295951843
          ]
        },
        {
          "action_values_bb": [
            0.0,
            -0.09997616708278656,
            0.570580244064331,
            0.6989420652389526
          ],
          "candidate_probabilities": [
            0.0000871080337674357,
            0.0000871080337674357,
            0.0016824532067403197,
            0.9981433153152466
          ],
          "class_index": 152,
          "conditional_hand_mass": 0.0030165911925363843,
          "expected_action_loss_bb": 0.0003464384230370876,
          "hand": "KJs",
          "probability_on_actions_losing_over_0_1bb": 0.0018566692742751911,
          "reference_expected_action_loss_bb": 0.0003118692902916775,
          "reference_probabilities": [
            0.0000871080337674357,
            0.0000871080337674357,
            0.0014131431235000491,
            0.9984126687049866
          ]
        },
        {
          "action_values_bb": [
            0.0,
            -0.03381962701678276,
            0.6780925989151001,
            0.8112092018127441
          ],
          "candidate_probabilities": [
            0.0000871080337674357,
            0.0000871080337674357,
            0.0012758305529132485,
            0.9985499382019043
          ],
          "class_index": 153,
          "conditional_hand_mass": 0.0030165911925363843,
          "expected_action_loss_bb": 0.0003141058673769327,
          "hand": "KQs",
          "probability_on_actions_losing_over_0_1bb": 0.00145004662044812,
          "reference_expected_action_loss_bb": 0.0003172976218044389,
          "reference_probabilities": [
            0.0000871080337674357,
            0.0000871080337674357,
            0.0012998076854273677,
            0.9985259771347046
          ]
        },
        {
          "action_values_bb": [
            0.0,
            1.9648818969726562,
            1.7899893522262573,
            2.063729763031006
          ],
          "candidate_probabilities": [
            0.00008710801921552047,
            0.00008710801921552047,
            0.0005615481059066951,
            0.9992642402648926
          ],
          "class_index": 154,
          "conditional_hand_mass": 0.0045248869052198935,
          "expected_action_loss_bb": 0.00034209626286729744,
          "hand": "KK",
          "probability_on_actions_losing_over_0_1bb": 0.0006486561251222156,
          "reference_expected_action_loss_bb": 0.000498253263962474,
          "reference_probabilities": [
            0.00008710801193956286,
            0.001668837619945407,
            0.0005608409410342574,
            0.9976832270622253
          ]
        },
        {
          "action_values_bb": [
            0.0,
            0.005626756697893143,
            0.726824939250946,
            1.0768311023712158
          ],
          "candidate_probabilities": [
            0.00008710801921552047,
            0.00008710801921552047,
            0.0007566082640551031,
            0.9990691542625427
          ],
          "class_index": 155,
          "conditional_hand_mass": 0.009049773810439787,
          "expected_action_loss_bb": 0.0004519286685708973,
          "hand": "AKo",
          "probability_on_actions_losing_over_0_1bb": 0.000930824302486144,
          "reference_expected_action_loss_bb": 0.00045779363897048217,
          "reference_probabilities": [
            0.00008710801921552047,
            0.00008710801921552047,
            0.0007733650272712111,
            0.9990524053573608
          ]
        },
        {
          "action_values_bb": [
            0.0,
            -0.3357236385345459,
            0.13357318937778473,
            0.30157142877578735
          ],
          "candidate_probabilities": [
            0.00008710801193956286,
            0.00008710801193956286,
            0.0022127381525933743,
            0.9976130127906799
          ],
          "class_index": 156,
          "conditional_hand_mass": 0.0030165911925363843,
          "expected_action_loss_bb": 0.0004535189078352011,
          "hand": "A2s",
          "probability_on_actions_losing_over_0_1bb": 0.0023869541764725,
          "reference_expected_action_loss_bb": 0.00038168514551014353,
          "reference_probabilities": [
            0.0000871080337674357,
            0.00009261478408006951,
            0.0017642619786784053,
            0.9980559945106506
          ]
        },
        {
          "action_values_bb": [
            0.0,
            -0.2890699505805969,
            0.2565457224845886,
            0.38015419244766235
          ],
          "candidate_probabilities": [
            0.00008710802649147809,
            0.00008710802649147809,
            0.0021004865411669016,
            0.997725248336792
          ],
          "class_index": 157,
          "conditional_hand_mass": 0.0030165911925363843,
          "expected_action_loss_bb": 0.00035104720337788935,
          "hand": "A3s",
          "probability_on_actions_losing_over_0_1bb": 0.0022747025941498578,
          "reference_expected_action_loss_bb": 0.00039360444912029313,
          "reference_probabilities": [
            0.0000871080337674357,
            0.0000871080337674357,
            0.0024447771720588207,
            0.9973810315132141
          ]
        },
        {
          "action_values_bb": [
            0.0,
            -0.2758520543575287,
            0.279132604598999,
            0.4179103374481201
          ],
          "candidate_probabilities": [
            0.0000871080337674357,
            0.0000871080337674357,
            0.0021521784365177155,
            0.9976735711097717
          ],
          "class_index": 158,
          "conditional_hand_mass": 0.0030165911925363843,
          "expected_action_loss_bb": 0.00039551006974486934,
          "hand": "A4s",
          "probability_on_actions_losing_over_0_1bb": 0.002326394504052587,
          "reference_expected_action_loss_bb": 0.00038918540007503843,
          "reference_probabilities": [
            0.00008710802649147809,
            0.00008710802649147809,
            0.0021066043991595507,
            0.9977192282676697
          ]
        },
        {
          "action_values_bb": [
            0.0,
            -0.23862417042255402,
            0.3402480185031891,
            0.4892317056655884
          ],
          "candidate_probabilities": [
            0.0000871080337674357,
            0.0000871080337674357,
            0.002014183672145009,
            0.9978116154670715
          ],
          "class_index": 159,
          "conditional_hand_mass": 0.0030165911925363843,
          "expected_action_loss_bb": 0.0004060986162677953,
          "hand": "A5s",
          "probability_on_actions_losing_over_0_1bb": 0.0021883997396798804,
          "reference_expected_action_loss_bb": 0.00034536961060316785,
          "reference_probabilities": [
            0.0000871080337674357,
            0.0000871080337674357,
            0.0016065618256106973,
            0.9982191920280457
          ]
        },
        {
          "action_values_bb": [
            0.0,
            -0.2410130500793457,
            0.3371126651763916,
            0.500694751739502
          ],
          "candidate_probabilities": [
            0.0000871080337674357,
            0.0000871080337674357,
            0.0015449761413037777,
            0.9982807636260986
          ],
          "class_index": 160,
          "conditional_hand_mass": 0.0030165911925363843,
          "expected_action_loss_bb": 0.00036095366447280383,
          "hand": "A6s",
          "probability_on_actions_losing_over_0_1bb": 0.001719192208838649,
          "reference_expected_action_loss_bb": 0.00036696072485058184,
          "reference_probabilities": [
            0.00008710802649147809,
            0.00008710802649147809,
            0.001581698190420866,
            0.998244047164917
          ]
        },
        {
          "action_values_bb": [
            0.0,
            -0.22268712520599365,
            0.3659972548484802,
            0.5686942338943481
          ],
          "candidate_probabilities": [
            0.00008710802649147809,
            0.00008710802649147809,
            0.0015240780776366591,
            0.9983016848564148
          ],
          "class_index": 161,
          "conditional_hand_mass": 0.0030165911925363843,
          "expected_action_loss_bb": 0.0004273995229519788,
          "hand": "A7s",
          "probability_on_actions_losing_over_0_1bb": 0.0016982941306196153,
          "reference_expected_action_loss_bb": 0.0004128471003676257,
          "reference_probabilities": [
            0.0000871080337674357,
            0.0000871080337674357,
            0.0014522840501740575,
            0.9983735084533691
          ]
        },
        {
          "action_values_bb": [
            0.0,
            -0.15317857265472412,
            0.47931739687919617,
            0.6832691431045532
          ],
          "candidate_probabilities": [
            0.00008710802649147809,
            0.00008710802649147809,
            0.0014112216886132956,
            0.9984145760536194
          ],
          "class_index": 162,
          "conditional_hand_mass": 0.0030165911925363843,
          "expected_action_loss_bb": 0.00042020066410523513,
          "hand": "A8s",
          "probability_on_actions_losing_over_0_1bb": 0.0015854377415962517,
          "reference_expected_action_loss_bb": 0.0004087578630656459,
          "reference_probabilities": [
            0.00008710802649147809,
            0.00008710802649147809,
            0.001355116255581379,
            0.998470664024353
          ]
        },
        {
          "action_values_bb": [
            0.0,
            -0.1288856565952301,
            0.5167090892791748,
            0.7478231191635132
          ],
          "candidate_probabilities": [
            0.00008710802649147809,
            0.00008710802649147809,
            0.0013841891195625067,
            0.9984416365623474
          ],
          "class_index": 163,
          "conditional_hand_mass": 0.0030165911925363843,
          "expected_action_loss_bb": 0.0004614152928832842,
          "hand": "A9s",
          "probability_on_actions_losing_over_0_1bb": 0.0015584051725454628,
          "reference_expected_action_loss_bb": 0.0004382722315474856,
          "reference_probabilities": [
            0.00008710804104339331,
            0.00008710804104339331,
            0.0012840520357713103,
            0.9985417127609253
          ]
        },
        {
          "action_values_bb": [
            0.0,
            -0.07848257571458817,
            0.5982145667076111,
            0.8834111094474792
          ],
          "candidate_probabilities": [
            0.00008710802649147809,
            0.00008710802649147809,
            0.0010289993369951844,
            0.9987967610359192
          ],
          "class_index": 164,
          "conditional_hand_mass": 0.0030165911925363843,
          "expected_action_loss_bb": 0.00045420791232634304,
          "hand": "ATs",
          "probability_on_actions_losing_over_0_1bb": 0.0012032153899781406,
          "reference_expected_action_loss_bb": 0.0004601376550953716,
          "reference_probabilities": [
            0.00008710802649147809,
            0.00008710802649147809,
            0.001049791113473475,
            0.9987759590148926
          ]
        },
        {
          "action_values_bb": [
            0.0,
            -0.0895397812128067,
            0.5771580338478088,
            0.9267005920410156
          ],
          "candidate_probabilities": [
            0.0000871080337674357,
            0.0000871080337674357,
            0.0009640698553994298,
            0.9988617300987244
          ],
          "class_index": 165,
          "conditional_hand_mass": 0.0030165911925363843,
          "expected_action_loss_bb": 0.0005062292107463085,
          "hand": "AJs",
          "probability_on_actions_losing_over_0_1bb": 0.0011382859229343012,
          "reference_expected_action_loss_bb": 0.0004817222109523918,
          "reference_probabilities": [
            0.00008710802649147809,
            0.00008710802649147809,
            0.000893958262167871,
            0.9989318251609802
          ]
        },
        {
          "action_values_bb": [
            0.0,
            0.03221473470330238,
            0.777647852897644,
            1.0863341093063354
          ],
          "candidate_probabilities": [
            0.00008710802649147809,
            0.00008710802649147809,
            0.0008913105120882392,
            0.9989345073699951
          ],
          "class_index": 166,
          "conditional_hand_mass": 0.0030165911925363843,
          "expected_action_loss_bb": 0.0004615859840543861,
          "hand": "AQs",
          "probability_on_actions_losing_over_0_1bb": 0.0010655265650711954,
          "reference_expected_action_loss_bb": 0.00044509568295537347,
          "reference_probabilities": [
            0.00008710804104339331,
            0.00008710804104339331,
            0.0008378894999623299,
            0.9989879131317139
          ]
        },
        {
          "action_values_bb": [
            0.0,
            0.09996374696493149,
            0.8858048915863037,
            1.2143049240112305
          ],
          "candidate_probabilities": [
            0.0000871080337674357,
            0.0000871080337674357,
            0.0007137549109756947,
            0.9991120100021362
          ],
          "class_index": 167,
          "conditional_hand_mass": 0.0030165911925363843,
          "expected_action_loss_bb": 0.00043731229460229317,
          "hand": "AKs",
          "probability_on_actions_losing_over_0_1bb": 0.0008879709785105661,
          "reference_expected_action_loss_bb": 0.0004356994007008145,
          "reference_probabilities": [
            0.0000871080337674357,
            0.0000871080337674357,
            0.0007088450365699828,
            0.9991169571876526
          ]
        },
        {
          "action_values_bb": [
            0.0,
            0.7791628837585449,
            2.026134490966797,
            2.402336835861206
          ],
          "candidate_probabilities": [
            0.00008710802649147809,
            0.00008710802649147809,
            0.0005519578116945922,
            0.9992737770080566
          ],
          "class_index": 168,
          "conditional_hand_mass": 0.0045248869052198935,
          "expected_action_loss_bb": 0.0005583021234019797,
          "hand": "AA",
          "probability_on_actions_losing_over_0_1bb": 0.0007261738646775484,
          "reference_expected_action_loss_bb": 0.0005579303122704715,
          "reference_probabilities": [
            0.00008710801921552047,
            0.00008710801921552047,
            0.0005509695620276034,
            0.9992747902870178
          ]
        }
      ],
      "joint_reach_independent_model": 1.000000037252903,
      "opponent_mass": 1.0,
      "passes_local_tail_gate": true,
      "path": [],
      "position": "BTN",
      "reference_weighted_action_loss_bb": 0.0008315245863723471,
      "scope": "One-action deviation followed by reference play, same reference arriving ranges; excludes physical-deal validation",
      "status": "evaluated",
      "weighted_action_loss_bb": 0.000991202842244662,
      "weighted_excess_action_loss_bb": 0.000159678255872315,
      "worst_relevant_probability_on_strongly_inferior_actions": 0.01460983375000069
    },
    {
      "actions": [
        {
          "kind": "fold",
          "label": "Fold",
          "to": 0.0
        },
        {
          "kind": "call",
          "label": "Limp 1",
          "to": 1.0
        },
        {
          "kind": "raise",
          "label": "Raise 2",
          "to": 2.0
        },
        {
          "kind": "raise",
          "label": "Raise 3",
          "to": 3.0
        }
      ],
      "actor": 1,
      "actor_mass": 1.000000037252903,
      "forced_or_frozen": false,
      "hands": [
        {
          "action_values_bb": [
            -0.5000004881407597,
            -0.32190763177394677,
            0.010281464751425476,
            0.03452949088452919
          ],
          "candidate_probabilities": [
            0.008771928958594799,
            0.008771928958594799,
            0.47291192412376404,
            0.5095441937446594
          ],
          "class_index": 0,
          "conditional_hand_mass": 0.0045248869052198935,
          "expected_action_loss_bb": 0.019282680815224485,
          "hand": "22",
          "probability_on_actions_losing_over_0_1bb": 0.017543857917189598,
          "reference_expected_action_loss_bb": 0.02476166461388886,
          "reference_probabilities": [
            0.016330786049365997,
            0.011235954239964485,
            0.49601805210113525,
            0.47641521692276
          ]
        },
        {
          "action_values_bb": [
            -0.5000004881407597,
            -0.7829091599334622,
            -0.7645118320438746,
            -1.0239932340901328
          ],
          "candidate_probabilities": [
            0.7074651122093201,
            0.008771929889917374,
            0.274990975856781,
            0.008771929889917374
          ],
          "class_index": 1,
          "conditional_hand_mass": 0.009049773810439787,
          "expected_action_loss_bb": 0.07981631524961459,
          "hand": "32o",
          "probability_on_actions_losing_over_0_1bb": 0.29253483563661575,
          "reference_expected_action_loss_bb": 0.07242806777846977,
          "reference_probabilities": [
            0.7379854917526245,
            0.01123595517128706,
            0.23954269289970398,
            0.01123595517128706
          ]
        },
        {
          "action_values_bb": [
            -0.5000004881407597,
            -0.7609852939925353,
            -0.7293461717142513,
            -0.982975184457933
          ],
          "candidate_probabilities": [
            0.6564285159111023,
            0.008771929889917374,
            0.32602769136428833,
            0.008771929889917374
          ],
          "class_index": 2,
          "conditional_hand_mass": 0.009049773810439787,
          "expected_action_loss_bb": 0.0812990043337939,
          "hand": "42o",
          "probability_on_actions_losing_over_0_1bb": 0.3435715511441231,
          "reference_expected_action_loss_bb": 0.07080953817882932,
          "reference_probabilities": [
            0.7052297592163086,
            0.011235957033932209,
            0.27229830622673035,
            0.011235957033932209
          ]
        },
        {
          "action_values_bb": [
            -0.5000004881407597,
            -0.7290110979499065,
            -0.6739971461896499,
            -0.9264017624391864
          ],
          "candidate_probabilities": [
            0.5900610089302063,
            0.008771929889917374,
            0.39239516854286194,
            0.008771929889917374
          ],
          "class_index": 3,
          "conditional_hand_mass": 0.009049773810439787,
          "expected_action_loss_bb": 0.07402467505739928,
          "hand": "52o",
          "probability_on_actions_losing_over_0_1bb": 0.4099390283226967,
          "reference_expected_action_loss_bb": 0.06684402167113859,
          "reference_probabilities": [
            0.6356834173202515,
            0.011235957033932209,
            0.34184473752975464,
            0.011235957033932209
          ]
        },
        {
          "action_values_bb": [
            -0.5000004881407597,
            -0.756321945846222,
            -0.7290943608166344,
            -1.0070179299679793
          ],
          "candidate_probabilities": [
            0.6777760982513428,
            0.008771931752562523,
            0.30468010902404785,
            0.008771931752562523
          ],
          "class_index": 4,
          "conditional_hand_mass": 0.009049773810439787,
          "expected_action_loss_bb": 0.07649630283440369,
          "hand": "62o",
          "probability_on_actions_losing_over_0_1bb": 0.3222239725291729,
          "reference_expected_action_loss_bb": 0.06524224592707362,
          "reference_probabilities": [
            0.7301823496818542,
            0.011235954239964485,
            0.24734579026699066,
            0.011235954239964485
          ]
        },
        {
          "action_values_bb": [
            -0.5000004881407597,
            -0.774498355174843,
            -0.7734337899123062,
            -1.0732767620033463
          ],
          "candidate_probabilities": [
            0.7710521221160889,
            0.008771929889917374,
            0.21140407025814056,
            0.008771929889917374
          ],
          "class_index": 5,
          "conditional_hand_mass": 0.009049773810439787,
          "expected_action_loss_bb": 0.06524152826505789,
          "hand": "72o",
          "probability_on_actions_losing_over_0_1bb": 0.2289479300379753,
          "reference_expected_action_loss_bb": 0.0583239143957177,
          "reference_probabilities": [
            0.7990627884864807,
            0.01123595517128706,
            0.1784653216600418,
            0.01123595517128706
          ]
        },
        {
          "action_values_bb": [
            -0.5000004881407597,
            -0.7402705527134141,
            -0.7227887676858628,
            -1.013376590972771
          ],
          "candidate_probabilities": [
            0.6903527975082397,
            0.008771931752562523,
            0.2921034097671509,
            0.008771931752562523
          ],
          "class_index": 6,
          "conditional_hand_mass": 0.009049773810439787,
          "expected_action_loss_bb": 0.07168814885733583,
          "hand": "82o",
          "probability_on_actions_losing_over_0_1bb": 0.3096472732722759,
          "reference_expected_action_loss_bb": 0.06198867036519706,
          "reference_probabilities": [
            0.7372967600822449,
            0.01123595517128706,
            0.24023137986660004,
            0.01123595517128706
          ]
        },
        {
          "action_values_bb": [
            -0.5000004881407597,
            -0.6769913318753266,
            -0.6167456966556639,
            -0.8895983201263364
          ],
          "candidate_probabilities": [
            0.6439852714538574,
            0.008771930821239948,
            0.3384708762168884,
            0.008771930821239948
          ],
          "class_index": 7,
          "conditional_hand_mass": 0.009049773810439787,
          "expected_action_loss_bb": 0.04448492968767803,
          "hand": "92o",
          "probability_on_actions_losing_over_0_1bb": 0.3560147378593683,
          "reference_expected_action_loss_bb": 0.04519738448997387,
          "reference_probabilities": [
            0.6449130177497864,
            0.011235954239964485,
            0.33261510729789734,
            0.011235954239964485
          ]
        },
        {
          "action_values_bb": [
            -0.5000004881407597,
            -0.6468508017293572,
            -0.5788985396641564,
            -0.8392788877866205
          ],
          "candidate_probabilities": [
            0.4658726155757904,
            0.008771929889917374,
            0.5165835618972778,
            0.008771929889917374
          ],
          "class_index": 8,
          "conditional_hand_mass": 0.009049773810439787,
          "expected_action_loss_bb": 0.045021723472679624,
          "hand": "T2o",
          "probability_on_actions_losing_over_0_1bb": 0.017543859779834747,
          "reference_expected_action_loss_bb": 0.03869874367168374,
          "reference_probabilities": [
            0.5562677383422852,
            0.011235954239964485,
            0.42126038670539856,
            0.011235954239964485
          ]
        },
        {
          "action_values_bb": [
            -0.5000004881407597,
            -0.586274764949764,
            -0.4805227304139448,
            -0.710474928881378
          ],
          "candidate_probabilities": [
            0.23064136505126953,
            0.008771928958594799,
            0.7518147826194763,
            0.008771928958594799
          ],
          "class_index": 9,
          "conditional_hand_mass": 0.009049773810439787,
          "expected_action_loss_bb": 0.007437150313254594,
          "hand": "J2o",
          "probability_on_actions_losing_over_0_1bb": 0.017543857917189598,
          "reference_expected_action_loss_bb": 0.008877674117044775,
          "reference_probabilities": [
            0.26213058829307556,
            0.011235956102609634,
            0.7153974771499634,
            0.011235956102609634
          ]
        },
        {
          "action_values_bb": [
            -0.5000004881407597,
            -0.4826134721549866,
            -0.2851783171221787,
            -0.4446780662875626
          ],
          "candidate_probabilities": [
            0.019354665651917458,
            0.008771930821239948,
            0.6211237907409668,
            0.350749671459198
          ],
          "class_index": 10,
          "conditional_hand_mass": 0.009049773810439787,
          "expected_action_loss_bb": 0.06183418343389513,
          "hand": "Q2o",
          "probability_on_actions_losing_over_0_1bb": 0.3788762679323554,
          "reference_expected_action_loss_bb": 0.0673344546577292,
          "reference_probabilities": [
            0.08918125182390213,
            0.01123595330864191,
            0.6114445328712463,
            0.288138210773468
          ]
        },
        {
          "action_values_bb": [
            -0.5000004881407597,
            -0.3678918162922697,
            -0.07329501498103992,
            -0.10698296862942487
          ],
          "candidate_probabilities": [
            0.008771928958594799,
            0.008771928958594799,
            0.4772757589817047,
            0.505180299282074
          ],
          "class_index": 11,
          "conditional_hand_mass": 0.009049773810439787,
          "expected_action_loss_bb": 0.023345702815623762,
          "hand": "K2o",
          "probability_on_actions_losing_over_0_1bb": 0.017543857917189598,
          "reference_expected_action_loss_bb": 0.02787906632872115,
          "reference_probabilities": [
            0.020051512867212296,
            0.011235954239964485,
            0.49338239431381226,
            0.4753301441669464
          ]
        },
        {
          "action_values_bb": [
            -0.5000004881407597,
            -0.2578114725072848,
            0.12338887398897332,
            0.19893632733770958
          ],
          "candidate_probabilities": [
            0.008771928958594799,
            0.008771928958594799,
            0.4366554915904999,
            0.5458005666732788
          ],
          "class_index": 12,
          "conditional_hand_mass": 0.009049773810439787,
          "expected_action_loss_bb": 0.04312579372456117,
          "hand": "A2o",
          "probability_on_actions_losing_over_0_1bb": 0.017543857917189598,
          "reference_expected_action_loss_bb": 0.046748317066322695,
          "reference_probabilities": [
            0.01123595517128706,
            0.01123595517128706,
            0.4469124376773834,
            0.5306156277656555
          ]
        },
        {
          "action_values_bb": [
            -0.5000004881407597,
            -0.6805721930197824,
            -0.5878129662180095,
            -0.7795584222900134
          ],
          "candidate_probabilities": [
            0.3765535056591034,
            0.008771930821239948,
            0.6059026718139648,
            0.008771930821239948
          ],
          "class_index": 13,
          "conditional_hand_mass": 0.0030165911925363843,
          "expected_action_loss_bb": 0.05724204044796901,
          "hand": "32s",
          "probability_on_actions_losing_over_0_1bb": 0.017543861642479897,
          "reference_expected_action_loss_bb": 0.050852362202786036,
          "reference_probabilities": [
            0.4573017656803131,
            0.011235956102609634,
            0.5202263593673706,
            0.011235956102609634
          ]
        },
        {
          "action_values_bb": [
            -0.5000004881407597,
            -0.2512997445071264,
            0.12462154272563575,
            0.16918922121046914
          ],
          "candidate_probabilities": [
            0.008771928958594799,
            0.008771928958594799,
            0.4521026015281677,
            0.5303534865379333
          ],
          "class_index": 14,
          "conditional_hand_mass": 0.0045248869052198935,
          "expected_action_loss_bb": 0.029707747312463558,
          "hand": "33",
          "probability_on_actions_losing_over_0_1bb": 0.017543857917189598,
          "reference_expected_action_loss_bb": 0.03301121797032991,
          "reference_probabilities": [
            0.01123595517128706,
            0.01123595517128706,
            0.46597978472709656,
            0.5115482807159424
          ]
        },
        {
          "action_values_bb": [
            -0.5000004881407597,
            -0.718634968758294,
            -0.6593380002379338,
            -0.8901527085605803
          ],
          "candidate_probabilities": [
            0.5575312376022339,
            0.008771931752562523,
            0.42492496967315674,
            0.008771931752562523
          ],
          "class_index": 15,
          "conditional_hand_mass": 0.009049773810439787,
          "expected_action_loss_bb": 0.07304672288905528,
          "hand": "43o",
          "probability_on_actions_losing_over_0_1bb": 0.4424688331782818,
          "reference_expected_action_loss_bb": 0.06883929886651781,
          "reference_probabilities": [
            0.5884233117103577,
            0.011235957033932209,
            0.38910484313964844,
            0.011235957033932209
          ]
        },
        {
          "action_values_bb": [
            -0.5000004881407597,
            -0.6631913833950971,
            -0.5567966418147232,
            -0.7808971134563253
          ],
          "candidate_probabilities": [
            0.41956043243408203,
            0.008771928958594799,
            0.5628957152366638,
            0.008771928958594799
          ],
          "class_index": 16,
          "conditional_hand_mass": 0.009049773810439787,
          "expected_action_loss_bb": 0.03586581572683486,
          "hand": "53o",
          "probability_on_actions_losing_over_0_1bb": 0.017543857917189598,
          "reference_expected_action_loss_bb": 0.03567169631323754,
          "reference_probabilities": [
            0.4373164176940918,
            0.01123595517128706,
            0.5402117371559143,
            0.01123595517128706
          ]
        },
        {
          "action_values_bb": [
            -0.5000004881407597,
            -0.6777982982855242,
            -0.5878205672669822,
            -0.8287710303242802
          ],
          "candidate_probabilities": [
            0.4792816936969757,
            0.008771929889917374,
            0.5031744241714478,
            0.008771929889917374
          ],
          "class_index": 17,
          "conditional_hand_mass": 0.009049773810439787,
          "expected_action_loss_bb": 0.048632399816102644,
          "hand": "63o",
          "probability_on_actions_losing_over_0_1bb": 0.017543859779834747,
          "reference_expected_action_loss_bb": 0.04437346120484766,
          "reference_probabilities": [
            0.5370630025863647,
            0.01123595517128706,
            0.44046512246131897,
            0.01123595517128706
          ]
        },
        {
          "action_values_bb": [
            -0.5000004881407597,
            -0.7126970153539794,
            -0.6640335656743881,
            -0.9315976024199508
          ],
          "candidate_probabilities": [
            0.6154056787490845,
            0.008771928958594799,
            0.36705049872398376,
            0.008771928958594799
          ],
          "class_index": 18,
          "conditional_hand_mass": 0.009049773810439787,
          "expected_action_loss_bb": 0.06586012096759397,
          "hand": "73o",
          "probability_on_actions_losing_over_0_1bb": 0.38459435664117336,
          "reference_expected_action_loss_bb": 0.058461728653394475,
          "reference_probabilities": [
            0.6652589440345764,
            0.011235954239964485,
            0.3122691810131073,
            0.011235954239964485
          ]
        },
        {
          "action_values_bb": [
            -0.5000004881407597,
            -0.691994756531428,
            -0.6301765409871573,
            -0.9057791402948622
          ],
          "candidate_probabilities": [
            0.6218787431716919,
            0.008771928958594799,
            0.36057743430137634,
            0.008771928958594799
          ],
          "class_index": 19,
          "conditional_hand_mass": 0.009049773810439787,
          "expected_action_loss_bb": 0.052182168735224875,
          "hand": "83o",
          "probability_on_actions_losing_over_0_1bb": 0.37812129221856594,
          "reference_expected_action_loss_bb": 0.0496561511959896,
          "reference_probabilities": [
            0.6476702094078064,
            0.01123595517128706,
            0.3298579156398773,
            0.01123595517128706
          ]
        },
        {
          "action_values_bb": [
            -0.5000004881407597,
            -0.6524575864954045,
            -0.5736556987016711,
            -0.8343569645064486
          ],
          "candidate_probabilities": [
            0.5217819809913635,
            0.008771928027272224,
            0.46067413687705994,
            0.008771928027272224
          ],
          "class_index": 20,
          "conditional_hand_mass": 0.009049773810439787,
          "expected_action_loss_bb": 0.038201344191791844,
          "hand": "93o",
          "probability_on_actions_losing_over_0_1bb": 0.01754385605454445,
          "reference_expected_action_loss_bb": 0.03523695663960088,
          "reference_probabilities": [
            0.5733864307403564,
            0.011235954239964485,
            0.40414169430732727,
            0.011235954239964485
          ]
        },
        {
          "action_values_bb": [
            -0.5000004881407597,
            -0.5888798327155563,
            -0.4697778806127645,
            -0.7135239955353252
          ],
          "candidate_probabilities": [
            0.3725794851779938,
            0.008771929889917374,
            0.6098766326904297,
            0.008771929889917374
          ],
          "class_index": 21,
          "conditional_hand_mass": 0.009049773810439787,
          "expected_action_loss_bb": 0.014443201358155449,
          "hand": "T3o",
          "probability_on_actions_losing_over_0_1bb": 0.017543859779834747,
          "reference_expected_action_loss_bb": 0.015532598079713307,
          "reference_probabilities": [
            0.37904253602027893,
            0.011235954239964485,
            0.5984855890274048,
            0.011235954239964485
          ]
        },
        {
          "action_values_bb": [
            -0.5000004881407597,
            -0.5500561152670486,
            -0.41322053237189127,
            -0.6261380130132748
          ],
          "candidate_probabilities": [
            0.062090326100587845,
            0.008771930821239948,
            0.9203658103942871,
            0.008771930821239948
          ],
          "class_index": 22,
          "conditional_hand_mass": 0.009049773810439787,
          "expected_action_loss_bb": 0.008456205430542907,
          "hand": "J3o",
          "probability_on_actions_losing_over_0_1bb": 0.017543861642479897,
          "reference_expected_action_loss_bb": 0.01702910826150916,
          "reference_probabilities": [
            0.1509484350681305,
            0.01123595517128706,
            0.8265796899795532,
            0.01123595517128706
          ]
        },
        {
          "action_values_bb": [
            -0.5000004881407597,
            -0.45070845263144826,
            -0.22619110878105256,
            -0.36668297056804106
          ],
          "candidate_probabilities": [
            0.01690775714814663,
            0.008771928958594799,
            0.6038323640823364,
            0.37048792839050293
          ],
          "class_index": 23,
          "conditional_hand_mass": 0.009049773810439787,
          "expected_action_loss_bb": 0.05864949151051298,
          "hand": "Q3o",
          "probability_on_actions_losing_over_0_1bb": 0.39616761449724436,
          "reference_expected_action_loss_bb": 0.070814021401581,
          "reference_probabilities": [
            0.07415667921304703,
            0.01123595517128706,
            0.5730462074279785,
            0.34156113862991333
          ]
        },
        {
          "action_values_bb": [
            -0.5000004881407597,
            -0.3498259359785263,
            -0.04155674346933911,
            -0.06066135681095131
          ],
          "candidate_probabilities": [
            0.008771928958594799,
            0.008771928958594799,
            0.46675410866737366,
            0.5157020092010498
          ],
          "class_index": 24,
          "conditional_hand_mass": 0.009049773810439787,
          "expected_action_loss_bb": 0.016577838901862443,
          "hand": "K3o",
          "probability_on_actions_losing_over_0_1bb": 0.017543857917189598,
          "reference_expected_action_loss_bb": 0.020851841468828278,
          "reference_probabilities": [
            0.017578458413481712,
            0.01123595517128706,
            0.4828527867794037,
            0.48833274841308594
          ]
        },
        {
          "action_values_bb": [
            -0.5000004881407597,
            -0.23023641842477535,
            0.17202113496073884,
            0.26417281828625494
          ],
          "candidate_probabilities": [
            0.008771930821239948,
            0.008771930821239948,
            0.4360889196395874,
            0.5463672280311584
          ],
          "class_index": 25,
          "conditional_hand_mass": 0.009049773810439787,
          "expected_action_loss_bb": 0.05122652702562087,
          "hand": "A3o",
          "probability_on_actions_losing_over_0_1bb": 0.017543861642479897,
          "reference_expected_action_loss_bb": 0.054549065085633466,
          "reference_probabilities": [
            0.01123595517128706,
            0.01123595517128706,
            0.4384910464286804,
            0.5390371084213257
          ]
        },
        {
          "action_values_bb": [
            -0.5000004881407597,
            -0.6556027471446206,
            -0.5462594959068002,
            -0.733617473096122
          ],
          "candidate_probabilities": [
            0.38707593083381653,
            0.008771930821239948,
            0.5953802466392517,
            0.008771930821239948
          ],
          "class_index": 26,
          "conditional_hand_mass": 0.0030165911925363843,
          "expected_action_loss_bb": 0.030955903735337895,
          "hand": "42s",
          "probability_on_actions_losing_over_0_1bb": 0.017543861642479897,
          "reference_expected_action_loss_bb": 0.03146527788028312,
          "reference_probabilities": [
            0.39186856150627136,
            0.011235956102609634,
            0.5856595039367676,
            0.011235956102609634
          ]
        },
        {
          "action_values_bb": [
            -0.5000004881407597,
            -0.5652774947723611,
            -0.37945492947551507,
            -0.5306483011376608
          ],
          "candidate_probabilities": [
            0.02782798744738102,
            0.008771930821239948,
            0.9546282291412354,
            0.008771930821239948
          ],
          "class_index": 27,
          "conditional_hand_mass": 0.0030165911925363843,
          "expected_action_loss_bb": 0.006310820778033599,
          "hand": "43s",
          "probability_on_actions_losing_over_0_1bb": 0.045371849089860916,
          "reference_expected_action_loss_bb": 0.015294524722661098,
          "reference_probabilities": [
            0.0954645499587059,
            0.011235958896577358,
            0.8820635676383972,
            0.011235958896577358
          ]
        },
        {
          "action_values_bb": [
            -0.5000004881407597,
            -0.17430896353351427,
            0.25102016188700155,
            0.3215109128050897
          ],
          "candidate_probabilities": [
            0.008771930821239948,
            0.008771930821239948,
            0.4313216507434845,
            0.5511345267295837
          ],
          "class_index": 28,
          "conditional_hand_mass": 0.0045248869052198935,
          "expected_action_loss_bb": 0.04195972588113246,
          "hand": "44",
          "probability_on_actions_losing_over_0_1bb": 0.017543861642479897,
          "reference_expected_action_loss_bb": 0.04569098838944266,
          "reference_probabilities": [
            0.01123595517128706,
            0.01123595517128706,
            0.43820661306381226,
            0.5393214821815491
          ]
        },
        {
          "action_values_bb": [
            -0.5000004881407597,
            -0.6166344702968439,
            -0.47960987232608693,
            -0.6781797454220416
          ],
          "candidate_probabilities": [
            0.14151152968406677,
            0.008771930821239948,
            0.8409446477890015,
            0.008771930821239948
          ],
          "class_index": 29,
          "conditional_hand_mass": 0.009049773810439787,
          "expected_action_loss_bb": 0.005829318719322274,
          "hand": "54o",
          "probability_on_actions_losing_over_0_1bb": 0.017543861642479897,
          "reference_expected_action_loss_bb": 0.009039605023357305,
          "reference_probabilities": [
            0.25839734077453613,
            0.011235954239964485,
            0.7191307544708252,
            0.011235954239964485
          ]
        },
        {
          "action_values_bb": [
            -0.5000004881407597,
            -0.631252194018379,
            -0.5100725056390718,
            -0.7288357159483815
          ],
          "candidate_probabilities": [
            0.42976027727127075,
            0.008771930821239948,
            0.5526958703994751,
            0.008771930821239948
          ],
          "class_index": 30,
          "conditional_hand_mass": 0.009049773810439787,
          "expected_action_loss_bb": 0.008725420149827703,
          "hand": "64o",
          "probability_on_actions_losing_over_0_1bb": 0.017543861642479897,
          "reference_expected_action_loss_bb": 0.010039708473530291,
          "reference_probabilities": [
            0.3824350833892822,
            0.01123595517128706,
            0.5950930714607239,
            0.01123595517128706
          ]
        },
        {
          "action_values_bb": [
            -0.5000004881407597,
            -0.675315056506477,
            -0.6054128813094111,
            -0.8529288375848302
          ],
          "candidate_probabilities": [
            0.5765653252601624,
            0.008771928027272224,
            0.40589088201522827,
            0.008771928027272224
          ],
          "class_index": 31,
          "conditional_hand_mass": 0.009049773810439787,
          "expected_action_loss_bb": 0.04741963809450366,
          "hand": "74o",
          "probability_on_actions_losing_over_0_1bb": 0.4234347380697727,
          "reference_expected_action_loss_bb": 0.048087673596022736,
          "reference_probabilities": [
            0.5776476263999939,
            0.011235954239964485,
            0.3998804986476898,
            0.011235954239964485
          ]
        },
        {
          "action_values_bb": [
            -0.5000004881407597,
            -0.6269677825703902,
            -0.5160726969902496,
            -0.7637163020743333
          ],
          "candidate_probabilities": [
            0.48554202914237976,
            0.008771929889917374,
            0.4969140887260437,
            0.008771929889917374
          ],
          "class_index": 32,
          "conditional_hand_mass": 0.009049773810439787,
          "expected_action_loss_bb": 0.011413551849995946,
          "hand": "84o",
          "probability_on_actions_losing_over_0_1bb": 0.017543859779834747,
          "reference_expected_action_loss_bb": 0.012570727783683368,
          "reference_probabilities": [
            0.4685108959674835,
            0.011235954239964485,
            0.5090171694755554,
            0.011235954239964485
          ]
        },
        {
          "action_values_bb": [
            -0.5000004881407597,
            -0.6596118472041319,
            -0.5938846004560908,
            -0.8590778770005228
          ],
          "candidate_probabilities": [
            0.6084825396537781,
            0.008771929889917374,
            0.37397366762161255,
            0.008771929889917374
          ],
          "class_index": 33,
          "conditional_hand_mass": 0.009049773810439787,
          "expected_action_loss_bb": 0.03966008714543454,
          "hand": "94o",
          "probability_on_actions_losing_over_0_1bb": 0.017543859779834747,
          "reference_expected_action_loss_bb": 0.040621218289312394,
          "reference_probabilities": [
            0.6069301962852478,
            0.01123595517128706,
            0.3705978989601135,
            0.01123595517128706
          ]
        },
        {
          "action_values_bb": [
            -0.5000004881407597,
            -0.6072719305255756,
            -0.5138485184858208,
            -0.7562833129918105
          ],
          "candidate_probabilities": [
            0.3932953178882599,
            0.008771929889917374,
            0.5891608595848083,
            0.008771929889917374
          ],
          "class_index": 34,
          "conditional_hand_mass": 0.009049773810439787,
          "expected_action_loss_bb": 0.011347790005026018,
          "hand": "T4o",
          "probability_on_actions_losing_over_0_1bb": 0.017543859779834747,
          "reference_expected_action_loss_bb": 0.011378287820713925,
          "reference_probabilities": [
            0.4508533179759979,
            0.011235954239964485,
            0.5266748070716858,
            0.011235954239964485
          ]
        },
        {
          "action_values_bb": [
            -0.5000004881407597,
            -0.545201625146111,
            -0.41073192104448736,
            -0.615924364960252
          ],
          "candidate_probabilities": [
            0.08259720355272293,
            0.008771930821239948,
            0.8998588919639587,
            0.008771930821239948
          ],
          "class_index": 35,
          "conditional_hand_mass": 0.009049773810439787,
          "expected_action_loss_bb": 0.010352826872313006,
          "hand": "J4o",
          "probability_on_actions_losing_over_0_1bb": 0.017543861642479897,
          "reference_expected_action_loss_bb": 0.017531925835437095,
          "reference_probabilities": [
            0.15364307165145874,
            0.011235956102609634,
            0.8238850235939026,
            0.011235956102609634
          ]
        },
        {
          "action_values_bb": [
            -0.5000004881407597,
            -0.46891913641484045,
            -0.2702991940238182,
            -0.40765984204043954
          ],
          "candidate_probabilities": [
            0.012003220617771149,
            0.008771928958594799,
            0.5929716229438782,
            0.3862532079219818
          ],
          "class_index": 36,
          "conditional_hand_mass": 0.009049773810439787,
          "expected_action_loss_bb": 0.05755542627254963,
          "hand": "Q4o",
          "probability_on_actions_losing_over_0_1bb": 0.40702835749834776,
          "reference_expected_action_loss_bb": 0.06617931428116569,
          "reference_probabilities": [
            0.08125501126050949,
            0.011235954239964485,
            0.5778421759605408,
            0.3296668231487274
          ]
        },
        {
          "action_values_bb": [
            -0.5000004881407597,
            -0.31122791389699084,
            0.02817040929417217,
            0.027294791552040756
          ],
          "candidate_probabilities": [
            0.008771930821239948,
            0.008771930821239948,
            0.46215447783470154,
            0.5203016996383667
          ],
          "class_index": 37,
          "conditional_hand_mass": 0.009049773810439787,
          "expected_action_loss_bb": 0.008065842585433646,
          "hand": "K4o",
          "probability_on_actions_losing_over_0_1bb": 0.017543861642479897,
          "reference_expected_action_loss_bb": 0.010487912034907745,
          "reference_probabilities": [
            0.011791675351560116,
            0.011235956102609634,
            0.46712929010391235,
            0.5098430514335632
          ]
        },
        {
          "action_values_bb": [
            -0.5000004881407597,
            -0.21009536457350514,
            0.20634909344590138,
            0.309774300448964
          ],
          "candidate_probabilities": [
            0.008771928958594799,
            0.008771928958594799,
            0.42453667521476746,
            0.5579195022583008
          ],
          "class_index": 38,
          "conditional_hand_mass": 0.009049773810439787,
          "expected_action_loss_bb": 0.05557134020175503,
          "hand": "A4o",
          "probability_on_actions_losing_over_0_1bb": 0.44208053313195705,
          "reference_expected_action_loss_bb": 0.05945601361427767,
          "reference_probabilities": [
            0.011235954239964485,
            0.011235954239964485,
            0.4304191470146179,
            0.5471089482307434
          ]
        },
        {
          "action_values_bb": [
            -0.5000004881407597,
            -0.6008302855916329,
            -0.4445883878565642,
            -0.6212946106610221
          ],
          "candidate_probabilities": [
            0.047218043357133865,
            0.008771930821239948,
            0.9352381229400635,
            0.008771930821239948
          ],
          "class_index": 39,
          "conditional_hand_mass": 0.0030165911925363843,
          "expected_action_loss_bb": 0.005537048834163581,
          "hand": "52s",
          "probability_on_actions_losing_over_0_1bb": 0.017543861642479897,
          "reference_expected_action_loss_bb": 0.012698430386538333,
          "reference_probabilities": [
            0.16165132820606232,
            0.011235957033932209,
            0.8158767819404602,
            0.011235957033932209
          ]
        },
        {
          "action_values_bb": [
            -0.5000004881407597,
            -0.558024071755018,
            -0.3727753856556072,
            -0.5270373147348915
          ],
          "candidate_probabilities": [
            0.025846578180789948,
            0.008771930821239948,
            0.9566095471382141,
            0.008771930821239948
          ],
          "class_index": 40,
          "conditional_hand_mass": 0.0030165911925363843,
          "expected_action_loss_bb": 0.006266497187365638,
          "hand": "53s",
          "probability_on_actions_losing_over_0_1bb": 0.043390439823269844,
          "reference_expected_action_loss_bb": 0.015379864050625042,
          "reference_probabilities": [
            0.09090295433998108,
            0.011235956102609634,
            0.8866251707077026,
            0.011235956102609634
          ]
        },
        {
          "action_values_bb": [
            -0.5000004881407597,
            -0.49517326416797175,
            -0.2613627662685809,
            -0.38797274166210255
          ],
          "candidate_probabilities": [
            0.008771930821239948,
            0.008771930821239948,
            0.8995352387428284,
            0.08292097598314285
          ],
          "class_index": 41,
          "conditional_hand_mass": 0.0030165911925363843,
          "expected_action_loss_bb": 0.014642905829286693,
          "hand": "54s",
          "probability_on_actions_losing_over_0_1bb": 0.10046483762562275,
          "reference_expected_action_loss_bb": 0.025100271788943536,
          "reference_probabilities": [
            0.06359020620584488,
            0.011235957033932209,
            0.8675309419631958,
            0.05764289200305939
          ]
        },
        {
          "action_values_bb": [
            -0.5000004881407597,
            -0.06801771651099858,
            0.4359504233086934,
            0.5538458657894638
          ],
          "candidate_probabilities": [
            0.008771930821239948,
            0.008771930821239948,
            0.4036593735218048,
            0.5787968039512634
          ],
          "class_index": 42,
          "conditional_hand_mass": 0.0045248869052198935,
          "expected_action_loss_bb": 0.062288812089943746,
          "hand": "55",
          "probability_on_actions_losing_over_0_1bb": 0.4212032351642847,
          "reference_expected_action_loss_bb": 0.06722827459679784,
          "reference_probabilities": [
            0.01123595517128706,
            0.01123595517128706,
            0.4105338752269745,
            0.5669942498207092
          ]
        },
        {
          "action_values_bb": [
            -0.5000004881407597,
            -0.5848126787728365,
            -0.43131423670893826,
            -0.6284000572937783
          ],
          "candidate_probabilities": [
            0.13920535147190094,
            0.008771929889917374,
            0.8432507514953613,
            0.008771929889917374
          ],
          "class_index": 43,
          "conditional_hand_mass": 0.009049773810439787,
          "expected_action_loss_bb": 0.012636794344317174,
          "hand": "65o",
          "probability_on_actions_losing_over_0_1bb": 0.017543859779834747,
          "reference_expected_action_loss_bb": 0.014026703510999872,
          "reference_probabilities": [
            0.14686423540115356,
            0.011235957033932209,
            0.8306639194488525,
            0.011235957033932209
          ]
        },
        {
          "action_values_bb": [
            -0.5000004881407597,
            -0.6134335221322323,
            -0.49591680714660386,
            -0.7154329048433744
          ],
          "candidate_probabilities": [
            0.2704797387123108,
            0.008771931752562523,
            0.7119764685630798,
            0.008771931752562523
          ],
          "class_index": 44,
          "conditional_hand_mass": 0.009049773810439787,
          "expected_action_loss_bb": 0.0040609817995078965,
          "hand": "75o",
          "probability_on_actions_losing_over_0_1bb": 0.017543863505125046,
          "reference_expected_action_loss_bb": 0.0052567628622366075,
          "reference_probabilities": [
            0.35993945598602295,
            0.01123595330864191,
            0.6175886392593384,
            0.01123595330864191
          ]
        },
        {
          "action_values_bb": [
            -0.5000004881407597,
            -0.5863436625312776,
            -0.44918949805601427,
            -0.676150962690286
          ],
          "candidate_probabilities": [
            0.27370062470436096,
            0.008771929889917374,
            0.7087555527687073,
            0.008771929889917374
          ],
          "class_index": 45,
          "conditional_hand_mass": 0.009049773810439787,
          "expected_action_loss_bb": 0.017100996498413915,
          "hand": "85o",
          "probability_on_actions_losing_over_0_1bb": 0.017543859779834747,
          "reference_expected_action_loss_bb": 0.018523702402955537,
          "reference_probabilities": [
            0.28404319286346436,
            0.011235954239964485,
            0.693484902381897,
            0.011235954239964485
          ]
        },
        {
          "action_values_bb": [
            -0.5000004881407597,
            -0.5706209275985441,
            -0.43054363678533925,
            -0.6632408948150107
          ],
          "candidate_probabilities": [
            0.26599183678627014,
            0.008771930821239948,
            0.7164643406867981,
            0.008771930821239948
          ],
          "class_index": 46,
          "conditional_hand_mass": 0.009049773810439787,
          "expected_action_loss_bb": 0.021744908023787868,
          "hand": "95o",
          "probability_on_actions_losing_over_0_1bb": 0.017543861642479897,
          "reference_expected_action_loss_bb": 0.02483536156746877,
          "reference_probabilities": [
            0.2972620129585266,
            0.01123595517128706,
            0.6802660822868347,
            0.01123595517128706
          ]
        },
        {
          "action_values_bb": [
            -0.5000004881407597,
            -0.5535313985386181,
            -0.4122290138873257,
            -0.6404429082422288
          ],
          "candidate_probabilities": [
            0.13380542397499084,
            0.008771929889917374,
            0.8486507534980774,
            0.008771929889917374
          ],
          "class_index": 47,
          "conditional_hand_mass": 0.009049773810439787,
          "expected_action_loss_bb": 0.014985670218016226,
          "hand": "T5o",
          "probability_on_actions_losing_over_0_1bb": 0.017543859779834747,
          "reference_expected_action_loss_bb": 0.025503182651004985,
          "reference_probabilities": [
            0.24326029419898987,
            0.011235954239964485,
            0.7342677712440491,
            0.011235954239964485
          ]
        },
        {
          "action_values_bb": [
            -0.5000004881407597,
            -0.5050051164125057,
            -0.3370557552981055,
            -0.5214480333017995
          ],
          "candidate_probabilities": [
            0.050767526030540466,
            0.008771929889917374,
            0.9265113472938538,
            0.013949126936495304
          ],
          "class_index": 48,
          "conditional_hand_mass": 0.009049773810439787,
          "expected_action_loss_bb": 0.0123176522788639,
          "hand": "J5o",
          "probability_on_actions_losing_over_0_1bb": 0.07348858285695314,
          "reference_expected_action_loss_bb": 0.03192569838810368,
          "reference_probabilities": [
            0.12834687530994415,
            0.011235954239964485,
            0.8109292984008789,
            0.04948786273598671
          ]
        },
        {
          "action_values_bb": [
            -0.5000004881407597,
            -0.4065166512483921,
            -0.15178306313347595,
            -0.2546306775826098
          ],
          "candidate_probabilities": [
            0.008771928958594799,
            0.008771928958594799,
            0.543652355670929,
            0.4388038218021393
          ],
          "class_index": 49,
          "conditional_hand_mass": 0.009049773810439787,
          "expected_action_loss_bb": 0.050418969736133565,
          "hand": "Q5o",
          "probability_on_actions_losing_over_0_1bb": 0.4563476797193289,
          "reference_expected_action_loss_bb": 0.06478559962631153,
          "reference_probabilities": [
            0.05992040038108826,
            0.011235954239964485,
            0.5296307802200317,
            0.39921292662620544
          ]
        },
        {
          "action_values_bb": [
            -0.5000004881407597,
            -0.2947757223332626,
            0.05522139414953536,
            0.08234680957475549
          ],
          "candidate_probabilities": [
            0.008771928958594799,
            0.008771928958594799,
            0.45154279470443726,
            0.5309133529663086
          ],
          "class_index": 50,
          "conditional_hand_mass": 0.009049773810439787,
          "expected_action_loss_bb": 0.020664687071995435,
          "hand": "K5o",
          "probability_on_actions_losing_over_0_1bb": 0.017543857917189598,
          "reference_expected_action_loss_bb": 0.02325022147487694,
          "reference_probabilities": [
            0.01123595517128706,
            0.01123595517128706,
            0.4597039818763733,
            0.517824113368988
          ]
        },
        {
          "action_values_bb": [
            -0.5000004881407597,
            -0.17412925799954618,
            0.2695528965366134,
            0.40369310562543176
          ],
          "candidate_probabilities": [
            0.008771929889917374,
            0.008771929889917374,
            0.4192273020744324,
            0.5632287859916687
          ],
          "class_index": 51,
          "conditional_hand_mass": 0.009049773810439787,
          "expected_action_loss_bb": 0.06923099206503472,
          "hand": "A5o",
          "probability_on_actions_losing_over_0_1bb": 0.4367711618542671,
          "reference_expected_action_loss_bb": 0.07327674703831621,
          "reference_probabilities": [
            0.011235954239964485,
            0.011235954239964485,
            0.42217394709587097,
            0.5553541779518127
          ]
        },
        {
          "action_values_bb": [
            -0.5000004881407597,
            -0.6744010478011142,
            -0.5921902638791319,
            -0.8045165711933076
          ],
          "candidate_probabilities": [
            0.42691031098365784,
            0.008771930821239948,
            0.5555459260940552,
            0.008771930821239948
          ],
          "class_index": 52,
          "conditional_hand_mass": 0.0030165911925363843,
          "expected_action_loss_bb": 0.055416677997995295,
          "hand": "62s",
          "probability_on_actions_losing_over_0_1bb": 0.017543861642479897,
          "reference_expected_action_loss_bb": 0.05038875663553988,
          "reference_probabilities": [
            0.48932135105133057,
            0.011235956102609634,
            0.48820674419403076,
            0.011235956102609634
          ]
        },
        {
          "action_values_bb": [
            -0.5000004881407597,
            -0.5749436232289731,
            -0.40758658605928566,
            -0.5788168109541018
          ],
          "candidate_probabilities": [
            0.04284346103668213,
            0.008771930821239948,
            0.9396127462387085,
            0.008771930821239948
          ],
          "class_index": 53,
          "conditional_hand_mass": 0.0030165911925363843,
          "expected_action_loss_bb": 0.006929395452858257,
          "hand": "63s",
          "probability_on_actions_losing_over_0_1bb": 0.017543861642479897,
          "reference_expected_action_loss_bb": 0.014560346528659465,
          "reference_probabilities": [
            0.11638935655355453,
            0.011235957033932209,
            0.8611387014389038,
            0.011235957033932209
          ]
        },
        {
          "action_values_bb": [
            -0.5000004881407597,
            -0.5385301007815413,
            -0.3495042512178763,
            -0.5024443997214529
          ],
          "candidate_probabilities": [
            0.016332175582647324,
            0.008771930821239948,
            0.9661239981651306,
            0.008771930821239948
          ],
          "class_index": 54,
          "conditional_hand_mass": 0.0030165911925363843,
          "expected_action_loss_bb": 0.00545763304421434,
          "hand": "64s",
          "probability_on_actions_losing_over_0_1bb": 0.03387603722512722,
          "reference_expected_action_loss_bb": 0.018787272253961255,
          "reference_probabilities": [
            0.09930452704429626,
            0.01123595517128706,
            0.8782235383987427,
            0.01123595517128706
          ]
        },
        {
          "action_values_bb": [
            -0.5000004881407597,
            -0.47715114218661675,
            -0.2412562483760603,
            -0.36740876614333795
          ],
          "candidate_probabilities": [
            0.008771930821239948,
            0.008771930821239948,
            0.8260205388069153,
            0.15643562376499176
          ],
          "class_index": 55,
          "conditional_hand_mass": 0.0030165911925363843,
          "expected_action_loss_bb": 0.024073688067648494,
          "hand": "65s",
          "probability_on_actions_losing_over_0_1bb": 0.17397948540747166,
          "reference_expected_action_loss_bb": 0.030304006373355598,
          "reference_probabilities": [
            0.05839769169688225,
            0.011235956102609634,
            0.8309356570243835,
            0.09943071752786636
          ]
        },
        {
          "action_values_bb": [
            -0.5000004881407597,
            0.015224604721046383,
            0.5771114912100493,
            0.742921993851379
          ],
          "candidate_probabilities": [
            0.008771930821239948,
            0.008771930821239948,
            0.38218244910240173,
            0.6002737283706665
          ],
          "class_index": 56,
          "conditional_hand_mass": 0.0045248869052198935,
          "expected_action_loss_bb": 0.08065600517081073,
          "hand": "66",
          "probability_on_actions_losing_over_0_1bb": 0.39972631074488163,
          "reference_expected_action_loss_bb": 0.08734523303785871,
          "reference_probabilities": [
            0.01123595517128706,
            0.01123595517128706,
            0.39324069023132324,
            0.5842873454093933
          ]
        },
        {
          "action_values_bb": [
            -0.5000004881407597,
            -0.5343494192449912,
            -0.35451815416405685,
            -0.5438282062514653
          ],
          "candidate_probabilities": [
            0.030168775469064713,
            0.008771929889917374,
            0.9522873759269714,
            0.008771929889917374
          ],
          "class_index": 57,
          "conditional_hand_mass": 0.009049773810439787,
          "expected_action_loss_bb": 0.007627105622131088,
          "hand": "76o",
          "probability_on_actions_losing_over_0_1bb": 0.04771263524889946,
          "reference_expected_action_loss_bb": 0.022160266492125453,
          "reference_probabilities": [
            0.12381304800510406,
            0.01123595517128706,
            0.8537150621414185,
            0.01123595517128706
          ]
        },
        {
          "action_values_bb": [
            -0.5000004881407597,
            -0.526647046197502,
            -0.3464431205137249,
            -0.5431576054492129
          ],
          "candidate_probabilities": [
            0.06404028832912445,
            0.008771928958594799,
            0.9184158444404602,
            0.008771928958594799
          ],
          "class_index": 58,
          "conditional_hand_mass": 0.009049773810439787,
          "expected_action_loss_bb": 0.013140159619035328,
          "hand": "86o",
          "probability_on_actions_losing_over_0_1bb": 0.08158414624631405,
          "reference_expected_action_loss_bb": 0.024439320467732784,
          "reference_probabilities": [
            0.131574809551239,
            0.011235957033932209,
            0.8459532856941223,
            0.011235957033932209
          ]
        },
        {
          "action_values_bb": [
            -0.5000004881407597,
            -0.5277712692343149,
            -0.36131199265613145,
            -0.5679210210565793
          ],
          "candidate_probabilities": [
            0.04968997463583946,
            0.008771929889917374,
            0.9327661395072937,
            0.008771929889917374
          ],
          "class_index": 59,
          "conditional_hand_mass": 0.009049773810439787,
          "expected_action_loss_bb": 0.01016395683833678,
          "hand": "96o",
          "probability_on_actions_losing_over_0_1bb": 0.06723383441567421,
          "reference_expected_action_loss_bb": 0.02531659098118847,
          "reference_probabilities": [
            0.15231841802597046,
            0.01123595517128706,
            0.8252097368240356,
            0.01123595517128706
          ]
        },
        {
          "action_values_bb": [
            -0.5000004881407597,
            -0.5240468249721097,
            -0.36902632515223366,
            -0.5694927645684563
          ],
          "candidate_probabilities": [
            0.08816540986299515,
            0.008771931752562523,
            0.8942907452583313,
            0.008771931752562523
          ],
          "class_index": 60,
          "conditional_hand_mass": 0.009049773810439787,
          "expected_action_loss_bb": 0.014665697931252527,
          "hand": "T6o",
          "probability_on_actions_losing_over_0_1bb": 0.1057092733681202,
          "reference_expected_action_loss_bb": 0.023134198289738905,
          "reference_probabilities": [
            0.14613540470600128,
            0.011235957033932209,
            0.8313927054405212,
            0.011235957033932209
          ]
        },
        {
          "action_values_bb": [
            -0.5000004881407597,
            -0.49818551106175774,
            -0.3287051313217192,
            -0.5004410003092024
          ],
          "candidate_probabilities": [
            0.039149850606918335,
            0.008771928958594799,
            0.8042722940444946,
            0.14780594408512115
          ],
          "class_index": 61,
          "conditional_hand_mass": 0.009049773810439787,
          "expected_action_loss_bb": 0.03357643972905312,
          "hand": "J6o",
          "probability_on_actions_losing_over_0_1bb": 0.1957277236506343,
          "reference_expected_action_loss_bb": 0.043104711479993424,
          "reference_probabilities": [
            0.1264578104019165,
            0.011235954239964485,
            0.7485338449478149,
            0.11377239972352982
          ]
        },
        {
          "action_values_bb": [
            -0.5000004881407597,
            -0.3891936514365355,
            -0.1221309091007987,
            -0.19979470543006386
          ],
          "candidate_probabilities": [
            0.008771929889917374,
            0.008771929889917374,
            0.5213709473609924,
            0.46108517050743103
          ],
          "class_index": 62,
          "conditional_hand_mass": 0.009049773810439787,
          "expected_action_loss_bb": 0.04146692587958291,
          "hand": "Q6o",
          "probability_on_actions_losing_over_0_1bb": 0.017543859779834747,
          "reference_expected_action_loss_bb": 0.055318982785479115,
          "reference_probabilities": [
            0.04981068894267082,
            0.011235954239964485,
            0.5076541304588318,
            0.43129920959472656
          ]
        },
        {
          "action_values_bb": [
            -0.5000004881407597,
            -0.26011934971840556,
            0.11746181658375944,
            0.17001372582081914
          ],
          "candidate_probabilities": [
            0.008771928958594799,
            0.008771928958594799,
            0.43240055441856384,
            0.5500555038452148
          ],
          "class_index": 63,
          "conditional_hand_mass": 0.009049773810439787,
          "expected_action_loss_bb": 0.032373888557350336,
          "hand": "K6o",
          "probability_on_actions_losing_over_0_1bb": 0.017543857917189598,
          "reference_expected_action_loss_bb": 0.03566836328983643,
          "reference_probabilities": [
            0.01123595517128706,
            0.01123595517128706,
            0.4435073435306549,
            0.5340207815170288
          ]
        },
        {
          "action_values_bb": [
            -0.5000004881407597,
            -0.16675489810898453,
            0.2848353633712842,
            0.4226667882834502
          ],
          "candidate_probabilities": [
            0.008771930821239948,
            0.008771930821239948,
            0.4150489866733551,
            0.5674071907997131
          ],
          "class_index": 64,
          "conditional_hand_mass": 0.009049773810439787,
          "expected_action_loss_bb": 0.07047073301892721,
          "hand": "A6o",
          "probability_on_actions_losing_over_0_1bb": 0.432592848315835,
          "reference_expected_action_loss_bb": 0.07473115321159658,
          "reference_probabilities": [
            0.01123595517128706,
            0.01123595517128706,
            0.4189276099205017,
            0.5586004257202148
          ]
        },
        {
          "action_values_bb": [
            -0.5000004881407597,
            -0.6602068907902204,
            -0.5720355595201884,
            -0.7985526765943339
          ],
          "candidate_probabilities": [
            0.4878847301006317,
            0.008771929889917374,
            0.49457141757011414,
            0.008771929889917374
          ],
          "class_index": 65,
          "conditional_hand_mass": 0.0030165911925363843,
          "expected_action_loss_bb": 0.03965068556444149,
          "hand": "72s",
          "probability_on_actions_losing_over_0_1bb": 0.017543859779834747,
          "reference_expected_action_loss_bb": 0.03845527241306966,
          "reference_probabilities": [
            0.5152438879013062,
            0.011235957965254784,
            0.46228426694869995,
            0.011235957965254784
          ]
        },
        {
          "action_values_bb": [
            -0.5000004881407597,
            -0.5725328354855459,
            -0.4105026692234085,
            -0.5973547233824863
          ],
          "candidate_probabilities": [
            0.025266513228416443,
            0.008771930821239948,
            0.9571896195411682,
            0.008771930821239948
          ],
          "class_index": 66,
          "conditional_hand_mass": 0.0030165911925363843,
          "expected_action_loss_bb": 0.005321668527885161,
          "hand": "73s",
          "probability_on_actions_losing_over_0_1bb": 0.017543861642479897,
          "reference_expected_action_loss_bb": 0.017670702442315986,
          "reference_probabilities": [
            0.15364259481430054,
            0.011235956102609634,
            0.8238855600357056,
            0.011235956102609634
          ]
        },
        {
          "action_values_bb": [
            -0.5000004881407597,
            -0.5723631019699548,
            -0.42450875257302484,
            -0.6010257510987003
          ],
          "candidate_probabilities": [
            0.23183196783065796,
            0.008771930821239948,
            0.7506241798400879,
            0.008771930821239948
          ],
          "class_index": 67,
          "conditional_hand_mass": 0.0030165911925363843,
          "expected_action_loss_bb": 0.020346760635989093,
          "hand": "74s",
          "probability_on_actions_losing_over_0_1bb": 0.017543861642479897,
          "reference_expected_action_loss_bb": 0.015197211175353798,
          "reference_probabilities": [
            0.15303117036819458,
            0.011235957033932209,
            0.8244969248771667,
            0.011235957033932209
          ]
        },
        {
          "action_values_bb": [
            -0.5000004881407597,
            -0.5083484970773618,
            -0.3102662068659648,
            -0.4625386834118473
          ],
          "candidate_probabilities": [
            0.03230268135666847,
            0.008771930821239948,
            0.9501534700393677,
            0.008771930821239948
          ],
          "class_index": 68,
          "conditional_hand_mass": 0.0030165911925363843,
          "expected_action_loss_bb": 0.009202213807342725,
          "hand": "75s",
          "probability_on_actions_losing_over_0_1bb": 0.04984654299914837,
          "reference_expected_action_loss_bb": 0.020954813511571087,
          "reference_probabilities": [
            0.08969514071941376,
            0.01123595517128706,
            0.8878329396247864,
            0.01123595517128706
          ]
        },
        {
          "action_values_bb": [
            -0.5000004881407597,
            -0.43591116284473375,
            -0.18096153757644806,
            -0.30281920117019895
          ],
          "candidate_probabilities": [
            0.008771930821239948,
            0.008771930821239948,
            0.8195605874061584,
            0.16289560496807098
          ],
          "class_index": 69,
          "conditional_hand_mass": 0.0030165911925363843,
          "expected_action_loss_bb": 0.02488506591048531,
          "hand": "76s",
          "probability_on_actions_losing_over_0_1bb": 0.18043946661055088,
          "reference_expected_action_loss_bb": 0.03808035854254527,
          "reference_probabilities": [
            0.05428024008870125,
            0.011235956102609634,
            0.7876054644584656,
            0.14687828719615936
          ]
        },
        {
          "action_values_bb": [
            -0.5000004881407597,
            0.06609094648122339,
            0.6558053255599009,
            0.8579066878491862
          ],
          "candidate_probabilities": [
            0.008771928958594799,
            0.008771928958594799,
            0.37255796790122986,
            0.6098981499671936
          ],
          "class_index": 70,
          "conditional_hand_mass": 0.0045248869052198935,
          "expected_action_loss_bb": 0.09415168955629312,
          "hand": "77",
          "probability_on_actions_losing_over_0_1bb": 0.39010182581841946,
          "reference_expected_action_loss_bb": 0.10154093204535192,
          "reference_probabilities": [
            0.011235954239964485,
            0.011235954239964485,
            0.3829105496406555,
            0.5946176052093506
          ]
        },
        {
          "action_values_bb": [
            -0.5000004881407597,
            -0.49867902136982617,
            -0.3077213547496026,
            -0.48640806921780183
          ],
          "candidate_probabilities": [
            0.04103655740618706,
            0.008771929889917374,
            0.9414196610450745,
            0.008771929889917374
          ],
          "class_index": 71,
          "conditional_hand_mass": 0.009049773810439787,
          "expected_action_loss_bb": 0.011132968290527661,
          "hand": "87o",
          "probability_on_actions_losing_over_0_1bb": 0.058580417186021805,
          "reference_expected_action_loss_bb": 0.027511219467001333,
          "reference_probabilities": [
            0.12147918343544006,
            0.011235954239964485,
            0.8560489416122437,
            0.011235954239964485
          ]
        },
        {
          "action_values_bb": [
            -0.5000004881407597,
            -0.5039019531627547,
            -0.33009605354932026,
            -0.5158490239207103
          ],
          "candidate_probabilities": [
            0.043046802282333374,
            0.008771928958594799,
            0.9394093155860901,
            0.008771928958594799
          ],
          "class_index": 72,
          "conditional_hand_mass": 0.009049773810439787,
          "expected_action_loss_bb": 0.01046786746668884,
          "hand": "97o",
          "probability_on_actions_losing_over_0_1bb": 0.06059066019952297,
          "reference_expected_action_loss_bb": 0.026550544545755936,
          "reference_probabilities": [
            0.13248951733112335,
            0.011235957033932209,
            0.8450385928153992,
            0.011235957033932209
          ]
        },
        {
          "action_values_bb": [
            -0.5000004881407597,
            -0.4798348006147226,
            -0.2957887887456498,
            -0.4662383370968986
          ],
          "candidate_probabilities": [
            0.04887591302394867,
            0.008771929889917374,
            0.9335802793502808,
            0.008771929889917374
          ],
          "class_index": 73,
          "conditional_hand_mass": 0.009049773810439787,
          "expected_action_loss_bb": 0.013090643458647785,
          "hand": "T7o",
          "probability_on_actions_losing_over_0_1bb": 0.06641977280378342,
          "reference_expected_action_loss_bb": 0.03484151622596614,
          "reference_probabilities": [
            0.12181314080953598,
            0.011235954239964485,
            0.8206151127815247,
            0.046335794031620026
          ]
        },
        {
          "action_values_bb": [
            -0.5000004881407597,
            -0.4498554615210494,
            -0.2463749795503889,
            -0.38159790227784607
          ],
          "candidate_probabilities": [
            0.0242821853607893,
            0.008771928958594799,
            0.6669333577156067,
            0.3000124990940094
          ],
          "class_index": 74,
          "conditional_hand_mass": 0.009049773810439787,
          "expected_action_loss_bb": 0.04851206492638366,
          "hand": "J7o",
          "probability_on_actions_losing_over_0_1bb": 0.3330666134133935,
          "reference_expected_action_loss_bb": 0.061920927460251365,
          "reference_probabilities": [
            0.08360273391008377,
            0.01123595517128706,
            0.6209576725959778,
            0.2842036187648773
          ]
        },
        {
          "action_values_bb": [
            -0.5000004881407597,
            -0.3878373174684797,
            -0.12344329296688188,
            -0.1831188233631978
          ],
          "candidate_probabilities": [
            0.008771929889917374,
            0.008771929889917374,
            0.48322734236717224,
            0.4992287755012512
          ],
          "class_index": 75,
          "conditional_hand_mass": 0.009049773810439787,
          "expected_action_loss_bb": 0.0354141211289908,
          "hand": "Q7o",
          "probability_on_actions_losing_over_0_1bb": 0.017543859779834747,
          "reference_expected_action_loss_bb": 0.04733037297427856,
          "reference_probabilities": [
            0.04608343169093132,
            0.011235956102609634,
            0.4901231825351715,
            0.45255744457244873
          ]
        },
        {
          "action_values_bb": [
            -0.5000004881407597,
            -0.24393579247490574,
            0.14455826608497024,
            0.21914261771479554
          ],
          "candidate_probabilities": [
            0.008771928958594799,
            0.008771928958594799,
            0.42232486605644226,
            0.5601311922073364
          ],
          "class_index": 76,
          "conditional_hand_mass": 0.009049773810439787,
          "expected_action_loss_bb": 0.04186918946404379,
          "hand": "K7o",
          "probability_on_actions_losing_over_0_1bb": 0.017543857917189598,
          "reference_expected_action_loss_bb": 0.04562768905067031,
          "reference_probabilities": [
            0.01123595517128706,
            0.01123595517128706,
            0.43366068601608276,
            0.5438674092292786
          ]
        },
        {
          "action_values_bb": [
            -0.5000004881407597,
            -0.1680015050076966,
            0.2729773608683773,
            0.4249084701208344
          ],
          "candidate_probabilities": [
            0.008771930821239948,
            0.008771930821239948,
            0.414939820766449,
            0.5675163269042969
          ],
          "class_index": 77,
          "conditional_hand_mass": 0.009049773810439787,
          "expected_action_loss_bb": 0.0763564699249287,
          "hand": "A7o",
          "probability_on_actions_losing_over_0_1bb": 0.43248368240892887,
          "reference_expected_action_loss_bb": 0.08052023633639992,
          "reference_probabilities": [
            0.011235954239964485,
            0.011235954239964485,
            0.4177294075489044,
            0.5597986578941345
          ]
        },
        {
          "action_values_bb": [
            -0.5000004881407597,
            -0.5779753260187532,
            -0.42468308855863607,
            -0.6270758708814692
          ],
          "candidate_probabilities": [
            0.09291703253984451,
            0.008771931752562523,
            0.8895391225814819,
            0.008771931752562523
          ],
          "class_index": 78,
          "conditional_hand_mass": 0.0030165911925363843,
          "expected_action_loss_bb": 0.010118313986733544,
          "hand": "82s",
          "probability_on_actions_losing_over_0_1bb": 0.017543863505125046,
          "reference_expected_action_loss_bb": 0.02173239971920765,
          "reference_probabilities": [
            0.2354826182126999,
            0.011235956102609634,
            0.742045521736145,
            0.011235956102609634
          ]
        },
        {
          "action_values_bb": [
            -0.5000004881407597,
            -0.560149332021211,
            -0.3923686584064882,
            -0.5921570703074714
          ],
          "candidate_probabilities": [
            0.05756651610136032,
            0.008771930821239948,
            0.9248896241188049,
            0.008771930821239948
          ],
          "class_index": 79,
          "conditional_hand_mass": 0.0030165911925363843,
          "expected_action_loss_bb": 0.009420280049587016,
          "hand": "83s",
          "probability_on_actions_losing_over_0_1bb": 0.07511037774384022,
          "reference_expected_action_loss_bb": 0.019351658576477884,
          "reference_probabilities": [
            0.14142347872257233,
            0.011235957965254784,
            0.8361046314239502,
            0.011235957965254784
          ]
        },
        {
          "action_values_bb": [
            -0.5000004881407597,
            -0.5234925411394572,
            -0.33415940696755386,
            -0.5114614404364369
          ],
          "candidate_probabilities": [
            0.04542291909456253,
            0.008771930821239948,
            0.9370332360267639,
            0.008771930821239948
          ],
          "class_index": 80,
          "conditional_hand_mass": 0.0030165911925363843,
          "expected_action_loss_bb": 0.010749084339863995,
          "hand": "84s",
          "probability_on_actions_losing_over_0_1bb": 0.06296678073704243,
          "reference_expected_action_loss_bb": 0.023188626885713257,
          "reference_probabilities": [
            0.11498435586690903,
            0.011235957033932209,
            0.8625437021255493,
            0.011235957033932209
          ]
        },
        {
          "action_values_bb": [
            -0.5000004881407597,
            -0.46101749733579744,
            -0.22280095377125697,
            -0.3732991258235806
          ],
          "candidate_probabilities": [
            0.018362464383244514,
            0.008771930821239948,
            0.9081462025642395,
            0.06471937894821167
          ],
          "class_index": 81,
          "conditional_hand_mass": 0.0030165911925363843,
          "expected_action_loss_bb": 0.016919833845602493,
          "hand": "85s",
          "probability_on_actions_losing_over_0_1bb": 0.09185377415269613,
          "reference_expected_action_loss_bb": 0.03311754032002955,
          "reference_probabilities": [
            0.07797425985336304,
            0.011235957965254784,
            0.8521411418914795,
            0.058648690581321716
          ]
        },
        {
          "action_values_bb": [
            -0.5000004881407597,
            -0.436702369281832,
            -0.1892809205442128,
            -0.320929188488302
          ],
          "candidate_probabilities": [
            0.008771929889917374,
            0.008771929889917374,
            0.7529944181442261,
            0.22946175932884216
          ],
          "class_index": 82,
          "conditional_hand_mass": 0.0030165911925363843,
          "expected_action_loss_bb": 0.03510421703901605,
          "hand": "86s",
          "probability_on_actions_losing_over_0_1bb": 0.2470056191086769,
          "reference_expected_action_loss_bb": 0.041417625569852734,
          "reference_probabilities": [
            0.0695418193936348,
            0.011235957033932209,
            0.7898653745651245,
            0.12935684621334076
          ]
        },
        {
          "action_values_bb": [
            -0.5000004881407597,
            -0.382269514228815,
            -0.09699942664381052,
            -0.20553245138850246
          ],
          "candidate_probabilities": [
            0.008771929889917374,
            0.008771929889917374,
            0.6614475250244141,
            0.3210085928440094
          ],
          "class_index": 83,
          "conditional_hand_mass": 0.0030165911925363843,
          "expected_action_loss_bb": 0.04087749981539737,
          "hand": "87s",
          "probability_on_actions_losing_over_0_1bb": 0.33855245262384415,
          "reference_expected_action_loss_bb": 0.048547979301297825,
          "reference_probabilities": [
            0.04392874240875244,
            0.011235956102609634,
            0.6901720762252808,
            0.2546631991863251
          ]
        },
        {
          "action_values_bb": [
            -0.5000004881407597,
            0.16309631798214325,
            0.826235278546367,
            1.0789542574451578
          ],
          "candidate_probabilities": [
            0.008771930821239948,
            0.008771930821239948,
            0.3608281910419464,
            0.621627926826477
          ],
          "class_index": 84,
          "conditional_hand_mass": 0.0045248869052198935,
          "expected_action_loss_bb": 0.11307245628321963,
          "hand": "88",
          "probability_on_actions_losing_over_0_1bb": 0.3783720526844263,
          "reference_expected_action_loss_bb": 0.12106881181350948,
          "reference_probabilities": [
            0.011235954239964485,
            0.011235954239964485,
            0.3681449294090271,
            0.609383225440979
          ]
        },
        {
          "action_values_bb": [
            -0.5000004881407597,
            -0.4361468650972802,
            -0.20801396724129204,
            -0.3479309386821287
          ],
          "candidate_probabilities": [
            0.022022046148777008,
            0.008771929889917374,
            0.8006796836853027,
            0.1685263216495514
          ],
          "class_index": 85,
          "conditional_hand_mass": 0.009049773810439787,
          "expected_action_loss_bb": 0.032010998956914866,
          "hand": "98o",
          "probability_on_actions_losing_over_0_1bb": 0.19932029768824577,
          "reference_expected_action_loss_bb": 0.050803970005161306,
          "reference_probabilities": [
            0.09260451793670654,
            0.011235956102609634,
            0.7446310520172119,
            0.1515284925699234
          ]
        },
        {
          "action_values_bb": [
            -0.5000004881407597,
            -0.3980509655215024,
            -0.14375491714647418,
            -0.2640022305243343
          ],
          "candidate_probabilities": [
            0.012091143988072872,
            0.008771929889917374,
            0.639495849609375,
            0.33964109420776367
          ],
          "class_index": 86,
          "conditional_hand_mass": 0.009049773810439787,
          "expected_action_loss_bb": 0.047379012692834205,
          "hand": "T8o",
          "probability_on_actions_losing_over_0_1bb": 0.3605041680857539,
          "reference_expected_action_loss_bb": 0.06194046673608837,
          "reference_probabilities": [
            0.06718207895755768,
            0.011235954239964485,
            0.6292686462402344,
            0.2923133075237274
          ]
        },
        {
          "action_values_bb": [
            -0.5000004881407597,
            -0.3664800783479866,
            -0.08957090056251947,
            -0.17168168536315512
          ],
          "candidate_probabilities": [
            0.012004267424345016,
            0.008771928958594799,
            0.548231303691864,
            0.4309924840927124
          ],
          "class_index": 87,
          "conditional_hand_mass": 0.009049773810439787,
          "expected_action_loss_bb": 0.042745065275697935,
          "hand": "J8o",
          "probability_on_actions_losing_over_0_1bb": 0.020776196382939816,
          "reference_expected_action_loss_bb": 0.05724248536058123,
          "reference_probabilities": [
            0.04875314608216286,
            0.01123595517128706,
            0.5244575142860413,
            0.41555336117744446
          ]
        },
        {
          "action_values_bb": [
            -0.5000004881407597,
            -0.3157912977891547,
            0.009818994965595141,
            0.009894543464959792
          ],
          "candidate_probabilities": [
            0.008771928958594799,
            0.008771928958594799,
            0.4519937336444855,
            0.5304624438285828
          ],
          "class_index": 88,
          "conditional_hand_mass": 0.009049773810439787,
          "expected_action_loss_bb": 0.007363803504186163,
          "hand": "Q8o",
          "probability_on_actions_losing_over_0_1bb": 0.017543857917189598,
          "reference_expected_action_loss_bb": 0.018685807205367767,
          "reference_probabilities": [
            0.029402395710349083,
            0.011235954239964485,
            0.4537549614906311,
            0.5056067109107971
          ]
        },
        {
          "action_values_bb": [
            -0.5000004881407597,
            -0.19015568621921453,
            0.24449281338253234,
            0.3495816563954877
          ],
          "candidate_probabilities": [
            0.008771929889917374,
            0.008771929889917374,
            0.4072217345237732,
            0.5752344131469727
          ],
          "class_index": 89,
          "conditional_hand_mass": 0.009049773810439787,
          "expected_action_loss_bb": 0.05498147406681628,
          "hand": "K8o",
          "probability_on_actions_losing_over_0_1bb": 0.42476559430360794,
          "reference_expected_action_loss_bb": 0.05968352549142172,
          "reference_probabilities": [
            0.01123595330864191,
            0.01123595330864191,
            0.41938987374305725,
            0.5581381916999817
          ]
        },
        {
          "action_values_bb": [
            -0.5000004881407597,
            -0.1164227741095162,
            0.36482060896814994,
            0.5416083164122826
          ],
          "candidate_probabilities": [
            0.008771930821239948,
            0.008771930821239948,
            0.4001757800579071,
            0.5822803378105164
          ],
          "class_index": 90,
          "conditional_hand_mass": 0.009049773810439787,
          "expected_action_loss_bb": 0.08565528231172087,
          "hand": "A8o",
          "probability_on_actions_losing_over_0_1bb": 0.417719641700387,
          "reference_expected_action_loss_bb": 0.0912752437042989,
          "reference_probabilities": [
            0.01123595517128706,
            0.01123595517128706,
            0.40827593207359314,
            0.5692521333694458
          ]
        },
        {
          "action_values_bb": [
            -0.5000004881407597,
            -0.5685830793955367,
            -0.42473329732249215,
            -0.626103285284941
          ],
          "candidate_probabilities": [
            0.21843230724334717,
            0.008771930821239948,
            0.7640238404273987,
            0.008771930821239948
          ],
          "class_index": 91,
          "conditional_hand_mass": 0.0030165911925363843,
          "expected_action_loss_bb": 0.019469030091035167,
          "hand": "92s",
          "probability_on_actions_losing_over_0_1bb": 0.017543861642479897,
          "reference_expected_action_loss_bb": 0.022146748202285262,
          "reference_probabilities": [
            0.2427069991827011,
            0.011235956102609634,
            0.734821081161499,
            0.011235956102609634
          ]
        },
        {
          "action_values_bb": [
            -0.5000004881407597,
            -0.4864685986720061,
            -0.26732742794589115,
            -0.44376716076274364
          ],
          "candidate_probabilities": [
            0.012676813639700413,
            0.008771929889917374,
            0.9697793126106262,
            0.008771929889917374
          ],
          "class_index": 92,
          "conditional_hand_mass": 0.0030165911925363843,
          "expected_action_loss_bb": 0.006419560974738222,
          "hand": "93s",
          "probability_on_actions_losing_over_0_1bb": 0.03022067341953516,
          "reference_expected_action_loss_bb": 0.027462140425375772,
          "reference_probabilities": [
            0.09892597794532776,
            0.011235957965254784,
            0.878602147102356,
            0.011235957965254784
          ]
        },
        {
          "action_values_bb": [
            -0.5000004881407597,
            -0.5308172327077182,
            -0.3607613001447825,
            -0.549901932521374
          ],
          "candidate_probabilities": [
            0.16685029864311218,
            0.008771930821239948,
            0.815605878829956,
            0.008771930821239948
          ],
          "class_index": 93,
          "conditional_hand_mass": 0.0030165911925363843,
          "expected_action_loss_bb": 0.026382947518829785,
          "hand": "94s",
          "probability_on_actions_losing_over_0_1bb": 0.18439416028559208,
          "reference_expected_action_loss_bb": 0.023003897973177784,
          "reference_probabilities": [
            0.1362258791923523,
            0.011235957033932209,
            0.841302216053009,
            0.011235957033932209
          ]
        },
        {
          "action_values_bb": [
            -0.5000004881407597,
            -0.46071666315902665,
            -0.23374182695465856,
            -0.39559662864886963
          ],
          "candidate_probabilities": [
            0.016033288091421127,
            0.008771931752562523,
            0.950747013092041,
            0.024447767063975334
          ],
          "class_index": 94,
          "conditional_hand_mass": 0.0030165911925363843,
          "expected_action_loss_bb": 0.010216998084372615,
          "hand": "95s",
          "probability_on_actions_losing_over_0_1bb": 0.049252986907958984,
          "reference_expected_action_loss_bb": 0.03518178491046833,
          "reference_probabilities": [
            0.09865982085466385,
            0.011235956102609634,
            0.8507943749427795,
            0.03930976241827011
          ]
        },
        {
          "action_values_bb": [
            -0.5000004881407597,
            -0.42891673336761477,
            -0.18472030859422017,
            -0.3221498541923551
          ],
          "candidate_probabilities": [
            0.008771930821239948,
            0.008771930821239948,
            0.8600093722343445,
            0.12244682759046555
          ],
          "class_index": 95,
          "conditional_hand_mass": 0.0030165911925363843,
          "expected_action_loss_bb": 0.021735501944887544,
          "hand": "96s",
          "probability_on_actions_losing_over_0_1bb": 0.13999068923294544,
          "reference_expected_action_loss_bb": 0.041992426912826314,
          "reference_probabilities": [
            0.08142648637294769,
            0.011235956102609634,
            0.8085488677024841,
            0.09878872334957123
          ]
        },
        {
          "action_values_bb": [
            -0.5000004881407597,
            -0.3979299066130939,
            -0.13930585407687493,
            -0.25639827014072264
          ],
          "candidate_probabilities": [
            0.008771930821239948,
            0.008771930821239948,
            0.7331247925758362,
            0.24933138489723206
          ],
          "class_index": 96,
          "conditional_hand_mass": 0.0030165911925363843,
          "expected_action_loss_bb": 0.034627434933319344,
          "hand": "97s",
          "probability_on_actions_losing_over_0_1bb": 0.26687524653971195,
          "reference_expected_action_loss_bb": 0.04977754585848072,
          "reference_probabilities": [
            0.060916718095541,
            0.011235957033932209,
            0.7152005434036255,
            0.21264676749706268
          ]
        },
        {
          "action_values_bb": [
            -0.5000004881407597,
            -0.29527979740205906,
            0.05448144685060647,
            -0.008925095916172564
          ],
          "candidate_probabilities": [
            0.008771931752562523,
            0.008771931752562523,
            0.5505908727645874,
            0.43186527490615845
          ],
          "class_index": 97,
          "conditional_hand_mass": 0.0030165911925363843,
          "expected_action_loss_bb": 0.03531504347887293,
          "hand": "98s",
          "probability_on_actions_losing_over_0_1bb": 0.017543863505125046,
          "reference_expected_action_loss_bb": 0.03925173196724077,
          "reference_probabilities": [
            0.016953812912106514,
            0.011235956102609634,
            0.562999963760376,
            0.4088102877140045
          ]
        },
        {
          "action_values_bb": [
            -0.5000004881407597,
            0.266384392298924,
            1.0102608582379262,
            1.31742412863039
          ],
          "candidate_probabilities": [
            0.008771929889917374,
            0.008771929889917374,
            0.3485197126865387,
            0.6339364647865295
          ],
          "class_index": 98,
          "conditional_hand_mass": 0.0045248869052198935,
          "expected_action_loss_bb": 0.13221442294218244,
          "hand": "99",
          "probability_on_actions_losing_over_0_1bb": 0.36606357246637344,
          "reference_expected_action_loss_bb": 0.14125396373393734,
          "reference_probabilities": [
            0.01123595517128706,
            0.01123595517128706,
            0.3549383580684662,
            0.6225897669792175
          ]
        },
        {
          "action_values_bb": [
            -0.5000004881407597,
            -0.34176756884841875,
            -0.043852674307045834,
            -0.12154487868516636
          ],
          "candidate_probabilities": [
            0.008771928958594799,
            0.008771928958594799,
            0.5881743431091309,
            0.3942817449569702
          ],
          "class_index": 99,
          "conditional_hand_mass": 0.009049773810439787,
          "expected_action_loss_bb": 0.03724720241995077,
          "hand": "T9o",
          "probability_on_actions_losing_over_0_1bb": 0.017543857917189598,
          "reference_expected_action_loss_bb": 0.05325932669569963,
          "reference_probabilities": [
            0.041779253631830215,
            0.011235957033932209,
            0.5498477816581726,
            0.3971370458602905
          ]
        },
        {
          "action_values_bb": [
            -0.5000004881407597,
            -0.3171664251764594,
            -0.0012310408743967801,
            -0.03698689607050872
          ],
          "candidate_probabilities": [
            0.008771929889917374,
            0.008771929889917374,
            0.48130112886428833,
            0.5011550188064575
          ],
          "class_index": 100,
          "conditional_hand_mass": 0.009049773810439787,
          "expected_action_loss_bb": 0.025065759946743624,
          "hand": "J9o",
          "probability_on_actions_losing_over_0_1bb": 0.017543859779834747,
          "reference_expected_action_loss_bb": 0.036424736297312556,
          "reference_probabilities": [
            0.03204157575964928,
            0.011235954239964485,
            0.4842531979084015,
            0.4724692404270172
          ]
        },
        {
          "action_values_bb": [
            -0.5000004881407597,
            -0.23981727915082476,
            0.15046926714590933,
            0.19707607520324438
          ],
          "candidate_probabilities": [
            0.008771929889917374,
            0.008771929889917374,
            0.4239703118801117,
            0.5584858059883118
          ],
          "class_index": 101,
          "conditional_hand_mass": 0.009049773810439787,
          "expected_action_loss_bb": 0.02970700756312772,
          "hand": "Q9o",
          "probability_on_actions_losing_over_0_1bb": 0.017543859779834747,
          "reference_expected_action_loss_bb": 0.03612445218653779,
          "reference_probabilities": [
            0.016006316989660263,
            0.01123595517128706,
            0.43036437034606934,
            0.5423933267593384
          ]
        },
        {
          "action_values_bb": [
            -0.5000004881407597,
            -0.15596932342156547,
            0.2987316499171625,
            0.4315965912712343
          ],
          "candidate_probabilities": [
            0.008771930821239948,
            0.008771930821239948,
            0.40435221791267395,
            0.5781039595603943
          ],
          "class_index": 102,
          "conditional_hand_mass": 0.009049773810439787,
          "expected_action_loss_bb": 0.06705022640983128,
          "hand": "K9o",
          "probability_on_actions_losing_over_0_1bb": 0.42189607955515385,
          "reference_expected_action_loss_bb": 0.07171988468496347,
          "reference_probabilities": [
            0.01123595517128706,
            0.01123595517128706,
            0.41132473945617676,
            0.5662032961845398
          ]
        },
        {
          "action_values_bb": [
            -0.5000004881407597,
            -0.08532468612897823,
            0.4172800503984414,
            0.6071071481519758
          ],
          "candidate_probabilities": [
            0.008771929889917374,
            0.008771929889917374,
            0.3960183560848236,
            0.5864377617835999
          ],
          "class_index": 103,
          "conditional_hand_mass": 0.009049773810439787,
          "expected_action_loss_bb": 0.0909604492627192,
          "hand": "A9o",
          "probability_on_actions_losing_over_0_1bb": 0.41356221586465836,
          "reference_expected_action_loss_bb": 0.09680083744027299,
          "reference_probabilities": [
            0.01123595517128706,
            0.01123595517128706,
            0.40342655777931213,
            0.5741015672683716
          ]
        },
        {
          "action_values_bb": [
            -0.5000004881407597,
            -0.5247674602022325,
            -0.3592339425748421,
            -0.5419970159258015
          ],
          "candidate_probabilities": [
            0.05894630029797554,
            0.008771931752562523,
            0.9235098361968994,
            0.008771931752562523
          ],
          "class_index": 104,
          "conditional_hand_mass": 0.0030165911925363843,
          "expected_action_loss_bb": 0.011352900992549505,
          "hand": "T2s",
          "probability_on_actions_losing_over_0_1bb": 0.07649016380310059,
          "reference_expected_action_loss_bb": 0.02146821995723646,
          "reference_probabilities": [
            0.12470842897891998,
            0.011235956102609634,
            0.8528196215629578,
            0.011235956102609634
          ]
        },
        {
          "action_values_bb": [
            -0.5000004881407597,
            -0.4746672030636272,
            -0.2643095151325728,
            -0.43039789190136823
          ],
          "candidate_probabilities": [
            0.03223063796758652,
            0.008771932683885098,
            0.9502255320549011,
            0.008771932683885098
          ],
          "class_index": 105,
          "conditional_hand_mass": 0.0030165911925363843,
          "expected_action_loss_bb": 0.010898629961915617,
          "hand": "T3s",
          "probability_on_actions_losing_over_0_1bb": 0.04977450333535671,
          "reference_expected_action_loss_bb": 0.02629896133360162,
          "reference_probabilities": [
            0.09363629668951035,
            0.011235956102609634,
            0.8838918209075928,
            0.011235956102609634
          ]
        },
        {
          "action_values_bb": [
            -0.5000004881407597,
            -0.47331833067575557,
            -0.2690840199033119,
            -0.43496249614543137
          ],
          "candidate_probabilities": [
            0.04162884131073952,
            0.008771931752562523,
            0.9408273100852966,
            0.008771931752562523
          ],
          "class_index": 106,
          "conditional_hand_mass": 0.0030165911925363843,
          "expected_action_loss_bb": 0.012859389120735594,
          "hand": "T4s",
          "probability_on_actions_losing_over_0_1bb": 0.05917270481586456,
          "reference_expected_action_loss_bb": 0.027978085349294055,
          "reference_probabilities": [
            0.1031520813703537,
            0.011235956102609634,
            0.8743759989738464,
            0.011235956102609634
          ]
        },
        {
          "action_values_bb": [
            -0.5000004881407597,
            -0.44979214269107537,
            -0.2267980769485568,
            -0.3849835071184172
          ],
          "candidate_probabilities": [
            0.024582916870713234,
            0.008771929889917374,
            0.8703448176383972,
            0.09630036354064941
          ],
          "class_index": 107,
          "conditional_hand_mass": 0.0030165911925363843,
          "expected_action_loss_bb": 0.023905514905968907,
          "hand": "T5s",
          "probability_on_actions_losing_over_0_1bb": 0.12965521030128002,
          "reference_expected_action_loss_bb": 0.03774485648587835,
          "reference_probabilities": [
            0.09785617887973785,
            0.011235957965254784,
            0.8371433615684509,
            0.053764499723911285
          ]
        },
        {
          "action_values_bb": [
            -0.5000004881407597,
            -0.4029451693799622,
            -0.1469887537947714,
            -0.27609896872593725
          ],
          "candidate_probabilities": [
            0.014304110780358315,
            0.008771930821239948,
            0.751849889755249,
            0.22507412731647491
          ],
          "class_index": 108,
          "conditional_hand_mass": 0.0030165911925363843,
          "expected_action_loss_bb": 0.036354119878891936,
          "hand": "T6s",
          "probability_on_actions_losing_over_0_1bb": 0.24815016891807318,
          "reference_expected_action_loss_bb": 0.052355388170969075,
          "reference_probabilities": [
            0.0662466511130333,
            0.011235957033932209,
            0.720413863658905,
            0.20210351049900055
          ]
        },
        {
          "action_values_bb": [
            -0.5000004881407597,
            -0.3510568177713362,
            -0.057837279463234845,
            -0.15292187809228455
          ],
          "candidate_probabilities": [
            0.008771930821239948,
            0.008771930821239948,
            0.6186363101005554,
            0.36381977796554565
          ],
          "class_index": 109,
          "conditional_hand_mass": 0.0030165911925363843,
          "expected_action_loss_bb": 0.04104438414485521,
          "hand": "T7s",
          "probability_on_actions_losing_over_0_1bb": 0.017543861642479897,
          "reference_expected_action_loss_bb": 0.05223611863831933,
          "reference_probabilities": [
            0.038559138774871826,
            0.011235956102609634,
            0.6147974729537964,
            0.33540746569633484
          ]
        },
        {
          "action_values_bb": [
            -0.5000004881407597,
            -0.2694724230456553,
            0.09506888223994685,
            0.048006765247390434
          ],
          "candidate_probabilities": [
            0.008771930821239948,
            0.008771930821239948,
            0.5184321403503418,
            0.46402403712272644
          ],
          "class_index": 110,
          "conditional_hand_mass": 0.0030165911925363843,
          "expected_action_loss_bb": 0.030255591984696274,
          "hand": "T8s",
          "probability_on_actions_losing_over_0_1bb": 0.017543861642479897,
          "reference_expected_action_loss_bb": 0.0321575289935733,
          "reference_probabilities": [
            0.01151578314602375,
            0.011235957033932209,
            0.5265913605690002,
            0.450656920671463
          ]
        },
        {
          "action_values_bb": [
            -0.5000004881407597,
            -0.2300943171629036,
            0.16106661126966387,
            0.14887097226342363
          ],
          "candidate_probabilities": [
            0.008771930821239948,
            0.008771930821239948,
            0.4970240890979767,
            0.48543205857276917
          ],
          "class_index": 111,
          "conditional_hand_mass": 0.0030165911925363843,
          "expected_action_loss_bb": 0.01515022561681802,
          "hand": "T9s",
          "probability_on_actions_losing_over_0_1bb": 0.017543861642479897,
          "reference_expected_action_loss_bb": 0.017807702363817002,
          "reference_probabilities": [
            0.011235956102609634,
            0.011235956102609634,
            0.4867859482765198,
            0.49074217677116394
          ]
        },
        {
          "action_values_bb": [
            -0.5000004881407597,
            0.3567468305369144,
            1.1681365979629468,
            1.53046353986011
          ],
          "candidate_probabilities": [
            0.008771929889917374,
            0.008771929889917374,
            0.3376755714416504,
            0.6447805762290955
          ],
          "class_index": 112,
          "conditional_hand_mass": 0.0045248869052198935,
          "expected_action_loss_bb": 0.15045580593626073,
          "hand": "TT",
          "probability_on_actions_losing_over_0_1bb": 0.35521943122148514,
          "reference_expected_action_loss_bb": 0.16116767008165625,
          "reference_probabilities": [
            0.011235954239964485,
            0.011235954239964485,
            0.34544944763183594,
            0.6320786476135254
          ]
        },
        {
          "action_values_bb": [
            -0.5000004881407597,
            -0.23240276968277684,
            0.15492700343079271,
            0.17347384186164055
          ],
          "candidate_probabilities": [
            0.008771928958594799,
            0.008771928958594799,
            0.44499471783638,
            0.5374614000320435
          ],
          "class_index": 113,
          "conditional_hand_mass": 0.009049773810439787,
          "expected_action_loss_bb": 0.017721234914933152,
          "hand": "JTo",
          "probability_on_actions_losing_over_0_1bb": 0.017543857917189598,
          "reference_expected_action_loss_bb": 0.021477124798558758,
          "reference_probabilities": [
            0.012761563993990421,
            0.011235954239964485,
            0.448708713054657,
            0.5272937417030334
          ]
        },
        {
          "action_values_bb": [
            -0.5000004881407597,
            -0.16182328174801253,
            0.2908579743302116,
            0.38619067921718403
          ],
          "candidate_probabilities": [
            0.008771928958594799,
            0.008771928958594799,
            0.3961942195892334,
            0.5862618684768677
          ],
          "class_index": 114,
          "conditional_hand_mass": 0.009049773810439787,
          "expected_action_loss_bb": 0.05035101211172766,
          "hand": "QTo",
          "probability_on_actions_losing_over_0_1bb": 0.017543857917189598,
          "reference_expected_action_loss_bb": 0.055392780178645115,
          "reference_probabilities": [
            0.011235956102609634,
            0.011235956102609634,
            0.41201090812683105,
            0.5655171871185303
          ]
        },
        {
          "action_values_bb": [
            -0.5000004881407597,
            -0.08261384872071556,
            0.42894396464856727,
            0.6074476611990718
          ],
          "candidate_probabilities": [
            0.008771930821239948,
            0.008771930821239948,
            0.3900873363018036,
            0.5923688411712646
          ],
          "class_index": 115,
          "conditional_hand_mass": 0.009049773810439787,
          "expected_action_loss_bb": 0.08539966188894771,
          "hand": "KTo",
          "probability_on_actions_losing_over_0_1bb": 0.4076311979442835,
          "reference_expected_action_loss_bb": 0.09092832235446892,
          "reference_probabilities": [
            0.011235954239964485,
            0.011235954239964485,
            0.39624717831611633,
            0.5812808871269226
          ]
        },
        {
          "action_values_bb": [
            -0.5000004881407597,
            -0.007264937909192709,
            0.5565849979281912,
            0.7945860447809175
          ],
          "candidate_probabilities": [
            0.008771930821239948,
            0.008771930821239948,
            0.38021591305732727,
            0.602240264415741
          ],
          "class_index": 116,
          "conditional_hand_mass": 0.009049773810439787,
          "expected_action_loss_bb": 0.10888159019570784,
          "hand": "ATo",
          "probability_on_actions_losing_over_0_1bb": 0.39775977469980717,
          "reference_expected_action_loss_bb": 0.115948424136394,
          "reference_probabilities": [
            0.01123595517128706,
            0.01123595517128706,
            0.3882039487361908,
            0.5893241167068481
          ]
        },
        {
          "action_values_bb": [
            -0.5000004881407597,
            -0.4540194765373749,
            -0.23908384765935808,
            -0.39085793248957507
          ],
          "candidate_probabilities": [
            0.028346912935376167,
            0.008771930821239948,
            0.8415400385856628,
            0.12134116142988205
          ],
          "class_index": 117,
          "conditional_hand_mass": 0.0030165911925363843,
          "expected_action_loss_bb": 0.027698025486910773,
          "hand": "J2s",
          "probability_on_actions_losing_over_0_1bb": 0.15846000518649817,
          "reference_expected_action_loss_bb": 0.047734792102703864,
          "reference_probabilities": [
            0.08785863220691681,
            0.011235956102609634,
            0.7533438801765442,
            0.1475614607334137
          ]
        },
        {
          "action_values_bb": [
            -0.5000004881407597,
            -0.4580726836012459,
            -0.25086498542620894,
            -0.396831066895786
          ],
          "candidate_probabilities": [
            0.025095850229263306,
            0.008771931752562523,
            0.7598603367805481,
            0.2062719464302063
          ],
          "class_index": 118,
          "conditional_hand_mass": 0.0030165911925363843,
          "expected_action_loss_bb": 0.03817858678743331,
          "hand": "J3s",
          "probability_on_actions_losing_over_0_1bb": 0.24013972841203213,
          "reference_expected_action_loss_bb": 0.04968588625925728,
          "reference_probabilities": [
            0.09112700819969177,
            0.011235956102609634,
            0.7287296652793884,
            0.1689072996377945
          ]
        },
        {
          "action_values_bb": [
            -0.5000004881407597,
            -0.4302014152455843,
            -0.20294741482745687,
            -0.3383874381577958
          ],
          "candidate_probabilities": [
            0.015630176290869713,
            0.008771930821239948,
            0.7335558533668518,
            0.24204201996326447
          ],
          "class_index": 119,
          "conditional_hand_mass": 0.0030165911925363843,
          "expected_action_loss_bb": 0.03941862510489632,
          "hand": "J4s",
          "probability_on_actions_losing_over_0_1bb": 0.2664441270753741,
          "reference_expected_action_loss_bb": 0.05720348716164454,
          "reference_probabilities": [
            0.08102051168680191,
            0.011235956102609634,
            0.6819411516189575,
            0.22580237686634064
          ]
        },
        {
          "action_values_bb": [
            -0.5000004881407597,
            -0.370420176224393,
            -0.0882292195340543,
            -0.194091809235149
          ],
          "candidate_probabilities": [
            0.008771930821239948,
            0.008771930821239948,
            0.6223785281181335,
            0.3600776493549347
          ],
          "class_index": 120,
          "conditional_hand_mass": 0.0030165911925363843,
          "expected_action_loss_bb": 0.0442061410870555,
          "hand": "J5s",
          "probability_on_actions_losing_over_0_1bb": 0.3776215109974146,
          "reference_expected_action_loss_bb": 0.0576018999146268,
          "reference_probabilities": [
            0.04513800889253616,
            0.011235956102609634,
            0.6050297021865845,
            0.33859628438949585
          ]
        },
        {
          "action_values_bb": [
            -0.5000004881407597,
            -0.3567155546610957,
            -0.06557123347451758,
            -0.15978900743271016
          ],
          "candidate_probabilities": [
            0.008771930821239948,
            0.008771930821239948,
            0.6340373158454895,
            0.34841883182525635
          ],
          "class_index": 121,
          "conditional_hand_mass": 0.0030165911925363843,
          "expected_action_loss_bb": 0.039191927952790154,
          "hand": "J6s",
          "probability_on_actions_losing_over_0_1bb": 0.017543861642479897,
          "reference_expected_action_loss_bb": 0.05701094208226652,
          "reference_probabilities": [
            0.042492449283599854,
            0.011235957965254784,
            0.571823239326477,
            0.37444838881492615
          ]
        },
        {
          "action_values_bb": [
            -0.5000004881407597,
            -0.3081719086708164,
            0.018544739861421022,
            -0.038566754922516024
          ],
          "candidate_probabilities": [
            0.008771930821239948,
            0.008771930821239948,
            0.5287981629371643,
            0.45365801453590393
          ],
          "class_index": 122,
          "conditional_hand_mass": 0.0030165911925363843,
          "expected_action_loss_bb": 0.03332366603764989,
          "hand": "J7s",
          "probability_on_actions_losing_over_0_1bb": 0.017543861642479897,
          "reference_expected_action_loss_bb": 0.04233081027386959,
          "reference_probabilities": [
            0.02555258199572563,
            0.011235956102609634,
            0.5182980895042419,
            0.4449133574962616
          ]
        },
        {
          "action_values_bb": [
            -0.5000004881407597,
            -0.2260610192685894,
            0.17310536532245255,
            0.16701511200110794
          ],
          "candidate_probabilities": [
            0.008771929889917374,
            0.008771929889917374,
            0.4623464047908783,
            0.5201097130775452
          ],
          "class_index": 123,
          "conditional_hand_mass": 0.0030165911925363843,
          "expected_action_loss_bb": 0.01257349680265082,
          "hand": "J8s",
          "probability_on_actions_losing_over_0_1bb": 0.017543859779834747,
          "reference_expected_action_loss_bb": 0.015162184989492311,
          "reference_probabilities": [
            0.011235956102609634,
            0.011235956102609634,
            0.46618956327438354,
            0.5113385319709778
          ]
        },
        {
          "action_values_bb": [
            -0.5000004881407597,
            -0.21250681479367756,
            0.19043030026374944,
            0.21786513591303172
          ],
          "candidate_probabilities": [
            0.008771930821239948,
            0.008771930821239948,
            0.4512631297111511,
            0.5311930179595947
          ],
          "class_index": 124,
          "conditional_hand_mass": 0.0030165911925363843,
          "expected_action_loss_bb": 0.02245259037035363,
          "hand": "J9s",
          "probability_on_actions_losing_over_0_1bb": 0.017543861642479897,
          "reference_expected_action_loss_bb": 0.025241301483307887,
          "reference_probabilities": [
            0.011235956102609634,
            0.011235956102609634,
            0.44978415966033936,
            0.527743935585022
          ]
        },
        {
          "action_values_bb": [
            -0.5000004881407597,
            -0.12176864763949773,
            0.3590545857128452,
            0.4414073488615093
          ],
          "candidate_probabilities": [
            0.008771930821239948,
            0.008771930821239948,
            0.4039953649044037,
            0.5784607529640198
          ],
          "class_index": 125,
          "conditional_hand_mass": 0.0030165911925363843,
          "expected_action_loss_bb": 0.04646823990137722,
          "hand": "JTs",
          "probability_on_actions_losing_over_0_1bb": 0.017543861642479897,
          "reference_expected_action_loss_bb": 0.05122847856534274,
          "reference_probabilities": [
            0.011235956102609634,
            0.011235956102609634,
            0.4167806804180145,
            0.5607474446296692
          ]
        },
        {
          "action_values_bb": [
            -0.5000004881407597,
            0.46350380742819136,
            1.3737094081321182,
            1.813237484803132
          ],
          "candidate_probabilities": [
            0.008771929889917374,
            0.008771929889917374,
            0.32604408264160156,
            0.6564120054244995
          ],
          "class_index": 126,
          "conditional_hand_mass": 0.0045248869052198935,
          "expected_action_loss_bb": 0.17543685905877998,
          "hand": "JJ",
          "probability_on_actions_losing_over_0_1bb": 0.3435879424214363,
          "reference_expected_action_loss_bb": 0.18785916175543457,
          "reference_probabilities": [
            0.011235954239964485,
            0.011235954239964485,
            0.33377203345298767,
            0.643756091594696
          ]
        },
        {
          "action_values_bb": [
            -0.5000004881407597,
            -0.13237789891106955,
            0.3445227398978224,
            0.46891240704579584
          ],
          "candidate_probabilities": [
            0.008771930821239948,
            0.008771930821239948,
            0.393023818731308,
            0.5894323587417603
          ],
          "class_index": 127,
          "conditional_hand_mass": 0.009049773810439787,
          "expected_action_loss_bb": 0.06266181584893246,
          "hand": "QJo",
          "probability_on_actions_losing_over_0_1bb": 0.4105676803737879,
          "reference_expected_action_loss_bb": 0.06777764325526578,
          "reference_probabilities": [
            0.011235957033932209,
            0.011235957033932209,
            0.40304720401763916,
            0.5744808912277222
          ]
        },
        {
          "action_values_bb": [
            -0.5000004881407597,
            -0.045870526172503645,
            0.4967412071553625,
            0.7045161946275786
          ],
          "candidate_probabilities": [
            0.008771929889917374,
            0.008771929889917374,
            0.3776755928993225,
            0.6047805547714233
          ],
          "class_index": 128,
          "conditional_hand_mass": 0.009049773810439787,
          "expected_action_loss_bb": 0.09561981718088157,
          "hand": "KJo",
          "probability_on_actions_losing_over_0_1bb": 0.39521945267915726,
          "reference_expected_action_loss_bb": 0.102553301036756,
          "reference_probabilities": [
            0.011235954239964485,
            0.011235954239964485,
            0.38786235451698303,
            0.5896657109260559
          ]
        },
        {
          "action_values_bb": [
            -0.5000004881407597,
            0.0020547718688106367,
            0.5701348440034627,
            0.8303272928006351
          ],
          "candidate_probabilities": [
            0.008771930821239948,
            0.008771930821239948,
            0.37548598647117615,
            0.6069701910018921
          ],
          "class_index": 129,
          "conditional_hand_mass": 0.009049773810439787,
          "expected_action_loss_bb": 0.1166337108276968,
          "hand": "AJo",
          "probability_on_actions_losing_over_0_1bb": 0.39302984811365604,
          "reference_expected_action_loss_bb": 0.12432283116394144,
          "reference_probabilities": [
            0.01123595517128706,
            0.01123595517128706,
            0.38459569215774536,
            0.592932403087616
          ]
        },
        {
          "action_values_bb": [
            -0.5000004881407597,
            -0.3919535644247477,
            -0.12644123559304848,
            -0.21928124969055363
          ],
          "candidate_probabilities": [
            0.008771930821239948,
            0.008771930821239948,
            0.5303956866264343,
            0.45206043124198914
          ],
          "class_index": 130,
          "conditional_hand_mass": 0.0030165911925363843,
          "expected_action_loss_bb": 0.04757518851111113,
          "hand": "Q2s",
          "probability_on_actions_losing_over_0_1bb": 0.017543861642479897,
          "reference_expected_action_loss_bb": 0.058408368225455184,
          "reference_probabilities": [
            0.047961123287677765,
            0.011235957965254784,
            0.5367878675460815,
            0.40401503443717957
          ]
        },
        {
          "action_values_bb": [
            -0.5000004881407597,
            -0.33340467161864545,
            -0.01342277257535952,
            -0.07982139592078898
          ],
          "candidate_probabilities": [
            0.008771931752562523,
            0.008771931752562523,
            0.4996740221977234,
            0.4827820956707001
          ],
          "class_index": 131,
          "conditional_hand_mass": 0.0030165911925363843,
          "expected_action_loss_bb": 0.039131152422076425,
          "hand": "Q3s",
          "probability_on_actions_losing_over_0_1bb": 0.017543863505125046,
          "reference_expected_action_loss_bb": 0.04806448403584119,
          "reference_probabilities": [
            0.02948698401451111,
            0.011235956102609634,
            0.5056310892105103,
            0.4536460340023041
          ]
        },
        {
          "action_values_bb": [
            -0.5000004881407597,
            -0.38554734456308126,
            -0.1241934345625694,
            -0.1998267135170221
          ],
          "candidate_probabilities": [
            0.008771930821239948,
            0.008771930821239948,
            0.5308947563171387,
            0.4515613615512848
          ],
          "class_index": 132,
          "conditional_hand_mass": 0.0030165911925363843,
          "expected_action_loss_bb": 0.03974219831776776,
          "hand": "Q4s",
          "probability_on_actions_losing_over_0_1bb": 0.017543861642479897,
          "reference_expected_action_loss_bb": 0.053113304699525354,
          "reference_probabilities": [
            0.048906683921813965,
            0.011235956102609634,
            0.5194436311721802,
            0.42041370272636414
          ]
        },
        {
          "action_values_bb": [
            -0.5000004881407597,
            -0.29935465699534297,
            0.04278905045883139,
            0.008580268053432724
          ],
          "candidate_probabilities": [
            0.008771930821239948,
            0.008771930821239948,
            0.48666873574256897,
            0.49578744173049927
          ],
          "class_index": 133,
          "conditional_hand_mass": 0.0030165911925363843,
          "expected_action_loss_bb": 0.02472285792928686,
          "hand": "Q5s",
          "probability_on_actions_losing_over_0_1bb": 0.017543861642479897,
          "reference_expected_action_loss_bb": 0.03387830034273527,
          "reference_probabilities": [
            0.024935593828558922,
            0.011235956102609634,
            0.48151931166648865,
            0.48230916261672974
          ]
        },
        {
          "action_values_bb": [
            -0.5000004881407597,
            -0.28726049896632705,
            0.06229913007737868,
            0.047455336166502306
          ],
          "candidate_probabilities": [
            0.008771929889917374,
            0.008771929889917374,
            0.46649491786956787,
            0.515961229801178
          ],
          "class_index": 134,
          "conditional_hand_mass": 0.0030165911925363843,
          "expected_action_loss_bb": 0.015657587547624738,
          "hand": "Q6s",
          "probability_on_actions_losing_over_0_1bb": 0.017543859779834747,
          "reference_expected_action_loss_bb": 0.02307242312917498,
          "reference_probabilities": [
            0.020893851295113564,
            0.011235956102609634,
            0.4696025252342224,
            0.49826762080192566
          ]
        },
        {
          "action_values_bb": [
            -0.5000004881407597,
            -0.2844356109562775,
            0.06351741609522818,
            0.06869516000068619
          ],
          "candidate_probabilities": [
            0.008771929889917374,
            0.008771929889917374,
            0.46150609850883484,
            0.5209500193595886
          ],
          "class_index": 135,
          "conditional_hand_mass": 0.0030165911925363843,
          "expected_action_loss_bb": 0.010475757107890664,
          "hand": "Q7s",
          "probability_on_actions_losing_over_0_1bb": 0.017543859779834747,
          "reference_expected_action_loss_bb": 0.017465027072485213,
          "reference_probabilities": [
            0.019559167325496674,
            0.011235956102609634,
            0.4585108757019043,
            0.5106939673423767
          ]
        },
        {
          "action_values_bb": [
            -0.5000004881407597,
            -0.18458537254135704,
            0.25327882404938423,
            0.3195278061015642
          ],
          "candidate_probabilities": [
            0.008771932683885098,
            0.008771932683885098,
            0.41679126024246216,
            0.5656648874282837
          ],
          "class_index": 136,
          "conditional_hand_mass": 0.0030165911925363843,
          "expected_action_loss_bb": 0.03922289061705625,
          "hand": "Q8s",
          "probability_on_actions_losing_over_0_1bb": 0.017543865367770195,
          "reference_expected_action_loss_bb": 0.042883890660583485,
          "reference_probabilities": [
            0.011235956102609634,
            0.011235956102609634,
            0.4228217899799347,
            0.5547062754631042
          ]
        },
        {
          "action_values_bb": [
            -0.5000004881407597,
            -0.12878686526185334,
            0.3539651604176979,
            0.46408424165868556
          ],
          "candidate_probabilities": [
            0.008771932683885098,
            0.008771932683885098,
            0.39917853474617004,
            0.5832776427268982
          ],
          "class_index": 137,
          "conditional_hand_mass": 0.0030165911925363843,
          "expected_action_loss_bb": 0.05761468528886162,
          "hand": "Q9s",
          "probability_on_actions_losing_over_0_1bb": 0.41672240011394024,
          "reference_expected_action_loss_bb": 0.06221799563880323,
          "reference_probabilities": [
            0.011235956102609634,
            0.011235956102609634,
            0.4061431288719177,
            0.5713849067687988
          ]
        },
        {
          "action_values_bb": [
            -0.5000004881407597,
            -0.05310037460619244,
            0.4914926479725492,
            0.646700454375366
          ],
          "candidate_probabilities": [
            0.008771931752562523,
            0.008771931752562523,
            0.38026008009910583,
            0.6021960377693176
          ],
          "class_index": 138,
          "conditional_hand_mass": 0.0030165911925363843,
          "expected_action_loss_bb": 0.07521672041530512,
          "hand": "QTs",
          "probability_on_actions_losing_over_0_1bb": 0.3978039436042309,
          "reference_expected_action_loss_bb": 0.08132117735152261,
          "reference_probabilities": [
            0.011235957033932209,
            0.011235957033932209,
            0.3902765214443207,
            0.5872515439987183
          ]
        },
        {
          "action_values_bb": [
            -0.5000004881407597,
            -0.04967858197340804,
            0.49292788640769264,
            0.664783907756459
          ],
          "candidate_probabilities": [
            0.008771930821239948,
            0.008771930821239948,
            0.38089555501937866,
            0.6015605330467224
          ],
          "class_index": 139,
          "conditional_hand_mass": 0.0030165911925363843,
          "expected_action_loss_bb": 0.08194381831181197,
          "hand": "QJs",
          "probability_on_actions_losing_over_0_1bb": 0.39843941666185856,
          "reference_expected_action_loss_bb": 0.08790773286780158,
          "reference_probabilities": [
            0.011235957033932209,
            0.011235957033932209,
            0.3886543810367584,
            0.5888737440109253
          ]
        },
        {
          "action_values_bb": [
            -0.5000004881407597,
            0.6200337430786871,
            1.672818495458129,
            2.252509078372115
          ],
          "candidate_probabilities": [
            0.008771929889917374,
            0.008771929889917374,
            0.31487569212913513,
            0.6675804257392883
          ],
          "class_index": 140,
          "conditional_hand_mass": 0.0045248869052198935,
          "expected_action_loss_bb": 0.22099525364277417,
          "hand": "QQ",
          "probability_on_actions_losing_over_0_1bb": 0.3324195519089699,
          "reference_expected_action_loss_bb": 0.23491349610536638,
          "reference_probabilities": [
            0.011235957033932209,
            0.011235957033932209,
            0.32024669647216797,
            0.6572813987731934
          ]
        },
        {
          "action_values_bb": [
            -0.5000004881407597,
            0.02268420183337301,
            0.6278269800418769,
            0.8783726168096431
          ],
          "candidate_probabilities": [
            0.008771929889917374,
            0.008771929889917374,
            0.36895832419395447,
            0.613497793674469
          ],
          "class_index": 141,
          "conditional_hand_mass": 0.009049773810439787,
          "expected_action_loss_bb": 0.11203792929850126,
          "hand": "KQo",
          "probability_on_actions_losing_over_0_1bb": 0.3865021839737892,
          "reference_expected_action_loss_bb": 0.11920543509082865,
          "reference_probabilities": [
            0.011235954239964485,
            0.011235954239964485,
            0.37559473514556885,
            0.6019333600997925
          ]
        },
        {
          "action_values_bb": [
            -0.5000004881407597,
            0.045552206096376,
            0.6493491758719554,
            0.9453218890824251
          ],
          "candidate_probabilities": [
            0.008771928958594799,
            0.008771928958594799,
            0.36741772294044495,
            0.6150383949279785
          ],
          "class_index": 142,
          "conditional_hand_mass": 0.009049773810439787,
          "expected_action_loss_bb": 0.12931660129381625,
          "hand": "AQo",
          "probability_on_actions_losing_over_0_1bb": 0.38496158085763454,
          "reference_expected_action_loss_bb": 0.13799556011088607,
          "reference_probabilities": [
            0.01123595517128706,
            0.01123595517128706,
            0.3772179186344147,
            0.600310206413269
          ]
        },
        {
          "action_values_bb": [
            -0.5000004881407597,
            -0.25916627231866723,
            0.1234749523818689,
            0.1546024421263802
          ],
          "candidate_probabilities": [
            0.008771931752562523,
            0.008771931752562523,
            0.4351949691772461,
            0.5472611784934998
          ],
          "class_index": 143,
          "conditional_hand_mass": 0.0030165911925363843,
          "expected_action_loss_bb": 0.02291821009371592,
          "hand": "K2s",
          "probability_on_actions_losing_over_0_1bb": 0.017543863505125046,
          "reference_expected_action_loss_bb": 0.026062489201773818,
          "reference_probabilities": [
            0.011235957965254784,
            0.011235957965254784,
            0.45163649320602417,
            0.5258916020393372
          ]
        },
        {
          "action_values_bb": [
            -0.5000004881407597,
            -0.19964369559932738,
            0.23747028094453285,
            0.2939456041041759
          ],
          "candidate_probabilities": [
            0.008771930821239948,
            0.008771930821239948,
            0.42633551359176636,
            0.5561206340789795
          ],
          "class_index": 144,
          "conditional_hand_mass": 0.0030165911925363843,
          "expected_action_loss_bb": 0.035371607292597175,
          "hand": "K3s",
          "probability_on_actions_losing_over_0_1bb": 0.017543861642479897,
          "reference_expected_action_loss_bb": 0.03884530189237266,
          "reference_probabilities": [
            0.011235956102609634,
            0.011235956102609634,
            0.43166837096214294,
            0.5458596348762512
          ]
        },
        {
          "action_values_bb": [
            -0.5000004881407597,
            -0.22793112138624166,
            0.17523777336405552,
            0.23224382756469503
          ],
          "candidate_probabilities": [
            0.008771930821239948,
            0.008771930821239948,
            0.4245894253253937,
            0.5578666925430298
          ],
          "class_index": 145,
          "conditional_hand_mass": 0.0030165911925363843,
          "expected_action_loss_bb": 0.03466398709259745,
          "hand": "K4s",
          "probability_on_actions_losing_over_0_1bb": 0.017543861642479897,
          "reference_expected_action_loss_bb": 0.038366596991193956,
          "reference_probabilities": [
            0.01123595517128706,
            0.01123595517128706,
            0.43799957633018494,
            0.539528489112854
          ]
        },
        {
          "action_values_bb": [
            -0.5000004881407597,
            -0.19259255462608907,
            0.23998120727809505,
            0.3325496582108135
          ],
          "candidate_probabilities": [
            0.008771930821239948,
            0.008771930821239948,
            0.4224616289138794,
            0.5599945187568665
          ],
          "class_index": 146,
          "conditional_hand_mass": 0.0030165911925363843,
          "expected_action_loss_bb": 0.05101620201839813,
          "hand": "K5s",
          "probability_on_actions_losing_over_0_1bb": 0.017543861642479897,
          "reference_expected_action_loss_bb": 0.054806447806367696,
          "reference_probabilities": [
            0.011235956102609634,
            0.011235956102609634,
            0.4272673428058624,
            0.5502607822418213
          ]
        },
        {
          "action_values_bb": [
            -0.5000004881407597,
            -0.14901595006905796,
            0.3208141267377985,
            0.433442007413324
          ],
          "candidate_probabilities": [
            0.008771931752562523,
            0.008771931752562523,
            0.4079053997993469,
            0.5745507478713989
          ],
          "class_index": 147,
          "conditional_hand_mass": 0.0030165911925363843,
          "expected_action_loss_bb": 0.05923889601321785,
          "hand": "K6s",
          "probability_on_actions_losing_over_0_1bb": 0.42544926330447197,
          "reference_expected_action_loss_bb": 0.06359672897117369,
          "reference_probabilities": [
            0.011235956102609634,
            0.011235956102609634,
            0.4134334921836853,
            0.564094603061676
          ]
        },
        {
          "action_values_bb": [
            -0.5000004881407597,
            -0.16995031982285233,
            0.2735700857858571,
            0.3980584968360808
          ],
          "candidate_probabilities": [
            0.008771929889917374,
            0.008771929889917374,
            0.40838348865509033,
            0.5740725994110107
          ],
          "class_index": 148,
          "conditional_hand_mass": 0.0030165911925363843,
          "expected_action_loss_bb": 0.06369925557163354,
          "hand": "K7s",
          "probability_on_actions_losing_over_0_1bb": 0.4259273484349251,
          "reference_expected_action_loss_bb": 0.06813634246121208,
          "reference_probabilities": [
            0.011235956102609634,
            0.011235956102609634,
            0.4150078594684601,
            0.5625202059745789
          ]
        },
        {
          "action_values_bb": [
            -0.5000004881407597,
            -0.09981306126598888,
            0.4075226396197634,
            0.5655003658963667
          ],
          "candidate_probabilities": [
            0.008771928958594799,
            0.008771928958594799,
            0.3850890100002289,
            0.5973671078681946
          ],
          "class_index": 149,
          "conditional_hand_mass": 0.0030165911925363843,
          "expected_action_loss_bb": 0.07601806612914745,
          "hand": "K8s",
          "probability_on_actions_losing_over_0_1bb": 0.4026328679174185,
          "reference_expected_action_loss_bb": 0.08254374285510437,
          "reference_probabilities": [
            0.011235957033932209,
            0.011235957033932209,
            0.399400532245636,
            0.5781275629997253
          ]
        },
        {
          "action_values_bb": [
            -0.5000004881407597,
            -0.03764747255358844,
            0.5161819010516365,
            0.7056734369000663
          ],
          "candidate_probabilities": [
            0.008771929889917374,
            0.008771929889917374,
            0.38081222772598267,
            0.6016439199447632
          ],
          "class_index": 150,
          "conditional_hand_mass": 0.0030165911925363843,
          "expected_action_loss_bb": 0.08925713994565518,
          "hand": "K9s",
          "probability_on_actions_losing_over_0_1bb": 0.3983560875058174,
          "reference_expected_action_loss_bb": 0.09548584596413165,
          "reference_probabilities": [
            0.011235957033932209,
            0.011235957033932209,
            0.3883393704891205,
            0.5891886949539185
          ]
        },
        {
          "action_values_bb": [
            -0.5000004881407597,
            -0.02180881290722271,
            0.5346835167278168,
            0.75597459882849
          ],
          "candidate_probabilities": [
            0.008771929889917374,
            0.008771929889917374,
            0.37792539596557617,
            0.6045306921005249
          ],
          "class_index": 151,
          "conditional_hand_mass": 0.0030165911925363843,
          "expected_action_loss_bb": 0.10147150679021133,
          "hand": "KTs",
          "probability_on_actions_losing_over_0_1bb": 0.3954692557454109,
          "reference_expected_action_loss_bb": 0.1082302480317276,
          "reference_probabilities": [
            0.011235956102609634,
            0.011235956102609634,
            0.38582226634025574,
            0.591705858707428
          ]
        },
        {
          "action_values_bb": [
            -0.5000004881407597,
            0.04541047965687331,
            0.6638537904060258,
            0.9237097358837711
          ],
          "candidate_probabilities": [
            0.008771930821239948,
            0.008771930821239948,
            0.36213502287864685,
            0.6203210949897766
          ],
          "class_index": 152,
          "conditional_hand_mass": 0.0030165911925363843,
          "expected_action_loss_bb": 0.1142960066713398,
          "hand": "KJs",
          "probability_on_actions_losing_over_0_1bb": 0.37967888452112675,
          "reference_expected_action_loss_bb": 0.12293184000981254,
          "reference_probabilities": [
            0.011235956102609634,
            0.011235956102609634,
            0.37353989481925964,
            0.6039881706237793
          ]
        },
        {
          "action_values_bb": [
            -0.5000004881407597,
            0.10922274148776656,
            0.7849607458121358,
            1.0831652385760069
          ],
          "candidate_probabilities": [
            0.008771931752562523,
            0.008771931752562523,
            0.35663825273513794,
            0.6258178949356079
          ],
          "class_index": 153,
          "conditional_hand_mass": 0.0030165911925363843,
          "expected_action_loss_bb": 0.12878190808020895,
          "hand": "KQs",
          "probability_on_actions_losing_over_0_1bb": 0.374182116240263,
          "reference_expected_action_loss_bb": 0.13725115849848737,
          "reference_probabilities": [
            0.011235956102609634,
            0.011235956102609634,
            0.3639100193977356,
            0.6136180758476257
          ]
        },
        {
          "action_values_bb": [
            -0.5000004881407597,
            0.7743316899725986,
            1.9610074555830264,
            2.6806037827003752
          ],
          "candidate_probabilities": [
            0.008771928958594799,
            0.008771928958594799,
            0.3076941668987274,
            0.6747620105743408
          ],
          "class_index": 154,
          "conditional_hand_mass": 0.0045248869052198935,
          "expected_action_loss_bb": 0.26603731045813833,
          "hand": "KK",
          "probability_on_actions_losing_over_0_1bb": 0.325238024815917,
          "reference_expected_action_loss_bb": 0.2793761000075909,
          "reference_probabilities": [
            0.011235954239964485,
            0.011235954239964485,
            0.30881229043006897,
            0.6687158346176147
          ]
        },
        {
          "action_values_bb": [
            -0.5000004881407597,
            0.12279521637397049,
            0.7934727351768038,
            1.1356102449866898
          ],
          "candidate_probabilities": [
            0.008771928958594799,
            0.008771928958594799,
            0.36434701085090637,
            0.6181090474128723
          ],
          "class_index": 155,
          "conditional_hand_mass": 0.009049773810439787,
          "expected_action_loss_bb": 0.1478885816333017,
          "hand": "AKo",
          "probability_on_actions_losing_over_0_1bb": 0.38189086876809597,
          "reference_expected_action_loss_bb": 0.15541334288290382,
          "reference_probabilities": [
            0.01123595517128706,
            0.01123595517128706,
            0.36726680397987366,
            0.6102612614631653
          ]
        },
        {
          "action_values_bb": [
            -0.5000004881407597,
            -0.18861323115292014,
            0.24211692770342463,
            0.3693513222966102
          ],
          "candidate_probabilities": [
            0.008771929889917374,
            0.008771929889917374,
            0.419538289308548,
            0.5629178881645203
          ],
          "class_index": 156,
          "conditional_hand_mass": 0.0030165911925363843,
          "expected_action_loss_bb": 0.06590001932358153,
          "hand": "A2s",
          "probability_on_actions_losing_over_0_1bb": 0.4370821490883827,
          "reference_expected_action_loss_bb": 0.0702590347325118,
          "reference_probabilities": [
            0.011235956102609634,
            0.011235956102609634,
            0.42615655064582825,
            0.5513715744018555
          ]
        },
        {
          "action_values_bb": [
            -0.5000004881407597,
            -0.12031874754796436,
            0.3725608826589111,
            0.5234204357758084
          ],
          "candidate_probabilities": [
            0.008771930821239948,
            0.008771930821239948,
            0.4073123633861542,
            0.5751437544822693
          ],
          "class_index": 157,
          "conditional_hand_mass": 0.0030165911925363843,
          "expected_action_loss_bb": 0.07607117424806577,
          "hand": "A3s",
          "probability_on_actions_losing_over_0_1bb": 0.42485622502863407,
          "reference_expected_action_loss_bb": 0.08042367490245853,
          "reference_probabilities": [
            0.011235956102609634,
            0.011235956102609634,
            0.4089335799217224,
            0.5685945153236389
          ]
        },
        {
          "action_values_bb": [
            -0.5000004881407597,
            -0.10508950548970072,
            0.3977764560785589,
            0.5591333716314627
          ],
          "candidate_probabilities": [
            0.008771929889917374,
            0.008771929889917374,
            0.4006098210811615,
            0.581846296787262
          ],
          "class_index": 158,
          "conditional_hand_mass": 0.0030165911925363843,
          "expected_action_loss_bb": 0.07975832954120245,
          "hand": "A4s",
          "probability_on_actions_losing_over_0_1bb": 0.41815368086099625,
          "reference_expected_action_loss_bb": 0.08460434755809598,
          "reference_probabilities": [
            0.011235957033932209,
            0.011235957033932209,
            0.404325932264328,
            0.5732021331787109
          ]
        },
        {
          "action_values_bb": [
            -0.5000004881407597,
            -0.074556318403339,
            0.4518699487019849,
            0.6411366259961733
          ],
          "candidate_probabilities": [
            0.008771929889917374,
            0.008771929889917374,
            0.390209436416626,
            0.5922466516494751
          ],
          "class_index": 159,
          "conditional_hand_mass": 0.0030165911925363843,
          "expected_action_loss_bb": 0.09014162657038555,
          "hand": "A5s",
          "probability_on_actions_losing_over_0_1bb": 0.4077532961964607,
          "reference_expected_action_loss_bb": 0.09631114296333573,
          "reference_probabilities": [
            0.011235956102609634,
            0.011235956102609634,
            0.398632675409317,
            0.5788953900337219
          ]
        },
        {
          "action_values_bb": [
            -0.5000004881407597,
            -0.08137017066656178,
            0.43678444666385774,
            0.6288286448808051
          ],
          "candidate_probabilities": [
            0.008771930821239948,
            0.008771930821239948,
            0.39683082699775696,
            0.5856253504753113
          ],
          "class_index": 160,
          "conditional_hand_mass": 0.0030165911925363843,
          "expected_action_loss_bb": 0.09234088394172589,
          "hand": "A6s",
          "probability_on_actions_losing_over_0_1bb": 0.41437468864023685,
          "reference_expected_action_loss_bb": 0.09746184748716867,
          "reference_probabilities": [
            0.011235956102609634,
            0.011235956102609634,
            0.3999007046222687,
            0.5776273608207703
          ]
        },
        {
          "action_values_bb": [
            -0.5000004881407597,
            -0.06855903410472125,
            0.45352624516688345,
            0.6612531856414651
          ],
          "candidate_probabilities": [
            0.008771929889917374,
            0.008771929889917374,
            0.38498175144195557,
            0.5974743366241455
          ],
          "class_index": 161,
          "conditional_hand_mass": 0.0030165911925363843,
          "expected_action_loss_bb": 0.09655937880082846,
          "hand": "A7s",
          "probability_on_actions_losing_over_0_1bb": 0.4025256112217903,
          "reference_expected_action_loss_bb": 0.10357517699076138,
          "reference_probabilities": [
            0.011235957033932209,
            0.011235957033932209,
            0.3963243365287781,
            0.5812037587165833
          ]
        },
        {
          "action_values_bb": [
            -0.5000004881407597,
            -0.010781595468547487,
            0.558403357125314,
            0.7922309748184918
          ],
          "candidate_probabilities": [
            0.008771932683885098,
            0.008771932683885098,
            0.37833601236343384,
            0.604120135307312
          ],
          "class_index": 162,
          "conditional_hand_mass": 0.0030165911925363843,
          "expected_action_loss_bb": 0.10684474807442679,
          "hand": "A8s",
          "probability_on_actions_losing_over_0_1bb": 0.39587987773120403,
          "reference_expected_action_loss_bb": 0.11405663189103882,
          "reference_probabilities": [
            0.011235956102609634,
            0.011235956102609634,
            0.3870995342731476,
            0.5904285311698914
          ]
        },
        {
          "action_values_bb": [
            -0.5000004881407597,
            0.004910377879524908,
            0.5807345067958259,
            0.8237294428235846
          ],
          "candidate_probabilities": [
            0.008771930821239948,
            0.008771930821239948,
            0.37646394968032837,
            0.6059921979904175
          ],
          "class_index": 163,
          "conditional_hand_mass": 0.0030165911925363843,
          "expected_action_loss_bb": 0.1102731249425544,
          "hand": "A9s",
          "probability_on_actions_losing_over_0_1bb": 0.39400781132280827,
          "reference_expected_action_loss_bb": 0.11785272393406121,
          "reference_probabilities": [
            0.011235956102609634,
            0.011235956102609634,
            0.3859304189682007,
            0.5915976762771606
          ]
        },
        {
          "action_values_bb": [
            -0.5000004881407597,
            0.05021354937885483,
            0.6567161264831285,
            0.9359140219548977
          ],
          "candidate_probabilities": [
            0.008771930821239948,
            0.008771930821239948,
            0.3724534511566162,
            0.6100026965141296
          ],
          "class_index": 164,
          "conditional_hand_mass": 0.0030165911925363843,
          "expected_action_loss_bb": 0.12435326574567496,
          "hand": "ATs",
          "probability_on_actions_losing_over_0_1bb": 0.3899973127990961,
          "reference_expected_action_loss_bb": 0.13184044880600357,
          "reference_probabilities": [
            0.011235957965254784,
            0.011235957965254784,
            0.3787810802459717,
            0.5987470149993896
          ]
        },
        {
          "action_values_bb": [
            -0.5000004881407597,
            0.03412776411448547,
            0.6201598228634811,
            0.9126221764020762
          ],
          "candidate_probabilities": [
            0.008771930821239948,
            0.008771930821239948,
            0.3704192638397217,
            0.6120368242263794
          ],
          "class_index": 165,
          "conditional_hand_mass": 0.0030165911925363843,
          "expected_action_loss_bb": 0.1284312101999168,
          "hand": "AJs",
          "probability_on_actions_losing_over_0_1bb": 0.3879631254822016,
          "reference_expected_action_loss_bb": 0.136903267725708,
          "reference_probabilities": [
            0.011235956102609634,
            0.011235956102609634,
            0.38008439540863037,
            0.5974436402320862
          ]
        },
        {
          "action_values_bb": [
            -0.5000004881407597,
            0.14637493422303263,
            0.8370950157620651,
            1.184828919913256
          ],
          "candidate_probabilities": [
            0.008771930821239948,
            0.008771930821239948,
            0.3548906445503235,
            0.6275655031204224
          ],
          "class_index": 166,
          "conditional_hand_mass": 0.0030165911925363843,
          "expected_action_loss_bb": 0.14729596291277255,
          "hand": "AQs",
          "probability_on_actions_losing_over_0_1bb": 0.3724345061928034,
          "reference_expected_action_loss_bb": 0.15668672859235583,
          "reference_probabilities": [
            0.011235957033932209,
            0.011235957033932209,
            0.3625991940498352,
            0.6149289011955261
          ]
        },
        {
          "action_values_bb": [
            -0.5000004881407597,
            0.21169611759338794,
            0.9570779224673479,
            1.3470362812711687
          ],
          "candidate_probabilities": [
            0.008771929889917374,
            0.008771929889917374,
            0.3512551188468933,
            0.6312010288238525
          ],
          "class_index": 167,
          "conditional_hand_mass": 0.0030165911925363843,
          "expected_action_loss_bb": 0.16313607102934524,
          "hand": "AKs",
          "probability_on_actions_losing_over_0_1bb": 0.36879897862672806,
          "reference_expected_action_loss_bb": 0.17203876057666148,
          "reference_probabilities": [
            0.01123595517128706,
            0.01123595517128706,
            0.35524025559425354,
            0.6222878098487854
          ]
        },
        {
          "action_values_bb": [
            -0.5000004881407597,
            0.8894840254541696,
            2.1715070007055726,
            2.9772843000124265
          ],
          "candidate_probabilities": [
            0.008771928958594799,
            0.008771928958594799,
            0.3040909469127655,
            0.678365170955658
          ],
          "class_index": 168,
          "conditional_hand_mass": 0.0045248869052198935,
          "expected_action_loss_bb": 0.29384611276567396,
          "hand": "AA",
          "probability_on_actions_losing_over_0_1bb": 0.3216348048299551,
          "reference_expected_action_loss_bb": 0.30571492151378293,
          "reference_probabilities": [
            0.011235954239964485,
            0.011235954239964485,
            0.3018028438091278,
            0.6757252216339111
          ]
        }
      ],
      "joint_reach_independent_model": 0.0002086763056898973,
      "opponent_mass": 0.00020867629791609943,
      "passes_local_tail_gate": false,
      "path": [
        1
      ],
      "position": "SB",
      "reference_weighted_action_loss_bb": 0.05625809372785709,
      "scope": "One-action deviation followed by reference play, same reference arriving ranges; excludes physical-deal validation",
      "status": "evaluated",
      "weighted_action_loss_bb": 0.050236577832641925,
      "weighted_excess_action_loss_bb": -0.006021515895215164,
      "worst_relevant_probability_on_strongly_inferior_actions": 0.4563476797193289
    },
    {
      "actions": [
        {
          "kind": "fold",
          "label": "Fold",
          "to": 0.0
        },
        {
          "kind": "call",
          "label": "Call 2",
          "to": 2.0
        }
      ],
      "actor": 1,
      "actor_mass": 1.000000037252903,
      "forced_or_frozen": false,
      "hands": [
        {
          "action_values_bb": [
            -0.49999996965481747,
            -0.12039747789050001
          ],
          "candidate_probabilities": [
            0.00017421603843104094,
            0.9998257756233215
          ],
          "class_index": 0,
          "conditional_hand_mass": 0.0045248869052198935,
          "expected_action_loss_bb": 0.00006613284229373123,
          "hand": "22",
          "probability_on_actions_losing_over_0_1bb": 0.00017421603843104094,
          "reference_expected_action_loss_bb": 0.00006613284229373123,
          "reference_probabilities": [
            0.00017421603843104094,
            0.9998257756233215
          ]
        },
        {
          "action_values_bb": [
            -0.49999996965481747,
            -0.8942789013587359
          ],
          "candidate_probabilities": [
            0.9998257756233215,
            0.00017421603843104094
          ],
          "class_index": 1,
          "conditional_hand_mass": 0.009049773810439787,
          "expected_action_loss_bb": 0.00006868971351827962,
          "hand": "32o",
          "probability_on_actions_losing_over_0_1bb": 0.00017421603843104094,
          "reference_expected_action_loss_bb": 0.00006868971351827962,
          "reference_probabilities": [
            0.9998257756233215,
            0.00017421603843104094
          ]
        },
        {
          "action_values_bb": [
            -0.49999996965481747,
            -0.8065426034224511
          ],
          "candidate_probabilities": [
            0.9998257756233215,
            0.00017421603843104094
          ],
          "class_index": 2,
          "conditional_hand_mass": 0.009049773810439787,
          "expected_action_loss_bb": 0.00005340464326521457,
          "hand": "42o",
          "probability_on_actions_losing_over_0_1bb": 0.00017421603843104094,
          "reference_expected_action_loss_bb": 0.00005340464326521457,
          "reference_probabilities": [
            0.9998257756233215,
            0.00017421603843104094
          ]
        },
        {
          "action_values_bb": [
            -0.49999996965481747,
            -0.7610828496311239
          ],
          "candidate_probabilities": [
            0.9998257756233215,
            0.00017421603843104094
          ],
          "class_index": 3,
          "conditional_hand_mass": 0.009049773810439787,
          "expected_action_loss_bb": 0.000045484825051639056,
          "hand": "52o",
          "probability_on_actions_losing_over_0_1bb": 0.00017421603843104094,
          "reference_expected_action_loss_bb": 0.000045484825051639056,
          "reference_probabilities": [
            0.9998257756233215,
            0.00017421603843104094
          ]
        },
        {
          "action_values_bb": [
            -0.49999996965481747,
            -0.8256900494505094
          ],
          "candidate_probabilities": [
            0.9998257756233215,
            0.00017421603843104094
          ],
          "class_index": 4,
          "conditional_hand_mass": 0.009049773810439787,
          "expected_action_loss_bb": 0.000056740435458295056,
          "hand": "62o",
          "probability_on_actions_losing_over_0_1bb": 0.00017421603843104094,
          "reference_expected_action_loss_bb": 0.000056740435458295056,
          "reference_probabilities": [
            0.9998257756233215,
            0.00017421603843104094
          ]
        },
        {
          "action_values_bb": [
            -0.49999996965481747,
            -0.9115914348901626
          ],
          "candidate_probabilities": [
            0.9998257756233215,
            0.00017421603843104094
          ],
          "class_index": 5,
          "conditional_hand_mass": 0.009049773810439787,
          "expected_action_loss_bb": 0.00007170583452532934,
          "hand": "72o",
          "probability_on_actions_losing_over_0_1bb": 0.00017421603843104094,
          "reference_expected_action_loss_bb": 0.00007170583452532934,
          "reference_probabilities": [
            0.9998257756233215,
            0.00017421603843104094
          ]
        },
        {
          "action_values_bb": [
            -0.49999996965481747,
            -0.9486741582853273
          ],
          "candidate_probabilities": [
            0.9983711242675781,
            0.0016289008781313896
          ],
          "class_index": 6,
          "conditional_hand_mass": 0.009049773810439787,
          "expected_action_loss_bb": 0.0007308457798551263,
          "hand": "82o",
          "probability_on_actions_losing_over_0_1bb": 0.0016289008781313896,
          "reference_expected_action_loss_bb": 0.00007816623968946902,
          "reference_probabilities": [
            0.9998257756233215,
            0.00017421603843104094
          ]
        },
        {
          "action_values_bb": [
            -0.49999996965481747,
            -0.7788745335945446
          ],
          "candidate_probabilities": [
            0.9978324770927429,
            0.0021675608586519957
          ],
          "class_index": 7,
          "conditional_hand_mass": 0.009049773810439787,
          "expected_action_loss_bb": 0.0006044775892693958,
          "hand": "92o",
          "probability_on_actions_losing_over_0_1bb": 0.0021675608586519957,
          "reference_expected_action_loss_bb": 0.0006557765501059202,
          "reference_probabilities": [
            0.9976485371589661,
            0.0023515108041465282
          ]
        },
        {
          "action_values_bb": [
            -0.49999996965481747,
            -0.7565027298526196
          ],
          "candidate_probabilities": [
            0.9944064021110535,
            0.00559363653883338
          ],
          "class_index": 8,
          "conditional_hand_mass": 0.009049773810439787,
          "expected_action_loss_bb": 0.001434783211754042,
          "hand": "T2o",
          "probability_on_actions_losing_over_0_1bb": 0.00559363653883338,
          "reference_expected_action_loss_bb": 0.0008765248606061997,
          "reference_probabilities": [
            0.9965827465057373,
            0.003417214145883918
          ]
        },
        {
          "action_values_bb": [
            -0.49999996965481747,
            -0.6515195653598818
          ],
          "candidate_probabilities": [
            0.9825696349143982,
            0.017430348321795464
          ],
          "class_index": 9,
          "conditional_hand_mass": 0.009049773810439787,
          "expected_action_loss_bb": 0.0026410393307168944,
          "hand": "J2o",
          "probability_on_actions_losing_over_0_1bb": 0.017430348321795464,
          "reference_expected_action_loss_bb": 0.003935692728419986,
          "reference_probabilities": [
            0.9740251898765564,
            0.025974810123443604
          ]
        },
        {
          "action_values_bb": [
            -0.49999996965481747,
            -0.3848478613929167
          ],
          "candidate_probabilities": [
            0.00017421603843104094,
            0.9998257756233215
          ],
          "class_index": 10,
          "conditional_hand_mass": 0.009049773810439787,
          "expected_action_loss_bb": 0.00002006134411837069,
          "hand": "Q2o",
          "probability_on_actions_losing_over_0_1bb": 0.00017421603843104094,
          "reference_expected_action_loss_bb": 0.00002006134411837069,
          "reference_probabilities": [
            0.00017421603843104094,
            0.9998257756233215
          ]
        },
        {
          "action_values_bb": [
            -0.49999996965481747,
            -0.23174049953025658
          ],
          "candidate_probabilities": [
            0.00017421603843104094,
            0.9998257756233215
          ],
          "class_index": 11,
          "conditional_hand_mass": 0.009049773810439787,
          "expected_action_loss_bb": 0.000046735102156711176,
          "hand": "K2o",
          "probability_on_actions_losing_over_0_1bb": 0.00017421603843104094,
          "reference_expected_action_loss_bb": 0.000046735102156711176,
          "reference_probabilities": [
            0.00017421603843104094,
            0.9998257756233215
          ]
        },
        {
          "action_values_bb": [
            -0.49999996965481747,
            -0.022964081014354484
          ],
          "candidate_probabilities": [
            0.00017421603843104094,
            0.9998257756233215
          ],
          "class_index": 12,
          "conditional_hand_mass": 0.009049773810439787,
          "expected_action_loss_bb": 0.00008310730270837267,
          "hand": "A2o",
          "probability_on_actions_losing_over_0_1bb": 0.00017421603843104094,
          "reference_expected_action_loss_bb": 0.00008310730270837267,
          "reference_probabilities": [
            0.00017421603843104094,
            0.9998257756233215
          ]
        },
        {
          "action_values_bb": [
            -0.49999996965481747,
            -0.7493407812549311
          ],
          "candidate_probabilities": [
            0.9978653192520142,
            0.0021346639841794968
          ],
          "class_index": 13,
          "conditional_hand_mass": 0.0030165911925363843,
          "expected_action_loss_bb": 0.0005322588503088478,
          "hand": "32s",
          "probability_on_actions_losing_over_0_1bb": 0.0021346639841794968,
          "reference_expected_action_loss_bb": 0.0004550131463107158,
          "reference_probabilities": [
            0.9981750845909119,
            0.0018248643027618527
          ]
        },
        {
          "action_values_bb": [
            -0.49999996965481747,
            -0.003003115018331525
          ],
          "candidate_probabilities": [
            0.00017421603843104094,
            0.9998257756233215
          ],
          "class_index": 14,
          "conditional_hand_mass": 0.0045248869052198935,
          "expected_action_loss_bb": 0.0000865848231274565,
          "hand": "33",
          "probability_on_actions_losing_over_0_1bb": 0.00017421603843104094,
          "reference_expected_action_loss_bb": 0.0000865848231274565,
          "reference_probabilities": [
            0.00017421603843104094,
            0.9998257756233215
          ]
        },
        {
          "action_values_bb": [
            -0.49999996965481747,
            -0.7954817237034717
          ],
          "candidate_probabilities": [
            0.9998257756233215,
            0.00017421603843104094
          ],
          "class_index": 15,
          "conditional_hand_mass": 0.009049773810439787,
          "expected_action_loss_bb": 0.00005147766061901173,
          "hand": "43o",
          "probability_on_actions_losing_over_0_1bb": 0.00017421603843104094,
          "reference_expected_action_loss_bb": 0.00005147766061901173,
          "reference_probabilities": [
            0.9998257756233215,
            0.00017421603843104094
          ]
        },
        {
          "action_values_bb": [
            -0.49999996965481747,
            -0.7009805135375928
          ],
          "candidate_probabilities": [
            0.9978438019752502,
            0.002156211994588375
          ],
          "class_index": 16,
          "conditional_hand_mass": 0.009049773810439787,
          "expected_action_loss_bb": 0.0004333566593989355,
          "hand": "53o",
          "probability_on_actions_losing_over_0_1bb": 0.002156211994588375,
          "reference_expected_action_loss_bb": 0.00046349938468202406,
          "reference_probabilities": [
            0.9976937770843506,
            0.0023061903193593025
          ]
        },
        {
          "action_values_bb": [
            -0.49999996965481747,
            -0.7229475732350635
          ],
          "candidate_probabilities": [
            0.9978237152099609,
            0.002176283858716488
          ],
          "class_index": 17,
          "conditional_hand_mass": 0.009049773810439787,
          "expected_action_loss_bb": 0.0004851972710112118,
          "hand": "63o",
          "probability_on_actions_losing_over_0_1bb": 0.002176283858716488,
          "reference_expected_action_loss_bb": 0.00045534594280428984,
          "reference_probabilities": [
            0.9979576468467712,
            0.002042389940470457
          ]
        },
        {
          "action_values_bb": [
            -0.49999996965481747,
            -0.8416408732615245
          ],
          "candidate_probabilities": [
            0.9982314109802246,
            0.0017686019418761134
          ],
          "class_index": 18,
          "conditional_hand_mass": 0.009049773810439787,
          "expected_action_loss_bb": 0.0006042267655431321,
          "hand": "73o",
          "probability_on_actions_losing_over_0_1bb": 0.0017686019418761134,
          "reference_expected_action_loss_bb": 0.0005818224287935426,
          "reference_probabilities": [
            0.9982969760894775,
            0.0017030233284458518
          ]
        },
        {
          "action_values_bb": [
            -0.49999996965481747,
            -0.8811439284145006
          ],
          "candidate_probabilities": [
            0.9980817437171936,
            0.0019182388205081224
          ],
          "class_index": 19,
          "conditional_hand_mass": 0.009049773810439787,
          "expected_action_loss_bb": 0.000731125137894971,
          "hand": "83o",
          "probability_on_actions_losing_over_0_1bb": 0.0019182388205081224,
          "reference_expected_action_loss_bb": 0.0007680964721518139,
          "reference_probabilities": [
            0.997984766960144,
            0.002015239791944623
          ]
        },
        {
          "action_values_bb": [
            -0.49999996965481747,
            -0.7791651797527231
          ],
          "candidate_probabilities": [
            0.9961978197097778,
            0.003802160732448101
          ],
          "class_index": 20,
          "conditional_hand_mass": 0.009049773810439787,
          "expected_action_loss_bb": 0.0010614309996998812,
          "hand": "93o",
          "probability_on_actions_losing_over_0_1bb": 0.003802160732448101,
          "reference_expected_action_loss_bb": 0.0008282920202476628,
          "reference_probabilities": [
            0.9970329403877258,
            0.0029670316725969315
          ]
        },
        {
          "action_values_bb": [
            -0.49999996965481747,
            -0.6844215115785078
          ],
          "candidate_probabilities": [
            0.9840638637542725,
            0.015936121344566345
          ],
          "class_index": 21,
          "conditional_hand_mass": 0.009049773810439787,
          "expected_action_loss_bb": 0.0029389640706479593,
          "hand": "T3o",
          "probability_on_actions_losing_over_0_1bb": 0.015936121344566345,
          "reference_expected_action_loss_bb": 0.004654594360260313,
          "reference_probabilities": [
            0.9747610688209534,
            0.02523888647556305
          ]
        },
        {
          "action_values_bb": [
            -0.49999996965481747,
            -0.6363447892466384
          ],
          "candidate_probabilities": [
            0.6829481720924377,
            0.31705188751220703
          ],
          "class_index": 22,
          "conditional_hand_mass": 0.009049773810439787,
          "expected_action_loss_bb": 0.043228382404098174,
          "hand": "J3o",
          "probability_on_actions_losing_over_0_1bb": 0.31705188751220703,
          "reference_expected_action_loss_bb": 0.04788528593850642,
          "reference_probabilities": [
            0.6487928032875061,
            0.3512072265148163
          ]
        },
        {
          "action_values_bb": [
            -0.49999996965481747,
            -0.3919580714544082
          ],
          "candidate_probabilities": [
            0.00017421603843104094,
            0.9998257756233215
          ],
          "class_index": 23,
          "conditional_hand_mass": 0.009049773810439787,
          "expected_action_loss_bb": 0.000018822631489045114,
          "hand": "Q3o",
          "probability_on_actions_losing_over_0_1bb": 0.00017421603843104094,
          "reference_expected_action_loss_bb": 0.000018822631489045114,
          "reference_probabilities": [
            0.00017421603843104094,
            0.9998257756233215
          ]
        },
        {
          "action_values_bb": [
            -0.49999996965481747,
            -0.2117075203858936
          ],
          "candidate_probabilities": [
            0.00017421603843104094,
            0.9998257756233215
          ],
          "class_index": 24,
          "conditional_hand_mass": 0.009049773810439787,
          "expected_action_loss_bb": 0.00005022516842121376,
          "hand": "K3o",
          "probability_on_actions_losing_over_0_1bb": 0.00017421603843104094,
          "reference_expected_action_loss_bb": 0.00005022516842121376,
          "reference_probabilities": [
            0.00017421603843104094,
            0.9998257756233215
          ]
        },
        {
          "action_values_bb": [
            -0.49999996965481747,
            0.052566895196236224
          ],
          "candidate_probabilities": [
            0.00017421603843104094,
            0.9998257756233215
          ],
          "class_index": 25,
          "conditional_hand_mass": 0.009049773810439787,
          "expected_action_loss_bb": 0.00009626601016261098,
          "hand": "A3o",
          "probability_on_actions_losing_over_0_1bb": 0.00017421603843104094,
          "reference_expected_action_loss_bb": 0.00009626601016261098,
          "reference_probabilities": [
            0.00017421603843104094,
            0.9998257756233215
          ]
        },
        {
          "action_values_bb": [
            -0.49999996965481747,
            -0.6579147518856496
          ],
          "candidate_probabilities": [
            0.99759441614151,
            0.0024055582471191883
          ],
          "class_index": 26,
          "conditional_hand_mass": 0.0030165911925363843,
          "expected_action_loss_bb": 0.00037987320673740896,
          "hand": "42s",
          "probability_on_actions_losing_over_0_1bb": 0.0024055582471191883,
          "reference_expected_action_loss_bb": 0.00039752972128714273,
          "reference_probabilities": [
            0.9974826574325562,
            0.002517368644475937
          ]
        },
        {
          "action_values_bb": [
            -0.49999996965481747,
            -0.5239204397866613
          ],
          "candidate_probabilities": [
            0.3230541944503784,
            0.6769458055496216
          ],
          "class_index": 27,
          "conditional_hand_mass": 0.0030165911925363843,
          "expected_action_loss_bb": 0.016192861922526655,
          "hand": "43s",
          "probability_on_actions_losing_over_0_1bb": -0.0,
          "reference_expected_action_loss_bb": 0.018067157831204217,
          "reference_probabilities": [
            0.24469886720180511,
            0.7553011178970337
          ]
        },
        {
          "action_values_bb": [
            -0.49999996965481747,
            0.11212010866002957
          ],
          "candidate_probabilities": [
            0.00017421603843104094,
            0.9998257756233215
          ],
          "class_index": 28,
          "conditional_hand_mass": 0.0045248869052198935,
          "expected_action_loss_bb": 0.00010664113508811119,
          "hand": "44",
          "probability_on_actions_losing_over_0_1bb": 0.00017421603843104094,
          "reference_expected_action_loss_bb": 0.00010664113508811119,
          "reference_probabilities": [
            0.00017421603843104094,
            0.9998257756233215
          ]
        },
        {
          "action_values_bb": [
            -0.49999996965481747,
            -0.563404923687935
          ],
          "candidate_probabilities": [
            0.5655743479728699,
            0.4344257116317749
          ],
          "class_index": 29,
          "conditional_hand_mass": 0.009049773810439787,
          "expected_action_loss_bb": 0.02754474227681708,
          "hand": "54o",
          "probability_on_actions_losing_over_0_1bb": -0.0,
          "reference_expected_action_loss_bb": 0.002661420520786295,
          "reference_probabilities": [
            0.9580250382423401,
            0.04197496175765991
          ]
        },
        {
          "action_values_bb": [
            -0.49999996965481747,
            -0.60859867160929
          ],
          "candidate_probabilities": [
            0.9971662759780884,
            0.0028337265830487013
          ],
          "class_index": 30,
          "conditional_hand_mass": 0.009049773810439787,
          "expected_action_loss_bb": 0.00030773902861297187,
          "hand": "64o",
          "probability_on_actions_losing_over_0_1bb": 0.0028337265830487013,
          "reference_expected_action_loss_bb": 0.0008576088865923987,
          "reference_probabilities": [
            0.9921029806137085,
            0.007897045463323593
          ]
        },
        {
          "action_values_bb": [
            -0.49999996965481747,
            -0.7242237702311332
          ],
          "candidate_probabilities": [
            0.9978170990943909,
            0.0021829395554959774
          ],
          "class_index": 31,
          "conditional_hand_mass": 0.009049773810439787,
          "expected_action_loss_bb": 0.0004894670035616813,
          "hand": "74o",
          "probability_on_actions_losing_over_0_1bb": 0.0021829395554959774,
          "reference_expected_action_loss_bb": 0.0005322184288327767,
          "reference_probabilities": [
            0.9976263642311096,
            0.0023736036382615566
          ]
        },
        {
          "action_values_bb": [
            -0.49999996965481747,
            -0.72234139786904
          ],
          "candidate_probabilities": [
            0.9954459071159363,
            0.004554091487079859
          ],
          "class_index": 32,
          "conditional_hand_mass": 0.009049773810439787,
          "expected_action_loss_bb": 0.001012563205455568,
          "hand": "84o",
          "probability_on_actions_losing_over_0_1bb": 0.004554091487079859,
          "reference_expected_action_loss_bb": 0.0018193140218900937,
          "reference_probabilities": [
            0.9918174743652344,
            0.008182523772120476
          ]
        },
        {
          "action_values_bb": [
            -0.49999996965481747,
            -0.7570729765225392
          ],
          "candidate_probabilities": [
            0.9973235726356506,
            0.0026763835921883583
          ],
          "class_index": 33,
          "conditional_hand_mass": 0.009049773810439787,
          "expected_action_loss_bb": 0.0006880259775752958,
          "hand": "94o",
          "probability_on_actions_losing_over_0_1bb": 0.0026763835921883583,
          "reference_expected_action_loss_bb": 0.0007147419620367524,
          "reference_probabilities": [
            0.9972196817398071,
            0.0027803073171526194
          ]
        },
        {
          "action_values_bb": [
            -0.49999996965481747,
            -0.6931019937998724
          ],
          "candidate_probabilities": [
            0.9813904762268066,
            0.01860949955880642
          ],
          "class_index": 34,
          "conditional_hand_mass": 0.009049773810439787,
          "expected_action_loss_bb": 0.0035935320331320257,
          "hand": "T4o",
          "probability_on_actions_losing_over_0_1bb": 0.01860949955880642,
          "reference_expected_action_loss_bb": 0.001974168376097967,
          "reference_probabilities": [
            0.9897765517234802,
            0.0102234473451972
          ]
        },
        {
          "action_values_bb": [
            -0.49999996965481747,
            -0.5732093307794828
          ],
          "candidate_probabilities": [
            0.928040623664856,
            0.07195936888456345
          ],
          "class_index": 35,
          "conditional_hand_mass": 0.009049773810439787,
          "expected_action_loss_bb": 0.005268099422973009,
          "hand": "J4o",
          "probability_on_actions_losing_over_0_1bb": -0.0,
          "reference_expected_action_loss_bb": 0.038648878488252256,
          "reference_probabilities": [
            0.4720773994922638,
            0.5279226303100586
          ]
        },
        {
          "action_values_bb": [
            -0.49999996965481747,
            -0.4047511452271883
          ],
          "candidate_probabilities": [
            0.00017421603843104094,
            0.9998257756233215
          ],
          "class_index": 36,
          "conditional_hand_mass": 0.009049773810439787,
          "expected_action_loss_bb": 0.000016593872856995312,
          "hand": "Q4o",
          "probability_on_actions_losing_over_0_1bb": -0.0,
          "reference_expected_action_loss_bb": 0.000016593872856995312,
          "reference_probabilities": [
            0.00017421603843104094,
            0.9998257756233215
          ]
        },
        {
          "action_values_bb": [
            -0.49999996965481747,
            -0.11855036663049522
          ],
          "candidate_probabilities": [
            0.00017421603843104094,
            0.9998257756233215
          ],
          "class_index": 37,
          "conditional_hand_mass": 0.009049773810439787,
          "expected_action_loss_bb": 0.00006645463869999064,
          "hand": "K4o",
          "probability_on_actions_losing_over_0_1bb": 0.00017421603843104094,
          "reference_expected_action_loss_bb": 0.00006645463869999064,
          "reference_probabilities": [
            0.00017421603843104094,
            0.9998257756233215
          ]
        },
        {
          "action_values_bb": [
            -0.49999996965481747,
            0.05108782927557553
          ],
          "candidate_probabilities": [
            0.00017421603843104094,
            0.9998257756233215
          ],
          "class_index": 38,
          "conditional_hand_mass": 0.009049773810439787,
          "expected_action_loss_bb": 0.0000960083331573351,
          "hand": "A4o",
          "probability_on_actions_losing_over_0_1bb": 0.00017421603843104094,
          "reference_expected_action_loss_bb": 0.0000960083331573351,
          "reference_probabilities": [
            0.00017421603843104094,
            0.9998257756233215
          ]
        },
        {
          "action_values_bb": [
            -0.49999996965481747,
            -0.5491296394749555
          ],
          "candidate_probabilities": [
            0.6234385371208191,
            0.3765614330768585
          ],
          "class_index": 39,
          "conditional_hand_mass": 0.0030165911925363843,
          "expected_action_loss_bb": 0.018500338874064073,
          "hand": "52s",
          "probability_on_actions_losing_over_0_1bb": -0.0,
          "reference_expected_action_loss_bb": 0.01889443416584099,
          "reference_probabilities": [
            0.6154170036315918,
            0.3845829665660858
          ]
        },
        {
          "action_values_bb": [
            -0.49999996965481747,
            -0.5292451089634814
          ],
          "candidate_probabilities": [
            0.15370707213878632,
            0.8462929129600525
          ],
          "class_index": 40,
          "conditional_hand_mass": 0.0030165911925363843,
          "expected_action_loss_bb": 0.02474995413545176,
          "hand": "53s",
          "probability_on_actions_losing_over_0_1bb": -0.0,
          "reference_expected_action_loss_bb": 0.02128835352072398,
          "reference_probabilities": [
            0.27207207679748535,
            0.7279279232025146
          ]
        },
        {
          "action_values_bb": [
            -0.49999996965481747,
            -0.3602497529902143
          ],
          "candidate_probabilities": [
            0.00017421608208678663,
            0.9998257756233215
          ],
          "class_index": 41,
          "conditional_hand_mass": 0.0030165911925363843,
          "expected_action_loss_bb": 0.000024346735218086726,
          "hand": "54s",
          "probability_on_actions_losing_over_0_1bb": 0.00017421608208678663,
          "reference_expected_action_loss_bb": 0.000024346735218086726,
          "reference_probabilities": [
            0.00017421608208678663,
            0.9998257756233215
          ]
        },
        {
          "action_values_bb": [
            -0.49999996965481747,
            0.3038497112352431
          ],
          "candidate_probabilities": [
            0.00017421603843104094,
            0.9998257756233215
          ],
          "class_index": 42,
          "conditional_hand_mass": 0.0045248869052198935,
          "expected_action_loss_bb": 0.0001400435068987228,
          "hand": "55",
          "probability_on_actions_losing_over_0_1bb": 0.00017421603843104094,
          "reference_expected_action_loss_bb": 0.0001400435068987228,
          "reference_probabilities": [
            0.00017421603843104094,
            0.9998257756233215
          ]
        },
        {
          "action_values_bb": [
            -0.49999996965481747,
            -0.5519988978629708
          ],
          "candidate_probabilities": [
            0.9563330411911011,
            0.04366697743535042
          ],
          "class_index": 43,
          "conditional_hand_mass": 0.009049773810439787,
          "expected_action_loss_bb": 0.00227063602472784,
          "hand": "65o",
          "probability_on_actions_losing_over_0_1bb": -0.0,
          "reference_expected_action_loss_bb": 0.022989855283936537,
          "reference_probabilities": [
            0.5578782558441162,
            0.4421217143535614
          ]
        },
        {
          "action_values_bb": [
            -0.49999996965481747,
            -0.6292006836162718
          ],
          "candidate_probabilities": [
            0.9818094968795776,
            0.018190545961260796
          ],
          "class_index": 44,
          "conditional_hand_mass": 0.009049773810439787,
          "expected_action_loss_bb": 0.0023502315255435444,
          "hand": "75o",
          "probability_on_actions_losing_over_0_1bb": 0.018190545961260796,
          "reference_expected_action_loss_bb": 0.0016916143949755513,
          "reference_probabilities": [
            0.9869070649147034,
            0.013092918321490288
          ]
        },
        {
          "action_values_bb": [
            -0.49999996965481747,
            -0.6591586616075178
          ],
          "candidate_probabilities": [
            0.9809437394142151,
            0.019056273624300957
          ],
          "class_index": 45,
          "conditional_hand_mass": 0.009049773810439787,
          "expected_action_loss_bb": 0.003032971583536484,
          "hand": "85o",
          "probability_on_actions_losing_over_0_1bb": 0.019056273624300957,
          "reference_expected_action_loss_bb": 0.0060069306027638325,
          "reference_probabilities": [
            0.9622582197189331,
            0.037741769105196
          ]
        },
        {
          "action_values_bb": [
            -0.49999996965481747,
            -0.5860539610173647
          ],
          "candidate_probabilities": [
            0.9507780075073242,
            0.049222011119127274
          ],
          "class_index": 46,
          "conditional_hand_mass": 0.009049773810439787,
          "expected_action_loss_bb": 0.004235750519692584,
          "hand": "95o",
          "probability_on_actions_losing_over_0_1bb": -0.0,
          "reference_expected_action_loss_bb": 0.00793188939700602,
          "reference_probabilities": [
            0.9078266024589539,
            0.09217340499162674
          ]
        },
        {
          "action_values_bb": [
            -0.49999996965481747,
            -0.5881693843812131
          ],
          "candidate_probabilities": [
            0.46631550788879395,
            0.5336845517158508
          ],
          "class_index": 47,
          "conditional_hand_mass": 0.009049773810439787,
          "expected_action_loss_bb": 0.04705465457330541,
          "hand": "T5o",
          "probability_on_actions_losing_over_0_1bb": -0.0,
          "reference_expected_action_loss_bb": 0.03321920058817794,
          "reference_probabilities": [
            0.6232343912124634,
            0.37676557898521423
          ]
        },
        {
          "action_values_bb": [
            -0.49999996965481747,
            -0.5243727043869424
          ],
          "candidate_probabilities": [
            0.5833585858345032,
            0.4166414439678192
          ],
          "class_index": 48,
          "conditional_hand_mass": 0.009049773810439787,
          "expected_action_loss_bb": 0.010154691392237148,
          "hand": "J5o",
          "probability_on_actions_losing_over_0_1bb": -0.0,
          "reference_expected_action_loss_bb": 0.019714354031797453,
          "reference_probabilities": [
            0.19113078713417053,
            0.8088691830635071
          ]
        },
        {
          "action_values_bb": [
            -0.49999996965481747,
            -0.2677755706715025
          ],
          "candidate_probabilities": [
            0.00017421603843104094,
            0.9998257756233215
          ],
          "class_index": 49,
          "conditional_hand_mass": 0.009049773810439787,
          "expected_action_loss_bb": 0.00004045721481790259,
          "hand": "Q5o",
          "probability_on_actions_losing_over_0_1bb": 0.00017421603843104094,
          "reference_expected_action_loss_bb": 0.00004045721481790259,
          "reference_probabilities": [
            0.00017421603843104094,
            0.9998257756233215
          ]
        },
        {
          "action_values_bb": [
            -0.49999996965481747,
            -0.08824558872081704
          ],
          "candidate_probabilities": [
            0.00017421603843104094,
            0.9998257756233215
          ],
          "class_index": 50,
          "conditional_hand_mass": 0.009049773810439787,
          "expected_action_loss_bb": 0.00007173421705294729,
          "hand": "K5o",
          "probability_on_actions_losing_over_0_1bb": 0.00017421603843104094,
          "reference_expected_action_loss_bb": 0.00007173421705294729,
          "reference_probabilities": [
            0.00017421603843104094,
            0.9998257756233215
          ]
        },
        {
          "action_values_bb": [
            -0.49999996965481747,
            0.12162459914013891
          ],
          "candidate_probabilities": [
            0.00017421603843104094,
            0.9998257756233215
          ],
          "class_index": 51,
          "conditional_hand_mass": 0.009049773810439787,
          "expected_action_loss_bb": 0.00010829696976686139,
          "hand": "A5o",
          "probability_on_actions_losing_over_0_1bb": 0.00017421603843104094,
          "reference_expected_action_loss_bb": 0.00010829696976686139,
          "reference_probabilities": [
            0.00017421603843104094,
            0.9998257756233215
          ]
        },
        {
          "action_values_bb": [
            -0.49999996965481747,
            -0.7217540972065439
          ],
          "candidate_probabilities": [
            0.9976403713226318,
            0.002359663136303425
          ],
          "class_index": 52,
          "conditional_hand_mass": 0.0030165911925363843,
          "expected_action_loss_bb": 0.0005232650401069366,
          "hand": "62s",
          "probability_on_actions_losing_over_0_1bb": 0.002359663136303425,
          "reference_expected_action_loss_bb": 0.00046469388198871846,
          "reference_probabilities": [
            0.9979044795036316,
            0.0020955365616828203
          ]
        },
        {
          "action_values_bb": [
            -0.49999996965481747,
            -0.5679555479490298
          ],
          "candidate_probabilities": [
            0.42884188890457153,
            0.5711580514907837
          ],
          "class_index": 53,
          "conditional_hand_mass": 0.0030165911925363843,
          "expected_action_loss_bb": 0.03881337568645171,
          "hand": "63s",
          "probability_on_actions_losing_over_0_1bb": -0.0,
          "reference_expected_action_loss_bb": 0.037033676960126126,
          "reference_probabilities": [
            0.45503106713294983,
            0.5449689030647278
          ]
        },
        {
          "action_values_bb": [
            -0.49999996965481747,
            -0.46453431069097195
          ],
          "candidate_probabilities": [
            0.00017421608208678663,
            0.9998257756233215
          ],
          "class_index": 54,
          "conditional_hand_mass": 0.0030165911925363843,
          "expected_action_loss_bb": 6.17868815330729e-6,
          "hand": "64s",
          "probability_on_actions_losing_over_0_1bb": -0.0,
          "reference_expected_action_loss_bb": 6.17868815330729e-6,
          "reference_probabilities": [
            0.00017421608208678663,
            0.9998257756233215
          ]
        },
        {
          "action_values_bb": [
            -0.49999996965481747,
            -0.37704268596134755
          ],
          "candidate_probabilities": [
            0.00017421608208678663,
            0.9998257756233215
          ],
          "class_index": 55,
          "conditional_hand_mass": 0.0030165911925363843,
          "expected_action_loss_bb": 0.000021421136229109865,
          "hand": "65s",
          "probability_on_actions_losing_over_0_1bb": 0.00017421608208678663,
          "reference_expected_action_loss_bb": 0.000021421136229109865,
          "reference_probabilities": [
            0.00017421608208678663,
            0.9998257756233215
          ]
        },
        {
          "action_values_bb": [
            -0.49999996965481747,
            0.42140112204346886
          ],
          "candidate_probabilities": [
            0.00017421603843104094,
            0.9998257756233215
          ],
          "class_index": 56,
          "conditional_hand_mass": 0.0045248869052198935,
          "expected_action_loss_bb": 0.00016052284800171173,
          "hand": "66",
          "probability_on_actions_losing_over_0_1bb": 0.00017421603843104094,
          "reference_expected_action_loss_bb": 0.00016052284800171173,
          "reference_probabilities": [
            0.00017421603843104094,
            0.9998257756233215
          ]
        },
        {
          "action_values_bb": [
            -0.49999996965481747,
            -0.48220868017876956
          ],
          "candidate_probabilities": [
            0.00017421603843104094,
            0.9998257756233215
          ],
          "class_index": 57,
          "conditional_hand_mass": 0.009049773810439787,
          "expected_action_loss_bb": 3.099527971096937e-6,
          "hand": "76o",
          "probability_on_actions_losing_over_0_1bb": -0.0,
          "reference_expected_action_loss_bb": 6.711349046315944e-6,
          "reference_probabilities": [
            0.0003772266791202128,
            0.9996227622032166
          ]
        },
        {
          "action_values_bb": [
            -0.49999996965481747,
            -0.577729002954407
          ],
          "candidate_probabilities": [
            0.6285085678100586,
            0.3714914321899414
          ],
          "class_index": 58,
          "conditional_hand_mass": 0.009049773810439787,
          "expected_action_loss_bb": 0.02887566990320416,
          "hand": "86o",
          "probability_on_actions_losing_over_0_1bb": -0.0,
          "reference_expected_action_loss_bb": 0.04860972259190631,
          "reference_probabilities": [
            0.37462595105171204,
            0.6253740787506104
          ]
        },
        {
          "action_values_bb": [
            -0.49999996965481747,
            -0.5205906629087192
          ],
          "candidate_probabilities": [
            0.34257379174232483,
            0.6574261784553528
          ],
          "class_index": 59,
          "conditional_hand_mass": 0.009049773810439787,
          "expected_action_loss_bb": 0.013536860777659062,
          "hand": "96o",
          "probability_on_actions_losing_over_0_1bb": -0.0,
          "reference_expected_action_loss_bb": 0.014461276131539667,
          "reference_probabilities": [
            0.29767903685569763,
            0.7023209929466248
          ]
        },
        {
          "action_values_bb": [
            -0.49999996965481747,
            -0.5588263211685566
          ],
          "candidate_probabilities": [
            0.4997521936893463,
            0.5002478361129761
          ],
          "class_index": 60,
          "conditional_hand_mass": 0.009049773810439787,
          "expected_action_loss_bb": 0.02942775505116928,
          "hand": "T6o",
          "probability_on_actions_losing_over_0_1bb": -0.0,
          "reference_expected_action_loss_bb": 0.03515256846516768,
          "reference_probabilities": [
            0.4024350047111511,
            0.5975649952888489
          ]
        },
        {
          "action_values_bb": [
            -0.49999996965481747,
            -0.5253922418292561
          ],
          "candidate_probabilities": [
            0.3631828725337982,
            0.6368170976638794
          ],
          "class_index": 61,
          "conditional_hand_mass": 0.009049773810439787,
          "expected_action_loss_bb": 0.016170233069217322,
          "hand": "J6o",
          "probability_on_actions_losing_over_0_1bb": -0.0,
          "reference_expected_action_loss_bb": 0.020814057677170972,
          "reference_probabilities": [
            0.1802995204925537,
            0.8197004795074463
          ]
        },
        {
          "action_values_bb": [
            -0.49999996965481747,
            -0.2589896085956978
          ],
          "candidate_probabilities": [
            0.00017421603843104094,
            0.9998257756233215
          ],
          "class_index": 62,
          "conditional_hand_mass": 0.009049773810439787,
          "expected_action_loss_bb": 0.00004198787032455464,
          "hand": "Q6o",
          "probability_on_actions_losing_over_0_1bb": 0.00017421603843104094,
          "reference_expected_action_loss_bb": 0.00004198787032455464,
          "reference_probabilities": [
            0.00017421603843104094,
            0.9998257756233215
          ]
        },
        {
          "action_values_bb": [
            -0.49999996965481747,
            -0.04614799391032877
          ],
          "candidate_probabilities": [
            0.00017421603843104094,
            0.9998257756233215
          ],
          "class_index": 63,
          "conditional_hand_mass": 0.009049773810439787,
          "expected_action_loss_bb": 0.00007906829324830571,
          "hand": "K6o",
          "probability_on_actions_losing_over_0_1bb": 0.00017421603843104094,
          "reference_expected_action_loss_bb": 0.00007906829324830571,
          "reference_probabilities": [
            0.00017421603843104094,
            0.9998257756233215
          ]
        },
        {
          "action_values_bb": [
            -0.49999996965481747,
            0.1277424913880372
          ],
          "candidate_probabilities": [
            0.00017421603843104094,
            0.9998257756233215
          ],
          "class_index": 64,
          "conditional_hand_mass": 0.009049773810439787,
          "expected_action_loss_bb": 0.0001093628047178382,
          "hand": "A6o",
          "probability_on_actions_losing_over_0_1bb": 0.00017421603843104094,
          "reference_expected_action_loss_bb": 0.0001093628047178382,
          "reference_probabilities": [
            0.00017421603843104094,
            0.9998257756233215
          ]
        },
        {
          "action_values_bb": [
            -0.49999996965481747,
            -0.7246356757386624
          ],
          "candidate_probabilities": [
            0.9974252581596375,
            0.002574748359620571
          ],
          "class_index": 65,
          "conditional_hand_mass": 0.0030165911925363843,
          "expected_action_loss_bb": 0.0005783804157515885,
          "hand": "72s",
          "probability_on_actions_losing_over_0_1bb": 0.002574748359620571,
          "reference_expected_action_loss_bb": 0.0005678271643595975,
          "reference_probabilities": [
            0.9974722266197205,
            0.0025277689564973116
          ]
        },
        {
          "action_values_bb": [
            -0.49999996965481747,
            -0.5963275046306749
          ],
          "candidate_probabilities": [
            0.0850311890244484,
            0.9149687886238098
          ],
          "class_index": 66,
          "conditional_hand_mass": 0.0030165911925363843,
          "expected_action_loss_bb": 0.0881366879879779,
          "hand": "73s",
          "probability_on_actions_losing_over_0_1bb": -0.0,
          "reference_expected_action_loss_bb": 0.037930346021498584,
          "reference_probabilities": [
            0.606235682964325,
            0.39376431703567505
          ]
        },
        {
          "action_values_bb": [
            -0.49999996965481747,
            -0.5781986249990897
          ],
          "candidate_probabilities": [
            0.9848454594612122,
            0.015154588036239147
          ],
          "class_index": 67,
          "conditional_hand_mass": 0.0030165911925363843,
          "expected_action_loss_bb": 0.0011850684067302964,
          "hand": "74s",
          "probability_on_actions_losing_over_0_1bb": -0.0,
          "reference_expected_action_loss_bb": 0.031628944614275865,
          "reference_probabilities": [
            0.5955308079719543,
            0.40446916222572327
          ]
        },
        {
          "action_values_bb": [
            -0.49999996965481747,
            -0.4718342084883972
          ],
          "candidate_probabilities": [
            0.39412736892700195,
            0.6058726906776428
          ],
          "class_index": 68,
          "conditional_hand_mass": 0.0030165911925363843,
          "expected_action_loss_bb": 0.01110089734234755,
          "hand": "75s",
          "probability_on_actions_losing_over_0_1bb": -0.0,
          "reference_expected_action_loss_bb": 0.000182879076326938,
          "reference_probabilities": [
            0.006492957007139921,
            0.9935070276260376
          ]
        },
        {
          "action_values_bb": [
            -0.49999996965481747,
            -0.30830286677008306
          ],
          "candidate_probabilities": [
            0.00017421608208678663,
            0.9998257756233215
          ],
          "class_index": 69,
          "conditional_hand_mass": 0.0030165911925363843,
          "expected_action_loss_bb": 0.00003339671821196607,
          "hand": "76s",
          "probability_on_actions_losing_over_0_1bb": 0.00017421608208678663,
          "reference_expected_action_loss_bb": 0.00003339671821196607,
          "reference_probabilities": [
            0.00017421608208678663,
            0.9998257756233215
          ]
        },
        {
          "action_values_bb": [
            -0.49999996965481747,
            0.44384326591847584
          ],
          "candidate_probabilities": [
            0.00017421603843104094,
            0.9998257756233215
          ],
          "class_index": 70,
          "conditional_hand_mass": 0.0045248869052198935,
          "expected_action_loss_bb": 0.0001644326294015149,
          "hand": "77",
          "probability_on_actions_losing_over_0_1bb": 0.00017421603843104094,
          "reference_expected_action_loss_bb": 0.0001644326294015149,
          "reference_probabilities": [
            0.00017421603843104094,
            0.9998257756233215
          ]
        },
        {
          "action_values_bb": [
            -0.49999996965481747,
            -0.5300794194116919
          ],
          "candidate_probabilities": [
            0.23856064677238464,
            0.761439323425293
          ],
          "class_index": 71,
          "conditional_hand_mass": 0.009049773810439787,
          "expected_action_loss_bb": 0.02290367587187956,
          "hand": "87o",
          "probability_on_actions_losing_over_0_1bb": -0.0,
          "reference_expected_action_loss_bb": 0.023814667889361096,
          "reference_probabilities": [
            0.2082744836807251,
            0.7917255163192749
          ]
        },
        {
          "action_values_bb": [
            -0.49999996965481747,
            -0.5341405758787358
          ],
          "candidate_probabilities": [
            0.34734129905700684,
            0.6526587009429932
          ],
          "class_index": 72,
          "conditional_hand_mass": 0.009049773810439787,
          "expected_action_loss_bb": 0.022282163707508778,
          "hand": "97o",
          "probability_on_actions_losing_over_0_1bb": -0.0,
          "reference_expected_action_loss_bb": 0.023890685077854648,
          "reference_probabilities": [
            0.30022671818733215,
            0.6997733116149902
          ]
        },
        {
          "action_values_bb": [
            -0.49999996965481747,
            -0.5181550978692827
          ],
          "candidate_probabilities": [
            0.35443389415740967,
            0.6455661058425903
          ],
          "class_index": 73,
          "conditional_hand_mass": 0.009049773810439787,
          "expected_action_loss_bb": 0.011720335422485267,
          "hand": "T7o",
          "probability_on_actions_losing_over_0_1bb": -0.0,
          "reference_expected_action_loss_bb": 0.015293473388440126,
          "reference_probabilities": [
            0.15762242674827576,
            0.8423776030540466
          ]
        },
        {
          "action_values_bb": [
            -0.49999996965481747,
            -0.4743101629657682
          ],
          "candidate_probabilities": [
            0.14341172575950623,
            0.8565883040428162
          ],
          "class_index": 74,
          "conditional_hand_mass": 0.009049773810439787,
          "expected_action_loss_bb": 0.003684219511704659,
          "hand": "J7o",
          "probability_on_actions_losing_over_0_1bb": -0.0,
          "reference_expected_action_loss_bb": 0.0001606950616523146,
          "reference_probabilities": [
            0.006255207117646933,
            0.9937447905540466
          ]
        },
        {
          "action_values_bb": [
            -0.49999996965481747,
            -0.29047592170457387
          ],
          "candidate_probabilities": [
            0.00017421603843104094,
            0.9998257756233215
          ],
          "class_index": 75,
          "conditional_hand_mass": 0.009049773810439787,
          "expected_action_loss_bb": 0.0000365024495899269,
          "hand": "Q7o",
          "probability_on_actions_losing_over_0_1bb": 0.00017421603843104094,
          "reference_expected_action_loss_bb": 0.0000365024495899269,
          "reference_probabilities": [
            0.00017421603843104094,
            0.9998257756233215
          ]
        },
        {
          "action_values_bb": [
            -0.49999996965481747,
            -0.02211594643893214
          ],
          "candidate_probabilities": [
            0.00017421603843104094,
            0.9998257756233215
          ],
          "class_index": 76,
          "conditional_hand_mass": 0.009049773810439787,
          "expected_action_loss_bb": 0.00008325506135415914,
          "hand": "K7o",
          "probability_on_actions_losing_over_0_1bb": 0.00017421603843104094,
          "reference_expected_action_loss_bb": 0.00008325506135415914,
          "reference_probabilities": [
            0.00017421603843104094,
            0.9998257756233215
          ]
        },
        {
          "action_values_bb": [
            -0.49999996965481747,
            0.0806419280600689
          ],
          "candidate_probabilities": [
            0.00017421603843104094,
            0.9998257756233215
          ],
          "class_index": 77,
          "conditional_hand_mass": 0.009049773810439787,
          "expected_action_loss_bb": 0.0001011571311669692,
          "hand": "A7o",
          "probability_on_actions_losing_over_0_1bb": 0.00017421603843104094,
          "reference_expected_action_loss_bb": 0.0001011571311669692,
          "reference_probabilities": [
            0.00017421603843104094,
            0.9998257756233215
          ]
        },
        {
          "action_values_bb": [
            -0.49999996965481747,
            -0.6456631272045775
          ],
          "candidate_probabilities": [
            0.8095476627349854,
            0.19045235216617584
          ],
          "class_index": 78,
          "conditional_hand_mass": 0.0030165911925363843,
          "expected_action_loss_bb": 0.02774189097930406,
          "hand": "82s",
          "probability_on_actions_losing_over_0_1bb": 0.19045235216617584,
          "reference_expected_action_loss_bb": 0.012969059094658373,
          "reference_probabilities": [
            0.9109653830528259,
            0.08903458714485168
          ]
        },
        {
          "action_values_bb": [
            -0.49999996965481747,
            -0.6520827112570917
          ],
          "candidate_probabilities": [
            0.7662195563316345,
            0.23378047347068787
          ],
          "class_index": 79,
          "conditional_hand_mass": 0.0030165911925363843,
          "expected_action_loss_bb": 0.03555397533849995,
          "hand": "83s",
          "probability_on_actions_losing_over_0_1bb": 0.23378047347068787,
          "reference_expected_action_loss_bb": 0.030139087686211593,
          "reference_probabilities": [
            0.8018244504928589,
            0.1981755942106247
          ]
        },
        {
          "action_values_bb": [
            -0.49999996965481747,
            -0.5343247711366335
          ],
          "candidate_probabilities": [
            0.45679137110710144,
            0.543208658695221
          ],
          "class_index": 80,
          "conditional_hand_mass": 0.0030165911925363843,
          "expected_action_loss_bb": 0.018645529372916997,
          "hand": "84s",
          "probability_on_actions_losing_over_0_1bb": -0.0,
          "reference_expected_action_loss_bb": 0.025598091359863906,
          "reference_probabilities": [
            0.2542392313480377,
            0.7457607984542847
          ]
        },
        {
          "action_values_bb": [
            -0.49999996965481747,
            -0.42955217186540334
          ],
          "candidate_probabilities": [
            0.010817956179380417,
            0.9891820549964905
          ],
          "class_index": 81,
          "conditional_hand_mass": 0.0030165911925363843,
          "expected_action_loss_bb": 0.0007621011894197346,
          "hand": "85s",
          "probability_on_actions_losing_over_0_1bb": -0.0,
          "reference_expected_action_loss_bb": 0.000012273139322513916,
          "reference_probabilities": [
            0.00017421608208678663,
            0.9998257756233215
          ]
        },
        {
          "action_values_bb": [
            -0.49999996965481747,
            -0.4325734292726624
          ],
          "candidate_probabilities": [
            0.00017421608208678663,
            0.9998257756233215
          ],
          "class_index": 82,
          "conditional_hand_mass": 0.0030165911925363843,
          "expected_action_loss_bb": 0.00001174678769404556,
          "hand": "86s",
          "probability_on_actions_losing_over_0_1bb": -0.0,
          "reference_expected_action_loss_bb": 0.00005971020803165906,
          "reference_probabilities": [
            0.0008855594205670059,
            0.9991143941879272
          ]
        },
        {
          "action_values_bb": [
            -0.49999996965481747,
            -0.34137183287330036
          ],
          "candidate_probabilities": [
            0.00017421608208678663,
            0.9998257756233215
          ],
          "class_index": 83,
          "conditional_hand_mass": 0.0030165911925363843,
          "expected_action_loss_bb": 0.000027635572498802802,
          "hand": "87s",
          "probability_on_actions_losing_over_0_1bb": 0.00017421608208678663,
          "reference_expected_action_loss_bb": 0.000027635572498802802,
          "reference_probabilities": [
            0.00017421608208678663,
            0.9998257756233215
          ]
        },
        {
          "action_values_bb": [
            -0.49999996965481747,
            0.7036555020671138
          ],
          "candidate_probabilities": [
            0.00017421603843104094,
            0.9998257756233215
          ],
          "class_index": 84,
          "conditional_hand_mass": 0.0045248869052198935,
          "expected_action_loss_bb": 0.00020969608791924067,
          "hand": "88",
          "probability_on_actions_losing_over_0_1bb": 0.00017421603843104094,
          "reference_expected_action_loss_bb": 0.00020969608791924067,
          "reference_probabilities": [
            0.00017421603843104094,
            0.9998257756233215
          ]
        },
        {
          "action_values_bb": [
            -0.49999996965481747,
            -0.4668535323006261
          ],
          "candidate_probabilities": [
            0.19265876710414886,
            0.8073412775993347
          ],
          "class_index": 85,
          "conditional_hand_mass": 0.009049773810439787,
          "expected_action_loss_bb": 0.006385951754553415,
          "hand": "98o",
          "probability_on_actions_losing_over_0_1bb": -0.0,
          "reference_expected_action_loss_bb": 0.00035932718798713725,
          "reference_probabilities": [
            0.010840597562491894,
            0.989159345626831
          ]
        },
        {
          "action_values_bb": [
            -0.49999996965481747,
            -0.40544416850558473
          ],
          "candidate_probabilities": [
            0.00017421603843104094,
            0.9998257756233215
          ],
          "class_index": 86,
          "conditional_hand_mass": 0.009049773810439787,
          "expected_action_loss_bb": 0.000016473137086892595,
          "hand": "T8o",
          "probability_on_actions_losing_over_0_1bb": -0.0,
          "reference_expected_action_loss_bb": 0.000016473137086892595,
          "reference_probabilities": [
            0.00017421603843104094,
            0.9998257756233215
          ]
        },
        {
          "action_values_bb": [
            -0.49999996965481747,
            -0.2693373158350873
          ],
          "candidate_probabilities": [
            0.00017421603843104094,
            0.9998257756233215
          ],
          "class_index": 87,
          "conditional_hand_mass": 0.009049773810439787,
          "expected_action_loss_bb": 0.000040185133762464005,
          "hand": "J8o",
          "probability_on_actions_losing_over_0_1bb": 0.00017421603843104094,
          "reference_expected_action_loss_bb": 0.000040185133762464005,
          "reference_probabilities": [
            0.00017421603843104094,
            0.9998257756233215
          ]
        },
        {
          "action_values_bb": [
            -0.49999996965481747,
            -0.09367779363819317
          ],
          "candidate_probabilities": [
            0.00017421603843104094,
            0.9998257756233215
          ],
          "class_index": 88,
          "conditional_hand_mass": 0.009049773810439787,
          "expected_action_loss_bb": 0.0000707878398322964,
          "hand": "Q8o",
          "probability_on_actions_losing_over_0_1bb": 0.00017421603843104094,
          "reference_expected_action_loss_bb": 0.0000707878398322964,
          "reference_probabilities": [
            0.00017421603843104094,
            0.9998257756233215
          ]
        },
        {
          "action_values_bb": [
            -0.49999996965481747,
            0.19510036062214908
          ],
          "candidate_probabilities": [
            0.00017421603843104094,
            0.9998257756233215
          ],
          "class_index": 89,
          "conditional_hand_mass": 0.009049773810439787,
          "expected_action_loss_bb": 0.00012109762585296125,
          "hand": "K8o",
          "probability_on_actions_losing_over_0_1bb": 0.00017421603843104094,
          "reference_expected_action_loss_bb": 0.00012109762585296125,
          "reference_probabilities": [
            0.00017421603843104094,
            0.9998257756233215
          ]
        },
        {
          "action_values_bb": [
            -0.49999996965481747,
            0.26858684912618014
          ],
          "candidate_probabilities": [
            0.00017421603843104094,
            0.9998257756233215
          ],
          "class_index": 90,
          "conditional_hand_mass": 0.009049773810439787,
          "expected_action_loss_bb": 0.0001339001507583418,
          "hand": "A8o",
          "probability_on_actions_losing_over_0_1bb": 0.00017421603843104094,
          "reference_expected_action_loss_bb": 0.0001339001507583418,
          "reference_probabilities": [
            0.00017421603843104094,
            0.9998257756233215
          ]
        },
        {
          "action_values_bb": [
            -0.49999996965481747,
            -0.5942978974429936
          ],
          "candidate_probabilities": [
            0.9239545464515686,
            0.07604551315307617
          ],
          "class_index": 91,
          "conditional_hand_mass": 0.0030165911925363843,
          "expected_action_loss_bb": 0.0071709343079235715,
          "hand": "92s",
          "probability_on_actions_losing_over_0_1bb": -0.0,
          "reference_expected_action_loss_bb": 0.012146333729672783,
          "reference_probabilities": [
            0.8711919188499451,
            0.12880806624889374
          ]
        },
        {
          "action_values_bb": [
            -0.49999996965481747,
            -0.46085140692404236
          ],
          "candidate_probabilities": [
            0.0020421987865120173,
            0.9979578256607056
          ],
          "class_index": 92,
          "conditional_hand_mass": 0.0030165911925363843,
          "expected_action_loss_bb": 0.0000799491473024785,
          "hand": "93s",
          "probability_on_actions_losing_over_0_1bb": -0.0,
          "reference_expected_action_loss_bb": 0.00016453922570754974,
          "reference_probabilities": [
            0.004202944226562977,
            0.9957970380783081
          ]
        },
        {
          "action_values_bb": [
            -0.49999996965481747,
            -0.5183272764349023
          ],
          "candidate_probabilities": [
            0.8102031946182251,
            0.18979685008525848
          ],
          "class_index": 93,
          "conditional_hand_mass": 0.0030165911925363843,
          "expected_action_loss_bb": 0.0034784650974062996,
          "hand": "94s",
          "probability_on_actions_losing_over_0_1bb": -0.0,
          "reference_expected_action_loss_bb": 0.013254246421700798,
          "reference_probabilities": [
            0.2768033444881439,
            0.7231966257095337
          ]
        },
        {
          "action_values_bb": [
            -0.49999996965481747,
            -0.3957724608971978
          ],
          "candidate_probabilities": [
            0.00017421608208678663,
            0.9998257756233215
          ],
          "class_index": 94,
          "conditional_hand_mass": 0.0030165911925363843,
          "expected_action_loss_bb": 0.00001815810822141874,
          "hand": "95s",
          "probability_on_actions_losing_over_0_1bb": 0.00017421608208678663,
          "reference_expected_action_loss_bb": 0.00001815810822141874,
          "reference_probabilities": [
            0.00017421608208678663,
            0.9998257756233215
          ]
        },
        {
          "action_values_bb": [
            -0.49999996965481747,
            -0.3615381790948396
          ],
          "candidate_probabilities": [
            0.00017421608208678663,
            0.9998257756233215
          ],
          "class_index": 95,
          "conditional_hand_mass": 0.0030165911925363843,
          "expected_action_loss_bb": 0.000024122270670080564,
          "hand": "96s",
          "probability_on_actions_losing_over_0_1bb": 0.00017421608208678663,
          "reference_expected_action_loss_bb": 0.000024122270670080564,
          "reference_probabilities": [
            0.00017421608208678663,
            0.9998257756233215
          ]
        },
        {
          "action_values_bb": [
            -0.49999996965481747,
            -0.3557921063683614
          ],
          "candidate_probabilities": [
            0.00017421608208678663,
            0.9998257756233215
          ],
          "class_index": 96,
          "conditional_hand_mass": 0.0030165911925363843,
          "expected_action_loss_bb": 0.000025123328947873335,
          "hand": "97s",
          "probability_on_actions_losing_over_0_1bb": 0.00017421608208678663,
          "reference_expected_action_loss_bb": 0.000025123328947873335,
          "reference_probabilities": [
            0.00017421608208678663,
            0.9998257756233215
          ]
        },
        {
          "action_values_bb": [
            -0.49999996965481747,
            -0.21775768218640681
          ],
          "candidate_probabilities": [
            0.00017421608208678663,
            0.9998257756233215
          ],
          "class_index": 97,
          "conditional_hand_mass": 0.0030165911925363843,
          "expected_action_loss_bb": 0.00004917114552195905,
          "hand": "98s",
          "probability_on_actions_losing_over_0_1bb": 0.00017421608208678663,
          "reference_expected_action_loss_bb": 0.00004917114552195905,
          "reference_probabilities": [
            0.00017421608208678663,
            0.9998257756233215
          ]
        },
        {
          "action_values_bb": [
            -0.49999996965481747,
            0.9873938828967268
          ],
          "candidate_probabilities": [
            0.00017421603843104094,
            0.9998257756233215
          ],
          "class_index": 98,
          "conditional_hand_mass": 0.0045248869052198935,
          "expected_action_loss_bb": 0.0002591278645782139,
          "hand": "99",
          "probability_on_actions_losing_over_0_1bb": 0.00017421603843104094,
          "reference_expected_action_loss_bb": 0.0002591278645782139,
          "reference_probabilities": [
            0.00017421603843104094,
            0.9998257756233215
          ]
        },
        {
          "action_values_bb": [
            -0.49999996965481747,
            -0.16606087061542457
          ],
          "candidate_probabilities": [
            0.00017421603843104094,
            0.9998257756233215
          ],
          "class_index": 99,
          "conditional_hand_mass": 0.009049773810439787,
          "expected_action_loss_bb": 0.00005817754691187406,
          "hand": "T9o",
          "probability_on_actions_losing_over_0_1bb": 0.00017421603843104094,
          "reference_expected_action_loss_bb": 0.00005817754691187406,
          "reference_probabilities": [
            0.00017421603843104094,
            0.9998257756233215
          ]
        },
        {
          "action_values_bb": [
            -0.49999996965481747,
            -0.1093582115277707
          ],
          "candidate_probabilities": [
            0.00017421603843104094,
            0.9998257756233215
          ],
          "class_index": 100,
          "conditional_hand_mass": 0.009049773810439787,
          "expected_action_loss_bb": 0.00006805605954663099,
          "hand": "J9o",
          "probability_on_actions_losing_over_0_1bb": 0.00017421603843104094,
          "reference_expected_action_loss_bb": 0.00006805605954663099,
          "reference_probabilities": [
            0.00017421603843104094,
            0.9998257756233215
          ]
        },
        {
          "action_values_bb": [
            -0.49999996965481747,
            0.047264476624499
          ],
          "candidate_probabilities": [
            0.00017421603843104094,
            0.9998257756233215
          ],
          "class_index": 101,
          "conditional_hand_mass": 0.009049773810439787,
          "expected_action_loss_bb": 0.00009534224380493973,
          "hand": "Q9o",
          "probability_on_actions_losing_over_0_1bb": 0.00017421603843104094,
          "reference_expected_action_loss_bb": 0.00009534224380493973,
          "reference_probabilities": [
            0.00017421603843104094,
            0.9998257756233215
          ]
        },
        {
          "action_values_bb": [
            -0.49999996965481747,
            0.22534243021214925
          ],
          "candidate_probabilities": [
            0.00017421603843104094,
            0.9998257756233215
          ],
          "class_index": 102,
          "conditional_hand_mass": 0.009049773810439787,
          "expected_action_loss_bb": 0.00012636627941088694,
          "hand": "K9o",
          "probability_on_actions_losing_over_0_1bb": 0.00017421603843104094,
          "reference_expected_action_loss_bb": 0.00012636627941088694,
          "reference_probabilities": [
            0.00017421603843104094,
            0.9998257756233215
          ]
        },
        {
          "action_values_bb": [
            -0.49999996965481747,
            0.30276836065613566
          ],
          "candidate_probabilities": [
            0.00017421603843104094,
            0.9998257756233215
          ],
          "class_index": 103,
          "conditional_hand_mass": 0.009049773810439787,
          "expected_action_loss_bb": 0.0001398551182846756,
          "hand": "A9o",
          "probability_on_actions_losing_over_0_1bb": 0.00017421603843104094,
          "reference_expected_action_loss_bb": 0.0001398551182846756,
          "reference_probabilities": [
            0.00017421603843104094,
            0.9998257756233215
          ]
        },
        {
          "action_values_bb": [
            -0.49999996965481747,
            -0.5348538697390557
          ],
          "candidate_probabilities": [
            0.3644925653934479,
            0.6355074048042297
          ],
          "class_index": 104,
          "conditional_hand_mass": 0.0030165911925363843,
          "expected_action_loss_bb": 0.022149911589840157,
          "hand": "T2s",
          "probability_on_actions_losing_over_0_1bb": -0.0,
          "reference_expected_action_loss_bb": 0.025596445723390843,
          "reference_probabilities": [
            0.26560744643211365,
            0.7343925833702087
          ]
        },
        {
          "action_values_bb": [
            -0.49999996965481747,
            -0.4940752851840253
          ],
          "candidate_probabilities": [
            0.019340887665748596,
            0.9806590676307678
          ],
          "class_index": 105,
          "conditional_hand_mass": 0.0030165911925363843,
          "expected_action_loss_bb": 0.00011458865680459596,
          "hand": "T3s",
          "probability_on_actions_losing_over_0_1bb": -0.0,
          "reference_expected_action_loss_bb": 0.00043200421099495024,
          "reference_probabilities": [
            0.07291598618030548,
            0.9270840287208557
          ]
        },
        {
          "action_values_bb": [
            -0.49999996965481747,
            -0.4526586021309601
          ],
          "candidate_probabilities": [
            0.00017421608208678663,
            0.9998257756233215
          ],
          "class_index": 106,
          "conditional_hand_mass": 0.0030165911925363843,
          "expected_action_loss_bb": 8.24762757063707e-6,
          "hand": "T4s",
          "probability_on_actions_losing_over_0_1bb": -0.0,
          "reference_expected_action_loss_bb": 8.24762757063707e-6,
          "reference_probabilities": [
            0.00017421608208678663,
            0.9998257756233215
          ]
        },
        {
          "action_values_bb": [
            -0.49999996965481747,
            -0.40144479483015194
          ],
          "candidate_probabilities": [
            0.00017421608208678663,
            0.9998257756233215
          ],
          "class_index": 107,
          "conditional_hand_mass": 0.0030165911925363843,
          "expected_action_loss_bb": 0.000017169896427331536,
          "hand": "T5s",
          "probability_on_actions_losing_over_0_1bb": -0.0,
          "reference_expected_action_loss_bb": 0.000017169896427331536,
          "reference_probabilities": [
            0.00017421608208678663,
            0.9998257756233215
          ]
        },
        {
          "action_values_bb": [
            -0.49999996965481747,
            -0.33467713939605803
          ],
          "candidate_probabilities": [
            0.00017421608208678663,
            0.9998257756233215
          ],
          "class_index": 108,
          "conditional_hand_mass": 0.0030165911925363843,
          "expected_action_loss_bb": 0.000028801895767179925,
          "hand": "T6s",
          "probability_on_actions_losing_over_0_1bb": 0.00017421608208678663,
          "reference_expected_action_loss_bb": 0.000028801895767179925,
          "reference_probabilities": [
            0.00017421608208678663,
            0.9998257756233215
          ]
        },
        {
          "action_values_bb": [
            -0.49999996965481747,
            -0.264973739279047
          ],
          "candidate_probabilities": [
            0.00017421608208678663,
            0.9998257756233215
          ],
          "class_index": 109,
          "conditional_hand_mass": 0.0030165911925363843,
          "expected_action_loss_bb": 0.000040945349043693256,
          "hand": "T7s",
          "probability_on_actions_losing_over_0_1bb": 0.00017421608208678663,
          "reference_expected_action_loss_bb": 0.000040945349043693256,
          "reference_probabilities": [
            0.00017421608208678663,
            0.9998257756233215
          ]
        },
        {
          "action_values_bb": [
            -0.49999996965481747,
            -0.17044452050970196
          ],
          "candidate_probabilities": [
            0.00017421608208678663,
            0.9998257756233215
          ],
          "class_index": 110,
          "conditional_hand_mass": 0.0030165911925363843,
          "expected_action_loss_bb": 0.00005741385918041327,
          "hand": "T8s",
          "probability_on_actions_losing_over_0_1bb": 0.00017421608208678663,
          "reference_expected_action_loss_bb": 0.00005741385918041327,
          "reference_probabilities": [
            0.00017421608208678663,
            0.9998257756233215
          ]
        },
        {
          "action_values_bb": [
            -0.49999996965481747,
            0.035381906260089774
          ],
          "candidate_probabilities": [
            0.00017421608208678663,
            0.9998257756233215
          ],
          "class_index": 111,
          "conditional_hand_mass": 0.0030165911925363843,
          "expected_action_loss_bb": 0.0000932721328421693,
          "hand": "T9s",
          "probability_on_actions_losing_over_0_1bb": 0.00017421608208678663,
          "reference_expected_action_loss_bb": 0.0000932721328421693,
          "reference_probabilities": [
            0.00017421608208678663,
            0.9998257756233215
          ]
        },
        {
          "action_values_bb": [
            -0.49999996965481747,
            1.1999153976311336
          ],
          "candidate_probabilities": [
            0.00017421603843104094,
            0.9998257756233215
          ],
          "class_index": 112,
          "conditional_hand_mass": 0.0045248869052198935,
          "expected_action_loss_bb": 0.00029615252095660635,
          "hand": "TT",
          "probability_on_actions_losing_over_0_1bb": 0.00017421603843104094,
          "reference_expected_action_loss_bb": 0.00029615252095660635,
          "reference_probabilities": [
            0.00017421603843104094,
            0.9998257756233215
          ]
        },
        {
          "action_values_bb": [
            -0.49999996965481747,
            0.06163455539452379
          ],
          "candidate_probabilities": [
            0.00017421603843104094,
            0.9998257756233215
          ],
          "class_index": 113,
          "conditional_hand_mass": 0.009049773810439787,
          "expected_action_loss_bb": 0.00009784574200019547,
          "hand": "JTo",
          "probability_on_actions_losing_over_0_1bb": 0.00017421603843104094,
          "reference_expected_action_loss_bb": 0.00009784574200019547,
          "reference_probabilities": [
            0.00017421603843104094,
            0.9998257756233215
          ]
        },
        {
          "action_values_bb": [
            -0.49999996965481747,
            0.18443454483440028
          ],
          "candidate_probabilities": [
            0.00017421603843104094,
            0.9998257756233215
          ],
          "class_index": 114,
          "conditional_hand_mass": 0.009049773810439787,
          "expected_action_loss_bb": 0.0001192394696797844,
          "hand": "QTo",
          "probability_on_actions_losing_over_0_1bb": 0.00017421603843104094,
          "reference_expected_action_loss_bb": 0.0001192394696797844,
          "reference_probabilities": [
            0.00017421603843104094,
            0.9998257756233215
          ]
        },
        {
          "action_values_bb": [
            -0.49999996965481747,
            0.3650048127459477
          ],
          "candidate_probabilities": [
            0.00017421603843104094,
            0.9998257756233215
          ],
          "class_index": 115,
          "conditional_hand_mass": 0.009049773810439787,
          "expected_action_loss_bb": 0.0001506977064137659,
          "hand": "KTo",
          "probability_on_actions_losing_over_0_1bb": 0.00017421603843104094,
          "reference_expected_action_loss_bb": 0.0001506977064137659,
          "reference_probabilities": [
            0.00017421603843104094,
            0.9998257756233215
          ]
        },
        {
          "action_values_bb": [
            -0.49999996965481747,
            0.4414551000541358
          ],
          "candidate_probabilities": [
            0.00017421603843104094,
            0.9998257756233215
          ],
          "class_index": 116,
          "conditional_hand_mass": 0.009049773810439787,
          "expected_action_loss_bb": 0.00016401657260551333,
          "hand": "ATo",
          "probability_on_actions_losing_over_0_1bb": 0.00017421603843104094,
          "reference_expected_action_loss_bb": 0.00016401657260551333,
          "reference_probabilities": [
            0.00017421603843104094,
            0.9998257756233215
          ]
        },
        {
          "action_values_bb": [
            -0.49999996965481747,
            -0.40226851480966286
          ],
          "candidate_probabilities": [
            0.1143530011177063,
            0.8856469988822937
          ],
          "class_index": 117,
          "conditional_hand_mass": 0.0030165911925363843,
          "expected_action_loss_bb": 0.011175885165143028,
          "hand": "J2s",
          "probability_on_actions_losing_over_0_1bb": -0.0,
          "reference_expected_action_loss_bb": 0.000017026391159764534,
          "reference_probabilities": [
            0.00017421608208678663,
            0.9998257756233215
          ]
        },
        {
          "action_values_bb": [
            -0.49999996965481747,
            -0.48484343099626875
          ],
          "candidate_probabilities": [
            0.00017421608208678663,
            0.9998257756233215
          ],
          "class_index": 118,
          "conditional_hand_mass": 0.0030165911925363843,
          "expected_action_loss_bb": 2.6405127830892775e-6,
          "hand": "J3s",
          "probability_on_actions_losing_over_0_1bb": -0.0,
          "reference_expected_action_loss_bb": 0.0006995908940077311,
          "reference_probabilities": [
            0.04615769535303116,
            0.953842282295227
          ]
        },
        {
          "action_values_bb": [
            -0.49999996965481747,
            -0.35581759632167836
          ],
          "candidate_probabilities": [
            0.00017421608208678663,
            0.9998257756233215
          ],
          "class_index": 119,
          "conditional_hand_mass": 0.0030165911925363843,
          "expected_action_loss_bb": 0.000025118888188073876,
          "hand": "J4s",
          "probability_on_actions_losing_over_0_1bb": 0.00017421608208678663,
          "reference_expected_action_loss_bb": 0.000025118888188073876,
          "reference_probabilities": [
            0.00017421608208678663,
            0.9998257756233215
          ]
        },
        {
          "action_values_bb": [
            -0.49999996965481747,
            -0.25925349030289346
          ],
          "candidate_probabilities": [
            0.00017421608208678663,
            0.9998257756233215
          ],
          "class_index": 120,
          "conditional_hand_mass": 0.0030165911925363843,
          "expected_action_loss_bb": 0.00004194190840887967,
          "hand": "J5s",
          "probability_on_actions_losing_over_0_1bb": 0.00017421608208678663,
          "reference_expected_action_loss_bb": 0.00004194190840887967,
          "reference_probabilities": [
            0.00017421608208678663,
            0.9998257756233215
          ]
        },
        {
          "action_values_bb": [
            -0.49999996965481747,
            -0.23985651583897147
          ],
          "candidate_probabilities": [
            0.00017421608208678663,
            0.9998257756233215
          ],
          "class_index": 121,
          "conditional_hand_mass": 0.0030165911925363843,
          "expected_action_loss_bb": 0.00004532117330432162,
          "hand": "J6s",
          "probability_on_actions_losing_over_0_1bb": 0.00017421608208678663,
          "reference_expected_action_loss_bb": 0.00004532117330432162,
          "reference_probabilities": [
            0.00017421608208678663,
            0.9998257756233215
          ]
        },
        {
          "action_values_bb": [
            -0.49999996965481747,
            -0.1961655675641558
          ],
          "candidate_probabilities": [
            0.00017421608208678663,
            0.9998257756233215
          ],
          "class_index": 122,
          "conditional_hand_mass": 0.0030165911925363843,
          "expected_action_loss_bb": 0.000052932839135416454,
          "hand": "J7s",
          "probability_on_actions_losing_over_0_1bb": 0.00017421608208678663,
          "reference_expected_action_loss_bb": 0.000052932839135416454,
          "reference_probabilities": [
            0.00017421608208678663,
            0.9998257756233215
          ]
        },
        {
          "action_values_bb": [
            -0.49999996965481747,
            -0.011827946191012
          ],
          "candidate_probabilities": [
            0.00017421608208678663,
            0.9998257756233215
          ],
          "class_index": 123,
          "conditional_hand_mass": 0.0030165911925363843,
          "expected_action_loss_bb": 0.00008504741731224306,
          "hand": "J8s",
          "probability_on_actions_losing_over_0_1bb": 0.00017421608208678663,
          "reference_expected_action_loss_bb": 0.00008504741731224306,
          "reference_probabilities": [
            0.00017421608208678663,
            0.9998257756233215
          ]
        },
        {
          "action_values_bb": [
            -0.49999996965481747,
            0.09279886059908674
          ],
          "candidate_probabilities": [
            0.00017421608208678663,
            0.9998257756233215
          ],
          "class_index": 124,
          "conditional_hand_mass": 0.0030165911925363843,
          "expected_action_loss_bb": 0.00010327508967246527,
          "hand": "J9s",
          "probability_on_actions_losing_over_0_1bb": 0.00017421608208678663,
          "reference_expected_action_loss_bb": 0.00010327508967246527,
          "reference_probabilities": [
            0.00017421608208678663,
            0.9998257756233215
          ]
        },
        {
          "action_values_bb": [
            -0.49999996965481747,
            0.2889220055980793
          ],
          "candidate_probabilities": [
            0.00017421608208678663,
            0.9998257756233215
          ],
          "class_index": 125,
          "conditional_hand_mass": 0.0030165911925363843,
          "expected_action_loss_bb": 0.0001374428956007285,
          "hand": "JTs",
          "probability_on_actions_losing_over_0_1bb": 0.00017421608208678663,
          "reference_expected_action_loss_bb": 0.0001374428956007285,
          "reference_probabilities": [
            0.00017421608208678663,
            0.9998257756233215
          ]
        },
        {
          "action_values_bb": [
            -0.49999996965481747,
            1.4640805288315648
          ],
          "candidate_probabilities": [
            0.00017421603843104094,
            0.9998257756233215
          ],
          "class_index": 126,
          "conditional_hand_mass": 0.0045248869052198935,
          "expected_action_loss_bb": 0.00034217432360596163,
          "hand": "JJ",
          "probability_on_actions_losing_over_0_1bb": 0.00017421603843104094,
          "reference_expected_action_loss_bb": 0.00034217432360596163,
          "reference_probabilities": [
            0.00017421603843104094,
            0.9998257756233215
          ]
        },
        {
          "action_values_bb": [
            -0.49999996965481747,
            0.27424765188977657
          ],
          "candidate_probabilities": [
            0.00017421603843104094,
            0.9998257756233215
          ],
          "class_index": 127,
          "conditional_hand_mass": 0.009049773810439787,
          "expected_action_loss_bb": 0.00013488635339015503,
          "hand": "QJo",
          "probability_on_actions_losing_over_0_1bb": 0.00017421603843104094,
          "reference_expected_action_loss_bb": 0.00013488635339015503,
          "reference_probabilities": [
            0.00017421603843104094,
            0.9998257756233215
          ]
        },
        {
          "action_values_bb": [
            -0.49999996965481747,
            0.46493344087666016
          ],
          "candidate_probabilities": [
            0.00017421603843104094,
            0.9998257756233215
          ],
          "class_index": 128,
          "conditional_hand_mass": 0.009049773810439787,
          "expected_action_loss_bb": 0.00016810687613254732,
          "hand": "KJo",
          "probability_on_actions_losing_over_0_1bb": 0.00017421603843104094,
          "reference_expected_action_loss_bb": 0.00016810687613254732,
          "reference_probabilities": [
            0.00017421603843104094,
            0.9998257756233215
          ]
        },
        {
          "action_values_bb": [
            -0.49999996965481747,
            0.46989572788382405
          ],
          "candidate_probabilities": [
            0.00017421603843104094,
            0.9998257756233215
          ],
          "class_index": 129,
          "conditional_hand_mass": 0.009049773810439787,
          "expected_action_loss_bb": 0.00016897138611649324,
          "hand": "AJo",
          "probability_on_actions_losing_over_0_1bb": 0.00017421603843104094,
          "reference_expected_action_loss_bb": 0.00016897138611649324,
          "reference_probabilities": [
            0.00017421603843104094,
            0.9998257756233215
          ]
        },
        {
          "action_values_bb": [
            -0.49999996965481747,
            -0.23083106958271732
          ],
          "candidate_probabilities": [
            0.00017421608208678663,
            0.9998257756233215
          ],
          "class_index": 130,
          "conditional_hand_mass": 0.0030165911925363843,
          "expected_action_loss_bb": 0.00004689355119017107,
          "hand": "Q2s",
          "probability_on_actions_losing_over_0_1bb": 0.00017421608208678663,
          "reference_expected_action_loss_bb": 0.00004689355119017107,
          "reference_probabilities": [
            0.00017421608208678663,
            0.9998257756233215
          ]
        },
        {
          "action_values_bb": [
            -0.49999996965481747,
            -0.1668833767876347
          ],
          "candidate_probabilities": [
            0.00017421608208678663,
            0.9998257756233215
          ],
          "class_index": 131,
          "conditional_hand_mass": 0.0030165911925363843,
          "expected_action_loss_bb": 0.00005803426768741979,
          "hand": "Q3s",
          "probability_on_actions_losing_over_0_1bb": 0.00017421608208678663,
          "reference_expected_action_loss_bb": 0.00005803426768741979,
          "reference_probabilities": [
            0.00017421608208678663,
            0.9998257756233215
          ]
        },
        {
          "action_values_bb": [
            -0.49999996965481747,
            -0.2428801705156496
          ],
          "candidate_probabilities": [
            0.00017421608208678663,
            0.9998257756233215
          ],
          "class_index": 132,
          "conditional_hand_mass": 0.0030165911925363843,
          "expected_action_loss_bb": 0.00004479440403296735,
          "hand": "Q4s",
          "probability_on_actions_losing_over_0_1bb": 0.00017421608208678663,
          "reference_expected_action_loss_bb": 0.00004479440403296735,
          "reference_probabilities": [
            0.00017421608208678663,
            0.9998257756233215
          ]
        },
        {
          "action_values_bb": [
            -0.49999996965481747,
            -0.05980116395016593
          ],
          "candidate_probabilities": [
            0.00017421608208678663,
            0.9998257756233215
          ],
          "class_index": 133,
          "conditional_hand_mass": 0.0030165911925363843,
          "expected_action_loss_bb": 0.00007668971126914701,
          "hand": "Q5s",
          "probability_on_actions_losing_over_0_1bb": 0.00017421608208678663,
          "reference_expected_action_loss_bb": 0.00007668971126914701,
          "reference_probabilities": [
            0.00017421608208678663,
            0.9998257756233215
          ]
        },
        {
          "action_values_bb": [
            -0.49999996965481747,
            -0.07079606944919853
          ],
          "candidate_probabilities": [
            0.00017421608208678663,
            0.9998257756233215
          ],
          "class_index": 134,
          "conditional_hand_mass": 0.0030165911925363843,
          "expected_action_loss_bb": 0.00007477422191019108,
          "hand": "Q6s",
          "probability_on_actions_losing_over_0_1bb": 0.00017421608208678663,
          "reference_expected_action_loss_bb": 0.00007477422191019108,
          "reference_probabilities": [
            0.00017421608208678663,
            0.9998257756233215
          ]
        },
        {
          "action_values_bb": [
            -0.49999996965481747,
            -0.08519745306814071
          ],
          "candidate_probabilities": [
            0.00017421608208678663,
            0.9998257756233215
          ],
          "class_index": 135,
          "conditional_hand_mass": 0.0030165911925363843,
          "expected_action_loss_bb": 0.00007226526927947015,
          "hand": "Q7s",
          "probability_on_actions_losing_over_0_1bb": 0.00017421608208678663,
          "reference_expected_action_loss_bb": 0.00007226526927947015,
          "reference_probabilities": [
            0.00017421608208678663,
            0.9998257756233215
          ]
        },
        {
          "action_values_bb": [
            -0.49999996965481747,
            0.18711291685177228
          ],
          "candidate_probabilities": [
            0.00017421608208678663,
            0.9998257756233215
          ],
          "class_index": 136,
          "conditional_hand_mass": 0.0030165911925363843,
          "expected_action_loss_bb": 0.00011970611503852094,
          "hand": "Q8s",
          "probability_on_actions_losing_over_0_1bb": 0.00017421608208678663,
          "reference_expected_action_loss_bb": 0.00011970611503852094,
          "reference_probabilities": [
            0.00017421608208678663,
            0.9998257756233215
          ]
        },
        {
          "action_values_bb": [
            -0.49999996965481747,
            0.26996009001594945
          ],
          "candidate_probabilities": [
            0.00017421608208678663,
            0.9998257756233215
          ],
          "class_index": 137,
          "conditional_hand_mass": 0.0030165911925363843,
          "expected_action_loss_bb": 0.00013413942495914946,
          "hand": "Q9s",
          "probability_on_actions_losing_over_0_1bb": 0.00017421608208678663,
          "reference_expected_action_loss_bb": 0.00013413942495914946,
          "reference_probabilities": [
            0.00017421608208678663,
            0.9998257756233215
          ]
        },
        {
          "action_values_bb": [
            -0.49999996965481747,
            0.42847619238360196
          ],
          "candidate_probabilities": [
            0.00017421608208678663,
            0.9998257756233215
          ],
          "class_index": 138,
          "conditional_hand_mass": 0.0030165911925363843,
          "expected_action_loss_bb": 0.0001617554792613099,
          "hand": "QTs",
          "probability_on_actions_losing_over_0_1bb": 0.00017421608208678663,
          "reference_expected_action_loss_bb": 0.0001617554792613099,
          "reference_probabilities": [
            0.00017421608208678663,
            0.9998257756233215
          ]
        },
        {
          "action_values_bb": [
            -0.49999996965481747,
            0.41981127724087036
          ],
          "candidate_probabilities": [
            0.00017421608208678663,
            0.9998257756233215
          ],
          "class_index": 139,
          "conditional_hand_mass": 0.0030165911925363843,
          "expected_action_loss_bb": 0.00016024591169352872,
          "hand": "QJs",
          "probability_on_actions_losing_over_0_1bb": 0.00017421608208678663,
          "reference_expected_action_loss_bb": 0.00016024591169352872,
          "reference_probabilities": [
            0.00017421608208678663,
            0.9998257756233215
          ]
        },
        {
          "action_values_bb": [
            -0.49999996965481747,
            1.657114731493687
          ],
          "candidate_probabilities": [
            0.00017421603843104094,
            0.9998257756233215
          ],
          "class_index": 140,
          "conditional_hand_mass": 0.0045248869052198935,
          "expected_action_loss_bb": 0.00037580397767545125,
          "hand": "QQ",
          "probability_on_actions_losing_over_0_1bb": 0.00017421603843104094,
          "reference_expected_action_loss_bb": 0.00037580397767545125,
          "reference_probabilities": [
            0.00017421603843104094,
            0.9998257756233215
          ]
        },
        {
          "action_values_bb": [
            -0.49999996965481747,
            0.6062775079079545
          ],
          "candidate_probabilities": [
            0.00017421603843104094,
            0.9998257756233215
          ],
          "class_index": 141,
          "conditional_hand_mass": 0.009049773810439787,
          "expected_action_loss_bb": 0.0001927312795464709,
          "hand": "KQo",
          "probability_on_actions_losing_over_0_1bb": 0.00017421603843104094,
          "reference_expected_action_loss_bb": 0.0001927312795464709,
          "reference_probabilities": [
            0.00017421603843104094,
            0.9998257756233215
          ]
        },
        {
          "action_values_bb": [
            -0.49999996965481747,
            0.5212472112777264
          ],
          "candidate_probabilities": [
            0.00017421603843104094,
            0.9998257756233215
          ],
          "class_index": 142,
          "conditional_hand_mass": 0.009049773810439787,
          "expected_action_loss_bb": 0.00017791763812093628,
          "hand": "AQo",
          "probability_on_actions_losing_over_0_1bb": 0.00017421603843104094,
          "reference_expected_action_loss_bb": 0.00017791763812093628,
          "reference_probabilities": [
            0.00017421603843104094,
            0.9998257756233215
          ]
        },
        {
          "action_values_bb": [
            -0.49999996965481747,
            -0.03185926678149284
          ],
          "candidate_probabilities": [
            0.00017421608208678663,
            0.9998257756233215
          ],
          "class_index": 143,
          "conditional_hand_mass": 0.0030165911925363843,
          "expected_action_loss_bb": 0.00008155763911994511,
          "hand": "K2s",
          "probability_on_actions_losing_over_0_1bb": 0.00017421608208678663,
          "reference_expected_action_loss_bb": 0.00008155763911994511,
          "reference_probabilities": [
            0.00017421608208678663,
            0.9998257756233215
          ]
        },
        {
          "action_values_bb": [
            -0.49999996965481747,
            0.07163119163104142
          ],
          "candidate_probabilities": [
            0.00017421608208678663,
            0.9998257756233215
          ],
          "class_index": 144,
          "conditional_hand_mass": 0.0030165911925363843,
          "expected_action_loss_bb": 0.00009958734131794235,
          "hand": "K3s",
          "probability_on_actions_losing_over_0_1bb": 0.00017421608208678663,
          "reference_expected_action_loss_bb": 0.00009958734131794235,
          "reference_probabilities": [
            0.00017421608208678663,
            0.9998257756233215
          ]
        },
        {
          "action_values_bb": [
            -0.49999996965481747,
            0.03658600310249146
          ],
          "candidate_probabilities": [
            0.00017421608208678663,
            0.9998257756233215
          ],
          "class_index": 145,
          "conditional_hand_mass": 0.0030165911925363843,
          "expected_action_loss_bb": 0.00009348190587650558,
          "hand": "K4s",
          "probability_on_actions_losing_over_0_1bb": 0.00017421608208678663,
          "reference_expected_action_loss_bb": 0.00009348190587650558,
          "reference_probabilities": [
            0.00017421608208678663,
            0.9998257756233215
          ]
        },
        {
          "action_values_bb": [
            -0.49999996965481747,
            0.11869943733962571
          ],
          "candidate_probabilities": [
            0.00017421608208678663,
            0.9998257756233215
          ],
          "class_index": 146,
          "conditional_hand_mass": 0.0030165911925363843,
          "expected_action_loss_bb": 0.00010778738667599011,
          "hand": "K5s",
          "probability_on_actions_losing_over_0_1bb": 0.00017421608208678663,
          "reference_expected_action_loss_bb": 0.00010778738667599011,
          "reference_probabilities": [
            0.00017421608208678663,
            0.9998257756233215
          ]
        },
        {
          "action_values_bb": [
            -0.49999996965481747,
            0.2085947874259274
          ],
          "candidate_probabilities": [
            0.00017421608208678663,
            0.9998257756233215
          ],
          "class_index": 147,
          "conditional_hand_mass": 0.0030165911925363843,
          "expected_action_loss_bb": 0.0001234486023658457,
          "hand": "K6s",
          "probability_on_actions_losing_over_0_1bb": 0.00017421608208678663,
          "reference_expected_action_loss_bb": 0.0001234486023658457,
          "reference_probabilities": [
            0.00017421608208678663,
            0.9998257756233215
          ]
        },
        {
          "action_values_bb": [
            -0.49999996965481747,
            0.14253176230254389
          ],
          "candidate_probabilities": [
            0.00017421608208678663,
            0.9998257756233215
          ],
          "class_index": 148,
          "conditional_hand_mass": 0.0030165911925363843,
          "expected_action_loss_bb": 0.00011193936095804885,
          "hand": "K7s",
          "probability_on_actions_losing_over_0_1bb": 0.00017421608208678663,
          "reference_expected_action_loss_bb": 0.00011193936095804885,
          "reference_probabilities": [
            0.00017421608208678663,
            0.9998257756233215
          ]
        },
        {
          "action_values_bb": [
            -0.49999996965481747,
            0.38310841484049357
          ],
          "candidate_probabilities": [
            0.00017421608208678663,
            0.9998257756233215
          ],
          "class_index": 149,
          "conditional_hand_mass": 0.0030165911925363843,
          "expected_action_loss_bb": 0.00015385168280476465,
          "hand": "K8s",
          "probability_on_actions_losing_over_0_1bb": 0.00017421608208678663,
          "reference_expected_action_loss_bb": 0.00015385168280476465,
          "reference_probabilities": [
            0.00017421608208678663,
            0.9998257756233215
          ]
        },
        {
          "action_values_bb": [
            -0.49999996965481747,
            0.4823790076882554
          ],
          "candidate_probabilities": [
            0.00017421608208678663,
            0.9998257756233215
          ],
          "class_index": 150,
          "conditional_hand_mass": 0.0030165911925363843,
          "expected_action_loss_bb": 0.0001711462165571343,
          "hand": "K9s",
          "probability_on_actions_losing_over_0_1bb": 0.00017421608208678663,
          "reference_expected_action_loss_bb": 0.0001711462165571343,
          "reference_probabilities": [
            0.00017421608208678663,
            0.9998257756233215
          ]
        },
        {
          "action_values_bb": [
            -0.49999996965481747,
            0.4901936508167709
          ],
          "candidate_probabilities": [
            0.00017421608208678663,
            0.9998257756233215
          ],
          "class_index": 151,
          "conditional_hand_mass": 0.0030165911925363843,
          "expected_action_loss_bb": 0.0001725076530658907,
          "hand": "KTs",
          "probability_on_actions_losing_over_0_1bb": 0.00017421608208678663,
          "reference_expected_action_loss_bb": 0.0001725076530658907,
          "reference_probabilities": [
            0.00017421608208678663,
            0.9998257756233215
          ]
        },
        {
          "action_values_bb": [
            -0.49999996965481747,
            0.6531729529746776
          ],
          "candidate_probabilities": [
            0.00017421608208678663,
            0.9998257756233215
          ],
          "class_index": 152,
          "conditional_hand_mass": 0.0030165911925363843,
          "expected_action_loss_bb": 0.00020090126854907978,
          "hand": "KJs",
          "probability_on_actions_losing_over_0_1bb": 0.00017421608208678663,
          "reference_expected_action_loss_bb": 0.00020090126854907978,
          "reference_probabilities": [
            0.00017421608208678663,
            0.9998257756233215
          ]
        },
        {
          "action_values_bb": [
            -0.49999996965481747,
            0.7783075642043372
          ],
          "candidate_probabilities": [
            0.00017421608208678663,
            0.9998257756233215
          ],
          "class_index": 153,
          "conditional_hand_mass": 0.0030165911925363843,
          "expected_action_loss_bb": 0.00022270173025096428,
          "hand": "KQs",
          "probability_on_actions_losing_over_0_1bb": 0.00017421608208678663,
          "reference_expected_action_loss_bb": 0.00022270173025096428,
          "reference_probabilities": [
            0.00017421608208678663,
            0.9998257756233215
          ]
        },
        {
          "action_values_bb": [
            -0.49999996965481747,
            1.9080362539964606
          ],
          "candidate_probabilities": [
            0.00017421603843104094,
            0.9998257756233215
          ],
          "class_index": 154,
          "conditional_hand_mass": 0.0045248869052198935,
          "expected_action_loss_bb": 0.00041951853128296973,
          "hand": "KK",
          "probability_on_actions_losing_over_0_1bb": 0.00017421603843104094,
          "reference_expected_action_loss_bb": 0.00041951853128296973,
          "reference_probabilities": [
            0.00017421603843104094,
            0.9998257756233215
          ]
        },
        {
          "action_values_bb": [
            -0.49999996965481747,
            0.6807313553129559
          ],
          "candidate_probabilities": [
            0.00017421603843104094,
            0.9998257756233215
          ],
          "class_index": 155,
          "conditional_hand_mass": 0.009049773810439787,
          "expected_action_loss_bb": 0.0002057023338873195,
          "hand": "AKo",
          "probability_on_actions_losing_over_0_1bb": 0.00017421603843104094,
          "reference_expected_action_loss_bb": 0.0002057023338873195,
          "reference_probabilities": [
            0.00017421603843104094,
            0.9998257756233215
          ]
        },
        {
          "action_values_bb": [
            -0.49999996965481747,
            0.08690487028041376
          ],
          "candidate_probabilities": [
            0.00017421608208678663,
            0.9998257756233215
          ],
          "class_index": 156,
          "conditional_hand_mass": 0.0030165911925363843,
          "expected_action_loss_bb": 0.0001022482617712886,
          "hand": "A2s",
          "probability_on_actions_losing_over_0_1bb": 0.00017421608208678663,
          "reference_expected_action_loss_bb": 0.0001022482617712886,
          "reference_probabilities": [
            0.00017421608208678663,
            0.9998257756233215
          ]
        },
        {
          "action_values_bb": [
            -0.49999996965481747,
            0.27689924428357454
          ],
          "candidate_probabilities": [
            0.00017421608208678663,
            0.9998257756233215
          ],
          "class_index": 157,
          "conditional_hand_mass": 0.0030165911925363843,
          "expected_action_loss_bb": 0.0001353483372286509,
          "hand": "A3s",
          "probability_on_actions_losing_over_0_1bb": 0.00017421608208678663,
          "reference_expected_action_loss_bb": 0.0001353483372286509,
          "reference_probabilities": [
            0.00017421608208678663,
            0.9998257756233215
          ]
        },
        {
          "action_values_bb": [
            -0.49999996965481747,
            0.2733526207313432
          ],
          "candidate_probabilities": [
            0.00017421608208678663,
            0.9998257756233215
          ],
          "class_index": 158,
          "conditional_hand_mass": 0.0030165911925363843,
          "expected_action_loss_bb": 0.00013473045836874444,
          "hand": "A4s",
          "probability_on_actions_losing_over_0_1bb": 0.00017421608208678663,
          "reference_expected_action_loss_bb": 0.00013473045836874444,
          "reference_probabilities": [
            0.00017421608208678663,
            0.9998257756233215
          ]
        },
        {
          "action_values_bb": [
            -0.49999996965481747,
            0.32743447261286585
          ],
          "candidate_probabilities": [
            0.00017421608208678663,
            0.9998257756233215
          ],
          "class_index": 159,
          "conditional_hand_mass": 0.0030165911925363843,
          "expected_action_loss_bb": 0.00014415238671554125,
          "hand": "A5s",
          "probability_on_actions_losing_over_0_1bb": 0.00017421608208678663,
          "reference_expected_action_loss_bb": 0.00014415238671554125,
          "reference_probabilities": [
            0.00017421608208678663,
            0.9998257756233215
          ]
        },
        {
          "action_values_bb": [
            -0.49999996965481747,
            0.29933380186295144
          ],
          "candidate_probabilities": [
            0.00017421608208678663,
            0.9998257756233215
          ],
          "class_index": 160,
          "conditional_hand_mass": 0.0030165911925363843,
          "expected_action_loss_bb": 0.00013925679795348037,
          "hand": "A6s",
          "probability_on_actions_losing_over_0_1bb": 0.00017421608208678663,
          "reference_expected_action_loss_bb": 0.00013925679795348037,
          "reference_probabilities": [
            0.00017421608208678663,
            0.9998257756233215
          ]
        },
        {
          "action_values_bb": [
            -0.49999996965481747,
            0.28989465973339934
          ],
          "candidate_probabilities": [
            0.00017421608208678663,
            0.9998257756233215
          ],
          "class_index": 161,
          "conditional_hand_mass": 0.0030165911925363843,
          "expected_action_loss_bb": 0.00013761234759340947,
          "hand": "A7s",
          "probability_on_actions_losing_over_0_1bb": 0.00017421608208678663,
          "reference_expected_action_loss_bb": 0.00013761234759340947,
          "reference_probabilities": [
            0.00017421608208678663,
            0.9998257756233215
          ]
        },
        {
          "action_values_bb": [
            -0.49999996965481747,
            0.5053286747409128
          ],
          "candidate_probabilities": [
            0.00017421608208678663,
            0.9998257756233215
          ],
          "class_index": 162,
          "conditional_hand_mass": 0.0030165911925363843,
          "expected_action_loss_bb": 0.00017514441763624448,
          "hand": "A8s",
          "probability_on_actions_losing_over_0_1bb": 0.00017421608208678663,
          "reference_expected_action_loss_bb": 0.00017514441763624448,
          "reference_probabilities": [
            0.00017421608208678663,
            0.9998257756233215
          ]
        },
        {
          "action_values_bb": [
            -0.49999996965481747,
            0.4929466568105514
          ],
          "candidate_probabilities": [
            0.00017421608208678663,
            0.9998257756233215
          ],
          "class_index": 163,
          "conditional_hand_mass": 0.0030165911925363843,
          "expected_action_loss_bb": 0.00017298727098408854,
          "hand": "A9s",
          "probability_on_actions_losing_over_0_1bb": 0.00017421608208678663,
          "reference_expected_action_loss_bb": 0.00017298727098408854,
          "reference_probabilities": [
            0.00017421608208678663,
            0.9998257756233215
          ]
        },
        {
          "action_values_bb": [
            -0.49999996965481747,
            0.561118839017593
          ],
          "candidate_probabilities": [
            0.00017421608208678663,
            0.9998257756233215
          ],
          "class_index": 164,
          "conditional_hand_mass": 0.0030165911925363843,
          "expected_action_loss_bb": 0.00018486396147550588,
          "hand": "ATs",
          "probability_on_actions_losing_over_0_1bb": 0.00017421608208678663,
          "reference_expected_action_loss_bb": 0.00018486396147550588,
          "reference_probabilities": [
            0.00017421608208678663,
            0.9998257756233215
          ]
        },
        {
          "action_values_bb": [
            -0.49999996965481747,
            0.5159746144341109
          ],
          "candidate_probabilities": [
            0.00017421608208678663,
            0.9998257756233215
          ],
          "class_index": 165,
          "conditional_hand_mass": 0.0030165911925363843,
          "expected_action_loss_bb": 0.00017699911153972562,
          "hand": "AJs",
          "probability_on_actions_losing_over_0_1bb": 0.00017421608208678663,
          "reference_expected_action_loss_bb": 0.00017699911153972562,
          "reference_probabilities": [
            0.00017421608208678663,
            0.9998257756233215
          ]
        },
        {
          "action_values_bb": [
            -0.49999996965481747,
            0.7436825578318489
          ],
          "candidate_probabilities": [
            0.00017421608208678663,
            0.9998257756233215
          ],
          "class_index": 166,
          "conditional_hand_mass": 0.0030165911925363843,
          "expected_action_loss_bb": 0.00021666949729851932,
          "hand": "AQs",
          "probability_on_actions_losing_over_0_1bb": 0.00017421608208678663,
          "reference_expected_action_loss_bb": 0.00021666949729851932,
          "reference_probabilities": [
            0.00017421608208678663,
            0.9998257756233215
          ]
        },
        {
          "action_values_bb": [
            -0.49999996965481747,
            0.889632022178687
          ],
          "candidate_probabilities": [
            0.00017421608208678663,
            0.9998257756233215
          ],
          "class_index": 167,
          "conditional_hand_mass": 0.0030165911925363843,
          "expected_action_loss_bb": 0.00024209624115969063,
          "hand": "AKs",
          "probability_on_actions_losing_over_0_1bb": 0.00017421608208678663,
          "reference_expected_action_loss_bb": 0.00024209624115969063,
          "reference_probabilities": [
            0.00017421608208678663,
            0.9998257756233215
          ]
        },
        {
          "action_values_bb": [
            -0.49999996965481747,
            2.0539661153553905
          ],
          "candidate_probabilities": [
            0.00017421603843104094,
            0.9998257756233215
          ],
          "class_index": 168,
          "conditional_hand_mass": 0.0045248869052198935,
          "expected_action_loss_bb": 0.0004449418536177136,
          "hand": "AA",
          "probability_on_actions_losing_over_0_1bb": 0.00017421603843104094,
          "reference_expected_action_loss_bb": 0.0004449418536177136,
          "reference_probabilities": [
            0.00017421603843104094,
            0.9998257756233215
          ]
        }
      ],
      "joint_reach_independent_model": 0.015345477139408759,
      "opponent_mass": 0.015345476567745209,
      "passes_local_tail_gate": false,
      "path": [
        2
      ],
      "position": "SB",
      "reference_weighted_action_loss_bb": 0.004396503849296118,
      "scope": "One-action deviation followed by reference play, same reference arriving ranges; excludes physical-deal validation",
      "status": "evaluated",
      "weighted_action_loss_bb": 0.003931093830705285,
      "weighted_excess_action_loss_bb": -0.00046541001859083317,
      "worst_relevant_probability_on_strongly_inferior_actions": 0.31705188751220703
    },
    {
      "actions": [
        {
          "kind": "fold",
          "label": "Fold",
          "to": 0.0
        },
        {
          "kind": "call",
          "label": "Call 2",
          "to": 2.0
        }
      ],
      "actor": 2,
      "actor_mass": 1.000000037252903,
      "forced_or_frozen": false,
      "hands": [
        {
          "action_values_bb": [
            -0.9999999765127903,
            -0.1639086786348576
          ],
          "candidate_probabilities": [
            0.00017421603843104094,
            0.9998257756233215
          ],
          "class_index": 0,
          "conditional_hand_mass": 0.0045248869052198935,
          "expected_action_loss_bb": 0.00014566051368296082,
          "hand": "22",
          "probability_on_actions_losing_over_0_1bb": 0.00017421603843104094,
          "reference_expected_action_loss_bb": 0.00014566051368296082,
          "reference_probabilities": [
            0.00017421603843104094,
            0.9998257756233215
          ]
        },
        {
          "action_values_bb": [
            -0.9999999765127903,
            -0.9022816040532889
          ],
          "candidate_probabilities": [
            0.00017421603843104094,
            0.9998257756233215
          ],
          "class_index": 1,
          "conditional_hand_mass": 0.009049773810439787,
          "expected_action_loss_bb": 0.000017024107731823257,
          "hand": "32o",
          "probability_on_actions_losing_over_0_1bb": -0.0,
          "reference_expected_action_loss_bb": 0.000017024107731823257,
          "reference_probabilities": [
            0.00017421603843104094,
            0.9998257756233215
          ]
        },
        {
          "action_values_bb": [
            -0.9999999765127903,
            -0.823042437447692
          ],
          "candidate_probabilities": [
            0.00017421603843104094,
            0.9998257756233215
          ],
          "class_index": 2,
          "conditional_hand_mass": 0.009049773810439787,
          "expected_action_loss_bb": 0.00003082884142642759,
          "hand": "42o",
          "probability_on_actions_losing_over_0_1bb": 0.00017421603843104094,
          "reference_expected_action_loss_bb": 0.00003082884142642759,
          "reference_probabilities": [
            0.00017421603843104094,
            0.9998257756233215
          ]
        },
        {
          "action_values_bb": [
            -0.9999999765127903,
            -0.7881965571774688
          ],
          "candidate_probabilities": [
            0.00017421603843104094,
            0.9998257756233215
          ],
          "class_index": 3,
          "conditional_hand_mass": 0.009049773810439787,
          "expected_action_loss_bb": 0.00003689955264274824,
          "hand": "52o",
          "probability_on_actions_losing_over_0_1bb": 0.00017421603843104094,
          "reference_expected_action_loss_bb": 0.00003689955264274824,
          "reference_probabilities": [
            0.00017421603843104094,
            0.9998257756233215
          ]
        },
        {
          "action_values_bb": [
            -0.9999999765127903,
            -0.8599934467310362
          ],
          "candidate_probabilities": [
            0.00017421603843104094,
            0.9998257756233215
          ],
          "class_index": 4,
          "conditional_hand_mass": 0.009049773810439787,
          "expected_action_loss_bb": 0.00002439138297305475,
          "hand": "62o",
          "probability_on_actions_losing_over_0_1bb": 0.00017421603843104094,
          "reference_expected_action_loss_bb": 0.00002439138297305475,
          "reference_probabilities": [
            0.00017421603843104094,
            0.9998257756233215
          ]
        },
        {
          "action_values_bb": [
            -0.9999999765127903,
            -0.9483640203618192
          ],
          "candidate_probabilities": [
            0.00017421603843104094,
            0.9998257756233215
          ],
          "class_index": 5,
          "conditional_hand_mass": 0.009049773810439787,
          "expected_action_loss_bb": 8.995811721221117e-6,
          "hand": "72o",
          "probability_on_actions_losing_over_0_1bb": -0.0,
          "reference_expected_action_loss_bb": 8.995811721221117e-6,
          "reference_probabilities": [
            0.00017421603843104094,
            0.9998257756233215
          ]
        },
        {
          "action_values_bb": [
            -0.9999999765127903,
            -0.9887358104947959
          ],
          "candidate_probabilities": [
            0.13354094326496124,
            0.8664590716362
          ],
          "class_index": 6,
          "conditional_hand_mass": 0.009049773810439787,
          "expected_action_loss_bb": 0.0015042273551360951,
          "hand": "82o",
          "probability_on_actions_losing_over_0_1bb": -0.0,
          "reference_expected_action_loss_bb": 0.0009191037791485826,
          "reference_probabilities": [
            0.08159536868333817,
            0.9184046387672424
          ]
        },
        {
          "action_values_bb": [
            -0.9999999765127903,
            -0.8316423331813859
          ],
          "candidate_probabilities": [
            0.00017421603843104094,
            0.9998257756233215
          ],
          "class_index": 7,
          "conditional_hand_mass": 0.009049773810439787,
          "expected_action_loss_bb": 0.000029330601660783426,
          "hand": "92o",
          "probability_on_actions_losing_over_0_1bb": 0.00017421603843104094,
          "reference_expected_action_loss_bb": 0.000029330601660783426,
          "reference_probabilities": [
            0.00017421603843104094,
            0.9998257756233215
          ]
        },
        {
          "action_values_bb": [
            -0.9999999765127903,
            -0.8261839058858439
          ],
          "candidate_probabilities": [
            0.00017421603843104094,
            0.9998257756233215
          ],
          "class_index": 8,
          "conditional_hand_mass": 0.009049773810439787,
          "expected_action_loss_bb": 0.000030281547240276616,
          "hand": "T2o",
          "probability_on_actions_losing_over_0_1bb": 0.00017421603843104094,
          "reference_expected_action_loss_bb": 0.000030281547240276616,
          "reference_probabilities": [
            0.00017421603843104094,
            0.9998257756233215
          ]
        },
        {
          "action_values_bb": [
            -0.9999999765127903,
            -0.74870402013641
          ],
          "candidate_probabilities": [
            0.00017421603843104094,
            0.9998257756233215
          ],
          "class_index": 9,
          "conditional_hand_mass": 0.009049773810439787,
          "expected_action_loss_bb": 0.00004377978599363265,
          "hand": "J2o",
          "probability_on_actions_losing_over_0_1bb": 0.00017421603843104094,
          "reference_expected_action_loss_bb": 0.00004377978599363265,
          "reference_probabilities": [
            0.00017421603843104094,
            0.9998257756233215
          ]
        },
        {
          "action_values_bb": [
            -0.9999999765127903,
            -0.5049382230838996
          ],
          "candidate_probabilities": [
            0.00017421603843104094,
            0.9998257756233215
          ],
          "class_index": 10,
          "conditional_hand_mass": 0.009049773810439787,
          "expected_action_loss_bb": 0.00008624769746110614,
          "hand": "Q2o",
          "probability_on_actions_losing_over_0_1bb": 0.00017421603843104094,
          "reference_expected_action_loss_bb": 0.00008624769746110614,
          "reference_probabilities": [
            0.00017421603843104094,
            0.9998257756233215
          ]
        },
        {
          "action_values_bb": [
            -0.9999999765127903,
            -0.34102539134461857
          ],
          "candidate_probabilities": [
            0.00017421603843104094,
            0.9998257756233215
          ],
          "class_index": 11,
          "conditional_hand_mass": 0.009049773810439787,
          "expected_action_loss_bb": 0.00011480394165473745,
          "hand": "K2o",
          "probability_on_actions_losing_over_0_1bb": 0.00017421603843104094,
          "reference_expected_action_loss_bb": 0.00011480394165473745,
          "reference_probabilities": [
            0.00017421603843104094,
            0.9998257756233215
          ]
        },
        {
          "action_values_bb": [
            -0.9999999765127903,
            -0.11162662424392504
          ],
          "candidate_probabilities": [
            0.00017421603843104094,
            0.9998257756233215
          ],
          "class_index": 12,
          "conditional_hand_mass": 0.009049773810439787,
          "expected_action_loss_bb": 0.0001547688860799853,
          "hand": "A2o",
          "probability_on_actions_losing_over_0_1bb": 0.00017421603843104094,
          "reference_expected_action_loss_bb": 0.0001547688860799853,
          "reference_probabilities": [
            0.00017421603843104094,
            0.9998257756233215
          ]
        },
        {
          "action_values_bb": [
            -0.9999999765127903,
            -0.760916557232892
          ],
          "candidate_probabilities": [
            0.00017421608208678663,
            0.9998257756233215
          ],
          "class_index": 13,
          "conditional_hand_mass": 0.0030165911925363843,
          "expected_action_loss_bb": 0.00004165217659885639,
          "hand": "32s",
          "probability_on_actions_losing_over_0_1bb": 0.00017421608208678663,
          "reference_expected_action_loss_bb": 0.00004165217659885639,
          "reference_probabilities": [
            0.00017421608208678663,
            0.9998257756233215
          ]
        },
        {
          "action_values_bb": [
            -0.9999999765127903,
            -0.06679662714315902
          ],
          "candidate_probabilities": [
            0.00017421603843104094,
            0.9998257756233215
          ],
          "class_index": 14,
          "conditional_hand_mass": 0.0045248869052198935,
          "expected_action_loss_bb": 0.0001625789905777558,
          "hand": "33",
          "probability_on_actions_losing_over_0_1bb": 0.00017421603843104094,
          "reference_expected_action_loss_bb": 0.0001625789905777558,
          "reference_probabilities": [
            0.00017421603843104094,
            0.9998257756233215
          ]
        },
        {
          "action_values_bb": [
            -0.9999999765127903,
            -0.819048485150279
          ],
          "candidate_probabilities": [
            0.00017421603843104094,
            0.9998257756233215
          ],
          "class_index": 15,
          "conditional_hand_mass": 0.009049773810439787,
          "expected_action_loss_bb": 0.000031524651973365444,
          "hand": "43o",
          "probability_on_actions_losing_over_0_1bb": 0.00017421603843104094,
          "reference_expected_action_loss_bb": 0.000031524651973365444,
          "reference_probabilities": [
            0.00017421603843104094,
            0.9998257756233215
          ]
        },
        {
          "action_values_bb": [
            -0.9999999765127903,
            -0.7329865211306877
          ],
          "candidate_probabilities": [
            0.00017421603843104094,
            0.9998257756233215
          ],
          "class_index": 16,
          "conditional_hand_mass": 0.009049773810439787,
          "expected_action_loss_bb": 0.00004651802640445341,
          "hand": "53o",
          "probability_on_actions_losing_over_0_1bb": 0.00017421603843104094,
          "reference_expected_action_loss_bb": 0.00004651802640445341,
          "reference_probabilities": [
            0.00017421603843104094,
            0.9998257756233215
          ]
        },
        {
          "action_values_bb": [
            -0.9999999765127903,
            -0.7586299827456874
          ],
          "candidate_probabilities": [
            0.00017421603843104094,
            0.9998257756233215
          ],
          "class_index": 17,
          "conditional_hand_mass": 0.009049773810439787,
          "expected_action_loss_bb": 0.00004205052411022971,
          "hand": "63o",
          "probability_on_actions_losing_over_0_1bb": 0.00017421603843104094,
          "reference_expected_action_loss_bb": 0.00004205052411022971,
          "reference_probabilities": [
            0.00017421603843104094,
            0.9998257756233215
          ]
        },
        {
          "action_values_bb": [
            -0.9999999765127903,
            -0.8846330190840646
          ],
          "candidate_probabilities": [
            0.00017421603843104094,
            0.9998257756233215
          ],
          "class_index": 18,
          "conditional_hand_mass": 0.009049773810439787,
          "expected_action_loss_bb": 0.000020098774289075144,
          "hand": "73o",
          "probability_on_actions_losing_over_0_1bb": 0.00017421603843104094,
          "reference_expected_action_loss_bb": 0.000020098774289075144,
          "reference_probabilities": [
            0.00017421603843104094,
            0.9998257756233215
          ]
        },
        {
          "action_values_bb": [
            -0.9999999765127903,
            -0.924676950673026
          ],
          "candidate_probabilities": [
            0.00017421603843104094,
            0.9998257756233215
          ],
          "class_index": 19,
          "conditional_hand_mass": 0.009049773810439787,
          "expected_action_loss_bb": 0.000013122479164442657,
          "hand": "83o",
          "probability_on_actions_losing_over_0_1bb": -0.0,
          "reference_expected_action_loss_bb": 0.0003652677915239579,
          "reference_probabilities": [
            0.0048493510112166405,
            0.9951506853103638
          ]
        },
        {
          "action_values_bb": [
            -0.9999999765127903,
            -0.8359898803590338
          ],
          "candidate_probabilities": [
            0.00017421603843104094,
            0.9998257756233215
          ],
          "class_index": 20,
          "conditional_hand_mass": 0.009049773810439787,
          "expected_action_loss_bb": 0.000028573189214601563,
          "hand": "93o",
          "probability_on_actions_losing_over_0_1bb": 0.00017421603843104094,
          "reference_expected_action_loss_bb": 0.000028573189214601563,
          "reference_probabilities": [
            0.00017421603843104094,
            0.9998257756233215
          ]
        },
        {
          "action_values_bb": [
            -0.9999999765127903,
            -0.7643273534169676
          ],
          "candidate_probabilities": [
            0.00017421603843104094,
            0.9998257756233215
          ],
          "class_index": 21,
          "conditional_hand_mass": 0.009049773810439787,
          "expected_action_loss_bb": 0.00004105795076240608,
          "hand": "T3o",
          "probability_on_actions_losing_over_0_1bb": 0.00017421603843104094,
          "reference_expected_action_loss_bb": 0.00004105795076240608,
          "reference_probabilities": [
            0.00017421603843104094,
            0.9998257756233215
          ]
        },
        {
          "action_values_bb": [
            -0.9999999765127903,
            -0.7353483249083804
          ],
          "candidate_probabilities": [
            0.00017421603843104094,
            0.9998257756233215
          ],
          "class_index": 22,
          "conditional_hand_mass": 0.009049773810439787,
          "expected_action_loss_bb": 0.000046106562306752324,
          "hand": "J3o",
          "probability_on_actions_losing_over_0_1bb": 0.00017421603843104094,
          "reference_expected_action_loss_bb": 0.000046106562306752324,
          "reference_probabilities": [
            0.00017421603843104094,
            0.9998257756233215
          ]
        },
        {
          "action_values_bb": [
            -0.9999999765127903,
            -0.5096230970229009
          ],
          "candidate_probabilities": [
            0.00017421603843104094,
            0.9998257756233215
          ],
          "class_index": 23,
          "conditional_hand_mass": 0.009049773810439787,
          "expected_action_loss_bb": 0.0000854315172829045,
          "hand": "Q3o",
          "probability_on_actions_losing_over_0_1bb": 0.00017421603843104094,
          "reference_expected_action_loss_bb": 0.0000854315172829045,
          "reference_probabilities": [
            0.00017421603843104094,
            0.9998257756233215
          ]
        },
        {
          "action_values_bb": [
            -0.9999999765127903,
            -0.32332421473181494
          ],
          "candidate_probabilities": [
            0.00017421603843104094,
            0.9998257756233215
          ],
          "class_index": 24,
          "conditional_hand_mass": 0.009049773810439787,
          "expected_action_loss_bb": 0.0001178877705197883,
          "hand": "K3o",
          "probability_on_actions_losing_over_0_1bb": 0.00017421603843104094,
          "reference_expected_action_loss_bb": 0.0001178877705197883,
          "reference_probabilities": [
            0.00017421603843104094,
            0.9998257756233215
          ]
        },
        {
          "action_values_bb": [
            -0.9999999765127903,
            -0.035472097943608706
          ],
          "candidate_probabilities": [
            0.00017421603843104094,
            0.9998257756233215
          ],
          "class_index": 25,
          "conditional_hand_mass": 0.009049773810439787,
          "expected_action_loss_bb": 0.0001680362259606189,
          "hand": "A3o",
          "probability_on_actions_losing_over_0_1bb": 0.00017421603843104094,
          "reference_expected_action_loss_bb": 0.0001680362259606189,
          "reference_probabilities": [
            0.00017421603843104094,
            0.9998257756233215
          ]
        },
        {
          "action_values_bb": [
            -0.9999999765127903,
            -0.6804387326126848
          ],
          "candidate_probabilities": [
            0.00017421608208678663,
            0.9998257756233215
          ],
          "class_index": 26,
          "conditional_hand_mass": 0.0030165911925363843,
          "expected_action_loss_bb": 0.00005567270789905641,
          "hand": "42s",
          "probability_on_actions_losing_over_0_1bb": 0.00017421608208678663,
          "reference_expected_action_loss_bb": 0.00005567270789905641,
          "reference_probabilities": [
            0.00017421608208678663,
            0.9998257756233215
          ]
        },
        {
          "action_values_bb": [
            -0.9999999765127903,
            -0.5505116796731436
          ],
          "candidate_probabilities": [
            0.00017421608208678663,
            0.9998257756233215
          ],
          "class_index": 27,
          "conditional_hand_mass": 0.0030165911925363843,
          "expected_action_loss_bb": 0.00007830809001926579,
          "hand": "43s",
          "probability_on_actions_losing_over_0_1bb": 0.00017421608208678663,
          "reference_expected_action_loss_bb": 0.00007830809001926579,
          "reference_probabilities": [
            0.00017421608208678663,
            0.9998257756233215
          ]
        },
        {
          "action_values_bb": [
            -0.9999999765127903,
            0.025697989939398057
          ],
          "candidate_probabilities": [
            0.00017421603843104094,
            0.9998257756233215
          ],
          "class_index": 28,
          "conditional_hand_mass": 0.0045248869052198935,
          "expected_action_loss_bb": 0.000178693036342075,
          "hand": "44",
          "probability_on_actions_losing_over_0_1bb": 0.00017421603843104094,
          "reference_expected_action_loss_bb": 0.000178693036342075,
          "reference_probabilities": [
            0.00017421603843104094,
            0.9998257756233215
          ]
        },
        {
          "action_values_bb": [
            -0.9999999765127903,
            -0.6024586667636784
          ],
          "candidate_probabilities": [
            0.00017421603843104094,
            0.9998257756233215
          ],
          "class_index": 29,
          "conditional_hand_mass": 0.009049773810439787,
          "expected_action_loss_bb": 0.00006925807209717761,
          "hand": "54o",
          "probability_on_actions_losing_over_0_1bb": 0.00017421603843104094,
          "reference_expected_action_loss_bb": 0.00006925807209717761,
          "reference_probabilities": [
            0.00017421603843104094,
            0.9998257756233215
          ]
        },
        {
          "action_values_bb": [
            -0.9999999765127903,
            -0.6551304889288133
          ],
          "candidate_probabilities": [
            0.00017421603843104094,
            0.9998257756233215
          ],
          "class_index": 30,
          "conditional_hand_mass": 0.009049773810439787,
          "expected_action_loss_bb": 0.00006008179590262353,
          "hand": "64o",
          "probability_on_actions_losing_over_0_1bb": 0.00017421603843104094,
          "reference_expected_action_loss_bb": 0.00006008179590262353,
          "reference_probabilities": [
            0.00017421603843104094,
            0.9998257756233215
          ]
        },
        {
          "action_values_bb": [
            -0.9999999765127903,
            -0.774922460767955
          ],
          "candidate_probabilities": [
            0.00017421603843104094,
            0.9998257756233215
          ],
          "class_index": 31,
          "conditional_hand_mass": 0.009049773810439787,
          "expected_action_loss_bb": 0.00003921211313296544,
          "hand": "74o",
          "probability_on_actions_losing_over_0_1bb": 0.00017421603843104094,
          "reference_expected_action_loss_bb": 0.00003921211313296544,
          "reference_probabilities": [
            0.00017421603843104094,
            0.9998257756233215
          ]
        },
        {
          "action_values_bb": [
            -0.9999999765127903,
            -0.7732007084823328
          ],
          "candidate_probabilities": [
            0.00017421603843104094,
            0.9998257756233215
          ],
          "class_index": 32,
          "conditional_hand_mass": 0.009049773810439787,
          "expected_action_loss_bb": 0.000039512069995326135,
          "hand": "84o",
          "probability_on_actions_losing_over_0_1bb": 0.00017421603843104094,
          "reference_expected_action_loss_bb": 0.000039512069995326135,
          "reference_probabilities": [
            0.00017421603843104094,
            0.9998257756233215
          ]
        },
        {
          "action_values_bb": [
            -0.9999999765127903,
            -0.8202101493429879
          ],
          "candidate_probabilities": [
            0.00017421603843104094,
            0.9998257756233215
          ],
          "class_index": 33,
          "conditional_hand_mass": 0.009049773810439787,
          "expected_action_loss_bb": 0.00003132227143972451,
          "hand": "94o",
          "probability_on_actions_losing_over_0_1bb": 0.00017421603843104094,
          "reference_expected_action_loss_bb": 0.00003132227143972451,
          "reference_probabilities": [
            0.00017421603843104094,
            0.9998257756233215
          ]
        },
        {
          "action_values_bb": [
            -0.9999999765127903,
            -0.772089225841517
          ],
          "candidate_probabilities": [
            0.00017421603843104094,
            0.9998257756233215
          ],
          "class_index": 34,
          "conditional_hand_mass": 0.009049773810439787,
          "expected_action_loss_bb": 0.00003970570809779394,
          "hand": "T4o",
          "probability_on_actions_losing_over_0_1bb": 0.00017421603843104094,
          "reference_expected_action_loss_bb": 0.00003970570809779394,
          "reference_probabilities": [
            0.00017421603843104094,
            0.9998257756233215
          ]
        },
        {
          "action_values_bb": [
            -0.9999999765127903,
            -0.6732561859771861
          ],
          "candidate_probabilities": [
            0.00017421603843104094,
            0.9998257756233215
          ],
          "class_index": 35,
          "conditional_hand_mass": 0.009049773810439787,
          "expected_action_loss_bb": 0.00005692400876905482,
          "hand": "J4o",
          "probability_on_actions_losing_over_0_1bb": 0.00017421603843104094,
          "reference_expected_action_loss_bb": 0.00005692400876905482,
          "reference_probabilities": [
            0.00017421603843104094,
            0.9998257756233215
          ]
        },
        {
          "action_values_bb": [
            -0.9999999765127903,
            -0.5270424220204832
          ],
          "candidate_probabilities": [
            0.00017421603843104094,
            0.9998257756233215
          ],
          "class_index": 36,
          "conditional_hand_mass": 0.009049773810439787,
          "expected_action_loss_bb": 0.0000823967914896829,
          "hand": "Q4o",
          "probability_on_actions_losing_over_0_1bb": 0.00017421603843104094,
          "reference_expected_action_loss_bb": 0.0000823967914896829,
          "reference_probabilities": [
            0.00017421603843104094,
            0.9998257756233215
          ]
        },
        {
          "action_values_bb": [
            -0.9999999765127903,
            -0.23512409053179745
          ],
          "candidate_probabilities": [
            0.00017421603843104094,
            0.9998257756233215
          ],
          "class_index": 37,
          "conditional_hand_mass": 0.009049773810439787,
          "expected_action_loss_bb": 0.00013325364674704113,
          "hand": "K4o",
          "probability_on_actions_losing_over_0_1bb": 0.00017421603843104094,
          "reference_expected_action_loss_bb": 0.00013325364674704113,
          "reference_probabilities": [
            0.00017421603843104094,
            0.9998257756233215
          ]
        },
        {
          "action_values_bb": [
            -0.9999999765127903,
            -0.043153162360976986
          ],
          "candidate_probabilities": [
            0.00017421603843104094,
            0.9998257756233215
          ],
          "class_index": 38,
          "conditional_hand_mass": 0.009049773810439787,
          "expected_action_loss_bb": 0.0001666980613468914,
          "hand": "A4o",
          "probability_on_actions_losing_over_0_1bb": 0.00017421603843104094,
          "reference_expected_action_loss_bb": 0.0001666980613468914,
          "reference_probabilities": [
            0.00017421603843104094,
            0.9998257756233215
          ]
        },
        {
          "action_values_bb": [
            -0.9999999765127903,
            -0.5770125744428313
          ],
          "candidate_probabilities": [
            0.00017421608208678663,
            0.9998257756233215
          ],
          "class_index": 39,
          "conditional_hand_mass": 0.0030165911925363843,
          "expected_action_loss_bb": 0.00007369120796069659,
          "hand": "52s",
          "probability_on_actions_losing_over_0_1bb": 0.00017421608208678663,
          "reference_expected_action_loss_bb": 0.00007369120796069659,
          "reference_probabilities": [
            0.00017421608208678663,
            0.9998257756233215
          ]
        },
        {
          "action_values_bb": [
            -0.9999999765127903,
            -0.564561223082666
          ],
          "candidate_probabilities": [
            0.00017421608208678663,
            0.9998257756233215
          ],
          "class_index": 40,
          "conditional_hand_mass": 0.0030165911925363843,
          "expected_action_loss_bb": 0.00007586043361135057,
          "hand": "53s",
          "probability_on_actions_losing_over_0_1bb": 0.00017421608208678663,
          "reference_expected_action_loss_bb": 0.00007586043361135057,
          "reference_probabilities": [
            0.00017421608208678663,
            0.9998257756233215
          ]
        },
        {
          "action_values_bb": [
            -0.9999999765127903,
            -0.4003887900389088
          ],
          "candidate_probabilities": [
            0.00017421608208678663,
            0.9998257756233215
          ],
          "class_index": 41,
          "conditional_hand_mass": 0.0030165911925363843,
          "expected_action_loss_bb": 0.00010446191168288926,
          "hand": "54s",
          "probability_on_actions_losing_over_0_1bb": 0.00017421608208678663,
          "reference_expected_action_loss_bb": 0.00010446191168288926,
          "reference_probabilities": [
            0.00017421608208678663,
            0.9998257756233215
          ]
        },
        {
          "action_values_bb": [
            -0.9999999765127903,
            0.1966224239538697
          ],
          "candidate_probabilities": [
            0.00017421603843104094,
            0.9998257756233215
          ],
          "class_index": 42,
          "conditional_hand_mass": 0.0045248869052198935,
          "expected_action_loss_bb": 0.0002084708141071441,
          "hand": "55",
          "probability_on_actions_losing_over_0_1bb": 0.00017421603843104094,
          "reference_expected_action_loss_bb": 0.0002084708141071441,
          "reference_probabilities": [
            0.00017421603843104094,
            0.9998257756233215
          ]
        },
        {
          "action_values_bb": [
            -0.9999999765127903,
            -0.6062401866939009
          ],
          "candidate_probabilities": [
            0.00017421603843104094,
            0.9998257756233215
          ],
          "class_index": 43,
          "conditional_hand_mass": 0.009049773810439787,
          "expected_action_loss_bb": 0.00006859927067568624,
          "hand": "65o",
          "probability_on_actions_losing_over_0_1bb": 0.00017421603843104094,
          "reference_expected_action_loss_bb": 0.00006859927067568624,
          "reference_probabilities": [
            0.00017421603843104094,
            0.9998257756233215
          ]
        },
        {
          "action_values_bb": [
            -0.9999999765127903,
            -0.6843761768675288
          ],
          "candidate_probabilities": [
            0.00017421603843104094,
            0.9998257756233215
          ],
          "class_index": 44,
          "conditional_hand_mass": 0.009049773810439787,
          "expected_action_loss_bb": 0.000054986728008750037,
          "hand": "75o",
          "probability_on_actions_losing_over_0_1bb": 0.00017421603843104094,
          "reference_expected_action_loss_bb": 0.000054986728008750037,
          "reference_probabilities": [
            0.00017421603843104094,
            0.9998257756233215
          ]
        },
        {
          "action_values_bb": [
            -0.9999999765127903,
            -0.719855265690928
          ],
          "candidate_probabilities": [
            0.00017421603843104094,
            0.9998257756233215
          ],
          "class_index": 45,
          "conditional_hand_mass": 0.009049773810439787,
          "expected_action_loss_bb": 0.00004880570170679442,
          "hand": "85o",
          "probability_on_actions_losing_over_0_1bb": 0.00017421603843104094,
          "reference_expected_action_loss_bb": 0.00004880570170679442,
          "reference_probabilities": [
            0.00017421603843104094,
            0.9998257756233215
          ]
        },
        {
          "action_values_bb": [
            -0.9999999765127903,
            -0.6602447465241075
          ],
          "candidate_probabilities": [
            0.00017421603843104094,
            0.9998257756233215
          ],
          "class_index": 46,
          "conditional_hand_mass": 0.009049773810439787,
          "expected_action_loss_bb": 0.00005919081020485552,
          "hand": "95o",
          "probability_on_actions_losing_over_0_1bb": 0.00017421603843104094,
          "reference_expected_action_loss_bb": 0.00005919081020485552,
          "reference_probabilities": [
            0.00017421603843104094,
            0.9998257756233215
          ]
        },
        {
          "action_values_bb": [
            -0.9999999765127903,
            -0.6758530597689782
          ],
          "candidate_probabilities": [
            0.00017421603843104094,
            0.9998257756233215
          ],
          "class_index": 47,
          "conditional_hand_mass": 0.009049773810439787,
          "expected_action_loss_bb": 0.000056471591704743384,
          "hand": "T5o",
          "probability_on_actions_losing_over_0_1bb": 0.00017421603843104094,
          "reference_expected_action_loss_bb": 0.000056471591704743384,
          "reference_probabilities": [
            0.00017421603843104094,
            0.9998257756233215
          ]
        },
        {
          "action_values_bb": [
            -0.9999999765127903,
            -0.6326531131170452
          ],
          "candidate_probabilities": [
            0.00017421603843104094,
            0.9998257756233215
          ],
          "class_index": 48,
          "conditional_hand_mass": 0.009049773810439787,
          "expected_action_loss_bb": 0.00006399771527087546,
          "hand": "J5o",
          "probability_on_actions_losing_over_0_1bb": 0.00017421603843104094,
          "reference_expected_action_loss_bb": 0.00006399771527087546,
          "reference_probabilities": [
            0.00017421603843104094,
            0.9998257756233215
          ]
        },
        {
          "action_values_bb": [
            -0.9999999765127903,
            -0.39101994594528855
          ],
          "candidate_probabilities": [
            0.00017421603843104094,
            0.9998257756233215
          ],
          "class_index": 49,
          "conditional_hand_mass": 0.009049773810439787,
          "expected_action_loss_bb": 0.00010609408840908437,
          "hand": "Q5o",
          "probability_on_actions_losing_over_0_1bb": 0.00017421603843104094,
          "reference_expected_action_loss_bb": 0.00010609408840908437,
          "reference_probabilities": [
            0.00017421603843104094,
            0.9998257756233215
          ]
        },
        {
          "action_values_bb": [
            -0.9999999765127903,
            -0.19840018935251832
          ],
          "candidate_probabilities": [
            0.00017421603843104094,
            0.9998257756233215
          ],
          "class_index": 50,
          "conditional_hand_mass": 0.009049773810439787,
          "expected_action_loss_bb": 0.00013965153932622818,
          "hand": "K5o",
          "probability_on_actions_losing_over_0_1bb": 0.00017421603843104094,
          "reference_expected_action_loss_bb": 0.00013965153932622818,
          "reference_probabilities": [
            0.00017421603843104094,
            0.9998257756233215
          ]
        },
        {
          "action_values_bb": [
            -0.9999999765127903,
            0.03316676455080261
          ],
          "candidate_probabilities": [
            0.00017421603843104094,
            0.9998257756233215
          ],
          "class_index": 51,
          "conditional_hand_mass": 0.009049773810439787,
          "expected_action_loss_bb": 0.00017999421666680825,
          "hand": "A5o",
          "probability_on_actions_losing_over_0_1bb": 0.00017421603843104094,
          "reference_expected_action_loss_bb": 0.00017999421666680825,
          "reference_probabilities": [
            0.00017421603843104094,
            0.9998257756233215
          ]
        },
        {
          "action_values_bb": [
            -0.9999999765127903,
            -0.7553819538251278
          ],
          "candidate_probabilities": [
            0.00017421608208678663,
            0.9998257756233215
          ],
          "class_index": 52,
          "conditional_hand_mass": 0.0030165911925363843,
          "expected_action_loss_bb": 0.00004261639352046123,
          "hand": "62s",
          "probability_on_actions_losing_over_0_1bb": 0.00017421608208678663,
          "reference_expected_action_loss_bb": 0.00004261639352046123,
          "reference_probabilities": [
            0.00017421608208678663,
            0.9998257756233215
          ]
        },
        {
          "action_values_bb": [
            -0.9999999765127903,
            -0.604182054468659
          ],
          "candidate_probabilities": [
            0.00017421608208678663,
            0.9998257756233215
          ],
          "class_index": 53,
          "conditional_hand_mass": 0.0030165911925363843,
          "expected_action_loss_bb": 0.00006895784759826168,
          "hand": "63s",
          "probability_on_actions_losing_over_0_1bb": 0.00017421608208678663,
          "reference_expected_action_loss_bb": 0.00006895784759826168,
          "reference_probabilities": [
            0.00017421608208678663,
            0.9998257756233215
          ]
        },
        {
          "action_values_bb": [
            -0.9999999765127903,
            -0.5121901028927258
          ],
          "candidate_probabilities": [
            0.00017421608208678663,
            0.9998257756233215
          ],
          "class_index": 54,
          "conditional_hand_mass": 0.0030165911925363843,
          "expected_action_loss_bb": 0.00008498432498533816,
          "hand": "64s",
          "probability_on_actions_losing_over_0_1bb": 0.00017421608208678663,
          "reference_expected_action_loss_bb": 0.00008498432498533816,
          "reference_probabilities": [
            0.00017421608208678663,
            0.9998257756233215
          ]
        },
        {
          "action_values_bb": [
            -0.9999999765127903,
            -0.43145900345871874
          ],
          "candidate_probabilities": [
            0.00017421608208678663,
            0.9998257756233215
          ],
          "class_index": 55,
          "conditional_hand_mass": 0.0030165911925363843,
          "expected_action_loss_bb": 0.00009904898083128967,
          "hand": "65s",
          "probability_on_actions_losing_over_0_1bb": 0.00017421608208678663,
          "reference_expected_action_loss_bb": 0.00009904898083128967,
          "reference_probabilities": [
            0.00017421608208678663,
            0.9998257756233215
          ]
        },
        {
          "action_values_bb": [
            -0.9999999765127903,
            0.31436336473077325
          ],
          "candidate_probabilities": [
            0.00017421603843104094,
            0.9998257756233215
          ],
          "class_index": 56,
          "conditional_hand_mass": 0.0045248869052198935,
          "expected_action_loss_bb": 0.00022898317437044006,
          "hand": "66",
          "probability_on_actions_losing_over_0_1bb": 0.00017421603843104094,
          "reference_expected_action_loss_bb": 0.00022898317437044006,
          "reference_probabilities": [
            0.00017421603843104094,
            0.9998257756233215
          ]
        },
        {
          "action_values_bb": [
            -0.9999999765127903,
            -0.5488432937034283
          ],
          "candidate_probabilities": [
            0.00017421603843104094,
            0.9998257756233215
          ],
          "class_index": 57,
          "conditional_hand_mass": 0.009049773810439787,
          "expected_action_loss_bb": 0.00007859872999073674,
          "hand": "76o",
          "probability_on_actions_losing_over_0_1bb": 0.00017421603843104094,
          "reference_expected_action_loss_bb": 0.00007859872999073674,
          "reference_probabilities": [
            0.00017421603843104094,
            0.9998257756233215
          ]
        },
        {
          "action_values_bb": [
            -0.9999999765127903,
            -0.6449598589760435
          ],
          "candidate_probabilities": [
            0.00017421603843104094,
            0.9998257756233215
          ],
          "class_index": 58,
          "conditional_hand_mass": 0.009049773810439787,
          "expected_action_loss_bb": 0.00006185368276134317,
          "hand": "86o",
          "probability_on_actions_losing_over_0_1bb": 0.00017421603843104094,
          "reference_expected_action_loss_bb": 0.00006185368276134317,
          "reference_probabilities": [
            0.00017421603843104094,
            0.9998257756233215
          ]
        },
        {
          "action_values_bb": [
            -0.9999999765127903,
            -0.602326671206512
          ],
          "candidate_probabilities": [
            0.00017421603843104094,
            0.9998257756233215
          ],
          "class_index": 59,
          "conditional_hand_mass": 0.009049773810439787,
          "expected_action_loss_bb": 0.00006928106784023766,
          "hand": "96o",
          "probability_on_actions_losing_over_0_1bb": 0.00017421603843104094,
          "reference_expected_action_loss_bb": 0.00006928106784023766,
          "reference_probabilities": [
            0.00017421603843104094,
            0.9998257756233215
          ]
        },
        {
          "action_values_bb": [
            -0.9999999765127903,
            -0.6504337366807876
          ],
          "candidate_probabilities": [
            0.00017421603843104094,
            0.9998257756233215
          ],
          "class_index": 60,
          "conditional_hand_mass": 0.009049773810439787,
          "expected_action_loss_bb": 0.00006090004547276665,
          "hand": "T6o",
          "probability_on_actions_losing_over_0_1bb": 0.00017421603843104094,
          "reference_expected_action_loss_bb": 0.00006090004547276665,
          "reference_probabilities": [
            0.00017421603843104094,
            0.9998257756233215
          ]
        },
        {
          "action_values_bb": [
            -0.9999999765127903,
            -0.6346313249804812
          ],
          "candidate_probabilities": [
            0.00017421603843104094,
            0.9998257756233215
          ],
          "class_index": 61,
          "conditional_hand_mass": 0.009049773810439787,
          "expected_action_loss_bb": 0.00006365307903685036,
          "hand": "J6o",
          "probability_on_actions_losing_over_0_1bb": 0.00017421603843104094,
          "reference_expected_action_loss_bb": 0.00006365307903685036,
          "reference_probabilities": [
            0.00017421603843104094,
            0.9998257756233215
          ]
        },
        {
          "action_values_bb": [
            -0.9999999765127903,
            -0.3781146366011023
          ],
          "candidate_probabilities": [
            0.00017421603843104094,
            0.9998257756233215
          ],
          "class_index": 62,
          "conditional_hand_mass": 0.009049773810439787,
          "expected_action_loss_bb": 0.00010834240027775559,
          "hand": "Q6o",
          "probability_on_actions_losing_over_0_1bb": 0.00017421603843104094,
          "reference_expected_action_loss_bb": 0.00010834240027775559,
          "reference_probabilities": [
            0.00017421603843104094,
            0.9998257756233215
          ]
        },
        {
          "action_values_bb": [
            -0.9999999765127903,
            -0.15411724002714958
          ],
          "candidate_probabilities": [
            0.00017421603843104094,
            0.9998257756233215
          ],
          "class_index": 63,
          "conditional_hand_mass": 0.009049773810439787,
          "expected_action_loss_bb": 0.00014736633932773647,
          "hand": "K6o",
          "probability_on_actions_losing_over_0_1bb": 0.00017421603843104094,
          "reference_expected_action_loss_bb": 0.00014736633932773647,
          "reference_probabilities": [
            0.00017421603843104094,
            0.9998257756233215
          ]
        },
        {
          "action_values_bb": [
            -0.9999999765127903,
            0.04645731467777629
          ],
          "candidate_probabilities": [
            0.00017421603843104094,
            0.9998257756233215
          ],
          "class_index": 64,
          "conditional_hand_mass": 0.009049773810439787,
          "expected_action_loss_bb": 0.00018230964365849875,
          "hand": "A6o",
          "probability_on_actions_losing_over_0_1bb": 0.00017421603843104094,
          "reference_expected_action_loss_bb": 0.00018230964365849875,
          "reference_probabilities": [
            0.00017421603843104094,
            0.9998257756233215
          ]
        },
        {
          "action_values_bb": [
            -0.9999999765127903,
            -0.7620189159551818
          ],
          "candidate_probabilities": [
            0.00017421608208678663,
            0.9998257756233215
          ],
          "class_index": 65,
          "conditional_hand_mass": 0.0030165911925363843,
          "expected_action_loss_bb": 0.00004146012798120486,
          "hand": "72s",
          "probability_on_actions_losing_over_0_1bb": 0.00017421608208678663,
          "reference_expected_action_loss_bb": 0.00004146012798120486,
          "reference_probabilities": [
            0.00017421608208678663,
            0.9998257756233215
          ]
        },
        {
          "action_values_bb": [
            -0.9999999765127903,
            -0.6387894647740111
          ],
          "candidate_probabilities": [
            0.00017421608208678663,
            0.9998257756233215
          ],
          "class_index": 66,
          "conditional_hand_mass": 0.0030165911925363843,
          "expected_action_loss_bb": 0.00006292868016369336,
          "hand": "73s",
          "probability_on_actions_losing_over_0_1bb": 0.00017421608208678663,
          "reference_expected_action_loss_bb": 0.00006292868016369336,
          "reference_probabilities": [
            0.00017421608208678663,
            0.9998257756233215
          ]
        },
        {
          "action_values_bb": [
            -0.9999999765127903,
            -0.6295290317689146
          ],
          "candidate_probabilities": [
            0.00017421608208678663,
            0.9998257756233215
          ],
          "class_index": 67,
          "conditional_hand_mass": 0.0030165911925363843,
          "expected_action_loss_bb": 0.00006454199652026843,
          "hand": "74s",
          "probability_on_actions_losing_over_0_1bb": 0.00017421608208678663,
          "reference_expected_action_loss_bb": 0.00006454199652026843,
          "reference_probabilities": [
            0.00017421608208678663,
            0.9998257756233215
          ]
        },
        {
          "action_values_bb": [
            -0.9999999765127903,
            -0.5323556843292883
          ],
          "candidate_probabilities": [
            0.00017421608208678663,
            0.9998257756233215
          ],
          "class_index": 68,
          "conditional_hand_mass": 0.0030165911925363843,
          "expected_action_loss_bb": 0.00008147115639445822,
          "hand": "75s",
          "probability_on_actions_losing_over_0_1bb": 0.00017421608208678663,
          "reference_expected_action_loss_bb": 0.00008147115639445822,
          "reference_probabilities": [
            0.00017421608208678663,
            0.9998257756233215
          ]
        },
        {
          "action_values_bb": [
            -0.9999999765127903,
            -0.3761066428904021
          ],
          "candidate_probabilities": [
            0.00017421608208678663,
            0.9998257756233215
          ],
          "class_index": 69,
          "conditional_hand_mass": 0.0030165911925363843,
          "expected_action_loss_bb": 0.00010869225222375693,
          "hand": "76s",
          "probability_on_actions_losing_over_0_1bb": 0.00017421608208678663,
          "reference_expected_action_loss_bb": 0.00010869225222375693,
          "reference_probabilities": [
            0.00017421608208678663,
            0.9998257756233215
          ]
        },
        {
          "action_values_bb": [
            -0.9999999765127903,
            0.32736742327806306
          ],
          "candidate_probabilities": [
            0.00017421603843104094,
            0.9998257756233215
          ],
          "class_index": 70,
          "conditional_hand_mass": 0.0045248869052198935,
          "expected_action_loss_bb": 0.00023124868993407418,
          "hand": "77",
          "probability_on_actions_losing_over_0_1bb": 0.00017421603843104094,
          "reference_expected_action_loss_bb": 0.00023124868993407418,
          "reference_probabilities": [
            0.00017421603843104094,
            0.9998257756233215
          ]
        },
        {
          "action_values_bb": [
            -0.9999999765127903,
            -0.6046562400079027
          ],
          "candidate_probabilities": [
            0.00017421603843104094,
            0.9998257756233215
          ],
          "class_index": 71,
          "conditional_hand_mass": 0.009049773810439787,
          "expected_action_loss_bb": 0.0000688752195924068,
          "hand": "87o",
          "probability_on_actions_losing_over_0_1bb": 0.00017421603843104094,
          "reference_expected_action_loss_bb": 0.0000688752195924068,
          "reference_probabilities": [
            0.00017421603843104094,
            0.9998257756233215
          ]
        },
        {
          "action_values_bb": [
            -0.9999999765127903,
            -0.6204654516097522
          ],
          "candidate_probabilities": [
            0.00017421603843104094,
            0.9998257756233215
          ],
          "class_index": 72,
          "conditional_hand_mass": 0.009049773810439787,
          "expected_action_loss_bb": 0.00006612100137641455,
          "hand": "97o",
          "probability_on_actions_losing_over_0_1bb": 0.00017421603843104094,
          "reference_expected_action_loss_bb": 0.00006612100137641455,
          "reference_probabilities": [
            0.00017421603843104094,
            0.9998257756233215
          ]
        },
        {
          "action_values_bb": [
            -0.9999999765127903,
            -0.6176004981552308
          ],
          "candidate_probabilities": [
            0.00017421603843104094,
            0.9998257756233215
          ],
          "class_index": 73,
          "conditional_hand_mass": 0.009049773810439787,
          "expected_action_loss_bb": 0.0000666201222175506,
          "hand": "T7o",
          "probability_on_actions_losing_over_0_1bb": 0.00017421603843104094,
          "reference_expected_action_loss_bb": 0.0000666201222175506,
          "reference_probabilities": [
            0.00017421603843104094,
            0.9998257756233215
          ]
        },
        {
          "action_values_bb": [
            -0.9999999765127903,
            -0.5913468529701279
          ],
          "candidate_probabilities": [
            0.00017421603843104094,
            0.9998257756233215
          ],
          "class_index": 74,
          "conditional_hand_mass": 0.009049773810439787,
          "expected_action_loss_bb": 0.0000711939282760734,
          "hand": "J7o",
          "probability_on_actions_losing_over_0_1bb": 0.00017421603843104094,
          "reference_expected_action_loss_bb": 0.0000711939282760734,
          "reference_probabilities": [
            0.00017421603843104094,
            0.9998257756233215
          ]
        },
        {
          "action_values_bb": [
            -0.9999999765127903,
            -0.41158035204485893
          ],
          "candidate_probabilities": [
            0.00017421603843104094,
            0.9998257756233215
          ],
          "class_index": 75,
          "conditional_hand_mass": 0.009049773810439787,
          "expected_action_loss_bb": 0.00010251213590988381,
          "hand": "Q7o",
          "probability_on_actions_losing_over_0_1bb": 0.00017421603843104094,
          "reference_expected_action_loss_bb": 0.00010251213590988381,
          "reference_probabilities": [
            0.00017421603843104094,
            0.9998257756233215
          ]
        },
        {
          "action_values_bb": [
            -0.9999999765127903,
            -0.13082234820424474
          ],
          "candidate_probabilities": [
            0.00017421603843104094,
            0.9998257756233215
          ],
          "class_index": 76,
          "conditional_hand_mass": 0.009049773810439787,
          "expected_action_loss_bb": 0.00015142468309680259,
          "hand": "K7o",
          "probability_on_actions_losing_over_0_1bb": 0.00017421603843104094,
          "reference_expected_action_loss_bb": 0.00015142468309680259,
          "reference_probabilities": [
            0.00017421603843104094,
            0.9998257756233215
          ]
        },
        {
          "action_values_bb": [
            -0.9999999765127903,
            -0.000914497824878079
          ],
          "candidate_probabilities": [
            0.00017421603843104094,
            0.9998257756233215
          ],
          "class_index": 77,
          "conditional_hand_mass": 0.009049773810439787,
          "expected_action_loss_bb": 0.00017405671415098825,
          "hand": "A7o",
          "probability_on_actions_losing_over_0_1bb": 0.00017421603843104094,
          "reference_expected_action_loss_bb": 0.00017405671415098825,
          "reference_probabilities": [
            0.00017421603843104094,
            0.9998257756233215
          ]
        },
        {
          "action_values_bb": [
            -0.9999999765127903,
            -0.685798260074393
          ],
          "candidate_probabilities": [
            0.00017421608208678663,
            0.9998257756233215
          ],
          "class_index": 78,
          "conditional_hand_mass": 0.0030165911925363843,
          "expected_action_loss_bb": 0.00005473899202284107,
          "hand": "82s",
          "probability_on_actions_losing_over_0_1bb": 0.00017421608208678663,
          "reference_expected_action_loss_bb": 0.00005473899202284107,
          "reference_probabilities": [
            0.00017421608208678663,
            0.9998257756233215
          ]
        },
        {
          "action_values_bb": [
            -0.9999999765127903,
            -0.6992547487797243
          ],
          "candidate_probabilities": [
            0.00017421608208678663,
            0.9998257756233215
          ],
          "class_index": 79,
          "conditional_hand_mass": 0.0030165911925363843,
          "expected_action_loss_bb": 0.000052394655281953164,
          "hand": "83s",
          "probability_on_actions_losing_over_0_1bb": 0.00017421608208678663,
          "reference_expected_action_loss_bb": 0.000052394655281953164,
          "reference_probabilities": [
            0.00017421608208678663,
            0.9998257756233215
          ]
        },
        {
          "action_values_bb": [
            -0.9999999765127903,
            -0.585722559721759
          ],
          "candidate_probabilities": [
            0.00017421608208678663,
            0.9998257756233215
          ],
          "class_index": 80,
          "conditional_hand_mass": 0.0030165911925363843,
          "expected_action_loss_bb": 0.00007217378845036821,
          "hand": "84s",
          "probability_on_actions_losing_over_0_1bb": 0.00017421608208678663,
          "reference_expected_action_loss_bb": 0.00007217378845036821,
          "reference_probabilities": [
            0.00017421608208678663,
            0.9998257756233215
          ]
        },
        {
          "action_values_bb": [
            -0.9999999765127903,
            -0.49251385614314847
          ],
          "candidate_probabilities": [
            0.00017421608208678663,
            0.9998257756233215
          ],
          "class_index": 81,
          "conditional_hand_mass": 0.0030165911925363843,
          "expected_action_loss_bb": 0.0000884122436042224,
          "hand": "85s",
          "probability_on_actions_losing_over_0_1bb": 0.00017421608208678663,
          "reference_expected_action_loss_bb": 0.0000884122436042224,
          "reference_probabilities": [
            0.00017421608208678663,
            0.9998257756233215
          ]
        },
        {
          "action_values_bb": [
            -0.9999999765127903,
            -0.5029749451814471
          ],
          "candidate_probabilities": [
            0.00017421608208678663,
            0.9998257756233215
          ],
          "class_index": 82,
          "conditional_hand_mass": 0.0030165911925363843,
          "expected_action_loss_bb": 0.00008658975365760897,
          "hand": "86s",
          "probability_on_actions_losing_over_0_1bb": 0.00017421608208678663,
          "reference_expected_action_loss_bb": 0.00008658975365760897,
          "reference_probabilities": [
            0.00017421608208678663,
            0.9998257756233215
          ]
        },
        {
          "action_values_bb": [
            -0.9999999765127903,
            -0.4160859754147052
          ],
          "candidate_probabilities": [
            0.00017421608208678663,
            0.9998257756233215
          ],
          "class_index": 83,
          "conditional_hand_mass": 0.0030165911925363843,
          "expected_action_loss_bb": 0.000101727209546928,
          "hand": "87s",
          "probability_on_actions_losing_over_0_1bb": 0.00017421608208678663,
          "reference_expected_action_loss_bb": 0.000101727209546928,
          "reference_probabilities": [
            0.00017421608208678663,
            0.9998257756233215
          ]
        },
        {
          "action_values_bb": [
            -0.9999999765127903,
            0.5739095813969542
          ],
          "candidate_probabilities": [
            0.00017421603843104094,
            0.9998257756233215
          ],
          "class_index": 84,
          "conditional_hand_mass": 0.0045248869052198935,
          "expected_action_loss_bb": 0.00027420028802778673,
          "hand": "88",
          "probability_on_actions_losing_over_0_1bb": 0.00017421603843104094,
          "reference_expected_action_loss_bb": 0.00027420028802778673,
          "reference_probabilities": [
            0.00017421603843104094,
            0.9998257756233215
          ]
        },
        {
          "action_values_bb": [
            -0.9999999765127903,
            -0.5547637700050805
          ],
          "candidate_probabilities": [
            0.00017421603843104094,
            0.9998257756233215
          ],
          "class_index": 85,
          "conditional_hand_mass": 0.009049773810439787,
          "expected_action_loss_bb": 0.00007756728806383805,
          "hand": "98o",
          "probability_on_actions_losing_over_0_1bb": 0.00017421603843104094,
          "reference_expected_action_loss_bb": 0.00007756728806383805,
          "reference_probabilities": [
            0.00017421603843104094,
            0.9998257756233215
          ]
        },
        {
          "action_values_bb": [
            -0.9999999765127903,
            -0.5111710214456617
          ],
          "candidate_probabilities": [
            0.00017421603843104094,
            0.9998257756233215
          ],
          "class_index": 86,
          "conditional_hand_mass": 0.009049773810439787,
          "expected_action_loss_bb": 0.00008516184402218045,
          "hand": "T8o",
          "probability_on_actions_losing_over_0_1bb": 0.00017421603843104094,
          "reference_expected_action_loss_bb": 0.00008516184402218045,
          "reference_probabilities": [
            0.00017421603843104094,
            0.9998257756233215
          ]
        },
        {
          "action_values_bb": [
            -0.9999999765127903,
            -0.4027310548590033
          ],
          "candidate_probabilities": [
            0.00017421603843104094,
            0.9998257756233215
          ],
          "class_index": 87,
          "conditional_hand_mass": 0.009049773810439787,
          "expected_action_loss_bb": 0.00010405382540850253,
          "hand": "J8o",
          "probability_on_actions_losing_over_0_1bb": 0.00017421603843104094,
          "reference_expected_action_loss_bb": 0.00010405382540850253,
          "reference_probabilities": [
            0.00017421603843104094,
            0.9998257756233215
          ]
        },
        {
          "action_values_bb": [
            -0.9999999765127903,
            -0.2193982853172284
          ],
          "candidate_probabilities": [
            0.00017421603843104094,
            0.9998257756233215
          ],
          "class_index": 88,
          "conditional_hand_mass": 0.009049773810439787,
          "expected_action_loss_bb": 0.00013599333423266156,
          "hand": "Q8o",
          "probability_on_actions_losing_over_0_1bb": 0.00017421603843104094,
          "reference_expected_action_loss_bb": 0.00013599333423266156,
          "reference_probabilities": [
            0.00017421603843104094,
            0.9998257756233215
          ]
        },
        {
          "action_values_bb": [
            -0.9999999765127903,
            0.08062620126930264
          ],
          "candidate_probabilities": [
            0.00017421603843104094,
            0.9998257756233215
          ],
          "class_index": 89,
          "conditional_hand_mass": 0.009049773810439787,
          "expected_action_loss_bb": 0.000188262411718074,
          "hand": "K8o",
          "probability_on_actions_losing_over_0_1bb": 0.00017421603843104094,
          "reference_expected_action_loss_bb": 0.000188262411718074,
          "reference_probabilities": [
            0.00017421603843104094,
            0.9998257756233215
          ]
        },
        {
          "action_values_bb": [
            -0.9999999765127903,
            0.1878828504957597
          ],
          "candidate_probabilities": [
            0.00017421603843104094,
            0.9998257756233215
          ],
          "class_index": 90,
          "conditional_hand_mass": 0.009049773810439787,
          "expected_action_loss_bb": 0.0002069482402416951,
          "hand": "A8o",
          "probability_on_actions_losing_over_0_1bb": 0.00017421603843104094,
          "reference_expected_action_loss_bb": 0.0002069482402416951,
          "reference_probabilities": [
            0.00017421603843104094,
            0.9998257756233215
          ]
        },
        {
          "action_values_bb": [
            -0.9999999765127903,
            -0.6489294521324861
          ],
          "candidate_probabilities": [
            0.00017421608208678663,
            0.9998257756233215
          ],
          "class_index": 91,
          "conditional_hand_mass": 0.0030165911925363843,
          "expected_action_loss_bb": 0.0000611621312936903,
          "hand": "92s",
          "probability_on_actions_losing_over_0_1bb": 0.00017421608208678663,
          "reference_expected_action_loss_bb": 0.0000611621312936903,
          "reference_probabilities": [
            0.00017421608208678663,
            0.9998257756233215
          ]
        },
        {
          "action_values_bb": [
            -0.9999999765127903,
            -0.5222304157450393
          ],
          "candidate_probabilities": [
            0.00017421608208678663,
            0.9998257756233215
          ],
          "class_index": 92,
          "conditional_hand_mass": 0.0030165911925363843,
          "expected_action_loss_bb": 0.0000832351410172825,
          "hand": "93s",
          "probability_on_actions_losing_over_0_1bb": 0.00017421608208678663,
          "reference_expected_action_loss_bb": 0.0000832351410172825,
          "reference_probabilities": [
            0.00017421608208678663,
            0.9998257756233215
          ]
        },
        {
          "action_values_bb": [
            -0.9999999765127903,
            -0.5824985026060061
          ],
          "candidate_probabilities": [
            0.00017421608208678663,
            0.9998257756233215
          ],
          "class_index": 93,
          "conditional_hand_mass": 0.0030165911925363843,
          "expected_action_loss_bb": 0.00007273547104949871,
          "hand": "94s",
          "probability_on_actions_losing_over_0_1bb": 0.00017421608208678663,
          "reference_expected_action_loss_bb": 0.00007273547104949871,
          "reference_probabilities": [
            0.00017421608208678663,
            0.9998257756233215
          ]
        },
        {
          "action_values_bb": [
            -0.9999999765127903,
            -0.47365553425954743
          ],
          "candidate_probabilities": [
            0.00017421608208678663,
            0.9998257756233215
          ],
          "class_index": 94,
          "conditional_hand_mass": 0.0030165911925363843,
          "expected_action_loss_bb": 0.00009169766655751487,
          "hand": "95s",
          "probability_on_actions_losing_over_0_1bb": 0.00017421608208678663,
          "reference_expected_action_loss_bb": 0.00009169766655751487,
          "reference_probabilities": [
            0.00017421608208678663,
            0.9998257756233215
          ]
        },
        {
          "action_values_bb": [
            -0.9999999765127903,
            -0.4405470288335547
          ],
          "candidate_probabilities": [
            0.00017421608208678663,
            0.9998257756233215
          ],
          "class_index": 95,
          "conditional_hand_mass": 0.0030165911925363843,
          "expected_action_loss_bb": 0.00009746570065658045,
          "hand": "96s",
          "probability_on_actions_losing_over_0_1bb": 0.00017421608208678663,
          "reference_expected_action_loss_bb": 0.00009746570065658045,
          "reference_probabilities": [
            0.00017421608208678663,
            0.9998257756233215
          ]
        },
        {
          "action_values_bb": [
            -0.9999999765127903,
            -0.441325101112007
          ],
          "candidate_probabilities": [
            0.00017421608208678663,
            0.9998257756233215
          ],
          "class_index": 96,
          "conditional_hand_mass": 0.0030165911925363843,
          "expected_action_loss_bb": 0.00009733014795264816,
          "hand": "97s",
          "probability_on_actions_losing_over_0_1bb": 0.00017421608208678663,
          "reference_expected_action_loss_bb": 0.00009733014795264816,
          "reference_probabilities": [
            0.00017421608208678663,
            0.9998257756233215
          ]
        },
        {
          "action_values_bb": [
            -0.9999999765127903,
            -0.3015361251422766
          ],
          "candidate_probabilities": [
            0.00017421608208678663,
            0.9998257756233215
          ],
          "class_index": 97,
          "conditional_hand_mass": 0.0030165911925363843,
          "expected_action_loss_bb": 0.00012168363566501855,
          "hand": "98s",
          "probability_on_actions_losing_over_0_1bb": 0.00017421608208678663,
          "reference_expected_action_loss_bb": 0.00012168363566501855,
          "reference_probabilities": [
            0.00017421608208678663,
            0.9998257756233215
          ]
        },
        {
          "action_values_bb": [
            -0.9999999765127903,
            0.8499225343217794
          ],
          "candidate_probabilities": [
            0.00017421603843104094,
            0.9998257756233215
          ],
          "class_index": 98,
          "conditional_hand_mass": 0.0045248869052198935,
          "expected_action_loss_bb": 0.00032228617124200313,
          "hand": "99",
          "probability_on_actions_losing_over_0_1bb": 0.00017421603843104094,
          "reference_expected_action_loss_bb": 0.00032228617124200313,
          "reference_probabilities": [
            0.00017421603843104094,
            0.9998257756233215
          ]
        },
        {
          "action_values_bb": [
            -0.9999999765127903,
            -0.2854167218292184
          ],
          "candidate_probabilities": [
            0.00017421603843104094,
            0.9998257756233215
          ],
          "class_index": 99,
          "conditional_hand_mass": 0.009049773810439787,
          "expected_action_loss_bb": 0.00012449186376013147,
          "hand": "T9o",
          "probability_on_actions_losing_over_0_1bb": 0.00017421603843104094,
          "reference_expected_action_loss_bb": 0.00012449186376013147,
          "reference_probabilities": [
            0.00017421603843104094,
            0.9998257756233215
          ]
        },
        {
          "action_values_bb": [
            -0.9999999765127903,
            -0.24356851383306105
          ],
          "candidate_probabilities": [
            0.00017421603843104094,
            0.9998257756233215
          ],
          "class_index": 100,
          "conditional_hand_mass": 0.009049773810439787,
          "expected_action_loss_bb": 0.00013178249277266023,
          "hand": "J9o",
          "probability_on_actions_losing_over_0_1bb": 0.00017421603843104094,
          "reference_expected_action_loss_bb": 0.00013178249277266023,
          "reference_probabilities": [
            0.00017421603843104094,
            0.9998257756233215
          ]
        },
        {
          "action_values_bb": [
            -0.9999999765127903,
            -0.07952521974226205
          ],
          "candidate_probabilities": [
            0.00017421603843104094,
            0.9998257756233215
          ],
          "class_index": 101,
          "conditional_hand_mass": 0.009049773810439787,
          "expected_action_loss_bb": 0.00016036146560033742,
          "hand": "Q9o",
          "probability_on_actions_losing_over_0_1bb": 0.00017421603843104094,
          "reference_expected_action_loss_bb": 0.00016036146560033742,
          "reference_probabilities": [
            0.00017421603843104094,
            0.9998257756233215
          ]
        },
        {
          "action_values_bb": [
            -0.9999999765127903,
            0.11300253913192712
          ],
          "candidate_probabilities": [
            0.00017421603843104094,
            0.9998257756233215
          ],
          "class_index": 102,
          "conditional_hand_mass": 0.009049773810439787,
          "expected_action_loss_bb": 0.00019390288903940533,
          "hand": "K9o",
          "probability_on_actions_losing_over_0_1bb": 0.00017421603843104094,
          "reference_expected_action_loss_bb": 0.00019390288903940533,
          "reference_probabilities": [
            0.00017421603843104094,
            0.9998257756233215
          ]
        },
        {
          "action_values_bb": [
            -0.9999999765127903,
            0.22628561723985355
          ],
          "candidate_probabilities": [
            0.00017421603843104094,
            0.9998257756233215
          ],
          "class_index": 103,
          "conditional_hand_mass": 0.009049773810439787,
          "expected_action_loss_bb": 0.00021363861812864244,
          "hand": "A9o",
          "probability_on_actions_losing_over_0_1bb": 0.00017421603843104094,
          "reference_expected_action_loss_bb": 0.00021363861812864244,
          "reference_probabilities": [
            0.00017421603843104094,
            0.9998257756233215
          ]
        },
        {
          "action_values_bb": [
            -0.9999999765127903,
            -0.6039533539825871
          ],
          "candidate_probabilities": [
            0.00017421608208678663,
            0.9998257756233215
          ],
          "class_index": 104,
          "conditional_hand_mass": 0.0030165911925363843,
          "expected_action_loss_bb": 0.00006899769090091648,
          "hand": "T2s",
          "probability_on_actions_losing_over_0_1bb": 0.00017421608208678663,
          "reference_expected_action_loss_bb": 0.00006899769090091648,
          "reference_probabilities": [
            0.00017421608208678663,
            0.9998257756233215
          ]
        },
        {
          "action_values_bb": [
            -0.9999999765127903,
            -0.5693570903512833
          ],
          "candidate_probabilities": [
            0.00017421608208678663,
            0.9998257756233215
          ],
          "class_index": 105,
          "conditional_hand_mass": 0.0030165911925363843,
          "expected_action_loss_bb": 0.0000750249164056038,
          "hand": "T3s",
          "probability_on_actions_losing_over_0_1bb": 0.00017421608208678663,
          "reference_expected_action_loss_bb": 0.0000750249164056038,
          "reference_probabilities": [
            0.00017421608208678663,
            0.9998257756233215
          ]
        },
        {
          "action_values_bb": [
            -0.9999999765127903,
            -0.5323212114107065
          ],
          "candidate_probabilities": [
            0.00017421608208678663,
            0.9998257756233215
          ],
          "class_index": 106,
          "conditional_hand_mass": 0.0030165911925363843,
          "expected_action_loss_bb": 0.00008147716213127162,
          "hand": "T4s",
          "probability_on_actions_losing_over_0_1bb": 0.00017421608208678663,
          "reference_expected_action_loss_bb": 0.00008147716213127162,
          "reference_probabilities": [
            0.00017421608208678663,
            0.9998257756233215
          ]
        },
        {
          "action_values_bb": [
            -0.9999999765127903,
            -0.48910878392682744
          ],
          "candidate_probabilities": [
            0.00017421608208678663,
            0.9998257756233215
          ],
          "class_index": 107,
          "conditional_hand_mass": 0.0030165911925363843,
          "expected_action_loss_bb": 0.00008900546194497242,
          "hand": "T5s",
          "probability_on_actions_losing_over_0_1bb": 0.00017421608208678663,
          "reference_expected_action_loss_bb": 0.00008900546194497242,
          "reference_probabilities": [
            0.00017421608208678663,
            0.9998257756233215
          ]
        },
        {
          "action_values_bb": [
            -0.9999999765127903,
            -0.42400437468679775
          ],
          "candidate_probabilities": [
            0.00017421608208678663,
            0.9998257756233215
          ],
          "class_index": 108,
          "conditional_hand_mass": 0.0030165911925363843,
          "expected_action_loss_bb": 0.00010034769704934518,
          "hand": "T6s",
          "probability_on_actions_losing_over_0_1bb": 0.00017421608208678663,
          "reference_expected_action_loss_bb": 0.00010034769704934518,
          "reference_probabilities": [
            0.00017421608208678663,
            0.9998257756233215
          ]
        },
        {
          "action_values_bb": [
            -0.9999999765127903,
            -0.3605049573976681
          ],
          "candidate_probabilities": [
            0.00017421608208678663,
            0.9998257756233215
          ],
          "class_index": 109,
          "conditional_hand_mass": 0.0030165911925363843,
          "expected_action_loss_bb": 0.00011141031674425132,
          "hand": "T7s",
          "probability_on_actions_losing_over_0_1bb": 0.00017421608208678663,
          "reference_expected_action_loss_bb": 0.00011141031674425132,
          "reference_probabilities": [
            0.00017421608208678663,
            0.9998257756233215
          ]
        },
        {
          "action_values_bb": [
            -0.9999999765127903,
            -0.27376969553194347
          ],
          "candidate_probabilities": [
            0.00017421608208678663,
            0.9998257756233215
          ],
          "class_index": 110,
          "conditional_hand_mass": 0.0030165911925363843,
          "expected_action_loss_bb": 0.00012652099424526931,
          "hand": "T8s",
          "probability_on_actions_losing_over_0_1bb": 0.00017421608208678663,
          "reference_expected_action_loss_bb": 0.00012652099424526931,
          "reference_probabilities": [
            0.00017421608208678663,
            0.9998257756233215
          ]
        },
        {
          "action_values_bb": [
            -0.9999999765127903,
            -0.0810190462141399
          ],
          "candidate_probabilities": [
            0.00017421608208678663,
            0.9998257756233215
          ],
          "class_index": 111,
          "conditional_hand_mass": 0.0030165911925363843,
          "expected_action_loss_bb": 0.0001601012571891012,
          "hand": "T9s",
          "probability_on_actions_losing_over_0_1bb": 0.00017421608208678663,
          "reference_expected_action_loss_bb": 0.0001601012571891012,
          "reference_probabilities": [
            0.00017421608208678663,
            0.9998257756233215
          ]
        },
        {
          "action_values_bb": [
            -0.9999999765127903,
            1.0595624659952945
          ],
          "candidate_probabilities": [
            0.00017421603843104094,
            0.9998257756233215
          ],
          "class_index": 112,
          "conditional_hand_mass": 0.0045248869052198935,
          "expected_action_loss_bb": 0.0003588088096351171,
          "hand": "TT",
          "probability_on_actions_losing_over_0_1bb": 0.00017421603843104094,
          "reference_expected_action_loss_bb": 0.0003588088096351171,
          "reference_probabilities": [
            0.00017421603843104094,
            0.9998257756233215
          ]
        },
        {
          "action_values_bb": [
            -0.9999999765127903,
            -0.0757600217276104
          ],
          "candidate_probabilities": [
            0.00017421603843104094,
            0.9998257756233215
          ],
          "class_index": 113,
          "conditional_hand_mass": 0.009049773810439787,
          "expected_action_loss_bb": 0.00016101742348235843,
          "hand": "JTo",
          "probability_on_actions_losing_over_0_1bb": 0.00017421603843104094,
          "reference_expected_action_loss_bb": 0.00016101742348235843,
          "reference_probabilities": [
            0.00017421603843104094,
            0.9998257756233215
          ]
        },
        {
          "action_values_bb": [
            -0.9999999765127903,
            0.061957684865321286
          ],
          "candidate_probabilities": [
            0.00017421603843104094,
            0.9998257756233215
          ],
          "class_index": 114,
          "conditional_hand_mass": 0.009049773810439787,
          "expected_action_loss_bb": 0.00018501005674678746,
          "hand": "QTo",
          "probability_on_actions_losing_over_0_1bb": 0.00017421603843104094,
          "reference_expected_action_loss_bb": 0.00018501005674678746,
          "reference_probabilities": [
            0.00017421603843104094,
            0.9998257756233215
          ]
        },
        {
          "action_values_bb": [
            -0.9999999765127903,
            0.25813506494660726
          ],
          "candidate_probabilities": [
            0.00017421603843104094,
            0.9998257756233215
          ],
          "class_index": 115,
          "conditional_hand_mass": 0.009049773810439787,
          "expected_action_loss_bb": 0.00021918730273432968,
          "hand": "KTo",
          "probability_on_actions_losing_over_0_1bb": 0.00017421603843104094,
          "reference_expected_action_loss_bb": 0.00021918730273432968,
          "reference_probabilities": [
            0.00017421603843104094,
            0.9998257756233215
          ]
        },
        {
          "action_values_bb": [
            -0.9999999765127903,
            0.3733157997552288
          ],
          "candidate_probabilities": [
            0.00017421603843104094,
            0.9998257756233215
          ],
          "class_index": 116,
          "conditional_hand_mass": 0.009049773810439787,
          "expected_action_loss_bb": 0.00023925363405626402,
          "hand": "ATo",
          "probability_on_actions_losing_over_0_1bb": 0.00017421603843104094,
          "reference_expected_action_loss_bb": 0.00023925363405626402,
          "reference_probabilities": [
            0.00017421603843104094,
            0.9998257756233215
          ]
        },
        {
          "action_values_bb": [
            -0.9999999765127903,
            -0.4985896972838522
          ],
          "candidate_probabilities": [
            0.00017421608208678663,
            0.9998257756233215
          ],
          "class_index": 117,
          "conditional_hand_mass": 0.0030165911925363843,
          "expected_action_loss_bb": 0.00008735373436530728,
          "hand": "J2s",
          "probability_on_actions_losing_over_0_1bb": 0.00017421608208678663,
          "reference_expected_action_loss_bb": 0.00008735373436530728,
          "reference_probabilities": [
            0.00017421608208678663,
            0.9998257756233215
          ]
        },
        {
          "action_values_bb": [
            -0.9999999765127903,
            -0.5824395414343992
          ],
          "candidate_probabilities": [
            0.00017421608208678663,
            0.9998257756233215
          ],
          "class_index": 118,
          "conditional_hand_mass": 0.0030165911925363843,
          "expected_action_loss_bb": 0.00007274574303381131,
          "hand": "J3s",
          "probability_on_actions_losing_over_0_1bb": 0.00017421608208678663,
          "reference_expected_action_loss_bb": 0.00007274574303381131,
          "reference_probabilities": [
            0.00017421608208678663,
            0.9998257756233215
          ]
        },
        {
          "action_values_bb": [
            -0.9999999765127903,
            -0.45932375189864
          ],
          "candidate_probabilities": [
            0.00017421608208678663,
            0.9998257756233215
          ],
          "class_index": 119,
          "conditional_hand_mass": 0.0030165911925363843,
          "expected_action_loss_bb": 0.0000941944935297527,
          "hand": "J4s",
          "probability_on_actions_losing_over_0_1bb": 0.00017421608208678663,
          "reference_expected_action_loss_bb": 0.0000941944935297527,
          "reference_probabilities": [
            0.00017421608208678663,
            0.9998257756233215
          ]
        },
        {
          "action_values_bb": [
            -0.9999999765127903,
            -0.36229272898054926
          ],
          "candidate_probabilities": [
            0.00017421608208678663,
            0.9998257756233215
          ],
          "class_index": 120,
          "conditional_hand_mass": 0.0030165911925363843,
          "expected_action_loss_bb": 0.00011109885818341565,
          "hand": "J5s",
          "probability_on_actions_losing_over_0_1bb": 0.00017421608208678663,
          "reference_expected_action_loss_bb": 0.00011109885818341565,
          "reference_probabilities": [
            0.00017421608208678663,
            0.9998257756233215
          ]
        },
        {
          "action_values_bb": [
            -0.9999999765127903,
            -0.34385742122521346
          ],
          "candidate_probabilities": [
            0.00017421608208678663,
            0.9998257756233215
          ],
          "class_index": 121,
          "conditional_hand_mass": 0.0030165911925363843,
          "expected_action_loss_bb": 0.00011431058527261441,
          "hand": "J6s",
          "probability_on_actions_losing_over_0_1bb": 0.00017421608208678663,
          "reference_expected_action_loss_bb": 0.00011431058527261441,
          "reference_probabilities": [
            0.00017421608208678663,
            0.9998257756233215
          ]
        },
        {
          "action_values_bb": [
            -0.9999999765127903,
            -0.3056089003490312
          ],
          "candidate_probabilities": [
            0.00017421608208678663,
            0.9998257756233215
          ],
          "class_index": 122,
          "conditional_hand_mass": 0.0030165911925363843,
          "expected_action_loss_bb": 0.00012097409272527755,
          "hand": "J7s",
          "probability_on_actions_losing_over_0_1bb": 0.00017421608208678663,
          "reference_expected_action_loss_bb": 0.00012097409272527755,
          "reference_probabilities": [
            0.00017421608208678663,
            0.9998257756233215
          ]
        },
        {
          "action_values_bb": [
            -0.9999999765127903,
            -0.14157729627884366
          ],
          "candidate_probabilities": [
            0.00017421608208678663,
            0.9998257756233215
          ],
          "class_index": 123,
          "conditional_hand_mass": 0.0030165911925363843,
          "expected_action_loss_bb": 0.00014955103612479664,
          "hand": "J8s",
          "probability_on_actions_losing_over_0_1bb": 0.00017421608208678663,
          "reference_expected_action_loss_bb": 0.00014955103612479664,
          "reference_probabilities": [
            0.00017421608208678663,
            0.9998257756233215
          ]
        },
        {
          "action_values_bb": [
            -0.9999999765127903,
            -0.036996268438155185
          ],
          "candidate_probabilities": [
            0.00017421608208678663,
            0.9998257756233215
          ],
          "class_index": 124,
          "conditional_hand_mass": 0.0030165911925363843,
          "expected_action_loss_bb": 0.00016777073305581053,
          "hand": "J9s",
          "probability_on_actions_losing_over_0_1bb": 0.00017421608208678663,
          "reference_expected_action_loss_bb": 0.00016777073305581053,
          "reference_probabilities": [
            0.00017421608208678663,
            0.9998257756233215
          ]
        },
        {
          "action_values_bb": [
            -0.9999999765127903,
            0.15632266758802957
          ],
          "candidate_probabilities": [
            0.00017421608208678663,
            0.9998257756233215
          ],
          "class_index": 125,
          "conditional_hand_mass": 0.0030165911925363843,
          "expected_action_loss_bb": 0.0002014500006834786,
          "hand": "JTs",
          "probability_on_actions_losing_over_0_1bb": 0.00017421608208678663,
          "reference_expected_action_loss_bb": 0.0002014500006834786,
          "reference_probabilities": [
            0.00017421608208678663,
            0.9998257756233215
          ]
        },
        {
          "action_values_bb": [
            -0.9999999765127903,
            1.3332104734157648
          ],
          "candidate_probabilities": [
            0.00017421603843104094,
            0.9998257756233215
          ],
          "class_index": 126,
          "conditional_hand_mass": 0.0045248869052198935,
          "expected_action_loss_bb": 0.0004064826814124595,
          "hand": "JJ",
          "probability_on_actions_losing_over_0_1bb": 0.00017421603843104094,
          "reference_expected_action_loss_bb": 0.0004064826814124595,
          "reference_probabilities": [
            0.00017421603843104094,
            0.9998257756233215
          ]
        },
        {
          "action_values_bb": [
            -0.9999999765127903,
            0.1541459459406253
          ],
          "candidate_probabilities": [
            0.00017421603843104094,
            0.9998257756233215
          ],
          "class_index": 127,
          "conditional_hand_mass": 0.009049773810439787,
          "expected_action_loss_bb": 0.00020107073038117345,
          "hand": "QJo",
          "probability_on_actions_losing_over_0_1bb": 0.00017421603843104094,
          "reference_expected_action_loss_bb": 0.00020107073038117345,
          "reference_probabilities": [
            0.00017421603843104094,
            0.9998257756233215
          ]
        },
        {
          "action_values_bb": [
            -0.9999999765127903,
            0.3672365586637536
          ],
          "candidate_probabilities": [
            0.00017421603843104094,
            0.9998257756233215
          ],
          "class_index": 128,
          "conditional_hand_mass": 0.009049773810439787,
          "expected_action_loss_bb": 0.00023819453275664002,
          "hand": "KJo",
          "probability_on_actions_losing_over_0_1bb": 0.00017421603843104094,
          "reference_expected_action_loss_bb": 0.00023819453275664002,
          "reference_probabilities": [
            0.00017421603843104094,
            0.9998257756233215
          ]
        },
        {
          "action_values_bb": [
            -0.9999999765127903,
            0.4078538338499019
          ],
          "candidate_probabilities": [
            0.00017421603843104094,
            0.9998257756233215
          ],
          "class_index": 129,
          "conditional_hand_mass": 0.009049773810439787,
          "expected_action_loss_bb": 0.00024527071353143426,
          "hand": "AJo",
          "probability_on_actions_losing_over_0_1bb": 0.00017421603843104094,
          "reference_expected_action_loss_bb": 0.00024527071353143426,
          "reference_probabilities": [
            0.00017421603843104094,
            0.9998257756233215
          ]
        },
        {
          "action_values_bb": [
            -0.9999999765127903,
            -0.3469128149602897
          ],
          "candidate_probabilities": [
            0.00017421608208678663,
            0.9998257756233215
          ],
          "class_index": 130,
          "conditional_hand_mass": 0.0030165911925363843,
          "expected_action_loss_bb": 0.00011377828654685691,
          "hand": "Q2s",
          "probability_on_actions_losing_over_0_1bb": 0.00017421608208678663,
          "reference_expected_action_loss_bb": 0.00011377828654685691,
          "reference_probabilities": [
            0.00017421608208678663,
            0.9998257756233215
          ]
        },
        {
          "action_values_bb": [
            -0.9999999765127903,
            -0.2770182409007214
          ],
          "candidate_probabilities": [
            0.00017421608208678663,
            0.9998257756233215
          ],
          "class_index": 131,
          "conditional_hand_mass": 0.0030165911925363843,
          "expected_action_loss_bb": 0.00012595504539863968,
          "hand": "Q3s",
          "probability_on_actions_losing_over_0_1bb": 0.00017421608208678663,
          "reference_expected_action_loss_bb": 0.00012595504539863968,
          "reference_probabilities": [
            0.00017421608208678663,
            0.9998257756233215
          ]
        },
        {
          "action_values_bb": [
            -0.9999999765127903,
            -0.36463736085497833
          ],
          "candidate_probabilities": [
            0.00017421608208678663,
            0.9998257756233215
          ],
          "class_index": 132,
          "conditional_hand_mass": 0.0030165911925363843,
          "expected_action_loss_bb": 0.00011069038560431683,
          "hand": "Q4s",
          "probability_on_actions_losing_over_0_1bb": 0.00017421608208678663,
          "reference_expected_action_loss_bb": 0.00011069038560431683,
          "reference_probabilities": [
            0.00017421608208678663,
            0.9998257756233215
          ]
        },
        {
          "action_values_bb": [
            -0.9999999765127903,
            -0.17761307324438455
          ],
          "candidate_probabilities": [
            0.00017421608208678663,
            0.9998257756233215
          ],
          "class_index": 133,
          "conditional_hand_mass": 0.0030165911925363843,
          "expected_action_loss_bb": 0.00014327302424690683,
          "hand": "Q5s",
          "probability_on_actions_losing_over_0_1bb": 0.00017421608208678663,
          "reference_expected_action_loss_bb": 0.00014327302424690683,
          "reference_probabilities": [
            0.00017421608208678663,
            0.9998257756233215
          ]
        },
        {
          "action_values_bb": [
            -0.9999999765127903,
            -0.18740328528757375
          ],
          "candidate_probabilities": [
            0.00017421608208678663,
            0.9998257756233215
          ],
          "class_index": 134,
          "conditional_hand_mass": 0.0030165911925363843,
          "expected_action_loss_bb": 0.00014156741186194353,
          "hand": "Q6s",
          "probability_on_actions_losing_over_0_1bb": 0.00017421608208678663,
          "reference_expected_action_loss_bb": 0.00014156741186194353,
          "reference_probabilities": [
            0.00017421608208678663,
            0.9998257756233215
          ]
        },
        {
          "action_values_bb": [
            -0.9999999765127903,
            -0.2020859726942448
          ],
          "candidate_probabilities": [
            0.00017421608208678663,
            0.9998257756233215
          ],
          "class_index": 135,
          "conditional_hand_mass": 0.0030165911925363843,
          "expected_action_loss_bb": 0.0001390094515874483,
          "hand": "Q7s",
          "probability_on_actions_losing_over_0_1bb": 0.00017421608208678663,
          "reference_expected_action_loss_bb": 0.0001390094515874483,
          "reference_probabilities": [
            0.00017421608208678663,
            0.9998257756233215
          ]
        },
        {
          "action_values_bb": [
            -0.9999999765127903,
            0.062293134122213906
          ],
          "candidate_probabilities": [
            0.00017421608208678663,
            0.9998257756233215
          ],
          "class_index": 136,
          "conditional_hand_mass": 0.0030165911925363843,
          "expected_action_loss_bb": 0.0001850685437626158,
          "hand": "Q8s",
          "probability_on_actions_losing_over_0_1bb": 0.00017421608208678663,
          "reference_expected_action_loss_bb": 0.0001850685437626158,
          "reference_probabilities": [
            0.00017421608208678663,
            0.9998257756233215
          ]
        },
        {
          "action_values_bb": [
            -0.9999999765127903,
            0.1504215580945694
          ],
          "candidate_probabilities": [
            0.00017421608208678663,
            0.9998257756233215
          ],
          "class_index": 137,
          "conditional_hand_mass": 0.0030165911925363843,
          "expected_action_loss_bb": 0.0002004219325075628,
          "hand": "Q9s",
          "probability_on_actions_losing_over_0_1bb": 0.00017421608208678663,
          "reference_expected_action_loss_bb": 0.0002004219325075628,
          "reference_probabilities": [
            0.00017421608208678663,
            0.9998257756233215
          ]
        },
        {
          "action_values_bb": [
            -0.9999999765127903,
            0.31026530507999023
          ],
          "candidate_probabilities": [
            0.00017421608208678663,
            0.9998257756233215
          ],
          "class_index": 138,
          "conditional_hand_mass": 0.0030165911925363843,
          "expected_action_loss_bb": 0.00022826928385343443,
          "hand": "QTs",
          "probability_on_actions_losing_over_0_1bb": 0.00017421608208678663,
          "reference_expected_action_loss_bb": 0.00022826928385343443,
          "reference_probabilities": [
            0.00017421608208678663,
            0.9998257756233215
          ]
        },
        {
          "action_values_bb": [
            -0.9999999765127903,
            0.3025260703023496
          ],
          "candidate_probabilities": [
            0.00017421608208678663,
            0.9998257756233215
          ],
          "class_index": 139,
          "conditional_hand_mass": 0.0030165911925363843,
          "expected_action_loss_bb": 0.0002269209846921241,
          "hand": "QJs",
          "probability_on_actions_losing_over_0_1bb": 0.00017421608208678663,
          "reference_expected_action_loss_bb": 0.0002269209846921241,
          "reference_probabilities": [
            0.00017421608208678663,
            0.9998257756233215
          ]
        },
        {
          "action_values_bb": [
            -0.9999999765127903,
            1.560196093178381
          ],
          "candidate_probabilities": [
            0.00017421603843104094,
            0.9998257756233215
          ],
          "class_index": 140,
          "conditional_hand_mass": 0.0045248869052198935,
          "expected_action_loss_bb": 0.0004460272168683171,
          "hand": "QQ",
          "probability_on_actions_losing_over_0_1bb": 0.00017421603843104094,
          "reference_expected_action_loss_bb": 0.0004460272168683171,
          "reference_probabilities": [
            0.00017421603843104094,
            0.9998257756233215
          ]
        },
        {
          "action_values_bb": [
            -0.9999999765127903,
            0.5169024346620082
          ],
          "candidate_probabilities": [
            0.00017421603843104094,
            0.9998257756233215
          ],
          "class_index": 141,
          "conditional_hand_mass": 0.009049773810439787,
          "expected_action_loss_bb": 0.0002642687287613674,
          "hand": "KQo",
          "probability_on_actions_losing_over_0_1bb": 0.00017421603843104094,
          "reference_expected_action_loss_bb": 0.0002642687287613674,
          "reference_probabilities": [
            0.00017421603843104094,
            0.9998257756233215
          ]
        },
        {
          "action_values_bb": [
            -0.9999999765127903,
            0.4698381211781425
          ],
          "candidate_probabilities": [
            0.00017421603843104094,
            0.9998257756233215
          ],
          "class_index": 142,
          "conditional_hand_mass": 0.009049773810439787,
          "expected_action_loss_bb": 0.0002560693705147317,
          "hand": "AQo",
          "probability_on_actions_losing_over_0_1bb": 0.00017421603843104094,
          "reference_expected_action_loss_bb": 0.0002560693705147317,
          "reference_probabilities": [
            0.00017421603843104094,
            0.9998257756233215
          ]
        },
        {
          "action_values_bb": [
            -0.9999999765127903,
            -0.13919297320695884
          ],
          "candidate_probabilities": [
            0.00017421608208678663,
            0.9998257756233215
          ],
          "class_index": 143,
          "conditional_hand_mass": 0.0030165911925363843,
          "expected_action_loss_bb": 0.00014996642354880954,
          "hand": "K2s",
          "probability_on_actions_losing_over_0_1bb": 0.00017421608208678663,
          "reference_expected_action_loss_bb": 0.00014996642354880954,
          "reference_probabilities": [
            0.00017421608208678663,
            0.9998257756233215
          ]
        },
        {
          "action_values_bb": [
            -0.9999999765127903,
            -0.03946360249165306
          ],
          "candidate_probabilities": [
            0.00017421608208678663,
            0.9998257756233215
          ],
          "class_index": 144,
          "conditional_hand_mass": 0.0030165911925363843,
          "expected_action_loss_bb": 0.00016734088378381082,
          "hand": "K3s",
          "probability_on_actions_losing_over_0_1bb": 0.00017421608208678663,
          "reference_expected_action_loss_bb": 0.00016734088378381082,
          "reference_probabilities": [
            0.00017421608208678663,
            0.9998257756233215
          ]
        },
        {
          "action_values_bb": [
            -0.9999999765127903,
            -0.07475958083343111
          ],
          "candidate_probabilities": [
            0.00017421608208678663,
            0.9998257756233215
          ],
          "class_index": 145,
          "conditional_hand_mass": 0.0030165911925363843,
          "expected_action_loss_bb": 0.00016119175672368616,
          "hand": "K4s",
          "probability_on_actions_losing_over_0_1bb": 0.00017421608208678663,
          "reference_expected_action_loss_bb": 0.00016119175672368616,
          "reference_probabilities": [
            0.00017421608208678663,
            0.9998257756233215
          ]
        },
        {
          "action_values_bb": [
            -0.9999999765127903,
            0.017659521836183925
          ],
          "candidate_probabilities": [
            0.00017421608208678663,
            0.9998257756233215
          ],
          "class_index": 146,
          "conditional_hand_mass": 0.0030165911925363843,
          "expected_action_loss_bb": 0.00017729265070076298,
          "hand": "K5s",
          "probability_on_actions_losing_over_0_1bb": 0.00017421608208678663,
          "reference_expected_action_loss_bb": 0.00017729265070076298,
          "reference_probabilities": [
            0.00017421608208678663,
            0.9998257756233215
          ]
        },
        {
          "action_values_bb": [
            -0.9999999765127903,
            0.10171923225183623
          ],
          "candidate_probabilities": [
            0.00017421608208678663,
            0.9998257756233215
          ],
          "class_index": 147,
          "conditional_hand_mass": 0.0030165911925363843,
          "expected_action_loss_bb": 0.0001919372041107278,
          "hand": "K6s",
          "probability_on_actions_losing_over_0_1bb": 0.00017421608208678663,
          "reference_expected_action_loss_bb": 0.0001919372041107278,
          "reference_probabilities": [
            0.00017421608208678663,
            0.9998257756233215
          ]
        },
        {
          "action_values_bb": [
            -0.9999999765127903,
            0.03258131938833019
          ],
          "candidate_probabilities": [
            0.00017421608208678663,
            0.9998257756233215
          ],
          "class_index": 148,
          "conditional_hand_mass": 0.0030165911925363843,
          "expected_action_loss_bb": 0.0001798922678079901,
          "hand": "K7s",
          "probability_on_actions_losing_over_0_1bb": 0.00017421608208678663,
          "reference_expected_action_loss_bb": 0.0001798922678079901,
          "reference_probabilities": [
            0.00017421608208678663,
            0.9998257756233215
          ]
        },
        {
          "action_values_bb": [
            -0.9999999765127903,
            0.2725580864927749
          ],
          "candidate_probabilities": [
            0.00017421608208678663,
            0.9998257756233215
          ],
          "class_index": 149,
          "conditional_hand_mass": 0.0030165911925363843,
          "expected_action_loss_bb": 0.00022170007996477975,
          "hand": "K8s",
          "probability_on_actions_losing_over_0_1bb": 0.00017421608208678663,
          "reference_expected_action_loss_bb": 0.00022170007996477975,
          "reference_probabilities": [
            0.00017421608208678663,
            0.9998257756233215
          ]
        },
        {
          "action_values_bb": [
            -0.9999999765127903,
            0.3716059688159827
          ],
          "candidate_probabilities": [
            0.00017421608208678663,
            0.9998257756233215
          ],
          "class_index": 150,
          "conditional_hand_mass": 0.0030165911925363843,
          "expected_action_loss_bb": 0.0002389558139621221,
          "hand": "K9s",
          "probability_on_actions_losing_over_0_1bb": 0.00017421608208678663,
          "reference_expected_action_loss_bb": 0.0002389558139621221,
          "reference_probabilities": [
            0.00017421608208678663,
            0.9998257756233215
          ]
        },
        {
          "action_values_bb": [
            -0.9999999765127903,
            0.3865021860423086
          ],
          "candidate_probabilities": [
            0.00017421608208678663,
            0.9998257756233215
          ],
          "class_index": 151,
          "conditional_hand_mass": 0.0030165911925363843,
          "expected_action_loss_bb": 0.00024155097456520628,
          "hand": "KTs",
          "probability_on_actions_losing_over_0_1bb": 0.00017421608208678663,
          "reference_expected_action_loss_bb": 0.00024155097456520628,
          "reference_probabilities": [
            0.00017421608208678663,
            0.9998257756233215
          ]
        },
        {
          "action_values_bb": [
            -0.9999999765127903,
            0.5598330105306661
          ],
          "candidate_probabilities": [
            0.00017421608208678663,
            0.9998257756233215
          ],
          "class_index": 152,
          "conditional_hand_mass": 0.0030165911925363843,
          "expected_action_loss_bb": 0.0002717479917124404,
          "hand": "KJs",
          "probability_on_actions_losing_over_0_1bb": 0.00017421608208678663,
          "reference_expected_action_loss_bb": 0.0002717479917124404,
          "reference_probabilities": [
            0.00017421608208678663,
            0.9998257756233215
          ]
        },
        {
          "action_values_bb": [
            -0.9999999765127903,
            0.6942079307142899
          ],
          "candidate_probabilities": [
            0.00017421608208678663,
            0.9998257756233215
          ],
          "class_index": 153,
          "conditional_hand_mass": 0.0030165911925363843,
          "expected_action_loss_bb": 0.000295158263837556,
          "hand": "KQs",
          "probability_on_actions_losing_over_0_1bb": 0.00017421608208678663,
          "reference_expected_action_loss_bb": 0.000295158263837556,
          "reference_probabilities": [
            0.00017421608208678663,
            0.9998257756233215
          ]
        },
        {
          "action_values_bb": [
            -0.9999999765127903,
            1.8426695120546035
          ],
          "candidate_probabilities": [
            0.00017421603843104094,
            0.9998257756233215
          ],
          "class_index": 154,
          "conditional_hand_mass": 0.0045248869052198935,
          "expected_action_loss_bb": 0.0004952386168670046,
          "hand": "KK",
          "probability_on_actions_losing_over_0_1bb": 0.00017421603843104094,
          "reference_expected_action_loss_bb": 0.0004952386168670046,
          "reference_probabilities": [
            0.00017421603843104094,
            0.9998257756233215
          ]
        },
        {
          "action_values_bb": [
            -0.9999999765127903,
            0.6436323718678593
          ],
          "candidate_probabilities": [
            0.00017421603843104094,
            0.9998257756233215
          ],
          "class_index": 155,
          "conditional_hand_mass": 0.009049773810439787,
          "expected_action_loss_bb": 0.0002863471163719853,
          "hand": "AKo",
          "probability_on_actions_losing_over_0_1bb": 0.00017421603843104094,
          "reference_expected_action_loss_bb": 0.0002863471163719853,
          "reference_probabilities": [
            0.00017421603843104094,
            0.9998257756233215
          ]
        },
        {
          "action_values_bb": [
            -0.9999999765127903,
            0.00346868276681117
          ],
          "candidate_probabilities": [
            0.00017421608208678663,
            0.9998257756233215
          ],
          "class_index": 156,
          "conditional_hand_mass": 0.0030165911925363843,
          "expected_action_loss_bb": 0.00017482037831657277,
          "hand": "A2s",
          "probability_on_actions_losing_over_0_1bb": 0.00017421608208678663,
          "reference_expected_action_loss_bb": 0.00017482037831657277,
          "reference_probabilities": [
            0.00017421608208678663,
            0.9998257756233215
          ]
        },
        {
          "action_values_bb": [
            -0.9999999765127903,
            0.18873709888643397
          ],
          "candidate_probabilities": [
            0.00017421608208678663,
            0.9998257756233215
          ],
          "class_index": 157,
          "conditional_hand_mass": 0.0030165911925363843,
          "expected_action_loss_bb": 0.00020709711590735793,
          "hand": "A3s",
          "probability_on_actions_losing_over_0_1bb": 0.00017421608208678663,
          "reference_expected_action_loss_bb": 0.00020709711590735793,
          "reference_probabilities": [
            0.00017421608208678663,
            0.9998257756233215
          ]
        },
        {
          "action_values_bb": [
            -0.9999999765127903,
            0.1821999403745963
          ],
          "candidate_probabilities": [
            0.00017421608208678663,
            0.9998257756233215
          ],
          "class_index": 158,
          "conditional_hand_mass": 0.0030165911925363843,
          "expected_action_loss_bb": 0.00020595823776344528,
          "hand": "A4s",
          "probability_on_actions_losing_over_0_1bb": 0.00017421608208678663,
          "reference_expected_action_loss_bb": 0.00020595823776344528,
          "reference_probabilities": [
            0.00017421608208678663,
            0.9998257756233215
          ]
        },
        {
          "action_values_bb": [
            -0.9999999765127903,
            0.24370550172300592
          ],
          "candidate_probabilities": [
            0.00017421608208678663,
            0.9998257756233215
          ],
          "class_index": 159,
          "conditional_hand_mass": 0.0030165911925363843,
          "expected_action_loss_bb": 0.00021667349568811367,
          "hand": "A5s",
          "probability_on_actions_losing_over_0_1bb": 0.00017421608208678663,
          "reference_expected_action_loss_bb": 0.00021667349568811367,
          "reference_probabilities": [
            0.00017421608208678663,
            0.9998257756233215
          ]
        },
        {
          "action_values_bb": [
            -0.9999999765127903,
            0.22250618462118077
          ],
          "candidate_probabilities": [
            0.00017421608208678663,
            0.9998257756233215
          ],
          "class_index": 160,
          "conditional_hand_mass": 0.0030165911925363843,
          "expected_action_loss_bb": 0.0002129802337197183,
          "hand": "A6s",
          "probability_on_actions_losing_over_0_1bb": 0.00017421608208678663,
          "reference_expected_action_loss_bb": 0.0002129802337197183,
          "reference_probabilities": [
            0.00017421608208678663,
            0.9998257756233215
          ]
        },
        {
          "action_values_bb": [
            -0.9999999765127903,
            0.21162081185274645
          ],
          "candidate_probabilities": [
            0.00017421608208678663,
            0.9998257756233215
          ],
          "class_index": 161,
          "conditional_hand_mass": 0.0030165911925363843,
          "expected_action_loss_bb": 0.00021108382672394748,
          "hand": "A7s",
          "probability_on_actions_losing_over_0_1bb": 0.00017421608208678663,
          "reference_expected_action_loss_bb": 0.00021108382672394748,
          "reference_probabilities": [
            0.00017421608208678663,
            0.9998257756233215
          ]
        },
        {
          "action_values_bb": [
            -0.9999999765127903,
            0.42993612677455284
          ],
          "candidate_probabilities": [
            0.00017421608208678663,
            0.9998257756233215
          ],
          "class_index": 162,
          "conditional_hand_mass": 0.0030165911925363843,
          "expected_action_loss_bb": 0.0002491178655491676,
          "hand": "A8s",
          "probability_on_actions_losing_over_0_1bb": 0.00017421608208678663,
          "reference_expected_action_loss_bb": 0.0002491178655491676,
          "reference_probabilities": [
            0.00017421608208678663,
            0.9998257756233215
          ]
        },
        {
          "action_values_bb": [
            -0.9999999765127903,
            0.42006193809917547
          ],
          "candidate_probabilities": [
            0.00017421608208678663,
            0.9998257756233215
          ],
          "class_index": 163,
          "conditional_hand_mass": 0.0030165911925363843,
          "expected_action_loss_bb": 0.0002473976230843576,
          "hand": "A9s",
          "probability_on_actions_losing_over_0_1bb": 0.00017421608208678663,
          "reference_expected_action_loss_bb": 0.0002473976230843576,
          "reference_probabilities": [
            0.00017421608208678663,
            0.9998257756233215
          ]
        },
        {
          "action_values_bb": [
            -0.9999999765127903,
            0.49690982034127634
          ],
          "candidate_probabilities": [
            0.00017421608208678663,
            0.9998257756233215
          ],
          "class_index": 164,
          "conditional_hand_mass": 0.0030165911925363843,
          "expected_action_loss_bb": 0.00026078576004524314,
          "hand": "ATs",
          "probability_on_actions_losing_over_0_1bb": 0.00017421608208678663,
          "reference_expected_action_loss_bb": 0.00026078576004524314,
          "reference_probabilities": [
            0.00017421608208678663,
            0.9998257756233215
          ]
        },
        {
          "action_values_bb": [
            -0.9999999765127903,
            0.4550843145480552
          ],
          "candidate_probabilities": [
            0.00017421608208678663,
            0.9998257756233215
          ],
          "class_index": 165,
          "conditional_hand_mass": 0.0030165911925363843,
          "expected_action_loss_bb": 0.00025349908429465,
          "hand": "AJs",
          "probability_on_actions_losing_over_0_1bb": 0.00017421608208678663,
          "reference_expected_action_loss_bb": 0.00025349908429465,
          "reference_probabilities": [
            0.00017421608208678663,
            0.9998257756233215
          ]
        },
        {
          "action_values_bb": [
            -0.9999999765127903,
            0.6983824677387557
          ],
          "candidate_probabilities": [
            0.00017421608208678663,
            0.9998257756233215
          ],
          "class_index": 166,
          "conditional_hand_mass": 0.0030165911925363843,
          "expected_action_loss_bb": 0.0002958855353224846,
          "hand": "AQs",
          "probability_on_actions_losing_over_0_1bb": 0.00017421608208678663,
          "reference_expected_action_loss_bb": 0.0002958855353224846,
          "reference_probabilities": [
            0.00017421608208678663,
            0.9998257756233215
          ]
        },
        {
          "action_values_bb": [
            -0.9999999765127903,
            0.8578131745021301
          ],
          "candidate_probabilities": [
            0.00017421608208678663,
            0.9998257756233215
          ],
          "class_index": 167,
          "conditional_hand_mass": 0.0030165911925363843,
          "expected_action_loss_bb": 0.0003236609284191271,
          "hand": "AKs",
          "probability_on_actions_losing_over_0_1bb": 0.00017421608208678663,
          "reference_expected_action_loss_bb": 0.0003236609284191271,
          "reference_probabilities": [
            0.00017421608208678663,
            0.9998257756233215
          ]
        },
        {
          "action_values_bb": [
            -0.9999999765127903,
            2.032776339209756
          ],
          "candidate_probabilities": [
            0.00017421603843104094,
            0.9998257756233215
          ],
          "class_index": 168,
          "conditional_hand_mass": 0.0045248869052198935,
          "expected_action_loss_bb": 0.0005283582751726698,
          "hand": "AA",
          "probability_on_actions_losing_over_0_1bb": 0.00017421603843104094,
          "reference_expected_action_loss_bb": 0.0005283582751726698,
          "reference_probabilities": [
            0.00017421603843104094,
            0.9998257756233215
          ]
        }
      ],
      "joint_reach_independent_model": 0.010819934034410313,
      "opponent_mass": 0.010819933631336376,
      "passes_local_tail_gate": true,
      "path": [
        2,
        1
      ],
      "position": "BB",
      "reference_weighted_action_loss_bb": 0.00013567908791285862,
      "scope": "One-action deviation followed by reference play, same reference arriving ranges; excludes physical-deal validation",
      "status": "evaluated",
      "weighted_action_loss_bb": 0.00013778748850144099,
      "weighted_excess_action_loss_bb": 2.1084005885823665e-6,
      "worst_relevant_probability_on_strongly_inferior_actions": 0.00017421608208678663
    }
  ],
  "thresholds": {
    "excess_gap_bb": 0.02,
    "max_loss_bb": 0.03,
    "mean_loss_bb": 0.01,
    "reference_gap_bb": 0.005
  },
  "unilateral_max_positive_loss_bb": 0.00014729633981672152,
  "unilateral_mean_positive_loss_bb": 0.00010793933596406809,
  "unilateral_replacements": [
    {
      "candidate_vs_reference_opponents_ev_bb": 0.19663613561241153,
      "position": "BTN",
      "reference_ev_bb": 0.19678343195222825,
      "seat": 0,
      "signed_loss_bb": 0.00014729633981672152
    },
    {
      "candidate_vs_reference_opponents_ev_bb": -0.11168048322922801,
      "position": "SB",
      "reference_ev_bb": -0.11160972132563443,
      "seat": 1,
      "signed_loss_bb": 0.00007076190359357748
    },
    {
      "candidate_vs_reference_opponents_ev_bb": -0.32246819842349905,
      "position": "BB",
      "reference_ev_bb": -0.32236243865901715,
      "seat": 2,
      "signed_loss_bb": 0.00010575976448190527
    }
  ]
}
