{
  "candidate_full_reference_evs_bb": [
    -0.4706816146182547,
    0.446515523206874,
    -0.7330055375619604,
    0.2872807578888167
  ],
  "candidate_full_reference_gaps_bb": [
    0.872256943345559,
    0.001286296196964461,
    0.8632353604265217,
    0.005563903414652223
  ],
  "candidate_iteration": 500,
  "candidate_learning_gap_bb": 0.006850199611616684,
  "candidate_model": "coupled_preview128_v1",
  "elapsed_seconds": 0.1801443,
  "excess_learning_gap_bb": 0.0018693875355297977,
  "live_seats": [
    false,
    true,
    false,
    true
  ],
  "nodes": 526,
  "not_evaluated": [
    "physical equity",
    "unselected local action tails",
    "speedup",
    "preview workflow"
  ],
  "passes_global_policy_gates_with_converged_reference": true,
  "passes_relative_policy_gates": true,
  "reference_converged": true,
  "reference_evs_bb": [
    -0.47042293479233943,
    0.44609191580885016,
    -0.7329144190465038,
    0.2881489917317386
  ],
  "reference_gaps_bb": [
    0.8724264559902946,
    0.0010772126752589795,
    0.862197377680961,
    0.0039035994008279062
  ],
  "reference_iteration": 420,
  "reference_learning_gap_bb": 0.004980812076086886,
  "reference_model": "coupled_deck_v1",
  "schema": 1,
  "scope": "Frozen policy evaluated under unchanged full coupled payoffs; no physical-deal or full postflop accuracy claim",
  "selected_local_action_quality": [
    {
      "actions": [
        {
          "kind": "fold",
          "label": "Fold",
          "to": 0.0
        },
        {
          "kind": "call",
          "label": "Limp 1",
          "to": 1.0
        },
        {
          "kind": "raise",
          "label": "Raise 2.5",
          "to": 2.5
        }
      ],
      "actor": 0,
      "actor_mass": 1.000000037252903,
      "forced_or_frozen": true,
      "hands": [
        {
          "action_values_bb": [
            0.0,
            -0.38034868240356445,
            -1.032463550567627
          ],
          "candidate_probabilities": [
            0.4000000059604645,
            0.40000003576278687,
            0.20000001788139343
          ],
          "class_index": 0,
          "conditional_hand_mass": 0.0045248869052198935,
          "expected_action_loss_bb": 0.358632215139167,
          "hand": "22",
          "probability_on_actions_losing_over_0_1bb": 0.6000000536441803,
          "reference_expected_action_loss_bb": 0.358632215139167,
          "reference_probabilities": [
            0.4000000059604645,
            0.40000003576278687,
            0.20000001788139343
          ]
        },
        {
          "action_values_bb": [
            0.0,
            -1.3573410511016846,
            -2.471824884414673
          ],
          "candidate_probabilities": [
            0.4000000059604645,
            0.40000003576278687,
            0.20000001788139343
          ],
          "class_index": 1,
          "conditional_hand_mass": 0.009049773810439787,
          "expected_action_loss_bb": 1.0373014900655804,
          "hand": "32o",
          "probability_on_actions_losing_over_0_1bb": 0.6000000536441803,
          "reference_expected_action_loss_bb": 1.0373014900655804,
          "reference_probabilities": [
            0.4000000059604645,
            0.40000003576278687,
            0.20000001788139343
          ]
        },
        {
          "action_values_bb": [
            0.0,
            -1.3120684623718262,
            -2.406619071960449
          ],
          "candidate_probabilities": [
            0.4000000059604645,
            0.40000003576278687,
            0.20000001788139343
          ],
          "class_index": 2,
          "conditional_hand_mass": 0.009049773810439787,
          "expected_action_loss_bb": 1.0061512892977476,
          "hand": "42o",
          "probability_on_actions_losing_over_0_1bb": 0.6000000536441803,
          "reference_expected_action_loss_bb": 1.0061512892977476,
          "reference_probabilities": [
            0.4000000059604645,
            0.40000003576278687,
            0.20000001788139343
          ]
        },
        {
          "action_values_bb": [
            0.0,
            -1.2551758289337158,
            -2.324855327606201
          ],
          "candidate_probabilities": [
            0.4000000059604645,
            0.40000003576278687,
            0.20000001788139343
          ],
          "class_index": 3,
          "conditional_hand_mass": 0.009049773810439787,
          "expected_action_loss_bb": 0.967041483554965,
          "hand": "52o",
          "probability_on_actions_losing_over_0_1bb": 0.6000000536441803,
          "reference_expected_action_loss_bb": 0.967041483554965,
          "reference_probabilities": [
            0.4000000059604645,
            0.40000003576278687,
            0.20000001788139343
          ]
        },
        {
          "action_values_bb": [
            0.0,
            -1.325596570968628,
            -2.422121286392212
          ],
          "candidate_probabilities": [
            0.4000000059604645,
            0.40000003576278687,
            0.20000001788139343
          ],
          "class_index": 4,
          "conditional_hand_mass": 0.009049773810439787,
          "expected_action_loss_bb": 1.0146629763838249,
          "hand": "62o",
          "probability_on_actions_losing_over_0_1bb": 0.6000000536441803,
          "reference_expected_action_loss_bb": 1.0146629763838249,
          "reference_probabilities": [
            0.4000000059604645,
            0.40000003576278687,
            0.20000001788139343
          ]
        },
        {
          "action_values_bb": [
            0.0,
            -1.3621329069137573,
            -2.4779884815216064
          ],
          "candidate_probabilities": [
            0.4000000059604645,
            0.40000003576278687,
            0.20000001788139343
          ],
          "class_index": 5,
          "conditional_hand_mass": 0.009049773810439787,
          "expected_action_loss_bb": 1.04045095209338,
          "hand": "72o",
          "probability_on_actions_losing_over_0_1bb": 0.6000000536441803,
          "reference_expected_action_loss_bb": 1.04045095209338,
          "reference_probabilities": [
            0.4000000059604645,
            0.40000003576278687,
            0.20000001788139343
          ]
        },
        {
          "action_values_bb": [
            0.0,
            -1.3242213726043701,
            -2.4207425117492676
          ],
          "candidate_probabilities": [
            0.4000000059604645,
            0.40000003576278687,
            0.20000001788139343
          ],
          "class_index": 6,
          "conditional_hand_mass": 0.009049773810439787,
          "expected_action_loss_bb": 1.0138371420356975,
          "hand": "82o",
          "probability_on_actions_losing_over_0_1bb": 0.6000000536441803,
          "reference_expected_action_loss_bb": 1.0138371420356975,
          "reference_probabilities": [
            0.4000000059604645,
            0.40000003576278687,
            0.20000001788139343
          ]
        },
        {
          "action_values_bb": [
            0.0,
            -1.1913983821868896,
            -2.2349112033843994
          ],
          "candidate_probabilities": [
            0.4000000059604645,
            0.40000003576278687,
            0.20000001788139343
          ],
          "class_index": 7,
          "conditional_hand_mass": 0.009049773810439787,
          "expected_action_loss_bb": 0.9235416761226887,
          "hand": "92o",
          "probability_on_actions_losing_over_0_1bb": 0.6000000536441803,
          "reference_expected_action_loss_bb": 0.9235416761226887,
          "reference_probabilities": [
            0.4000000059604645,
            0.40000003576278687,
            0.20000001788139343
          ]
        },
        {
          "action_values_bb": [
            0.0,
            -1.1422197818756104,
            -2.165703535079956
          ],
          "candidate_probabilities": [
            0.4000000059604645,
            0.40000003576278687,
            0.20000001788139343
          ],
          "class_index": 8,
          "conditional_hand_mass": 0.009049773810439787,
          "expected_action_loss_bb": 0.8900286993409949,
          "hand": "T2o",
          "probability_on_actions_losing_over_0_1bb": 0.6000000536441803,
          "reference_expected_action_loss_bb": 0.8900286993409949,
          "reference_probabilities": [
            0.4000000059604645,
            0.40000003576278687,
            0.20000001788139343
          ]
        },
        {
          "action_values_bb": [
            0.0,
            -1.0154778957366943,
            -1.9942877292633057
          ],
          "candidate_probabilities": [
            0.4000000059604645,
            0.40000003576278687,
            0.20000001788139343
          ],
          "class_index": 9,
          "conditional_hand_mass": 0.009049773810439787,
          "expected_action_loss_bb": 0.8050487761243019,
          "hand": "J2o",
          "probability_on_actions_losing_over_0_1bb": 0.6000000536441803,
          "reference_expected_action_loss_bb": 0.8050487761243019,
          "reference_probabilities": [
            0.4000000059604645,
            0.40000003576278687,
            0.20000001788139343
          ]
        },
        {
          "action_values_bb": [
            0.0,
            -0.8230822086334229,
            -1.714905023574829
          ],
          "candidate_probabilities": [
            0.4000000059604645,
            0.40000003576278687,
            0.20000001788139343
          ],
          "class_index": 10,
          "conditional_hand_mass": 0.009049773810439787,
          "expected_action_loss_bb": 0.67221394826894,
          "hand": "Q2o",
          "probability_on_actions_losing_over_0_1bb": 0.6000000536441803,
          "reference_expected_action_loss_bb": 0.67221394826894,
          "reference_probabilities": [
            0.4000000059604645,
            0.40000003576278687,
            0.20000001788139343
          ]
        },
        {
          "action_values_bb": [
            0.0,
            -0.662742018699646,
            -1.4578709602355957
          ],
          "candidate_probabilities": [
            0.4000000059604645,
            0.40000003576278687,
            0.20000001788139343
          ],
          "class_index": 11,
          "conditional_hand_mass": 0.009049773810439787,
          "expected_action_loss_bb": 0.5566710492972433,
          "hand": "K2o",
          "probability_on_actions_losing_over_0_1bb": 0.6000000536441803,
          "reference_expected_action_loss_bb": 0.5566710492972433,
          "reference_probabilities": [
            0.4000000059604645,
            0.40000003576278687,
            0.20000001788139343
          ]
        },
        {
          "action_values_bb": [
            0.0,
            -0.40920937061309814,
            -1.0581191778182983
          ],
          "candidate_probabilities": [
            0.4000000059604645,
            0.40000003576278687,
            0.20000001788139343
          ],
          "class_index": 12,
          "conditional_hand_mass": 0.009049773810439787,
          "expected_action_loss_bb": 0.37530761736401175,
          "hand": "A2o",
          "probability_on_actions_losing_over_0_1bb": 0.6000000536441803,
          "reference_expected_action_loss_bb": 0.37530761736401175,
          "reference_probabilities": [
            0.4000000059604645,
            0.40000003576278687,
            0.20000001788139343
          ]
        },
        {
          "action_values_bb": [
            0.0,
            -1.1389384269714355,
            -2.153409481048584
          ],
          "candidate_probabilities": [
            0.4000000059604645,
            0.40000003576278687,
            0.20000001788139343
          ],
          "class_index": 13,
          "conditional_hand_mass": 0.0030165911925363843,
          "expected_action_loss_bb": 0.8862573462358654,
          "hand": "32s",
          "probability_on_actions_losing_over_0_1bb": 0.6000000536441803,
          "reference_expected_action_loss_bb": 0.8862573462358654,
          "reference_probabilities": [
            0.4000000059604645,
            0.40000003576278687,
            0.20000001788139343
          ]
        },
        {
          "action_values_bb": [
            0.0,
            -0.24386194348335266,
            -0.8304376602172852
          ],
          "candidate_probabilities": [
            0.4000000059604645,
            0.40000003576278687,
            0.20000001788139343
          ],
          "class_index": 14,
          "conditional_hand_mass": 0.0045248869052198935,
          "expected_action_loss_bb": 0.26363233300736333,
          "hand": "33",
          "probability_on_actions_losing_over_0_1bb": 0.6000000536441803,
          "reference_expected_action_loss_bb": 0.26363233300736333,
          "reference_probabilities": [
            0.4000000059604645,
            0.40000003576278687,
            0.20000001788139343
          ]
        },
        {
          "action_values_bb": [
            0.0,
            -1.2242515087127686,
            -2.272258758544922
          ],
          "candidate_probabilities": [
            0.4000000059604645,
            0.40000003576278687,
            0.20000001788139343
          ],
          "class_index": 15,
          "conditional_hand_mass": 0.009049773810439787,
          "expected_action_loss_bb": 0.9441524396078904,
          "hand": "43o",
          "probability_on_actions_losing_over_0_1bb": 0.6000000536441803,
          "reference_expected_action_loss_bb": 0.9441524396078904,
          "reference_probabilities": [
            0.4000000059604645,
            0.40000003576278687,
            0.20000001788139343
          ]
        },
        {
          "action_values_bb": [
            0.0,
            -1.122862458229065,
            -2.1279022693634033
          ],
          "candidate_probabilities": [
            0.4000000059604645,
            0.40000003576278687,
            0.20000001788139343
          ],
          "class_index": 16,
          "conditional_hand_mass": 0.009049773810439787,
          "expected_action_loss_bb": 0.8747255153708551,
          "hand": "53o",
          "probability_on_actions_losing_over_0_1bb": 0.6000000536441803,
          "reference_expected_action_loss_bb": 0.8747255153708551,
          "reference_probabilities": [
            0.4000000059604645,
            0.40000003576278687,
            0.20000001788139343
          ]
        },
        {
          "action_values_bb": [
            0.0,
            -1.1509394645690918,
            -2.168360710144043
          ],
          "candidate_probabilities": [
            0.4000000059604645,
            0.40000003576278687,
            0.20000001788139343
          ],
          "class_index": 17,
          "conditional_hand_mass": 0.009049773810439787,
          "expected_action_loss_bb": 0.894048007790559,
          "hand": "63o",
          "probability_on_actions_losing_over_0_1bb": 0.6000000536441803,
          "reference_expected_action_loss_bb": 0.894048007790559,
          "reference_probabilities": [
            0.4000000059604645,
            0.40000003576278687,
            0.20000001788139343
          ]
        },
        {
          "action_values_bb": [
            0.0,
            -1.2390482425689697,
            -2.2957987785339355
          ],
          "candidate_probabilities": [
            0.4000000059604645,
            0.40000003576278687,
            0.20000001788139343
          ],
          "class_index": 18,
          "conditional_hand_mass": 0.009049773810439787,
          "expected_action_loss_bb": 0.9547791380982744,
          "hand": "73o",
          "probability_on_actions_losing_over_0_1bb": 0.6000000536441803,
          "reference_expected_action_loss_bb": 0.9547791380982744,
          "reference_probabilities": [
            0.4000000059604645,
            0.40000003576278687,
            0.20000001788139343
          ]
        },
        {
          "action_values_bb": [
            0.0,
            -1.2190678119659424,
            -2.271249771118164
          ],
          "candidate_probabilities": [
            0.4000000059604645,
            0.40000003576278687,
            0.20000001788139343
          ],
          "class_index": 19,
          "conditional_hand_mass": 0.009049773810439787,
          "expected_action_loss_bb": 0.9418771632203828,
          "hand": "83o",
          "probability_on_actions_losing_over_0_1bb": 0.6000000536441803,
          "reference_expected_action_loss_bb": 0.9418771632203828,
          "reference_probabilities": [
            0.4000000059604645,
            0.40000003576278687,
            0.20000001788139343
          ]
        },
        {
          "action_values_bb": [
            0.0,
            -1.1391514539718628,
            -2.1597132682800293
          ],
          "candidate_probabilities": [
            0.4000000059604645,
            0.40000003576278687,
            0.20000001788139343
          ],
          "class_index": 20,
          "conditional_hand_mass": 0.009049773810439787,
          "expected_action_loss_bb": 0.8876033146026643,
          "hand": "93o",
          "probability_on_actions_losing_over_0_1bb": 0.6000000536441803,
          "reference_expected_action_loss_bb": 0.8876033146026643,
          "reference_probabilities": [
            0.4000000059604645,
            0.40000003576278687,
            0.20000001788139343
          ]
        },
        {
          "action_values_bb": [
            0.0,
            -1.0272352695465088,
            -2.0033411979675293
          ],
          "candidate_probabilities": [
            0.4000000059604645,
            0.40000003576278687,
            0.20000001788139343
          ],
          "class_index": 21,
          "conditional_hand_mass": 0.009049773810439787,
          "expected_action_loss_bb": 0.8115624199714375,
          "hand": "T3o",
          "probability_on_actions_losing_over_0_1bb": 0.6000000536441803,
          "reference_expected_action_loss_bb": 0.8115624199714375,
          "reference_probabilities": [
            0.4000000059604645,
            0.40000003576278687,
            0.20000001788139343
          ]
        },
        {
          "action_values_bb": [
            0.0,
            -0.9394567608833313,
            -1.8832025527954102
          ],
          "candidate_probabilities": [
            0.4000000059604645,
            0.40000003576278687,
            0.20000001788139343
          ],
          "class_index": 22,
          "conditional_hand_mass": 0.009049773810439787,
          "expected_action_loss_bb": 0.7524232821842922,
          "hand": "J3o",
          "probability_on_actions_losing_over_0_1bb": 0.6000000536441803,
          "reference_expected_action_loss_bb": 0.7524232821842922,
          "reference_probabilities": [
            0.4000000059604645,
            0.40000003576278687,
            0.20000001788139343
          ]
        },
        {
          "action_values_bb": [
            0.0,
            -0.7625190615653992,
            -1.6278115510940552
          ],
          "candidate_probabilities": [
            0.4000000059604645,
            0.40000003576278687,
            0.20000001788139343
          ],
          "class_index": 23,
          "conditional_hand_mass": 0.009049773810439787,
          "expected_action_loss_bb": 0.6305699912223162,
          "hand": "Q3o",
          "probability_on_actions_losing_over_0_1bb": 0.6000000536441803,
          "reference_expected_action_loss_bb": 0.6305699912223162,
          "reference_probabilities": [
            0.4000000059604645,
            0.40000003576278687,
            0.20000001788139343
          ]
        },
        {
          "action_values_bb": [
            0.0,
            -0.6290453672409058,
            -1.4071680307388306
          ],
          "candidate_probabilities": [
            0.4000000059604645,
            0.40000003576278687,
            0.20000001788139343
          ],
          "class_index": 24,
          "conditional_hand_mass": 0.009049773810439787,
          "expected_action_loss_bb": 0.533051800702669,
          "hand": "K3o",
          "probability_on_actions_losing_over_0_1bb": 0.6000000536441803,
          "reference_expected_action_loss_bb": 0.533051800702669,
          "reference_probabilities": [
            0.4000000059604645,
            0.40000003576278687,
            0.20000001788139343
          ]
        },
        {
          "action_values_bb": [
            0.0,
            -0.33666425943374634,
            -0.9570873379707336
          ],
          "candidate_probabilities": [
            0.4000000059604645,
            0.40000003576278687,
            0.20000001788139343
          ],
          "class_index": 25,
          "conditional_hand_mass": 0.009049773810439787,
          "expected_action_loss_bb": 0.32608320052175266,
          "hand": "A3o",
          "probability_on_actions_losing_over_0_1bb": 0.6000000536441803,
          "reference_expected_action_loss_bb": 0.32608320052175266,
          "reference_probabilities": [
            0.4000000059604645,
            0.40000003576278687,
            0.20000001788139343
          ]
        },
        {
          "action_values_bb": [
            0.0,
            -1.0820937156677246,
            -2.073169469833374
          ],
          "candidate_probabilities": [
            0.4000000059604645,
            0.40000003576278687,
            0.20000001788139343
          ],
          "class_index": 26,
          "conditional_hand_mass": 0.0030165911925363843,
          "expected_action_loss_bb": 0.8474714560036105,
          "hand": "42s",
          "probability_on_actions_losing_over_0_1bb": 0.6000000536441803,
          "reference_expected_action_loss_bb": 0.8474714560036105,
          "reference_probabilities": [
            0.4000000059604645,
            0.40000003576278687,
            0.20000001788139343
          ]
        },
        {
          "action_values_bb": [
            0.0,
            -0.8851928114891052,
            -1.7835638523101807
          ],
          "candidate_probabilities": [
            0.4000000059604645,
            0.40000003576278687,
            0.20000001788139343
          ],
          "class_index": 27,
          "conditional_hand_mass": 0.0030165911925363843,
          "expected_action_loss_bb": 0.710789958607247,
          "hand": "43s",
          "probability_on_actions_losing_over_0_1bb": 0.6000000536441803,
          "reference_expected_action_loss_bb": 0.710789958607247,
          "reference_probabilities": [
            0.4000000059604645,
            0.40000003576278687,
            0.20000001788139343
          ]
        },
        {
          "action_values_bb": [
            0.0,
            -0.09013772010803223,
            -0.6087083220481873
          ],
          "candidate_probabilities": [
            0.4000000059604645,
            0.40000003576278687,
            0.20000001788139343
          ],
          "class_index": 28,
          "conditional_hand_mass": 0.0045248869052198935,
          "expected_action_loss_bb": 0.1577967665609794,
          "hand": "44",
          "probability_on_actions_losing_over_0_1bb": 0.20000001788139343,
          "reference_expected_action_loss_bb": 0.1577967665609794,
          "reference_probabilities": [
            0.4000000059604645,
            0.40000003576278687,
            0.20000001788139343
          ]
        },
        {
          "action_values_bb": [
            0.0,
            -1.0113515853881836,
            -1.9669499397277832
          ],
          "candidate_probabilities": [
            0.4000000059604645,
            0.40000003576278687,
            0.20000001788139343
          ],
          "class_index": 29,
          "conditional_hand_mass": 0.009049773810439787,
          "expected_action_loss_bb": 0.797930693441387,
          "hand": "54o",
          "probability_on_actions_losing_over_0_1bb": 0.6000000536441803,
          "reference_expected_action_loss_bb": 0.797930693441387,
          "reference_probabilities": [
            0.4000000059604645,
            0.40000003576278687,
            0.20000001788139343
          ]
        },
        {
          "action_values_bb": [
            0.0,
            -1.0604861974716187,
            -2.0345849990844727
          ],
          "candidate_probabilities": [
            0.4000000059604645,
            0.40000003576278687,
            0.20000001788139343
          ],
          "class_index": 30,
          "conditional_hand_mass": 0.009049773810439787,
          "expected_action_loss_bb": 0.8311115531126987,
          "hand": "64o",
          "probability_on_actions_losing_over_0_1bb": 0.6000000536441803,
          "reference_expected_action_loss_bb": 0.8311115531126987,
          "reference_probabilities": [
            0.4000000059604645,
            0.40000003576278687,
            0.20000001788139343
          ]
        },
        {
          "action_values_bb": [
            0.0,
            -1.1519440412521362,
            -2.16774320602417
          ],
          "candidate_probabilities": [
            0.4000000059604645,
            0.40000003576278687,
            0.20000001788139343
          ],
          "class_index": 31,
          "conditional_hand_mass": 0.009049773810439787,
          "expected_action_loss_bb": 0.8943263376646868,
          "hand": "74o",
          "probability_on_actions_losing_over_0_1bb": 0.6000000536441803,
          "reference_expected_action_loss_bb": 0.8943263376646868,
          "reference_probabilities": [
            0.4000000059604645,
            0.40000003576278687,
            0.20000001788139343
          ]
        },
        {
          "action_values_bb": [
            0.0,
            -1.0811138153076172,
            -2.071272134780884
          ],
          "candidate_probabilities": [
            0.4000000059604645,
            0.40000003576278687,
            0.20000001788139343
          ],
          "class_index": 32,
          "conditional_hand_mass": 0.009049773810439787,
          "expected_action_loss_bb": 0.8467000287800985,
          "hand": "84o",
          "probability_on_actions_losing_over_0_1bb": 0.6000000536441803,
          "reference_expected_action_loss_bb": 0.8467000287800985,
          "reference_probabilities": [
            0.4000000059604645,
            0.40000003576278687,
            0.20000001788139343
          ]
        },
        {
          "action_values_bb": [
            0.0,
            -1.1571874618530273,
            -2.183969736099243
          ],
          "candidate_probabilities": [
            0.4000000059604645,
            0.40000003576278687,
            0.20000001788139343
          ],
          "class_index": 33,
          "conditional_hand_mass": 0.009049773810439787,
          "expected_action_loss_bb": 0.8996690123977302,
          "hand": "94o",
          "probability_on_actions_losing_over_0_1bb": 0.6000000536441803,
          "reference_expected_action_loss_bb": 0.8996690123977302,
          "reference_probabilities": [
            0.4000000059604645,
            0.40000003576278687,
            0.20000001788139343
          ]
        },
        {
          "action_values_bb": [
            0.0,
            -1.0589594841003418,
            -2.045635461807251
          ],
          "candidate_probabilities": [
            0.4000000059604645,
            0.40000003576278687,
            0.20000001788139343
          ],
          "class_index": 34,
          "conditional_hand_mass": 0.009049773810439787,
          "expected_action_loss_bb": 0.8327109604517418,
          "hand": "T4o",
          "probability_on_actions_losing_over_0_1bb": 0.6000000536441803,
          "reference_expected_action_loss_bb": 0.8327109604517418,
          "reference_probabilities": [
            0.4000000059604645,
            0.40000003576278687,
            0.20000001788139343
          ]
        },
        {
          "action_values_bb": [
            0.0,
            -0.9255169630050659,
            -1.859247088432312
          ],
          "candidate_probabilities": [
            0.4000000059604645,
            0.40000003576278687,
            0.20000001788139343
          ],
          "class_index": 35,
          "conditional_hand_mass": 0.009049773810439787,
          "expected_action_loss_bb": 0.7420562692334833,
          "hand": "J4o",
          "probability_on_actions_losing_over_0_1bb": 0.6000000536441803,
          "reference_expected_action_loss_bb": 0.7420562692334833,
          "reference_probabilities": [
            0.4000000059604645,
            0.40000003576278687,
            0.20000001788139343
          ]
        },
        {
          "action_values_bb": [
            0.0,
            -0.8040592670440674,
            -1.6860196590423584
          ],
          "candidate_probabilities": [
            0.4000000059604645,
            0.40000003576278687,
            0.20000001788139343
          ],
          "class_index": 36,
          "conditional_hand_mass": 0.009049773810439787,
          "expected_action_loss_bb": 0.6588276975298797,
          "hand": "Q4o",
          "probability_on_actions_losing_over_0_1bb": 0.6000000536441803,
          "reference_expected_action_loss_bb": 0.6588276975298797,
          "reference_probabilities": [
            0.4000000059604645,
            0.40000003576278687,
            0.20000001788139343
          ]
        },
        {
          "action_values_bb": [
            0.0,
            -0.5448464155197144,
            -1.2862831354141235
          ],
          "candidate_probabilities": [
            0.4000000059604645,
            0.40000003576278687,
            0.20000001788139343
          ],
          "class_index": 37,
          "conditional_hand_mass": 0.009049773810439787,
          "expected_action_loss_bb": 0.4751952357764715,
          "hand": "K4o",
          "probability_on_actions_losing_over_0_1bb": 0.6000000536441803,
          "reference_expected_action_loss_bb": 0.4751952357764715,
          "reference_probabilities": [
            0.4000000059604645,
            0.40000003576278687,
            0.20000001788139343
          ]
        },
        {
          "action_values_bb": [
            0.0,
            -0.3107542395591736,
            -0.9176610708236694
          ],
          "candidate_probabilities": [
            0.4000000059604645,
            0.40000003576278687,
            0.20000001788139343
          ],
          "class_index": 38,
          "conditional_hand_mass": 0.009049773810439787,
          "expected_action_loss_bb": 0.3078339375108996,
          "hand": "A4o",
          "probability_on_actions_losing_over_0_1bb": 0.6000000536441803,
          "reference_expected_action_loss_bb": 0.3078339375108996,
          "reference_probabilities": [
            0.4000000059604645,
            0.40000003576278687,
            0.20000001788139343
          ]
        },
        {
          "action_values_bb": [
            0.0,
            -0.9746594429016113,
            -1.9190895557403564
          ],
          "candidate_probabilities": [
            0.4000000059604645,
            0.40000003576278687,
            0.20000001788139343
          ],
          "class_index": 39,
          "conditional_hand_mass": 0.0030165911925363843,
          "expected_action_loss_bb": 0.7736817574812491,
          "hand": "52s",
          "probability_on_actions_losing_over_0_1bb": 0.6000000536441803,
          "reference_expected_action_loss_bb": 0.7736817574812491,
          "reference_probabilities": [
            0.4000000059604645,
            0.40000003576278687,
            0.20000001788139343
          ]
        },
        {
          "action_values_bb": [
            0.0,
            -0.8910964131355286,
            -1.7923426628112793
          ],
          "candidate_probabilities": [
            0.4000000059604645,
            0.40000003576278687,
            0.20000001788139343
          ],
          "class_index": 40,
          "conditional_hand_mass": 0.0030165911925363843,
          "expected_action_loss_bb": 0.7149071617341427,
          "hand": "53s",
          "probability_on_actions_losing_over_0_1bb": 0.6000000536441803,
          "reference_expected_action_loss_bb": 0.7149071617341427,
          "reference_probabilities": [
            0.4000000059604645,
            0.40000003576278687,
            0.20000001788139343
          ]
        },
        {
          "action_values_bb": [
            0.0,
            -0.7451589107513428,
            -1.58268404006958
          ],
          "candidate_probabilities": [
            0.4000000059604645,
            0.40000003576278687,
            0.20000001788139343
          ],
          "class_index": 41,
          "conditional_hand_mass": 0.0030165911925363843,
          "expected_action_loss_bb": 0.6146004272640084,
          "hand": "54s",
          "probability_on_actions_losing_over_0_1bb": 0.6000000536441803,
          "reference_expected_action_loss_bb": 0.6146004272640084,
          "reference_probabilities": [
            0.4000000059604645,
            0.40000003576278687,
            0.20000001788139343
          ]
        },
        {
          "action_values_bb": [
            0.0,
            0.12701544165611267,
            -0.2955476641654968
          ],
          "candidate_probabilities": [
            0.4000000059604645,
            0.40000003576278687,
            0.20000001788139343
          ],
          "class_index": 42,
          "conditional_hand_mass": 0.0045248869052198935,
          "expected_action_loss_bb": 0.13531880613985514,
          "hand": "55",
          "probability_on_actions_losing_over_0_1bb": 0.6000000238418579,
          "reference_expected_action_loss_bb": 0.13531880613985514,
          "reference_probabilities": [
            0.4000000059604645,
            0.40000003576278687,
            0.20000001788139343
          ]
        },
        {
          "action_values_bb": [
            0.0,
            -0.9683998823165894,
            -1.901043176651001
          ],
          "candidate_probabilities": [
            0.4000000059604645,
            0.40000003576278687,
            0.20000001788139343
          ],
          "class_index": 43,
          "conditional_hand_mass": 0.009049773810439787,
          "expected_action_loss_bb": 0.7675686568828155,
          "hand": "65o",
          "probability_on_actions_losing_over_0_1bb": 0.6000000536441803,
          "reference_expected_action_loss_bb": 0.7675686568828155,
          "reference_probabilities": [
            0.4000000059604645,
            0.40000003576278687,
            0.20000001788139343
          ]
        },
        {
          "action_values_bb": [
            0.0,
            -1.0255012512207031,
            -1.9857046604156494
          ],
          "candidate_probabilities": [
            0.4000000059604645,
            0.40000003576278687,
            0.20000001788139343
          ],
          "class_index": 44,
          "conditional_hand_mass": 0.009049773810439787,
          "expected_action_loss_bb": 0.8073415047533601,
          "hand": "75o",
          "probability_on_actions_losing_over_0_1bb": 0.6000000536441803,
          "reference_expected_action_loss_bb": 0.8073415047533601,
          "reference_probabilities": [
            0.4000000059604645,
            0.40000003576278687,
            0.20000001788139343
          ]
        },
        {
          "action_values_bb": [
            0.0,
            -1.003572940826416,
            -1.9601836204528809
          ],
          "candidate_probabilities": [
            0.4000000059604645,
            0.40000003576278687,
            0.20000001788139343
          ],
          "class_index": 45,
          "conditional_hand_mass": 0.009049773810439787,
          "expected_action_loss_bb": 0.7934659713625223,
          "hand": "85o",
          "probability_on_actions_losing_over_0_1bb": 0.6000000536441803,
          "reference_expected_action_loss_bb": 0.7934659713625223,
          "reference_probabilities": [
            0.4000000059604645,
            0.40000003576278687,
            0.20000001788139343
          ]
        },
        {
          "action_values_bb": [
            0.0,
            -0.977113664150238,
            -1.9293646812438965
          ],
          "candidate_probabilities": [
            0.4000000059604645,
            0.40000003576278687,
            0.20000001788139343
          ],
          "class_index": 46,
          "conditional_hand_mass": 0.009049773810439787,
          "expected_action_loss_bb": 0.7767184713529112,
          "hand": "95o",
          "probability_on_actions_losing_over_0_1bb": 0.6000000536441803,
          "reference_expected_action_loss_bb": 0.7767184713529112,
          "reference_probabilities": [
            0.4000000059604645,
            0.40000003576278687,
            0.20000001788139343
          ]
        },
        {
          "action_values_bb": [
            0.0,
            -0.9516803622245789,
            -1.8962366580963135
          ],
          "candidate_probabilities": [
            0.4000000059604645,
            0.40000003576278687,
            0.20000001788139343
          ],
          "class_index": 47,
          "conditional_hand_mass": 0.009049773810439787,
          "expected_action_loss_bb": 0.7599195444511899,
          "hand": "T5o",
          "probability_on_actions_losing_over_0_1bb": 0.6000000536441803,
          "reference_expected_action_loss_bb": 0.7599195444511899,
          "reference_probabilities": [
            0.4000000059604645,
            0.40000003576278687,
            0.20000001788139343
          ]
        },
        {
          "action_values_bb": [
            0.0,
            -0.8599362373352051,
            -1.7705157995224
          ],
          "candidate_probabilities": [
            0.4000000059604645,
            0.40000003576278687,
            0.20000001788139343
          ],
          "class_index": 48,
          "conditional_hand_mass": 0.009049773810439787,
          "expected_action_loss_bb": 0.698077717251568,
          "hand": "J5o",
          "probability_on_actions_losing_over_0_1bb": 0.6000000536441803,
          "reference_expected_action_loss_bb": 0.698077717251568,
          "reference_probabilities": [
            0.4000000059604645,
            0.40000003576278687,
            0.20000001788139343
          ]
        },
        {
          "action_values_bb": [
            0.0,
            -0.6756759881973267,
            -1.5026962757110596
          ],
          "candidate_probabilities": [
            0.4000000059604645,
            0.40000003576278687,
            0.20000001788139343
          ],
          "class_index": 49,
          "conditional_hand_mass": 0.009049773810439787,
          "expected_action_loss_bb": 0.5708097014555022,
          "hand": "Q5o",
          "probability_on_actions_losing_over_0_1bb": 0.6000000536441803,
          "reference_expected_action_loss_bb": 0.5708097014555022,
          "reference_probabilities": [
            0.4000000059604645,
            0.40000003576278687,
            0.20000001788139343
          ]
        },
        {
          "action_values_bb": [
            0.0,
            -0.5121792554855347,
            -1.2291796207427979
          ],
          "candidate_probabilities": [
            0.4000000059604645,
            0.40000003576278687,
            0.20000001788139343
          ],
          "class_index": 50,
          "conditional_hand_mass": 0.009049773810439787,
          "expected_action_loss_bb": 0.4507076666391754,
          "hand": "K5o",
          "probability_on_actions_losing_over_0_1bb": 0.6000000536441803,
          "reference_expected_action_loss_bb": 0.4507076666391754,
          "reference_probabilities": [
            0.4000000059604645,
            0.40000003576278687,
            0.20000001788139343
          ]
        },
        {
          "action_values_bb": [
            0.0,
            -0.22210073471069336,
            -0.7875569462776184
          ],
          "candidate_probabilities": [
            0.4000000059604645,
            0.40000003576278687,
            0.20000001788139343
          ],
          "class_index": 51,
          "conditional_hand_mass": 0.009049773810439787,
          "expected_action_loss_bb": 0.24635170516535787,
          "hand": "A5o",
          "probability_on_actions_losing_over_0_1bb": 0.6000000536441803,
          "reference_expected_action_loss_bb": 0.24635170516535787,
          "reference_probabilities": [
            0.4000000059604645,
            0.40000003576278687,
            0.20000001788139343
          ]
        },
        {
          "action_values_bb": [
            0.0,
            -1.1436291933059692,
            -2.155574083328247
          ],
          "candidate_probabilities": [
            0.4000000059604645,
            0.40000003576278687,
            0.20000001788139343
          ],
          "class_index": 52,
          "conditional_hand_mass": 0.0030165911925363843,
          "expected_action_loss_bb": 0.8885665734320725,
          "hand": "62s",
          "probability_on_actions_losing_over_0_1bb": 0.6000000536441803,
          "reference_expected_action_loss_bb": 0.8885665734320725,
          "reference_probabilities": [
            0.4000000059604645,
            0.40000003576278687,
            0.20000001788139343
          ]
        },
        {
          "action_values_bb": [
            0.0,
            -0.9230397939682007,
            -1.8362600803375244
          ],
          "candidate_probabilities": [
            0.4000000059604645,
            0.40000003576278687,
            0.20000001788139343
          ],
          "class_index": 53,
          "conditional_hand_mass": 0.0030165911925363843,
          "expected_action_loss_bb": 0.7364679995001495,
          "hand": "63s",
          "probability_on_actions_losing_over_0_1bb": 0.6000000536441803,
          "reference_expected_action_loss_bb": 0.7364679995001495,
          "reference_probabilities": [
            0.4000000059604645,
            0.40000003576278687,
            0.20000001788139343
          ]
        },
        {
          "action_values_bb": [
            0.0,
            -0.8476669788360596,
            -1.7258330583572388
          ],
          "candidate_probabilities": [
            0.4000000059604645,
            0.40000003576278687,
            0.20000001788139343
          ],
          "class_index": 54,
          "conditional_hand_mass": 0.0030165911925363843,
          "expected_action_loss_bb": 0.684233464381105,
          "hand": "64s",
          "probability_on_actions_losing_over_0_1bb": 0.6000000536441803,
          "reference_expected_action_loss_bb": 0.684233464381105,
          "reference_probabilities": [
            0.4000000059604645,
            0.40000003576278687,
            0.20000001788139343
          ]
        },
        {
          "action_values_bb": [
            0.0,
            -0.7250731587409973,
            -1.5520234107971191
          ],
          "candidate_probabilities": [
            0.4000000059604645,
            0.40000003576278687,
            0.20000001788139343
          ],
          "class_index": 55,
          "conditional_hand_mass": 0.0030165911925363843,
          "expected_action_loss_bb": 0.6004339993388008,
          "hand": "65s",
          "probability_on_actions_losing_over_0_1bb": 0.6000000536441803,
          "reference_expected_action_loss_bb": 0.6004339993388008,
          "reference_probabilities": [
            0.4000000059604645,
            0.40000003576278687,
            0.20000001788139343
          ]
        },
        {
          "action_values_bb": [
            0.0,
            0.3168821334838867,
            -0.018870316445827484
          ],
          "candidate_probabilities": [
            0.4000000059604645,
            0.40000003576278687,
            0.20000001788139343
          ],
          "class_index": 56,
          "conditional_hand_mass": 0.0045248869052198935,
          "expected_action_loss_bb": 0.19390335127198388,
          "hand": "66",
          "probability_on_actions_losing_over_0_1bb": 0.6000000238418579,
          "reference_expected_action_loss_bb": 0.19390335127198388,
          "reference_probabilities": [
            0.4000000059604645,
            0.40000003576278687,
            0.20000001788139343
          ]
        },
        {
          "action_values_bb": [
            0.0,
            -0.8540380001068115,
            -1.7365819215774536
          ],
          "candidate_probabilities": [
            0.4000000059604645,
            0.40000003576278687,
            0.20000001788139343
          ],
          "class_index": 57,
          "conditional_hand_mass": 0.009049773810439787,
          "expected_action_loss_bb": 0.6889316459534989,
          "hand": "76o",
          "probability_on_actions_losing_over_0_1bb": 0.6000000536441803,
          "reference_expected_action_loss_bb": 0.6889316459534989,
          "reference_probabilities": [
            0.4000000059604645,
            0.40000003576278687,
            0.20000001788139343
          ]
        },
        {
          "action_values_bb": [
            0.0,
            -0.8664066195487976,
            -1.7621772289276123
          ],
          "candidate_probabilities": [
            0.4000000059604645,
            0.40000003576278687,
            0.20000001788139343
          ],
          "class_index": 58,
          "conditional_hand_mass": 0.009049773810439787,
          "expected_action_loss_bb": 0.6989981561003411,
          "hand": "86o",
          "probability_on_actions_losing_over_0_1bb": 0.6000000536441803,
          "reference_expected_action_loss_bb": 0.6989981561003411,
          "reference_probabilities": [
            0.4000000059604645,
            0.40000003576278687,
            0.20000001788139343
          ]
        },
        {
          "action_values_bb": [
            0.0,
            -0.8806014657020569,
            -1.785216212272644
          ],
          "candidate_probabilities": [
            0.4000000059604645,
            0.40000003576278687,
            0.20000001788139343
          ],
          "class_index": 59,
          "conditional_hand_mass": 0.009049773810439787,
          "expected_action_loss_bb": 0.7092838921502675,
          "hand": "96o",
          "probability_on_actions_losing_over_0_1bb": 0.6000000536441803,
          "reference_expected_action_loss_bb": 0.7092838921502675,
          "reference_probabilities": [
            0.4000000059604645,
            0.40000003576278687,
            0.20000001788139343
          ]
        },
        {
          "action_values_bb": [
            0.0,
            -0.889575719833374,
            -1.8014358282089233
          ],
          "candidate_probabilities": [
            0.4000000059604645,
            0.40000003576278687,
            0.20000001788139343
          ],
          "class_index": 60,
          "conditional_hand_mass": 0.009049773810439787,
          "expected_action_loss_bb": 0.7161175176010239,
          "hand": "T6o",
          "probability_on_actions_losing_over_0_1bb": 0.6000000536441803,
          "reference_expected_action_loss_bb": 0.7161175176010239,
          "reference_probabilities": [
            0.4000000059604645,
            0.40000003576278687,
            0.20000001788139343
          ]
        },
        {
          "action_values_bb": [
            0.0,
            -0.8438100814819336,
            -1.7412558794021606
          ],
          "candidate_probabilities": [
            0.4000000059604645,
            0.40000003576278687,
            0.20000001788139343
          ],
          "class_index": 61,
          "conditional_hand_mass": 0.009049773810439787,
          "expected_action_loss_bb": 0.6857752697862871,
          "hand": "J6o",
          "probability_on_actions_losing_over_0_1bb": 0.6000000536441803,
          "reference_expected_action_loss_bb": 0.6857752697862871,
          "reference_probabilities": [
            0.4000000059604645,
            0.40000003576278687,
            0.20000001788139343
          ]
        },
        {
          "action_values_bb": [
            0.0,
            -0.6451517343521118,
            -1.4504461288452148
          ],
          "candidate_probabilities": [
            0.4000000059604645,
            0.40000003576278687,
            0.20000001788139343
          ],
          "class_index": 62,
          "conditional_hand_mass": 0.009049773810439787,
          "expected_action_loss_bb": 0.5481499685183095,
          "hand": "Q6o",
          "probability_on_actions_losing_over_0_1bb": 0.6000000536441803,
          "reference_expected_action_loss_bb": 0.5481499685183095,
          "reference_probabilities": [
            0.4000000059604645,
            0.40000003576278687,
            0.20000001788139343
          ]
        },
        {
          "action_values_bb": [
            0.0,
            -0.4316122531890869,
            -1.1082085371017456
          ],
          "candidate_probabilities": [
            0.4000000059604645,
            0.40000003576278687,
            0.20000001788139343
          ],
          "class_index": 63,
          "conditional_hand_mass": 0.009049773810439787,
          "expected_action_loss_bb": 0.39428664394795376,
          "hand": "K6o",
          "probability_on_actions_losing_over_0_1bb": 0.6000000536441803,
          "reference_expected_action_loss_bb": 0.39428664394795376,
          "reference_probabilities": [
            0.4000000059604645,
            0.40000003576278687,
            0.20000001788139343
          ]
        },
        {
          "action_values_bb": [
            0.0,
            -0.1988164633512497,
            -0.7516466975212097
          ],
          "candidate_probabilities": [
            0.4000000059604645,
            0.40000003576278687,
            0.20000001788139343
          ],
          "class_index": 64,
          "conditional_hand_mass": 0.009049773810439787,
          "expected_action_loss_bb": 0.22985594539546295,
          "hand": "A6o",
          "probability_on_actions_losing_over_0_1bb": 0.6000000536441803,
          "reference_expected_action_loss_bb": 0.22985594539546295,
          "reference_probabilities": [
            0.4000000059604645,
            0.40000003576278687,
            0.20000001788139343
          ]
        },
        {
          "action_values_bb": [
            0.0,
            -1.1117044687271118,
            -2.1139464378356934
          ],
          "candidate_probabilities": [
            0.4000000059604645,
            0.40000003576278687,
            0.20000001788139343
          ],
          "class_index": 65,
          "conditional_hand_mass": 0.0030165911925363843,
          "expected_action_loss_bb": 0.8674711526159413,
          "hand": "72s",
          "probability_on_actions_losing_over_0_1bb": 0.6000000536441803,
          "reference_expected_action_loss_bb": 0.8674711526159413,
          "reference_probabilities": [
            0.4000000059604645,
            0.40000003576278687,
            0.20000001788139343
          ]
        },
        {
          "action_values_bb": [
            0.0,
            -0.9223934412002563,
            -1.8395283222198486
          ],
          "candidate_probabilities": [
            0.4000000059604645,
            0.40000003576278687,
            0.20000001788139343
          ],
          "class_index": 66,
          "conditional_hand_mass": 0.0030165911925363843,
          "expected_action_loss_bb": 0.736863106804762,
          "hand": "73s",
          "probability_on_actions_losing_over_0_1bb": 0.6000000536441803,
          "reference_expected_action_loss_bb": 0.736863106804762,
          "reference_probabilities": [
            0.4000000059604645,
            0.40000003576278687,
            0.20000001788139343
          ]
        },
        {
          "action_values_bb": [
            0.0,
            -0.9237834811210632,
            -1.835759162902832
          ],
          "candidate_probabilities": [
            0.4000000059604645,
            0.40000003576278687,
            0.20000001788139343
          ],
          "class_index": 67,
          "conditional_hand_mass": 0.0030165911925363843,
          "expected_action_loss_bb": 0.7366652908919953,
          "hand": "74s",
          "probability_on_actions_losing_over_0_1bb": 0.6000000536441803,
          "reference_expected_action_loss_bb": 0.7366652908919953,
          "reference_probabilities": [
            0.4000000059604645,
            0.40000003576278687,
            0.20000001788139343
          ]
        },
        {
          "action_values_bb": [
            0.0,
            -0.7971680164337158,
            -1.6558201313018799
          ],
          "candidate_probabilities": [
            0.4000000059604645,
            0.40000003576278687,
            0.20000001788139343
          ],
          "class_index": 68,
          "conditional_hand_mass": 0.0030165911925363843,
          "expected_action_loss_bb": 0.6500312909511834,
          "hand": "75s",
          "probability_on_actions_losing_over_0_1bb": 0.6000000536441803,
          "reference_expected_action_loss_bb": 0.6500312909511834,
          "reference_probabilities": [
            0.4000000059604645,
            0.40000003576278687,
            0.20000001788139343
          ]
        },
        {
          "action_values_bb": [
            0.0,
            -0.6318260431289673,
            -1.416852593421936
          ],
          "candidate_probabilities": [
            0.4000000059604645,
            0.40000003576278687,
            0.20000001788139343
          ],
          "class_index": 69,
          "conditional_hand_mass": 0.0030165911925363843,
          "expected_action_loss_bb": 0.5361009838671329,
          "hand": "76s",
          "probability_on_actions_losing_over_0_1bb": 0.6000000536441803,
          "reference_expected_action_loss_bb": 0.5361009838671329,
          "reference_probabilities": [
            0.4000000059604645,
            0.40000003576278687,
            0.20000001788139343
          ]
        },
        {
          "action_values_bb": [
            0.0,
            0.4204159379005432,
            0.12710502743721008
          ],
          "candidate_probabilities": [
            0.4000000059604645,
            0.40000003576278687,
            0.20000001788139343
          ],
          "class_index": 70,
          "conditional_hand_mass": 0.0045248869052198935,
          "expected_action_loss_bb": 0.22682856500356596,
          "hand": "77",
          "probability_on_actions_losing_over_0_1bb": 0.6000000238418579,
          "reference_expected_action_loss_bb": 0.22682856500356596,
          "reference_probabilities": [
            0.4000000059604645,
            0.40000003576278687,
            0.20000001788139343
          ]
        },
        {
          "action_values_bb": [
            0.0,
            -0.7991438508033752,
            -1.6665987968444824
          ],
          "candidate_probabilities": [
            0.4000000059604645,
            0.40000003576278687,
            0.20000001788139343
          ],
          "class_index": 71,
          "conditional_hand_mass": 0.009049773810439787,
          "expected_action_loss_bb": 0.6529773580709666,
          "hand": "87o",
          "probability_on_actions_losing_over_0_1bb": 0.6000000536441803,
          "reference_expected_action_loss_bb": 0.6529773580709666,
          "reference_probabilities": [
            0.4000000059604645,
            0.40000003576278687,
            0.20000001788139343
          ]
        },
        {
          "action_values_bb": [
            0.0,
            -0.8242641687393188,
            -1.7094058990478516
          ],
          "candidate_probabilities": [
            0.4000000059604645,
            0.40000003576278687,
            0.20000001788139343
          ],
          "class_index": 72,
          "conditional_hand_mass": 0.009049773810439787,
          "expected_action_loss_bb": 0.6715869073498411,
          "hand": "97o",
          "probability_on_actions_losing_over_0_1bb": 0.6000000536441803,
          "reference_expected_action_loss_bb": 0.6715869073498411,
          "reference_probabilities": [
            0.4000000059604645,
            0.40000003576278687,
            0.20000001788139343
          ]
        },
        {
          "action_values_bb": [
            0.0,
            -0.7891019582748413,
            -1.6620895862579346
          ],
          "candidate_probabilities": [
            0.4000000059604645,
            0.40000003576278687,
            0.20000001788139343
          ],
          "class_index": 73,
          "conditional_hand_mass": 0.009049773810439787,
          "expected_action_loss_bb": 0.6480587585024864,
          "hand": "T7o",
          "probability_on_actions_losing_over_0_1bb": 0.6000000536441803,
          "reference_expected_action_loss_bb": 0.6480587585024864,
          "reference_probabilities": [
            0.4000000059604645,
            0.40000003576278687,
            0.20000001788139343
          ]
        },
        {
          "action_values_bb": [
            0.0,
            -0.7440259456634521,
            -1.6067397594451904
          ],
          "candidate_probabilities": [
            0.4000000059604645,
            0.40000003576278687,
            0.20000001788139343
          ],
          "class_index": 74,
          "conditional_hand_mass": 0.009049773810439787,
          "expected_action_loss_bb": 0.618958385493606,
          "hand": "J7o",
          "probability_on_actions_losing_over_0_1bb": 0.6000000536441803,
          "reference_expected_action_loss_bb": 0.618958385493606,
          "reference_probabilities": [
            0.4000000059604645,
            0.40000003576278687,
            0.20000001788139343
          ]
        },
        {
          "action_values_bb": [
            0.0,
            -0.651305079460144,
            -1.4575985670089722
          ],
          "candidate_probabilities": [
            0.4000000059604645,
            0.40000003576278687,
            0.20000001788139343
          ],
          "class_index": 75,
          "conditional_hand_mass": 0.009049773810439787,
          "expected_action_loss_bb": 0.5520417945422302,
          "hand": "Q7o",
          "probability_on_actions_losing_over_0_1bb": 0.6000000536441803,
          "reference_expected_action_loss_bb": 0.5520417945422302,
          "reference_probabilities": [
            0.4000000059604645,
            0.40000003576278687,
            0.20000001788139343
          ]
        },
        {
          "action_values_bb": [
            0.0,
            -0.40694770216941833,
            -1.0663533210754395
          ],
          "candidate_probabilities": [
            0.4000000059604645,
            0.40000003576278687,
            0.20000001788139343
          ],
          "class_index": 76,
          "conditional_hand_mass": 0.009049773810439787,
          "expected_action_loss_bb": 0.37604977870432243,
          "hand": "K7o",
          "probability_on_actions_losing_over_0_1bb": 0.6000000536441803,
          "reference_expected_action_loss_bb": 0.37604977870432243,
          "reference_probabilities": [
            0.4000000059604645,
            0.40000003576278687,
            0.20000001788139343
          ]
        },
        {
          "action_values_bb": [
            0.0,
            -0.19376668334007263,
            -0.7475784420967102
          ],
          "candidate_probabilities": [
            0.4000000059604645,
            0.40000003576278687,
            0.20000001788139343
          ],
          "class_index": 77,
          "conditional_hand_mass": 0.009049773810439787,
          "expected_action_loss_bb": 0.22702238205275194,
          "hand": "A7o",
          "probability_on_actions_losing_over_0_1bb": 0.6000000536441803,
          "reference_expected_action_loss_bb": 0.22702238205275194,
          "reference_probabilities": [
            0.4000000059604645,
            0.40000003576278687,
            0.20000001788139343
          ]
        },
        {
          "action_values_bb": [
            0.0,
            -0.9604207277297974,
            -1.8991267681121826
          ],
          "candidate_probabilities": [
            0.4000000059604645,
            0.40000003576278687,
            0.20000001788139343
          ],
          "class_index": 78,
          "conditional_hand_mass": 0.0030165911925363843,
          "expected_action_loss_bb": 0.7639937130207102,
          "hand": "82s",
          "probability_on_actions_losing_over_0_1bb": 0.6000000536441803,
          "reference_expected_action_loss_bb": 0.7639937130207102,
          "reference_probabilities": [
            0.4000000059604645,
            0.40000003576278687,
            0.20000001788139343
          ]
        },
        {
          "action_values_bb": [
            0.0,
            -0.9278968572616577,
            -1.8523014783859253
          ],
          "candidate_probabilities": [
            0.4000000059604645,
            0.40000003576278687,
            0.20000001788139343
          ],
          "class_index": 79,
          "conditional_hand_mass": 0.0030165911925363843,
          "expected_action_loss_bb": 0.7416191048877572,
          "hand": "83s",
          "probability_on_actions_losing_over_0_1bb": 0.6000000536441803,
          "reference_expected_action_loss_bb": 0.7416191048877572,
          "reference_probabilities": [
            0.4000000059604645,
            0.40000003576278687,
            0.20000001788139343
          ]
        },
        {
          "action_values_bb": [
            0.0,
            -0.8469114303588867,
            -1.7341505289077759
          ],
          "candidate_probabilities": [
            0.4000000059604645,
            0.40000003576278687,
            0.20000001788139343
          ],
          "class_index": 80,
          "conditional_hand_mass": 0.0030165911925363843,
          "expected_action_loss_bb": 0.6855947392220507,
          "hand": "84s",
          "probability_on_actions_losing_over_0_1bb": 0.6000000536441803,
          "reference_expected_action_loss_bb": 0.6855947392220507,
          "reference_probabilities": [
            0.4000000059604645,
            0.40000003576278687,
            0.20000001788139343
          ]
        },
        {
          "action_values_bb": [
            0.0,
            -0.7211798429489136,
            -1.555497407913208
          ],
          "candidate_probabilities": [
            0.4000000059604645,
            0.40000003576278687,
            0.20000001788139343
          ],
          "class_index": 81,
          "conditional_hand_mass": 0.0030165911925363843,
          "expected_action_loss_bb": 0.5995714723680692,
          "hand": "85s",
          "probability_on_actions_losing_over_0_1bb": 0.6000000536441803,
          "reference_expected_action_loss_bb": 0.5995714723680692,
          "reference_probabilities": [
            0.4000000059604645,
            0.40000003576278687,
            0.20000001788139343
          ]
        },
        {
          "action_values_bb": [
            0.0,
            -0.6672235727310181,
            -1.4737436771392822
          ],
          "candidate_probabilities": [
            0.4000000059604645,
            0.40000003576278687,
            0.20000001788139343
          ],
          "class_index": 82,
          "conditional_hand_mass": 0.0030165911925363843,
          "expected_action_loss_bb": 0.5616382147346286,
          "hand": "86s",
          "probability_on_actions_losing_over_0_1bb": 0.6000000536441803,
          "reference_expected_action_loss_bb": 0.5616382147346286,
          "reference_probabilities": [
            0.4000000059604645,
            0.40000003576278687,
            0.20000001788139343
          ]
        },
        {
          "action_values_bb": [
            0.0,
            -0.5413622856140137,
            -1.296152114868164
          ],
          "candidate_probabilities": [
            0.4000000059604645,
            0.40000003576278687,
            0.20000001788139343
          ],
          "class_index": 83,
          "conditional_hand_mass": 0.0030165911925363843,
          "expected_action_loss_bb": 0.47577537975686823,
          "hand": "87s",
          "probability_on_actions_losing_over_0_1bb": 0.6000000536441803,
          "reference_expected_action_loss_bb": 0.47577537975686823,
          "reference_probabilities": [
            0.4000000059604645,
            0.40000003576278687,
            0.20000001788139343
          ]
        },
        {
          "action_values_bb": [
            0.0,
            0.641939103603363,
            0.4367946982383728
          ],
          "candidate_probabilities": [
            0.4000000059604645,
            0.40000003576278687,
            0.20000001788139343
          ],
          "class_index": 84,
          "conditional_hand_mass": 0.0045248869052198935,
          "expected_action_loss_bb": 0.2978045300088663,
          "hand": "88",
          "probability_on_actions_losing_over_0_1bb": 0.6000000238418579,
          "reference_expected_action_loss_bb": 0.2978045300088663,
          "reference_probabilities": [
            0.4000000059604645,
            0.40000003576278687,
            0.20000001788139343
          ]
        },
        {
          "action_values_bb": [
            0.0,
            -0.6883862614631653,
            -1.5199275016784668
          ],
          "candidate_probabilities": [
            0.4000000059604645,
            0.40000003576278687,
            0.20000001788139343
          ],
          "class_index": 85,
          "conditional_hand_mass": 0.009049773810439787,
          "expected_action_loss_bb": 0.5793400567179923,
          "hand": "98o",
          "probability_on_actions_losing_over_0_1bb": 0.6000000536441803,
          "reference_expected_action_loss_bb": 0.5793400567179923,
          "reference_probabilities": [
            0.4000000059604645,
            0.40000003576278687,
            0.20000001788139343
          ]
        },
        {
          "action_values_bb": [
            0.0,
            -0.6322411298751831,
            -1.4390674829483032
          ],
          "candidate_probabilities": [
            0.4000000059604645,
            0.40000003576278687,
            0.20000001788139343
          ],
          "class_index": 86,
          "conditional_hand_mass": 0.009049773810439787,
          "expected_action_loss_bb": 0.5407099968829705,
          "hand": "T8o",
          "probability_on_actions_losing_over_0_1bb": 0.6000000536441803,
          "reference_expected_action_loss_bb": 0.5407099968829705,
          "reference_probabilities": [
            0.4000000059604645,
            0.40000003576278687,
            0.20000001788139343
          ]
        },
        {
          "action_values_bb": [
            0.0,
            -0.5805904269218445,
            -1.3662831783294678
          ],
          "candidate_probabilities": [
            0.4000000059604645,
            0.40000003576278687,
            0.20000001788139343
          ],
          "class_index": 87,
          "conditional_hand_mass": 0.009049773810439787,
          "expected_action_loss_bb": 0.5054928516292101,
          "hand": "J8o",
          "probability_on_actions_losing_over_0_1bb": 0.6000000536441803,
          "reference_expected_action_loss_bb": 0.5054928516292101,
          "reference_probabilities": [
            0.4000000059604645,
            0.40000003576278687,
            0.20000001788139343
          ]
        },
        {
          "action_values_bb": [
            0.0,
            -0.5053180456161499,
            -1.2273651361465454
          ],
          "candidate_probabilities": [
            0.4000000059604645,
            0.40000003576278687,
            0.20000001788139343
          ],
          "class_index": 88,
          "conditional_hand_mass": 0.009049773810439787,
          "expected_action_loss_bb": 0.4476002854943495,
          "hand": "Q8o",
          "probability_on_actions_losing_over_0_1bb": 0.6000000536441803,
          "reference_expected_action_loss_bb": 0.4476002854943495,
          "reference_probabilities": [
            0.4000000059604645,
            0.40000003576278687,
            0.20000001788139343
          ]
        },
        {
          "action_values_bb": [
            0.0,
            -0.279224157333374,
            -0.8755631446838379
          ],
          "candidate_probabilities": [
            0.4000000059604645,
            0.40000003576278687,
            0.20000001788139343
          ],
          "class_index": 89,
          "conditional_hand_mass": 0.009049773810439787,
          "expected_action_loss_bb": 0.2868023175122403,
          "hand": "K8o",
          "probability_on_actions_losing_over_0_1bb": 0.6000000536441803,
          "reference_expected_action_loss_bb": 0.2868023175122403,
          "reference_probabilities": [
            0.4000000059604645,
            0.40000003576278687,
            0.20000001788139343
          ]
        },
        {
          "action_values_bb": [
            0.0,
            -0.05325206369161606,
            -0.5401953458786011
          ],
          "candidate_probabilities": [
            0.4000000059604645,
            0.40000003576278687,
            0.20000001788139343
          ],
          "class_index": 90,
          "conditional_hand_mass": 0.009049773810439787,
          "expected_action_loss_bb": 0.12933990621625435,
          "hand": "A8o",
          "probability_on_actions_losing_over_0_1bb": 0.20000001788139343,
          "reference_expected_action_loss_bb": 0.12933990621625435,
          "reference_probabilities": [
            0.4000000059604645,
            0.40000003576278687,
            0.20000001788139343
          ]
        },
        {
          "action_values_bb": [
            0.0,
            -0.9428294897079468,
            -1.8768380880355835
          ],
          "candidate_probabilities": [
            0.4000000059604645,
            0.40000003576278687,
            0.20000001788139343
          ],
          "class_index": 91,
          "conditional_hand_mass": 0.0030165911925363843,
          "expected_action_loss_bb": 0.7524994807689858,
          "hand": "92s",
          "probability_on_actions_losing_over_0_1bb": 0.6000000536441803,
          "reference_expected_action_loss_bb": 0.7524994807689858,
          "reference_probabilities": [
            0.4000000059604645,
            0.40000003576278687,
            0.20000001788139343
          ]
        },
        {
          "action_values_bb": [
            0.0,
            -0.7682076096534729,
            -1.6281239986419678
          ],
          "candidate_probabilities": [
            0.4000000059604645,
            0.40000003576278687,
            0.20000001788139343
          ],
          "class_index": 92,
          "conditional_hand_mass": 0.0030165911925363843,
          "expected_action_loss_bb": 0.6329079001761535,
          "hand": "93s",
          "probability_on_actions_losing_over_0_1bb": 0.6000000536441803,
          "reference_expected_action_loss_bb": 0.6329079001761535,
          "reference_probabilities": [
            0.4000000059604645,
            0.40000003576278687,
            0.20000001788139343
          ]
        },
        {
          "action_values_bb": [
            0.0,
            -0.8672887086868286,
            -1.766211748123169
          ],
          "candidate_probabilities": [
            0.4000000059604645,
            0.40000003576278687,
            0.20000001788139343
          ],
          "class_index": 93,
          "conditional_hand_mass": 0.0030165911925363843,
          "expected_action_loss_bb": 0.7001578956983536,
          "hand": "94s",
          "probability_on_actions_losing_over_0_1bb": 0.6000000536441803,
          "reference_expected_action_loss_bb": 0.7001578956983536,
          "reference_probabilities": [
            0.4000000059604645,
            0.40000003576278687,
            0.20000001788139343
          ]
        },
        {
          "action_values_bb": [
            0.0,
            -0.731704831123352,
            -1.5738904476165771
          ],
          "candidate_probabilities": [
            0.4000000059604645,
            0.40000003576278687,
            0.20000001788139343
          ],
          "class_index": 94,
          "conditional_hand_mass": 0.0030165911925363843,
          "expected_action_loss_bb": 0.6074600762838145,
          "hand": "95s",
          "probability_on_actions_losing_over_0_1bb": 0.6000000536441803,
          "reference_expected_action_loss_bb": 0.6074600762838145,
          "reference_probabilities": [
            0.4000000059604645,
            0.40000003576278687,
            0.20000001788139343
          ]
        },
        {
          "action_values_bb": [
            0.0,
            -0.6560288071632385,
            -1.4593361616134644
          ],
          "candidate_probabilities": [
            0.4000000059604645,
            0.40000003576278687,
            0.20000001788139343
          ],
          "class_index": 95,
          "conditional_hand_mass": 0.0030165911925363843,
          "expected_action_loss_bb": 0.5542788047443707,
          "hand": "96s",
          "probability_on_actions_losing_over_0_1bb": 0.6000000536441803,
          "reference_expected_action_loss_bb": 0.5542788047443707,
          "reference_probabilities": [
            0.4000000059604645,
            0.40000003576278687,
            0.20000001788139343
          ]
        },
        {
          "action_values_bb": [
            0.0,
            -0.5848193168640137,
            -1.3643105030059814
          ],
          "candidate_probabilities": [
            0.4000000059604645,
            0.40000003576278687,
            0.20000001788139343
          ],
          "class_index": 96,
          "conditional_hand_mass": 0.0030165911925363843,
          "expected_action_loss_bb": 0.5067898726573432,
          "hand": "97s",
          "probability_on_actions_losing_over_0_1bb": 0.6000000536441803,
          "reference_expected_action_loss_bb": 0.5067898726573432,
          "reference_probabilities": [
            0.4000000059604645,
            0.40000003576278687,
            0.20000001788139343
          ]
        },
        {
          "action_values_bb": [
            0.0,
            -0.3679003417491913,
            -1.0559736490249634
          ],
          "candidate_probabilities": [
            0.4000000059604645,
            0.40000003576278687,
            0.20000001788139343
          ],
          "class_index": 97,
          "conditional_hand_mass": 0.0030165911925363843,
          "expected_action_loss_bb": 0.35835489854409097,
          "hand": "98s",
          "probability_on_actions_losing_over_0_1bb": 0.6000000536441803,
          "reference_expected_action_loss_bb": 0.35835489854409097,
          "reference_probabilities": [
            0.4000000059604645,
            0.40000003576278687,
            0.20000001788139343
          ]
        },
        {
          "action_values_bb": [
            0.0,
            0.8994645476341248,
            0.8061310052871704
          ],
          "candidate_probabilities": [
            0.4000000059604645,
            0.40000003576278687,
            0.20000001788139343
          ],
          "class_index": 98,
          "conditional_hand_mass": 0.0045248869052198935,
          "expected_action_loss_bb": 0.37845253455320105,
          "hand": "99",
          "probability_on_actions_losing_over_0_1bb": 0.4000000059604645,
          "reference_expected_action_loss_bb": 0.37845253455320105,
          "reference_probabilities": [
            0.4000000059604645,
            0.40000003576278687,
            0.20000001788139343
          ]
        },
        {
          "action_values_bb": [
            0.0,
            -0.5075534582138062,
            -1.2521352767944336
          ],
          "candidate_probabilities": [
            0.4000000059604645,
            0.40000003576278687,
            0.20000001788139343
          ],
          "class_index": 99,
          "conditional_hand_mass": 0.009049773810439787,
          "expected_action_loss_bb": 0.45344847918585884,
          "hand": "T9o",
          "probability_on_actions_losing_over_0_1bb": 0.6000000536441803,
          "reference_expected_action_loss_bb": 0.45344847918585884,
          "reference_probabilities": [
            0.4000000059604645,
            0.40000003576278687,
            0.20000001788139343
          ]
        },
        {
          "action_values_bb": [
            0.0,
            -0.47295600175857544,
            -1.2015187740325928
          ],
          "candidate_probabilities": [
            0.4000000059604645,
            0.40000003576278687,
            0.20000001788139343
          ],
          "class_index": 100,
          "conditional_hand_mass": 0.009049773810439787,
          "expected_action_loss_bb": 0.42948619390900333,
          "hand": "J9o",
          "probability_on_actions_losing_over_0_1bb": 0.6000000536441803,
          "reference_expected_action_loss_bb": 0.42948619390900333,
          "reference_probabilities": [
            0.4000000059604645,
            0.40000003576278687,
            0.20000001788139343
          ]
        },
        {
          "action_values_bb": [
            0.0,
            -0.3456004858016968,
            -0.9912348985671997
          ],
          "candidate_probabilities": [
            0.4000000059604645,
            0.40000003576278687,
            0.20000001788139343
          ],
          "class_index": 101,
          "conditional_hand_mass": 0.009049773810439787,
          "expected_action_loss_bb": 0.33648720411841637,
          "hand": "Q9o",
          "probability_on_actions_losing_over_0_1bb": 0.6000000536441803,
          "reference_expected_action_loss_bb": 0.33648720411841637,
          "reference_probabilities": [
            0.4000000059604645,
            0.40000003576278687,
            0.20000001788139343
          ]
        },
        {
          "action_values_bb": [
            0.0,
            -0.1845182329416275,
            -0.7318753600120544
          ],
          "candidate_probabilities": [
            0.4000000059604645,
            0.40000003576278687,
            0.20000001788139343
          ],
          "class_index": 102,
          "conditional_hand_mass": 0.009049773810439787,
          "expected_action_loss_bb": 0.22018238486489938,
          "hand": "K9o",
          "probability_on_actions_losing_over_0_1bb": 0.6000000536441803,
          "reference_expected_action_loss_bb": 0.22018238486489938,
          "reference_probabilities": [
            0.4000000059604645,
            0.40000003576278687,
            0.20000001788139343
          ]
        },
        {
          "action_values_bb": [
            0.0,
            0.04303169995546341,
            -0.40218570828437805
          ],
          "candidate_probabilities": [
            0.4000000059604645,
            0.40000003576278687,
            0.20000001788139343
          ],
          "class_index": 103,
          "conditional_hand_mass": 0.009049773810439787,
          "expected_action_loss_bb": 0.10625616984775021,
          "hand": "A9o",
          "probability_on_actions_losing_over_0_1bb": 0.20000001788139343,
          "reference_expected_action_loss_bb": 0.10625616984775021,
          "reference_probabilities": [
            0.4000000059604645,
            0.40000003576278687,
            0.20000001788139343
          ]
        },
        {
          "action_values_bb": [
            0.0,
            -0.863936185836792,
            -1.7651457786560059
          ],
          "candidate_probabilities": [
            0.4000000059604645,
            0.40000003576278687,
            0.20000001788139343
          ],
          "class_index": 104,
          "conditional_hand_mass": 0.0030165911925363843,
          "expected_action_loss_bb": 0.6986036925259498,
          "hand": "T2s",
          "probability_on_actions_losing_over_0_1bb": 0.6000000536441803,
          "reference_expected_action_loss_bb": 0.6986036925259498,
          "reference_probabilities": [
            0.4000000059604645,
            0.40000003576278687,
            0.20000001788139343
          ]
        },
        {
          "action_values_bb": [
            0.0,
            -0.7626979351043701,
            -1.61982262134552
          ],
          "candidate_probabilities": [
            0.4000000059604645,
            0.40000003576278687,
            0.20000001788139343
          ],
          "class_index": 105,
          "conditional_hand_mass": 0.0030165911925363843,
          "expected_action_loss_bb": 0.6290437545517413,
          "hand": "T3s",
          "probability_on_actions_losing_over_0_1bb": 0.6000000536441803,
          "reference_expected_action_loss_bb": 0.6290437545517413,
          "reference_probabilities": [
            0.4000000059604645,
            0.40000003576278687,
            0.20000001788139343
          ]
        },
        {
          "action_values_bb": [
            0.0,
            -0.7547277212142944,
            -1.6073994636535645
          ],
          "candidate_probabilities": [
            0.4000000059604645,
            0.40000003576278687,
            0.20000001788139343
          ],
          "class_index": 106,
          "conditional_hand_mass": 0.0030165911925363843,
          "expected_action_loss_bb": 0.6233710369501395,
          "hand": "T4s",
          "probability_on_actions_losing_over_0_1bb": 0.6000000536441803,
          "reference_expected_action_loss_bb": 0.6233710369501395,
          "reference_probabilities": [
            0.4000000059604645,
            0.40000003576278687,
            0.20000001788139343
          ]
        },
        {
          "action_values_bb": [
            0.0,
            -0.7136761546134949,
            -1.551971435546875
          ],
          "candidate_probabilities": [
            0.4000000059604645,
            0.40000003576278687,
            0.20000001788139343
          ],
          "class_index": 107,
          "conditional_hand_mass": 0.0030165911925363843,
          "expected_action_loss_bb": 0.595864802229233,
          "hand": "T5s",
          "probability_on_actions_losing_over_0_1bb": 0.6000000536441803,
          "reference_expected_action_loss_bb": 0.595864802229233,
          "reference_probabilities": [
            0.4000000059604645,
            0.40000003576278687,
            0.20000001788139343
          ]
        },
        {
          "action_values_bb": [
            0.0,
            -0.6167190074920654,
            -1.4071357250213623
          ],
          "candidate_probabilities": [
            0.4000000059604645,
            0.40000003576278687,
            0.20000001788139343
          ],
          "class_index": 108,
          "conditional_hand_mass": 0.0030165911925363843,
          "expected_action_loss_bb": 0.5281147952182366,
          "hand": "T6s",
          "probability_on_actions_losing_over_0_1bb": 0.6000000536441803,
          "reference_expected_action_loss_bb": 0.5281147952182366,
          "reference_probabilities": [
            0.4000000059604645,
            0.40000003576278687,
            0.20000001788139343
          ]
        },
        {
          "action_values_bb": [
            0.0,
            -0.4991552233695984,
            -1.2439959049224854
          ],
          "candidate_probabilities": [
            0.4000000059604645,
            0.40000003576278687,
            0.20000001788139343
          ],
          "class_index": 109,
          "conditional_hand_mass": 0.0030165911925363843,
          "expected_action_loss_bb": 0.4484613104278985,
          "hand": "T7s",
          "probability_on_actions_losing_over_0_1bb": 0.6000000536441803,
          "reference_expected_action_loss_bb": 0.4484613104278985,
          "reference_probabilities": [
            0.4000000059604645,
            0.40000003576278687,
            0.20000001788139343
          ]
        },
        {
          "action_values_bb": [
            0.0,
            -0.33724749088287354,
            -1.0124627351760864
          ],
          "candidate_probabilities": [
            0.4000000059604645,
            0.40000003576278687,
            0.20000001788139343
          ],
          "class_index": 110,
          "conditional_hand_mass": 0.0030165911925363843,
          "expected_action_loss_bb": 0.33739157355352134,
          "hand": "T8s",
          "probability_on_actions_losing_over_0_1bb": 0.6000000536441803,
          "reference_expected_action_loss_bb": 0.33739157355352134,
          "reference_probabilities": [
            0.4000000059604645,
            0.40000003576278687,
            0.20000001788139343
          ]
        },
        {
          "action_values_bb": [
            0.0,
            -0.25480517745018005,
            -0.8851088285446167
          ],
          "candidate_probabilities": [
            0.4000000059604645,
            0.40000003576278687,
            0.20000001788139343
          ],
          "class_index": 111,
          "conditional_hand_mass": 0.0030165911925363843,
          "expected_action_loss_bb": 0.2789438616285178,
          "hand": "T9s",
          "probability_on_actions_losing_over_0_1bb": 0.6000000536441803,
          "reference_expected_action_loss_bb": 0.2789438616285178,
          "reference_probabilities": [
            0.4000000059604645,
            0.40000003576278687,
            0.20000001788139343
          ]
        },
        {
          "action_values_bb": [
            0.0,
            1.1260075569152832,
            1.1368707418441772
          ],
          "candidate_probabilities": [
            0.4000000059604645,
            0.40000003576278687,
            0.20000001788139343
          ],
          "class_index": 112,
          "conditional_hand_mass": 0.0045248869052198935,
          "expected_action_loss_bb": 0.45909357787400396,
          "hand": "TT",
          "probability_on_actions_losing_over_0_1bb": 0.4000000059604645,
          "reference_expected_action_loss_bb": 0.45909357787400396,
          "reference_probabilities": [
            0.4000000059604645,
            0.40000003576278687,
            0.20000001788139343
          ]
        },
        {
          "action_values_bb": [
            0.0,
            -0.29527902603149414,
            -0.9356301426887512
          ],
          "candidate_probabilities": [
            0.4000000059604645,
            0.40000003576278687,
            0.20000001788139343
          ],
          "class_index": 113,
          "conditional_hand_mass": 0.009049773810439787,
          "expected_action_loss_bb": 0.30523766624071946,
          "hand": "JTo",
          "probability_on_actions_losing_over_0_1bb": 0.6000000536441803,
          "reference_expected_action_loss_bb": 0.30523766624071946,
          "reference_probabilities": [
            0.4000000059604645,
            0.40000003576278687,
            0.20000001788139343
          ]
        },
        {
          "action_values_bb": [
            0.0,
            -0.17389225959777832,
            -0.7371389269828796
          ],
          "candidate_probabilities": [
            0.4000000059604645,
            0.40000003576278687,
            0.20000001788139343
          ],
          "class_index": 114,
          "conditional_hand_mass": 0.009049773810439787,
          "expected_action_loss_bb": 0.21698470863563024,
          "hand": "QTo",
          "probability_on_actions_losing_over_0_1bb": 0.6000000536441803,
          "reference_expected_action_loss_bb": 0.21698470863563024,
          "reference_probabilities": [
            0.4000000059604645,
            0.40000003576278687,
            0.20000001788139343
          ]
        },
        {
          "action_values_bb": [
            0.0,
            -0.010309696197509766,
            -0.47627341747283936
          ],
          "candidate_probabilities": [
            0.4000000059604645,
            0.40000003576278687,
            0.20000001788139343
          ],
          "class_index": 115,
          "conditional_hand_mass": 0.009049773810439787,
          "expected_action_loss_bb": 0.0993785708587076,
          "hand": "KTo",
          "probability_on_actions_losing_over_0_1bb": 0.20000001788139343,
          "reference_expected_action_loss_bb": 0.0993785708587076,
          "reference_probabilities": [
            0.4000000059604645,
            0.40000003576278687,
            0.20000001788139343
          ]
        },
        {
          "action_values_bb": [
            0.0,
            0.24177320301532745,
            -0.11590398848056793
          ],
          "candidate_probabilities": [
            0.4000000059604645,
            0.40000003576278687,
            0.20000001788139343
          ],
          "class_index": 116,
          "conditional_hand_mass": 0.009049773810439787,
          "expected_action_loss_bb": 0.16824472734215723,
          "hand": "ATo",
          "probability_on_actions_losing_over_0_1bb": 0.6000000238418579,
          "reference_expected_action_loss_bb": 0.16824472734215723,
          "reference_probabilities": [
            0.4000000059604645,
            0.40000003576278687,
            0.20000001788139343
          ]
        },
        {
          "action_values_bb": [
            0.0,
            -0.7170736789703369,
            -1.5616412162780762
          ],
          "candidate_probabilities": [
            0.4000000059604645,
            0.40000003576278687,
            0.20000001788139343
          ],
          "class_index": 117,
          "conditional_hand_mass": 0.0030165911925363843,
          "expected_action_loss_bb": 0.5991577684126241,
          "hand": "J2s",
          "probability_on_actions_losing_over_0_1bb": 0.6000000536441803,
          "reference_expected_action_loss_bb": 0.5991577684126241,
          "reference_probabilities": [
            0.4000000059604645,
            0.40000003576278687,
            0.20000001788139343
          ]
        },
        {
          "action_values_bb": [
            0.0,
            -0.7340383529663086,
            -1.5824029445648193
          ],
          "candidate_probabilities": [
            0.4000000059604645,
            0.40000003576278687,
            0.20000001788139343
          ],
          "class_index": 118,
          "conditional_hand_mass": 0.0030165911925363843,
          "expected_action_loss_bb": 0.6100959846463141,
          "hand": "J3s",
          "probability_on_actions_losing_over_0_1bb": 0.6000000536441803,
          "reference_expected_action_loss_bb": 0.6100959846463141,
          "reference_probabilities": [
            0.4000000059604645,
            0.40000003576278687,
            0.20000001788139343
          ]
        },
        {
          "action_values_bb": [
            0.0,
            -0.6697424650192261,
            -1.4909406900405884
          ],
          "candidate_probabilities": [
            0.4000000059604645,
            0.40000003576278687,
            0.20000001788139343
          ],
          "class_index": 119,
          "conditional_hand_mass": 0.0030165911925363843,
          "expected_action_loss_bb": 0.5660851746277622,
          "hand": "J4s",
          "probability_on_actions_losing_over_0_1bb": 0.6000000536441803,
          "reference_expected_action_loss_bb": 0.5660851746277622,
          "reference_probabilities": [
            0.4000000059604645,
            0.40000003576278687,
            0.20000001788139343
          ]
        },
        {
          "action_values_bb": [
            0.0,
            -0.556147575378418,
            -1.3307440280914307
          ],
          "candidate_probabilities": [
            0.4000000059604645,
            0.40000003576278687,
            0.20000001788139343
          ],
          "class_index": 120,
          "conditional_hand_mass": 0.0030165911925363843,
          "expected_action_loss_bb": 0.48860787945459805,
          "hand": "J5s",
          "probability_on_actions_losing_over_0_1bb": 0.6000000536441803,
          "reference_expected_action_loss_bb": 0.48860787945459805,
          "reference_probabilities": [
            0.4000000059604645,
            0.40000003576278687,
            0.20000001788139343
          ]
        },
        {
          "action_values_bb": [
            0.0,
            -0.526622474193573,
            -1.283190369606018
          ],
          "candidate_probabilities": [
            0.4000000059604645,
            0.40000003576278687,
            0.20000001788139343
          ],
          "class_index": 121,
          "conditional_hand_mass": 0.0030165911925363843,
          "expected_action_loss_bb": 0.46728710537735196,
          "hand": "J6s",
          "probability_on_actions_losing_over_0_1bb": 0.6000000536441803,
          "reference_expected_action_loss_bb": 0.46728710537735196,
          "reference_probabilities": [
            0.4000000059604645,
            0.40000003576278687,
            0.20000001788139343
          ]
        },
        {
          "action_values_bb": [
            0.0,
            -0.41982176899909973,
            -1.1381078958511353
          ],
          "candidate_probabilities": [
            0.4000000059604645,
            0.40000003576278687,
            0.20000001788139343
          ],
          "class_index": 122,
          "conditional_hand_mass": 0.0030165911925363843,
          "expected_action_loss_bb": 0.39555032213481844,
          "hand": "J7s",
          "probability_on_actions_losing_over_0_1bb": 0.6000000536441803,
          "reference_expected_action_loss_bb": 0.39555032213481844,
          "reference_probabilities": [
            0.4000000059604645,
            0.40000003576278687,
            0.20000001788139343
          ]
        },
        {
          "action_values_bb": [
            0.0,
            -0.2606770992279053,
            -0.9025943875312805
          ],
          "candidate_probabilities": [
            0.4000000059604645,
            0.40000003576278687,
            0.20000001788139343
          ],
          "class_index": 123,
          "conditional_hand_mass": 0.0030165911925363843,
          "expected_action_loss_bb": 0.2847897426596031,
          "hand": "J8s",
          "probability_on_actions_losing_over_0_1bb": 0.6000000536441803,
          "reference_expected_action_loss_bb": 0.2847897426596031,
          "reference_probabilities": [
            0.4000000059604645,
            0.40000003576278687,
            0.20000001788139343
          ]
        },
        {
          "action_values_bb": [
            0.0,
            -0.23336327075958252,
            -0.8533265590667725
          ],
          "candidate_probabilities": [
            0.4000000059604645,
            0.40000003576278687,
            0.20000001788139343
          ],
          "class_index": 124,
          "conditional_hand_mass": 0.0030165911925363843,
          "expected_action_loss_bb": 0.26401064372157634,
          "hand": "J9s",
          "probability_on_actions_losing_over_0_1bb": 0.6000000536441803,
          "reference_expected_action_loss_bb": 0.26401064372157634,
          "reference_probabilities": [
            0.4000000059604645,
            0.40000003576278687,
            0.20000001788139343
          ]
        },
        {
          "action_values_bb": [
            0.0,
            -0.041347235441207886,
            -0.5679070353507996
          ],
          "candidate_probabilities": [
            0.4000000059604645,
            0.40000003576278687,
            0.20000001788139343
          ],
          "class_index": 125,
          "conditional_hand_mass": 0.0030165911925363843,
          "expected_action_loss_bb": 0.13012031288030457,
          "hand": "JTs",
          "probability_on_actions_losing_over_0_1bb": 0.20000001788139343,
          "reference_expected_action_loss_bb": 0.13012031288030457,
          "reference_probabilities": [
            0.4000000059604645,
            0.40000003576278687,
            0.20000001788139343
          ]
        },
        {
          "action_values_bb": [
            0.0,
            1.3698318004608154,
            1.4917709827423096
          ],
          "candidate_probabilities": [
            0.4000000059604645,
            0.40000003576278687,
            0.20000001788139343
          ],
          "class_index": 126,
          "conditional_hand_mass": 0.0045248869052198935,
          "expected_action_loss_bb": 0.6454840792620544,
          "hand": "JJ",
          "probability_on_actions_losing_over_0_1bb": 0.8000000417232513,
          "reference_expected_action_loss_bb": 0.6454840792620544,
          "reference_probabilities": [
            0.4000000059604645,
            0.40000003576278687,
            0.20000001788139343
          ]
        },
        {
          "action_values_bb": [
            0.0,
            -0.09136146306991577,
            -0.6225824952125549
          ],
          "candidate_probabilities": [
            0.4000000059604645,
            0.40000003576278687,
            0.20000001788139343
          ],
          "class_index": 127,
          "conditional_hand_mass": 0.009049773810439787,
          "expected_action_loss_bb": 0.16106109867046037,
          "hand": "QJo",
          "probability_on_actions_losing_over_0_1bb": 0.20000001788139343,
          "reference_expected_action_loss_bb": 0.16106109867046037,
          "reference_probabilities": [
            0.4000000059604645,
            0.40000003576278687,
            0.20000001788139343
          ]
        },
        {
          "action_values_bb": [
            0.0,
            0.10063368827104568,
            -0.32127735018730164
          ],
          "candidate_probabilities": [
            0.4000000059604645,
            0.40000003576278687,
            0.20000001788139343
          ],
          "class_index": 128,
          "conditional_hand_mass": 0.009049773810439787,
          "expected_action_loss_bb": 0.12463569114426853,
          "hand": "KJo",
          "probability_on_actions_losing_over_0_1bb": 0.6000000238418579,
          "reference_expected_action_loss_bb": 0.12463569114426853,
          "reference_probabilities": [
            0.4000000059604645,
            0.40000003576278687,
            0.20000001788139343
          ]
        },
        {
          "action_values_bb": [
            0.0,
            0.29107195138931274,
            -0.0505802184343338
          ],
          "candidate_probabilities": [
            0.4000000059604645,
            0.40000003576278687,
            0.20000001788139343
          ],
          "class_index": 129,
          "conditional_hand_mass": 0.009049773810439787,
          "expected_action_loss_bb": 0.1847592223645953,
          "hand": "AJo",
          "probability_on_actions_losing_over_0_1bb": 0.6000000238418579,
          "reference_expected_action_loss_bb": 0.1847592223645953,
          "reference_probabilities": [
            0.4000000059604645,
            0.40000003576278687,
            0.20000001788139343
          ]
        },
        {
          "action_values_bb": [
            0.0,
            -0.6149379014968872,
            -1.4133970737457275
          ],
          "candidate_probabilities": [
            0.4000000059604645,
            0.40000003576278687,
            0.20000001788139343
          ],
          "class_index": 130,
          "conditional_hand_mass": 0.0030165911925363843,
          "expected_action_loss_bb": 0.5286546226133026,
          "hand": "Q2s",
          "probability_on_actions_losing_over_0_1bb": 0.6000000536441803,
          "reference_expected_action_loss_bb": 0.5286546226133026,
          "reference_probabilities": [
            0.4000000059604645,
            0.40000003576278687,
            0.20000001788139343
          ]
        },
        {
          "action_values_bb": [
            0.0,
            -0.49142828583717346,
            -1.2352981567382812
          ],
          "candidate_probabilities": [
            0.4000000059604645,
            0.40000003576278687,
            0.20000001788139343
          ],
          "class_index": 131,
          "conditional_hand_mass": 0.0030165911925363843,
          "expected_action_loss_bb": 0.44363098534622303,
          "hand": "Q3s",
          "probability_on_actions_losing_over_0_1bb": 0.6000000536441803,
          "reference_expected_action_loss_bb": 0.44363098534622303,
          "reference_probabilities": [
            0.4000000059604645,
            0.40000003576278687,
            0.20000001788139343
          ]
        },
        {
          "action_values_bb": [
            0.0,
            -0.6159363985061646,
            -1.4099723100662231
          ],
          "candidate_probabilities": [
            0.4000000059604645,
            0.40000003576278687,
            0.20000001788139343
          ],
          "class_index": 132,
          "conditional_hand_mass": 0.0030165911925363843,
          "expected_action_loss_bb": 0.5283690686555822,
          "hand": "Q4s",
          "probability_on_actions_losing_over_0_1bb": 0.6000000536441803,
          "reference_expected_action_loss_bb": 0.5283690686555822,
          "reference_probabilities": [
            0.4000000059604645,
            0.40000003576278687,
            0.20000001788139343
          ]
        },
        {
          "action_values_bb": [
            0.0,
            -0.42987364530563354,
            -1.142956256866455
          ],
          "candidate_probabilities": [
            0.4000000059604645,
            0.40000003576278687,
            0.20000001788139343
          ],
          "class_index": 133,
          "conditional_hand_mass": 0.0030165911925363843,
          "expected_action_loss_bb": 0.4005407453066745,
          "hand": "Q5s",
          "probability_on_actions_losing_over_0_1bb": 0.6000000536441803,
          "reference_expected_action_loss_bb": 0.4005407453066745,
          "reference_probabilities": [
            0.4000000059604645,
            0.40000003576278687,
            0.20000001788139343
          ]
        },
        {
          "action_values_bb": [
            0.0,
            -0.41769513487815857,
            -1.117863416671753
          ],
          "candidate_probabilities": [
            0.4000000059604645,
            0.40000003576278687,
            0.20000001788139343
          ],
          "class_index": 134,
          "conditional_hand_mass": 0.0030165911925363843,
          "expected_action_loss_bb": 0.39065077221251165,
          "hand": "Q6s",
          "probability_on_actions_losing_over_0_1bb": 0.6000000536441803,
          "reference_expected_action_loss_bb": 0.39065077221251165,
          "reference_probabilities": [
            0.4000000059604645,
            0.40000003576278687,
            0.20000001788139343
          ]
        },
        {
          "action_values_bb": [
            0.0,
            -0.4083314538002014,
            -1.1031877994537354
          ],
          "candidate_probabilities": [
            0.4000000059604645,
            0.40000003576278687,
            0.20000001788139343
          ],
          "class_index": 135,
          "conditional_hand_mass": 0.0030165911925363843,
          "expected_action_loss_bb": 0.38397017574043346,
          "hand": "Q7s",
          "probability_on_actions_losing_over_0_1bb": 0.6000000536441803,
          "reference_expected_action_loss_bb": 0.38397017574043346,
          "reference_probabilities": [
            0.4000000059604645,
            0.40000003576278687,
            0.20000001788139343
          ]
        },
        {
          "action_values_bb": [
            0.0,
            -0.2073175311088562,
            -0.7971120476722717
          ],
          "candidate_probabilities": [
            0.4000000059604645,
            0.40000003576278687,
            0.20000001788139343
          ],
          "class_index": 136,
          "conditional_hand_mass": 0.0030165911925363843,
          "expected_action_loss_bb": 0.24234944364572364,
          "hand": "Q8s",
          "probability_on_actions_losing_over_0_1bb": 0.6000000536441803,
          "reference_expected_action_loss_bb": 0.24234944364572364,
          "reference_probabilities": [
            0.4000000059604645,
            0.40000003576278687,
            0.20000001788139343
          ]
        },
        {
          "action_values_bb": [
            0.0,
            -0.08169370144605637,
            -0.6116412878036499
          ],
          "candidate_probabilities": [
            0.4000000059604645,
            0.40000003576278687,
            0.20000001788139343
          ],
          "class_index": 137,
          "conditional_hand_mass": 0.0030165911925363843,
          "expected_action_loss_bb": 0.15500575199774547,
          "hand": "Q9s",
          "probability_on_actions_losing_over_0_1bb": 0.20000001788139343,
          "reference_expected_action_loss_bb": 0.15500575199774547,
          "reference_probabilities": [
            0.4000000059604645,
            0.40000003576278687,
            0.20000001788139343
          ]
        },
        {
          "action_values_bb": [
            0.0,
            0.08808670938014984,
            -0.35961735248565674
          ],
          "candidate_probabilities": [
            0.4000000059604645,
            0.40000003576278687,
            0.20000001788139343
          ],
          "class_index": 138,
          "conditional_hand_mass": 0.0030165911925363843,
          "expected_action_loss_bb": 0.12477550465583143,
          "hand": "QTs",
          "probability_on_actions_losing_over_0_1bb": 0.20000001788139343,
          "reference_expected_action_loss_bb": 0.12477550465583143,
          "reference_probabilities": [
            0.4000000059604645,
            0.40000003576278687,
            0.20000001788139343
          ]
        },
        {
          "action_values_bb": [
            0.0,
            0.0961676761507988,
            -0.3527679443359375
          ],
          "candidate_probabilities": [
            0.4000000059604645,
            0.40000003576278687,
            0.20000001788139343
          ],
          "class_index": 139,
          "conditional_hand_mass": 0.0030165911925363843,
          "expected_action_loss_bb": 0.12825420315846525,
          "hand": "QJs",
          "probability_on_actions_losing_over_0_1bb": 0.20000001788139343,
          "reference_expected_action_loss_bb": 0.12825420315846525,
          "reference_probabilities": [
            0.4000000059604645,
            0.40000003576278687,
            0.20000001788139343
          ]
        },
        {
          "action_values_bb": [
            0.0,
            1.6442605257034302,
            1.898330569267273
          ],
          "candidate_probabilities": [
            0.4000000059604645,
            0.40000003576278687,
            0.20000001788139343
          ],
          "class_index": 140,
          "conditional_hand_mass": 0.0045248869052198935,
          "expected_action_loss_bb": 0.860960265533631,
          "hand": "QQ",
          "probability_on_actions_losing_over_0_1bb": 0.8000000417232513,
          "reference_expected_action_loss_bb": 0.860960265533631,
          "reference_probabilities": [
            0.4000000059604645,
            0.40000003576278687,
            0.20000001788139343
          ]
        },
        {
          "action_values_bb": [
            0.0,
            0.25221043825149536,
            -0.10074356943368912
          ],
          "candidate_probabilities": [
            0.4000000059604645,
            0.40000003576278687,
            0.20000001788139343
          ],
          "class_index": 141,
          "conditional_hand_mass": 0.009049773810439787,
          "expected_action_loss_bb": 0.17147498465223587,
          "hand": "KQo",
          "probability_on_actions_losing_over_0_1bb": 0.6000000238418579,
          "reference_expected_action_loss_bb": 0.17147498465223587,
          "reference_probabilities": [
            0.4000000059604645,
            0.40000003576278687,
            0.20000001788139343
          ]
        },
        {
          "action_values_bb": [
            0.0,
            0.40010708570480347,
            0.10996292531490326
          ],
          "candidate_probabilities": [
            0.4000000059604645,
            0.40000003576278687,
            0.20000001788139343
          ],
          "class_index": 142,
          "conditional_hand_mass": 0.009049773810439787,
          "expected_action_loss_bb": 0.21807167393290738,
          "hand": "AQo",
          "probability_on_actions_losing_over_0_1bb": 0.6000000238418579,
          "reference_expected_action_loss_bb": 0.21807167393290738,
          "reference_probabilities": [
            0.4000000059604645,
            0.40000003576278687,
            0.20000001788139343
          ]
        },
        {
          "action_values_bb": [
            0.0,
            -0.41327953338623047,
            -1.095828890800476
          ],
          "candidate_probabilities": [
            0.4000000059604645,
            0.40000003576278687,
            0.20000001788139343
          ],
          "class_index": 143,
          "conditional_hand_mass": 0.0030165911925363843,
          "expected_action_loss_bb": 0.3844776258895628,
          "hand": "K2s",
          "probability_on_actions_losing_over_0_1bb": 0.6000000536441803,
          "reference_expected_action_loss_bb": 0.3844776258895628,
          "reference_probabilities": [
            0.4000000059604645,
            0.40000003576278687,
            0.20000001788139343
          ]
        },
        {
          "action_values_bb": [
            0.0,
            -0.2857493758201599,
            -0.9142142534255981
          ],
          "candidate_probabilities": [
            0.4000000059604645,
            0.40000003576278687,
            0.20000001788139343
          ],
          "class_index": 144,
          "conditional_hand_mass": 0.0030165911925363843,
          "expected_action_loss_bb": 0.29714262757980237,
          "hand": "K3s",
          "probability_on_actions_losing_over_0_1bb": 0.6000000536441803,
          "reference_expected_action_loss_bb": 0.29714262757980237,
          "reference_probabilities": [
            0.4000000059604645,
            0.40000003576278687,
            0.20000001788139343
          ]
        },
        {
          "action_values_bb": [
            0.0,
            -0.3515514135360718,
            -1.0026694536209106
          ],
          "candidate_probabilities": [
            0.4000000059604645,
            0.40000003576278687,
            0.20000001788139343
          ],
          "class_index": 145,
          "conditional_hand_mass": 0.0030165911925363843,
          "expected_action_loss_bb": 0.3411544866401961,
          "hand": "K4s",
          "probability_on_actions_losing_over_0_1bb": 0.6000000536441803,
          "reference_expected_action_loss_bb": 0.3411544866401961,
          "reference_probabilities": [
            0.4000000059604645,
            0.40000003576278687,
            0.20000001788139343
          ]
        },
        {
          "action_values_bb": [
            0.0,
            -0.26100102066993713,
            -0.8671152591705322
          ],
          "candidate_probabilities": [
            0.4000000059604645,
            0.40000003576278687,
            0.20000001788139343
          ],
          "class_index": 146,
          "conditional_hand_mass": 0.0030165911925363843,
          "expected_action_loss_bb": 0.2778234849414343,
          "hand": "K5s",
          "probability_on_actions_losing_over_0_1bb": 0.6000000536441803,
          "reference_expected_action_loss_bb": 0.2778234849414343,
          "reference_probabilities": [
            0.4000000059604645,
            0.40000003576278687,
            0.20000001788139343
          ]
        },
        {
          "action_values_bb": [
            0.0,
            -0.17822487652301788,
            -0.7416597008705139
          ],
          "candidate_probabilities": [
            0.4000000059604645,
            0.40000003576278687,
            0.20000001788139343
          ],
          "class_index": 147,
          "conditional_hand_mass": 0.0030165911925363843,
          "expected_action_loss_bb": 0.21962191041903711,
          "hand": "K6s",
          "probability_on_actions_losing_over_0_1bb": 0.6000000536441803,
          "reference_expected_action_loss_bb": 0.21962191041903711,
          "reference_probabilities": [
            0.4000000059604645,
            0.40000003576278687,
            0.20000001788139343
          ]
        },
        {
          "action_values_bb": [
            0.0,
            -0.2264890819787979,
            -0.8057705760002136
          ],
          "candidate_probabilities": [
            0.4000000059604645,
            0.40000003576278687,
            0.20000001788139343
          ],
          "class_index": 148,
          "conditional_hand_mass": 0.0030165911925363843,
          "expected_action_loss_bb": 0.25174977049974334,
          "hand": "K7s",
          "probability_on_actions_losing_over_0_1bb": 0.6000000536441803,
          "reference_expected_action_loss_bb": 0.25174977049974334,
          "reference_probabilities": [
            0.4000000059604645,
            0.40000003576278687,
            0.20000001788139343
          ]
        },
        {
          "action_values_bb": [
            0.0,
            -0.06494858115911484,
            -0.5649421215057373
          ],
          "candidate_probabilities": [
            0.4000000059604645,
            0.40000003576278687,
            0.20000001788139343
          ],
          "class_index": 149,
          "conditional_hand_mass": 0.0030165911925363843,
          "expected_action_loss_bb": 0.138967869189488,
          "hand": "K8s",
          "probability_on_actions_losing_over_0_1bb": 0.20000001788139343,
          "reference_expected_action_loss_bb": 0.138967869189488,
          "reference_probabilities": [
            0.4000000059604645,
            0.40000003576278687,
            0.20000001788139343
          ]
        },
        {
          "action_values_bb": [
            0.0,
            0.09673673659563065,
            -0.33186328411102295
          ],
          "candidate_probabilities": [
            0.4000000059604645,
            0.40000003576278687,
            0.20000001788139343
          ],
          "class_index": 150,
          "conditional_hand_mass": 0.0030165911925363843,
          "expected_action_loss_bb": 0.12441470702014445,
          "hand": "K9s",
          "probability_on_actions_losing_over_0_1bb": 0.20000001788139343,
          "reference_expected_action_loss_bb": 0.12441470702014445,
          "reference_probabilities": [
            0.4000000059604645,
            0.40000003576278687,
            0.20000001788139343
          ]
        },
        {
          "action_values_bb": [
            0.0,
            0.14388620853424072,
            -0.255496621131897
          ],
          "candidate_probabilities": [
            0.4000000059604645,
            0.40000003576278687,
            0.20000001788139343
          ],
          "class_index": 151,
          "conditional_hand_mass": 0.0030165911925363843,
          "expected_action_loss_bb": 0.13743105734607397,
          "hand": "KTs",
          "probability_on_actions_losing_over_0_1bb": 0.6000000238418579,
          "reference_expected_action_loss_bb": 0.13743105734607397,
          "reference_probabilities": [
            0.4000000059604645,
            0.40000003576278687,
            0.20000001788139343
          ]
        },
        {
          "action_values_bb": [
            0.0,
            0.31354933977127075,
            -0.015453509986400604
          ],
          "candidate_probabilities": [
            0.4000000059604645,
            0.40000003576278687,
            0.20000001788139343
          ],
          "class_index": 152,
          "conditional_hand_mass": 0.0030165911925363843,
          "expected_action_loss_bb": 0.19122031361197167,
          "hand": "KJs",
          "probability_on_actions_losing_over_0_1bb": 0.6000000238418579,
          "reference_expected_action_loss_bb": 0.19122031361197167,
          "reference_probabilities": [
            0.4000000059604645,
            0.40000003576278687,
            0.20000001788139343
          ]
        },
        {
          "action_values_bb": [
            0.0,
            0.4603118896484375,
            0.19755756855010986
          ],
          "candidate_probabilities": [
            0.4000000059604645,
            0.40000003576278687,
            0.20000001788139343
          ],
          "class_index": 153,
          "conditional_hand_mass": 0.0030165911925363843,
          "expected_action_loss_bb": 0.23667562752112659,
          "hand": "KQs",
          "probability_on_actions_losing_over_0_1bb": 0.6000000238418579,
          "reference_expected_action_loss_bb": 0.23667562752112659,
          "reference_probabilities": [
            0.4000000059604645,
            0.40000003576278687,
            0.20000001788139343
          ]
        },
        {
          "action_values_bb": [
            0.0,
            1.947801113128662,
            2.350191354751587
          ],
          "candidate_probabilities": [
            0.4000000059604645,
            0.40000003576278687,
            0.20000001788139343
          ],
          "class_index": 154,
          "conditional_hand_mass": 0.0045248869052198935,
          "expected_action_loss_bb": 1.1010326669486332,
          "hand": "KK",
          "probability_on_actions_losing_over_0_1bb": 0.8000000417232513,
          "reference_expected_action_loss_bb": 1.1010326669486332,
          "reference_probabilities": [
            0.4000000059604645,
            0.40000003576278687,
            0.20000001788139343
          ]
        },
        {
          "action_values_bb": [
            0.0,
            0.5868610143661499,
            0.3815418779850006
          ],
          "candidate_probabilities": [
            0.4000000059604645,
            0.40000003576278687,
            0.20000001788139343
          ],
          "class_index": 155,
          "conditional_hand_mass": 0.009049773810439787,
          "expected_action_loss_bb": 0.2758082401920463,
          "hand": "AKo",
          "probability_on_actions_losing_over_0_1bb": 0.6000000238418579,
          "reference_expected_action_loss_bb": 0.2758082401920463,
          "reference_probabilities": [
            0.4000000059604645,
            0.40000003576278687,
            0.20000001788139343
          ]
        },
        {
          "action_values_bb": [
            0.0,
            -0.2375430464744568,
            -0.8106260299682617
          ],
          "candidate_probabilities": [
            0.4000000059604645,
            0.40000003576278687,
            0.20000001788139343
          ],
          "class_index": 156,
          "conditional_hand_mass": 0.0030165911925363843,
          "expected_action_loss_bb": 0.25714244757375937,
          "hand": "A2s",
          "probability_on_actions_losing_over_0_1bb": 0.6000000536441803,
          "reference_expected_action_loss_bb": 0.25714244757375937,
          "reference_probabilities": [
            0.4000000059604645,
            0.40000003576278687,
            0.20000001788139343
          ]
        },
        {
          "action_values_bb": [
            0.0,
            -0.08977028727531433,
            -0.6009992361068726
          ],
          "candidate_probabilities": [
            0.4000000059604645,
            0.40000003576278687,
            0.20000001788139343
          ],
          "class_index": 157,
          "conditional_hand_mass": 0.0030165911925363843,
          "expected_action_loss_bb": 0.1561079760886397,
          "hand": "A3s",
          "probability_on_actions_losing_over_0_1bb": 0.20000001788139343,
          "reference_expected_action_loss_bb": 0.1561079760886397,
          "reference_probabilities": [
            0.4000000059604645,
            0.40000003576278687,
            0.20000001788139343
          ]
        },
        {
          "action_values_bb": [
            0.0,
            -0.06792473047971725,
            -0.5679552555084229
          ],
          "candidate_probabilities": [
            0.4000000059604645,
            0.40000003576278687,
            0.20000001788139343
          ],
          "class_index": 158,
          "conditional_hand_mass": 0.0030165911925363843,
          "expected_action_loss_bb": 0.1407609558785805,
          "hand": "A4s",
          "probability_on_actions_losing_over_0_1bb": 0.20000001788139343,
          "reference_expected_action_loss_bb": 0.1407609558785805,
          "reference_probabilities": [
            0.4000000059604645,
            0.40000003576278687,
            0.20000001788139343
          ]
        },
        {
          "action_values_bb": [
            0.0,
            0.01350199431180954,
            -0.4496878385543823
          ],
          "candidate_probabilities": [
            0.4000000059604645,
            0.40000003576278687,
            0.20000001788139343
          ],
          "class_index": 159,
          "conditional_hand_mass": 0.0030165911925363843,
          "expected_action_loss_bb": 0.09803877266091998,
          "hand": "A5s",
          "probability_on_actions_losing_over_0_1bb": 0.20000001788139343,
          "reference_expected_action_loss_bb": 0.09803877266091998,
          "reference_probabilities": [
            0.4000000059604645,
            0.40000003576278687,
            0.20000001788139343
          ]
        },
        {
          "action_values_bb": [
            0.0,
            0.013263314962387085,
            -0.4488961100578308
          ],
          "candidate_probabilities": [
            0.4000000059604645,
            0.40000003576278687,
            0.20000001788139343
          ],
          "class_index": 160,
          "conditional_hand_mass": 0.0030165911925363843,
          "expected_action_loss_bb": 0.09773721933210844,
          "hand": "A6s",
          "probability_on_actions_losing_over_0_1bb": 0.20000001788139343,
          "reference_expected_action_loss_bb": 0.09773721933210844,
          "reference_probabilities": [
            0.4000000059604645,
            0.40000003576278687,
            0.20000001788139343
          ]
        },
        {
          "action_values_bb": [
            0.0,
            0.055501922965049744,
            -0.392167329788208
          ],
          "candidate_probabilities": [
            0.4000000059604645,
            0.40000003576278687,
            0.20000001788139343
          ],
          "class_index": 161,
          "conditional_hand_mass": 0.0030165911925363843,
          "expected_action_loss_bb": 0.11173462807243872,
          "hand": "A7s",
          "probability_on_actions_losing_over_0_1bb": 0.20000001788139343,
          "reference_expected_action_loss_bb": 0.11173462807243872,
          "reference_probabilities": [
            0.4000000059604645,
            0.40000003576278687,
            0.20000001788139343
          ]
        },
        {
          "action_values_bb": [
            0.0,
            0.20689871907234192,
            -0.16995194554328918
          ],
          "candidate_probabilities": [
            0.4000000059604645,
            0.40000003576278687,
            0.20000001788139343
          ],
          "class_index": 162,
          "conditional_hand_mass": 0.0030165911925363843,
          "expected_action_loss_bb": 0.15812962852389045,
          "hand": "A8s",
          "probability_on_actions_losing_over_0_1bb": 0.6000000238418579,
          "reference_expected_action_loss_bb": 0.15812962852389045,
          "reference_probabilities": [
            0.4000000059604645,
            0.40000003576278687,
            0.20000001788139343
          ]
        },
        {
          "action_values_bb": [
            0.0,
            0.2663632333278656,
            -0.08419816195964813
          ],
          "candidate_probabilities": [
            0.4000000059604645,
            0.40000003576278687,
            0.20000001788139343
          ],
          "class_index": 163,
          "conditional_hand_mass": 0.0030165911925363843,
          "expected_action_loss_bb": 0.1766575802448238,
          "hand": "A9s",
          "probability_on_actions_losing_over_0_1bb": 0.6000000238418579,
          "reference_expected_action_loss_bb": 0.1766575802448238,
          "reference_probabilities": [
            0.4000000059604645,
            0.40000003576278687,
            0.20000001788139343
          ]
        },
        {
          "action_values_bb": [
            0.0,
            0.3869093656539917,
            0.09078384190797806
          ],
          "candidate_probabilities": [
            0.4000000059604645,
            0.40000003576278687,
            0.20000001788139343
          ],
          "class_index": 164,
          "conditional_hand_mass": 0.0030165911925363843,
          "expected_action_loss_bb": 0.21398885861209593,
          "hand": "ATs",
          "probability_on_actions_losing_over_0_1bb": 0.6000000238418579,
          "reference_expected_action_loss_bb": 0.21398885861209593,
          "reference_probabilities": [
            0.4000000059604645,
            0.40000003576278687,
            0.20000001788139343
          ]
        },
        {
          "action_values_bb": [
            0.0,
            0.3736867904663086,
            0.06967400014400482
          ],
          "candidate_probabilities": [
            0.4000000059604645,
            0.40000003576278687,
            0.20000001788139343
          ],
          "class_index": 165,
          "conditional_hand_mass": 0.0030165911925363843,
          "expected_action_loss_bb": 0.21027728191450334,
          "hand": "AJs",
          "probability_on_actions_losing_over_0_1bb": 0.6000000238418579,
          "reference_expected_action_loss_bb": 0.21027728191450334,
          "reference_probabilities": [
            0.4000000059604645,
            0.40000003576278687,
            0.20000001788139343
          ]
        },
        {
          "action_values_bb": [
            0.0,
            0.637177050113678,
            0.45000773668289185
          ],
          "candidate_probabilities": [
            0.4000000059604645,
            0.40000003576278687,
            0.20000001788139343
          ],
          "class_index": 166,
          "conditional_hand_mass": 0.0030165911925363843,
          "expected_action_loss_bb": 0.2923046898763477,
          "hand": "AQs",
          "probability_on_actions_losing_over_0_1bb": 0.6000000238418579,
          "reference_expected_action_loss_bb": 0.2923046898763477,
          "reference_probabilities": [
            0.4000000059604645,
            0.40000003576278687,
            0.20000001788139343
          ]
        },
        {
          "action_values_bb": [
            0.0,
            0.8037984371185303,
            0.6912094950675964
          ],
          "candidate_probabilities": [
            0.4000000059604645,
            0.40000003576278687,
            0.20000001788139343
          ],
          "class_index": 167,
          "conditional_hand_mass": 0.0030165911925363843,
          "expected_action_loss_bb": 0.3440371700618581,
          "hand": "AKs",
          "probability_on_actions_losing_over_0_1bb": 0.6000000238418579,
          "reference_expected_action_loss_bb": 0.3440371700618581,
          "reference_probabilities": [
            0.4000000059604645,
            0.40000003576278687,
            0.20000001788139343
          ]
        },
        {
          "action_values_bb": [
            0.0,
            2.3356587886810303,
            2.89042329788208
          ],
          "candidate_probabilities": [
            0.4000000059604645,
            0.40000003576278687,
            0.20000001788139343
          ],
          "class_index": 168,
          "conditional_hand_mass": 0.0045248869052198935,
          "expected_action_loss_bb": 1.3780751599014422,
          "hand": "AA",
          "probability_on_actions_losing_over_0_1bb": 0.8000000417232513,
          "reference_expected_action_loss_bb": 1.3780751599014422,
          "reference_probabilities": [
            0.4000000059604645,
            0.40000003576278687,
            0.20000001788139343
          ]
        }
      ],
      "joint_reach_independent_model": 1.000000037252903,
      "opponent_mass": 1.0,
      "passes_local_tail_gate": null,
      "path": [],
      "position": "CO",
      "reference_weighted_action_loss_bb": 0.5547754520457188,
      "scope": "One-action deviation followed by reference play, same reference arriving ranges; excludes physical-deal validation",
      "status": "evaluated",
      "weighted_action_loss_bb": 0.5547754520457188,
      "weighted_excess_action_loss_bb": 0.0,
      "worst_relevant_probability_on_strongly_inferior_actions": 0.8000000417232513
    },
    {
      "actions": [
        {
          "kind": "fold",
          "label": "Fold",
          "to": 0.0
        },
        {
          "kind": "call",
          "label": "Limp 1",
          "to": 1.0
        },
        {
          "kind": "raise",
          "label": "Raise 2.5",
          "to": 2.5
        }
      ],
      "actor": 1,
      "actor_mass": 1.000000037252903,
      "forced_or_frozen": false,
      "hands": [
        {
          "action_values_bb": [
            0.0,
            0.34055627375012226,
            -0.41232145708320356
          ],
          "candidate_probabilities": [
            0.00010047495743492618,
            0.9998248219490051,
            0.00007472390279872343
          ],
          "class_index": 0,
          "conditional_hand_mass": 0.0045248869052198935,
          "expected_action_loss_bb": 0.0000904753394873535,
          "hand": "22",
          "probability_on_actions_losing_over_0_1bb": 0.0001751988602336496,
          "reference_expected_action_loss_bb": 0.0001520345639016261,
          "reference_probabilities": [
            0.0001694207894615829,
            0.9997052550315857,
            0.00012530222011264414
          ]
        },
        {
          "action_values_bb": [
            0.0,
            -0.9395344415376419,
            -1.5639959042668954
          ],
          "candidate_probabilities": [
            0.9999364614486694,
            0.00004760178126161918,
            0.00001587089354870841
          ],
          "class_index": 1,
          "conditional_hand_mass": 0.009049773810439787,
          "expected_action_loss_bb": 0.0000695455254810682,
          "hand": "32o",
          "probability_on_actions_losing_over_0_1bb": 0.00006347267481032759,
          "reference_expected_action_loss_bb": 0.00011726153162226628,
          "reference_probabilities": [
            0.9998930096626282,
            0.0000802618742454797,
            0.000026760131731862202
          ]
        },
        {
          "action_values_bb": [
            0.0,
            -0.9596046662389537,
            -1.5294721494693735
          ],
          "candidate_probabilities": [
            0.9999286532402039,
            0.00002645400854817126,
            0.00004495348912314512
          ],
          "class_index": 2,
          "conditional_hand_mass": 0.009049773810439787,
          "expected_action_loss_bb": 0.00009414049967887517,
          "hand": "42o",
          "probability_on_actions_losing_over_0_1bb": 0.00007140749767131638,
          "reference_expected_action_loss_bb": 0.00015873117882929703,
          "reference_probabilities": [
            0.9998795390129089,
            0.00004460302443476394,
            0.00007579733210150152
          ]
        },
        {
          "action_values_bb": [
            0.0,
            -0.9146645528873123,
            -1.4387327218244563
          ],
          "candidate_probabilities": [
            0.9999709129333496,
            5.305227205099072e-6,
            0.000023802958821761422
          ],
          "class_index": 3,
          "conditional_hand_mass": 0.009049773810439787,
          "expected_action_loss_bb": 0.00003909859900262582,
          "hand": "52o",
          "probability_on_actions_losing_over_0_1bb": 0.000029108186026860494,
          "reference_expected_action_loss_bb": 0.00006592462313728336,
          "reference_probabilities": [
            0.9999509453773499,
            8.944000001065433e-6,
            0.00004013522629975341
          ]
        },
        {
          "action_values_bb": [
            0.0,
            -0.8664511760107998,
            -1.4732932824895786
          ],
          "candidate_probabilities": [
            0.9999629259109497,
            0.00003438697603996843,
            2.65189737547189e-6
          ],
          "class_index": 4,
          "conditional_hand_mass": 0.009049773810439787,
          "expected_action_loss_bb": 0.00003370165841842032,
          "hand": "62o",
          "probability_on_actions_losing_over_0_1bb": 0.00003703887341544032,
          "reference_expected_action_loss_bb": 0.000056825037453167594,
          "reference_probabilities": [
            0.9999375343322754,
            0.00005798038182547316,
            4.47152478955104e-6
          ]
        },
        {
          "action_values_bb": [
            0.0,
            -0.9719782922867195,
            -1.5907636047785938
          ],
          "candidate_probabilities": [
            0.9999550580978394,
            0.000013233552635938395,
            0.000031733849027659744
          ],
          "class_index": 5,
          "conditional_hand_mass": 0.009049773810439787,
          "expected_action_loss_bb": 0.00006334377796470551,
          "hand": "72o",
          "probability_on_actions_losing_over_0_1bb": 0.00004496740166359814,
          "reference_expected_action_loss_bb": 0.00010680502588889765,
          "reference_probabilities": [
            0.9999241828918457,
            0.00002231334292446263,
            0.00005350697028916329
          ]
        },
        {
          "action_values_bb": [
            0.0,
            -0.8761529493905165,
            -1.4788147586760705
          ],
          "candidate_probabilities": [
            0.9999470710754395,
            0.00004231908678775653,
            0.000010583397852315102
          ],
          "class_index": 6,
          "conditional_hand_mass": 0.009049773810439787,
          "expected_action_loss_bb": 0.000052728877645550324,
          "hand": "82o",
          "probability_on_actions_losing_over_0_1bb": 0.000052902484640071634,
          "reference_expected_action_loss_bb": 0.00008890666603944584,
          "reference_probabilities": [
            0.999910831451416,
            0.0000713542103767395,
            0.000017845010006567463
          ]
        },
        {
          "action_values_bb": [
            0.0,
            -0.876082913933949,
            -1.3575130498779855
          ],
          "candidate_probabilities": [
            0.9999391436576843,
            0.000021171874323044904,
            0.000039666349039180204
          ],
          "class_index": 7,
          "conditional_hand_mass": 0.009049773810439787,
          "expected_action_loss_bb": 0.00007239590381207875,
          "hand": "92o",
          "probability_on_actions_losing_over_0_1bb": 0.00006083822336222511,
          "reference_expected_action_loss_bb": 0.00012207126580442748,
          "reference_probabilities": [
            0.9998974204063416,
            0.000035700104490388185,
            0.0000668833454255946
          ]
        },
        {
          "action_values_bb": [
            0.0,
            -0.7838508369944865,
            -1.2784182834860938
          ],
          "candidate_probabilities": [
            0.999931275844574,
            0.00005025766586186364,
            0.000018514549083192833
          ],
          "class_index": 8,
          "conditional_hand_mass": 0.009049773810439787,
          "expected_action_loss_bb": 0.00006306385150966546,
          "hand": "T2o",
          "probability_on_actions_losing_over_0_1bb": 0.00006877221494505648,
          "reference_expected_action_loss_bb": 0.00010633077758830201,
          "reference_probabilities": [
            0.9998840689659119,
            0.00008473779598716646,
            0.00003121747067780234
          ]
        },
        {
          "action_values_bb": [
            0.0,
            -0.6820513206414681,
            -1.1303584854251372
          ],
          "candidate_probabilities": [
            0.9999232888221741,
            0.00002911334377131425,
            0.00004759695366374217
          ],
          "class_index": 9,
          "conditional_hand_mass": 0.009049773810439787,
          "expected_action_loss_bb": 0.00007365841502171198,
          "hand": "J2o",
          "probability_on_actions_losing_over_0_1bb": 0.00007671029743505642,
          "reference_expected_action_loss_bb": 0.0001241970673929822,
          "reference_probabilities": [
            0.9998706579208374,
            0.00004908892879029736,
            0.00008025409624679014
          ]
        },
        {
          "action_values_bb": [
            0.0,
            -0.5253512334026212,
            -0.7374879607932573
          ],
          "candidate_probabilities": [
            0.9999656081199646,
            7.998813089216128e-6,
            0.000026446639822097495
          ],
          "class_index": 10,
          "conditional_hand_mass": 0.009049773810439787,
          "expected_action_loss_bb": 0.000023706264794409157,
          "hand": "Q2o",
          "probability_on_actions_losing_over_0_1bb": 0.00003444545291131362,
          "reference_expected_action_loss_bb": 0.00003996387181187513,
          "reference_probabilities": [
            0.9999420046806335,
            0.000013471661986841355,
            0.00004459261617739685
          ]
        },
        {
          "action_values_bb": [
            0.0,
            -0.3386292556132487,
            -0.6390031331926117
          ],
          "candidate_probabilities": [
            0.000024279594072140753,
            0.9999704360961914,
            5.295783921610564e-6
          ],
          "class_index": 11,
          "conditional_hand_mass": 0.009049773810439787,
          "expected_action_loss_bb": 0.33862262843302754,
          "hand": "K2o",
          "probability_on_actions_losing_over_0_1bb": 0.999975731880113,
          "reference_expected_action_loss_bb": 0.0000270290673609144,
          "reference_probabilities": [
            0.9999280571937561,
            0.00006296885840129107,
            8.92948628461454e-6
          ]
        },
        {
          "action_values_bb": [
            0.0,
            0.30589073440595366,
            -0.4348462755255956
          ],
          "candidate_probabilities": [
            0.00004760407318826765,
            0.9999172687530518,
            0.00003516217111609876
          ],
          "class_index": 12,
          "conditional_hand_mass": 0.009049773810439787,
          "expected_action_loss_bb": 0.00004060756640351444,
          "hand": "A2o",
          "probability_on_actions_losing_over_0_1bb": 0.00008276624430436641,
          "reference_expected_action_loss_bb": 0.0000681376564980946,
          "reference_probabilities": [
            0.00008027881995076314,
            0.9998608827590942,
            0.00005883479389012791
          ]
        },
        {
          "action_values_bb": [
            0.0,
            -0.7048866047727077,
            -1.350237409021893
          ],
          "candidate_probabilities": [
            0.9998255968093872,
            0.00013483385555446148,
            0.00003965885116485879
          ],
          "class_index": 13,
          "conditional_hand_mass": 0.0030165911925363843,
          "expected_action_loss_bb": 0.00014859144309182186,
          "hand": "32s",
          "probability_on_actions_losing_over_0_1bb": 0.00017449270671932027,
          "reference_expected_action_loss_bb": 0.00025051278246886633,
          "reference_probabilities": [
            0.9997057914733887,
            0.00022731783974450082,
            0.00006686193228233606
          ]
        },
        {
          "action_values_bb": [
            0.0,
            0.5635649626915907,
            -0.2276243794318381
          ],
          "candidate_probabilities": [
            0.000010582698450889438,
            0.9998977780342102,
            0.0000915794589673169
          ],
          "class_index": 14,
          "conditional_hand_mass": 0.0045248869052198935,
          "expected_action_loss_bb": 0.00007842072995002287,
          "hand": "33",
          "probability_on_actions_losing_over_0_1bb": 0.00010216215741820633,
          "reference_expected_action_loss_bb": 0.00012791650607650774,
          "reference_probabilities": [
            0.000017843029127107002,
            0.9998332262039185,
            0.00014896661741659045
          ]
        },
        {
          "action_values_bb": [
            0.0,
            -0.9019917115272327,
            -1.4113226322632635
          ],
          "candidate_probabilities": [
            0.9999761581420898,
            2.661432745298953e-6,
            0.00002115925781254191
          ],
          "class_index": 15,
          "conditional_hand_mass": 0.009049773810439787,
          "expected_action_loss_bb": 0.00003226312970978049,
          "hand": "43o",
          "probability_on_actions_losing_over_0_1bb": 0.000023820690557840862,
          "reference_expected_action_loss_bb": 0.00005440029938645556,
          "reference_probabilities": [
            0.9999597668647766,
            4.487291789700976e-6,
            0.000035677738196682185
          ]
        },
        {
          "action_values_bb": [
            0.0,
            -0.7402073481648065,
            -1.213100683493902
          ],
          "candidate_probabilities": [
            0.9999180436134338,
            0.00003174641096848063,
            0.00005024042911827564
          ],
          "class_index": 16,
          "conditional_hand_mass": 0.009049773810439787,
          "expected_action_loss_bb": 0.00008444562557913629,
          "hand": "53o",
          "probability_on_actions_losing_over_0_1bb": 0.00008198684008675627,
          "reference_expected_action_loss_bb": 0.00014238528269197375,
          "reference_probabilities": [
            0.9998618364334106,
            0.000053528845455730334,
            0.00008471088949590921
          ]
        },
        {
          "action_values_bb": [
            0.0,
            -0.8101013182088537,
            -1.2543883732797447
          ],
          "candidate_probabilities": [
            0.9999603033065796,
            0.000010596182619337924,
            0.00002909030081355013
          ],
          "class_index": 17,
          "conditional_hand_mass": 0.009049773810439787,
          "expected_action_loss_bb": 0.000045074516623634974,
          "hand": "63o",
          "probability_on_actions_losing_over_0_1bb": 0.00003968648343288805,
          "reference_expected_action_loss_bb": 0.00007600092180746108,
          "reference_probabilities": [
            0.9999330043792725,
            0.00001786600478226319,
            0.000049049918743548915
          ]
        },
        {
          "action_values_bb": [
            0.0,
            -0.7984664917220698,
            -1.4155871955217838
          ],
          "candidate_probabilities": [
            0.9999523758888245,
            0.00003967677184846252,
            7.939616807561833e-6
          ],
          "class_index": 18,
          "conditional_hand_mass": 0.009049773810439787,
          "expected_action_loss_bb": 0.00004291979271083293,
          "hand": "73o",
          "probability_on_actions_losing_over_0_1bb": 0.000047616388656024355,
          "reference_expected_action_loss_bb": 0.00007236864085720084,
          "reference_probabilities": [
            0.9999197721481323,
            0.00006690039299428463,
            0.000013387319995672442
          ]
        },
        {
          "action_values_bb": [
            0.0,
            -0.8761180806738424,
            -1.3969650656437118
          ],
          "candidate_probabilities": [
            0.9999444484710693,
            0.000018525615814724006,
            0.00003702093454194255
          ],
          "class_index": 19,
          "conditional_hand_mass": 0.009049773810439787,
          "expected_action_loss_bb": 0.00006794757922347331,
          "hand": "83o",
          "probability_on_actions_losing_over_0_1bb": 0.00005554655035666656,
          "reference_expected_action_loss_bb": 0.00011456729772576433,
          "reference_probabilities": [
            0.9999063014984131,
            0.00003123718488495797,
            0.00006242091330932453
          ]
        },
        {
          "action_values_bb": [
            0.0,
            -0.7491214461755537,
            -1.300967316315065
          ],
          "candidate_probabilities": [
            0.9999364614486694,
            0.000047612546040909365,
            0.00001587089354870841
          ],
          "class_index": 20,
          "conditional_hand_mass": 0.009049773810439787,
          "expected_action_loss_bb": 0.00005631509313385141,
          "hand": "93o",
          "probability_on_actions_losing_over_0_1bb": 0.00006348343958961777,
          "reference_expected_action_loss_bb": 0.00009495326382787244,
          "reference_probabilities": [
            0.9998930096626282,
            0.00008027964940993115,
            0.000026760131731862202
          ]
        },
        {
          "action_values_bb": [
            0.0,
            -0.6948750362563872,
            -1.123109592152989
          ],
          "candidate_probabilities": [
            0.9999285936355591,
            0.000026466948838788085,
            0.00004495348548516631
          ],
          "class_index": 21,
          "conditional_hand_mass": 0.009049773810439787,
          "expected_action_loss_bb": 0.00006887891278304926,
          "hand": "T3o",
          "probability_on_actions_losing_over_0_1bb": 0.0000714204343239544,
          "reference_expected_action_loss_bb": 0.00011614078452457757,
          "reference_probabilities": [
            0.9998795390129089,
            0.00004462970173335634,
            0.00007579733937745914
          ]
        },
        {
          "action_values_bb": [
            0.0,
            -0.6462673746605608,
            -1.0035519152350438
          ],
          "candidate_probabilities": [
            0.9999709129333496,
            5.324978701537475e-6,
            0.000023802960640750825
          ],
          "class_index": 22,
          "conditional_hand_mass": 0.009049773810439787,
          "expected_action_loss_bb": 0.000027328866744855883,
          "hand": "J3o",
          "probability_on_actions_losing_over_0_1bb": 0.0000291279393422883,
          "reference_expected_action_loss_bb": 0.000046078998833239834,
          "reference_probabilities": [
            0.9999509453773499,
            8.976488970802166e-6,
            0.00004013522993773222
          ]
        },
        {
          "action_values_bb": [
            0.0,
            -0.4145302561740539,
            -0.7105258001308769
          ],
          "candidate_probabilities": [
            0.9999628067016602,
            0.00003445819311309606,
            2.65189737547189e-6
          ],
          "class_index": 23,
          "conditional_hand_mass": 0.009049773810439787,
          "expected_action_loss_bb": 0.000016168205123038867,
          "hand": "Q3o",
          "probability_on_actions_losing_over_0_1bb": 0.00003711009048856795,
          "reference_expected_action_loss_bb": 0.000027282176269670844,
          "reference_probabilities": [
            0.9999374747276306,
            0.000058150260883849114,
            4.47152478955104e-6
          ]
        },
        {
          "action_values_bb": [
            0.0,
            0.028225788426014954,
            -0.632582073918252
          ],
          "candidate_probabilities": [
            0.00004500458453549072,
            0.9999232888221741,
            0.000031733859941596165
          ],
          "class_index": 24,
          "conditional_hand_mass": 0.009049773810439787,
          "expected_action_loss_bb": 0.000022240274033237993,
          "hand": "K3o",
          "probability_on_actions_losing_over_0_1bb": 0.000031733859941596165,
          "reference_expected_action_loss_bb": 0.000037832193979323015,
          "reference_probabilities": [
            0.00008766301471041515,
            0.9998587965965271,
            0.00005350698484107852
          ]
        },
        {
          "action_values_bb": [
            0.0,
            0.414634862324076,
            -0.4661628907000588
          ],
          "candidate_probabilities": [
            0.000023811920982552692,
            0.9999648928642273,
            0.000011318200449750293
          ],
          "class_index": 25,
          "conditional_hand_mass": 0.009049773810439787,
          "expected_action_loss_bb": 0.00001984229810268932,
          "hand": "A3o",
          "probability_on_actions_losing_over_0_1bb": 0.000035130121432302985,
          "reference_expected_action_loss_bb": 0.00003407068085042409,
          "reference_probabilities": [
            0.000040136572351912037,
            0.9999400973320007,
            0.000019787355995504186
          ]
        },
        {
          "action_values_bb": [
            0.0,
            -0.7251162718964178,
            -1.2473417632677888
          ],
          "candidate_probabilities": [
            0.9998174905776978,
            0.00006346710142679513,
            0.00011896814248757437
          ],
          "class_index": 26,
          "conditional_hand_mass": 0.0030165911925363843,
          "expected_action_loss_bb": 0.00019441496059781406,
          "hand": "42s",
          "probability_on_actions_losing_over_0_1bb": 0.0001824352439143695,
          "reference_expected_action_loss_bb": 0.00032778406536223116,
          "reference_probabilities": [
            0.999692440032959,
            0.00010700605344027281,
            0.00020058033987879753
          ]
        },
        {
          "action_values_bb": [
            0.0,
            -0.48886469768189345,
            -1.0922519699893598
          ],
          "candidate_probabilities": [
            0.9997938275337219,
            0.00015069606888573617,
            0.00005551660797209479
          ],
          "class_index": 27,
          "conditional_hand_mass": 0.0030165911925363843,
          "expected_action_loss_bb": 0.00013430811258232273,
          "hand": "43s",
          "probability_on_actions_losing_over_0_1bb": 0.00020621267685783096,
          "reference_expected_action_loss_bb": 0.0002264268885103586,
          "reference_probabilities": [
            0.9996523857116699,
            0.00025405551423318684,
            0.00009359389514429495
          ]
        },
        {
          "action_values_bb": [
            0.0,
            0.28668520544938436,
            0.8341340596357874
          ],
          "candidate_probabilities": [
            0.000021156793081900105,
            0.000059724945458583534,
            0.999919056892395
          ],
          "class_index": 28,
          "conditional_hand_mass": 0.0045248869052198935,
          "expected_action_loss_bb": 0.00005034395465992665,
          "hand": "44",
          "probability_on_actions_losing_over_0_1bb": 0.00008088173854048364,
          "reference_expected_action_loss_bb": 0.00008359534261928376,
          "reference_probabilities": [
            0.00003567075327737257,
            0.00009834919183049351,
            0.9998660087585449
          ]
        },
        {
          "action_values_bb": [
            0.0,
            -0.6812296706254829,
            -1.0503901384712735
          ],
          "candidate_probabilities": [
            0.9999656081199646,
            7.958773494465277e-6,
            0.000026446639822097495
          ],
          "class_index": 29,
          "conditional_hand_mass": 0.009049773810439787,
          "expected_action_loss_bb": 0.00003320104231105029,
          "hand": "54o",
          "probability_on_actions_losing_over_0_1bb": 0.00003440541331656277,
          "reference_expected_action_loss_bb": 0.000055979889671682164,
          "reference_probabilities": [
            0.9999420642852783,
            0.000013417268746707123,
            0.000044592619815375656
          ]
        },
        {
          "action_values_bb": [
            0.0,
            -0.6455481701262568,
            -1.1682989274218838
          ],
          "candidate_probabilities": [
            0.9999576807022095,
            0.00003703759648487903,
            5.2957821026211604e-6
          ],
          "class_index": 30,
          "conditional_hand_mass": 0.009049773810439787,
          "expected_action_loss_bb": 0.000030096609187040647,
          "hand": "64o",
          "probability_on_actions_losing_over_0_1bb": 0.00004233337858750019,
          "reference_expected_action_loss_bb": 0.000050749039300697663,
          "reference_probabilities": [
            0.9999285936355591,
            0.00006245348049560562,
            8.92948628461454e-6
          ]
        },
        {
          "action_values_bb": [
            0.0,
            -0.7966121912507387,
            -1.327870021345168
          ],
          "candidate_probabilities": [
            0.9999496936798096,
            0.000015883735613897443,
            0.00003437744453549385
          ],
          "class_index": 31,
          "conditional_hand_mass": 0.009049773810439787,
          "expected_action_loss_bb": 0.00005830195544177279,
          "hand": "74o",
          "probability_on_actions_losing_over_0_1bb": 0.000050261180149391294,
          "reference_expected_action_loss_bb": 0.00009830431795868083,
          "reference_probabilities": [
            0.9999153017997742,
            0.00002678292185009923,
            0.00005796404366265051
          ]
        },
        {
          "action_values_bb": [
            0.0,
            -0.6407560312635298,
            -1.252879928754569
          ],
          "candidate_probabilities": [
            0.9999418258666992,
            0.000044969605369260535,
            0.000013227170711616054
          ],
          "class_index": 32,
          "conditional_hand_mass": 0.009049773810439787,
          "expected_action_loss_bb": 0.00004538660256268855,
          "hand": "84o",
          "probability_on_actions_losing_over_0_1bb": 0.00005819677608087659,
          "reference_expected_action_loss_bb": 0.00007652871109408148,
          "reference_probabilities": [
            0.9999018311500549,
            0.00007582634862046689,
            0.000022302632714854553
          ]
        },
        {
          "action_values_bb": [
            0.0,
            -0.8393166834217805,
            -1.3146433038317664
          ],
          "candidate_probabilities": [
            0.9999338388442993,
            0.000023817734472686425,
            0.00004230995546095073
          ],
          "class_index": 33,
          "conditional_hand_mass": 0.009049773810439787,
          "expected_action_loss_bb": 0.00007561312153639493,
          "hand": "94o",
          "probability_on_actions_losing_over_0_1bb": 0.00006612768993363716,
          "reference_expected_action_loss_bb": 0.000127494628288478,
          "reference_probabilities": [
            0.9998885989189148,
            0.00004016047023469582,
            0.00007134047336876392
          ]
        },
        {
          "action_values_bb": [
            0.0,
            -0.7594314104403346,
            -1.1683779780808392
          ],
          "candidate_probabilities": [
            0.9999761581420898,
            2.673872813829803e-6,
            0.00002115925781254191
          ],
          "class_index": 34,
          "conditional_hand_mass": 0.009049773810439787,
          "expected_action_loss_bb": 0.00002675263386305375,
          "hand": "T4o",
          "probability_on_actions_losing_over_0_1bb": 0.000023833130626371712,
          "reference_expected_action_loss_bb": 0.000045107238758858327,
          "reference_probabilities": [
            0.9999597668647766,
            4.506207005761098e-6,
            0.000035677738196682185
          ]
        },
        {
          "action_values_bb": [
            0.0,
            -0.5917715938125313,
            -0.8814491200231147
          ],
          "candidate_probabilities": [
            0.9999180436134338,
            0.000031760453566676006,
            0.00005024042911827564
          ],
          "class_index": 35,
          "conditional_hand_mass": 0.009049773810439787,
          "expected_action_loss_bb": 0.00006307931626324848,
          "hand": "J4o",
          "probability_on_actions_losing_over_0_1bb": 0.00008200088268495165,
          "reference_expected_action_loss_bb": 0.00010636058643919888,
          "reference_probabilities": [
            0.9998617172241211,
            0.000053554875194095075,
            0.0000847108822199516
          ]
        },
        {
          "action_values_bb": [
            0.0,
            -0.5201255825143221,
            -0.7419439294644604
          ],
          "candidate_probabilities": [
            0.99996018409729,
            0.000010661488886398729,
            0.00002909030081355013
          ],
          "class_index": 36,
          "conditional_hand_mass": 0.009049773810439787,
          "expected_action_loss_bb": 0.000027128685212416682,
          "hand": "Q4o",
          "probability_on_actions_losing_over_0_1bb": 0.00003975178969994886,
          "reference_expected_action_loss_bb": 0.000045729989019628844,
          "reference_probabilities": [
            0.9999329447746277,
            0.000017952763300854713,
            0.000049049929657485336
          ]
        },
        {
          "action_values_bb": [
            0.0,
            0.1462540474347167,
            -0.6884340839321302
          ],
          "candidate_probabilities": [
            0.000021192685380810872,
            0.9999707937240601,
            7.968995305418503e-6
          ],
          "class_index": 37,
          "conditional_hand_mass": 0.009049773810439787,
          "expected_action_loss_bb": 9.751141813305086e-6,
          "hand": "K4o",
          "probability_on_actions_losing_over_0_1bb": 0.000029161680686229374,
          "reference_expected_action_loss_bb": 0.000016530896232097687,
          "reference_probabilities": [
            0.000035726923670154065,
            0.9999507665634155,
            0.000013544806279242039
          ]
        },
        {
          "action_values_bb": [
            0.0,
            0.4551044038667619,
            -0.2804132136640964
          ],
          "candidate_probabilities": [
            0.00005023987250751816,
            0.9999110102653503,
            0.00003873854802804999
          ],
          "class_index": 38,
          "conditional_hand_mass": 0.009049773810439787,
          "expected_action_loss_bb": 0.000051357271780072226,
          "hand": "A4o",
          "probability_on_actions_losing_over_0_1bb": 0.00008897842053556815,
          "reference_expected_action_loss_bb": 0.00008718491730677898,
          "reference_probabilities": [
            0.00008470940520055592,
            0.9998492002487183,
            0.00006612118158955127
          ]
        },
        {
          "action_values_bb": [
            0.0,
            -0.57377002278313,
            -1.1805926832468407
          ],
          "candidate_probabilities": [
            0.9998096823692322,
            0.00014276815636549145,
            0.00004758790601044893
          ],
          "class_index": 39,
          "conditional_hand_mass": 0.0030165911925363843,
          "expected_action_loss_bb": 0.00013809802197750786,
          "hand": "52s",
          "probability_on_actions_losing_over_0_1bb": 0.00019035606237594038,
          "reference_expected_action_loss_bb": 0.0002328177929125247,
          "reference_probabilities": [
            0.9996790885925293,
            0.0002406900021014735,
            0.00008022841939236969
          ]
        },
        {
          "action_values_bb": [
            0.0,
            -0.5163138282848324,
            -0.9770604077419578
          ],
          "candidate_probabilities": [
            0.999785840511322,
            0.00007933557208161801,
            0.0001348230434814468
          ],
          "class_index": 40,
          "conditional_hand_mass": 0.0030165911925363843,
          "expected_action_loss_bb": 0.00017269231077762158,
          "hand": "53s",
          "probability_on_actions_losing_over_0_1bb": 0.00021415861556306481,
          "reference_expected_action_loss_bb": 0.0002911485369532906,
          "reference_probabilities": [
            0.9996389150619507,
            0.00013375317212194204,
            0.0002273041900480166
          ]
        },
        {
          "action_values_bb": [
            0.0,
            -0.43591498679049334,
            -0.7845496269382592
          ],
          "candidate_probabilities": [
            0.9999125599861145,
            0.00001596268884895835,
            0.00007138353248592466
          ],
          "class_index": 41,
          "conditional_hand_mass": 0.0030165911925363843,
          "expected_action_loss_bb": 0.00006296229908010173,
          "hand": "54s",
          "probability_on_actions_losing_over_0_1bb": 0.00008734622133488301,
          "reference_expected_action_loss_bb": 0.00010614405328944742,
          "reference_probabilities": [
            0.99985271692276,
            0.0000268903786491137,
            0.00012035202234983444
          ]
        },
        {
          "action_values_bb": [
            0.0,
            0.31117712615166415,
            1.2759777713421319
          ],
          "candidate_probabilities": [
            0.00003173335062456317,
            0.0000689006774337031,
            0.9998993873596191
          ],
          "class_index": 42,
          "conditional_hand_mass": 0.0045248869052198935,
          "expected_action_loss_bb": 0.00010696646804924561,
          "hand": "55",
          "probability_on_actions_losing_over_0_1bb": 0.00010063402805826627,
          "reference_expected_action_loss_bb": 0.0001803537591197038,
          "reference_probabilities": [
            0.00005350558421923779,
            0.00011617096606642008,
            0.9998303055763245
          ]
        },
        {
          "action_values_bb": [
            0.0,
            -0.6194537040672644,
            -1.0664692362178976
          ],
          "candidate_probabilities": [
            0.9999550580978394,
            0.000013247558854345698,
            0.000031733849027659744
          ],
          "class_index": 43,
          "conditional_hand_mass": 0.009049773810439787,
          "expected_action_loss_bb": 0.00004204942313695589,
          "hand": "65o",
          "probability_on_actions_losing_over_0_1bb": 0.00004498140788200544,
          "reference_expected_action_loss_bb": 0.00007090074429875048,
          "reference_probabilities": [
            0.9999241828918457,
            0.000022337757400237024,
            0.00005350697028916329
          ]
        },
        {
          "action_values_bb": [
            0.0,
            -0.594005575865424,
            -1.2074403284871529
          ],
          "candidate_probabilities": [
            0.9999470710754395,
            0.000042329655116191134,
            0.000010583397852315102
          ],
          "class_index": 44,
          "conditional_hand_mass": 0.009049773810439787,
          "expected_action_loss_bb": 0.00003792287254278748,
          "hand": "75o",
          "probability_on_actions_losing_over_0_1bb": 0.000052913052968506236,
          "reference_expected_action_loss_bb": 0.00006394201245745842,
          "reference_probabilities": [
            0.999910831451416,
            0.00007137176726246253,
            0.000017845010006567463
          ]
        },
        {
          "action_values_bb": [
            0.0,
            -0.6613892218263563,
            -1.1178374123895554
          ],
          "candidate_probabilities": [
            0.9999391436576843,
            0.00002117978874593973,
            0.000039666349039180204
          ],
          "class_index": 45,
          "conditional_hand_mass": 0.009049773810439787,
          "expected_action_loss_bb": 0.00005834861296602182,
          "hand": "85o",
          "probability_on_actions_losing_over_0_1bb": 0.000060846137785119936,
          "reference_expected_action_loss_bb": 0.00009838535696861725,
          "reference_probabilities": [
            0.9998974204063416,
            0.00003571369234123267,
            0.0000668833454255946
          ]
        },
        {
          "action_values_bb": [
            0.0,
            -0.6010898858146386,
            -1.1255945097566469
          ],
          "candidate_probabilities": [
            0.999931275844574,
            0.00005026394865126349,
            0.000018514549083192833
          ],
          "class_index": 46,
          "conditional_hand_mass": 0.009049773810439787,
          "expected_action_loss_bb": 0.00005105302595404264,
          "hand": "95o",
          "probability_on_actions_losing_over_0_1bb": 0.00006877849773445632,
          "reference_expected_action_loss_bb": 0.00008608071566327326,
          "reference_probabilities": [
            0.9998840689659119,
            0.00008475022332277149,
            0.00003121747067780234
          ]
        },
        {
          "action_values_bb": [
            0.0,
            -0.5919256718169797,
            -1.0275085117294116
          ],
          "candidate_probabilities": [
            0.9999232888221741,
            0.000029118242309777997,
            0.00004759695366374217
          ],
          "class_index": 47,
          "conditional_hand_mass": 0.009049773810439787,
          "expected_action_loss_bb": 0.00006614211016323043,
          "hand": "T5o",
          "probability_on_actions_losing_over_0_1bb": 0.00007671519597352017,
          "reference_expected_action_loss_bb": 0.00011152193181829667,
          "reference_probabilities": [
            0.9998706579208374,
            0.00004909428025712259,
            0.00008025409624679014
          ]
        },
        {
          "action_values_bb": [
            0.0,
            -0.568076363681609,
            -0.7855462165840534
          ],
          "candidate_probabilities": [
            0.9999656081199646,
            7.970542355906218e-6,
            0.000026446639822097495
          ],
          "class_index": 48,
          "conditional_hand_mass": 0.009049773810439787,
          "expected_action_loss_bb": 0.000025302934571723303,
          "hand": "J5o",
          "probability_on_actions_losing_over_0_1bb": 0.000034417182178003713,
          "reference_expected_action_loss_bb": 0.00004266694369042545,
          "reference_probabilities": [
            0.9999420046806335,
            0.000013444288924802095,
            0.00004459261617739685
          ]
        },
        {
          "action_values_bb": [
            0.0,
            -0.3433342971900955,
            -0.651755919281305
          ],
          "candidate_probabilities": [
            0.9999574422836304,
            0.00003728443698491901,
            5.2957821026211604e-6
          ],
          "class_index": 49,
          "conditional_hand_mass": 0.009049773810439787,
          "expected_action_loss_bb": 0.000016252583300952908,
          "hand": "Q5o",
          "probability_on_actions_losing_over_0_1bb": 0.00004258021908754017,
          "reference_expected_action_loss_bb": 0.000027424173311643893,
          "reference_probabilities": [
            0.9999281167984009,
            0.00006292504986049607,
            8.92948628461454e-6
          ]
        },
        {
          "action_values_bb": [
            0.0,
            0.18319572980410262,
            -0.5322128082482098
          ],
          "candidate_probabilities": [
            0.000047623965656384826,
            0.9999178647994995,
            0.000034470631362637505
          ],
          "class_index": 50,
          "conditional_hand_mass": 0.009049773810439787,
          "expected_action_loss_bb": 0.000033385091133471625,
          "hand": "K5o",
          "probability_on_actions_losing_over_0_1bb": 0.00008209459701902233,
          "reference_expected_action_loss_bb": 0.00005636137822987137,
          "reference_probabilities": [
            0.00008029565651668236,
            0.999861478805542,
            0.000058220659411745146
          ]
        },
        {
          "action_values_bb": [
            0.0,
            0.5991234168540922,
            -0.24129949150533242
          ],
          "candidate_probabilities": [
            0.000026446357878739946,
            0.9999552965164185,
            0.00001828600579756312
          ],
          "class_index": 51,
          "conditional_hand_mass": 0.009049773810439787,
          "expected_action_loss_bb": 0.00003121261047032212,
          "hand": "A5o",
          "probability_on_actions_losing_over_0_1bb": 0.000044732363676303066,
          "reference_expected_action_loss_bb": 0.000058822387103894106,
          "reference_probabilities": [
            0.000044591793994186446,
            0.999917209148407,
            0.000038202670111786574
          ]
        },
        {
          "action_values_bb": [
            0.0,
            -0.8026170610991559,
            -1.3266454439365052
          ],
          "candidate_probabilities": [
            0.9998016357421875,
            0.00007139593071769923,
            0.00012689574214164168
          ],
          "class_index": 52,
          "conditional_hand_mass": 0.0030165911925363843,
          "expected_action_loss_bb": 0.0002256492502542292,
          "hand": "62s",
          "probability_on_actions_losing_over_0_1bb": 0.0001982916728593409,
          "reference_expected_action_loss_bb": 0.0003804374441096552,
          "reference_probabilities": [
            0.9996657371520996,
            0.00012037009582854807,
            0.00021394288341980428
          ]
        },
        {
          "action_values_bb": [
            0.0,
            -0.6013870522173188,
            -1.0298114861576038
          ],
          "candidate_probabilities": [
            0.9999285936355591,
            7.961773917486425e-6,
            0.00006345437577692792
          ],
          "class_index": 53,
          "conditional_hand_mass": 0.0030165911925363843,
          "expected_action_loss_bb": 0.00007013415276869909,
          "hand": "63s",
          "probability_on_actions_losing_over_0_1bb": 0.00007141614969441434,
          "reference_expected_action_loss_bb": 0.00011824651161837567,
          "reference_probabilities": [
            0.9998795986175537,
            0.000013422064512269571,
            0.00010698526602936909
          ]
        },
        {
          "action_values_bb": [
            0.0,
            -0.475551516181953,
            -0.8243069674922978
          ],
          "candidate_probabilities": [
            0.9997541904449463,
            0.00009519571176497266,
            0.00015067649655975401
          ],
          "class_index": 54,
          "conditional_hand_mass": 0.0030165911925363843,
          "expected_action_loss_bb": 0.00016947415101538742,
          "hand": "64s",
          "probability_on_actions_losing_over_0_1bb": 0.00024587220832472667,
          "reference_expected_action_loss_bb": 0.0002857131435089202,
          "reference_probabilities": [
            0.9995854496955872,
            0.00016048586985561997,
            0.000254024111200124
          ]
        },
        {
          "action_values_bb": [
            0.0,
            -0.42282811667281217,
            -0.6621219864171447
          ],
          "candidate_probabilities": [
            0.9998809099197388,
            0.00003194733653799631,
            0.00008724060171516612
          ],
          "class_index": 55,
          "conditional_hand_mass": 0.0030165911925363843,
          "expected_action_loss_bb": 0.00007127215264494625,
          "hand": "65s",
          "probability_on_actions_losing_over_0_1bb": 0.00011918793825316243,
          "reference_expected_action_loss_bb": 0.00012007490906984032,
          "reference_probabilities": [
            0.9997991919517517,
            0.000053659263357985765,
            0.00014708205708302557
          ]
        },
        {
          "action_values_bb": [
            0.0,
            0.6106313972081036,
            1.6473301999668748
          ],
          "candidate_probabilities": [
            0.00004230713966535404,
            0.0000794447842054069,
            0.9998782873153687
          ],
          "class_index": 56,
          "conditional_hand_mass": 0.0045248869052198935,
          "expected_action_loss_bb": 0.00015205414151612845,
          "hand": "66",
          "probability_on_actions_losing_over_0_1bb": 0.00012175192387076095,
          "reference_expected_action_loss_bb": 0.0002563785115002315,
          "reference_probabilities": [
            0.00007133249891921878,
            0.00013395436690188944,
            0.9997946619987488
          ]
        },
        {
          "action_values_bb": [
            0.0,
            -0.5214700770159054,
            -0.9408939489589043
          ],
          "candidate_probabilities": [
            0.9999444484710693,
            0.00001854417314461898,
            0.00003702093454194255
          ],
          "class_index": 57,
          "conditional_hand_mass": 0.009049773810439787,
          "expected_action_loss_bb": 0.00004450300469323818,
          "hand": "76o",
          "probability_on_actions_losing_over_0_1bb": 0.00005556510768656153,
          "reference_expected_action_loss_bb": 0.00007503516322328148,
          "reference_probabilities": [
            0.9999063014984131,
            0.00003126488809357397,
            0.00006242091330932453
          ]
        },
        {
          "action_values_bb": [
            0.0,
            -0.48345885450454273,
            -1.0315102185083893
          ],
          "candidate_probabilities": [
            0.9999364614486694,
            0.00004762426397064701,
            0.00001587089354870841
          ],
          "class_index": 58,
          "conditional_hand_mass": 0.009049773810439787,
          "expected_action_loss_bb": 0.000039395360978222565,
          "hand": "86o",
          "probability_on_actions_losing_over_0_1bb": 0.00006349515751935542,
          "reference_expected_action_loss_bb": 0.00006642636510214172,
          "reference_probabilities": [
            0.9998928904533386,
            0.00008030263416003436,
            0.000026760128093883395
          ]
        },
        {
          "action_values_bb": [
            0.0,
            -0.5369273120622737,
            -0.9283498536296211
          ],
          "candidate_probabilities": [
            0.9999285936355591,
            0.00002647837573022116,
            0.00004495348548516631
          ],
          "class_index": 59,
          "conditional_hand_mass": 0.009049773810439787,
          "expected_action_loss_bb": 0.00005594952477889803,
          "hand": "96o",
          "probability_on_actions_losing_over_0_1bb": 0.00007143186121538747,
          "reference_expected_action_loss_bb": 0.00009433647850158552,
          "reference_probabilities": [
            0.9998795390129089,
            0.000044642969442065805,
            0.00007579733937745914
          ]
        },
        {
          "action_values_bb": [
            0.0,
            -0.5978030622332832,
            -0.9228326242740061
          ],
          "candidate_probabilities": [
            0.9999709129333496,
            5.325110578269232e-6,
            0.000023802960640750825
          ],
          "class_index": 60,
          "conditional_hand_mass": 0.009049773810439787,
          "expected_action_loss_bb": 0.00002514951604401516,
          "hand": "T6o",
          "probability_on_actions_losing_over_0_1bb": 0.000029128071219020057,
          "reference_expected_action_loss_bb": 0.00004240739680065813,
          "reference_probabilities": [
            0.9999509453773499,
            8.981715836853255e-6,
            0.00004013522993773222
          ]
        },
        {
          "action_values_bb": [
            0.0,
            -0.49185983103722586,
            -0.8029360204497573
          ],
          "candidate_probabilities": [
            0.9999629259109497,
            0.000034413991670589894,
            2.6518976028455654e-6
          ],
          "class_index": 61,
          "conditional_hand_mass": 0.009049773810439787,
          "expected_action_loss_bb": 0.00001905616423628191,
          "hand": "J6o",
          "probability_on_actions_losing_over_0_1bb": 0.00003706588927343546,
          "reference_expected_action_loss_bb": 0.00003213220320148688,
          "reference_probabilities": [
            0.9999375343322754,
            0.00005802843224955723,
            4.47152478955104e-6
          ]
        },
        {
          "action_values_bb": [
            0.0,
            0.013041021108016058,
            -0.6309863085897817
          ],
          "candidate_probabilities": [
            0.9999547600746155,
            0.00001351075479760766,
            0.00003173384538968094
          ],
          "class_index": 62,
          "conditional_hand_mass": 0.009049773810439787,
          "expected_action_loss_bb": 0.013060868596901552,
          "hand": "Q6o",
          "probability_on_actions_losing_over_0_1bb": 0.00003173384538968094,
          "reference_expected_action_loss_bb": 0.00003645824808568772,
          "reference_probabilities": [
            0.00015323252591770142,
            0.9997932314872742,
            0.000053506952099269256
          ]
        },
        {
          "action_values_bb": [
            0.0,
            0.3096763370979378,
            -0.5488024570226303
          ],
          "candidate_probabilities": [
            0.000023811900973669253,
            0.9999648928642273,
            0.000011345883649482857
          ],
          "class_index": 63,
          "conditional_hand_mass": 0.009049773810439787,
          "expected_action_loss_bb": 0.000017114182786505027,
          "hand": "K6o",
          "probability_on_actions_losing_over_0_1bb": 0.00003515778462315211,
          "reference_expected_action_loss_bb": 0.000028750376121559415,
          "reference_probabilities": [
            0.00004015279409941286,
            0.9999408721923828,
            0.000019005718058906496
          ]
        },
        {
          "action_values_bb": [
            0.0,
            0.6501892112167297,
            -0.04501642592226824
          ],
          "candidate_probabilities": [
            2.6518705453781877e-6,
            0.9999501705169678,
            0.00004714408714789897
          ],
          "class_index": 64,
          "conditional_hand_mass": 0.009049773810439787,
          "expected_action_loss_bb": 0.00003449905276113987,
          "hand": "A6o",
          "probability_on_actions_losing_over_0_1bb": 0.00004979595769327716,
          "reference_expected_action_loss_bb": 0.00006134943830232846,
          "reference_probabilities": [
            4.471441570785828e-6,
            0.9999115467071533,
            0.00008406455890508369
          ]
        },
        {
          "action_values_bb": [
            0.0,
            -0.7336991916045666,
            -1.303640882616626
          ],
          "candidate_probabilities": [
            0.9997938275337219,
            0.00015068882203195244,
            0.00005551660797209479
          ],
          "class_index": 65,
          "conditional_hand_mass": 0.0030165911925363843,
          "expected_action_loss_bb": 0.00018293398672531076,
          "hand": "72s",
          "probability_on_actions_losing_over_0_1bb": 0.00020620543000404723,
          "reference_expected_action_loss_bb": 0.00030840292518316336,
          "reference_probabilities": [
            0.9996523857116699,
            0.00025404157349839807,
            0.00009359389514429495
          ]
        },
        {
          "action_values_bb": [
            0.0,
            -0.5290622185310391,
            -1.0147435811945262
          ],
          "candidate_probabilities": [
            0.999769926071167,
            0.00008726664236746728,
            0.00014275005378294736
          ],
          "class_index": 66,
          "conditional_hand_mass": 0.0030165911925363843,
          "expected_action_loss_bb": 0.00019102418420610624,
          "hand": "73s",
          "probability_on_actions_losing_over_0_1bb": 0.00023001669615041465,
          "reference_expected_action_loss_bb": 0.00032204714536113605,
          "reference_probabilities": [
            0.9996122121810913,
            0.00014711687981616706,
            0.00024066490004770458
          ]
        },
        {
          "action_values_bb": [
            0.0,
            -0.6148561743668292,
            -0.9237740051183998
          ],
          "candidate_probabilities": [
            0.9998968839645386,
            0.000023819531634217128,
            0.00007931220170576125
          ],
          "class_index": 67,
          "conditional_hand_mass": 0.0030165911925363843,
          "expected_action_loss_bb": 0.00008791213632031386,
          "hand": "74s",
          "probability_on_actions_losing_over_0_1bb": 0.00010313173333997838,
          "reference_expected_action_loss_bb": 0.0001482199725469154,
          "reference_probabilities": [
            0.9998261332511902,
            0.000040164195524994284,
            0.00013371751992963254
          ]
        },
        {
          "action_values_bb": [
            0.0,
            -0.43180815232085956,
            -0.8634283264960598
          ],
          "candidate_probabilities": [
            0.9998730421066284,
            0.00011106671445304528,
            0.000015869454728090204
          ],
          "class_index": 68,
          "conditional_hand_mass": 0.0030165911925363843,
          "expected_action_loss_bb": 0.00006166164949059789,
          "hand": "75s",
          "probability_on_actions_losing_over_0_1bb": 0.00012693616918113548,
          "reference_expected_action_loss_bb": 0.0001039681747320537,
          "reference_probabilities": [
            0.9997860193252563,
            0.00018727354472503066,
            0.000026756049919640645
          ]
        },
        {
          "action_values_bb": [
            0.0,
            0.049314954514578666,
            -0.6717539478577085
          ],
          "candidate_probabilities": [
            0.00018937121785711497,
            0.9997075796127319,
            0.00010309613571735099
          ],
          "class_index": 69,
          "conditional_hand_mass": 0.0030165911925363843,
          "expected_action_loss_bb": 0.00008367825041552863,
          "hand": "76s",
          "probability_on_actions_losing_over_0_1bb": 0.00010309613571735099,
          "reference_expected_action_loss_bb": 0.0001373139526621837,
          "reference_probabilities": [
            0.00024305953411385417,
            0.9995831251144409,
            0.00017380791541654617
          ]
        },
        {
          "action_values_bb": [
            0.0,
            0.706139419881412,
            1.8580138406453455
          ],
          "candidate_probabilities": [
            0.00005288029933581129,
            0.00008998681005323306,
            0.9998571276664734
          ],
          "class_index": 70,
          "conditional_hand_mass": 0.0045248869052198935,
          "expected_action_loss_bb": 0.00020190583276986815,
          "hand": "77",
          "probability_on_actions_losing_over_0_1bb": 0.00014286710938904434,
          "reference_expected_action_loss_bb": 0.0003404302308326017,
          "reference_probabilities": [
            0.00008915750368032604,
            0.00015173038991633803,
            0.9997590780258179
          ]
        },
        {
          "action_values_bb": [
            0.0,
            -0.447776348176951,
            -0.8685593922650905
          ],
          "candidate_probabilities": [
            0.9999337792396545,
            0.00002387051790719852,
            0.000042309951822971925
          ],
          "class_index": 71,
          "conditional_hand_mass": 0.009049773810439787,
          "expected_action_loss_bb": 0.00004743735937970362,
          "hand": "87o",
          "probability_on_actions_losing_over_0_1bb": 0.00006618046973017044,
          "reference_expected_action_loss_bb": 0.00007997586764951396,
          "reference_probabilities": [
            0.9998884797096252,
            0.00004022639768663794,
            0.00007134047336876392
          ]
        },
        {
          "action_values_bb": [
            0.0,
            -0.5184002143382994,
            -0.8836284893210458
          ],
          "candidate_probabilities": [
            0.9999761581420898,
            2.6866578082263004e-6,
            0.00002115925781254191
          ],
          "class_index": 72,
          "conditional_hand_mass": 0.009049773810439787,
          "expected_action_loss_bb": 0.00002008968699968912,
          "hand": "97o",
          "probability_on_actions_losing_over_0_1bb": 0.00002384591562076821,
          "reference_expected_action_loss_bb": 0.00003387375933467201,
          "reference_probabilities": [
            0.9999597668647766,
            4.529113539319951e-6,
            0.000035677738196682185
          ]
        },
        {
          "action_values_bb": [
            0.0,
            -0.4440482267134156,
            -0.6798543679735903
          ],
          "candidate_probabilities": [
            0.9999179840087891,
            0.00003176894460921176,
            0.000050240425480296835
          ],
          "class_index": 73,
          "conditional_hand_mass": 0.009049773810439787,
          "expected_action_loss_bb": 0.000048263116229908675,
          "hand": "T7o",
          "probability_on_actions_losing_over_0_1bb": 0.00008200937008950859,
          "reference_expected_action_loss_bb": 0.00008140628873393476,
          "reference_probabilities": [
            0.9998617172241211,
            0.00005363205855246633,
            0.00008471088949590921
          ]
        },
        {
          "action_values_bb": [
            0.0,
            -0.4666092922298716,
            -0.6449876629563024
          ],
          "candidate_probabilities": [
            0.99996018409729,
            0.000010691660463635344,
            0.000029090302632539533
          ],
          "class_index": 74,
          "conditional_hand_mass": 0.009049773810439787,
          "expected_action_loss_bb": 0.000023751714431352233,
          "hand": "J7o",
          "probability_on_actions_losing_over_0_1bb": 0.00003978196309617488,
          "reference_expected_action_loss_bb": 0.00004005692858035906,
          "reference_probabilities": [
            0.9999328255653381,
            0.000018045780961983837,
            0.000049049929657485336
          ]
        },
        {
          "action_values_bb": [
            0.0,
            -0.23621083816571775,
            -0.7876532407454664
          ],
          "candidate_probabilities": [
            0.000027628246243693866,
            0.9999644756317139,
            7.939617717056535e-6
          ],
          "class_index": 75,
          "conditional_hand_mass": 0.009049773810439787,
          "expected_action_loss_bb": 0.2362087005905347,
          "hand": "Q7o",
          "probability_on_actions_losing_over_0_1bb": 0.9999724152494309,
          "reference_expected_action_loss_bb": 0.00003301086762339925,
          "reference_probabilities": [
            0.9998915195465088,
            0.00009511120151728392,
            0.000013387326362135354
          ]
        },
        {
          "action_values_bb": [
            0.0,
            0.33731318507621905,
            -0.38598719409127247
          ],
          "candidate_probabilities": [
            0.00005023986886953935,
            0.9999114274978638,
            0.00003839371493086219
          ],
          "class_index": 76,
          "conditional_hand_mass": 0.009049773810439787,
          "expected_action_loss_bb": 0.0000447167587533371,
          "hand": "K7o",
          "probability_on_actions_losing_over_0_1bb": 0.00008863358380040154,
          "reference_expected_action_loss_bb": 0.00007477199450274641,
          "reference_probabilities": [
            0.0000847191404318437,
            0.9998514652252197,
            0.0000638671190245077
          ]
        },
        {
          "action_values_bb": [
            0.0,
            0.6528156898496197,
            -0.21368020827054668
          ],
          "candidate_probabilities": [
            0.000029089995223330334,
            0.9999496340751648,
            0.00002124879028997384
          ],
          "class_index": 77,
          "conditional_hand_mass": 0.009049773810439787,
          "expected_action_loss_bb": 0.00003740239492571849,
          "hand": "A7o",
          "probability_on_actions_losing_over_0_1bb": 0.000050338785513304174,
          "reference_expected_action_loss_bb": 0.0000676681326625547,
          "reference_probabilities": [
            0.000049049041990656406,
            0.9999097585678101,
            0.000041140585381072015
          ]
        },
        {
          "action_values_bb": [
            0.0,
            -0.5989767894301297,
            -1.0459284328530962
          ],
          "candidate_probabilities": [
            0.999785840511322,
            0.00007933482265798375,
            0.0001348230434814468
          ],
          "class_index": 78,
          "conditional_hand_mass": 0.0030165911925363843,
          "expected_action_loss_bb": 0.00018853497194672232,
          "hand": "82s",
          "probability_on_actions_losing_over_0_1bb": 0.00021415786613943055,
          "reference_expected_action_loss_bb": 0.0003178577318989764,
          "reference_probabilities": [
            0.9996389150619507,
            0.00013375112030189484,
            0.0002273041900480166
          ]
        },
        {
          "action_values_bb": [
            0.0,
            -0.6110520569823376,
            -0.9931367487738021
          ],
          "candidate_probabilities": [
            0.999912679195404,
            0.000015894318494247273,
            0.00007138353248592466
          ],
          "class_index": 79,
          "conditional_hand_mass": 0.0030165911925363843,
          "expected_action_loss_bb": 0.00008060586537930251,
          "hand": "83s",
          "probability_on_actions_losing_over_0_1bb": 0.00008727785098017193,
          "reference_expected_action_loss_bb": 0.00013589984180866822,
          "reference_probabilities": [
            0.9998528957366943,
            0.00002679612225620076,
            0.00012035202234983444
          ]
        },
        {
          "action_values_bb": [
            0.0,
            -0.4627938499630414,
            -0.8581669500743307
          ],
          "candidate_probabilities": [
            0.9998889565467834,
            0.00010313863458577543,
            7.938908311189152e-6
          ],
          "class_index": 80,
          "conditional_hand_mass": 0.0030165911925363843,
          "expected_action_loss_bb": 0.000054544834512215256,
          "hand": "84s",
          "probability_on_actions_losing_over_0_1bb": 0.00011107754289696459,
          "reference_expected_action_loss_bb": 0.00009196507101392229,
          "reference_probabilities": [
            0.999812662601471,
            0.00017389655113220215,
            0.000013385293641476892
          ]
        },
        {
          "action_values_bb": [
            0.0,
            -0.40257505472637634,
            -0.7201652121519265
          ],
          "candidate_probabilities": [
            0.9998651146888733,
            0.00003977119558840059,
            0.00009516857971902937
          ],
          "class_index": 81,
          "conditional_hand_mass": 0.0030165911925363843,
          "expected_action_loss_bb": 0.0000845479916440861,
          "hand": "85s",
          "probability_on_actions_losing_over_0_1bb": 0.00013493977530742995,
          "reference_expected_action_loss_bb": 0.000142544845045199,
          "reference_probabilities": [
            0.9997724890708923,
            0.00006706226849928498,
            0.00016044547373894602
          ]
        },
        {
          "action_values_bb": [
            0.0,
            -0.00023386440822684157,
            -0.83073726548646
          ],
          "candidate_probabilities": [
            0.00007146217103581876,
            0.9998968839645386,
            0.000031729417969472706
          ],
          "class_index": 82,
          "conditional_hand_mass": 0.0030165911925363843,
          "expected_action_loss_bb": 0.00026019910297566637,
          "hand": "86s",
          "probability_on_actions_losing_over_0_1bb": 0.000031729417969472706,
          "reference_expected_action_loss_bb": 0.00011640837532840621,
          "reference_probabilities": [
            0.6922099590301514,
            0.3077365458011627,
            0.00005349435014068149
          ]
        },
        {
          "action_values_bb": [
            0.0,
            0.1650235032286718,
            -0.5388467678599541
          ],
          "candidate_probabilities": [
            7.97064058133401e-6,
            0.9998730421066284,
            0.00011897055810550228
          ],
          "class_index": 83,
          "conditional_hand_mass": 0.0030165911925363843,
          "expected_action_loss_bb": 0.00008505518201699336,
          "hand": "87s",
          "probability_on_actions_losing_over_0_1bb": 0.0001269411986868363,
          "reference_expected_action_loss_bb": 0.0001434017491899724,
          "reference_probabilities": [
            0.000013447537639876828,
            0.9997860193252563,
            0.00020058041263837367
          ]
        },
        {
          "action_values_bb": [
            0.0,
            1.0324854994939938,
            2.311054284705903
          ],
          "candidate_probabilities": [
            0.00006345276051433757,
            0.00010052738798549399,
            0.9998360276222229
          ],
          "class_index": 84,
          "conditional_hand_mass": 0.0045248869052198935,
          "expected_action_loss_bb": 0.00027517395440021666,
          "hand": "88",
          "probability_on_actions_losing_over_0_1bb": 0.00016398014849983156,
          "reference_expected_action_loss_bb": 0.0004639400087260403,
          "reference_probabilities": [
            0.00010698062396841124,
            0.00016948793199844658,
            0.999723494052887
          ]
        },
        {
          "action_values_bb": [
            0.0,
            -0.3100027284025739,
            -0.687104602350226
          ],
          "candidate_probabilities": [
            0.9999231100082397,
            0.000029277043722686358,
            0.00004759695730172098
          ],
          "class_index": 85,
          "conditional_hand_mass": 0.009049773810439787,
          "expected_action_loss_bb": 0.0000417800518534739,
          "hand": "98o",
          "probability_on_actions_losing_over_0_1bb": 0.00007687400102440733,
          "reference_expected_action_loss_bb": 0.00007047694472246747,
          "reference_probabilities": [
            0.9998703002929688,
            0.00004946401895722374,
            0.00008025410352274776
          ]
        },
        {
          "action_values_bb": [
            0.0,
            0.03457720339928264,
            -0.42950644449135
          ],
          "candidate_probabilities": [
            0.00003970304533140734,
            0.9999338388442993,
            0.000026451971280039288
          ],
          "class_index": 86,
          "conditional_hand_mass": 0.009049773810439787,
          "expected_action_loss_bb": 0.000013648747599533891,
          "hand": "T8o",
          "probability_on_actions_losing_over_0_1bb": 0.000026451971280039288,
          "reference_expected_action_loss_bb": 0.000023149003781020827,
          "reference_probabilities": [
            0.00007097999332472682,
            0.9998844265937805,
            0.00004459263800526969
          ]
        },
        {
          "action_values_bb": [
            0.0,
            0.09685940896184134,
            -0.5259813289943139
          ],
          "candidate_probabilities": [
            0.000018905537217506208,
            0.9999758005142212,
            5.320965556165902e-6
          ],
          "class_index": 87,
          "conditional_hand_mass": 0.009049773810439787,
          "expected_action_loss_bb": 5.1452932746354006e-6,
          "hand": "J8o",
          "probability_on_actions_losing_over_0_1bb": 5.320965556165902e-6,
          "reference_expected_action_loss_bb": 8.653220351606206e-6,
          "reference_probabilities": [
            0.00003127340096398257,
            0.9999597072601318,
            9.029751709022094e-6
          ]
        },
        {
          "action_values_bb": [
            0.0,
            0.19877327309886705,
            -0.5109655035888329
          ],
          "candidate_probabilities": [
            0.00004761658419738524,
            0.9999176263809204,
            0.00003470493538770825
          ],
          "class_index": 88,
          "conditional_hand_mass": 0.009049773810439787,
          "expected_action_loss_bb": 0.00003409634268179977,
          "hand": "Q8o",
          "probability_on_actions_losing_over_0_1bb": 0.00008232151958509348,
          "reference_expected_action_loss_bb": 0.00005743049700102571,
          "reference_probabilities": [
            0.00008028854063013569,
            0.9998613595962524,
            0.00005843175313202664
          ]
        },
        {
          "action_values_bb": [
            0.0,
            0.5385835388513872,
            -0.32331693435733116
          ],
          "candidate_probabilities": [
            0.000026446363335708156,
            0.9999489188194275,
            0.000024665405362611637
          ],
          "class_index": 89,
          "conditional_hand_mass": 0.009049773810439787,
          "expected_action_loss_bb": 0.00003550270050901511,
          "hand": "K8o",
          "probability_on_actions_losing_over_0_1bb": 0.00005111176869831979,
          "reference_expected_action_loss_bb": 0.000052733586432608404,
          "reference_probabilities": [
            0.000044591819460038096,
            0.9999220967292786,
            0.000033318425266770646
          ]
        },
        {
          "action_values_bb": [
            0.0,
            0.8925633744513486,
            0.441318222264674
          ],
          "candidate_probabilities": [
            5.295728897181107e-6,
            0.9999027848243713,
            0.00009191119897877797
          ],
          "class_index": 90,
          "conditional_hand_mass": 0.009049773810439787,
          "expected_action_loss_bb": 0.00004620125662548589,
          "hand": "A8o",
          "probability_on_actions_losing_over_0_1bb": 0.00009720692787595908,
          "reference_expected_action_loss_bb": 0.00008464889586342541,
          "reference_probabilities": [
            8.929330761020537e-6,
            0.999821126461029,
            0.0001699273707345128
          ]
        },
        {
          "action_values_bb": [
            0.0,
            -0.6319409514674402,
            -1.0319380308398898
          ],
          "candidate_probabilities": [
            0.9999285936355591,
            7.96364383859327e-6,
            0.00006345437577692792
          ],
          "class_index": 91,
          "conditional_hand_mass": 0.0030165911925363843,
          "expected_action_loss_bb": 0.00007051353625192585,
          "hand": "92s",
          "probability_on_actions_losing_over_0_1bb": 0.00007141801961552119,
          "reference_expected_action_loss_bb": 0.00011888633664647994,
          "reference_probabilities": [
            0.9998795986175537,
            0.000013425576980807818,
            0.00010698526602936909
          ]
        },
        {
          "action_values_bb": [
            0.0,
            -0.39319395433077287,
            -0.6768162447688543
          ],
          "candidate_probabilities": [
            0.9997540712356567,
            0.00009524007327854633,
            0.00015067649655975401
          ],
          "class_index": 92,
          "conditional_hand_mass": 0.0030165911925363843,
          "expected_action_loss_bb": 0.0001394281215996441,
          "hand": "93s",
          "probability_on_actions_losing_over_0_1bb": 0.00024591656983830035,
          "reference_expected_action_loss_bb": 0.00023506809122719388,
          "reference_probabilities": [
            0.9995853900909424,
            0.0001605834113433957,
            0.0002540241403039545
          ]
        },
        {
          "action_values_bb": [
            0.0,
            -0.5663267438661047,
            -0.8299721653763628
          ],
          "candidate_probabilities": [
            0.9998810291290283,
            0.00003175562233082019,
            0.00008724060171516612
          ],
          "class_index": 93,
          "conditional_hand_mass": 0.0030165911925363843,
          "expected_action_loss_bb": 0.00009039132930832842,
          "hand": "94s",
          "probability_on_actions_losing_over_0_1bb": 0.00011899622404598631,
          "reference_expected_action_loss_bb": 0.0001523961621402362,
          "reference_probabilities": [
            0.999799370765686,
            0.00005354174936655909,
            0.00014708208618685603
          ]
        },
        {
          "action_values_bb": [
            0.0,
            -0.33133077872796685,
            -0.9021898969681577
          ],
          "candidate_probabilities": [
            0.9998570084571838,
            0.00011907879525097087,
            0.000023799637347110547
          ],
          "class_index": 94,
          "conditional_hand_mass": 0.0030165911925363843,
          "expected_action_loss_bb": 0.00006092626232656148,
          "hand": "95s",
          "probability_on_actions_losing_over_0_1bb": 0.00014287843259808142,
          "reference_expected_action_loss_bb": 0.00010272205507707105,
          "reference_probabilities": [
            0.9997590780258179,
            0.00020076909277122468,
            0.0000401257821067702
          ]
        },
        {
          "action_values_bb": [
            0.0,
            0.0019531789876046928,
            -0.6753386456468903
          ],
          "candidate_probabilities": [
            0.0002151208755094558,
            0.9996739029884338,
            0.00011102341522928327
          ],
          "class_index": 95,
          "conditional_hand_mass": 0.0030165911925363843,
          "expected_action_loss_bb": 0.00007561542105163465,
          "hand": "96s",
          "probability_on_actions_losing_over_0_1bb": 0.00011102341522928327,
          "reference_expected_action_loss_bb": 0.00012884698542026628,
          "reference_probabilities": [
            0.0010643169516697526,
            0.9987485408782959,
            0.0001871692220447585
          ]
        },
        {
          "action_values_bb": [
            0.0,
            0.080128571687213,
            -0.7400251069661213
          ],
          "candidate_probabilities": [
            0.00008727448584977537,
            0.9998651146888733,
            0.000047587891458533704
          ],
          "class_index": 96,
          "conditional_hand_mass": 0.0030165911925363843,
          "expected_action_loss_bb": 0.00004602256413495039,
          "hand": "97s",
          "probability_on_actions_losing_over_0_1bb": 0.000047587891458533704,
          "reference_expected_action_loss_bb": 0.00007759049918691722,
          "reference_probabilities": [
            0.00014714985445607454,
            0.9997726082801819,
            0.00008022836846066639
          ]
        },
        {
          "action_values_bb": [
            0.0,
            0.40970116243211685,
            0.4259608622497192
          ],
          "candidate_probabilities": [
            0.00002379888974246569,
            0.00008003539551282302,
            0.9998961687088013
          ],
          "class_index": 97,
          "conditional_hand_mass": 0.0030165911925363843,
          "expected_action_loss_bb": 0.000011438747101108263,
          "hand": "98s",
          "probability_on_actions_losing_over_0_1bb": 0.00002379888974246569,
          "reference_expected_action_loss_bb": 0.00017785555374887643,
          "reference_probabilities": [
            0.00004012909630546346,
            0.009887152351439,
            0.9900727272033691
          ]
        },
        {
          "action_values_bb": [
            0.0,
            1.105091555340714,
            2.811304884980546
          ],
          "candidate_probabilities": [
            0.00007403192284982651,
            0.000010640636901371181,
            0.999915361404419
          ],
          "class_index": 98,
          "conditional_hand_mass": 0.0045248869052198935,
          "expected_action_loss_bb": 0.00022628150286919718,
          "hand": "99",
          "probability_on_actions_losing_over_0_1bb": 0.0000846725597511977,
          "reference_expected_action_loss_bb": 0.00038152531910613373,
          "reference_probabilities": [
            0.00012482282181736082,
            0.000017940494217327796,
            0.9998572468757629
          ]
        },
        {
          "action_values_bb": [
            0.0,
            0.20046723707814162,
            -0.3698676396926099
          ],
          "candidate_probabilities": [
            0.000015903162420727313,
            0.9999813437461853,
            2.7442447390058078e-6
          ],
          "class_index": 99,
          "conditional_hand_mass": 0.009049773810439787,
          "expected_action_loss_bb": 4.753201516337795e-6,
          "hand": "T9o",
          "probability_on_actions_losing_over_0_1bb": 0.00001864740715973312,
          "reference_expected_action_loss_bb": 8.223251265014773e-6,
          "reference_probabilities": [
            0.000026800587875186466,
            0.9999681711196899,
            4.998136319045443e-6
          ]
        },
        {
          "action_values_bb": [
            0.0,
            0.2418528274915691,
            -0.39662904446379776
          ],
          "candidate_probabilities": [
            0.00004496320252656005,
            0.9999223947525024,
            0.00003263798134867102
          ],
          "class_index": 100,
          "conditional_hand_mass": 0.009049773810439787,
          "expected_action_loss_bb": 0.00003171323709246843,
          "hand": "J9o",
          "probability_on_actions_losing_over_0_1bb": 0.00007760118387523107,
          "reference_expected_action_loss_bb": 0.0000531465870471896,
          "reference_probabilities": [
            0.00007582241960335523,
            0.9998696446418762,
            0.00005451794640976004
          ]
        },
        {
          "action_values_bb": [
            0.0,
            0.4550188712027837,
            -0.3965956658632209
          ],
          "candidate_probabilities": [
            0.000023802704163244925,
            0.9999625086784363,
            0.000013666967788594775
          ],
          "class_index": 101,
          "conditional_hand_mass": 0.009049773810439787,
          "expected_action_loss_bb": 0.000022469668026313643,
          "hand": "Q9o",
          "probability_on_actions_losing_over_0_1bb": 0.0000374696719518397,
          "reference_expected_action_loss_bb": 0.00003920510752070521,
          "reference_probabilities": [
            0.00004013452053186484,
            0.9999352693557739,
            0.00002459228016959969
          ]
        },
        {
          "action_values_bb": [
            0.0,
            0.6832333552355564,
            0.16264876108394918
          ],
          "candidate_probabilities": [
            2.6518698632571613e-6,
            0.858478844165802,
            0.1415184736251831
          ],
          "class_index": 102,
          "conditional_hand_mass": 0.009049773810439787,
          "expected_action_loss_bb": 0.0736741490030652,
          "hand": "K9o",
          "probability_on_actions_losing_over_0_1bb": 0.14152112549504636,
          "reference_expected_action_loss_bb": 0.00006422078556434283,
          "reference_probabilities": [
            4.471442935027881e-6,
            0.9998781085014343,
            0.00011749434634111822
          ]
        },
        {
          "action_values_bb": [
            0.0,
            1.064773111570282,
            1.0643093874408396
          ],
          "candidate_probabilities": [
            0.0000317335179715883,
            0.00044140720274299383,
            0.999526858329773
          ],
          "class_index": 103,
          "conditional_hand_mass": 0.009049773810439787,
          "expected_action_loss_bb": 0.0004972937189050615,
          "hand": "A9o",
          "probability_on_actions_losing_over_0_1bb": 0.0000317335179715883,
          "reference_expected_action_loss_bb": 0.00016510130780308488,
          "reference_probabilities": [
            0.000053506028052652255,
            0.7667701244354248,
            0.23317641019821167
          ]
        },
        {
          "action_values_bb": [
            0.0,
            -0.504767328429709,
            -0.931143374277005
          ],
          "candidate_probabilities": [
            0.999769926071167,
            0.00008726786472834647,
            0.00014275005378294736
          ],
          "class_index": 104,
          "conditional_hand_mass": 0.0030165911925363843,
          "expected_action_loss_bb": 0.0001769707336943702,
          "hand": "T2s",
          "probability_on_actions_losing_over_0_1bb": 0.00023001791851129383,
          "reference_expected_action_loss_bb": 0.00029835932262791103,
          "reference_probabilities": [
            0.9996122121810913,
            0.00014712876873090863,
            0.00024066490004770458
          ]
        },
        {
          "action_values_bb": [
            0.0,
            -0.4648946528897486,
            -0.6448765002954527
          ],
          "candidate_probabilities": [
            0.9998968839645386,
            0.000023887316274340264,
            0.00007931221625767648
          ],
          "class_index": 105,
          "conditional_hand_mass": 0.0030165911925363843,
          "expected_action_loss_bb": 0.00006225167005875358,
          "hand": "T3s",
          "probability_on_actions_losing_over_0_1bb": 0.00010319953253201675,
          "reference_expected_action_loss_bb": 0.0001049559776685933,
          "reference_probabilities": [
            0.9998260736465454,
            0.00004027727845823392,
            0.00013371751992963254
          ]
        },
        {
          "action_values_bb": [
            0.0,
            -0.4037340670267632,
            -0.7582766449708247
          ],
          "candidate_probabilities": [
            0.9998729228973389,
            0.00011112105858046561,
            0.0000158694529091008
          ],
          "class_index": 106,
          "conditional_hand_mass": 0.0030165911925363843,
          "expected_action_loss_bb": 0.000056896792422446026,
          "hand": "T4s",
          "probability_on_actions_losing_over_0_1bb": 0.00012699051148956642,
          "reference_expected_action_loss_bb": 0.00009593748183236184,
          "reference_probabilities": [
            0.999785840511322,
            0.00018737332720775157,
            0.000026756048100651242
          ]
        },
        {
          "action_values_bb": [
            0.0,
            -0.40771692383711156,
            -0.7545247561555393
          ],
          "candidate_probabilities": [
            0.9998489618301392,
            0.0000478913243568968,
            0.00010309618664905429
          ],
          "class_index": 107,
          "conditional_hand_mass": 0.0030165911925363843,
          "expected_action_loss_bb": 0.00009731472853722295,
          "hand": "T5s",
          "probability_on_actions_losing_over_0_1bb": 0.0001509875110059511,
          "reference_expected_action_loss_bb": 0.00016394574737698146,
          "reference_probabilities": [
            0.999745786190033,
            0.000080456244177185,
            0.00017380791541654617
          ]
        },
        {
          "action_values_bb": [
            0.0,
            0.04917096273346301,
            -0.773109484119572
          ],
          "candidate_probabilities": [
            0.00007946573896333575,
            0.9998809099197388,
            0.00003965884752687998
          ],
          "class_index": 108,
          "conditional_hand_mass": 0.0030165911925363843,
          "expected_action_loss_bb": 0.000036518101755232534,
          "hand": "T6s",
          "probability_on_actions_losing_over_0_1bb": 0.00003965884752687998,
          "reference_expected_action_loss_bb": 0.00006159634868767954,
          "reference_probabilities": [
            0.00013457298337016255,
            0.9997985363006592,
            0.00006686193955829367
          ]
        },
        {
          "action_values_bb": [
            0.0,
            0.21009664669488898,
            -0.48570937684611415
          ],
          "candidate_probabilities": [
            0.000015890194845269434,
            0.9998567700386047,
            0.00012734829215332866
          ],
          "class_index": 109,
          "conditional_hand_mass": 0.0030165911925363843,
          "expected_action_loss_bb": 0.00009194818542026505,
          "hand": "T7s",
          "probability_on_actions_losing_over_0_1bb": 0.0001432384869985981,
          "reference_expected_action_loss_bb": 0.00015479747962853464,
          "reference_probabilities": [
            0.000026797775717568584,
            0.9997588992118835,
            0.00021438066323753446
          ]
        },
        {
          "action_values_bb": [
            0.0,
            -0.008438764945585058,
            0.48631019165649725
          ],
          "candidate_probabilities": [
            0.00010310842480976135,
            8.262011760962196e-6,
            0.9998885989189148
          ],
          "class_index": 110,
          "conditional_hand_mass": 0.0030165911925363843,
          "expected_action_loss_bb": 0.000054230299528804755,
          "hand": "T8s",
          "probability_on_actions_losing_over_0_1bb": 0.00011137043657072354,
          "reference_expected_action_loss_bb": 0.00009150754180299094,
          "reference_probabilities": [
            0.00017384279635734856,
            0.000014079904758546036,
            0.9998120665550232
          ]
        },
        {
          "action_values_bb": [
            0.0,
            0.11039804502728515,
            0.641345670203184
          ],
          "candidate_probabilities": [
            0.00003965758151025511,
            0.00009545715874992311,
            0.9998648762702942
          ],
          "class_index": 111,
          "conditional_hand_mass": 0.0030165911925363843,
          "expected_action_loss_bb": 0.00007611696993664241,
          "hand": "T9s",
          "probability_on_actions_losing_over_0_1bb": 0.00013511474026017822,
          "reference_expected_action_loss_bb": 0.0001283059722419581,
          "reference_probabilities": [
            0.00006685834523523226,
            0.00016089470591396093,
            0.9997722506523132
          ]
        },
        {
          "action_values_bb": [
            0.0,
            1.2889422284224297,
            3.2296928282127855
          ],
          "candidate_probabilities": [
            0.00008460419485345483,
            0.000021210564227658324,
            0.9998941421508789
          ],
          "class_index": 112,
          "conditional_hand_mass": 0.0045248869052198935,
          "expected_action_loss_bb": 0.00031440997660163987,
          "hand": "TT",
          "probability_on_actions_losing_over_0_1bb": 0.00010581475908111315,
          "reference_expected_action_loss_bb": 0.0005301044403916144,
          "reference_probabilities": [
            0.00014264523633755744,
            0.00003576149538275786,
            0.9998216032981873
          ]
        },
        {
          "action_values_bb": [
            0.0,
            0.522328793669808,
            0.020350701803703578
          ],
          "candidate_probabilities": [
            0.000021159039533813484,
            0.9999574422836304,
            0.000021447836843435653
          ],
          "class_index": 113,
          "conditional_hand_mass": 0.009049773810439787,
          "expected_action_loss_bb": 0.000021818319808231936,
          "hand": "JTo",
          "probability_on_actions_losing_over_0_1bb": 0.000042606876377249137,
          "reference_expected_action_loss_bb": 0.00005935073208032359,
          "reference_probabilities": [
            0.00003567711610230617,
            0.9998831748962402,
            0.0000811102072475478
          ]
        },
        {
          "action_values_bb": [
            0.0,
            0.13046106129197685,
            0.733498696483691
          ],
          "candidate_probabilities": [
            0.00005023987978347577,
            0.000018719592844718136,
            0.9999310374259949
          ],
          "class_index": 114,
          "conditional_hand_mass": 0.009049773810439787,
          "expected_action_loss_bb": 0.00004813950533350738,
          "hand": "QTo",
          "probability_on_actions_losing_over_0_1bb": 0.00006895947262819391,
          "reference_expected_action_loss_bb": 0.0000811826960701689,
          "reference_probabilities": [
            0.00008470936882076785,
            0.000031587554985890165,
            0.9998836517333984
          ]
        },
        {
          "action_values_bb": [
            0.0,
            0.3007500760145474,
            0.9979688972537384
          ],
          "candidate_probabilities": [
            0.00002908999886130914,
            0.00004776582863996737,
            0.9999231100082397
          ],
          "class_index": 115,
          "conditional_hand_mass": 0.009049773810439787,
          "expected_action_loss_bb": 0.00006233414882460443,
          "hand": "KTo",
          "probability_on_actions_losing_over_0_1bb": 0.00007685582750127651,
          "reference_expected_action_loss_bb": 0.00010510145963540879,
          "reference_probabilities": [
            0.00004904907473246567,
            0.00008053713827393949,
            0.9998704195022583
          ]
        },
        {
          "action_values_bb": [
            0.0,
            0.6175208744776118,
            1.4380445862107785
          ],
          "candidate_probabilities": [
            7.93953313404927e-6,
            0.000026601330318953842,
            0.9999654293060303
          ],
          "class_index": 116,
          "conditional_hand_mass": 0.009049773810439787,
          "expected_action_loss_bb": 0.000033244424930808675,
          "hand": "ATo",
          "probability_on_actions_losing_over_0_1bb": 0.00003454086345300311,
          "reference_expected_action_loss_bb": 0.000056055171863299563,
          "reference_probabilities": [
            0.00001338707807008177,
            0.00004485422687139362,
            0.9999417662620544
          ]
        },
        {
          "action_values_bb": [
            0.0,
            -0.43196874958323317,
            -0.7147161556077576
          ],
          "candidate_probabilities": [
            0.999912679195404,
            0.000015948759028105997,
            0.00007138354703783989
          ],
          "class_index": 117,
          "conditional_hand_mass": 0.0030165911925363843,
          "expected_action_loss_bb": 0.00005790833980730571,
          "hand": "J2s",
          "probability_on_actions_losing_over_0_1bb": 0.00008733230606594589,
          "reference_expected_action_loss_bb": 0.00009767196400464044,
          "reference_probabilities": [
            0.9998526573181152,
            0.000026979809263139032,
            0.00012035201507387683
          ]
        },
        {
          "action_values_bb": [
            0.0,
            -0.3974267408635208,
            -0.6884153829751106
          ],
          "candidate_probabilities": [
            0.9998888373374939,
            0.00010323461901862174,
            7.93890740169445e-6
          ],
          "class_index": 118,
          "conditional_hand_mass": 0.0030165911925363843,
          "expected_action_loss_bb": 0.000046493464160199503,
          "hand": "J3s",
          "probability_on_actions_losing_over_0_1bb": 0.0001111735264203162,
          "reference_expected_action_loss_bb": 0.00007838385708807469,
          "reference_probabilities": [
            0.9998125433921814,
            0.0001740426814649254,
            0.00001338529273198219
          ]
        },
        {
          "action_values_bb": [
            0.0,
            -0.3774164560822181,
            -0.6667278607677242
          ],
          "candidate_probabilities": [
            0.9998649954795837,
            0.000039894122892292216,
            0.00009516856516711414
          ],
          "class_index": 119,
          "conditional_hand_mass": 0.0030165911925363843,
          "expected_action_loss_bb": 0.00007850823234672117,
          "hand": "J4s",
          "probability_on_actions_losing_over_0_1bb": 0.00013506268805940636,
          "reference_expected_action_loss_bb": 0.0001323908139893188,
          "reference_probabilities": [
            0.9997721910476685,
            0.00006734562339261174,
            0.00016044547373894602
          ]
        },
        {
          "action_values_bb": [
            0.0,
            0.1250482331954206,
            -0.7020795985746443
          ],
          "candidate_probabilities": [
            0.00007141353125916794,
            0.999896764755249,
            0.000031751198548590764
          ],
          "class_index": 120,
          "conditional_hand_mass": 0.0030165911925363843,
          "expected_action_loss_bb": 0.0000351924359218016,
          "hand": "J5s",
          "probability_on_actions_losing_over_0_1bb": 0.0001031647298077587,
          "reference_expected_action_loss_bb": 0.000059334420855358265,
          "reference_probabilities": [
            0.00012040286674164236,
            0.9998260736465454,
            0.00005353254164219834
          ]
        },
        {
          "action_values_bb": [
            0.0,
            0.17471115775836768,
            -0.5158179549005932
          ],
          "candidate_probabilities": [
            0.000012289698133827187,
            0.999868631362915,
            0.00011896818614332005
          ],
          "class_index": 121,
          "conditional_hand_mass": 0.0030165911925363843,
          "expected_action_loss_bb": 0.00008429814340165467,
          "hand": "J6s",
          "probability_on_actions_losing_over_0_1bb": 0.00013125788427714724,
          "reference_expected_action_loss_bb": 0.00014095555027264202,
          "reference_probabilities": [
            0.000013432414561975747,
            0.999785840511322,
            0.00020072833285667002
          ]
        },
        {
          "action_values_bb": [
            0.0,
            0.3248354744190652,
            -0.5595687320892702
          ],
          "candidate_probabilities": [
            0.000095180090283975,
            0.9998483657836914,
            0.000056499808124499395
          ],
          "class_index": 122,
          "conditional_hand_mass": 0.0030165911925363843,
          "expected_action_loss_bb": 0.00008088653775486555,
          "hand": "J7s",
          "probability_on_actions_losing_over_0_1bb": 0.0001516798984084744,
          "reference_expected_action_loss_bb": 0.00013710845523542565,
          "reference_probabilities": [
            0.00016045301163103431,
            0.9997434616088867,
            0.00009609590779291466
          ]
        },
        {
          "action_values_bb": [
            0.0,
            0.15839792551997414,
            0.6184559968343973
          ],
          "candidate_probabilities": [
            0.000031728417525300756,
            0.00008750571578275412,
            0.9998807907104492
          ],
          "class_index": 123,
          "conditional_hand_mass": 0.0030165911925363843,
          "expected_action_loss_bb": 0.00005988034092058979,
          "hand": "J8s",
          "probability_on_actions_losing_over_0_1bb": 0.00011923413330805488,
          "reference_expected_action_loss_bb": 0.00010096012138534734,
          "reference_probabilities": [
            0.00005349150160327554,
            0.00014754220319446176,
            0.9997989535331726
          ]
        },
        {
          "action_values_bb": [
            0.0,
            0.03935359359750757,
            0.6438693308253686
          ],
          "candidate_probabilities": [
            0.00011896440264536068,
            0.000024072302039712667,
            0.9998568892478943
          ],
          "class_index": 124,
          "conditional_hand_mass": 0.0030165911925363843,
          "expected_action_loss_bb": 0.00009114961573761673,
          "hand": "J9s",
          "probability_on_actions_losing_over_0_1bb": 0.00014303670468507335,
          "reference_expected_action_loss_bb": 0.00015366036803436464,
          "reference_probabilities": [
            0.00020056968787685037,
            0.000040560891648055986,
            0.9997588992118835
          ]
        },
        {
          "action_values_bb": [
            0.0,
            0.22088933406935135,
            1.00755973149002
          ],
          "candidate_probabilities": [
            0.000055523207265650854,
            0.0001112073368858546,
            0.9998332858085632
          ],
          "class_index": 125,
          "conditional_hand_mass": 0.0030165911925363843,
          "expected_action_loss_bb": 0.0001434264677081333,
          "hand": "JTs",
          "probability_on_actions_losing_over_0_1bb": 0.00016673054415150546,
          "reference_expected_action_loss_bb": 0.00024182186410335888,
          "reference_probabilities": [
            0.00009361265256302431,
            0.00018750104936771095,
            0.9997189044952393
          ]
        },
        {
          "action_values_bb": [
            0.0,
            1.5407818326237526,
            3.6704062868594187
          ],
          "candidate_probabilities": [
            0.00009517565922578797,
            0.000031781393772689626,
            0.9998730421066284
          ],
          "class_index": 126,
          "conditional_hand_mass": 0.0045248869052198935,
          "expected_action_loss_bb": 0.0004170157713463347,
          "hand": "JJ",
          "probability_on_actions_losing_over_0_1bb": 0.0001269570529984776,
          "reference_expected_action_loss_bb": 0.0007030839209296363,
          "reference_probabilities": [
            0.0001604656281415373,
            0.000053582156397169456,
            0.9997859597206116
          ]
        },
        {
          "action_values_bb": [
            0.0,
            0.2628638556172869,
            0.8739355076263025
          ],
          "candidate_probabilities": [
            0.00002644636515469756,
            0.000045153763494454324,
            0.9999284148216248
          ],
          "class_index": 127,
          "conditional_hand_mass": 0.009049773810439787,
          "expected_action_loss_bb": 0.000050704602409321754,
          "hand": "QJo",
          "probability_on_actions_losing_over_0_1bb": 0.00007160012864915188,
          "reference_expected_action_loss_bb": 0.00008548343803899298,
          "reference_probabilities": [
            0.00004459180127014406,
            0.00007611722685396671,
            0.9998792409896851
          ]
        },
        {
          "action_values_bb": [
            0.0,
            0.4836780878353404,
            1.1955977798164221
          ],
          "candidate_probabilities": [
            5.295727078191703e-6,
            0.000023966113076312467,
            0.9999707341194153
          ],
          "class_index": 128,
          "conditional_hand_mass": 0.009049773810439787,
          "expected_action_loss_bb": 0.000023393507376471855,
          "hand": "KJo",
          "probability_on_actions_losing_over_0_1bb": 0.00002926184015450417,
          "reference_expected_action_loss_bb": 0.000039445599027146,
          "reference_probabilities": [
            8.92932712304173e-6,
            0.000040411461668554693,
            0.999950647354126
          ]
        },
        {
          "action_values_bb": [
            0.0,
            0.5938084707586695,
            1.5174929571525313
          ],
          "candidate_probabilities": [
            0.000034378801501588896,
            2.804926452881773e-6,
            0.9999628067016602
          ],
          "class_index": 129,
          "conditional_hand_mass": 0.009049773810439787,
          "expected_action_loss_bb": 0.000054760456204008676,
          "hand": "AJo",
          "probability_on_actions_losing_over_0_1bb": 0.00003718372795447067,
          "reference_expected_action_loss_bb": 0.00009233390580862113,
          "reference_probabilities": [
            0.00005796793266199529,
            4.728861767944181e-6,
            0.9999372959136963
          ]
        },
        {
          "action_values_bb": [
            0.0,
            0.03749785888943286,
            -0.4609657755350206
          ],
          "candidate_probabilities": [
            0.00003976508742198348,
            0.9998095631599426,
            0.00015067651111166924
          ],
          "class_index": 130,
          "conditional_hand_mass": 0.0030165911925363843,
          "expected_action_loss_bb": 0.0000765978669879947,
          "hand": "Q2s",
          "probability_on_actions_losing_over_0_1bb": 0.00015067651111166924,
          "reference_expected_action_loss_bb": 0.00012926921649584295,
          "reference_probabilities": [
            0.00007060190546326339,
            0.9996753931045532,
            0.0002540241403039545
          ]
        },
        {
          "action_values_bb": [
            0.0,
            0.22487647496347912,
            -0.2991689510767318
          ],
          "candidate_probabilities": [
            0.00012691429583355784,
            0.9997856020927429,
            0.00008746090315980837
          ],
          "class_index": 131,
          "conditional_hand_mass": 0.0030165911925363843,
          "expected_action_loss_bb": 0.00007437352572776606,
          "hand": "Q3s",
          "probability_on_actions_losing_over_0_1bb": 0.0002143751989933662,
          "reference_expected_action_loss_bb": 0.00012536894237146184,
          "reference_probabilities": [
            0.00021397092496044934,
            0.9996386170387268,
            0.0001474145392421633
          ]
        },
        {
          "action_values_bb": [
            0.0,
            0.028478502802871127,
            -0.767969626665568
          ],
          "candidate_probabilities": [
            0.9987034201622009,
            0.001272677443921566,
            0.000023799642804078758
          ],
          "class_index": 132,
          "conditional_hand_mass": 0.0030165911925363843,
          "expected_action_loss_bb": 0.028460533331319544,
          "hand": "Q4s",
          "probability_on_actions_losing_over_0_1bb": 0.000023799642804078758,
          "reference_expected_action_loss_bb": 0.00003531442173787122,
          "reference_probabilities": [
            0.00011730624100891873,
            0.9998425841331482,
            0.00004014538353658281
          ]
        },
        {
          "action_values_bb": [
            0.0,
            0.31518436498665264,
            -0.39970784783798685
          ],
          "candidate_probabilities": [
            0.00015069165965542197,
            0.9997377991676331,
            0.00011154096864629537
          ],
          "class_index": 133,
          "conditional_hand_mass": 0.0030165911925363843,
          "expected_action_loss_bb": 0.0001272354249534328,
          "hand": "Q5s",
          "probability_on_actions_losing_over_0_1bb": 0.00026223262830171734,
          "reference_expected_action_loss_bb": 0.00021516996771956981,
          "reference_probabilities": [
            0.00025402818573638797,
            0.9995570182800293,
            0.00018898549024015665
          ]
        },
        {
          "action_values_bb": [
            0.0,
            0.33509991563707714,
            -0.5559032700076212
          ],
          "candidate_probabilities": [
            0.0000872505916049704,
            0.9998645186424255,
            0.00004828831515624188
          ],
          "class_index": 134,
          "conditional_hand_mass": 0.0030165911925363843,
          "expected_action_loss_bb": 0.00007226270851973733,
          "hand": "Q6s",
          "probability_on_actions_losing_over_0_1bb": 0.00013553890676121227,
          "reference_expected_action_loss_bb": 0.00012259524422697903,
          "reference_probabilities": [
            0.000147085462231189,
            0.9997706413269043,
            0.00008227458602050319
          ]
        },
        {
          "action_values_bb": [
            0.0,
            0.3380574608138582,
            -0.33392566689959663
          ],
          "candidate_probabilities": [
            0.000023815826352802105,
            0.9998407959938049,
            0.000135405600303784
          ],
          "class_index": 135,
          "conditional_hand_mass": 0.0030165911925363843,
          "expected_action_loss_bb": 0.00009904139658606675,
          "hand": "Q7s",
          "probability_on_actions_losing_over_0_1bb": 0.00015922142665658612,
          "reference_expected_action_loss_bb": 0.00016783156896544248,
          "reference_probabilities": [
            0.0000401319884986151,
            0.9997302889823914,
            0.00022956625616643578
          ]
        },
        {
          "action_values_bb": [
            0.0,
            0.06480286266948487,
            0.6887242840420561
          ],
          "candidate_probabilities": [
            0.00011103657016064972,
            0.000016119523934321478,
            0.9998728036880493
          ],
          "class_index": 136,
          "conditional_hand_mass": 0.0030165911925363843,
          "expected_action_loss_bb": 0.00008653089857133006,
          "hand": "Q8s",
          "probability_on_actions_losing_over_0_1bb": 0.0001271560940949712,
          "reference_expected_action_loss_bb": 0.00014588563070991174,
          "reference_probabilities": [
            0.0001872068241937086,
            0.000027169679015059955,
            0.9997856616973877
          ]
        },
        {
          "action_values_bb": [
            0.0,
            0.1768900986479208,
            0.9237156670731952
          ],
          "candidate_probabilities": [
            0.00004759354123962112,
            0.00010328456846764311,
            0.9998490810394287
          ],
          "class_index": 137,
          "conditional_hand_mass": 0.0030165911925363843,
          "expected_action_loss_bb": 0.00012109845624993899,
          "hand": "Q9s",
          "probability_on_actions_losing_over_0_1bb": 0.00015087810970726423,
          "reference_expected_action_loss_bb": 0.00020417759708338043,
          "reference_probabilities": [
            0.00008024447015486658,
            0.00017414310423191637,
            0.9997456073760986
          ]
        },
        {
          "action_values_bb": [
            0.0,
            0.31685664777671324,
            1.241822820278662
          ],
          "candidate_probabilities": [
            0.00013481875066645443,
            0.0000398216288886033,
            0.9998253583908081
          ],
          "class_index": 138,
          "conditional_hand_mass": 0.0030165911925363843,
          "expected_action_loss_bb": 0.00020425466083494662,
          "hand": "QTs",
          "probability_on_actions_losing_over_0_1bb": 0.00017464037955505773,
          "reference_expected_action_loss_bb": 0.0003443573043758325,
          "reference_probabilities": [
            0.00022729211195837706,
            0.00006713842594763264,
            0.9997056126594543
          ]
        },
        {
          "action_values_bb": [
            0.0,
            0.47991733282927673,
            1.2348723972607791
          ],
          "candidate_probabilities": [
            0.00007138124783523381,
            0.00012705901463050395,
            0.999801516532898
          ],
          "class_index": 139,
          "conditional_hand_mass": 0.0030165911925363843,
          "expected_action_loss_bb": 0.00018407057921073628,
          "hand": "QJs",
          "probability_on_actions_losing_over_0_1bb": 0.00019844026246573776,
          "reference_expected_action_loss_bb": 0.00031033360474541996,
          "reference_probabilities": [
            0.00012034557585138828,
            0.00021421430574264377,
            0.9996654391288757
          ]
        },
        {
          "action_values_bb": [
            0.0,
            2.1516382373625302,
            4.175224838029968
          ],
          "candidate_probabilities": [
            5.295434220897732e-6,
            0.00004235534288454801,
            0.9999523758888245
          ],
          "class_index": 140,
          "conditional_hand_mass": 0.0045248869052198935,
          "expected_action_loss_bb": 0.00010781933281509234,
          "hand": "QQ",
          "probability_on_actions_losing_over_0_1bb": 0.00004765077710544574,
          "reference_expected_action_loss_bb": 0.0001817904317882026,
          "reference_probabilities": [
            8.928493116400205e-6,
            0.00007141377864172682,
            0.9999196529388428
          ]
        },
        {
          "action_values_bb": [
            0.0,
            0.6506527118287576,
            1.4931714312259639
          ],
          "candidate_probabilities": [
            0.00003173350341967307,
            0.00005039820825913921,
            0.9999178647994995
          ],
          "class_index": 141,
          "conditional_hand_mass": 0.009049773810439787,
          "expected_action_loss_bb": 0.00008984499460137094,
          "hand": "KQo",
          "probability_on_actions_losing_over_0_1bb": 0.00008213171167881228,
          "reference_expected_action_loss_bb": 0.00015148461125190897,
          "reference_probabilities": [
            0.00005350602077669464,
            0.00008497253293171525,
            0.9998615384101868
          ]
        },
        {
          "action_values_bb": [
            0.0,
            0.8106669662793433,
            1.7350730041403621
          ],
          "candidate_probabilities": [
            0.000010583288712950889,
            0.00002921614759543445,
            0.99996018409729
          ],
          "class_index": 142,
          "conditional_hand_mass": 0.009049773810439787,
          "expected_action_loss_bb": 0.00004537036178112278,
          "hand": "AQo",
          "probability_on_actions_losing_over_0_1bb": 0.00003979943630838534,
          "reference_expected_action_loss_bb": 0.00007650725229556399,
          "reference_probabilities": [
            0.00001784469532140065,
            0.00004926991095999256,
            0.9999328255653381
          ]
        },
        {
          "action_values_bb": [
            0.0,
            0.33621787523898666,
            -0.15385282927970842
          ],
          "candidate_probabilities": [
            0.00011896440264536068,
            0.9998003244400024,
            0.00008071058982750401
          ],
          "class_index": 143,
          "conditional_hand_mass": 0.0030165911925363843,
          "expected_action_loss_bb": 0.00007955185430538275,
          "hand": "K2s",
          "probability_on_actions_losing_over_0_1bb": 0.0001996749924728647,
          "reference_expected_action_loss_bb": 0.0001335768160147678,
          "reference_probabilities": [
            0.00020058691734448075,
            0.9996644854545593,
            0.00013495176972355694
          ]
        },
        {
          "action_values_bb": [
            0.0,
            0.5454269715334926,
            -0.1566407433652767
          ],
          "candidate_probabilities": [
            0.00005552321454160847,
            0.9999227523803711,
            0.000021682237274944782
          ],
          "class_index": 144,
          "conditional_hand_mass": 0.0030165911925363843,
          "expected_action_loss_bb": 0.000045506257534747286,
          "hand": "K3s",
          "probability_on_actions_losing_over_0_1bb": 0.00007720545181655325,
          "reference_expected_action_loss_bb": 0.00008242426591012496,
          "reference_probabilities": [
            0.00009361266711493954,
            0.9998617172241211,
            0.00004467573671718128
          ]
        },
        {
          "action_values_bb": [
            0.0,
            0.42462698482532824,
            -0.31707580660170603
          ],
          "candidate_probabilities": [
            0.00014274549903348088,
            0.9997481107711792,
            0.00010911066055996343
          ],
          "class_index": 145,
          "conditional_hand_mass": 0.0030165911925363843,
          "expected_action_loss_bb": 0.00014154127236374627,
          "hand": "K4s",
          "probability_on_actions_losing_over_0_1bb": 0.0002518561595934443,
          "reference_expected_action_loss_bb": 0.00023471660001256683,
          "reference_probabilities": [
            0.00024065205070655793,
            0.9995806813240051,
            0.0001786824141163379
          ]
        },
        {
          "action_values_bb": [
            0.0,
            0.5557645774518761,
            -0.22846173154619737
          ],
          "candidate_probabilities": [
            0.0000793096623965539,
            0.9998719692230225,
            0.00004879614061792381
          ],
          "class_index": 146,
          "conditional_hand_mass": 0.0030165911925363843,
          "expected_action_loss_bb": 0.00008234471825981708,
          "hand": "K5s",
          "probability_on_actions_losing_over_0_1bb": 0.00012810580301447771,
          "reference_expected_action_loss_bb": 0.00017867833803834334,
          "reference_probabilities": [
            0.0001337103167315945,
            0.9997332692146301,
            0.00013308260531630367
          ]
        },
        {
          "action_values_bb": [
            0.0,
            0.1897751139137877,
            0.7202316713298608
          ],
          "candidate_probabilities": [
            0.00001586894904903602,
            0.00007163662667153403,
            0.999912440776825
          ],
          "class_index": 147,
          "conditional_hand_mass": 0.0030165911925363843,
          "expected_action_loss_bb": 0.000049429438064918,
          "hand": "K6s",
          "probability_on_actions_losing_over_0_1bb": 0.00008750557572057005,
          "reference_expected_action_loss_bb": 0.00008331448022471592,
          "reference_probabilities": [
            0.000026754627469927073,
            0.00012073552352376282,
            0.9998525381088257
          ]
        },
        {
          "action_values_bb": [
            0.0,
            0.45389338651458344,
            0.6057529806233498
          ],
          "candidate_probabilities": [
            0.0001031084539135918,
            0.0008201701566576958,
            0.999076783657074
          ],
          "class_index": 148,
          "conditional_hand_mass": 0.0030165911925363843,
          "expected_action_loss_bb": 0.00018700896037578455,
          "hand": "K7s",
          "probability_on_actions_losing_over_0_1bb": 0.0009232786105712876,
          "reference_expected_action_loss_bb": 0.00023037504430878253,
          "reference_probabilities": [
            0.00017384284001309425,
            0.0008235846180468798,
            0.9990025758743286
          ]
        },
        {
          "action_values_bb": [
            0.0,
            0.28005800723943103,
            0.917434380688751
          ],
          "candidate_probabilities": [
            0.00003965758151025511,
            0.00009533858974464238,
            0.9998649954795837
          ],
          "class_index": 149,
          "conditional_hand_mass": 0.0030165911925363843,
          "expected_action_loss_bb": 0.00009714979331368726,
          "hand": "K8s",
          "probability_on_actions_losing_over_0_1bb": 0.0001349961712548975,
          "reference_expected_action_loss_bb": 0.00016378631567443475,
          "reference_probabilities": [
            0.00006685834523523226,
            0.00016073418373707682,
            0.9997724294662476
          ]
        },
        {
          "action_values_bb": [
            0.0,
            0.3355874443711721,
            1.2308713610340452
          ],
          "candidate_probabilities": [
            0.0001268917549168691,
            0.000031892661354504526,
            0.9998412728309631
          ],
          "class_index": 150,
          "conditional_hand_mass": 0.0030165911925363843,
          "expected_action_loss_bb": 0.00018474041384878862,
          "hand": "K9s",
          "probability_on_actions_losing_over_0_1bb": 0.00015878441627137363,
          "reference_expected_action_loss_bb": 0.0003114604699089588,
          "reference_probabilities": [
            0.00021393147471826524,
            0.000053768802899867296,
            0.999732255935669
          ]
        },
        {
          "action_values_bb": [
            0.0,
            0.4540143094358696,
            1.2865361379603126
          ],
          "candidate_probabilities": [
            0.00006345236033666879,
            0.00011912568879779428,
            0.999817430973053
          ],
          "class_index": 151,
          "conditional_hand_mass": 0.0030165911925363843,
          "expected_action_loss_bb": 0.00018080849087417743,
          "hand": "KTs",
          "probability_on_actions_losing_over_0_1bb": 0.00018257804913446307,
          "reference_expected_action_loss_bb": 0.0003048401788291395,
          "reference_probabilities": [
            0.00010697955440264195,
            0.00020084412244614214,
            0.9996922016143799
          ]
        },
        {
          "action_values_bb": [
            0.0,
            0.5996645525147832,
            1.6089245437245885
          ],
          "candidate_probabilities": [
            0.0001506717671873048,
            0.00005564777529798448,
            0.9997937083244324
          ],
          "class_index": 152,
          "conditional_hand_mass": 0.0030165911925363843,
          "expected_action_loss_bb": 0.00029858257748210086,
          "hand": "KJs",
          "probability_on_actions_losing_over_0_1bb": 0.00020631954248528928,
          "reference_expected_action_loss_bb": 0.0005033834377699134,
          "reference_probabilities": [
            0.00025401057791896164,
            0.00009383071301272139,
            0.9996521472930908
          ]
        },
        {
          "action_values_bb": [
            0.0,
            0.7492260523255757,
            1.8904596285453494
          ],
          "candidate_probabilities": [
            0.00008723785867914557,
            0.000142866323585622,
            0.9997698664665222
          ],
          "class_index": 153,
          "conditional_hand_mass": 0.0030165911925363843,
          "expected_action_loss_bb": 0.0003279634953006601,
          "hand": "KQs",
          "probability_on_actions_losing_over_0_1bb": 0.0002301041822647676,
          "reference_expected_action_loss_bb": 0.0005529090855093271,
          "reference_probabilities": [
            0.00014707421360071748,
            0.00024085448239929974,
            0.9996120929718018
          ]
        },
        {
          "action_values_bb": [
            0.0,
            2.4043263136695874,
            4.6987902417959235
          ],
          "candidate_probabilities": [
            0.00001586984762980137,
            0.00005292627974995412,
            0.9999311566352844
          ],
          "class_index": 154,
          "conditional_hand_mass": 0.0045248869052198935,
          "expected_action_loss_bb": 0.00019600652491789196,
          "hand": "KK",
          "probability_on_actions_losing_over_0_1bb": 0.00006879612737975549,
          "reference_expected_action_loss_bb": 0.0003304736764272644,
          "reference_probabilities": [
            0.000026757143132272176,
            0.00008923542918637395,
            0.9998839497566223
          ]
        },
        {
          "action_values_bb": [
            0.0,
            0.7727894071818977,
            2.0732521701864575
          ],
          "candidate_probabilities": [
            0.00003702238973346539,
            5.404039711720543e-6,
            0.9999576210975647
          ],
          "class_index": 155,
          "conditional_hand_mass": 0.009049773810439787,
          "expected_action_loss_bb": 0.00008378450227528641,
          "hand": "AKo",
          "probability_on_actions_losing_over_0_1bb": 0.00004242642944518593,
          "reference_expected_action_loss_bb": 0.00014125891573291596,
          "reference_probabilities": [
            0.00006242506060516462,
            9.101393516175449e-6,
            0.9999285340309143
          ]
        },
        {
          "action_values_bb": [
            0.0,
            0.5677828108104644,
            -0.06403395810672703
          ],
          "candidate_probabilities": [
            0.00004759354123962112,
            0.999937117099762,
            0.000015283896573237143
          ],
          "class_index": 156,
          "conditional_hand_mass": 0.0030165911925363843,
          "expected_action_loss_bb": 0.00003667941677082306,
          "hand": "A2s",
          "probability_on_actions_losing_over_0_1bb": 0.00006287743781285826,
          "reference_expected_action_loss_bb": 0.000059652714355337894,
          "reference_probabilities": [
            0.00008024446287890896,
            0.9998974204063416,
            0.000022302807337837294
          ]
        },
        {
          "action_values_bb": [
            0.0,
            0.293796579632214,
            0.8344115192530823
          ],
          "candidate_probabilities": [
            0.0001348187361145392,
            0.9997438788414001,
            0.0001213295545312576
          ],
          "class_index": 157,
          "conditional_hand_mass": 0.0030165911925363843,
          "expected_action_loss_bb": 0.5405889710026014,
          "hand": "A3s",
          "probability_on_actions_losing_over_0_1bb": 0.9998786975775147,
          "reference_expected_action_loss_bb": 0.0002845257757981497,
          "reference_probabilities": [
            0.0002272920828545466,
            0.0001754865370457992,
            0.9995971918106079
          ]
        },
        {
          "action_values_bb": [
            0.0,
            0.2889977724999521,
            0.8786330986226634
          ],
          "candidate_probabilities": [
            0.00007138126238714904,
            0.0001277780393138528,
            0.9998008012771606
          ],
          "class_index": 158,
          "conditional_hand_mass": 0.0030165911925363843,
          "expected_action_loss_bb": 0.00013806038563696232,
          "hand": "A4s",
          "probability_on_actions_losing_over_0_1bb": 0.00019915930170100182,
          "reference_expected_action_loss_bb": 0.00023205426691402684,
          "reference_probabilities": [
            0.00012034558312734589,
            0.0002142250450560823,
            0.9996654391288757
          ]
        },
        {
          "action_values_bb": [
            0.0,
            0.38651652058189334,
            1.0309161092204435
          ],
          "candidate_probabilities": [
            7.938654562167358e-6,
            0.00006361871783155948,
            0.9999284744262695
          ],
          "class_index": 159,
          "conditional_hand_mass": 0.0030165911925363843,
          "expected_action_loss_bb": 0.000049179962474043625,
          "hand": "A5s",
          "probability_on_actions_losing_over_0_1bb": 0.00007155737239372684,
          "reference_expected_action_loss_bb": 0.00008291845591864727,
          "reference_probabilities": [
            0.000013384580597630702,
            0.00010726275650085881,
            0.9998793601989746
          ]
        },
        {
          "action_values_bb": [
            0.0,
            0.3844565840891513,
            1.0207661834244999
          ],
          "candidate_probabilities": [
            0.00009516553109278902,
            0.0001508410059614107,
            0.9997539520263672
          ],
          "class_index": 160,
          "conditional_hand_mass": 0.0030165911925363843,
          "expected_action_loss_bb": 0.000193123336033798,
          "hand": "A6s",
          "probability_on_actions_losing_over_0_1bb": 0.0002460065370541997,
          "reference_expected_action_loss_bb": 0.0003255815538850907,
          "reference_probabilities": [
            0.00016043688810896128,
            0.0002542991715017706,
            0.9995852708816528
          ]
        },
        {
          "action_values_bb": [
            0.0,
            0.45174277645732797,
            1.1017402842381554
          ],
          "candidate_probabilities": [
            0.000031728417525300756,
            0.0000874002871569246,
            0.9998809099197388
          ],
          "class_index": 161,
          "conditional_hand_mass": 0.0030165911925363843,
          "expected_action_loss_bb": 0.00009176644457408138,
          "hand": "A7s",
          "probability_on_actions_losing_over_0_1bb": 0.00011912870468222536,
          "reference_expected_action_loss_bb": 0.00015471241625301528,
          "reference_probabilities": [
            0.00005349150887923315,
            0.0001473523589083925,
            0.9997991323471069
          ]
        },
        {
          "action_values_bb": [
            0.0,
            0.4445162349266375,
            1.3911975712895754
          ],
          "candidate_probabilities": [
            0.00011896438809344545,
            0.000023956119548529387,
            0.9998570084571838
          ],
          "class_index": 162,
          "conditional_hand_mass": 0.0030165911925363843,
          "expected_action_loss_bb": 0.0001881817790538239,
          "hand": "A8s",
          "probability_on_actions_losing_over_0_1bb": 0.00014292050764197484,
          "reference_expected_action_loss_bb": 0.00031726859615322824,
          "reference_probabilities": [
            0.0002005696587730199,
            0.000040390121284872293,
            0.9997590184211731
          ]
        },
        {
          "action_values_bb": [
            0.0,
            0.442575433215865,
            1.4982810393231951
          ],
          "candidate_probabilities": [
            0.000055523207265650854,
            0.00011117934627691284,
            0.9998332858085632
          ],
          "class_index": 163,
          "conditional_hand_mass": 0.0030165911925363843,
          "expected_action_loss_bb": 0.00020056202783642153,
          "hand": "A9s",
          "probability_on_actions_losing_over_0_1bb": 0.0001667025535425637,
          "reference_expected_action_loss_bb": 0.0003381737993188421,
          "reference_probabilities": [
            0.00009361265256302431,
            0.00018747246940620244,
            0.9997189044952393
          ]
        },
        {
          "action_values_bb": [
            0.0,
            0.619839718642239,
            1.7113117618663347
          ],
          "candidate_probabilities": [
            0.00014274558634497225,
            0.00004772303509525955,
            0.9998095631599426
          ],
          "class_index": 164,
          "conditional_hand_mass": 0.0030165911925363843,
          "expected_action_loss_bb": 0.00029637055949093563,
          "hand": "ATs",
          "probability_on_actions_losing_over_0_1bb": 0.0001904686214402318,
          "reference_expected_action_loss_bb": 0.000499637302403478,
          "reference_probabilities": [
            0.00024065206525847316,
            0.00008044786227401346,
            0.999678909778595
          ]
        },
        {
          "action_values_bb": [
            0.0,
            0.638021072178765,
            1.6631400337347384
          ],
          "candidate_probabilities": [
            0.00007930968422442675,
            0.0001349460071651265,
            0.9997857213020325
          ],
          "class_index": 165,
          "conditional_hand_mass": 0.0030165911925363843,
          "expected_action_loss_bb": 0.000270238821627744,
          "hand": "AJs",
          "probability_on_actions_losing_over_0_1bb": 0.00021425569138955325,
          "reference_expected_action_loss_bb": 0.0004556220055705204,
          "reference_probabilities": [
            0.0001337103603873402,
            0.0002275276929140091,
            0.9996387958526611
          ]
        },
        {
          "action_values_bb": [
            0.0,
            1.0505778930995182,
            2.1930053503363527
          ],
          "candidate_probabilities": [
            0.000015868950868025422,
            0.0000714700436219573,
            0.999912679195404
          ],
          "class_index": 166,
          "conditional_hand_mass": 0.0030165911925363843,
          "expected_action_loss_bb": 0.00011645003436144278,
          "hand": "AQs",
          "probability_on_actions_losing_over_0_1bb": 0.00008733899448998272,
          "reference_expected_action_loss_bb": 0.00019633493556435238,
          "reference_probabilities": [
            0.000026754627469927073,
            0.00012049946235492826,
            0.99985271692276
          ]
        },
        {
          "action_values_bb": [
            0.0,
            1.0990349784637246,
            2.4923552201337333
          ],
          "candidate_probabilities": [
            0.00010310843936167657,
            8.008451004570816e-6,
            0.9998889565467834
          ],
          "class_index": 167,
          "conditional_hand_mass": 0.0030165911925363843,
          "expected_action_loss_bb": 0.00026814119397200817,
          "hand": "AKs",
          "probability_on_actions_losing_over_0_1bb": 0.00011111689036624739,
          "reference_expected_action_loss_bb": 0.00045209012379691764,
          "reference_probabilities": [
            0.0001738428109092638,
            0.000013501624380296562,
            0.999812662601471
          ]
        },
        {
          "action_values_bb": [
            0.0,
            2.6034622996529593,
            5.402156034079849
          ],
          "candidate_probabilities": [
            0.000026443560273037292,
            0.00006349677278194577,
            0.9999100565910339
          ],
          "class_index": 168,
          "conditional_hand_mass": 0.0045248869052198935,
          "expected_action_loss_bb": 0.000320560258832702,
          "hand": "AA",
          "probability_on_actions_losing_over_0_1bb": 0.00008994033305498306,
          "reference_expected_action_loss_bb": 0.0005404639538280232,
          "reference_probabilities": [
            0.00004458386683836579,
            0.00010705528256949037,
            0.9998483657836914
          ]
        }
      ],
      "joint_reach_independent_model": 0.4000000208616259,
      "opponent_mass": 0.4000000059604645,
      "passes_local_tail_gate": false,
      "path": [
        1
      ],
      "position": "BTN",
      "reference_weighted_action_loss_bb": 0.00011671327037201168,
      "scope": "One-action deviation followed by reference play, same reference arriving ranges; excludes physical-deal validation",
      "status": "evaluated",
      "weighted_action_loss_bb": 0.007775207854255837,
      "weighted_excess_action_loss_bb": 0.007658494583883826,
      "worst_relevant_probability_on_strongly_inferior_actions": 0.999975731880113
    },
    {
      "actions": [
        {
          "kind": "fold",
          "label": "Fold",
          "to": 0.0
        },
        {
          "kind": "call",
          "label": "Call 2.5",
          "to": 2.5
        },
        {
          "kind": "raise",
          "label": "3-bet 6.2",
          "to": 6.25
        }
      ],
      "actor": 1,
      "actor_mass": 1.000000037252903,
      "forced_or_frozen": false,
      "hands": [
        {
          "action_values_bb": [
            0.0,
            -0.3514731623012846,
            0.6417794429990732
          ],
          "candidate_probabilities": [
            0.00008460418757749721,
            0.000021157014998607337,
            0.9998942613601685
          ],
          "class_index": 0,
          "conditional_hand_mass": 0.0045248869052198935,
          "expected_action_loss_bb": 0.00007531148864662075,
          "hand": "22",
          "probability_on_actions_losing_over_0_1bb": 0.00010576120257610455,
          "reference_expected_action_loss_bb": 0.0001269774683470008,
          "reference_probabilities": [
            0.0001426452217856422,
            0.000035671386285685,
            0.9998217225074768
          ]
        },
        {
          "action_values_bb": [
            0.0,
            -1.6663735856656197,
            -1.691669498508133
          ],
          "candidate_probabilities": [
            0.9999524354934692,
            0.00003966617077821866,
            7.939617717056535e-6
          ],
          "class_index": 1,
          "conditional_hand_mass": 0.009049773810439787,
          "expected_action_loss_bb": 0.00007952986835108436,
          "hand": "32o",
          "probability_on_actions_losing_over_0_1bb": 0.00004760578849527519,
          "reference_expected_action_loss_bb": 0.00013409861379488382,
          "reference_probabilities": [
            0.9999197721481323,
            0.00006688277790090069,
            0.00001338731908617774
          ]
        },
        {
          "action_values_bb": [
            0.0,
            -1.6626374175751595,
            -1.5771600369042154
          ],
          "candidate_probabilities": [
            0.9999444484710693,
            0.000018514452676754445,
            0.00003702093454194255
          ],
          "class_index": 2,
          "conditional_hand_mass": 0.009049773810439787,
          "expected_action_loss_bb": 0.00008917076027469516,
          "hand": "42o",
          "probability_on_actions_losing_over_0_1bb": 0.000055535387218696997,
          "reference_expected_action_loss_bb": 0.00015035065654823187,
          "reference_probabilities": [
            0.9999063611030579,
            0.000031217194191413,
            0.00006242092058528215
          ]
        },
        {
          "action_values_bb": [
            0.0,
            -1.5351459155209972,
            -1.432448306196208
          ],
          "candidate_probabilities": [
            0.9999364614486694,
            0.00004759669172926806,
            0.00001587089354870841
          ],
          "class_index": 3,
          "conditional_hand_mass": 0.009049773810439787,
          "expected_action_loss_bb": 0.00009580210148216558,
          "hand": "52o",
          "probability_on_actions_losing_over_0_1bb": 0.00006346758527797647,
          "reference_expected_action_loss_bb": 0.0001615332258215739,
          "reference_probabilities": [
            0.9998930096626282,
            0.00008025342685868964,
            0.000026760131731862202
          ]
        },
        {
          "action_values_bb": [
            0.0,
            -1.6198926922694938,
            -1.5837973120242759
          ],
          "candidate_probabilities": [
            0.9999286532402039,
            0.000026446505216881633,
            0.00004495348912314512
          ],
          "class_index": 4,
          "conditional_hand_mass": 0.009049773810439787,
          "expected_action_loss_bb": 0.00011403771577624336,
          "hand": "62o",
          "probability_on_actions_losing_over_0_1bb": 0.00007139999434002675,
          "reference_expected_action_loss_bb": 0.00019228220951526804,
          "reference_probabilities": [
            0.9998795986175537,
            0.00004459220508579165,
            0.00007579733937745914
          ]
        },
        {
          "action_values_bb": [
            0.0,
            -1.6218110677330038,
            -1.6565105072183832
          ],
          "candidate_probabilities": [
            0.9999709129333496,
            5.29575618202216e-6,
            0.000023802958821761422
          ],
          "class_index": 5,
          "conditional_hand_mass": 0.009049773810439787,
          "expected_action_loss_bb": 0.00004801856737915332,
          "hand": "72o",
          "probability_on_actions_losing_over_0_1bb": 0.000029098715003783582,
          "reference_expected_action_loss_bb": 0.00008096623543320116,
          "reference_probabilities": [
            0.9999509453773499,
            8.929407158575486e-6,
            0.00004013522629975341
          ]
        },
        {
          "action_values_bb": [
            0.0,
            -1.480367608660942,
            -1.5544332332248505
          ],
          "candidate_probabilities": [
            0.9999629259109497,
            0.00003437897248659283,
            2.65189737547189e-6
          ],
          "class_index": 6,
          "conditional_hand_mass": 0.009049773810439787,
          "expected_action_loss_bb": 0.00005501571469973301,
          "hand": "82o",
          "probability_on_actions_losing_over_0_1bb": 0.00003703086986206472,
          "reference_expected_action_loss_bb": 0.00009276532287963748,
          "reference_probabilities": [
            0.9999376535415649,
            0.00005796846380690113,
            4.47152478955104e-6
          ]
        },
        {
          "action_values_bb": [
            0.0,
            -1.3851895721973542,
            -1.2457915209860873
          ],
          "candidate_probabilities": [
            0.9999550580978394,
            0.000013227096133050509,
            0.000031733849027659744
          ],
          "class_index": 7,
          "conditional_hand_mass": 0.009049773810439787,
          "expected_action_loss_bb": 0.000057855795680864614,
          "hand": "92o",
          "probability_on_actions_losing_over_0_1bb": 0.00004496094516071025,
          "reference_expected_action_loss_bb": 0.00009755160282589408,
          "reference_probabilities": [
            0.9999241828918457,
            0.000022302421712083742,
            0.00005350696301320568
          ]
        },
        {
          "action_values_bb": [
            0.0,
            -1.325622479235791,
            -1.1232461612932956
          ],
          "candidate_probabilities": [
            0.9999470710754395,
            0.00004230971899232827,
            0.000010583397852315102
          ],
          "class_index": 8,
          "conditional_hand_mass": 0.009049773810439787,
          "expected_action_loss_bb": 0.00006797447559743247,
          "hand": "T2o",
          "probability_on_actions_losing_over_0_1bb": 0.00005289311684464337,
          "reference_expected_action_loss_bb": 0.00011461395991681369,
          "reference_probabilities": [
            0.9999108910560608,
            0.00007133978215279058,
            0.000017845011825556867
          ]
        },
        {
          "action_values_bb": [
            0.0,
            -1.1632092123745499,
            -0.8331183219981444
          ],
          "candidate_probabilities": [
            0.9999391436576843,
            0.00002115913048328366,
            0.00003968330565840006
          ],
          "class_index": 9,
          "conditional_hand_mass": 0.009049773810439787,
          "expected_action_loss_bb": 0.00005767338452545644,
          "hand": "J2o",
          "probability_on_actions_losing_over_0_1bb": 0.00006084243614168372,
          "reference_expected_action_loss_bb": 0.00009724726897061463,
          "reference_probabilities": [
            0.9998974204063416,
            0.00003567742169252597,
            0.00006691362068522722
          ]
        },
        {
          "action_values_bb": [
            0.0,
            -0.7714241628136611,
            -0.34575506529576977
          ],
          "candidate_probabilities": [
            0.9999311566352844,
            0.00005024015626986511,
            0.000018600036128191277
          ],
          "class_index": 10,
          "conditional_hand_mass": 0.009049773810439787,
          "expected_action_loss_bb": 0.00004518752719611465,
          "hand": "Q2o",
          "probability_on_actions_losing_over_0_1bb": 0.00006884019239805639,
          "reference_expected_action_loss_bb": 0.00007618316785136028,
          "reference_probabilities": [
            0.9998839497566223,
            0.00008471014007227495,
            0.00003133929203613661
          ]
        },
        {
          "action_values_bb": [
            0.0,
            -0.4282530333362068,
            0.06910486975155965
          ],
          "candidate_probabilities": [
            0.000010583286893961485,
            0.000029090158932376653,
            0.9999603033065796
          ],
          "class_index": 11,
          "conditional_hand_mass": 0.009049773810439787,
          "expected_action_loss_bb": 0.000015199577109447309,
          "hand": "K2o",
          "probability_on_actions_losing_over_0_1bb": 0.000029090158932376653,
          "reference_expected_action_loss_bb": 0.000025628932940523804,
          "reference_probabilities": [
            0.00001785375934559852,
            0.00004904948946204968,
            0.999933123588562
          ]
        },
        {
          "action_values_bb": [
            0.0,
            -0.2115350185105947,
            0.6793864715190757
          ],
          "candidate_probabilities": [
            0.00003966597068938427,
            7.939577699289657e-6,
            0.9999523758888245
          ],
          "class_index": 12,
          "conditional_hand_mass": 0.009049773810439787,
          "expected_action_loss_bb": 0.00003402206426009734,
          "hand": "A2o",
          "probability_on_actions_losing_over_0_1bb": 0.000047605548388673924,
          "reference_expected_action_loss_bb": 0.000057365805579361435,
          "reference_probabilities": [
            0.00006688219582429156,
            0.000013387202670855913,
            0.9999197721481323
          ]
        },
        {
          "action_values_bb": [
            0.0,
            -1.4304578091135947,
            -1.1756066802798706
          ],
          "candidate_probabilities": [
            0.9998730421066284,
            0.00011103833821834996,
            0.000015869454728090204
          ],
          "class_index": 13,
          "conditional_hand_mass": 0.0030165911925363843,
          "expected_action_loss_bb": 0.00017749189500617703,
          "hand": "32s",
          "probability_on_actions_losing_over_0_1bb": 0.00012690779294644017,
          "reference_expected_action_loss_bb": 0.00029925300284470454,
          "reference_probabilities": [
            0.9997860193252563,
            0.00018721168453339487,
            0.000026756046281661838
          ]
        },
        {
          "action_values_bb": [
            0.0,
            -0.25580484038882195,
            0.9868664892484771
          ],
          "candidate_probabilities": [
            0.00009517565194983035,
            0.000031730494811199605,
            0.9998731017112732
          ],
          "class_index": 14,
          "conditional_hand_mass": 0.0045248869052198935,
          "expected_action_loss_bb": 0.00013335623767874688,
          "hand": "33",
          "probability_on_actions_losing_over_0_1bb": 0.00012690614676102996,
          "reference_expected_action_loss_bb": 0.00022483787915667612,
          "reference_probabilities": [
            0.00016046561358962208,
            0.000053497446060646325,
            0.9997860193252563
          ]
        },
        {
          "action_values_bb": [
            0.0,
            -1.5167325509081402,
            -1.3680720125426051
          ],
          "candidate_probabilities": [
            0.9999418258666992,
            0.00004495325265452266,
            0.000013227170711616054
          ],
          "class_index": 15,
          "conditional_hand_mass": 0.009049773810439787,
          "expected_action_loss_bb": 0.00008627778362599745,
          "hand": "43o",
          "probability_on_actions_losing_over_0_1bb": 0.00005818042336613871,
          "reference_expected_action_loss_bb": 0.00014547492838923903,
          "reference_probabilities": [
            0.9999018311500549,
            0.00007579669909318909,
            0.000022302632714854553
          ]
        },
        {
          "action_values_bb": [
            0.0,
            -1.3249012630447556,
            -1.1192123425124236
          ],
          "candidate_probabilities": [
            0.9999338388442993,
            0.000023802838768460788,
            0.00004230995546095073
          ],
          "class_index": 16,
          "conditional_hand_mass": 0.009049773810439787,
          "expected_action_loss_bb": 0.00007889023551143135,
          "hand": "53o",
          "probability_on_actions_losing_over_0_1bb": 0.00006611279422941152,
          "reference_expected_action_loss_bb": 0.00013301990689555993,
          "reference_probabilities": [
            0.9998885989189148,
            0.00004013489160570316,
            0.00007134047336876392
          ]
        },
        {
          "action_values_bb": [
            0.0,
            -1.3550624049445628,
            -1.181658488785349
          ],
          "candidate_probabilities": [
            0.9999761581420898,
            2.6518841877987143e-6,
            0.00002115925781254191
          ],
          "class_index": 17,
          "conditional_hand_mass": 0.009049773810439787,
          "expected_action_loss_bb": 0.000028596485175740846,
          "hand": "63o",
          "probability_on_actions_losing_over_0_1bb": 0.000023811142000340624,
          "reference_expected_action_loss_bb": 0.000048218044943302015,
          "reference_probabilities": [
            0.9999598860740662,
            4.471482952794759e-6,
            0.00003567774183466099
          ]
        },
        {
          "action_values_bb": [
            0.0,
            -1.438700088281928,
            -1.3655638491278312
          ],
          "candidate_probabilities": [
            0.9999180436134338,
            0.00003173369259457104,
            0.00005024042911827564
          ],
          "class_index": 18,
          "conditional_hand_mass": 0.009049773810439787,
          "expected_action_loss_bb": 0.00011426178010590739,
          "hand": "73o",
          "probability_on_actions_losing_over_0_1bb": 0.00008197412171284668,
          "reference_expected_action_loss_bb": 0.0001926579360208983,
          "reference_probabilities": [
            0.9998618364334106,
            0.00005350650098989718,
            0.00008471088949590921
          ]
        },
        {
          "action_values_bb": [
            0.0,
            -1.431945839048239,
            -1.3184603852263035
          ],
          "candidate_probabilities": [
            0.9999603033065796,
            0.000010583337825664785,
            0.000029090298994560726
          ],
          "class_index": 19,
          "conditional_hand_mass": 0.009049773810439787,
          "expected_action_loss_bb": 0.00005350917338141941,
          "hand": "83o",
          "probability_on_actions_losing_over_0_1bb": 0.00003967363682022551,
          "reference_expected_action_loss_bb": 0.00009022323598021209,
          "reference_probabilities": [
            0.999933123588562,
            0.000017844851754489355,
            0.000049049918743548915
          ]
        },
        {
          "action_values_bb": [
            0.0,
            -1.320250014659017,
            -1.138633323630194
          ],
          "candidate_probabilities": [
            0.9999524354934692,
            0.00003966617077821866,
            7.939617717056535e-6
          ],
          "class_index": 20,
          "conditional_hand_mass": 0.009049773810439787,
          "expected_action_loss_bb": 0.00006140957586093551,
          "hand": "93o",
          "probability_on_actions_losing_over_0_1bb": 0.00004760578849527519,
          "reference_expected_action_loss_bb": 0.00010354523612969242,
          "reference_probabilities": [
            0.9999197721481323,
            0.00006688277790090069,
            0.00001338731908617774
          ]
        },
        {
          "action_values_bb": [
            0.0,
            -1.1647486513145469,
            -0.8543428651341369
          ],
          "candidate_probabilities": [
            0.9999444484710693,
            0.000018514452676754445,
            0.000037028559745522216
          ],
          "class_index": 21,
          "conditional_hand_mass": 0.009049773810439787,
          "expected_action_loss_bb": 0.00005319976960985676,
          "hand": "T3o",
          "probability_on_actions_losing_over_0_1bb": 0.00005554301242227666,
          "reference_expected_action_loss_bb": 0.00008970797496798594,
          "reference_probabilities": [
            0.9999063611030579,
            0.000031217194191413,
            0.00006244306860025972
          ]
        },
        {
          "action_values_bb": [
            0.0,
            -1.0760124612448743,
            -0.6629995157867742
          ],
          "candidate_probabilities": [
            0.9999364614486694,
            0.00004759669172926806,
            0.000015906545741017908
          ],
          "class_index": 22,
          "conditional_hand_mass": 0.009049773810439787,
          "expected_action_loss_bb": 0.00006176066553885832,
          "hand": "J3o",
          "probability_on_actions_losing_over_0_1bb": 0.00006350323747028597,
          "reference_expected_action_loss_bb": 0.00010413075834150412,
          "reference_probabilities": [
            0.9998928904533386,
            0.00008025341958273202,
            0.000026813109798240475
          ]
        },
        {
          "action_values_bb": [
            0.0,
            -0.6822489100359542,
            -0.20959593043333397
          ],
          "candidate_probabilities": [
            0.9999284744262695,
            0.00002644650339789223,
            0.00004506316690822132
          ],
          "class_index": 23,
          "conditional_hand_mass": 0.009049773810439787,
          "expected_action_loss_bb": 0.000027488154513875407,
          "hand": "Q3o",
          "probability_on_actions_losing_over_0_1bb": 0.00007150967030611355,
          "reference_expected_action_loss_bb": 0.000046361492013539914,
          "reference_probabilities": [
            0.9998794198036194,
            0.00004459220508579165,
            0.00007604397978866473
          ]
        },
        {
          "action_values_bb": [
            0.0,
            -0.4175976601600996,
            0.14567070423557305
          ],
          "candidate_probabilities": [
            0.00003702238609548658,
            5.295755727274809e-6,
            0.9999576807022095
          ],
          "class_index": 24,
          "conditional_hand_mass": 0.009049773810439787,
          "expected_action_loss_bb": 8.376008721751915e-6,
          "hand": "K3o",
          "probability_on_actions_losing_over_0_1bb": 0.00004231814182276139,
          "reference_expected_action_loss_bb": 0.000014123152508773834,
          "reference_probabilities": [
            0.000062425053329207,
            8.929404430091381e-6,
            0.9999285936355591
          ]
        },
        {
          "action_values_bb": [
            0.0,
            -0.17205627378737517,
            0.8414696776647914
          ],
          "candidate_probabilities": [
            0.00001587151018611621,
            0.00003437896157265641,
            0.9999497532844543
          ],
          "class_index": 25,
          "conditional_hand_mass": 0.009049773810439787,
          "expected_action_loss_bb": 0.00004819936429822872,
          "hand": "A3o",
          "probability_on_actions_losing_over_0_1bb": 0.00005025047175877262,
          "reference_expected_action_loss_bb": 0.00008127184562280369,
          "reference_probabilities": [
            0.00002676191070349887,
            0.00005796843106509186,
            0.9999152421951294
          ]
        },
        {
          "action_values_bb": [
            0.0,
            -1.3091550572342416,
            -1.029952451140397
          ],
          "candidate_probabilities": [
            0.9998652338981628,
            0.000039658218156546354,
            0.00009516857971902937
          ],
          "class_index": 26,
          "conditional_hand_mass": 0.0030165911925363843,
          "expected_action_loss_bb": 0.00014993786881370606,
          "hand": "42s",
          "probability_on_actions_losing_over_0_1bb": 0.00013482679787557572,
          "reference_expected_action_loss_bb": 0.0002527814929725767,
          "reference_probabilities": [
            0.9997726678848267,
            0.00006686013512080535,
            0.00016044547373894602
          ]
        },
        {
          "action_values_bb": [
            0.0,
            -1.1749803844842257,
            -0.5712231163498295
          ],
          "candidate_probabilities": [
            0.9998412728309631,
            0.0001268937048735097,
            0.00003173781806253828
          ],
          "class_index": 27,
          "conditional_hand_mass": 0.0030165911925363843,
          "expected_action_loss_bb": 0.00016722698948073132,
          "hand": "43s",
          "probability_on_actions_losing_over_0_1bb": 0.00015863152293604799,
          "reference_expected_action_loss_bb": 0.0002819397996351563,
          "reference_probabilities": [
            0.9997325539588928,
            0.0002139372081728652,
            0.00005351284926291555
          ]
        },
        {
          "action_values_bb": [
            0.0,
            -0.019282810102659313,
            1.362232545580975
          ],
          "candidate_probabilities": [
            5.295433766150381e-6,
            0.00004230759441270493,
            0.9999523758888245
          ],
          "class_index": 28,
          "conditional_hand_mass": 0.0045248869052198935,
          "expected_action_loss_bb": 0.00006566220356240548,
          "hand": "44",
          "probability_on_actions_losing_over_0_1bb": 0.00004760302817885531,
          "reference_expected_action_loss_bb": 0.00011071137554375087,
          "reference_probabilities": [
            8.928493116400205e-6,
            0.00007133376493584365,
            0.9999197721481323
          ]
        },
        {
          "action_values_bb": [
            0.0,
            -1.166563910744132,
            -0.8551110199822334
          ],
          "candidate_probabilities": [
            0.999931275844574,
            0.00005024015626986511,
            0.00001851454726420343
          ],
          "class_index": 29,
          "conditional_hand_mass": 0.009049773810439787,
          "expected_action_loss_bb": 0.00007444034657017242,
          "hand": "54o",
          "probability_on_actions_losing_over_0_1bb": 0.00006875470353406854,
          "reference_expected_action_loss_bb": 0.00012551420396282687,
          "reference_probabilities": [
            0.9998841285705566,
            0.00008471014734823257,
            0.00003121747067780234
          ]
        },
        {
          "action_values_bb": [
            0.0,
            -1.1485922165424791,
            -0.9522111571995742
          ],
          "candidate_probabilities": [
            0.9999232888221741,
            0.000029090166208334267,
            0.00004759695366374217
          ],
          "class_index": 30,
          "conditional_hand_mass": 0.009049773810439787,
          "expected_action_loss_bb": 0.00007873508881214622,
          "hand": "64o",
          "probability_on_actions_losing_over_0_1bb": 0.00007668711987207644,
          "reference_expected_action_loss_bb": 0.00013275669096443808,
          "reference_probabilities": [
            0.9998706579208374,
            0.00004904947491013445,
            0.00008025409624679014
          ]
        },
        {
          "action_values_bb": [
            0.0,
            -1.3118117852239044,
            -1.1533734030518918
          ],
          "candidate_probabilities": [
            0.9999656677246094,
            7.939575880300254e-6,
            0.0000264466416410869
          ],
          "class_index": 31,
          "conditional_hand_mass": 0.009049773810439787,
          "expected_action_loss_bb": 0.00004091808227833159,
          "hand": "74o",
          "probability_on_actions_losing_over_0_1bb": 0.00003438621752138715,
          "reference_expected_action_loss_bb": 0.00006899343070918289,
          "reference_probabilities": [
            0.9999420642852783,
            0.000013387201761361212,
            0.000044592619815375656
          ]
        },
        {
          "action_values_bb": [
            0.0,
            -1.2654262592579981,
            -0.9852316828782606
          ],
          "candidate_probabilities": [
            0.9999576807022095,
            0.000037022567994426936,
            5.2957816478738096e-6
          ],
          "class_index": 32,
          "conditional_hand_mass": 0.009049773810439787,
          "expected_action_loss_bb": 0.00005206690159040308,
          "hand": "84o",
          "probability_on_actions_losing_over_0_1bb": 0.000042318349642300745,
          "reference_expected_action_loss_bb": 0.00008779263178237604,
          "reference_probabilities": [
            0.9999285936355591,
            0.00006242562085390091,
            8.929485375119839e-6
          ]
        },
        {
          "action_values_bb": [
            0.0,
            -1.3946604520878128,
            -1.1685988132864413
          ],
          "candidate_probabilities": [
            0.9999496936798096,
            0.000015870808056206442,
            0.000034377440897515044
          ],
          "class_index": 33,
          "conditional_hand_mass": 0.009049773810439787,
          "expected_action_loss_bb": 0.00006230782497532864,
          "hand": "94o",
          "probability_on_actions_losing_over_0_1bb": 0.000050248248953721486,
          "reference_expected_action_loss_bb": 0.00010505766079053609,
          "reference_probabilities": [
            0.9999153017997742,
            0.00002675988434930332,
            0.000057964040024671704
          ]
        },
        {
          "action_values_bb": [
            0.0,
            -1.2286943014160647,
            -0.9290854494409941
          ],
          "candidate_probabilities": [
            0.9999418258666992,
            0.00004495325265452266,
            0.000013241447049949784
          ],
          "class_index": 34,
          "conditional_hand_mass": 0.009049773810439787,
          "expected_action_loss_bb": 0.00006753624115038029,
          "hand": "T4o",
          "probability_on_actions_losing_over_0_1bb": 0.00005819469970447244,
          "reference_expected_action_loss_bb": 0.00011386551502430589,
          "reference_probabilities": [
            0.9999018311500549,
            0.00007579669909318909,
            0.00002231715370726306
          ]
        },
        {
          "action_values_bb": [
            0.0,
            -0.9677889053853019,
            -0.6197030749961275
          ],
          "candidate_probabilities": [
            0.9999338388442993,
            0.000023802838768460788,
            0.0000423398450948298
          ],
          "class_index": 35,
          "conditional_hand_mass": 0.009049773810439787,
          "expected_action_loss_bb": 0.000049274255476917226,
          "hand": "J4o",
          "probability_on_actions_losing_over_0_1bb": 0.00006614268386329059,
          "reference_expected_action_loss_bb": 0.00008308899679226577,
          "reference_probabilities": [
            0.9998884797096252,
            0.00004013488796772435,
            0.00007140015804907307
          ]
        },
        {
          "action_values_bb": [
            0.0,
            -0.7639586811667878,
            -0.30207916644097615
          ],
          "candidate_probabilities": [
            0.9999760389328003,
            2.651883960425039e-6,
            0.00002127822517650202
          ],
          "class_index": 36,
          "conditional_hand_mass": 0.009049773810439787,
          "expected_action_loss_bb": 8.453638297674793e-6,
          "hand": "Q4o",
          "probability_on_actions_losing_over_0_1bb": 0.000023930109136927058,
          "reference_expected_action_loss_bb": 0.000014246976742760813,
          "reference_probabilities": [
            0.9999597072601318,
            4.471482043300057e-6,
            0.00003585467129596509
          ]
        },
        {
          "action_values_bb": [
            0.0,
            -0.45830945732728456,
            0.35468764074612197
          ],
          "candidate_probabilities": [
            0.000013227031558926683,
            0.00003173369259457104,
            0.9999550580978394
          ],
          "class_index": 37,
          "conditional_hand_mass": 0.009049773810439787,
          "expected_action_loss_bb": 0.000030490864608250007,
          "hand": "K4o",
          "probability_on_actions_losing_over_0_1bb": 0.00004496072415349772,
          "reference_expected_action_loss_bb": 0.00005141096514783272,
          "reference_probabilities": [
            0.000022302232537185773,
            0.0000535065119038336,
            0.9999241828918457
          ]
        },
        {
          "action_values_bb": [
            0.0,
            -0.1351119930280448,
            0.9173164379996592
          ],
          "candidate_probabilities": [
            0.00004230950435157865,
            0.000010583344192127697,
            0.9999470710754395
          ],
          "class_index": 38,
          "conditional_hand_mass": 0.009049773810439787,
          "expected_action_loss_bb": 0.000049949416148468325,
          "hand": "A4o",
          "probability_on_actions_losing_over_0_1bb": 0.00005289284854370635,
          "reference_expected_action_loss_bb": 0.00008422102260881786,
          "reference_probabilities": [
            0.00007133916369639337,
            0.000017844857211457565,
            0.999910831451416
          ]
        },
        {
          "action_values_bb": [
            0.0,
            -1.2231232788693416,
            -0.7740183059272423
          ],
          "candidate_probabilities": [
            0.9998571276664734,
            0.00011896626529050991,
            0.000023801732822903432
          ],
          "class_index": 39,
          "conditional_hand_mass": 0.0030165911925363843,
          "expected_action_loss_bb": 0.00016393338539468497,
          "hand": "52s",
          "probability_on_actions_losing_over_0_1bb": 0.00014276799811341334,
          "reference_expected_action_loss_bb": 0.0002763860763225819,
          "reference_probabilities": [
            0.999759316444397,
            0.00020057502842973918,
            0.0000401257821067702
          ]
        },
        {
          "action_values_bb": [
            0.0,
            -1.0604295721586112,
            -0.570554091475098
          ],
          "candidate_probabilities": [
            0.9998334646224976,
            0.00005551572030526586,
            0.00011104196164524183
          ],
          "class_index": 40,
          "conditional_hand_mass": 0.0030165911925363843,
          "expected_action_loss_bb": 0.00012222595707350384,
          "hand": "53s",
          "probability_on_actions_losing_over_0_1bb": 0.00016655768195050769,
          "reference_expected_action_loss_bb": 0.0002060507567943828,
          "reference_probabilities": [
            0.9997192621231079,
            0.0000935913558350876,
            0.0001871929707704112
          ]
        },
        {
          "action_values_bb": [
            0.0,
            -0.986276775803018,
            -0.22941391573229558
          ],
          "candidate_probabilities": [
            0.9998095631599426,
            0.00014274784189183265,
            0.00004763393008033745
          ],
          "class_index": 41,
          "conditional_hand_mass": 0.0030165911925363843,
          "expected_action_loss_bb": 0.00015171676767536429,
          "hand": "54s",
          "probability_on_actions_losing_over_0_1bb": 0.0001903817719721701,
          "reference_expected_action_loss_bb": 0.0002557780722277228,
          "reference_probabilities": [
            0.9996790289878845,
            0.00024065851175691932,
            0.00008030101889744401
          ]
        },
        {
          "action_values_bb": [
            0.0,
            0.4995525926418216,
            1.899752439562195
          ],
          "candidate_probabilities": [
            0.000015869849448790774,
            0.000052880866860505193,
            0.999931275844574
          ],
          "class_index": 42,
          "conditional_hand_mass": 0.0045248869052198935,
          "expected_action_loss_bb": 0.00010419256688892104,
          "hand": "55",
          "probability_on_actions_losing_over_0_1bb": 0.00006875071630929597,
          "reference_expected_action_loss_bb": 0.00017567245458994745,
          "reference_probabilities": [
            0.00002675714495126158,
            0.00008915906073525548,
            0.9998840689659119
          ]
        },
        {
          "action_values_bb": [
            0.0,
            -1.021696760927189,
            -0.7247871052505507
          ],
          "candidate_probabilities": [
            0.9999709129333496,
            5.29575618202216e-6,
            0.000023807768229744397
          ],
          "class_index": 43,
          "conditional_hand_mass": 0.009049773810439787,
          "expected_action_loss_bb": 0.000022666220355544646,
          "hand": "65o",
          "probability_on_actions_losing_over_0_1bb": 0.000029103524411766557,
          "reference_expected_action_loss_bb": 0.00003822084909357087,
          "reference_probabilities": [
            0.9999509453773499,
            8.929407158575486e-6,
            0.00004014655132777989
          ]
        },
        {
          "action_values_bb": [
            0.0,
            -1.1168438029759555,
            -0.8491261176895184
          ],
          "candidate_probabilities": [
            0.9999629259109497,
            0.00003437897248659283,
            2.656390051924973e-6
          ],
          "class_index": 44,
          "conditional_hand_mass": 0.009049773810439787,
          "expected_action_loss_bb": 0.00004065155254619219,
          "hand": "75o",
          "probability_on_actions_losing_over_0_1bb": 0.0000370353625385178,
          "reference_expected_action_loss_bb": 0.00006853937415297694,
          "reference_probabilities": [
            0.9999376535415649,
            0.00005796846380690113,
            4.472427008295199e-6
          ]
        },
        {
          "action_values_bb": [
            0.0,
            -1.0981298819462972,
            -0.7852243515070625
          ],
          "candidate_probabilities": [
            0.9999550580978394,
            0.000013227096133050509,
            0.00003174218363710679
          ],
          "class_index": 45,
          "conditional_hand_mass": 0.009049773810439787,
          "expected_action_loss_bb": 0.00003944980507694435,
          "hand": "85o",
          "probability_on_actions_losing_over_0_1bb": 0.0000449692797701573,
          "reference_expected_action_loss_bb": 0.00006652164722571898,
          "reference_probabilities": [
            0.9999241828918457,
            0.00002230242535006255,
            0.000053526979172602296
          ]
        },
        {
          "action_values_bb": [
            0.0,
            -1.1572906947539643,
            -0.7342915127531958
          ],
          "candidate_probabilities": [
            0.9999470710754395,
            0.00004230971899232827,
            0.000010602532711345702
          ],
          "class_index": 46,
          "conditional_hand_mass": 0.009049773810439787,
          "expected_action_loss_bb": 0.000056749993871105865,
          "hand": "95o",
          "probability_on_actions_losing_over_0_1bb": 0.000052912251703673974,
          "reference_expected_action_loss_bb": 0.00009568806791557278,
          "reference_probabilities": [
            0.999910831451416,
            0.00007133977487683296,
            0.00001787738256098237
          ]
        },
        {
          "action_values_bb": [
            0.0,
            -1.0556189558562792,
            -0.6622059544592208
          ],
          "candidate_probabilities": [
            0.9999391436576843,
            0.00002115913048328366,
            0.00003970068064518273
          ],
          "class_index": 47,
          "conditional_hand_mass": 0.009049773810439787,
          "expected_action_loss_bb": 0.00004862600634691461,
          "hand": "T5o",
          "probability_on_actions_losing_over_0_1bb": 0.00006085981112846639,
          "reference_expected_action_loss_bb": 0.0000819850286664328,
          "reference_probabilities": [
            0.999897301197052,
            0.00003567741805454716,
            0.00006693275645375252
          ]
        },
        {
          "action_values_bb": [
            0.0,
            -0.8353483552433796,
            -0.4537425867655488
          ],
          "candidate_probabilities": [
            0.9999311566352844,
            0.00005024015626986511,
            0.000018556836948846467
          ],
          "class_index": 48,
          "conditional_hand_mass": 0.009049773810439787,
          "expected_action_loss_bb": 0.00005038805910655829,
          "hand": "J5o",
          "probability_on_actions_losing_over_0_1bb": 0.00006879699321871158,
          "reference_expected_action_loss_bb": 0.0000849653886979036,
          "reference_probabilities": [
            0.9998840689659119,
            0.00008471014734823257,
            0.0000313016826112289
          ]
        },
        {
          "action_values_bb": [
            0.0,
            -0.4081906317444052,
            0.016624629249801796
          ],
          "candidate_probabilities": [
            0.2973262071609497,
            0.000029114677090547048,
            0.7026447057723999
          ],
          "class_index": 49,
          "conditional_hand_mass": 0.009049773810439787,
          "expected_action_loss_bb": 0.004955306319447535,
          "hand": "Q5o",
          "probability_on_actions_losing_over_0_1bb": 0.000029114677090547048,
          "reference_expected_action_loss_bb": 0.000021249001965500492,
          "reference_probabilities": [
            0.000023301483452087268,
            0.0000491075188620016,
            0.9999275803565979
          ]
        },
        {
          "action_values_bb": [
            0.0,
            -0.2723032754316438,
            0.43681326602677606
          ],
          "candidate_probabilities": [
            0.00003966597068938427,
            7.939577699289657e-6,
            0.9999523758888245
          ],
          "class_index": 50,
          "conditional_hand_mass": 0.009049773810439787,
          "expected_action_loss_bb": 0.00002295670808571299,
          "hand": "K5o",
          "probability_on_actions_losing_over_0_1bb": 0.000047605548388673924,
          "reference_expected_action_loss_bb": 0.00003870811725481147,
          "reference_probabilities": [
            0.00006688219582429156,
            0.000013387202670855913,
            0.9999197721481323
          ]
        },
        {
          "action_values_bb": [
            0.0,
            -0.31425822057935265,
            1.116840375708932
          ],
          "candidate_probabilities": [
            0.000018515282135922462,
            0.00003702259709825739,
            0.9999444484710693
          ],
          "class_index": 51,
          "conditional_hand_mass": 0.009049773810439787,
          "expected_action_loss_bb": 0.0000736616013953034,
          "hand": "A5o",
          "probability_on_actions_losing_over_0_1bb": 0.000055537879234179854,
          "reference_expected_action_loss_bb": 0.0001242045569076114,
          "reference_probabilities": [
            0.00003121956979157403,
            0.0000624256645096466,
            0.9999063611030579
          ]
        },
        {
          "action_values_bb": [
            0.0,
            -1.434637286742966,
            -1.1555523998207986
          ],
          "candidate_probabilities": [
            0.9998493194580078,
            0.000047587138396920636,
            0.00010309618664905429
          ],
          "class_index": 52,
          "conditional_hand_mass": 0.0030165911925363843,
          "expected_action_loss_bb": 0.0001874033290083079,
          "hand": "62s",
          "probability_on_actions_losing_over_0_1bb": 0.00015068332504597493,
          "reference_expected_action_loss_bb": 0.00031593968736065873,
          "reference_probabilities": [
            0.9997459650039673,
            0.00008022623660508543,
            0.00017380790086463094
          ]
        },
        {
          "action_values_bb": [
            0.0,
            -1.1772855195807588,
            -0.6425797843548687
          ],
          "candidate_probabilities": [
            0.9998255968093872,
            0.00013482090434990823,
            0.00003967170414398424
          ],
          "class_index": 53,
          "conditional_hand_mass": 0.0030165911925363843,
          "expected_action_loss_bb": 0.00018421493352176107,
          "hand": "63s",
          "probability_on_actions_losing_over_0_1bb": 0.00017449260849389248,
          "reference_expected_action_loss_bb": 0.0003105691542267051,
          "reference_probabilities": [
            0.9997057914733887,
            0.00022729810734745115,
            0.00006687789573334157
          ]
        },
        {
          "action_values_bb": [
            0.0,
            -0.9159134191883591,
            -0.4534563727161829
          ],
          "candidate_probabilities": [
            0.9998016357421875,
            0.00007138238288462162,
            0.00012692960444837809
          ],
          "class_index": 54,
          "conditional_hand_mass": 0.0030165911925363843,
          "expected_action_loss_bb": 0.00012293712040112778,
          "hand": "64s",
          "probability_on_actions_losing_over_0_1bb": 0.0001983119873329997,
          "reference_expected_action_loss_bb": 0.00020726346457539748,
          "reference_probabilities": [
            0.9996656775474548,
            0.00012034877727273852,
            0.0002139884018106386
          ]
        },
        {
          "action_values_bb": [
            0.0,
            -0.7560670263161209,
            -0.16352804133999285
          ],
          "candidate_probabilities": [
            0.9999284744262695,
            7.938782800920308e-6,
            0.00006365068111335859
          ],
          "class_index": 55,
          "conditional_hand_mass": 0.0030165911925363843,
          "expected_action_loss_bb": 0.000016410923117285385,
          "hand": "65s",
          "probability_on_actions_losing_over_0_1bb": 0.0000715894639142789,
          "reference_expected_action_loss_bb": 0.00002763814436268411,
          "reference_probabilities": [
            0.9998794198036194,
            0.000013384936210059095,
            0.00010712679795688018
          ]
        },
        {
          "action_values_bb": [
            0.0,
            0.5282062213390138,
            2.375462764867205
          ],
          "candidate_probabilities": [
            0.000026443556635058485,
            0.00006345342262648046,
            0.9999100565910339
          ],
          "class_index": 56,
          "conditional_hand_mass": 0.0045248869052198935,
          "expected_action_loss_bb": 0.00018003043431326436,
          "hand": "66",
          "probability_on_actions_losing_over_0_1bb": 0.00008989697926153895,
          "reference_expected_action_loss_bb": 0.00030353150811207456,
          "reference_probabilities": [
            0.00004458386683836579,
            0.00010698253754526377,
            0.999848484992981
          ]
        },
        {
          "action_values_bb": [
            0.0,
            -0.8878318833137768,
            -0.4331138665510138
          ],
          "candidate_probabilities": [
            0.9999603033065796,
            0.000010583339644654188,
            0.000029129752874723636
          ],
          "class_index": 57,
          "conditional_hand_mass": 0.009049773810439787,
          "expected_action_loss_bb": 0.000022012726267709748,
          "hand": "76o",
          "probability_on_actions_losing_over_0_1bb": 0.000039713092519377824,
          "reference_expected_action_loss_bb": 0.00003711272712296158,
          "reference_probabilities": [
            0.999933123588562,
            0.00001784485357347876,
            0.00004910832649329677
          ]
        },
        {
          "action_values_bb": [
            0.0,
            -1.010692998607561,
            -0.46773351031938926
          ],
          "candidate_probabilities": [
            0.9999523758888245,
            0.00003966616714023985,
            7.972409548528958e-6
          ],
          "class_index": 58,
          "conditional_hand_mass": 0.009049773810439787,
          "expected_action_loss_bb": 0.00004381928051407498,
          "hand": "86o",
          "probability_on_actions_losing_over_0_1bb": 0.00004763857668876881,
          "reference_expected_action_loss_bb": 0.00007388944819831788,
          "reference_probabilities": [
            0.9999196529388428,
            0.00006688277790090069,
            0.000013451020095089916
          ]
        },
        {
          "action_values_bb": [
            0.0,
            -0.9637206649225851,
            -0.5000777840602728
          ],
          "candidate_probabilities": [
            0.9999443888664246,
            0.000018514452676754445,
            0.000037065889046061784
          ],
          "class_index": 59,
          "conditional_hand_mass": 0.009049773810439787,
          "expected_action_loss_bb": 0.000036378588302698044,
          "hand": "96o",
          "probability_on_actions_losing_over_0_1bb": 0.00005558034172281623,
          "reference_expected_action_loss_bb": 0.00006133376909818813,
          "reference_probabilities": [
            0.9999063611030579,
            0.00003121719782939181,
            0.00006248849967960268
          ]
        },
        {
          "action_values_bb": [
            0.0,
            -1.0201143321377883,
            -0.5186755505401559
          ],
          "candidate_probabilities": [
            0.9999364614486694,
            0.00004759669172926806,
            0.00001590912143001333
          ],
          "class_index": 60,
          "conditional_hand_mass": 0.009049773810439787,
          "expected_action_loss_bb": 0.00005680573971169284,
          "hand": "T6o",
          "probability_on_actions_losing_over_0_1bb": 0.00006350581315928139,
          "reference_expected_action_loss_bb": 0.0000957847102287092,
          "reference_probabilities": [
            0.9998928904533386,
            0.00008025341958273202,
            0.00002683189268282149
          ]
        },
        {
          "action_values_bb": [
            0.0,
            -0.8232614275327113,
            -0.41004027560293266
          ],
          "candidate_probabilities": [
            0.9999285936355591,
            0.00002644650339789223,
            0.000045007294829702005
          ],
          "class_index": 61,
          "conditional_hand_mass": 0.009049773810439787,
          "expected_action_loss_bb": 0.00004022718971671091,
          "hand": "J6o",
          "probability_on_actions_losing_over_0_1bb": 0.00007145379822759423,
          "reference_expected_action_loss_bb": 0.0000678288641426565,
          "reference_probabilities": [
            0.9998795390129089,
            0.00004459220508579165,
            0.00007588967127958313
          ]
        },
        {
          "action_values_bb": [
            0.0,
            -0.4008585527411319,
            0.09352370957249835
          ],
          "candidate_probabilities": [
            0.00003745025969692506,
            5.295757091516862e-6,
            0.999957263469696
          ],
          "class_index": 62,
          "conditional_hand_mass": 0.009049773810439787,
          "expected_action_loss_bb": 6.120615582877416e-6,
          "hand": "Q6o",
          "probability_on_actions_losing_over_0_1bb": 5.295757091516862e-6,
          "reference_expected_action_loss_bb": 0.000010263677583767159,
          "reference_probabilities": [
            0.000062425053329207,
            8.951484232966322e-6,
            0.9999285936355591
          ]
        },
        {
          "action_values_bb": [
            0.0,
            -0.211302858422654,
            0.6429732495103292
          ],
          "candidate_probabilities": [
            0.00001587151018611621,
            0.00003437896157265641,
            0.9999497532844543
          ],
          "class_index": 63,
          "conditional_hand_mass": 0.009049773810439787,
          "expected_action_loss_bb": 0.000039574081966069936,
          "hand": "K6o",
          "probability_on_actions_losing_over_0_1bb": 0.00005025047175877262,
          "reference_expected_action_loss_bb": 0.00006672823836140204,
          "reference_probabilities": [
            0.00002676191070349887,
            0.00005796843106509186,
            0.9999152421951294
          ]
        },
        {
          "action_values_bb": [
            0.0,
            0.0006288289930100889,
            1.1838874044435113
          ],
          "candidate_probabilities": [
            0.00004495301254792139,
            0.000013227099771029316,
            0.999941885471344
          ],
          "class_index": 64,
          "conditional_hand_mass": 0.009049773810439787,
          "expected_action_loss_bb": 0.00006887038457968504,
          "hand": "A6o",
          "probability_on_actions_losing_over_0_1bb": 0.000058180112318950705,
          "reference_expected_action_loss_bb": 0.00011612347938641266,
          "reference_probabilities": [
            0.00007579600787721574,
            0.000022302428988041356,
            0.9999018311500549
          ]
        },
        {
          "action_values_bb": [
            0.0,
            -1.3654657994886368,
            -1.067538096494405
          ],
          "candidate_probabilities": [
            0.9998413920402527,
            0.00012689371942542493,
            0.0000317294143314939
          ],
          "class_index": 65,
          "conditional_hand_mass": 0.0030165911925363843,
          "expected_action_loss_bb": 0.00020714139262364992,
          "hand": "72s",
          "probability_on_actions_losing_over_0_1bb": 0.00015862313375691883,
          "reference_expected_action_loss_bb": 0.0003492312564274689,
          "reference_probabilities": [
            0.9997326135635376,
            0.00021393722272478044,
            0.00005349438652046956
          ]
        },
        {
          "action_values_bb": [
            0.0,
            -1.0758991379156837,
            -0.6236135494170554
          ],
          "candidate_probabilities": [
            0.9998174905776978,
            0.0000634533425909467,
            0.0001189981194329448
          ],
          "class_index": 66,
          "conditional_hand_mass": 0.0030165911925363843,
          "expected_action_loss_bb": 0.0001424782362250015,
          "hand": "73s",
          "probability_on_actions_losing_over_0_1bb": 0.0001824514620238915,
          "reference_expected_action_loss_bb": 0.0002402021019331135,
          "reference_probabilities": [
            0.999692440032959,
            0.00010698237747419626,
            0.00020060477254446596
          ]
        },
        {
          "action_values_bb": [
            0.0,
            -1.0267656143491624,
            -0.618092035977661
          ],
          "candidate_probabilities": [
            0.9997938275337219,
            0.0001506741245975718,
            0.00005552303991862573
          ],
          "class_index": 67,
          "conditional_hand_mass": 0.0030165911925363843,
          "expected_action_loss_bb": 0.00018902535889592036,
          "hand": "74s",
          "probability_on_actions_losing_over_0_1bb": 0.00020619716451619752,
          "reference_expected_action_loss_bb": 0.00031868434706915506,
          "reference_probabilities": [
            0.9996523857116699,
            0.00025401735911145806,
            0.00009362369019072503
          ]
        },
        {
          "action_values_bb": [
            0.0,
            -0.7313346753815609,
            -0.30901375697532657
          ],
          "candidate_probabilities": [
            0.9997700452804565,
            0.00008723923383513466,
            0.0001427838287781924
          ],
          "class_index": 68,
          "conditional_hand_mass": 0.0030165911925363843,
          "expected_action_loss_bb": 0.00010792324412342528,
          "hand": "75s",
          "probability_on_actions_losing_over_0_1bb": 0.00023002306261332706,
          "reference_expected_action_loss_bb": 0.0001819546572873331,
          "reference_probabilities": [
            0.9996121525764465,
            0.00014707814261782914,
            0.0002407378633506596
          ]
        },
        {
          "action_values_bb": [
            0.0,
            -0.5163064522101514,
            0.08701550644613047
          ],
          "candidate_probabilities": [
            0.0001192392737721093,
            0.00002379926445428282,
            0.9998568892478943
          ],
          "class_index": 69,
          "conditional_hand_mass": 0.0030165911925363843,
          "expected_action_loss_bb": 0.00002473428464068563,
          "hand": "76s",
          "probability_on_actions_losing_over_0_1bb": 0.00002379926445428282,
          "reference_expected_action_loss_bb": 0.000041667946806929685,
          "reference_probabilities": [
            0.00020065194985363632,
            0.0000401247052650433,
            0.9997592568397522
          ]
        },
        {
          "action_values_bb": [
            0.0,
            0.40215063240899696,
            2.6228040065943596
          ],
          "candidate_probabilities": [
            0.0000370203451893758,
            0.00007403271592920646,
            0.9998889565467834
          ],
          "class_index": 70,
          "conditional_hand_mass": 0.0045248869052198935,
          "expected_action_loss_bb": 0.0002614981101164999,
          "hand": "77",
          "probability_on_actions_losing_over_0_1bb": 0.00011105306111858226,
          "reference_expected_action_loss_bb": 0.00044090643689420985,
          "reference_probabilities": [
            0.0000624192034592852,
            0.0001248250191565603,
            0.9998127818107605
          ]
        },
        {
          "action_values_bb": [
            0.0,
            -0.8715626467531525,
            -0.29789691347037384
          ],
          "candidate_probabilities": [
            0.9999496936798096,
            0.00001587081169418525,
            0.00003444920730544254
          ],
          "class_index": 71,
          "conditional_hand_mass": 0.009049773810439787,
          "expected_action_loss_bb": 0.000024094719174097367,
          "hand": "87o",
          "probability_on_actions_losing_over_0_1bb": 0.00005032001899962779,
          "reference_expected_action_loss_bb": 0.00004061718993072393,
          "reference_probabilities": [
            0.9999152421951294,
            0.00002675988434930332,
            0.00005805456021334976
          ]
        },
        {
          "action_values_bb": [
            0.0,
            -0.9755705896679969,
            -0.3734485376857439
          ],
          "candidate_probabilities": [
            0.9999417662620544,
            0.00004495325265452266,
            0.000013278840015118476
          ],
          "class_index": 72,
          "conditional_hand_mass": 0.009049773810439787,
          "expected_action_loss_bb": 0.000048814034585476055,
          "hand": "97o",
          "probability_on_actions_losing_over_0_1bb": 0.000058232092669641133,
          "reference_expected_action_loss_bb": 0.00008230655835475368,
          "reference_probabilities": [
            0.9999017715454102,
            0.00007579669909318909,
            0.000022390040612663142
          ]
        },
        {
          "action_values_bb": [
            0.0,
            -0.7399477699406777,
            -0.27683604096120534
          ],
          "candidate_probabilities": [
            0.9999337792396545,
            0.000023802836949471384,
            0.000042364830733276904
          ],
          "class_index": 73,
          "conditional_hand_mass": 0.009049773810439787,
          "expected_action_loss_bb": 0.00002934096813521489,
          "hand": "T7o",
          "probability_on_actions_losing_over_0_1bb": 0.00006616766768274829,
          "reference_expected_action_loss_bb": 0.00004949518284194436,
          "reference_probabilities": [
            0.9998883605003357,
            0.00004013489524368197,
            0.00007151329191401601
          ]
        },
        {
          "action_values_bb": [
            0.0,
            -0.6710457701825235,
            -0.1831213357579509
          ],
          "candidate_probabilities": [
            0.9999760389328003,
            2.651883960425039e-6,
            0.000021306868802639656
          ],
          "class_index": 74,
          "conditional_hand_mass": 0.009049773810439787,
          "expected_action_loss_bb": 5.681277790616887e-6,
          "hand": "J7o",
          "probability_on_actions_losing_over_0_1bb": 0.000023958752763064695,
          "reference_expected_action_loss_bb": 9.583689361128503e-6,
          "reference_probabilities": [
            0.9999595880508423,
            4.471482043300057e-6,
            0.00003594949885155074
          ]
        },
        {
          "action_values_bb": [
            0.0,
            -0.5754429761254344,
            0.08128023585259563
          ],
          "candidate_probabilities": [
            0.000013227030649431981,
            0.000031768922781338915,
            0.9999549984931946
          ],
          "class_index": 75,
          "conditional_hand_mass": 0.009049773810439787,
          "expected_action_loss_bb": 0.000021938485180858244,
          "hand": "Q7o",
          "probability_on_actions_losing_over_0_1bb": 0.000031768922781338915,
          "reference_expected_action_loss_bb": 0.00003695169907988819,
          "reference_probabilities": [
            0.000022302232537185773,
            0.0000535065119038336,
            0.9999241828918457
          ]
        },
        {
          "action_values_bb": [
            0.0,
            -0.19894243852879945,
            0.7014627650162165
          ],
          "candidate_probabilities": [
            0.00004230950435157865,
            0.000010583344192127697,
            0.9999470710754395
          ],
          "class_index": 76,
          "conditional_hand_mass": 0.009049773810439787,
          "expected_action_loss_bb": 0.00003920784009042371,
          "hand": "K7o",
          "probability_on_actions_losing_over_0_1bb": 0.00005289284854370635,
          "reference_expected_action_loss_bb": 0.00006610936931013078,
          "reference_probabilities": [
            0.00007133916369639337,
            0.000017844857211457565,
            0.999910831451416
          ]
        },
        {
          "action_values_bb": [
            0.0,
            -0.26754784930426107,
            1.1769568744755257
          ],
          "candidate_probabilities": [
            0.00002115903771482408,
            0.00003966617805417627,
            0.9999391436576843
          ],
          "class_index": 77,
          "conditional_hand_mass": 0.009049773810439787,
          "expected_action_loss_bb": 0.00008220125646929684,
          "hand": "A7o",
          "probability_on_actions_losing_over_0_1bb": 0.00006082521576900035,
          "reference_expected_action_loss_bb": 0.00013860287129973818,
          "reference_probabilities": [
            0.00003567710518836975,
            0.00006688275607302785,
            0.9998974204063416
          ]
        },
        {
          "action_values_bb": [
            0.0,
            -1.111793054464563,
            -0.7047444476970367
          ],
          "candidate_probabilities": [
            0.9998334646224976,
            0.00005551572030526586,
            0.00011104191071353853
          ],
          "class_index": 78,
          "conditional_hand_mass": 0.0030165911925363843,
          "expected_action_loss_bb": 0.00013997816228602828,
          "hand": "82s",
          "probability_on_actions_losing_over_0_1bb": 0.00016655763101880439,
          "reference_expected_action_loss_bb": 0.00023597582633422495,
          "reference_probabilities": [
            0.9997192621231079,
            0.0000935913558350876,
            0.00018719070067163557
          ]
        },
        {
          "action_values_bb": [
            0.0,
            -1.1252876948522375,
            -0.6338027025192573
          ],
          "candidate_probabilities": [
            0.9998096823692322,
            0.00014274785644374788,
            0.00004761124728247523
          ],
          "class_index": 79,
          "conditional_hand_mass": 0.0030165911925363843,
          "expected_action_loss_bb": 0.00019080854352062862,
          "hand": "83s",
          "probability_on_actions_losing_over_0_1bb": 0.0001903591037262231,
          "reference_expected_action_loss_bb": 0.00032168003800604446,
          "reference_probabilities": [
            0.9996790289878845,
            0.00024065851175691932,
            0.00008026153227547184
          ]
        },
        {
          "action_values_bb": [
            0.0,
            -0.8801845329972426,
            -0.43920099080799535
          ],
          "candidate_probabilities": [
            0.999785840511322,
            0.00007931095024105161,
            0.00013485865201801062
          ],
          "class_index": 80,
          "conditional_hand_mass": 0.0030165911925363843,
          "expected_action_loss_bb": 0.0001290383252848285,
          "hand": "84s",
          "probability_on_actions_losing_over_0_1bb": 0.00021416960225906223,
          "reference_expected_action_loss_bb": 0.00021755227896809454,
          "reference_probabilities": [
            0.9996389746665955,
            0.00013371392560657114,
            0.0002273659483762458
          ]
        },
        {
          "action_values_bb": [
            0.0,
            -0.5982187301185916,
            -0.1298329214776617
          ],
          "candidate_probabilities": [
            0.9999125599861145,
            0.000015869207345531322,
            0.00007151424506446347
          ],
          "class_index": 81,
          "conditional_hand_mass": 0.0030165911925363843,
          "expected_action_loss_bb": 0.000018778160430221115,
          "hand": "85s",
          "probability_on_actions_losing_over_0_1bb": 0.00008738345240999479,
          "reference_expected_action_loss_bb": 0.000031661377906892446,
          "reference_probabilities": [
            0.9998526573181152,
            0.00002675534415175207,
            0.0001205844382639043
          ]
        },
        {
          "action_values_bb": [
            0.0,
            -0.6169092190726218,
            0.0010650139143315864
          ],
          "candidate_probabilities": [
            0.00004760036608786322,
            0.00010311005462426692,
            0.9998493194580078
          ],
          "class_index": 82,
          "conditional_hand_mass": 0.0030165911925363843,
          "expected_action_loss_bb": 0.00006377005197188507,
          "hand": "86s",
          "probability_on_actions_losing_over_0_1bb": 0.00010311005462426692,
          "reference_expected_action_loss_bb": 0.00010883313670502885,
          "reference_probabilities": [
            0.0013144422555342317,
            0.0001738474384183064,
            0.9985116720199585
          ]
        },
        {
          "action_values_bb": [
            0.0,
            -0.4166653690238987,
            0.307985129833443
          ],
          "candidate_probabilities": [
            0.00013481875066645443,
            0.00003965821451856755,
            0.9998254776000977
          ],
          "class_index": 83,
          "conditional_hand_mass": 0.0030165911925363843,
          "expected_action_loss_bb": 0.00007026051536266199,
          "hand": "87s",
          "probability_on_actions_losing_over_0_1bb": 0.00017447696518502198,
          "reference_expected_action_loss_bb": 0.00011845282773461103,
          "reference_probabilities": [
            0.0002272920828545466,
            0.0000668601569486782,
            0.9997058510780334
          ]
        },
        {
          "action_values_bb": [
            0.0,
            0.5291973720610533,
            3.1539254910658974
          ],
          "candidate_probabilities": [
            0.000047593795898137614,
            0.0000846051043481566,
            0.9998677968978882
          ],
          "class_index": 84,
          "conditional_hand_mass": 0.0045248869052198935,
          "expected_action_loss_bb": 0.00037217268249366937,
          "hand": "88",
          "probability_on_actions_losing_over_0_1bb": 0.00013219890024629422,
          "reference_expected_action_loss_bb": 0.0006274989987244696,
          "reference_probabilities": [
            0.00008024519047467038,
            0.0001426477829227224,
            0.99977707862854
          ]
        },
        {
          "action_values_bb": [
            0.0,
            -0.6984469190471333,
            -0.05626151254383456
          ],
          "candidate_probabilities": [
            0.9999387860298157,
            0.000021159126845304854,
            0.000040145307139027864
          ],
          "class_index": 85,
          "conditional_hand_mass": 0.009049773810439787,
          "expected_action_loss_bb": 0.000017037162656009172,
          "hand": "98o",
          "probability_on_actions_losing_over_0_1bb": 0.000021159126845304854,
          "reference_expected_action_loss_bb": 0.000028742751033164983,
          "reference_probabilities": [
            0.9998962879180908,
            0.00003567740350263193,
            0.00006796792877139524
          ]
        },
        {
          "action_values_bb": [
            0.0,
            -0.489681951855392,
            0.0957678244148519
          ],
          "candidate_probabilities": [
            0.00003173349978169426,
            0.00005024012352805585,
            0.9999180436134338
          ],
          "class_index": 86,
          "conditional_hand_mass": 0.009049773810439787,
          "expected_action_loss_bb": 0.000032452117314451746,
          "hand": "T8o",
          "probability_on_actions_losing_over_0_1bb": 0.00005024012352805585,
          "reference_expected_action_loss_bb": 0.00005474310969191032,
          "reference_probabilities": [
            0.00005350602077669464,
            0.0000847535629873164,
            0.9998617172241211
          ]
        },
        {
          "action_values_bb": [
            0.0,
            -0.258277632172739,
            0.23368773633706963
          ],
          "candidate_probabilities": [
            0.000010583286893961485,
            0.000029090158932376653,
            0.9999603033065796
          ],
          "class_index": 87,
          "conditional_hand_mass": 0.009049773810439787,
          "expected_action_loss_bb": 0.00001678453511643122,
          "hand": "J8o",
          "probability_on_actions_losing_over_0_1bb": 0.00003967344582633814,
          "reference_expected_action_loss_bb": 0.000028307424945265196,
          "reference_probabilities": [
            0.00001784469532140065,
            0.00004906308458885178,
            0.999933123588562
          ]
        },
        {
          "action_values_bb": [
            0.0,
            -0.2349548565603069,
            0.4570069840996417
          ],
          "candidate_probabilities": [
            0.00003966597068938427,
            7.939577699289657e-6,
            0.9999523758888245
          ],
          "class_index": 88,
          "conditional_hand_mass": 0.009049773810439787,
          "expected_action_loss_bb": 0.000023621510435003438,
          "hand": "Q8o",
          "probability_on_actions_losing_over_0_1bb": 0.000047605548388673924,
          "reference_expected_action_loss_bb": 0.000039829064005034374,
          "reference_probabilities": [
            0.00006688219582429156,
            0.000013387202670855913,
            0.9999197721481323
          ]
        },
        {
          "action_values_bb": [
            0.0,
            -0.32263401414999343,
            1.0190112736968506
          ],
          "candidate_probabilities": [
            0.000018515282135922462,
            0.00003702259709825739,
            0.9999444484710693
          ],
          "class_index": 89,
          "conditional_hand_mass": 0.009049773810439787,
          "expected_action_loss_bb": 0.00006853847417291217,
          "hand": "K8o",
          "probability_on_actions_losing_over_0_1bb": 0.000055537879234179854,
          "reference_expected_action_loss_bb": 0.0001155661922076549,
          "reference_probabilities": [
            0.00003121956979157403,
            0.0000624256645096466,
            0.9999063611030579
          ]
        },
        {
          "action_values_bb": [
            0.0,
            0.04263400967964515,
            1.516499645762151
          ],
          "candidate_probabilities": [
            0.00004759643707075156,
            0.000015870808056206442,
            0.999936580657959
          ],
          "class_index": 90,
          "conditional_hand_mass": 0.009049773810439787,
          "expected_action_loss_bb": 0.00009557141856823931,
          "hand": "A8o",
          "probability_on_actions_losing_over_0_1bb": 0.000063467245126958,
          "reference_expected_action_loss_bb": 0.000161143641903693,
          "reference_probabilities": [
            0.00008025268471101299,
            0.00002675988434930332,
            0.9998930096626282
          ]
        },
        {
          "action_values_bb": [
            0.0,
            -1.1413799801263216,
            -0.6646177073625071
          ],
          "candidate_probabilities": [
            0.9998255968093872,
            0.00013482090434990823,
            0.00003968116288888268
          ],
          "class_index": 91,
          "conditional_hand_mass": 0.0030165911925363843,
          "expected_action_loss_bb": 0.00018025468463219837,
          "hand": "92s",
          "probability_on_actions_losing_over_0_1bb": 0.00017450206723879091,
          "reference_expected_action_loss_bb": 0.000303894001558737,
          "reference_probabilities": [
            0.9997057914733887,
            0.00022729810734745115,
            0.00006689634028589353
          ]
        },
        {
          "action_values_bb": [
            0.0,
            -0.7196320486123554,
            -0.2678003867298307
          ],
          "candidate_probabilities": [
            0.9998016357421875,
            0.00007138238288462162,
            0.00012694584438577294
          ],
          "class_index": 92,
          "conditional_hand_mass": 0.0030165911925363843,
          "expected_action_loss_bb": 0.0000853651966503467,
          "hand": "93s",
          "probability_on_actions_losing_over_0_1bb": 0.00019832822727039456,
          "reference_expected_action_loss_bb": 0.00014392516476994383,
          "reference_probabilities": [
            0.9996655583381653,
            0.00012034877727273852,
            0.00021403377468232065
          ]
        },
        {
          "action_values_bb": [
            0.0,
            -0.9122940761999179,
            -0.4891124667359521
          ],
          "candidate_probabilities": [
            0.9999285936355591,
            7.938781891425606e-6,
            0.00006348275201162323
          ],
          "class_index": 93,
          "conditional_hand_mass": 0.0030165911925363843,
          "expected_action_loss_bb": 0.000038292709123382524,
          "hand": "94s",
          "probability_on_actions_losing_over_0_1bb": 0.00007142153390304884,
          "reference_expected_action_loss_bb": 0.00006456863357374257,
          "reference_probabilities": [
            0.9998794794082642,
            0.000013384936210059095,
            0.00010704620945034549
          ]
        },
        {
          "action_values_bb": [
            0.0,
            -0.7563164717507889,
            -0.15434788310009415
          ],
          "candidate_probabilities": [
            0.9997540712356567,
            0.00009516706631984562,
            0.00015081065066624433
          ],
          "class_index": 94,
          "conditional_hand_mass": 0.0030165911925363843,
          "expected_action_loss_bb": 0.00009525372450518159,
          "hand": "95s",
          "probability_on_actions_losing_over_0_1bb": 0.00024597771698608994,
          "reference_expected_action_loss_bb": 0.00016058793241320533,
          "reference_probabilities": [
            0.9995853304862976,
            0.00016044123913161457,
            0.00025425408966839314
          ]
        },
        {
          "action_values_bb": [
            0.0,
            -0.570288254763361,
            0.025834971653894014
          ],
          "candidate_probabilities": [
            0.00012698939826805145,
            0.00003172892684233375,
            0.9998412728309631
          ],
          "class_index": 95,
          "conditional_hand_mass": 0.0030165911925363843,
          "expected_action_loss_bb": 0.00002219511774460921,
          "hand": "96s",
          "probability_on_actions_losing_over_0_1bb": 0.00003172892684233375,
          "reference_expected_action_loss_bb": 0.00003743037165540329,
          "reference_probabilities": [
            0.00021451439533848315,
            0.00005349296407075599,
            0.9997320175170898
          ]
        },
        {
          "action_values_bb": [
            0.0,
            -0.6836449253015976,
            0.1895784185889599
          ],
          "candidate_probabilities": [
            0.00006345236033666879,
            0.00011896630167029798,
            0.9998176097869873
          ],
          "class_index": 96,
          "conditional_hand_mass": 0.0030165911925363843,
          "expected_action_loss_bb": 0.00011591334988319292,
          "hand": "97s",
          "probability_on_actions_losing_over_0_1bb": 0.00018241866200696677,
          "reference_expected_action_loss_bb": 0.00019542780901263585,
          "reference_probabilities": [
            0.00010697953985072672,
            0.00020057502842973918,
            0.999692440032959
          ]
        },
        {
          "action_values_bb": [
            0.0,
            -0.23614408096456407,
            0.7006759092111005
          ],
          "candidate_probabilities": [
            0.0001506717671873048,
            0.000055515738495159894,
            0.9997938275337219
          ],
          "class_index": 97,
          "conditional_hand_mass": 0.0030165911925363843,
          "expected_action_loss_bb": 0.0001575803310580385,
          "hand": "98s",
          "probability_on_actions_losing_over_0_1bb": 0.0002061875056824647,
          "reference_expected_action_loss_bb": 0.0002656573865841347,
          "reference_probabilities": [
            0.00025401057791896164,
            0.00009359139949083328,
            0.9996523857116699
          ]
        },
        {
          "action_values_bb": [
            0.0,
            0.8951798693063875,
            3.7681131993515313
          ],
          "candidate_probabilities": [
            0.00005816662815050222,
            0.00009517666330793872,
            0.9998466372489929
          ],
          "class_index": 98,
          "conditional_hand_mass": 0.0045248869052198935,
          "expected_action_loss_bb": 0.0004926146475555416,
          "hand": "99",
          "probability_on_actions_losing_over_0_1bb": 0.00015334329145844094,
          "reference_expected_action_loss_bb": 0.000830551456019317,
          "reference_probabilities": [
            0.00009806930756894872,
            0.00016046846576500684,
            0.9997414946556091
          ]
        },
        {
          "action_values_bb": [
            0.0,
            -0.30555367014477147,
            0.4015319734583501
          ],
          "candidate_probabilities": [
            7.939532224554569e-6,
            0.000026446496121934615,
            0.9999656081199646
          ],
          "class_index": 99,
          "conditional_hand_mass": 0.009049773810439787,
          "expected_action_loss_bb": 0.00002188791377388716,
          "hand": "T9o",
          "probability_on_actions_losing_over_0_1bb": 0.000034386028346489184,
          "reference_expected_action_loss_bb": 0.000036905844241154124,
          "reference_probabilities": [
            0.000013387075341597665,
            0.00004459220144781284,
            0.9999420046806335
          ]
        },
        {
          "action_values_bb": [
            0.0,
            -0.14415185683739398,
            0.4957527593411094
          ],
          "candidate_probabilities": [
            0.00003702238609548658,
            5.295755727274809e-6,
            0.9999576807022095
          ],
          "class_index": 100,
          "conditional_hand_mass": 0.009049773810439787,
          "expected_action_loss_bb": 0.00002174272860026629,
          "hand": "J9o",
          "probability_on_actions_losing_over_0_1bb": 0.00004231814182276139,
          "reference_expected_action_loss_bb": 0.00003666135955451053,
          "reference_probabilities": [
            0.000062425053329207,
            8.929404430091381e-6,
            0.9999285936355591
          ]
        },
        {
          "action_values_bb": [
            0.0,
            -0.07111471040375962,
            0.8485638968860523
          ],
          "candidate_probabilities": [
            0.00001587151018611621,
            0.00003437896157265641,
            0.9999497532844543
          ],
          "class_index": 101,
          "conditional_hand_mass": 0.009049773810439787,
          "expected_action_loss_bb": 0.00004508558603220805,
          "hand": "Q9o",
          "probability_on_actions_losing_over_0_1bb": 0.00005025047175877262,
          "reference_expected_action_loss_bb": 0.0000760215171833967,
          "reference_probabilities": [
            0.00002676191070349887,
            0.00005796843106509186,
            0.9999152421951294
          ]
        },
        {
          "action_values_bb": [
            0.0,
            0.09475320436428183,
            1.2514491192780566
          ],
          "candidate_probabilities": [
            0.00004495301254792139,
            0.000013227099771029316,
            0.999941885471344
          ],
          "class_index": 102,
          "conditional_hand_mass": 0.009049773810439787,
          "expected_action_loss_bb": 0.00007155614023329819,
          "hand": "K9o",
          "probability_on_actions_losing_over_0_1bb": 0.000058180112318950705,
          "reference_expected_action_loss_bb": 0.00012065197580585626,
          "reference_probabilities": [
            0.00007579600787721574,
            0.000022302428988041356,
            0.9999018311500549
          ]
        },
        {
          "action_values_bb": [
            0.0,
            -0.1518835663514798,
            1.733556363976652
          ],
          "candidate_probabilities": [
            0.000023802715077181347,
            0.0000423097335442435,
            0.9999338388442993
          ],
          "class_index": 103,
          "conditional_hand_mass": 0.009049773810439787,
          "expected_action_loss_bb": 0.00012103580926783101,
          "hand": "A9o",
          "probability_on_actions_losing_over_0_1bb": 0.00006611244862142485,
          "reference_expected_action_loss_bb": 0.00020408224948505492,
          "reference_probabilities": [
            0.00004013449142803438,
            0.00007133976760087535,
            0.9998884797096252
          ]
        },
        {
          "action_values_bb": [
            0.0,
            -0.9770004305690463,
            -0.47181762051854104
          ],
          "candidate_probabilities": [
            0.9998174905776978,
            0.0000634533425909467,
            0.00011900435492862016
          ],
          "class_index": 104,
          "conditional_hand_mass": 0.0030165911925363843,
          "expected_action_loss_bb": 0.00011814229460616562,
          "hand": "T2s",
          "probability_on_actions_losing_over_0_1bb": 0.00018245769751956686,
          "reference_expected_action_loss_bb": 0.00019919072985253276,
          "reference_probabilities": [
            0.9996923208236694,
            0.00010698237747419626,
            0.00020064723503310233
          ]
        },
        {
          "action_values_bb": [
            0.0,
            -0.7288996766671586,
            -0.24122167019215718
          ],
          "candidate_probabilities": [
            0.9997937083244324,
            0.0001506741245975718,
            0.000055610504205105826
          ],
          "class_index": 105,
          "conditional_hand_mass": 0.0030165911925363843,
          "expected_action_loss_bb": 0.00012324077940586086,
          "hand": "T3s",
          "probability_on_actions_losing_over_0_1bb": 0.00020628462880267762,
          "reference_expected_action_loss_bb": 0.00020776702362270742,
          "reference_probabilities": [
            0.9996522068977356,
            0.0002540173882152885,
            0.0000937470977078192
          ]
        },
        {
          "action_values_bb": [
            0.0,
            -0.6089379175165606,
            -0.21305096949560987
          ],
          "candidate_probabilities": [
            0.999769926071167,
            0.00008723922655917704,
            0.00014285239740274847
          ],
          "class_index": 106,
          "conditional_hand_mass": 0.0030165911925363843,
          "expected_action_loss_bb": 0.00008355811470812839,
          "hand": "T4s",
          "probability_on_actions_losing_over_0_1bb": 0.0002300916239619255,
          "reference_expected_action_loss_bb": 0.00014087557764485702,
          "reference_probabilities": [
            0.999612033367157,
            0.00014707814261782914,
            0.00024085372569970787
          ]
        },
        {
          "action_values_bb": [
            0.0,
            -0.5829013052150412,
            -0.10270476188205538
          ],
          "candidate_probabilities": [
            0.9998939037322998,
            0.000023799268092261627,
            0.00008225226338254288
          ],
          "class_index": 107,
          "conditional_hand_mass": 0.0030165911925363843,
          "expected_action_loss_bb": 0.000022320323559106157,
          "hand": "T5s",
          "probability_on_actions_losing_over_0_1bb": 0.0001060515314748045,
          "reference_expected_action_loss_bb": 0.00003716514319082881,
          "reference_probabilities": [
            0.9998257756233215,
            0.00004012471254100092,
            0.00013413590204436332
          ]
        },
        {
          "action_values_bb": [
            0.0,
            -0.7174602044007151,
            0.1231932528586201
          ],
          "candidate_probabilities": [
            0.000055523341870866716,
            0.00011103835277026519,
            0.9998334050178528
          ],
          "class_index": 108,
          "conditional_hand_mass": 0.0030165911925363843,
          "expected_action_loss_bb": 0.00010018487623935839,
          "hand": "T6s",
          "probability_on_actions_losing_over_0_1bb": 0.0001665616946411319,
          "reference_expected_action_loss_bb": 0.0001689130687136843,
          "reference_probabilities": [
            0.00009361598495161161,
            0.00018721175729297101,
            0.9997192025184631
          ]
        },
        {
          "action_values_bb": [
            0.0,
            -0.42486838363307144,
            0.40228396054679216
          ],
          "candidate_probabilities": [
            0.00014274557179305702,
            0.00004758714567287825,
            0.9998096823692322
          ],
          "class_index": 109,
          "conditional_hand_mass": 0.0030165911925363843,
          "expected_action_loss_bb": 0.00009678607306757734,
          "hand": "T7s",
          "probability_on_actions_losing_over_0_1bb": 0.00019033271746593527,
          "reference_expected_action_loss_bb": 0.00016316977405488758,
          "reference_probabilities": [
            0.00024065202160272747,
            0.00008022624388104305,
            0.9996790885925293
          ]
        },
        {
          "action_values_bb": [
            0.0,
            -0.43914723486978957,
            0.7867794366660799
          ],
          "candidate_probabilities": [
            0.00007930966967251152,
            0.00013482087524607778,
            0.999785840511322
          ],
          "class_index": 110,
          "conditional_hand_mass": 0.0030165911925363843,
          "expected_action_loss_bb": 0.0002276797240710883,
          "hand": "T8s",
          "probability_on_actions_losing_over_0_1bb": 0.0002141305449185893,
          "reference_expected_action_loss_bb": 0.0003838513513105382,
          "reference_probabilities": [
            0.00013371033128350973,
            0.00022729810734745115,
            0.9996389746665955
          ]
        },
        {
          "action_values_bb": [
            0.0,
            0.0975089133156998,
            1.000659525384612
          ],
          "candidate_probabilities": [
            0.000015868950868025422,
            0.00007138238288462162,
            0.9999127984046936
          ],
          "class_index": 111,
          "conditional_hand_mass": 0.0030165911925363843,
          "expected_action_loss_bb": 0.0000803484596371335,
          "hand": "T9s",
          "probability_on_actions_losing_over_0_1bb": 0.00008725133375264704,
          "reference_expected_action_loss_bb": 0.00013546535964427853,
          "reference_probabilities": [
            0.000026754629288916476,
            0.00012034879182465374,
            0.9998528957366943
          ]
        },
        {
          "action_values_bb": [
            0.0,
            1.876443298512052,
            4.308903749154452
          ],
          "candidate_probabilities": [
            0.00006874558312119916,
            5.295488335832488e-6,
            0.999925971031189
          ],
          "class_index": 112,
          "conditional_hand_mass": 0.0045248869052198935,
          "expected_action_loss_bb": 0.00030909916679249476,
          "hand": "TT",
          "probability_on_actions_losing_over_0_1bb": 0.00007404107145703165,
          "reference_expected_action_loss_bb": 0.0005211680044159167,
          "reference_probabilities": [
            0.00011591101792873815,
            8.928648639994208e-6,
            0.9998751878738403
          ]
        },
        {
          "action_values_bb": [
            0.0,
            -0.1498364821100759,
            0.9428503968886972
          ],
          "candidate_probabilities": [
            0.000013227031558926683,
            0.00003173369259457104,
            0.9999550580978394
          ],
          "class_index": 113,
          "conditional_hand_mass": 0.009049773810439787,
          "expected_action_loss_bb": 0.00004714610147526166,
          "hand": "JTo",
          "probability_on_actions_losing_over_0_1bb": 0.00004496072415349772,
          "reference_expected_action_loss_bb": 0.00007949353229750026,
          "reference_probabilities": [
            0.000022302232537185773,
            0.0000535065119038336,
            0.9999241828918457
          ]
        },
        {
          "action_values_bb": [
            0.0,
            0.198847425001153,
            1.2663021494999207
          ],
          "candidate_probabilities": [
            0.00004230950435157865,
            0.000010583344192127697,
            0.9999470710754395
          ],
          "class_index": 114,
          "conditional_hand_mass": 0.009049773810439787,
          "expected_action_loss_bb": 0.0000648738570635636,
          "hand": "QTo",
          "probability_on_actions_losing_over_0_1bb": 0.00005289284854370635,
          "reference_expected_action_loss_bb": 0.00010938551347064592,
          "reference_probabilities": [
            0.00007133916369639337,
            0.000017844857211457565,
            0.999910831451416
          ]
        },
        {
          "action_values_bb": [
            0.0,
            -0.028485152445954794,
            1.6617254665236851
          ],
          "candidate_probabilities": [
            0.00002115903771482408,
            0.00003966617805417627,
            0.9999391436576843
          ],
          "class_index": 115,
          "conditional_hand_mass": 0.009049773810439787,
          "expected_action_loss_bb": 0.00010220470717896751,
          "hand": "KTo",
          "probability_on_actions_losing_over_0_1bb": 0.00006082521576900035,
          "reference_expected_action_loss_bb": 0.00017233149880394616,
          "reference_probabilities": [
            0.00003567710518836975,
            0.00006688275607302785,
            0.9998974204063416
          ]
        },
        {
          "action_values_bb": [
            0.0,
            0.4193284300069745,
            2.1900345058734043
          ],
          "candidate_probabilities": [
            0.00005023987978347577,
            0.00001851444540079683,
            0.999931275844574
          ],
          "class_index": 116,
          "conditional_hand_mass": 0.009049773810439787,
          "expected_action_loss_bb": 0.00014281071125923182,
          "hand": "ATo",
          "probability_on_actions_losing_over_0_1bb": 0.0000687543251842726,
          "reference_expected_action_loss_bb": 0.0002407929127237002,
          "reference_probabilities": [
            0.00008470937609672546,
            0.00003121718327747658,
            0.9998840689659119
          ]
        },
        {
          "action_values_bb": [
            0.0,
            -0.8475044243409571,
            -0.12827794807735163
          ],
          "candidate_probabilities": [
            0.9998095631599426,
            0.00014274784189183265,
            0.00004768222424900159
          ],
          "class_index": 117,
          "conditional_hand_mass": 0.0030165911925363843,
          "expected_action_loss_bb": 0.00012709600545487764,
          "hand": "J2s",
          "probability_on_actions_losing_over_0_1bb": 0.00019043006614083424,
          "reference_expected_action_loss_bb": 0.0002142945363664521,
          "reference_probabilities": [
            0.9996787309646606,
            0.0002406584535492584,
            0.00008057060767896473
          ]
        },
        {
          "action_values_bb": [
            0.0,
            -0.6928345457787134,
            -0.17691276703904915
          ],
          "candidate_probabilities": [
            0.9997857213020325,
            0.00007931096479296684,
            0.00013497471809387207
          ],
          "class_index": 118,
          "conditional_hand_mass": 0.0030165911925363843,
          "expected_action_loss_bb": 0.00007882812712590923,
          "hand": "J3s",
          "probability_on_actions_losing_over_0_1bb": 0.0002142856828868389,
          "reference_expected_action_loss_bb": 0.00013289717211890795,
          "reference_probabilities": [
            0.9996387362480164,
            0.00013371392560657114,
            0.00022754460223950446
          ]
        },
        {
          "action_values_bb": [
            0.0,
            -0.49087657793050143,
            -0.016886554406783664
          ],
          "candidate_probabilities": [
            0.9999120831489563,
            0.000015869207345531322,
            0.00007205329893622547
          ],
          "class_index": 119,
          "conditional_hand_mass": 0.0030165911925363843,
          "expected_action_loss_bb": 9.006554148918811e-6,
          "hand": "J4s",
          "probability_on_actions_losing_over_0_1bb": 0.000015869207345531322,
          "reference_expected_action_loss_bb": 0.000015228791705046386,
          "reference_probabilities": [
            0.9998491406440735,
            0.000026755347789730877,
            0.00012407611939124763
          ]
        },
        {
          "action_values_bb": [
            0.0,
            -0.40967933223129316,
            0.2603133729053531
          ],
          "candidate_probabilities": [
            0.00004759354123962112,
            0.00010311005462426692,
            0.9998493194580078
          ],
          "class_index": 120,
          "conditional_hand_mass": 0.0030165911925363843,
          "expected_action_loss_bb": 0.00008147221967309576,
          "hand": "J5s",
          "probability_on_actions_losing_over_0_1bb": 0.00015070359586388804,
          "reference_expected_action_loss_bb": 0.0001373651814432076,
          "reference_probabilities": [
            0.00008024445560295135,
            0.0001738473802106455,
            0.9997459053993225
          ]
        },
        {
          "action_values_bb": [
            0.0,
            -0.34808847534524684,
            0.33889732749913143
          ],
          "candidate_probabilities": [
            0.0001348211953882128,
            0.00003965821451856755,
            0.9998254776000977
          ],
          "class_index": 121,
          "conditional_hand_mass": 0.0030165911925363843,
          "expected_action_loss_bb": 0.00007293517314771624,
          "hand": "J6s",
          "probability_on_actions_losing_over_0_1bb": 0.00017447940990678035,
          "reference_expected_action_loss_bb": 0.00012296065804080582,
          "reference_probabilities": [
            0.0002272920828545466,
            0.0000668601569486782,
            0.9997058510780334
          ]
        },
        {
          "action_values_bb": [
            0.0,
            -0.5416522466890179,
            0.5785884249420699
          ],
          "candidate_probabilities": [
            0.00007138126238714904,
            0.0001268937485292554,
            0.999801754951477
          ],
          "class_index": 122,
          "conditional_hand_mass": 0.0030165911925363843,
          "expected_action_loss_bb": 0.00018345191025315657,
          "hand": "J7s",
          "probability_on_actions_losing_over_0_1bb": 0.00019827501091640443,
          "reference_expected_action_loss_bb": 0.0003092917273706212,
          "reference_probabilities": [
            0.0001203455904033035,
            0.0002139372081728652,
            0.9996657371520996
          ]
        },
        {
          "action_values_bb": [
            0.0,
            -0.05670066838412481,
            0.9875155838204088
          ],
          "candidate_probabilities": [
            7.938654562167358e-6,
            0.00006345335714286193,
            0.9999285936355591
          ],
          "class_index": 123,
          "conditional_hand_mass": 0.0030165911925363843,
          "expected_action_loss_bb": 0.00007409857188022232,
          "hand": "J8s",
          "probability_on_actions_losing_over_0_1bb": 0.00007139201170502929,
          "reference_expected_action_loss_bb": 0.0001249302723648089,
          "reference_probabilities": [
            0.000013384580597630702,
            0.00010698242840589955,
            0.9998796582221985
          ]
        },
        {
          "action_values_bb": [
            0.0,
            0.08782330769563752,
            1.0597206494253777
          ],
          "candidate_probabilities": [
            0.00009516553836874664,
            0.00015067409549374133,
            0.9997541904449463
          ],
          "class_index": 124,
          "conditional_hand_mass": 0.0030165911925363843,
          "expected_action_loss_bb": 0.00024728863900094414,
          "hand": "J9s",
          "probability_on_actions_losing_over_0_1bb": 0.00024583963386248797,
          "reference_expected_action_loss_bb": 0.000416896935346578,
          "reference_probabilities": [
            0.00016043685900513083,
            0.00025401724269613624,
            0.9995855689048767
          ]
        },
        {
          "action_values_bb": [
            0.0,
            0.5663879876376988,
            1.538407779657725
          ],
          "candidate_probabilities": [
            0.000031728417525300756,
            0.00008723923383513466,
            0.9998810291290283
          ],
          "class_index": 125,
          "conditional_hand_mass": 0.0030165911925363843,
          "expected_action_loss_bb": 0.0001336095062855652,
          "hand": "JTs",
          "probability_on_actions_losing_over_0_1bb": 0.00011896765136043541,
          "reference_expected_action_loss_bb": 0.00022525460485876695,
          "reference_probabilities": [
            0.00005349150887923315,
            0.00014707812806591392,
            0.9997994303703308
          ]
        },
        {
          "action_values_bb": [
            0.0,
            2.4506052963345453,
            4.891477750368748
          ],
          "candidate_probabilities": [
            0.0000793181243352592,
            0.0000158700167958159,
            0.9999048113822937
          ],
          "class_index": 126,
          "conditional_hand_mass": 0.0045248869052198935,
          "expected_action_loss_bb": 0.0004267195272288695,
          "hand": "JJ",
          "probability_on_actions_losing_over_0_1bb": 0.0000951881411310751,
          "reference_expected_action_loss_bb": 0.0007194700900744419,
          "reference_probabilities": [
            0.00013373425463214517,
            0.000026757628802442923,
            0.9998395442962646
          ]
        },
        {
          "action_values_bb": [
            0.0,
            -0.10742720056433677,
            1.4504523359171697
          ],
          "candidate_probabilities": [
            0.000018515282135922462,
            0.00003702259709825739,
            0.9999444484710693
          ],
          "class_index": 127,
          "conditional_hand_mass": 0.009049773810439787,
          "expected_action_loss_bb": 0.00008453228063098897,
          "hand": "QJo",
          "probability_on_actions_losing_over_0_1bb": 0.000055537879234179854,
          "reference_expected_action_loss_bb": 0.00014253416322135593,
          "reference_probabilities": [
            0.00003121956979157403,
            0.0000624256645096466,
            0.9999063611030579
          ]
        },
        {
          "action_values_bb": [
            0.0,
            0.33096819622862045,
            1.906278999056235
          ],
          "candidate_probabilities": [
            0.00004759643707075156,
            0.000015870808056206442,
            0.999936580657959
          ],
          "class_index": 128,
          "conditional_hand_mass": 0.009049773810439787,
          "expected_action_loss_bb": 0.00011573354379842091,
          "hand": "KJo",
          "probability_on_actions_losing_over_0_1bb": 0.000063467245126958,
          "reference_expected_action_loss_bb": 0.00019513914238036058,
          "reference_probabilities": [
            0.00008025268471101299,
            0.00002675988434930332,
            0.9998930096626282
          ]
        },
        {
          "action_values_bb": [
            0.0,
            0.09838832395690197,
            2.2858291523780054
          ],
          "candidate_probabilities": [
            0.000026446366973686963,
            0.00004495325265452266,
            0.9999285936355591
          ],
          "class_index": 129,
          "conditional_hand_mass": 0.009049773810439787,
          "expected_action_loss_bb": 0.00015878445682977274,
          "hand": "AJo",
          "probability_on_actions_losing_over_0_1bb": 0.00007139961962820962,
          "reference_expected_action_loss_bb": 0.0002677300190723443,
          "reference_probabilities": [
            0.00004459181582205929,
            0.00007579667726531625,
            0.9998795986175537
          ]
        },
        {
          "action_values_bb": [
            0.0,
            -0.47848104717610707,
            0.14214701738734517
          ],
          "candidate_probabilities": [
            0.000015868950868025422,
            0.00007138238288462162,
            0.9999127984046936
          ],
          "class_index": 130,
          "conditional_hand_mass": 0.0030165911925363843,
          "expected_action_loss_bb": 0.000046557634168566146,
          "hand": "Q2s",
          "probability_on_actions_losing_over_0_1bb": 0.00008725133375264704,
          "reference_expected_action_loss_bb": 0.00007849492849740827,
          "reference_probabilities": [
            0.000026754629288916476,
            0.00012034879182465374,
            0.9998528957366943
          ]
        },
        {
          "action_values_bb": [
            0.0,
            -0.3229755860123696,
            0.4235004198029575
          ],
          "candidate_probabilities": [
            0.00010310842480976135,
            7.9387791629415e-6,
            0.9998889565467834
          ],
          "class_index": 131,
          "conditional_hand_mass": 0.0030165911925363843,
          "expected_action_loss_bb": 0.000049592569352758125,
          "hand": "Q3s",
          "probability_on_actions_losing_over_0_1bb": 0.00011104720397270285,
          "reference_expected_action_loss_bb": 0.00008361402411557683,
          "reference_probabilities": [
            0.00017384278180543333,
            0.000013384935300564393,
            0.9998127818107605
          ]
        },
        {
          "action_values_bb": [
            0.0,
            -0.5646514808438498,
            0.14952441454642393
          ],
          "candidate_probabilities": [
            0.0000396579343941994,
            0.00009516704449197277,
            0.9998652338981628
          ],
          "class_index": 132,
          "conditional_hand_mass": 0.0030165911925363843,
          "expected_action_loss_bb": 0.00007389583863411384,
          "hand": "Q4s",
          "probability_on_actions_losing_over_0_1bb": 0.00013482497888617218,
          "reference_expected_action_loss_bb": 0.0001245801570994908,
          "reference_probabilities": [
            0.00006685833795927465,
            0.0001604411518201232,
            0.9997726678848267
          ]
        },
        {
          "action_values_bb": [
            0.0,
            -0.18748730141688433,
            0.5941231087725891
          ],
          "candidate_probabilities": [
            0.00012689176946878433,
            0.000031728930480312556,
            0.9998413920402527
          ],
          "class_index": 133,
          "conditional_hand_mass": 0.0030165911925363843,
          "expected_action_loss_bb": 0.00010018899492203924,
          "hand": "Q5s",
          "probability_on_actions_losing_over_0_1bb": 0.0001586206999490969,
          "reference_expected_action_loss_bb": 0.000168912316350402,
          "reference_probabilities": [
            0.00021393151837401092,
            0.00005349296407075599,
            0.9997325539588928
          ]
        },
        {
          "action_values_bb": [
            0.0,
            -0.43680279796119337,
            0.6308530177048889
          ],
          "candidate_probabilities": [
            0.00006345236033666879,
            0.00011896630167029798,
            0.9998176097869873
          ],
          "class_index": 134,
          "conditional_hand_mass": 0.0030165911925363843,
          "expected_action_loss_bb": 0.00016704417684546469,
          "hand": "Q6s",
          "probability_on_actions_losing_over_0_1bb": 0.00018241866200696677,
          "reference_expected_action_loss_bb": 0.0002816334611279122,
          "reference_probabilities": [
            0.00010697953985072672,
            0.00020057502842973918,
            0.999692440032959
          ]
        },
        {
          "action_values_bb": [
            0.0,
            -0.2978854023235231,
            0.6518390677595277
          ],
          "candidate_probabilities": [
            0.0001506717671873048,
            0.000055515738495159894,
            0.9997938275337219
          ],
          "class_index": 135,
          "conditional_hand_mass": 0.0030165911925363843,
          "expected_action_loss_bb": 0.0001509383995846383,
          "hand": "Q7s",
          "probability_on_actions_losing_over_0_1bb": 0.0002061875056824647,
          "reference_expected_action_loss_bb": 0.0002544600605975176,
          "reference_probabilities": [
            0.00025401057791896164,
            0.00009359139949083328,
            0.9996523857116699
          ]
        },
        {
          "action_values_bb": [
            0.0,
            -0.2500574253490951,
            1.1588342315132285
          ],
          "candidate_probabilities": [
            0.00008723786595510319,
            0.00014274784189183265,
            0.9997699856758118
          ],
          "class_index": 136,
          "conditional_hand_mass": 0.0030165911925363843,
          "expected_action_loss_bb": 0.0003022104688294411,
          "hand": "Q8s",
          "probability_on_actions_losing_over_0_1bb": 0.00022998570784693584,
          "reference_expected_action_loss_bb": 0.0005094963206523391,
          "reference_probabilities": [
            0.00014707421360071748,
            0.0002406584535492584,
            0.9996122121810913
          ]
        },
        {
          "action_values_bb": [
            0.0,
            0.33146067959873854,
            1.4611643335049698
          ],
          "candidate_probabilities": [
            0.000023798886104486883,
            0.000079310942965094,
            0.9998968839645386
          ],
          "class_index": 137,
          "conditional_hand_mass": 0.0030165911925363843,
          "expected_action_loss_bb": 0.00012437194561543867,
          "hand": "Q9s",
          "probability_on_actions_losing_over_0_1bb": 0.00010310982906958088,
          "reference_expected_action_loss_bb": 0.00020968429224014196,
          "reference_probabilities": [
            0.000040123628423316404,
            0.00013371389650274068,
            0.999826192855835
          ]
        },
        {
          "action_values_bb": [
            0.0,
            0.7064901187048834,
            1.876337649280762
          ],
          "candidate_probabilities": [
            0.00011103657016064972,
            0.00001586920188856311,
            0.9998730421066284
          ],
          "class_index": 138,
          "conditional_hand_mass": 0.0030165911925363843,
          "expected_action_loss_bb": 0.00022690664368097752,
          "hand": "QTs",
          "probability_on_actions_losing_over_0_1bb": 0.00012690577204921283,
          "reference_expected_action_loss_bb": 0.0003825628626741491,
          "reference_probabilities": [
            0.00018720680964179337,
            0.000026755347789730877,
            0.9997860789299011
          ]
        },
        {
          "action_values_bb": [
            0.0,
            0.45170768422323937,
            1.8890332894171284
          ],
          "candidate_probabilities": [
            0.00004759354123962112,
            0.00010311005462426692,
            0.9998493194580078
          ],
          "class_index": 139,
          "conditional_hand_mass": 0.0030165911925363843,
          "expected_action_loss_bb": 0.00023810850542729068,
          "hand": "QJs",
          "probability_on_actions_losing_over_0_1bb": 0.00015070359586388804,
          "reference_expected_action_loss_bb": 0.0004014597388977681,
          "reference_probabilities": [
            0.00008024445560295135,
            0.0001738473802106455,
            0.9997459053993225
          ]
        },
        {
          "action_values_bb": [
            0.0,
            2.698190768090028,
            5.511232532393447
          ],
          "candidate_probabilities": [
            0.00008989002526504919,
            0.00002644384585437365,
            0.9998836517333984
          ],
          "class_index": 140,
          "conditional_hand_mass": 0.0045248869052198935,
          "expected_action_loss_bb": 0.0005697924743755629,
          "hand": "QQ",
          "probability_on_actions_losing_over_0_1bb": 0.00011633387111942284,
          "reference_expected_action_loss_bb": 0.0009606770921644478,
          "reference_probabilities": [
            0.00015155567962210625,
            0.00004458465627976693,
            0.9998038411140442
          ]
        },
        {
          "action_values_bb": [
            0.0,
            0.09085247157733929,
            2.256590243330743
          ],
          "candidate_probabilities": [
            0.000023802715077181347,
            0.0000423097335442435,
            0.9999338388442993
          ],
          "class_index": 141,
          "conditional_hand_mass": 0.009049773810439787,
          "expected_action_loss_bb": 0.00014534476265753917,
          "hand": "KQo",
          "probability_on_actions_losing_over_0_1bb": 0.00006611244862142485,
          "reference_expected_action_loss_bb": 0.00024507033109886914,
          "reference_probabilities": [
            0.00004013449142803438,
            0.00007133976760087535,
            0.9998884797096252
          ]
        },
        {
          "action_values_bb": [
            0.0,
            0.5774190190819052,
            2.531408033797025
          ],
          "candidate_probabilities": [
            2.6518703180045122e-6,
            0.000021159146854188293,
            0.9999762177467346
          ],
          "class_index": 142,
          "conditional_hand_mass": 0.009049773810439787,
          "expected_action_loss_bb": 0.0000480577063414124,
          "hand": "AQo",
          "probability_on_actions_losing_over_0_1bb": 0.000023811017172192805,
          "reference_expected_action_loss_bb": 0.0000810323767764067,
          "reference_probabilities": [
            4.471444754017284e-6,
            0.000035677439882420003,
            0.9999598860740662
          ]
        },
        {
          "action_values_bb": [
            0.0,
            -0.20902909026996658,
            0.6563700637762239
          ],
          "candidate_probabilities": [
            0.00009516553836874664,
            0.00015067409549374133,
            0.9997541904449463
          ],
          "class_index": 143,
          "conditional_hand_mass": 0.0030165911925363843,
          "expected_action_loss_bb": 0.00019285704526535158,
          "hand": "K2s",
          "probability_on_actions_losing_over_0_1bb": 0.00024583963386248797,
          "reference_expected_action_loss_bb": 0.00032513225831963695,
          "reference_probabilities": [
            0.00016043685900513083,
            0.00025401724269613624,
            0.9995855689048767
          ]
        },
        {
          "action_values_bb": [
            0.0,
            0.16800289723272774,
            0.9510654814382571
          ],
          "candidate_probabilities": [
            0.000031728417525300756,
            0.00008723923383513466,
            0.9998810291290283
          ],
          "class_index": 144,
          "conditional_hand_mass": 0.0030165911925363843,
          "expected_action_loss_bb": 0.0000984895825800252,
          "hand": "K3s",
          "probability_on_actions_losing_over_0_1bb": 0.00011896765136043541,
          "reference_expected_action_loss_bb": 0.00016604530668849302,
          "reference_probabilities": [
            0.00005349150887923315,
            0.00014707812806591392,
            0.9997994303703308
          ]
        },
        {
          "action_values_bb": [
            0.0,
            -0.03668470253520157,
            0.810740578014544
          ],
          "candidate_probabilities": [
            0.00011896438809344545,
            0.000023799262635293417,
            0.9998572468757629
          ],
          "class_index": 145,
          "conditional_hand_mass": 0.0030165911925363843,
          "expected_action_loss_bb": 0.00011661735358161711,
          "hand": "K4s",
          "probability_on_actions_losing_over_0_1bb": 0.00014276365072873887,
          "reference_expected_action_loss_bb": 0.00019661263890419502,
          "reference_probabilities": [
            0.00020056964422110468,
            0.0000401247052650433,
            0.999759316444397
          ]
        },
        {
          "action_values_bb": [
            0.0,
            -0.3185694244717147,
            1.0162976232722756
          ],
          "candidate_probabilities": [
            0.000055523207265650854,
            0.00011103835277026519,
            0.9998334050178528
          ],
          "class_index": 146,
          "conditional_hand_mass": 0.0030165911925363843,
          "expected_action_loss_bb": 0.00020464954172933454,
          "hand": "K5s",
          "probability_on_actions_losing_over_0_1bb": 0.00016656156003591605,
          "reference_expected_action_loss_bb": 0.000345041129463186,
          "reference_probabilities": [
            0.00009361265983898193,
            0.00018721175729297101,
            0.9997192025184631
          ]
        },
        {
          "action_values_bb": [
            0.0,
            0.012585669568394579,
            1.2395125442815937
          ],
          "candidate_probabilities": [
            0.00014274557179305702,
            0.00004758714567287825,
            0.9998096823692322
          ],
          "class_index": 147,
          "conditional_hand_mass": 0.0030165911925363843,
          "expected_action_loss_bb": 0.00023532087479508925,
          "hand": "K6s",
          "probability_on_actions_losing_over_0_1bb": 0.00019033271746593527,
          "reference_expected_action_loss_bb": 0.00039672293425825286,
          "reference_probabilities": [
            0.00024065202160272747,
            0.00008022624388104305,
            0.9996790885925293
          ]
        },
        {
          "action_values_bb": [
            0.0,
            -0.31599603122478676,
            1.1214912515656463
          ],
          "candidate_probabilities": [
            0.00007930966967251152,
            0.00013482087524607778,
            0.999785840511322
          ],
          "class_index": 148,
          "conditional_hand_mass": 0.0030165911925363843,
          "expected_action_loss_bb": 0.00028274839432319523,
          "hand": "K7s",
          "probability_on_actions_losing_over_0_1bb": 0.0002141305449185893,
          "reference_expected_action_loss_bb": 0.0004766931054926962,
          "reference_probabilities": [
            0.00013371033128350973,
            0.00022729810734745115,
            0.9996389746665955
          ]
        },
        {
          "action_values_bb": [
            0.0,
            0.32813794421944104,
            1.521429098823233
          ],
          "candidate_probabilities": [
            0.000015868950868025422,
            0.00007138238288462162,
            0.9999127984046936
          ],
          "class_index": 149,
          "conditional_hand_mass": 0.0030165911925363843,
          "expected_action_loss_bb": 0.00010932344970917018,
          "hand": "K8s",
          "probability_on_actions_losing_over_0_1bb": 0.00008725133375264704,
          "reference_expected_action_loss_bb": 0.00018431642027999837,
          "reference_probabilities": [
            0.000026754629288916476,
            0.00012034879182465374,
            0.9998528957366943
          ]
        },
        {
          "action_values_bb": [
            0.0,
            0.47604873067067965,
            1.9057316794137407
          ],
          "candidate_probabilities": [
            0.00010310842480976135,
            7.9387791629415e-6,
            0.9998889565467834
          ],
          "class_index": 150,
          "conditional_hand_mass": 0.0030165911925363843,
          "expected_action_loss_bb": 0.00020784692877750608,
          "hand": "K9s",
          "probability_on_actions_losing_over_0_1bb": 0.00011104720397270285,
          "reference_expected_action_loss_bb": 0.000350433910293271,
          "reference_probabilities": [
            0.00017384278180543333,
            0.000013384935300564393,
            0.9998127818107605
          ]
        },
        {
          "action_values_bb": [
            0.0,
            0.32008938014374105,
            2.012870281742956
          ],
          "candidate_probabilities": [
            0.00003965758151025511,
            0.00009516704449197277,
            0.9998652338981628
          ],
          "class_index": 151,
          "conditional_hand_mass": 0.0030165911925363843,
          "expected_action_loss_bb": 0.00024092252264544572,
          "hand": "KTs",
          "probability_on_actions_losing_over_0_1bb": 0.0001348246260022279,
          "reference_expected_action_loss_bb": 0.00040616887919663557,
          "reference_probabilities": [
            0.00006685833795927465,
            0.0001604411518201232,
            0.9997726678848267
          ]
        },
        {
          "action_values_bb": [
            0.0,
            0.8191659924512209,
            2.4003079175903212
          ],
          "candidate_probabilities": [
            0.00012689176946878433,
            0.000031728930480312556,
            0.9998413920402527
          ],
          "class_index": 152,
          "conditional_hand_mass": 0.0030165911925363843,
          "expected_action_loss_bb": 0.0003547472611552149,
          "hand": "KJs",
          "probability_on_actions_losing_over_0_1bb": 0.0001586206999490969,
          "reference_expected_action_loss_bb": 0.0005980814855674896,
          "reference_probabilities": [
            0.00021393151837401092,
            0.00005349296407075599,
            0.9997325539588928
          ]
        },
        {
          "action_values_bb": [
            0.0,
            0.43234619599064894,
            2.7338835189657877
          ],
          "candidate_probabilities": [
            0.00006345236033666879,
            0.00011896630167029798,
            0.9998176097869873
          ],
          "class_index": 153,
          "conditional_hand_mass": 0.0030165911925363843,
          "expected_action_loss_bb": 0.00044727674563440766,
          "hand": "KQs",
          "probability_on_actions_losing_over_0_1bb": 0.00018241866200696677,
          "reference_expected_action_loss_bb": 0.0007541005148522898,
          "reference_probabilities": [
            0.00010697953985072672,
            0.00020057502842973918,
            0.999692440032959
          ]
        },
        {
          "action_values_bb": [
            0.0,
            2.75781657162582,
            6.1757670912777325
          ],
          "candidate_probabilities": [
            0.00010046108218375593,
            0.00003701699461089447,
            0.999862551689148
          ],
          "class_index": 154,
          "conditional_hand_mass": 0.0045248869052198935,
          "expected_action_loss_bb": 0.0007469465012708464,
          "hand": "KK",
          "probability_on_actions_losing_over_0_1bb": 0.0001374780767946504,
          "reference_expected_action_loss_bb": 0.0012593343061004813,
          "reference_probabilities": [
            0.00016937503824010491,
            0.00006240977381821722,
            0.9997682571411133
          ]
        },
        {
          "action_values_bb": [
            0.0,
            0.3767574522382401,
            2.9353796998354835
          ],
          "candidate_probabilities": [
            0.000029089997042319737,
            0.00004759667717735283,
            0.9999233484268188
          ],
          "class_index": 155,
          "conditional_hand_mass": 0.009049773810439787,
          "expected_action_loss_bb": 0.00020717210392397851,
          "hand": "AKo",
          "probability_on_actions_losing_over_0_1bb": 0.00007668667421967257,
          "reference_expected_action_loss_bb": 0.0003493158589306835,
          "reference_probabilities": [
            0.000049049067456508055,
            0.00008025343413464725,
            0.9998706579208374
          ]
        },
        {
          "action_values_bb": [
            0.0,
            -0.06800496849410283,
            1.0733547646797483
          ],
          "candidate_probabilities": [
            0.000023798886104486883,
            0.000079310942965094,
            0.9998968839645386
          ],
          "class_index": 156,
          "conditional_hand_mass": 0.0030165911925363843,
          "expected_action_loss_bb": 0.00011606696449472787,
          "hand": "A2s",
          "probability_on_actions_losing_over_0_1bb": 0.00010310982906958088,
          "reference_expected_action_loss_bb": 0.0001956825449784105,
          "reference_probabilities": [
            0.000040123628423316404,
            0.00013371389650274068,
            0.999826192855835
          ]
        },
        {
          "action_values_bb": [
            0.0,
            0.3120075119732691,
            1.4238288786436784
          ],
          "candidate_probabilities": [
            0.00011103657016064972,
            0.00001586920188856311,
            0.9998730421066284
          ],
          "class_index": 157,
          "conditional_hand_mass": 0.0030165911925363843,
          "expected_action_loss_bb": 0.00017574079291198888,
          "hand": "A3s",
          "probability_on_actions_losing_over_0_1bb": 0.00012690577204921283,
          "reference_expected_action_loss_bb": 0.00029629762919205593,
          "reference_probabilities": [
            0.00018720680964179337,
            0.000026755347789730877,
            0.9997860789299011
          ]
        },
        {
          "action_values_bb": [
            0.0,
            0.17894673825879784,
            1.4848309534068262
          ],
          "candidate_probabilities": [
            0.00004759354123962112,
            0.00010311005462426692,
            0.9998493194580078
          ],
          "class_index": 158,
          "conditional_hand_mass": 0.0030165911925363843,
          "expected_action_loss_bb": 0.0002053181559717149,
          "hand": "A4s",
          "probability_on_actions_losing_over_0_1bb": 0.00015070359586388804,
          "reference_expected_action_loss_bb": 0.00034617400118046164,
          "reference_probabilities": [
            0.00008024445560295135,
            0.0001738473802106455,
            0.9997459053993225
          ]
        },
        {
          "action_values_bb": [
            0.0,
            0.31457598783707635,
            1.6685282935421424
          ],
          "candidate_probabilities": [
            0.00013481875066645443,
            0.00003965821451856755,
            0.9998254776000977
          ],
          "class_index": 159,
          "conditional_hand_mass": 0.0030165911925363843,
          "expected_action_loss_bb": 0.00027864423097454346,
          "hand": "A5s",
          "probability_on_actions_losing_over_0_1bb": 0.00017447696518502198,
          "reference_expected_action_loss_bb": 0.00046976873480140133,
          "reference_probabilities": [
            0.0002272920828545466,
            0.0000668601569486782,
            0.9997058510780334
          ]
        },
        {
          "action_values_bb": [
            0.0,
            -0.16320751736748937,
            1.6704335559839971
          ],
          "candidate_probabilities": [
            0.00007138126238714904,
            0.0001268937485292554,
            0.999801754951477
          ],
          "class_index": 160,
          "conditional_hand_mass": 0.0030165911925363843,
          "expected_action_loss_bb": 0.00035191524521476956,
          "hand": "A6s",
          "probability_on_actions_losing_over_0_1bb": 0.00019827501091640443,
          "reference_expected_action_loss_bb": 0.0005933133645482969,
          "reference_probabilities": [
            0.0001203455904033035,
            0.0002139372081728652,
            0.9996657371520996
          ]
        },
        {
          "action_values_bb": [
            0.0,
            0.20931398184129624,
            1.7510929442779282
          ],
          "candidate_probabilities": [
            7.938654562167358e-6,
            0.00006345335714286193,
            0.9999285936355591
          ],
          "class_index": 161,
          "conditional_hand_mass": 0.0030165911925363843,
          "expected_action_loss_bb": 0.00011173237312971377,
          "hand": "A7s",
          "probability_on_actions_losing_over_0_1bb": 0.00007139201170502929,
          "reference_expected_action_loss_bb": 0.00018838090211322948,
          "reference_probabilities": [
            0.000013384580597630702,
            0.00010698242840589955,
            0.9998796582221985
          ]
        },
        {
          "action_values_bb": [
            0.0,
            0.5561515233494114,
            2.1144166273710634
          ],
          "candidate_probabilities": [
            0.00009516553836874664,
            0.00015067409549374133,
            0.9997541904449463
          ],
          "class_index": 162,
          "conditional_hand_mass": 0.0030165911925363843,
          "expected_action_loss_bb": 0.00043600978176752,
          "hand": "A8s",
          "probability_on_actions_losing_over_0_1bb": 0.00024583963386248797,
          "reference_expected_action_loss_bb": 0.0007350565674368234,
          "reference_probabilities": [
            0.00016043685900513083,
            0.00025401724269613624,
            0.9995855689048767
          ]
        },
        {
          "action_values_bb": [
            0.0,
            0.8545096836312163,
            2.249454375364566
          ],
          "candidate_probabilities": [
            0.000031728417525300756,
            0.00008723923383513466,
            0.9998810291290283
          ],
          "class_index": 163,
          "conditional_hand_mass": 0.0030165911925363843,
          "expected_action_loss_bb": 0.0001930655337748871,
          "hand": "A9s",
          "probability_on_actions_losing_over_0_1bb": 0.00011896765136043541,
          "reference_expected_action_loss_bb": 0.000325492562708868,
          "reference_probabilities": [
            0.00005349150887923315,
            0.00014707812806591392,
            0.9997994303703308
          ]
        },
        {
          "action_values_bb": [
            0.0,
            0.8754151184049976,
            2.519475780137244
          ],
          "candidate_probabilities": [
            0.00011896438809344545,
            0.000023799262635293417,
            0.9998572468757629
          ],
          "class_index": 164,
          "conditional_hand_mass": 0.0030165911925363843,
          "expected_action_loss_bb": 0.00033885532597720334,
          "hand": "ATs",
          "probability_on_actions_losing_over_0_1bb": 0.00014276365072873887,
          "reference_expected_action_loss_bb": 0.0005712978103356756,
          "reference_probabilities": [
            0.00020056964422110468,
            0.0000401247052650433,
            0.999759316444397
          ]
        },
        {
          "action_values_bb": [
            0.0,
            0.2333674172555295,
            2.4741732705507684
          ],
          "candidate_probabilities": [
            0.000055523207265650854,
            0.00011103835277026519,
            0.9998334050178528
          ],
          "class_index": 165,
          "conditional_hand_mass": 0.0030165911925363843,
          "expected_action_loss_bb": 0.00038618942613979543,
          "hand": "AJs",
          "probability_on_actions_losing_over_0_1bb": 0.00016656156003591605,
          "reference_expected_action_loss_bb": 0.0006511191423065475,
          "reference_probabilities": [
            0.00009361265983898193,
            0.00018721175729297101,
            0.9997192025184631
          ]
        },
        {
          "action_values_bb": [
            0.0,
            0.9238283943559469,
            3.079247428786048
          ],
          "candidate_probabilities": [
            0.00014274557179305702,
            0.00004758714567287825,
            0.9998096823692322
          ],
          "class_index": 166,
          "conditional_hand_mass": 0.0030165911925363843,
          "expected_action_loss_bb": 0.0005421191744918849,
          "hand": "AQs",
          "probability_on_actions_losing_over_0_1bb": 0.00019033271746593527,
          "reference_expected_action_loss_bb": 0.0009139482918743947,
          "reference_probabilities": [
            0.00024065202160272747,
            0.00008022624388104305,
            0.9996790885925293
          ]
        },
        {
          "action_values_bb": [
            0.0,
            0.5567435837277236,
            3.4344052756666352
          ],
          "candidate_probabilities": [
            0.00007930966967251152,
            0.00013482087524607778,
            0.999785840511322
          ],
          "class_index": 167,
          "conditional_hand_mass": 0.0030165911925363843,
          "expected_action_loss_bb": 0.0006603504159039648,
          "hand": "AKs",
          "probability_on_actions_losing_over_0_1bb": 0.0002141305449185893,
          "reference_expected_action_loss_bb": 0.0011133025233351981,
          "reference_probabilities": [
            0.00013371033128350973,
            0.00022729810734745115,
            0.9996389746665955
          ]
        },
        {
          "action_values_bb": [
            0.0,
            3.5828488531284206,
            6.972165599880135
          ],
          "candidate_probabilities": [
            0.000010582698450889438,
            0.000047594294301234186,
            0.999941885471344
          ],
          "class_index": 168,
          "conditional_hand_mass": 0.0045248869052198935,
          "expected_action_loss_bb": 0.00023509646481819886,
          "hand": "AA",
          "probability_on_actions_losing_over_0_1bb": 0.000058176992752123624,
          "reference_expected_action_loss_bb": 0.0003963858045837043,
          "reference_probabilities": [
            0.000017843029127107002,
            0.00008024663111427799,
            0.9999018907546997
          ]
        }
      ],
      "joint_reach_independent_model": 0.20000001043081295,
      "opponent_mass": 0.20000000298023224,
      "passes_local_tail_gate": true,
      "path": [
        2
      ],
      "position": "BTN",
      "reference_weighted_action_loss_bb": 0.00016504030265957295,
      "scope": "One-action deviation followed by reference play, same reference arriving ranges; excludes physical-deal validation",
      "status": "evaluated",
      "weighted_action_loss_bb": 0.00014261580026684204,
      "weighted_excess_action_loss_bb": -0.000022424502392730906,
      "worst_relevant_probability_on_strongly_inferior_actions": 0.00024597771698608994
    }
  ],
  "thresholds": {
    "excess_gap_bb": 0.02,
    "max_loss_bb": 0.03,
    "mean_loss_bb": 0.01,
    "reference_gap_bb": 0.005
  },
  "unilateral_max_positive_loss_bb": 0.000325048803904604,
  "unilateral_mean_positive_loss_bb": 0.0002752231383908177,
  "unilateral_replacements": [
    {
      "candidate_vs_reference_opponents_ev_bb": 0.4458665183359731,
      "position": "BTN",
      "reference_ev_bb": 0.44609191580885016,
      "seat": 1,
      "signed_loss_bb": 0.00022539747287703138
    },
    {
      "candidate_vs_reference_opponents_ev_bb": 0.287823942927834,
      "position": "BB",
      "reference_ev_bb": 0.2881489917317386,
      "seat": 3,
      "signed_loss_bb": 0.000325048803904604
    }
  ]
}
