experiment	path	commit	status	metric	value	hypothesis	utc
B001	baseline	bc192bfa0a9b1bd025003fdee3d70ab0d5f8f326	baseline	preflop.2.iteration_ms	0.22	Frozen CUDA preflop baseline, current validated implementation	2026-09-07T00:49:11+00:00
B001	baseline	bc192bfa0a9b1bd025003fdee3d70ab0d5f8f326	baseline	preflop.2.check_ms	0.281	Frozen CUDA preflop baseline, current validated implementation	2026-09-07T00:49:11+00:00
B001	baseline	bc192bfa0a9b1bd025003fdee3d70ab0d5f8f326	baseline	preflop.2.sync_ms	0.027	Frozen CUDA preflop baseline, current validated implementation	2026-09-07T00:49:11+00:00
B001	baseline	bc192bfa0a9b1bd025003fdee3d70ab0d5f8f326	baseline	preflop.6.iteration_ms	33.508	Frozen CUDA preflop baseline, current validated implementation	2026-09-07T00:49:11+00:00
B001	baseline	bc192bfa0a9b1bd025003fdee3d70ab0d5f8f326	baseline	preflop.6.check_ms	34.513	Frozen CUDA preflop baseline, current validated implementation	2026-09-07T00:49:11+00:00
B001	baseline	bc192bfa0a9b1bd025003fdee3d70ab0d5f8f326	baseline	preflop.6.sync_ms	59.988	Frozen CUDA preflop baseline, current validated implementation	2026-09-07T00:49:11+00:00
B001	baseline	bc192bfa0a9b1bd025003fdee3d70ab0d5f8f326	baseline	preflop.8.iteration_ms	152.884	Frozen CUDA preflop baseline, current validated implementation	2026-09-07T00:49:11+00:00
B001	baseline	bc192bfa0a9b1bd025003fdee3d70ab0d5f8f326	baseline	preflop.8.check_ms	141.242	Frozen CUDA preflop baseline, current validated implementation	2026-09-07T00:49:11+00:00
B001	baseline	bc192bfa0a9b1bd025003fdee3d70ab0d5f8f326	baseline	preflop.8.sync_ms	150.459	Frozen CUDA preflop baseline, current validated implementation	2026-09-07T00:49:11+00:00
B002	baseline	bc192bfa0a9b1bd025003fdee3d70ab0d5f8f326	baseline	postflop.Ks7h2d.init_ms	1264.559	Frozen CUDA postflop baseline, wide rainbow and two-tone flops plus river	2026-09-07T00:49:37+00:00
B002	baseline	bc192bfa0a9b1bd025003fdee3d70ab0d5f8f326	baseline	postflop.Ks7h2d.iteration_ms	59.488	Frozen CUDA postflop baseline, wide rainbow and two-tone flops plus river	2026-09-07T00:49:37+00:00
B002	baseline	bc192bfa0a9b1bd025003fdee3d70ab0d5f8f326	baseline	postflop.Ks7h2d.check_ms	41.296	Frozen CUDA postflop baseline, wide rainbow and two-tone flops plus river	2026-09-07T00:49:37+00:00
B002	baseline	bc192bfa0a9b1bd025003fdee3d70ab0d5f8f326	baseline	postflop.Ks7s2d.init_ms	674.325	Frozen CUDA postflop baseline, wide rainbow and two-tone flops plus river	2026-09-07T00:49:37+00:00
B002	baseline	bc192bfa0a9b1bd025003fdee3d70ab0d5f8f326	baseline	postflop.Ks7s2d.iteration_ms	35.163	Frozen CUDA postflop baseline, wide rainbow and two-tone flops plus river	2026-09-07T00:49:37+00:00
B002	baseline	bc192bfa0a9b1bd025003fdee3d70ab0d5f8f326	baseline	postflop.Ks7s2d.check_ms	31.888	Frozen CUDA postflop baseline, wide rainbow and two-tone flops plus river	2026-09-07T00:49:37+00:00
B002	baseline	bc192bfa0a9b1bd025003fdee3d70ab0d5f8f326	baseline	postflop.Ks7h2dQhTc.init_ms	67.607	Frozen CUDA postflop baseline, wide rainbow and two-tone flops plus river	2026-09-07T00:49:37+00:00
B002	baseline	bc192bfa0a9b1bd025003fdee3d70ab0d5f8f326	baseline	postflop.Ks7h2dQhTc.iteration_ms	0.34	Frozen CUDA postflop baseline, wide rainbow and two-tone flops plus river	2026-09-07T00:49:37+00:00
B002	baseline	bc192bfa0a9b1bd025003fdee3d70ab0d5f8f326	baseline	postflop.Ks7h2dQhTc.check_ms	0.635	Frozen CUDA postflop baseline, wide rainbow and two-tone flops plus river	2026-09-07T00:49:37+00:00
B003	baseline	bc192bfa0a9b1bd025003fdee3d70ab0d5f8f326	baseline	cpu.preflop.arena_mb	224.552328	Frozen CPU traversal, reports, profiles, build and save-load baseline	2026-09-07T00:50:12+00:00
B003	baseline	bc192bfa0a9b1bd025003fdee3d70ab0d5f8f326	baseline	cpu.preflop.check_ms	1439.9938	Frozen CPU traversal, reports, profiles, build and save-load baseline	2026-09-07T00:50:12+00:00
B003	baseline	bc192bfa0a9b1bd025003fdee3d70ab0d5f8f326	baseline	cpu.preflop.iteration_ms	204.80818	Frozen CPU traversal, reports, profiles, build and save-load baseline	2026-09-07T00:50:12+00:00
B003	baseline	bc192bfa0a9b1bd025003fdee3d70ab0d5f8f326	baseline	cpu.postflop.arena_mb	104.204192	Frozen CPU traversal, reports, profiles, build and save-load baseline	2026-09-07T00:50:12+00:00
B003	baseline	bc192bfa0a9b1bd025003fdee3d70ab0d5f8f326	baseline	cpu.postflop.iteration_ms	34.42082	Frozen CPU traversal, reports, profiles, build and save-load baseline	2026-09-07T00:50:12+00:00
B003	baseline	bc192bfa0a9b1bd025003fdee3d70ab0d5f8f326	baseline	lifecycle.build_ms	9.987400000000001	Frozen CPU traversal, reports, profiles, build and save-load baseline	2026-09-07T00:50:12+00:00
B003	baseline	bc192bfa0a9b1bd025003fdee3d70ab0d5f8f326	baseline	lifecycle.compressed_load_ms	87.3054	Frozen CPU traversal, reports, profiles, build and save-load baseline	2026-09-07T00:50:12+00:00
B003	baseline	bc192bfa0a9b1bd025003fdee3d70ab0d5f8f326	baseline	lifecycle.load_ms	78.935	Frozen CPU traversal, reports, profiles, build and save-load baseline	2026-09-07T00:50:12+00:00
B003	baseline	bc192bfa0a9b1bd025003fdee3d70ab0d5f8f326	baseline	lifecycle.profile_ms	678.3966	Frozen CPU traversal, reports, profiles, build and save-load baseline	2026-09-07T00:50:12+00:00
B003	baseline	bc192bfa0a9b1bd025003fdee3d70ab0d5f8f326	baseline	lifecycle.report_lines_ms	212.4025	Frozen CPU traversal, reports, profiles, build and save-load baseline	2026-09-07T00:50:12+00:00
B003	baseline	bc192bfa0a9b1bd025003fdee3d70ab0d5f8f326	baseline	lifecycle.save_mb	104.204944	Frozen CPU traversal, reports, profiles, build and save-load baseline	2026-09-07T00:50:12+00:00
B003	baseline	bc192bfa0a9b1bd025003fdee3d70ab0d5f8f326	baseline	lifecycle.save_ms	213.86260000000001	Frozen CPU traversal, reports, profiles, build and save-load baseline	2026-09-07T00:50:12+00:00
E001	preflop_cuda	151e1bd7c761cca2cae7ba70e00de4c5826f8294	keep	preflop.2.iteration_ms	0.094	Capture each alternating seat sweep into a CUDA graph to remove repeated launch overhead	2026-09-07T00:51:33+00:00
E001	preflop_cuda	151e1bd7c761cca2cae7ba70e00de4c5826f8294	keep	preflop.2.check_ms	0.277	Capture each alternating seat sweep into a CUDA graph to remove repeated launch overhead	2026-09-07T00:51:33+00:00
E001	preflop_cuda	151e1bd7c761cca2cae7ba70e00de4c5826f8294	keep	preflop.2.sync_ms	0.027	Capture each alternating seat sweep into a CUDA graph to remove repeated launch overhead	2026-09-07T00:51:33+00:00
E001	preflop_cuda	151e1bd7c761cca2cae7ba70e00de4c5826f8294	keep	preflop.6.iteration_ms	33.016	Capture each alternating seat sweep into a CUDA graph to remove repeated launch overhead	2026-09-07T00:51:33+00:00
E001	preflop_cuda	151e1bd7c761cca2cae7ba70e00de4c5826f8294	keep	preflop.6.check_ms	35.446	Capture each alternating seat sweep into a CUDA graph to remove repeated launch overhead	2026-09-07T00:51:33+00:00
E001	preflop_cuda	151e1bd7c761cca2cae7ba70e00de4c5826f8294	keep	preflop.6.sync_ms	64.298	Capture each alternating seat sweep into a CUDA graph to remove repeated launch overhead	2026-09-07T00:51:33+00:00
E001	preflop_cuda	151e1bd7c761cca2cae7ba70e00de4c5826f8294	keep	preflop.8.iteration_ms	152.021	Capture each alternating seat sweep into a CUDA graph to remove repeated launch overhead	2026-09-07T00:51:33+00:00
E001	preflop_cuda	151e1bd7c761cca2cae7ba70e00de4c5826f8294	keep	preflop.8.check_ms	142.945	Capture each alternating seat sweep into a CUDA graph to remove repeated launch overhead	2026-09-07T00:51:33+00:00
E001	preflop_cuda	151e1bd7c761cca2cae7ba70e00de4c5826f8294	keep	preflop.8.sync_ms	160.593	Capture each alternating seat sweep into a CUDA graph to remove repeated launch overhead	2026-09-07T00:51:33+00:00
E001R	preflop_cuda	151e1bd7c761cca2cae7ba70e00de4c5826f8294	keep	preflop.2.iteration_ms	0.1	Repeat CUDA graph timings and verify identical preflop state fingerprints	2026-09-07T00:52:24+00:00
E001R	preflop_cuda	151e1bd7c761cca2cae7ba70e00de4c5826f8294	keep	preflop.2.check_ms	0.354	Repeat CUDA graph timings and verify identical preflop state fingerprints	2026-09-07T00:52:24+00:00
E001R	preflop_cuda	151e1bd7c761cca2cae7ba70e00de4c5826f8294	keep	preflop.2.sync_ms	0.035	Repeat CUDA graph timings and verify identical preflop state fingerprints	2026-09-07T00:52:24+00:00
E001R	preflop_cuda	151e1bd7c761cca2cae7ba70e00de4c5826f8294	keep	preflop.6.iteration_ms	32.829	Repeat CUDA graph timings and verify identical preflop state fingerprints	2026-09-07T00:52:24+00:00
E001R	preflop_cuda	151e1bd7c761cca2cae7ba70e00de4c5826f8294	keep	preflop.6.check_ms	33.934	Repeat CUDA graph timings and verify identical preflop state fingerprints	2026-09-07T00:52:24+00:00
E001R	preflop_cuda	151e1bd7c761cca2cae7ba70e00de4c5826f8294	keep	preflop.6.sync_ms	56.734	Repeat CUDA graph timings and verify identical preflop state fingerprints	2026-09-07T00:52:24+00:00
E001R	preflop_cuda	151e1bd7c761cca2cae7ba70e00de4c5826f8294	keep	preflop.8.iteration_ms	151.094	Repeat CUDA graph timings and verify identical preflop state fingerprints	2026-09-07T00:52:24+00:00
E001R	preflop_cuda	151e1bd7c761cca2cae7ba70e00de4c5826f8294	keep	preflop.8.check_ms	140.573	Repeat CUDA graph timings and verify identical preflop state fingerprints	2026-09-07T00:52:24+00:00
E001R	preflop_cuda	151e1bd7c761cca2cae7ba70e00de4c5826f8294	keep	preflop.8.sync_ms	156.832	Repeat CUDA graph timings and verify identical preflop state fingerprints	2026-09-07T00:52:24+00:00
E002	cpu_solving	c55a2cd7aeeae96e565476abb8e337210f9a1ab2	discard	cpu.preflop.arena_mb	224.552328	Reuse thread-local preflop traversal scratch and fill average strategies directly into it	2026-09-07T00:56:31+00:00
E002	cpu_solving	c55a2cd7aeeae96e565476abb8e337210f9a1ab2	discard	cpu.preflop.check_ms	1473.7062999999998	Reuse thread-local preflop traversal scratch and fill average strategies directly into it	2026-09-07T00:56:31+00:00
E002	cpu_solving	c55a2cd7aeeae96e565476abb8e337210f9a1ab2	discard	cpu.preflop.iteration_ms	200.46096000000003	Reuse thread-local preflop traversal scratch and fill average strategies directly into it	2026-09-07T00:56:31+00:00
E002R	cpu_solving	60f39955b0615d1111c0421651bb3675f58c5de7	discard	cpu.preflop.arena_mb	224.552328	Repeat scratch-pool trial; initial iteration improvement is marginal and checks may regress	2026-09-07T00:57:55+00:00
E002R	cpu_solving	60f39955b0615d1111c0421651bb3675f58c5de7	discard	cpu.preflop.check_ms	1488.7741999999998	Repeat scratch-pool trial; initial iteration improvement is marginal and checks may regress	2026-09-07T00:57:55+00:00
E002R	cpu_solving	60f39955b0615d1111c0421651bb3675f58c5de7	discard	cpu.preflop.iteration_ms	203.17534	Repeat scratch-pool trial; initial iteration improvement is marginal and checks may regress	2026-09-07T00:57:55+00:00
E003	memory_transfers	6d64a9b664a14be1b4473ee59fc19da83ad79b91	keep	preflop.2.iteration_ms	0.094	Reuse a pinned two-arena snapshot buffer for faster GPU downloads without partial CPU publication	2026-09-07T00:59:34+00:00
E003	memory_transfers	6d64a9b664a14be1b4473ee59fc19da83ad79b91	keep	preflop.2.check_ms	0.296	Reuse a pinned two-arena snapshot buffer for faster GPU downloads without partial CPU publication	2026-09-07T00:59:34+00:00
E003	memory_transfers	6d64a9b664a14be1b4473ee59fc19da83ad79b91	keep	preflop.2.sync_ms	0.016	Reuse a pinned two-arena snapshot buffer for faster GPU downloads without partial CPU publication	2026-09-07T00:59:34+00:00
E003	memory_transfers	6d64a9b664a14be1b4473ee59fc19da83ad79b91	keep	preflop.6.iteration_ms	32.722	Reuse a pinned two-arena snapshot buffer for faster GPU downloads without partial CPU publication	2026-09-07T00:59:34+00:00
E003	memory_transfers	6d64a9b664a14be1b4473ee59fc19da83ad79b91	keep	preflop.6.check_ms	34.4	Reuse a pinned two-arena snapshot buffer for faster GPU downloads without partial CPU publication	2026-09-07T00:59:34+00:00
E003	memory_transfers	6d64a9b664a14be1b4473ee59fc19da83ad79b91	keep	preflop.6.sync_ms	26.615	Reuse a pinned two-arena snapshot buffer for faster GPU downloads without partial CPU publication	2026-09-07T00:59:34+00:00
E003	memory_transfers	6d64a9b664a14be1b4473ee59fc19da83ad79b91	keep	preflop.8.iteration_ms	151.989	Reuse a pinned two-arena snapshot buffer for faster GPU downloads without partial CPU publication	2026-09-07T00:59:34+00:00
E003	memory_transfers	6d64a9b664a14be1b4473ee59fc19da83ad79b91	keep	preflop.8.check_ms	142.487	Reuse a pinned two-arena snapshot buffer for faster GPU downloads without partial CPU publication	2026-09-07T00:59:34+00:00
E003	memory_transfers	6d64a9b664a14be1b4473ee59fc19da83ad79b91	keep	preflop.8.sync_ms	67.567	Reuse a pinned two-arena snapshot buffer for faster GPU downloads without partial CPU publication	2026-09-07T00:59:34+00:00
E003R	memory_transfers	b8c25400452d9971e959bfe8d66c5e2d3c6c93c9	keep	preflop.2.iteration_ms	0.101	Confirm pinned snapshot gain after adding pageable fallback; all CUDA suites passed	2026-09-07T01:01:55+00:00
E003R	memory_transfers	b8c25400452d9971e959bfe8d66c5e2d3c6c93c9	keep	preflop.2.check_ms	0.29	Confirm pinned snapshot gain after adding pageable fallback; all CUDA suites passed	2026-09-07T01:01:55+00:00
E003R	memory_transfers	b8c25400452d9971e959bfe8d66c5e2d3c6c93c9	keep	preflop.2.sync_ms	0.022	Confirm pinned snapshot gain after adding pageable fallback; all CUDA suites passed	2026-09-07T01:01:55+00:00
E003R	memory_transfers	b8c25400452d9971e959bfe8d66c5e2d3c6c93c9	keep	preflop.6.iteration_ms	32.744	Confirm pinned snapshot gain after adding pageable fallback; all CUDA suites passed	2026-09-07T01:01:55+00:00
E003R	memory_transfers	b8c25400452d9971e959bfe8d66c5e2d3c6c93c9	keep	preflop.6.check_ms	34.215	Confirm pinned snapshot gain after adding pageable fallback; all CUDA suites passed	2026-09-07T01:01:55+00:00
E003R	memory_transfers	b8c25400452d9971e959bfe8d66c5e2d3c6c93c9	keep	preflop.6.sync_ms	30.926	Confirm pinned snapshot gain after adding pageable fallback; all CUDA suites passed	2026-09-07T01:01:55+00:00
E003R	memory_transfers	b8c25400452d9971e959bfe8d66c5e2d3c6c93c9	keep	preflop.8.iteration_ms	153.638	Confirm pinned snapshot gain after adding pageable fallback; all CUDA suites passed	2026-09-07T01:01:55+00:00
E003R	memory_transfers	b8c25400452d9971e959bfe8d66c5e2d3c6c93c9	keep	preflop.8.check_ms	140.187	Confirm pinned snapshot gain after adding pageable fallback; all CUDA suites passed	2026-09-07T01:01:55+00:00
E003R	memory_transfers	b8c25400452d9971e959bfe8d66c5e2d3c6c93c9	keep	preflop.8.sync_ms	67.568	Confirm pinned snapshot gain after adding pageable fallback; all CUDA suites passed	2026-09-07T01:01:55+00:00
E004	postflop_cuda	d211e665c0baba6a58e8c42920f0b93a89becb84	discard	postflop.Ks7h2d.init_ms	1014.986	A 256-thread postflop block may reduce per-thread hand work and improve occupancy	2026-09-07T01:04:07+00:00
E004	postflop_cuda	d211e665c0baba6a58e8c42920f0b93a89becb84	discard	postflop.Ks7h2d.iteration_ms	71.482	A 256-thread postflop block may reduce per-thread hand work and improve occupancy	2026-09-07T01:04:07+00:00
E004	postflop_cuda	d211e665c0baba6a58e8c42920f0b93a89becb84	discard	postflop.Ks7h2d.check_ms	58.757	A 256-thread postflop block may reduce per-thread hand work and improve occupancy	2026-09-07T01:04:07+00:00
E004	postflop_cuda	d211e665c0baba6a58e8c42920f0b93a89becb84	discard	postflop.Ks7s2d.init_ms	714.543	A 256-thread postflop block may reduce per-thread hand work and improve occupancy	2026-09-07T01:04:07+00:00
E004	postflop_cuda	d211e665c0baba6a58e8c42920f0b93a89becb84	discard	postflop.Ks7s2d.iteration_ms	42.733	A 256-thread postflop block may reduce per-thread hand work and improve occupancy	2026-09-07T01:04:07+00:00
E004	postflop_cuda	d211e665c0baba6a58e8c42920f0b93a89becb84	discard	postflop.Ks7s2d.check_ms	43.15	A 256-thread postflop block may reduce per-thread hand work and improve occupancy	2026-09-07T01:04:07+00:00
E004	postflop_cuda	d211e665c0baba6a58e8c42920f0b93a89becb84	discard	postflop.Ks7h2dQhTc.init_ms	70.966	A 256-thread postflop block may reduce per-thread hand work and improve occupancy	2026-09-07T01:04:07+00:00
E004	postflop_cuda	d211e665c0baba6a58e8c42920f0b93a89becb84	discard	postflop.Ks7h2dQhTc.iteration_ms	0.305	A 256-thread postflop block may reduce per-thread hand work and improve occupancy	2026-09-07T01:04:07+00:00
E004	postflop_cuda	d211e665c0baba6a58e8c42920f0b93a89becb84	discard	postflop.Ks7h2dQhTc.check_ms	0.721	A 256-thread postflop block may reduce per-thread hand work and improve occupancy	2026-09-07T01:04:07+00:00
E004B	postflop_cuda	1086dd8b8675cc53f01819224f9e970a09e9e1bf	discard	postflop.Ks7h2d.init_ms	1033.552	64-thread blocks may reduce serial prefix overhead and block resource pressure	2026-09-07T01:06:45+00:00
E004B	postflop_cuda	1086dd8b8675cc53f01819224f9e970a09e9e1bf	discard	postflop.Ks7h2d.iteration_ms	61.09	64-thread blocks may reduce serial prefix overhead and block resource pressure	2026-09-07T01:06:45+00:00
E004B	postflop_cuda	1086dd8b8675cc53f01819224f9e970a09e9e1bf	discard	postflop.Ks7h2d.check_ms	40.219	64-thread blocks may reduce serial prefix overhead and block resource pressure	2026-09-07T01:06:45+00:00
E004B	postflop_cuda	1086dd8b8675cc53f01819224f9e970a09e9e1bf	discard	postflop.Ks7s2d.init_ms	691.739	64-thread blocks may reduce serial prefix overhead and block resource pressure	2026-09-07T01:06:45+00:00
E004B	postflop_cuda	1086dd8b8675cc53f01819224f9e970a09e9e1bf	discard	postflop.Ks7s2d.iteration_ms	35.868	64-thread blocks may reduce serial prefix overhead and block resource pressure	2026-09-07T01:06:45+00:00
E004B	postflop_cuda	1086dd8b8675cc53f01819224f9e970a09e9e1bf	discard	postflop.Ks7s2d.check_ms	33.972	64-thread blocks may reduce serial prefix overhead and block resource pressure	2026-09-07T01:06:45+00:00
E004B	postflop_cuda	1086dd8b8675cc53f01819224f9e970a09e9e1bf	discard	postflop.Ks7h2dQhTc.init_ms	69.603	64-thread blocks may reduce serial prefix overhead and block resource pressure	2026-09-07T01:06:45+00:00
E004B	postflop_cuda	1086dd8b8675cc53f01819224f9e970a09e9e1bf	discard	postflop.Ks7h2dQhTc.iteration_ms	0.472	64-thread blocks may reduce serial prefix overhead and block resource pressure	2026-09-07T01:06:45+00:00
E004B	postflop_cuda	1086dd8b8675cc53f01819224f9e970a09e9e1bf	discard	postflop.Ks7h2dQhTc.check_ms	0.863	64-thread blocks may reduce serial prefix overhead and block resource pressure	2026-09-07T01:06:45+00:00
B004	baseline	c6efc14a78eef81be3975a880cc2bc4daaa29087	baseline	preflop.6.allocated_vram_mb	1140.850688	Measure current preflop GPU capacity and initialization before compact reach storage	2026-09-07T01:08:20+00:00
B004	baseline	c6efc14a78eef81be3975a880cc2bc4daaa29087	baseline	preflop.6.build_ms	77.0805	Measure current preflop GPU capacity and initialization before compact reach storage	2026-09-07T01:08:20+00:00
B004	baseline	c6efc14a78eef81be3975a880cc2bc4daaa29087	baseline	preflop.6.cpu_arena_mb	224.552328	Measure current preflop GPU capacity and initialization before compact reach storage	2026-09-07T01:08:20+00:00
B004	baseline	c6efc14a78eef81be3975a880cc2bc4daaa29087	baseline	preflop.6.estimated_vram_mb	1201.382292	Measure current preflop GPU capacity and initialization before compact reach storage	2026-09-07T01:08:20+00:00
B004	baseline	c6efc14a78eef81be3975a880cc2bc4daaa29087	baseline	preflop.6.init_ms	184.7098	Measure current preflop GPU capacity and initialization before compact reach storage	2026-09-07T01:08:20+00:00
B004	baseline	c6efc14a78eef81be3975a880cc2bc4daaa29087	baseline	preflop.8.allocated_vram_mb	3590.324224	Measure current preflop GPU capacity and initialization before compact reach storage	2026-09-07T01:08:20+00:00
B004	baseline	c6efc14a78eef81be3975a880cc2bc4daaa29087	baseline	preflop.8.build_ms	241.9299	Measure current preflop GPU capacity and initialization before compact reach storage	2026-09-07T01:08:20+00:00
B004	baseline	c6efc14a78eef81be3975a880cc2bc4daaa29087	baseline	preflop.8.cpu_arena_mb	587.239848	Measure current preflop GPU capacity and initialization before compact reach storage	2026-09-07T01:08:20+00:00
B004	baseline	c6efc14a78eef81be3975a880cc2bc4daaa29087	baseline	preflop.8.estimated_vram_mb	3632.617572	Measure current preflop GPU capacity and initialization before compact reach storage	2026-09-07T01:08:20+00:00
B004	baseline	c6efc14a78eef81be3975a880cc2bc4daaa29087	baseline	preflop.8.init_ms	325.3486	Measure current preflop GPU capacity and initialization before compact reach storage	2026-09-07T01:08:20+00:00
E005	reports_profiles	6155843a3b3c09a5c8df108e96bc5a9214041941	keep	cpu.postflop.arena_mb	104.204192	Cache board hand categories across betting lines within each report, preserving all summaries	2026-09-07T01:09:56+00:00
E005	reports_profiles	6155843a3b3c09a5c8df108e96bc5a9214041941	keep	cpu.postflop.iteration_ms	32.12578	Cache board hand categories across betting lines within each report, preserving all summaries	2026-09-07T01:09:56+00:00
E005	reports_profiles	6155843a3b3c09a5c8df108e96bc5a9214041941	keep	lifecycle.build_ms	8.9164	Cache board hand categories across betting lines within each report, preserving all summaries	2026-09-07T01:09:56+00:00
E005	reports_profiles	6155843a3b3c09a5c8df108e96bc5a9214041941	keep	lifecycle.compressed_load_ms	86.0775	Cache board hand categories across betting lines within each report, preserving all summaries	2026-09-07T01:09:56+00:00
E005	reports_profiles	6155843a3b3c09a5c8df108e96bc5a9214041941	keep	lifecycle.load_ms	56.057	Cache board hand categories across betting lines within each report, preserving all summaries	2026-09-07T01:09:56+00:00
E005	reports_profiles	6155843a3b3c09a5c8df108e96bc5a9214041941	keep	lifecycle.profile_ms	681.2804	Cache board hand categories across betting lines within each report, preserving all summaries	2026-09-07T01:09:56+00:00
E005	reports_profiles	6155843a3b3c09a5c8df108e96bc5a9214041941	keep	lifecycle.report_lines_ms	68.4324	Cache board hand categories across betting lines within each report, preserving all summaries	2026-09-07T01:09:56+00:00
E005	reports_profiles	6155843a3b3c09a5c8df108e96bc5a9214041941	keep	lifecycle.save_mb	104.204944	Cache board hand categories across betting lines within each report, preserving all summaries	2026-09-07T01:09:56+00:00
E005	reports_profiles	6155843a3b3c09a5c8df108e96bc5a9214041941	keep	lifecycle.save_ms	221.0823	Cache board hand categories across betting lines within each report, preserving all summaries	2026-09-07T01:09:56+00:00
E005R	reports_profiles	6155843a3b3c09a5c8df108e96bc5a9214041941	keep	cpu.postflop.arena_mb	104.204192	Repeat board-category caching; pooled report and profile behavior tests passed	2026-09-07T01:11:56+00:00
E005R	reports_profiles	6155843a3b3c09a5c8df108e96bc5a9214041941	keep	cpu.postflop.iteration_ms	28.47708	Repeat board-category caching; pooled report and profile behavior tests passed	2026-09-07T01:11:56+00:00
E005R	reports_profiles	6155843a3b3c09a5c8df108e96bc5a9214041941	keep	lifecycle.build_ms	8.6211	Repeat board-category caching; pooled report and profile behavior tests passed	2026-09-07T01:11:56+00:00
E005R	reports_profiles	6155843a3b3c09a5c8df108e96bc5a9214041941	keep	lifecycle.compressed_load_ms	85.1046	Repeat board-category caching; pooled report and profile behavior tests passed	2026-09-07T01:11:56+00:00
E005R	reports_profiles	6155843a3b3c09a5c8df108e96bc5a9214041941	keep	lifecycle.load_ms	66.054	Repeat board-category caching; pooled report and profile behavior tests passed	2026-09-07T01:11:56+00:00
E005R	reports_profiles	6155843a3b3c09a5c8df108e96bc5a9214041941	keep	lifecycle.profile_ms	647.8914	Repeat board-category caching; pooled report and profile behavior tests passed	2026-09-07T01:11:56+00:00
E005R	reports_profiles	6155843a3b3c09a5c8df108e96bc5a9214041941	keep	lifecycle.report_lines_ms	67.70439999999999	Repeat board-category caching; pooled report and profile behavior tests passed	2026-09-07T01:11:56+00:00
E005R	reports_profiles	6155843a3b3c09a5c8df108e96bc5a9214041941	keep	lifecycle.save_mb	104.204944	Repeat board-category caching; pooled report and profile behavior tests passed	2026-09-07T01:11:56+00:00
E005R	reports_profiles	6155843a3b3c09a5c8df108e96bc5a9214041941	keep	lifecycle.save_ms	220.3318	Repeat board-category caching; pooled report and profile behavior tests passed	2026-09-07T01:11:56+00:00
E006	build_save_load	9004a81ef2e7087b5a84c3676922a342c80ebb7e	keep	cpu.postflop.arena_mb	104.204192	Eliminate temporary f32 arena allocations and copies during load, retaining validation and file format	2026-09-07T01:14:00+00:00
E006	build_save_load	9004a81ef2e7087b5a84c3676922a342c80ebb7e	keep	cpu.postflop.iteration_ms	27.196720000000003	Eliminate temporary f32 arena allocations and copies during load, retaining validation and file format	2026-09-07T01:14:00+00:00
E006	build_save_load	9004a81ef2e7087b5a84c3676922a342c80ebb7e	keep	lifecycle.build_ms	8.4949	Eliminate temporary f32 arena allocations and copies during load, retaining validation and file format	2026-09-07T01:14:00+00:00
E006	build_save_load	9004a81ef2e7087b5a84c3676922a342c80ebb7e	keep	lifecycle.compressed_load_ms	92.4106	Eliminate temporary f32 arena allocations and copies during load, retaining validation and file format	2026-09-07T01:14:00+00:00
E006	build_save_load	9004a81ef2e7087b5a84c3676922a342c80ebb7e	keep	lifecycle.load_ms	58.6604	Eliminate temporary f32 arena allocations and copies during load, retaining validation and file format	2026-09-07T01:14:00+00:00
E006	build_save_load	9004a81ef2e7087b5a84c3676922a342c80ebb7e	keep	lifecycle.profile_ms	651.1934	Eliminate temporary f32 arena allocations and copies during load, retaining validation and file format	2026-09-07T01:14:00+00:00
E006	build_save_load	9004a81ef2e7087b5a84c3676922a342c80ebb7e	keep	lifecycle.report_lines_ms	70.5333	Eliminate temporary f32 arena allocations and copies during load, retaining validation and file format	2026-09-07T01:14:00+00:00
E006	build_save_load	9004a81ef2e7087b5a84c3676922a342c80ebb7e	keep	lifecycle.save_mb	104.204944	Eliminate temporary f32 arena allocations and copies during load, retaining validation and file format	2026-09-07T01:14:00+00:00
E006	build_save_load	9004a81ef2e7087b5a84c3676922a342c80ebb7e	keep	lifecycle.save_ms	221.40779999999998	Eliminate temporary f32 arena allocations and copies during load, retaining validation and file format	2026-09-07T01:14:00+00:00
E006R	build_save_load	9004a81ef2e7087b5a84c3676922a342c80ebb7e	keep	cpu.postflop.arena_mb	104.204192	Repeat direct-arena load after warm controls; compare both latency and process memory	2026-09-07T01:16:05+00:00
E006R	build_save_load	9004a81ef2e7087b5a84c3676922a342c80ebb7e	keep	cpu.postflop.iteration_ms	32.7023	Repeat direct-arena load after warm controls; compare both latency and process memory	2026-09-07T01:16:05+00:00
E006R	build_save_load	9004a81ef2e7087b5a84c3676922a342c80ebb7e	keep	lifecycle.build_ms	9.134	Repeat direct-arena load after warm controls; compare both latency and process memory	2026-09-07T01:16:05+00:00
E006R	build_save_load	9004a81ef2e7087b5a84c3676922a342c80ebb7e	keep	lifecycle.compressed_load_ms	96.8628	Repeat direct-arena load after warm controls; compare both latency and process memory	2026-09-07T01:16:05+00:00
E006R	build_save_load	9004a81ef2e7087b5a84c3676922a342c80ebb7e	keep	lifecycle.load_ms	43.0471	Repeat direct-arena load after warm controls; compare both latency and process memory	2026-09-07T01:16:05+00:00
E006R	build_save_load	9004a81ef2e7087b5a84c3676922a342c80ebb7e	keep	lifecycle.profile_ms	681.342	Repeat direct-arena load after warm controls; compare both latency and process memory	2026-09-07T01:16:05+00:00
E006R	build_save_load	9004a81ef2e7087b5a84c3676922a342c80ebb7e	keep	lifecycle.report_lines_ms	72.2329	Repeat direct-arena load after warm controls; compare both latency and process memory	2026-09-07T01:16:05+00:00
E006R	build_save_load	9004a81ef2e7087b5a84c3676922a342c80ebb7e	keep	lifecycle.save_mb	104.204944	Repeat direct-arena load after warm controls; compare both latency and process memory	2026-09-07T01:16:05+00:00
E006R	build_save_load	9004a81ef2e7087b5a84c3676922a342c80ebb7e	keep	lifecycle.save_ms	221.5483	Repeat direct-arena load after warm controls; compare both latency and process memory	2026-09-07T01:16:05+00:00
E006W2	build_save_load	19dd982afcd2801ed8cdbe93405a712fa0875b24	keep	lifecycle.warm_load_ms	39.8761	Isolated 20-load median and OS peak working set for direct arena loading	2026-09-07T01:21:21+00:00
E006W2	build_save_load	19dd982afcd2801ed8cdbe93405a712fa0875b24	keep	lifecycle.load_process_memory_mb	172.012	Isolated 20-load median and OS peak working set for direct arena loading	2026-09-07T01:21:21+00:00
B005	baseline	4c75a893020e1c12c83154d7c990db7abc8ac1f2	baseline	lifecycle.warm_load_ms	54.134	Paired original-loader control: same warm-load fixture, 20 samples, OS peak working set	2026-09-07T01:22:37+00:00
B005	baseline	4c75a893020e1c12c83154d7c990db7abc8ac1f2	baseline	lifecycle.load_process_memory_mb	198.885	Paired original-loader control: same warm-load fixture, 20 samples, OS peak working set	2026-09-07T01:22:37+00:00
E007	memory_transfers	4e8c4c9ebe0be70f9e642f5ccb13261cc9cf3967	keep	preflop.6.allocated_vram_mb	603.979776	Store one changed actor reach per edge and alias every unchanged seat reach to its ancestor	2026-09-07T01:26:20+00:00
E007	memory_transfers	4e8c4c9ebe0be70f9e642f5ccb13261cc9cf3967	keep	preflop.6.build_ms	77.01719999999999	Store one changed actor reach per edge and alias every unchanged seat reach to its ancestor	2026-09-07T01:26:20+00:00
E007	memory_transfers	4e8c4c9ebe0be70f9e642f5ccb13261cc9cf3967	keep	preflop.6.cpu_arena_mb	224.552328	Store one changed actor reach per edge and alias every unchanged seat reach to its ancestor	2026-09-07T01:26:20+00:00
E007	memory_transfers	4e8c4c9ebe0be70f9e642f5ccb13261cc9cf3967	keep	preflop.6.estimated_vram_mb	643.987632	Store one changed actor reach per edge and alias every unchanged seat reach to its ancestor	2026-09-07T01:26:20+00:00
E007	memory_transfers	4e8c4c9ebe0be70f9e642f5ccb13261cc9cf3967	keep	preflop.6.init_ms	595.4649	Store one changed actor reach per edge and alias every unchanged seat reach to its ancestor	2026-09-07T01:26:20+00:00
E007	memory_transfers	4e8c4c9ebe0be70f9e642f5ccb13261cc9cf3967	keep	preflop.8.allocated_vram_mb	1543.503872	Store one changed actor reach per edge and alias every unchanged seat reach to its ancestor	2026-09-07T01:26:20+00:00
E007	memory_transfers	4e8c4c9ebe0be70f9e642f5ccb13261cc9cf3967	keep	preflop.8.build_ms	231.4608	Store one changed actor reach per edge and alias every unchanged seat reach to its ancestor	2026-09-07T01:26:20+00:00
E007	memory_transfers	4e8c4c9ebe0be70f9e642f5ccb13261cc9cf3967	keep	preflop.8.cpu_arena_mb	587.239848	Store one changed actor reach per edge and alias every unchanged seat reach to its ancestor	2026-09-07T01:26:20+00:00
E007	memory_transfers	4e8c4c9ebe0be70f9e642f5ccb13261cc9cf3967	keep	preflop.8.estimated_vram_mb	1591.177304	Store one changed actor reach per edge and alias every unchanged seat reach to its ancestor	2026-09-07T01:26:20+00:00
E007	memory_transfers	4e8c4c9ebe0be70f9e642f5ccb13261cc9cf3967	keep	preflop.8.init_ms	268.5756	Store one changed actor reach per edge and alias every unchanged seat reach to its ancestor	2026-09-07T01:26:20+00:00
E007	memory_transfers	4e8c4c9ebe0be70f9e642f5ccb13261cc9cf3967	keep	preflop.2.iteration_ms	0.098	Store one changed actor reach per edge and alias every unchanged seat reach to its ancestor	2026-09-07T01:26:20+00:00
E007	memory_transfers	4e8c4c9ebe0be70f9e642f5ccb13261cc9cf3967	keep	preflop.2.check_ms	0.394	Store one changed actor reach per edge and alias every unchanged seat reach to its ancestor	2026-09-07T01:26:20+00:00
E007	memory_transfers	4e8c4c9ebe0be70f9e642f5ccb13261cc9cf3967	keep	preflop.2.sync_ms	0.035	Store one changed actor reach per edge and alias every unchanged seat reach to its ancestor	2026-09-07T01:26:20+00:00
E007	memory_transfers	4e8c4c9ebe0be70f9e642f5ccb13261cc9cf3967	keep	preflop.6.iteration_ms	24.037	Store one changed actor reach per edge and alias every unchanged seat reach to its ancestor	2026-09-07T01:26:20+00:00
E007	memory_transfers	4e8c4c9ebe0be70f9e642f5ccb13261cc9cf3967	keep	preflop.6.check_ms	32.787	Store one changed actor reach per edge and alias every unchanged seat reach to its ancestor	2026-09-07T01:26:20+00:00
E007	memory_transfers	4e8c4c9ebe0be70f9e642f5ccb13261cc9cf3967	keep	preflop.6.sync_ms	27.716	Store one changed actor reach per edge and alias every unchanged seat reach to its ancestor	2026-09-07T01:26:20+00:00
E007	memory_transfers	4e8c4c9ebe0be70f9e642f5ccb13261cc9cf3967	keep	preflop.8.iteration_ms	106.379	Store one changed actor reach per edge and alias every unchanged seat reach to its ancestor	2026-09-07T01:26:20+00:00
E007	memory_transfers	4e8c4c9ebe0be70f9e642f5ccb13261cc9cf3967	keep	preflop.8.check_ms	133.402	Store one changed actor reach per edge and alias every unchanged seat reach to its ancestor	2026-09-07T01:26:20+00:00
E007	memory_transfers	4e8c4c9ebe0be70f9e642f5ccb13261cc9cf3967	keep	preflop.8.sync_ms	73.445	Store one changed actor reach per edge and alias every unchanged seat reach to its ancestor	2026-09-07T01:26:20+00:00
E007R	memory_transfers	4e8c4c9ebe0be70f9e642f5ccb13261cc9cf3967	keep	preflop.6.allocated_vram_mb	603.979776	Repeat compact reach timing and capacity after CUDA JIT warmup and full preflop equivalence validation	2026-09-07T01:28:54+00:00
E007R	memory_transfers	4e8c4c9ebe0be70f9e642f5ccb13261cc9cf3967	keep	preflop.6.build_ms	79.0233	Repeat compact reach timing and capacity after CUDA JIT warmup and full preflop equivalence validation	2026-09-07T01:28:54+00:00
E007R	memory_transfers	4e8c4c9ebe0be70f9e642f5ccb13261cc9cf3967	keep	preflop.6.cpu_arena_mb	224.552328	Repeat compact reach timing and capacity after CUDA JIT warmup and full preflop equivalence validation	2026-09-07T01:28:54+00:00
E007R	memory_transfers	4e8c4c9ebe0be70f9e642f5ccb13261cc9cf3967	keep	preflop.6.estimated_vram_mb	643.987632	Repeat compact reach timing and capacity after CUDA JIT warmup and full preflop equivalence validation	2026-09-07T01:28:54+00:00
E007R	memory_transfers	4e8c4c9ebe0be70f9e642f5ccb13261cc9cf3967	keep	preflop.6.init_ms	187.6735	Repeat compact reach timing and capacity after CUDA JIT warmup and full preflop equivalence validation	2026-09-07T01:28:54+00:00
E007R	memory_transfers	4e8c4c9ebe0be70f9e642f5ccb13261cc9cf3967	keep	preflop.8.allocated_vram_mb	1543.503872	Repeat compact reach timing and capacity after CUDA JIT warmup and full preflop equivalence validation	2026-09-07T01:28:54+00:00
E007R	memory_transfers	4e8c4c9ebe0be70f9e642f5ccb13261cc9cf3967	keep	preflop.8.build_ms	246.7398	Repeat compact reach timing and capacity after CUDA JIT warmup and full preflop equivalence validation	2026-09-07T01:28:54+00:00
E007R	memory_transfers	4e8c4c9ebe0be70f9e642f5ccb13261cc9cf3967	keep	preflop.8.cpu_arena_mb	587.239848	Repeat compact reach timing and capacity after CUDA JIT warmup and full preflop equivalence validation	2026-09-07T01:28:54+00:00
E007R	memory_transfers	4e8c4c9ebe0be70f9e642f5ccb13261cc9cf3967	keep	preflop.8.estimated_vram_mb	1591.177304	Repeat compact reach timing and capacity after CUDA JIT warmup and full preflop equivalence validation	2026-09-07T01:28:54+00:00
E007R	memory_transfers	4e8c4c9ebe0be70f9e642f5ccb13261cc9cf3967	keep	preflop.8.init_ms	295.3459	Repeat compact reach timing and capacity after CUDA JIT warmup and full preflop equivalence validation	2026-09-07T01:28:54+00:00
E007R	memory_transfers	4e8c4c9ebe0be70f9e642f5ccb13261cc9cf3967	keep	preflop.2.iteration_ms	0.09	Repeat compact reach timing and capacity after CUDA JIT warmup and full preflop equivalence validation	2026-09-07T01:28:54+00:00
E007R	memory_transfers	4e8c4c9ebe0be70f9e642f5ccb13261cc9cf3967	keep	preflop.2.check_ms	0.294	Repeat compact reach timing and capacity after CUDA JIT warmup and full preflop equivalence validation	2026-09-07T01:28:54+00:00
E007R	memory_transfers	4e8c4c9ebe0be70f9e642f5ccb13261cc9cf3967	keep	preflop.2.sync_ms	0.016	Repeat compact reach timing and capacity after CUDA JIT warmup and full preflop equivalence validation	2026-09-07T01:28:54+00:00
E007R	memory_transfers	4e8c4c9ebe0be70f9e642f5ccb13261cc9cf3967	keep	preflop.6.iteration_ms	23.784	Repeat compact reach timing and capacity after CUDA JIT warmup and full preflop equivalence validation	2026-09-07T01:28:54+00:00
E007R	memory_transfers	4e8c4c9ebe0be70f9e642f5ccb13261cc9cf3967	keep	preflop.6.check_ms	32.792	Repeat compact reach timing and capacity after CUDA JIT warmup and full preflop equivalence validation	2026-09-07T01:28:54+00:00
E007R	memory_transfers	4e8c4c9ebe0be70f9e642f5ccb13261cc9cf3967	keep	preflop.6.sync_ms	29.649	Repeat compact reach timing and capacity after CUDA JIT warmup and full preflop equivalence validation	2026-09-07T01:28:54+00:00
E007R	memory_transfers	4e8c4c9ebe0be70f9e642f5ccb13261cc9cf3967	keep	preflop.8.iteration_ms	106.602	Repeat compact reach timing and capacity after CUDA JIT warmup and full preflop equivalence validation	2026-09-07T01:28:54+00:00
E007R	memory_transfers	4e8c4c9ebe0be70f9e642f5ccb13261cc9cf3967	keep	preflop.8.check_ms	133.419	Repeat compact reach timing and capacity after CUDA JIT warmup and full preflop equivalence validation	2026-09-07T01:28:54+00:00
E007R	memory_transfers	4e8c4c9ebe0be70f9e642f5ccb13261cc9cf3967	keep	preflop.8.sync_ms	69.785	Repeat compact reach timing and capacity after CUDA JIT warmup and full preflop equivalence validation	2026-09-07T01:28:54+00:00
E008	cpu_solving	f3fadb13e738fe43c259689429865b13c8b5a47c	keep	cpu.preflop.arena_mb	224.552328	Use opponent-major equity storage to vectorize independent hero hands while preserving each sum order	2026-09-07T01:33:30+00:00
E008	cpu_solving	f3fadb13e738fe43c259689429865b13c8b5a47c	keep	cpu.preflop.check_ms	325.6546	Use opponent-major equity storage to vectorize independent hero hands while preserving each sum order	2026-09-07T01:33:30+00:00
E008	cpu_solving	f3fadb13e738fe43c259689429865b13c8b5a47c	keep	cpu.preflop.iteration_ms	77.83432	Use opponent-major equity storage to vectorize independent hero hands while preserving each sum order	2026-09-07T01:33:30+00:00
E008R	cpu_solving	0f13dcb8b59ae4bc86976e198d22f81a6b726fa4	keep	cpu.preflop.arena_mb	224.552328	Repeat exact batched equity timings after the full CPU solver suite passed	2026-09-07T01:38:49+00:00
E008R	cpu_solving	0f13dcb8b59ae4bc86976e198d22f81a6b726fa4	keep	cpu.preflop.check_ms	338.9815	Repeat exact batched equity timings after the full CPU solver suite passed	2026-09-07T01:38:49+00:00
E008R	cpu_solving	0f13dcb8b59ae4bc86976e198d22f81a6b726fa4	keep	cpu.preflop.iteration_ms	84.69842	Repeat exact batched equity timings after the full CPU solver suite passed	2026-09-07T01:38:49+00:00
B006	baseline	0f13dcb8b59ae4bc86976e198d22f81a6b726fa4	baseline	postflop.Ks7h2d.iso.allocated_vram_mb	7683.964928	Postflop GPU capacity before compact reach slots, with suit isomorphism on and off	2026-09-07T01:41:32+00:00
B006	baseline	0f13dcb8b59ae4bc86976e198d22f81a6b726fa4	baseline	postflop.Ks7h2d.iso.estimated_vram_mb	8088.005516	Postflop GPU capacity before compact reach slots, with suit isomorphism on and off	2026-09-07T01:41:32+00:00
B006	baseline	0f13dcb8b59ae4bc86976e198d22f81a6b726fa4	baseline	postflop.Ks7h2d.iso.init_ms	868.18	Postflop GPU capacity before compact reach slots, with suit isomorphism on and off	2026-09-07T01:41:32+00:00
B006	baseline	0f13dcb8b59ae4bc86976e198d22f81a6b726fa4	baseline	postflop.Ks7h2d.iso.plan_build_ms	93.5086	Postflop GPU capacity before compact reach slots, with suit isomorphism on and off	2026-09-07T01:41:32+00:00
B006	baseline	0f13dcb8b59ae4bc86976e198d22f81a6b726fa4	baseline	postflop.Ks7h2d.iso.staging_memory_mb	4821.59054	Postflop GPU capacity before compact reach slots, with suit isomorphism on and off	2026-09-07T01:41:32+00:00
B006	baseline	0f13dcb8b59ae4bc86976e198d22f81a6b726fa4	baseline	postflop.Ks7s2d.iso.allocated_vram_mb	7683.964928	Postflop GPU capacity before compact reach slots, with suit isomorphism on and off	2026-09-07T01:41:32+00:00
B006	baseline	0f13dcb8b59ae4bc86976e198d22f81a6b726fa4	baseline	postflop.Ks7s2d.iso.estimated_vram_mb	8113.667768	Postflop GPU capacity before compact reach slots, with suit isomorphism on and off	2026-09-07T01:41:32+00:00
B006	baseline	0f13dcb8b59ae4bc86976e198d22f81a6b726fa4	baseline	postflop.Ks7s2d.iso.init_ms	634.1732	Postflop GPU capacity before compact reach slots, with suit isomorphism on and off	2026-09-07T01:41:32+00:00
B006	baseline	0f13dcb8b59ae4bc86976e198d22f81a6b726fa4	baseline	postflop.Ks7s2d.iso.plan_build_ms	68.9306	Postflop GPU capacity before compact reach slots, with suit isomorphism on and off	2026-09-07T01:41:32+00:00
B006	baseline	0f13dcb8b59ae4bc86976e198d22f81a6b726fa4	baseline	postflop.Ks7s2d.iso.staging_memory_mb	4837.752296	Postflop GPU capacity before compact reach slots, with suit isomorphism on and off	2026-09-07T01:41:32+00:00
B006	baseline	0f13dcb8b59ae4bc86976e198d22f81a6b726fa4	baseline	postflop.Ks7s2d.full.allocated_vram_mb	7717.51936	Postflop GPU capacity before compact reach slots, with suit isomorphism on and off	2026-09-07T01:41:32+00:00
B006	baseline	0f13dcb8b59ae4bc86976e198d22f81a6b726fa4	baseline	postflop.Ks7s2d.full.estimated_vram_mb	8113.667768	Postflop GPU capacity before compact reach slots, with suit isomorphism on and off	2026-09-07T01:41:32+00:00
B006	baseline	0f13dcb8b59ae4bc86976e198d22f81a6b726fa4	baseline	postflop.Ks7s2d.full.init_ms	663.1458	Postflop GPU capacity before compact reach slots, with suit isomorphism on and off	2026-09-07T01:41:32+00:00
B006	baseline	0f13dcb8b59ae4bc86976e198d22f81a6b726fa4	baseline	postflop.Ks7s2d.full.plan_build_ms	128.3491	Postflop GPU capacity before compact reach slots, with suit isomorphism on and off	2026-09-07T01:41:32+00:00
B006	baseline	0f13dcb8b59ae4bc86976e198d22f81a6b726fa4	baseline	postflop.Ks7s2d.full.staging_memory_mb	4837.752296	Postflop GPU capacity before compact reach slots, with suit isomorphism on and off	2026-09-07T01:41:32+00:00
B007	baseline	0f13dcb8b59ae4bc86976e198d22f81a6b726fa4	baseline	postflop.Ks7h2d.target_seconds	12.244	Postflop time-to-0.3-percent-exploitability control before compact reach storage	2026-09-07T01:43:33+00:00
B007	baseline	0f13dcb8b59ae4bc86976e198d22f81a6b726fa4	baseline	postflop.Ks7s2d.target_seconds	7.346	Postflop time-to-0.3-percent-exploitability control before compact reach storage	2026-09-07T01:43:33+00:00
B007	baseline	0f13dcb8b59ae4bc86976e198d22f81a6b726fa4	baseline	postflop.Ks7h2dQhTc.target_seconds	0.023	Postflop time-to-0.3-percent-exploitability control before compact reach storage	2026-09-07T01:43:33+00:00
E009	postflop_cuda	4fe013617fc43a951f18977dffe4633bc59070c4	keep	postflop.Ks7h2d.iso.allocated_vram_mb	6274.678784	Dense reach-owner storage reduces postflop VRAM without changing any reach calculation	2026-09-07T01:50:21+00:00
E009	postflop_cuda	4fe013617fc43a951f18977dffe4633bc59070c4	keep	postflop.Ks7h2d.iso.estimated_vram_mb	6716.6347	Dense reach-owner storage reduces postflop VRAM without changing any reach calculation	2026-09-07T01:50:21+00:00
E009	postflop_cuda	4fe013617fc43a951f18977dffe4633bc59070c4	keep	postflop.Ks7h2d.iso.init_ms	1440.1109000000001	Dense reach-owner storage reduces postflop VRAM without changing any reach calculation	2026-09-07T01:50:21+00:00
E009	postflop_cuda	4fe013617fc43a951f18977dffe4633bc59070c4	keep	postflop.Ks7h2d.iso.plan_build_ms	99.9789	Dense reach-owner storage reduces postflop VRAM without changing any reach calculation	2026-09-07T01:50:21+00:00
E009	postflop_cuda	4fe013617fc43a951f18977dffe4633bc59070c4	keep	postflop.Ks7h2d.iso.staging_memory_mb	3415.119456	Dense reach-owner storage reduces postflop VRAM without changing any reach calculation	2026-09-07T01:50:21+00:00
E009	postflop_cuda	4fe013617fc43a951f18977dffe4633bc59070c4	keep	postflop.Ks7s2d.iso.allocated_vram_mb	5637.144576	Dense reach-owner storage reduces postflop VRAM without changing any reach calculation	2026-09-07T01:50:21+00:00
E009	postflop_cuda	4fe013617fc43a951f18977dffe4633bc59070c4	keep	postflop.Ks7s2d.iso.estimated_vram_mb	6737.546704	Dense reach-owner storage reduces postflop VRAM without changing any reach calculation	2026-09-07T01:50:21+00:00
E009	postflop_cuda	4fe013617fc43a951f18977dffe4633bc59070c4	keep	postflop.Ks7s2d.iso.init_ms	642.9473	Dense reach-owner storage reduces postflop VRAM without changing any reach calculation	2026-09-07T01:50:21+00:00
E009	postflop_cuda	4fe013617fc43a951f18977dffe4633bc59070c4	keep	postflop.Ks7s2d.iso.plan_build_ms	87.69399999999999	Dense reach-owner storage reduces postflop VRAM without changing any reach calculation	2026-09-07T01:50:21+00:00
E009	postflop_cuda	4fe013617fc43a951f18977dffe4633bc59070c4	keep	postflop.Ks7s2d.iso.staging_memory_mb	2759.814928	Dense reach-owner storage reduces postflop VRAM without changing any reach calculation	2026-09-07T01:50:21+00:00
E009	postflop_cuda	4fe013617fc43a951f18977dffe4633bc59070c4	keep	postflop.Ks7s2d.full.allocated_vram_mb	6308.233216	Dense reach-owner storage reduces postflop VRAM without changing any reach calculation	2026-09-07T01:50:21+00:00
E009	postflop_cuda	4fe013617fc43a951f18977dffe4633bc59070c4	keep	postflop.Ks7s2d.full.estimated_vram_mb	6737.546704	Dense reach-owner storage reduces postflop VRAM without changing any reach calculation	2026-09-07T01:50:21+00:00
E009	postflop_cuda	4fe013617fc43a951f18977dffe4633bc59070c4	keep	postflop.Ks7s2d.full.init_ms	657.4692	Dense reach-owner storage reduces postflop VRAM without changing any reach calculation	2026-09-07T01:50:21+00:00
E009	postflop_cuda	4fe013617fc43a951f18977dffe4633bc59070c4	keep	postflop.Ks7s2d.full.plan_build_ms	147.3625	Dense reach-owner storage reduces postflop VRAM without changing any reach calculation	2026-09-07T01:50:21+00:00
E009	postflop_cuda	4fe013617fc43a951f18977dffe4633bc59070c4	keep	postflop.Ks7s2d.full.staging_memory_mb	3426.408856	Dense reach-owner storage reduces postflop VRAM without changing any reach calculation	2026-09-07T01:50:21+00:00
E009	postflop_cuda	4fe013617fc43a951f18977dffe4633bc59070c4	keep	postflop.Ks7h2d.init_ms	1216.602	Dense reach-owner storage reduces postflop VRAM without changing any reach calculation	2026-09-07T01:50:21+00:00
E009	postflop_cuda	4fe013617fc43a951f18977dffe4633bc59070c4	keep	postflop.Ks7h2d.iteration_ms	63.968	Dense reach-owner storage reduces postflop VRAM without changing any reach calculation	2026-09-07T01:50:21+00:00
E009	postflop_cuda	4fe013617fc43a951f18977dffe4633bc59070c4	keep	postflop.Ks7h2d.check_ms	45.384	Dense reach-owner storage reduces postflop VRAM without changing any reach calculation	2026-09-07T01:50:21+00:00
E009	postflop_cuda	4fe013617fc43a951f18977dffe4633bc59070c4	keep	postflop.Ks7s2d.init_ms	764.46	Dense reach-owner storage reduces postflop VRAM without changing any reach calculation	2026-09-07T01:50:21+00:00
E009	postflop_cuda	4fe013617fc43a951f18977dffe4633bc59070c4	keep	postflop.Ks7s2d.iteration_ms	37.658	Dense reach-owner storage reduces postflop VRAM without changing any reach calculation	2026-09-07T01:50:21+00:00
E009	postflop_cuda	4fe013617fc43a951f18977dffe4633bc59070c4	keep	postflop.Ks7s2d.check_ms	34.214	Dense reach-owner storage reduces postflop VRAM without changing any reach calculation	2026-09-07T01:50:21+00:00
E009	postflop_cuda	4fe013617fc43a951f18977dffe4633bc59070c4	keep	postflop.Ks7h2dQhTc.init_ms	73.845	Dense reach-owner storage reduces postflop VRAM without changing any reach calculation	2026-09-07T01:50:21+00:00
E009	postflop_cuda	4fe013617fc43a951f18977dffe4633bc59070c4	keep	postflop.Ks7h2dQhTc.iteration_ms	0.365	Dense reach-owner storage reduces postflop VRAM without changing any reach calculation	2026-09-07T01:50:21+00:00
E009	postflop_cuda	4fe013617fc43a951f18977dffe4633bc59070c4	keep	postflop.Ks7h2dQhTc.check_ms	0.881	Dense reach-owner storage reduces postflop VRAM without changing any reach calculation	2026-09-07T01:50:21+00:00
E009R	postflop_cuda	4fe013617fc43a951f18977dffe4633bc59070c4	keep	postflop.Ks7h2d.target_seconds	12.267	Repeat compact postflop reaches and verify time to unchanged 0.3-percent target	2026-09-07T01:51:51+00:00
E009R	postflop_cuda	4fe013617fc43a951f18977dffe4633bc59070c4	keep	postflop.Ks7s2d.target_seconds	7.325	Repeat compact postflop reaches and verify time to unchanged 0.3-percent target	2026-09-07T01:51:51+00:00
E009R	postflop_cuda	4fe013617fc43a951f18977dffe4633bc59070c4	keep	postflop.Ks7h2dQhTc.target_seconds	0.024	Repeat compact postflop reaches and verify time to unchanged 0.3-percent target	2026-09-07T01:51:51+00:00
B008	baseline	b6131a59d8a8561693f8545de49b45fe26723341	baseline	postflop.Ks7h2d.init_ms	1029.168	Paired original reach-storage control after E009 to distinguish timing drift from indirection cost	2026-09-07T01:52:59+00:00
B008	baseline	b6131a59d8a8561693f8545de49b45fe26723341	baseline	postflop.Ks7h2d.iteration_ms	58.918	Paired original reach-storage control after E009 to distinguish timing drift from indirection cost	2026-09-07T01:52:59+00:00
B008	baseline	b6131a59d8a8561693f8545de49b45fe26723341	baseline	postflop.Ks7h2d.check_ms	41.145	Paired original reach-storage control after E009 to distinguish timing drift from indirection cost	2026-09-07T01:52:59+00:00
B008	baseline	b6131a59d8a8561693f8545de49b45fe26723341	baseline	postflop.Ks7s2d.init_ms	776.34	Paired original reach-storage control after E009 to distinguish timing drift from indirection cost	2026-09-07T01:52:59+00:00
B008	baseline	b6131a59d8a8561693f8545de49b45fe26723341	baseline	postflop.Ks7s2d.iteration_ms	34.811	Paired original reach-storage control after E009 to distinguish timing drift from indirection cost	2026-09-07T01:52:59+00:00
B008	baseline	b6131a59d8a8561693f8545de49b45fe26723341	baseline	postflop.Ks7s2d.check_ms	31.529	Paired original reach-storage control after E009 to distinguish timing drift from indirection cost	2026-09-07T01:52:59+00:00
B008	baseline	b6131a59d8a8561693f8545de49b45fe26723341	baseline	postflop.Ks7h2dQhTc.init_ms	68.551	Paired original reach-storage control after E009 to distinguish timing drift from indirection cost	2026-09-07T01:52:59+00:00
B008	baseline	b6131a59d8a8561693f8545de49b45fe26723341	baseline	postflop.Ks7h2dQhTc.iteration_ms	0.338	Paired original reach-storage control after E009 to distinguish timing drift from indirection cost	2026-09-07T01:52:59+00:00
B008	baseline	b6131a59d8a8561693f8545de49b45fe26723341	baseline	postflop.Ks7h2dQhTc.check_ms	0.594	Paired original reach-storage control after E009 to distinguish timing drift from indirection cost	2026-09-07T01:52:59+00:00
E009R2	postflop_cuda	4763e3ea36f56f1bddb30e7e02a671095542614e	keep	postflop.Ks7h2d.iso.allocated_vram_mb	6274.678784	Paired warm repeat of compact reach storage after original-layout control	2026-09-07T01:54:09+00:00
E009R2	postflop_cuda	4763e3ea36f56f1bddb30e7e02a671095542614e	keep	postflop.Ks7h2d.iso.estimated_vram_mb	6716.6347	Paired warm repeat of compact reach storage after original-layout control	2026-09-07T01:54:09+00:00
E009R2	postflop_cuda	4763e3ea36f56f1bddb30e7e02a671095542614e	keep	postflop.Ks7h2d.iso.init_ms	871.3498	Paired warm repeat of compact reach storage after original-layout control	2026-09-07T01:54:09+00:00
E009R2	postflop_cuda	4763e3ea36f56f1bddb30e7e02a671095542614e	keep	postflop.Ks7h2d.iso.plan_build_ms	99.2814	Paired warm repeat of compact reach storage after original-layout control	2026-09-07T01:54:09+00:00
E009R2	postflop_cuda	4763e3ea36f56f1bddb30e7e02a671095542614e	keep	postflop.Ks7h2d.iso.staging_memory_mb	3415.119456	Paired warm repeat of compact reach storage after original-layout control	2026-09-07T01:54:09+00:00
E009R2	postflop_cuda	4763e3ea36f56f1bddb30e7e02a671095542614e	keep	postflop.Ks7s2d.iso.allocated_vram_mb	5637.144576	Paired warm repeat of compact reach storage after original-layout control	2026-09-07T01:54:09+00:00
E009R2	postflop_cuda	4763e3ea36f56f1bddb30e7e02a671095542614e	keep	postflop.Ks7s2d.iso.estimated_vram_mb	6737.546704	Paired warm repeat of compact reach storage after original-layout control	2026-09-07T01:54:09+00:00
E009R2	postflop_cuda	4763e3ea36f56f1bddb30e7e02a671095542614e	keep	postflop.Ks7s2d.iso.init_ms	623.3035	Paired warm repeat of compact reach storage after original-layout control	2026-09-07T01:54:09+00:00
E009R2	postflop_cuda	4763e3ea36f56f1bddb30e7e02a671095542614e	keep	postflop.Ks7s2d.iso.plan_build_ms	133.5797	Paired warm repeat of compact reach storage after original-layout control	2026-09-07T01:54:09+00:00
E009R2	postflop_cuda	4763e3ea36f56f1bddb30e7e02a671095542614e	keep	postflop.Ks7s2d.iso.staging_memory_mb	2759.814928	Paired warm repeat of compact reach storage after original-layout control	2026-09-07T01:54:09+00:00
E009R2	postflop_cuda	4763e3ea36f56f1bddb30e7e02a671095542614e	keep	postflop.Ks7s2d.full.allocated_vram_mb	6308.233216	Paired warm repeat of compact reach storage after original-layout control	2026-09-07T01:54:09+00:00
E009R2	postflop_cuda	4763e3ea36f56f1bddb30e7e02a671095542614e	keep	postflop.Ks7s2d.full.estimated_vram_mb	6737.546704	Paired warm repeat of compact reach storage after original-layout control	2026-09-07T01:54:09+00:00
E009R2	postflop_cuda	4763e3ea36f56f1bddb30e7e02a671095542614e	keep	postflop.Ks7s2d.full.init_ms	592.9345000000001	Paired warm repeat of compact reach storage after original-layout control	2026-09-07T01:54:09+00:00
E009R2	postflop_cuda	4763e3ea36f56f1bddb30e7e02a671095542614e	keep	postflop.Ks7s2d.full.plan_build_ms	93.0251	Paired warm repeat of compact reach storage after original-layout control	2026-09-07T01:54:09+00:00
E009R2	postflop_cuda	4763e3ea36f56f1bddb30e7e02a671095542614e	keep	postflop.Ks7s2d.full.staging_memory_mb	3426.408856	Paired warm repeat of compact reach storage after original-layout control	2026-09-07T01:54:09+00:00
E009R2	postflop_cuda	4763e3ea36f56f1bddb30e7e02a671095542614e	keep	postflop.Ks7h2d.init_ms	1103.302	Paired warm repeat of compact reach storage after original-layout control	2026-09-07T01:54:09+00:00
E009R2	postflop_cuda	4763e3ea36f56f1bddb30e7e02a671095542614e	keep	postflop.Ks7h2d.iteration_ms	59.09	Paired warm repeat of compact reach storage after original-layout control	2026-09-07T01:54:09+00:00
E009R2	postflop_cuda	4763e3ea36f56f1bddb30e7e02a671095542614e	keep	postflop.Ks7h2d.check_ms	40.829	Paired warm repeat of compact reach storage after original-layout control	2026-09-07T01:54:09+00:00
E009R2	postflop_cuda	4763e3ea36f56f1bddb30e7e02a671095542614e	keep	postflop.Ks7s2d.init_ms	704.889	Paired warm repeat of compact reach storage after original-layout control	2026-09-07T01:54:09+00:00
E009R2	postflop_cuda	4763e3ea36f56f1bddb30e7e02a671095542614e	keep	postflop.Ks7s2d.iteration_ms	34.924	Paired warm repeat of compact reach storage after original-layout control	2026-09-07T01:54:09+00:00
E009R2	postflop_cuda	4763e3ea36f56f1bddb30e7e02a671095542614e	keep	postflop.Ks7s2d.check_ms	31.529	Paired warm repeat of compact reach storage after original-layout control	2026-09-07T01:54:09+00:00
E009R2	postflop_cuda	4763e3ea36f56f1bddb30e7e02a671095542614e	keep	postflop.Ks7h2dQhTc.init_ms	88.041	Paired warm repeat of compact reach storage after original-layout control	2026-09-07T01:54:09+00:00
E009R2	postflop_cuda	4763e3ea36f56f1bddb30e7e02a671095542614e	keep	postflop.Ks7h2dQhTc.iteration_ms	0.344	Paired warm repeat of compact reach storage after original-layout control	2026-09-07T01:54:09+00:00
E009R2	postflop_cuda	4763e3ea36f56f1bddb30e7e02a671095542614e	keep	postflop.Ks7h2dQhTc.check_ms	0.77	Paired warm repeat of compact reach storage after original-layout control	2026-09-07T01:54:09+00:00
E010	preflop_cuda	f3e9aba7a6556edd495538342ec0f98583223631	keep	preflop.2.iteration_ms	0.095	Reduce each shared reach mass once per down sweep instead of at every terminal for every opponent	2026-09-07T01:56:01+00:00
E010	preflop_cuda	f3e9aba7a6556edd495538342ec0f98583223631	keep	preflop.2.check_ms	0.295	Reduce each shared reach mass once per down sweep instead of at every terminal for every opponent	2026-09-07T01:56:01+00:00
E010	preflop_cuda	f3e9aba7a6556edd495538342ec0f98583223631	keep	preflop.2.sync_ms	0.039	Reduce each shared reach mass once per down sweep instead of at every terminal for every opponent	2026-09-07T01:56:01+00:00
E010	preflop_cuda	f3e9aba7a6556edd495538342ec0f98583223631	keep	preflop.6.iteration_ms	19.145	Reduce each shared reach mass once per down sweep instead of at every terminal for every opponent	2026-09-07T01:56:01+00:00
E010	preflop_cuda	f3e9aba7a6556edd495538342ec0f98583223631	keep	preflop.6.check_ms	24.308	Reduce each shared reach mass once per down sweep instead of at every terminal for every opponent	2026-09-07T01:56:01+00:00
E010	preflop_cuda	f3e9aba7a6556edd495538342ec0f98583223631	keep	preflop.6.sync_ms	25.43	Reduce each shared reach mass once per down sweep instead of at every terminal for every opponent	2026-09-07T01:56:01+00:00
E010	preflop_cuda	f3e9aba7a6556edd495538342ec0f98583223631	keep	preflop.8.iteration_ms	78.157	Reduce each shared reach mass once per down sweep instead of at every terminal for every opponent	2026-09-07T01:56:01+00:00
E010	preflop_cuda	f3e9aba7a6556edd495538342ec0f98583223631	keep	preflop.8.check_ms	93.947	Reduce each shared reach mass once per down sweep instead of at every terminal for every opponent	2026-09-07T01:56:01+00:00
E010	preflop_cuda	f3e9aba7a6556edd495538342ec0f98583223631	keep	preflop.8.sync_ms	70.391	Reduce each shared reach mass once per down sweep instead of at every terminal for every opponent	2026-09-07T01:56:01+00:00
E010R	preflop_cuda	f3e9aba7a6556edd495538342ec0f98583223631	keep	preflop.2.iteration_ms	0.096	Repeat cached reach masses with full preflop GPU and graph-stop equivalence coverage	2026-09-07T01:57:10+00:00
E010R	preflop_cuda	f3e9aba7a6556edd495538342ec0f98583223631	keep	preflop.2.check_ms	0.289	Repeat cached reach masses with full preflop GPU and graph-stop equivalence coverage	2026-09-07T01:57:10+00:00
E010R	preflop_cuda	f3e9aba7a6556edd495538342ec0f98583223631	keep	preflop.2.sync_ms	0.018	Repeat cached reach masses with full preflop GPU and graph-stop equivalence coverage	2026-09-07T01:57:10+00:00
E010R	preflop_cuda	f3e9aba7a6556edd495538342ec0f98583223631	keep	preflop.6.iteration_ms	19.257	Repeat cached reach masses with full preflop GPU and graph-stop equivalence coverage	2026-09-07T01:57:10+00:00
E010R	preflop_cuda	f3e9aba7a6556edd495538342ec0f98583223631	keep	preflop.6.check_ms	24.453	Repeat cached reach masses with full preflop GPU and graph-stop equivalence coverage	2026-09-07T01:57:10+00:00
E010R	preflop_cuda	f3e9aba7a6556edd495538342ec0f98583223631	keep	preflop.6.sync_ms	26.742	Repeat cached reach masses with full preflop GPU and graph-stop equivalence coverage	2026-09-07T01:57:10+00:00
E010R	preflop_cuda	f3e9aba7a6556edd495538342ec0f98583223631	keep	preflop.8.iteration_ms	78.01	Repeat cached reach masses with full preflop GPU and graph-stop equivalence coverage	2026-09-07T01:57:10+00:00
E010R	preflop_cuda	f3e9aba7a6556edd495538342ec0f98583223631	keep	preflop.8.check_ms	93.785	Repeat cached reach masses with full preflop GPU and graph-stop equivalence coverage	2026-09-07T01:57:10+00:00
E010R	preflop_cuda	f3e9aba7a6556edd495538342ec0f98583223631	keep	preflop.8.sync_ms	66.13	Repeat cached reach masses with full preflop GPU and graph-stop equivalence coverage	2026-09-07T01:57:10+00:00
E011	postflop_cuda	ff045a34a8225df54a3dc3178f66c8336e195f1d	discard	postflop.Ks7h2d.init_ms	1663.934	Replace contended fold atomics with indexed card lists and CPU-order f64 sums	2026-09-07T01:59:17+00:00
E011	postflop_cuda	ff045a34a8225df54a3dc3178f66c8336e195f1d	discard	postflop.Ks7h2d.iteration_ms	113.943	Replace contended fold atomics with indexed card lists and CPU-order f64 sums	2026-09-07T01:59:17+00:00
E011	postflop_cuda	ff045a34a8225df54a3dc3178f66c8336e195f1d	discard	postflop.Ks7h2d.check_ms	93.23	Replace contended fold atomics with indexed card lists and CPU-order f64 sums	2026-09-07T01:59:17+00:00
E011	postflop_cuda	ff045a34a8225df54a3dc3178f66c8336e195f1d	discard	postflop.Ks7s2d.init_ms	662.83	Replace contended fold atomics with indexed card lists and CPU-order f64 sums	2026-09-07T01:59:17+00:00
E011	postflop_cuda	ff045a34a8225df54a3dc3178f66c8336e195f1d	discard	postflop.Ks7s2d.iteration_ms	68.083	Replace contended fold atomics with indexed card lists and CPU-order f64 sums	2026-09-07T01:59:17+00:00
E011	postflop_cuda	ff045a34a8225df54a3dc3178f66c8336e195f1d	discard	postflop.Ks7s2d.check_ms	62.735	Replace contended fold atomics with indexed card lists and CPU-order f64 sums	2026-09-07T01:59:17+00:00
E011	postflop_cuda	ff045a34a8225df54a3dc3178f66c8336e195f1d	discard	postflop.Ks7h2dQhTc.init_ms	72.586	Replace contended fold atomics with indexed card lists and CPU-order f64 sums	2026-09-07T01:59:17+00:00
E011	postflop_cuda	ff045a34a8225df54a3dc3178f66c8336e195f1d	discard	postflop.Ks7h2dQhTc.iteration_ms	0.411	Replace contended fold atomics with indexed card lists and CPU-order f64 sums	2026-09-07T01:59:17+00:00
E011	postflop_cuda	ff045a34a8225df54a3dc3178f66c8336e195f1d	discard	postflop.Ks7h2dQhTc.check_ms	0.616	Replace contended fold atomics with indexed card lists and CPU-order f64 sums	2026-09-07T01:59:17+00:00
E011B	postflop_cuda	fa9da02b6cbd429650975bf5ed36df1375c9a1a7	discard	postflop.Ks7h2d.init_ms	1557.562	Stage opponent reach in shared memory before deterministic CPU-precision fold sums	2026-09-07T02:01:02+00:00
E011B	postflop_cuda	fa9da02b6cbd429650975bf5ed36df1375c9a1a7	discard	postflop.Ks7h2d.iteration_ms	114.255	Stage opponent reach in shared memory before deterministic CPU-precision fold sums	2026-09-07T02:01:02+00:00
E011B	postflop_cuda	fa9da02b6cbd429650975bf5ed36df1375c9a1a7	discard	postflop.Ks7h2d.check_ms	91.642	Stage opponent reach in shared memory before deterministic CPU-precision fold sums	2026-09-07T02:01:02+00:00
E011B	postflop_cuda	fa9da02b6cbd429650975bf5ed36df1375c9a1a7	discard	postflop.Ks7s2d.init_ms	639.241	Stage opponent reach in shared memory before deterministic CPU-precision fold sums	2026-09-07T02:01:02+00:00
E011B	postflop_cuda	fa9da02b6cbd429650975bf5ed36df1375c9a1a7	discard	postflop.Ks7s2d.iteration_ms	69.008	Stage opponent reach in shared memory before deterministic CPU-precision fold sums	2026-09-07T02:01:02+00:00
E011B	postflop_cuda	fa9da02b6cbd429650975bf5ed36df1375c9a1a7	discard	postflop.Ks7s2d.check_ms	63.14	Stage opponent reach in shared memory before deterministic CPU-precision fold sums	2026-09-07T02:01:02+00:00
E011B	postflop_cuda	fa9da02b6cbd429650975bf5ed36df1375c9a1a7	discard	postflop.Ks7h2dQhTc.init_ms	77.253	Stage opponent reach in shared memory before deterministic CPU-precision fold sums	2026-09-07T02:01:02+00:00
E011B	postflop_cuda	fa9da02b6cbd429650975bf5ed36df1375c9a1a7	discard	postflop.Ks7h2dQhTc.iteration_ms	0.406	Stage opponent reach in shared memory before deterministic CPU-precision fold sums	2026-09-07T02:01:02+00:00
E011B	postflop_cuda	fa9da02b6cbd429650975bf5ed36df1375c9a1a7	discard	postflop.Ks7h2dQhTc.check_ms	0.696	Stage opponent reach in shared memory before deterministic CPU-precision fold sums	2026-09-07T02:01:02+00:00
E011C	postflop_cuda	3f6fdb592a2fdd4834d2d4b6ac90483d1856d1a6	discard	postflop.Ks7h2d.init_ms	1526.368	Parallelize fold total with a deterministic f64 reduction tree while retaining indexed card sums	2026-09-07T02:02:31+00:00
E011C	postflop_cuda	3f6fdb592a2fdd4834d2d4b6ac90483d1856d1a6	discard	postflop.Ks7h2d.iteration_ms	69.627	Parallelize fold total with a deterministic f64 reduction tree while retaining indexed card sums	2026-09-07T02:02:31+00:00
E011C	postflop_cuda	3f6fdb592a2fdd4834d2d4b6ac90483d1856d1a6	discard	postflop.Ks7h2d.check_ms	47.892	Parallelize fold total with a deterministic f64 reduction tree while retaining indexed card sums	2026-09-07T02:02:31+00:00
E011C	postflop_cuda	3f6fdb592a2fdd4834d2d4b6ac90483d1856d1a6	discard	postflop.Ks7s2d.init_ms	714.206	Parallelize fold total with a deterministic f64 reduction tree while retaining indexed card sums	2026-09-07T02:02:31+00:00
E011C	postflop_cuda	3f6fdb592a2fdd4834d2d4b6ac90483d1856d1a6	discard	postflop.Ks7s2d.iteration_ms	41.545	Parallelize fold total with a deterministic f64 reduction tree while retaining indexed card sums	2026-09-07T02:02:31+00:00
E011C	postflop_cuda	3f6fdb592a2fdd4834d2d4b6ac90483d1856d1a6	discard	postflop.Ks7s2d.check_ms	35.644	Parallelize fold total with a deterministic f64 reduction tree while retaining indexed card sums	2026-09-07T02:02:31+00:00
E011C	postflop_cuda	3f6fdb592a2fdd4834d2d4b6ac90483d1856d1a6	discard	postflop.Ks7h2dQhTc.init_ms	69.742	Parallelize fold total with a deterministic f64 reduction tree while retaining indexed card sums	2026-09-07T02:02:31+00:00
E011C	postflop_cuda	3f6fdb592a2fdd4834d2d4b6ac90483d1856d1a6	discard	postflop.Ks7h2dQhTc.iteration_ms	0.332	Parallelize fold total with a deterministic f64 reduction tree while retaining indexed card sums	2026-09-07T02:02:31+00:00
E011C	postflop_cuda	3f6fdb592a2fdd4834d2d4b6ac90483d1856d1a6	discard	postflop.Ks7h2dQhTc.check_ms	0.689	Parallelize fold total with a deterministic f64 reduction tree while retaining indexed card sums	2026-09-07T02:02:31+00:00
E011D	postflop_cuda	e30c0f3cfe446c194dfcc1b2d8137098a62951f1	keep	postflop.Ks7h2d.init_ms	1574.626	Remove fold atomics with indexed fixed-order sums at the existing f32 precision	2026-09-07T02:04:14+00:00
E011D	postflop_cuda	e30c0f3cfe446c194dfcc1b2d8137098a62951f1	keep	postflop.Ks7h2d.iteration_ms	58.899	Remove fold atomics with indexed fixed-order sums at the existing f32 precision	2026-09-07T02:04:14+00:00
E011D	postflop_cuda	e30c0f3cfe446c194dfcc1b2d8137098a62951f1	keep	postflop.Ks7h2d.check_ms	36.224	Remove fold atomics with indexed fixed-order sums at the existing f32 precision	2026-09-07T02:04:14+00:00
E011D	postflop_cuda	e30c0f3cfe446c194dfcc1b2d8137098a62951f1	keep	postflop.Ks7s2d.init_ms	768.642	Remove fold atomics with indexed fixed-order sums at the existing f32 precision	2026-09-07T02:04:14+00:00
E011D	postflop_cuda	e30c0f3cfe446c194dfcc1b2d8137098a62951f1	keep	postflop.Ks7s2d.iteration_ms	34.254	Remove fold atomics with indexed fixed-order sums at the existing f32 precision	2026-09-07T02:04:14+00:00
E011D	postflop_cuda	e30c0f3cfe446c194dfcc1b2d8137098a62951f1	keep	postflop.Ks7s2d.check_ms	30.277	Remove fold atomics with indexed fixed-order sums at the existing f32 precision	2026-09-07T02:04:14+00:00
E011D	postflop_cuda	e30c0f3cfe446c194dfcc1b2d8137098a62951f1	keep	postflop.Ks7h2dQhTc.init_ms	80.328	Remove fold atomics with indexed fixed-order sums at the existing f32 precision	2026-09-07T02:04:14+00:00
E011D	postflop_cuda	e30c0f3cfe446c194dfcc1b2d8137098a62951f1	keep	postflop.Ks7h2dQhTc.iteration_ms	0.302	Remove fold atomics with indexed fixed-order sums at the existing f32 precision	2026-09-07T02:04:14+00:00
E011D	postflop_cuda	e30c0f3cfe446c194dfcc1b2d8137098a62951f1	keep	postflop.Ks7h2dQhTc.check_ms	0.736	Remove fold atomics with indexed fixed-order sums at the existing f32 precision	2026-09-07T02:04:14+00:00
E011DR	postflop_cuda	1ec2683d9135f38b49d3e0c120dadbb086b50230	keep	postflop.Ks7h2d.target_seconds	11.882	Verify repeatable learning and time to the same 0.3-percent exploitability with fixed-order f32 folds	2026-09-07T02:06:29+00:00
E011DR	postflop_cuda	1ec2683d9135f38b49d3e0c120dadbb086b50230	keep	postflop.Ks7s2d.target_seconds	7.149	Verify repeatable learning and time to the same 0.3-percent exploitability with fixed-order f32 folds	2026-09-07T02:06:29+00:00
E011DR	postflop_cuda	1ec2683d9135f38b49d3e0c120dadbb086b50230	keep	postflop.Ks7h2dQhTc.target_seconds	0.021	Verify repeatable learning and time to the same 0.3-percent exploitability with fixed-order f32 folds	2026-09-07T02:06:29+00:00
B009	baseline	4b77be8117502022b03a13ddbba41f5d795c1765	baseline	lifecycle.raking_ms	5.6832	Original profile raking across 512 fixed dense, sparse, zero-reach and zero-target cases	2026-09-07T02:07:24+00:00
E011DR2	postflop_cuda	4b77be8117502022b03a13ddbba41f5d795c1765	keep	postflop.Ks7h2d.init_ms	1042.241	Warm fixed-iteration repeat of deterministic fold sums after all accuracy and reproducibility checks passed	2026-09-07T02:07:54+00:00
E011DR2	postflop_cuda	4b77be8117502022b03a13ddbba41f5d795c1765	keep	postflop.Ks7h2d.iteration_ms	56.643	Warm fixed-iteration repeat of deterministic fold sums after all accuracy and reproducibility checks passed	2026-09-07T02:07:54+00:00
E011DR2	postflop_cuda	4b77be8117502022b03a13ddbba41f5d795c1765	keep	postflop.Ks7h2d.check_ms	35.059	Warm fixed-iteration repeat of deterministic fold sums after all accuracy and reproducibility checks passed	2026-09-07T02:07:54+00:00
E011DR2	postflop_cuda	4b77be8117502022b03a13ddbba41f5d795c1765	keep	postflop.Ks7s2d.init_ms	858.983	Warm fixed-iteration repeat of deterministic fold sums after all accuracy and reproducibility checks passed	2026-09-07T02:07:54+00:00
E011DR2	postflop_cuda	4b77be8117502022b03a13ddbba41f5d795c1765	keep	postflop.Ks7s2d.iteration_ms	33.599	Warm fixed-iteration repeat of deterministic fold sums after all accuracy and reproducibility checks passed	2026-09-07T02:07:54+00:00
E011DR2	postflop_cuda	4b77be8117502022b03a13ddbba41f5d795c1765	keep	postflop.Ks7s2d.check_ms	28.463	Warm fixed-iteration repeat of deterministic fold sums after all accuracy and reproducibility checks passed	2026-09-07T02:07:54+00:00
E011DR2	postflop_cuda	4b77be8117502022b03a13ddbba41f5d795c1765	keep	postflop.Ks7h2dQhTc.init_ms	73.606	Warm fixed-iteration repeat of deterministic fold sums after all accuracy and reproducibility checks passed	2026-09-07T02:07:54+00:00
E011DR2	postflop_cuda	4b77be8117502022b03a13ddbba41f5d795c1765	keep	postflop.Ks7h2dQhTc.iteration_ms	0.313	Warm fixed-iteration repeat of deterministic fold sums after all accuracy and reproducibility checks passed	2026-09-07T02:07:54+00:00
E011DR2	postflop_cuda	4b77be8117502022b03a13ddbba41f5d795c1765	keep	postflop.Ks7h2dQhTc.check_ms	0.662	Warm fixed-iteration repeat of deterministic fold sums after all accuracy and reproducibility checks passed	2026-09-07T02:07:54+00:00
E012	reports_profiles	2e4ae15ce344b3c8e359cb9aa2d8868072149216	keep	lifecycle.raking_ms	4.629099999999999	Specialize two-, three- and four-action raking without changing any arithmetic order	2026-09-07T02:09:06+00:00
E012R	reports_profiles	2e4ae15ce344b3c8e359cb9aa2d8868072149216	keep	cpu.preflop.arena_mb	224.552328	Measure specialized raking in full profile generation and verify report/profile/state fingerprints	2026-09-07T02:10:13+00:00
E012R	reports_profiles	2e4ae15ce344b3c8e359cb9aa2d8868072149216	keep	cpu.preflop.check_ms	339.3351	Measure specialized raking in full profile generation and verify report/profile/state fingerprints	2026-09-07T02:10:13+00:00
E012R	reports_profiles	2e4ae15ce344b3c8e359cb9aa2d8868072149216	keep	cpu.preflop.iteration_ms	78.79948	Measure specialized raking in full profile generation and verify report/profile/state fingerprints	2026-09-07T02:10:13+00:00
E012R	reports_profiles	2e4ae15ce344b3c8e359cb9aa2d8868072149216	keep	cpu.postflop.arena_mb	104.204192	Measure specialized raking in full profile generation and verify report/profile/state fingerprints	2026-09-07T02:10:13+00:00
E012R	reports_profiles	2e4ae15ce344b3c8e359cb9aa2d8868072149216	keep	cpu.postflop.iteration_ms	33.886919999999996	Measure specialized raking in full profile generation and verify report/profile/state fingerprints	2026-09-07T02:10:13+00:00
E012R	reports_profiles	2e4ae15ce344b3c8e359cb9aa2d8868072149216	keep	lifecycle.build_ms	7.7875000000000005	Measure specialized raking in full profile generation and verify report/profile/state fingerprints	2026-09-07T02:10:13+00:00
E012R	reports_profiles	2e4ae15ce344b3c8e359cb9aa2d8868072149216	keep	lifecycle.compressed_load_ms	103.52749999999999	Measure specialized raking in full profile generation and verify report/profile/state fingerprints	2026-09-07T02:10:13+00:00
E012R	reports_profiles	2e4ae15ce344b3c8e359cb9aa2d8868072149216	keep	lifecycle.load_ms	48.7379	Measure specialized raking in full profile generation and verify report/profile/state fingerprints	2026-09-07T02:10:13+00:00
E012R	reports_profiles	2e4ae15ce344b3c8e359cb9aa2d8868072149216	keep	lifecycle.profile_ms	592.6199	Measure specialized raking in full profile generation and verify report/profile/state fingerprints	2026-09-07T02:10:13+00:00
E012R	reports_profiles	2e4ae15ce344b3c8e359cb9aa2d8868072149216	keep	lifecycle.report_lines_ms	88.95870000000001	Measure specialized raking in full profile generation and verify report/profile/state fingerprints	2026-09-07T02:10:13+00:00
E012R	reports_profiles	2e4ae15ce344b3c8e359cb9aa2d8868072149216	keep	lifecycle.save_mb	104.204944	Measure specialized raking in full profile generation and verify report/profile/state fingerprints	2026-09-07T02:10:13+00:00
E012R	reports_profiles	2e4ae15ce344b3c8e359cb9aa2d8868072149216	keep	lifecycle.save_ms	221.0937	Measure specialized raking in full profile generation and verify report/profile/state fingerprints	2026-09-07T02:10:13+00:00
E012R2	reports_profiles	2e4ae15ce344b3c8e359cb9aa2d8868072149216	keep	cpu.postflop.arena_mb	104.204192	Repeat full profile specialization workload with immutable profile and solver fingerprints	2026-09-07T02:11:21+00:00
E012R2	reports_profiles	2e4ae15ce344b3c8e359cb9aa2d8868072149216	keep	cpu.postflop.iteration_ms	29.792800000000003	Repeat full profile specialization workload with immutable profile and solver fingerprints	2026-09-07T02:11:21+00:00
E012R2	reports_profiles	2e4ae15ce344b3c8e359cb9aa2d8868072149216	keep	lifecycle.build_ms	10.1053	Repeat full profile specialization workload with immutable profile and solver fingerprints	2026-09-07T02:11:21+00:00
E012R2	reports_profiles	2e4ae15ce344b3c8e359cb9aa2d8868072149216	keep	lifecycle.compressed_load_ms	93.786	Repeat full profile specialization workload with immutable profile and solver fingerprints	2026-09-07T02:11:21+00:00
E012R2	reports_profiles	2e4ae15ce344b3c8e359cb9aa2d8868072149216	keep	lifecycle.load_ms	42.166799999999995	Repeat full profile specialization workload with immutable profile and solver fingerprints	2026-09-07T02:11:21+00:00
E012R2	reports_profiles	2e4ae15ce344b3c8e359cb9aa2d8868072149216	keep	lifecycle.profile_ms	579.7951999999999	Repeat full profile specialization workload with immutable profile and solver fingerprints	2026-09-07T02:11:21+00:00
E012R2	reports_profiles	2e4ae15ce344b3c8e359cb9aa2d8868072149216	keep	lifecycle.report_lines_ms	70.8613	Repeat full profile specialization workload with immutable profile and solver fingerprints	2026-09-07T02:11:21+00:00
E012R2	reports_profiles	2e4ae15ce344b3c8e359cb9aa2d8868072149216	keep	lifecycle.save_mb	104.204944	Repeat full profile specialization workload with immutable profile and solver fingerprints	2026-09-07T02:11:21+00:00
E012R2	reports_profiles	2e4ae15ce344b3c8e359cb9aa2d8868072149216	keep	lifecycle.save_ms	221.23160000000001	Repeat full profile specialization workload with immutable profile and solver fingerprints	2026-09-07T02:11:21+00:00
E013	postflop_cuda	ecf7e1ebfca23eccbe8188bbc66460aba97328e0	keep	postflop.Ks7h2d.iso.allocated_vram_mb	6241.124352	Store CFVs only for visited nodes while preserving every node and chance reference	2026-09-07T02:17:33+00:00
E013	postflop_cuda	ecf7e1ebfca23eccbe8188bbc66460aba97328e0	keep	postflop.Ks7h2d.iso.estimated_vram_mb	6716.6347	Store CFVs only for visited nodes while preserving every node and chance reference	2026-09-07T02:17:33+00:00
E013	postflop_cuda	ecf7e1ebfca23eccbe8188bbc66460aba97328e0	keep	postflop.Ks7h2d.iso.init_ms	1514.7133	Store CFVs only for visited nodes while preserving every node and chance reference	2026-09-07T02:17:33+00:00
E013	postflop_cuda	ecf7e1ebfca23eccbe8188bbc66460aba97328e0	keep	postflop.Ks7h2d.iso.plan_build_ms	103.6747	Store CFVs only for visited nodes while preserving every node and chance reference	2026-09-07T02:17:33+00:00
E013	postflop_cuda	ecf7e1ebfca23eccbe8188bbc66460aba97328e0	keep	postflop.Ks7h2d.iso.staging_memory_mb	3380.293588	Store CFVs only for visited nodes while preserving every node and chance reference	2026-09-07T02:17:33+00:00
E013	postflop_cuda	ecf7e1ebfca23eccbe8188bbc66460aba97328e0	keep	postflop.Ks7s2d.iso.allocated_vram_mb	4932.501504	Store CFVs only for visited nodes while preserving every node and chance reference	2026-09-07T02:17:33+00:00
E013	postflop_cuda	ecf7e1ebfca23eccbe8188bbc66460aba97328e0	keep	postflop.Ks7s2d.iso.estimated_vram_mb	6737.546704	Store CFVs only for visited nodes while preserving every node and chance reference	2026-09-07T02:17:33+00:00
E013	postflop_cuda	ecf7e1ebfca23eccbe8188bbc66460aba97328e0	keep	postflop.Ks7s2d.iso.init_ms	557.8100000000001	Store CFVs only for visited nodes while preserving every node and chance reference	2026-09-07T02:17:33+00:00
E013	postflop_cuda	ecf7e1ebfca23eccbe8188bbc66460aba97328e0	keep	postflop.Ks7s2d.iso.plan_build_ms	85.025	Store CFVs only for visited nodes while preserving every node and chance reference	2026-09-07T02:17:33+00:00
E013	postflop_cuda	ecf7e1ebfca23eccbe8188bbc66460aba97328e0	keep	postflop.Ks7s2d.iso.staging_memory_mb	2063.622928	Store CFVs only for visited nodes while preserving every node and chance reference	2026-09-07T02:17:33+00:00
E013	postflop_cuda	ecf7e1ebfca23eccbe8188bbc66460aba97328e0	keep	postflop.Ks7s2d.full.allocated_vram_mb	6274.678784	Store CFVs only for visited nodes while preserving every node and chance reference	2026-09-07T02:17:33+00:00
E013	postflop_cuda	ecf7e1ebfca23eccbe8188bbc66460aba97328e0	keep	postflop.Ks7s2d.full.estimated_vram_mb	6737.546704	Store CFVs only for visited nodes while preserving every node and chance reference	2026-09-07T02:17:33+00:00
E013	postflop_cuda	ecf7e1ebfca23eccbe8188bbc66460aba97328e0	keep	postflop.Ks7s2d.full.init_ms	636.3002	Store CFVs only for visited nodes while preserving every node and chance reference	2026-09-07T02:17:33+00:00
E013	postflop_cuda	ecf7e1ebfca23eccbe8188bbc66460aba97328e0	keep	postflop.Ks7s2d.full.plan_build_ms	118.643	Store CFVs only for visited nodes while preserving every node and chance reference	2026-09-07T02:17:33+00:00
E013	postflop_cuda	ecf7e1ebfca23eccbe8188bbc66460aba97328e0	keep	postflop.Ks7s2d.full.staging_memory_mb	3391.473816	Store CFVs only for visited nodes while preserving every node and chance reference	2026-09-07T02:17:33+00:00
E013	postflop_cuda	ecf7e1ebfca23eccbe8188bbc66460aba97328e0	keep	postflop.Ks7h2d.init_ms	1208.383	Store CFVs only for visited nodes while preserving every node and chance reference	2026-09-07T02:17:33+00:00
E013	postflop_cuda	ecf7e1ebfca23eccbe8188bbc66460aba97328e0	keep	postflop.Ks7h2d.iteration_ms	57.556	Store CFVs only for visited nodes while preserving every node and chance reference	2026-09-07T02:17:33+00:00
E013	postflop_cuda	ecf7e1ebfca23eccbe8188bbc66460aba97328e0	keep	postflop.Ks7h2d.check_ms	35.825	Store CFVs only for visited nodes while preserving every node and chance reference	2026-09-07T02:17:33+00:00
E013	postflop_cuda	ecf7e1ebfca23eccbe8188bbc66460aba97328e0	keep	postflop.Ks7s2d.init_ms	778.332	Store CFVs only for visited nodes while preserving every node and chance reference	2026-09-07T02:17:33+00:00
E013	postflop_cuda	ecf7e1ebfca23eccbe8188bbc66460aba97328e0	keep	postflop.Ks7s2d.iteration_ms	34.056	Store CFVs only for visited nodes while preserving every node and chance reference	2026-09-07T02:17:33+00:00
E013	postflop_cuda	ecf7e1ebfca23eccbe8188bbc66460aba97328e0	keep	postflop.Ks7s2d.check_ms	29.436	Store CFVs only for visited nodes while preserving every node and chance reference	2026-09-07T02:17:33+00:00
E013	postflop_cuda	ecf7e1ebfca23eccbe8188bbc66460aba97328e0	keep	postflop.Ks7h2dQhTc.init_ms	75.53	Store CFVs only for visited nodes while preserving every node and chance reference	2026-09-07T02:17:33+00:00
E013	postflop_cuda	ecf7e1ebfca23eccbe8188bbc66460aba97328e0	keep	postflop.Ks7h2dQhTc.iteration_ms	0.319	Store CFVs only for visited nodes while preserving every node and chance reference	2026-09-07T02:17:33+00:00
E013	postflop_cuda	ecf7e1ebfca23eccbe8188bbc66460aba97328e0	keep	postflop.Ks7h2dQhTc.check_ms	0.562	Store CFVs only for visited nodes while preserving every node and chance reference	2026-09-07T02:17:33+00:00
E013R	postflop_cuda	ecf7e1ebfca23eccbe8188bbc66460aba97328e0	keep	postflop.Ks7h2d.iso.allocated_vram_mb	6241.124352	Repeat compact CFV timing/capacity and verify slot ownership plus GPU equivalence	2026-09-07T02:18:53+00:00
E013R	postflop_cuda	ecf7e1ebfca23eccbe8188bbc66460aba97328e0	keep	postflop.Ks7h2d.iso.estimated_vram_mb	6716.6347	Repeat compact CFV timing/capacity and verify slot ownership plus GPU equivalence	2026-09-07T02:18:53+00:00
E013R	postflop_cuda	ecf7e1ebfca23eccbe8188bbc66460aba97328e0	keep	postflop.Ks7h2d.iso.init_ms	940.9918	Repeat compact CFV timing/capacity and verify slot ownership plus GPU equivalence	2026-09-07T02:18:53+00:00
E013R	postflop_cuda	ecf7e1ebfca23eccbe8188bbc66460aba97328e0	keep	postflop.Ks7h2d.iso.plan_build_ms	111.2345	Repeat compact CFV timing/capacity and verify slot ownership plus GPU equivalence	2026-09-07T02:18:53+00:00
E013R	postflop_cuda	ecf7e1ebfca23eccbe8188bbc66460aba97328e0	keep	postflop.Ks7h2d.iso.staging_memory_mb	3380.293588	Repeat compact CFV timing/capacity and verify slot ownership plus GPU equivalence	2026-09-07T02:18:53+00:00
E013R	postflop_cuda	ecf7e1ebfca23eccbe8188bbc66460aba97328e0	keep	postflop.Ks7s2d.iso.allocated_vram_mb	4932.501504	Repeat compact CFV timing/capacity and verify slot ownership plus GPU equivalence	2026-09-07T02:18:53+00:00
E013R	postflop_cuda	ecf7e1ebfca23eccbe8188bbc66460aba97328e0	keep	postflop.Ks7s2d.iso.estimated_vram_mb	6737.546704	Repeat compact CFV timing/capacity and verify slot ownership plus GPU equivalence	2026-09-07T02:18:53+00:00
E013R	postflop_cuda	ecf7e1ebfca23eccbe8188bbc66460aba97328e0	keep	postflop.Ks7s2d.iso.init_ms	568.2644	Repeat compact CFV timing/capacity and verify slot ownership plus GPU equivalence	2026-09-07T02:18:53+00:00
E013R	postflop_cuda	ecf7e1ebfca23eccbe8188bbc66460aba97328e0	keep	postflop.Ks7s2d.iso.plan_build_ms	74.5834	Repeat compact CFV timing/capacity and verify slot ownership plus GPU equivalence	2026-09-07T02:18:53+00:00
E013R	postflop_cuda	ecf7e1ebfca23eccbe8188bbc66460aba97328e0	keep	postflop.Ks7s2d.iso.staging_memory_mb	2063.622928	Repeat compact CFV timing/capacity and verify slot ownership plus GPU equivalence	2026-09-07T02:18:53+00:00
E013R	postflop_cuda	ecf7e1ebfca23eccbe8188bbc66460aba97328e0	keep	postflop.Ks7s2d.full.allocated_vram_mb	6274.678784	Repeat compact CFV timing/capacity and verify slot ownership plus GPU equivalence	2026-09-07T02:18:53+00:00
E013R	postflop_cuda	ecf7e1ebfca23eccbe8188bbc66460aba97328e0	keep	postflop.Ks7s2d.full.estimated_vram_mb	6737.546704	Repeat compact CFV timing/capacity and verify slot ownership plus GPU equivalence	2026-09-07T02:18:53+00:00
E013R	postflop_cuda	ecf7e1ebfca23eccbe8188bbc66460aba97328e0	keep	postflop.Ks7s2d.full.init_ms	678.1116000000001	Repeat compact CFV timing/capacity and verify slot ownership plus GPU equivalence	2026-09-07T02:18:53+00:00
E013R	postflop_cuda	ecf7e1ebfca23eccbe8188bbc66460aba97328e0	keep	postflop.Ks7s2d.full.plan_build_ms	104.54140000000001	Repeat compact CFV timing/capacity and verify slot ownership plus GPU equivalence	2026-09-07T02:18:53+00:00
E013R	postflop_cuda	ecf7e1ebfca23eccbe8188bbc66460aba97328e0	keep	postflop.Ks7s2d.full.staging_memory_mb	3391.473816	Repeat compact CFV timing/capacity and verify slot ownership plus GPU equivalence	2026-09-07T02:18:53+00:00
E013R	postflop_cuda	ecf7e1ebfca23eccbe8188bbc66460aba97328e0	keep	postflop.Ks7h2d.init_ms	1137.21	Repeat compact CFV timing/capacity and verify slot ownership plus GPU equivalence	2026-09-07T02:18:53+00:00
E013R	postflop_cuda	ecf7e1ebfca23eccbe8188bbc66460aba97328e0	keep	postflop.Ks7h2d.iteration_ms	57.433	Repeat compact CFV timing/capacity and verify slot ownership plus GPU equivalence	2026-09-07T02:18:53+00:00
E013R	postflop_cuda	ecf7e1ebfca23eccbe8188bbc66460aba97328e0	keep	postflop.Ks7h2d.check_ms	35.68	Repeat compact CFV timing/capacity and verify slot ownership plus GPU equivalence	2026-09-07T02:18:53+00:00
E013R	postflop_cuda	ecf7e1ebfca23eccbe8188bbc66460aba97328e0	keep	postflop.Ks7s2d.init_ms	661.983	Repeat compact CFV timing/capacity and verify slot ownership plus GPU equivalence	2026-09-07T02:18:53+00:00
E013R	postflop_cuda	ecf7e1ebfca23eccbe8188bbc66460aba97328e0	keep	postflop.Ks7s2d.iteration_ms	34.079	Repeat compact CFV timing/capacity and verify slot ownership plus GPU equivalence	2026-09-07T02:18:53+00:00
E013R	postflop_cuda	ecf7e1ebfca23eccbe8188bbc66460aba97328e0	keep	postflop.Ks7s2d.check_ms	28.683	Repeat compact CFV timing/capacity and verify slot ownership plus GPU equivalence	2026-09-07T02:18:53+00:00
E013R	postflop_cuda	ecf7e1ebfca23eccbe8188bbc66460aba97328e0	keep	postflop.Ks7h2dQhTc.init_ms	116.871	Repeat compact CFV timing/capacity and verify slot ownership plus GPU equivalence	2026-09-07T02:18:53+00:00
E013R	postflop_cuda	ecf7e1ebfca23eccbe8188bbc66460aba97328e0	keep	postflop.Ks7h2dQhTc.iteration_ms	0.319	Repeat compact CFV timing/capacity and verify slot ownership plus GPU equivalence	2026-09-07T02:18:53+00:00
E013R	postflop_cuda	ecf7e1ebfca23eccbe8188bbc66460aba97328e0	keep	postflop.Ks7h2dQhTc.check_ms	0.611	Repeat compact CFV timing/capacity and verify slot ownership plus GPU equivalence	2026-09-07T02:18:53+00:00
B011	baseline	ecf7e1ebfca23eccbe8188bbc66460aba97328e0	baseline	preflop.6.allocated_vram_mb	603.979776	Warm preflop initialization/capacity control before eliminating temporary upload copies	2026-09-07T02:19:52+00:00
B011	baseline	ecf7e1ebfca23eccbe8188bbc66460aba97328e0	baseline	preflop.6.build_ms	77.4773	Warm preflop initialization/capacity control before eliminating temporary upload copies	2026-09-07T02:19:52+00:00
B011	baseline	ecf7e1ebfca23eccbe8188bbc66460aba97328e0	baseline	preflop.6.cpu_arena_mb	224.552328	Warm preflop initialization/capacity control before eliminating temporary upload copies	2026-09-07T02:19:52+00:00
B011	baseline	ecf7e1ebfca23eccbe8188bbc66460aba97328e0	baseline	preflop.6.estimated_vram_mb	644.652012	Warm preflop initialization/capacity control before eliminating temporary upload copies	2026-09-07T02:19:52+00:00
B011	baseline	ecf7e1ebfca23eccbe8188bbc66460aba97328e0	baseline	preflop.6.init_ms	166.5338	Warm preflop initialization/capacity control before eliminating temporary upload copies	2026-09-07T02:19:52+00:00
B011	baseline	ecf7e1ebfca23eccbe8188bbc66460aba97328e0	baseline	preflop.8.allocated_vram_mb	1543.503872	Warm preflop initialization/capacity control before eliminating temporary upload copies	2026-09-07T02:19:52+00:00
B011	baseline	ecf7e1ebfca23eccbe8188bbc66460aba97328e0	baseline	preflop.8.build_ms	239.2635	Warm preflop initialization/capacity control before eliminating temporary upload copies	2026-09-07T02:19:52+00:00
B011	baseline	ecf7e1ebfca23eccbe8188bbc66460aba97328e0	baseline	preflop.8.cpu_arena_mb	587.239848	Warm preflop initialization/capacity control before eliminating temporary upload copies	2026-09-07T02:19:52+00:00
B011	baseline	ecf7e1ebfca23eccbe8188bbc66460aba97328e0	baseline	preflop.8.estimated_vram_mb	1592.914732	Warm preflop initialization/capacity control before eliminating temporary upload copies	2026-09-07T02:19:52+00:00
B011	baseline	ecf7e1ebfca23eccbe8188bbc66460aba97328e0	baseline	preflop.8.init_ms	281.7808	Warm preflop initialization/capacity control before eliminating temporary upload copies	2026-09-07T02:19:52+00:00
E014	memory_transfers	a3324e159c22cf547fdc8321ce76bef9ae4a0977	keep	preflop.6.allocated_vram_mb	603.979776	Upload directly from immutable preflop arena slices instead of copying into temporary host vectors	2026-09-07T02:21:48+00:00
E014	memory_transfers	a3324e159c22cf547fdc8321ce76bef9ae4a0977	keep	preflop.6.build_ms	76.637	Upload directly from immutable preflop arena slices instead of copying into temporary host vectors	2026-09-07T02:21:48+00:00
E014	memory_transfers	a3324e159c22cf547fdc8321ce76bef9ae4a0977	keep	preflop.6.cpu_arena_mb	224.552328	Upload directly from immutable preflop arena slices instead of copying into temporary host vectors	2026-09-07T02:21:48+00:00
E014	memory_transfers	a3324e159c22cf547fdc8321ce76bef9ae4a0977	keep	preflop.6.estimated_vram_mb	644.652012	Upload directly from immutable preflop arena slices instead of copying into temporary host vectors	2026-09-07T02:21:48+00:00
E014	memory_transfers	a3324e159c22cf547fdc8321ce76bef9ae4a0977	keep	preflop.6.init_ms	128.98399999999998	Upload directly from immutable preflop arena slices instead of copying into temporary host vectors	2026-09-07T02:21:48+00:00
E014	memory_transfers	a3324e159c22cf547fdc8321ce76bef9ae4a0977	keep	preflop.8.allocated_vram_mb	1543.503872	Upload directly from immutable preflop arena slices instead of copying into temporary host vectors	2026-09-07T02:21:48+00:00
E014	memory_transfers	a3324e159c22cf547fdc8321ce76bef9ae4a0977	keep	preflop.8.build_ms	210.9156	Upload directly from immutable preflop arena slices instead of copying into temporary host vectors	2026-09-07T02:21:48+00:00
E014	memory_transfers	a3324e159c22cf547fdc8321ce76bef9ae4a0977	keep	preflop.8.cpu_arena_mb	587.239848	Upload directly from immutable preflop arena slices instead of copying into temporary host vectors	2026-09-07T02:21:48+00:00
E014	memory_transfers	a3324e159c22cf547fdc8321ce76bef9ae4a0977	keep	preflop.8.estimated_vram_mb	1592.914732	Upload directly from immutable preflop arena slices instead of copying into temporary host vectors	2026-09-07T02:21:48+00:00
E014	memory_transfers	a3324e159c22cf547fdc8321ce76bef9ae4a0977	keep	preflop.8.init_ms	211.3061	Upload directly from immutable preflop arena slices instead of copying into temporary host vectors	2026-09-07T02:21:48+00:00
E014	memory_transfers	a3324e159c22cf547fdc8321ce76bef9ae4a0977	keep	preflop.2.iteration_ms	0.094	Upload directly from immutable preflop arena slices instead of copying into temporary host vectors	2026-09-07T02:21:48+00:00
E014	memory_transfers	a3324e159c22cf547fdc8321ce76bef9ae4a0977	keep	preflop.2.check_ms	0.289	Upload directly from immutable preflop arena slices instead of copying into temporary host vectors	2026-09-07T02:21:48+00:00
E014	memory_transfers	a3324e159c22cf547fdc8321ce76bef9ae4a0977	keep	preflop.2.sync_ms	0.016	Upload directly from immutable preflop arena slices instead of copying into temporary host vectors	2026-09-07T02:21:48+00:00
E014	memory_transfers	a3324e159c22cf547fdc8321ce76bef9ae4a0977	keep	preflop.6.iteration_ms	19.277	Upload directly from immutable preflop arena slices instead of copying into temporary host vectors	2026-09-07T02:21:48+00:00
E014	memory_transfers	a3324e159c22cf547fdc8321ce76bef9ae4a0977	keep	preflop.6.check_ms	24.389	Upload directly from immutable preflop arena slices instead of copying into temporary host vectors	2026-09-07T02:21:48+00:00
E014	memory_transfers	a3324e159c22cf547fdc8321ce76bef9ae4a0977	keep	preflop.6.sync_ms	27.32	Upload directly from immutable preflop arena slices instead of copying into temporary host vectors	2026-09-07T02:21:48+00:00
E014	memory_transfers	a3324e159c22cf547fdc8321ce76bef9ae4a0977	keep	preflop.8.iteration_ms	79.002	Upload directly from immutable preflop arena slices instead of copying into temporary host vectors	2026-09-07T02:21:48+00:00
E014	memory_transfers	a3324e159c22cf547fdc8321ce76bef9ae4a0977	keep	preflop.8.check_ms	94.587	Upload directly from immutable preflop arena slices instead of copying into temporary host vectors	2026-09-07T02:21:48+00:00
E014	memory_transfers	a3324e159c22cf547fdc8321ce76bef9ae4a0977	keep	preflop.8.sync_ms	65.767	Upload directly from immutable preflop arena slices instead of copying into temporary host vectors	2026-09-07T02:21:48+00:00
E014R	memory_transfers	a3324e159c22cf547fdc8321ce76bef9ae4a0977	keep	preflop.6.allocated_vram_mb	603.979776	Repeat direct arena upload initialization and validate preflop GPU equivalence	2026-09-07T02:22:32+00:00
E014R	memory_transfers	a3324e159c22cf547fdc8321ce76bef9ae4a0977	keep	preflop.6.build_ms	77.2499	Repeat direct arena upload initialization and validate preflop GPU equivalence	2026-09-07T02:22:32+00:00
E014R	memory_transfers	a3324e159c22cf547fdc8321ce76bef9ae4a0977	keep	preflop.6.cpu_arena_mb	224.552328	Repeat direct arena upload initialization and validate preflop GPU equivalence	2026-09-07T02:22:32+00:00
E014R	memory_transfers	a3324e159c22cf547fdc8321ce76bef9ae4a0977	keep	preflop.6.estimated_vram_mb	644.652012	Repeat direct arena upload initialization and validate preflop GPU equivalence	2026-09-07T02:22:32+00:00
E014R	memory_transfers	a3324e159c22cf547fdc8321ce76bef9ae4a0977	keep	preflop.6.init_ms	134.9879	Repeat direct arena upload initialization and validate preflop GPU equivalence	2026-09-07T02:22:32+00:00
E014R	memory_transfers	a3324e159c22cf547fdc8321ce76bef9ae4a0977	keep	preflop.8.allocated_vram_mb	1543.503872	Repeat direct arena upload initialization and validate preflop GPU equivalence	2026-09-07T02:22:32+00:00
E014R	memory_transfers	a3324e159c22cf547fdc8321ce76bef9ae4a0977	keep	preflop.8.build_ms	210.4357	Repeat direct arena upload initialization and validate preflop GPU equivalence	2026-09-07T02:22:32+00:00
E014R	memory_transfers	a3324e159c22cf547fdc8321ce76bef9ae4a0977	keep	preflop.8.cpu_arena_mb	587.239848	Repeat direct arena upload initialization and validate preflop GPU equivalence	2026-09-07T02:22:32+00:00
E014R	memory_transfers	a3324e159c22cf547fdc8321ce76bef9ae4a0977	keep	preflop.8.estimated_vram_mb	1592.914732	Repeat direct arena upload initialization and validate preflop GPU equivalence	2026-09-07T02:22:32+00:00
E014R	memory_transfers	a3324e159c22cf547fdc8321ce76bef9ae4a0977	keep	preflop.8.init_ms	213.619	Repeat direct arena upload initialization and validate preflop GPU equivalence	2026-09-07T02:22:32+00:00
E015	preflop_cuda	15ee58576bf279bfb94c02b25b2376558ec8bf98	keep	preflop.6.allocated_vram_mb	671.08864	Reuse exact opponent equity vectors across terminals and seats; limit learning work per traverser and retain uncached budget fallback	2026-09-07T02:27:35+00:00
E015	preflop_cuda	15ee58576bf279bfb94c02b25b2376558ec8bf98	keep	preflop.6.build_ms	80.50160000000001	Reuse exact opponent equity vectors across terminals and seats; limit learning work per traverser and retain uncached budget fallback	2026-09-07T02:27:35+00:00
E015	preflop_cuda	15ee58576bf279bfb94c02b25b2376558ec8bf98	keep	preflop.6.cpu_arena_mb	224.552328	Reuse exact opponent equity vectors across terminals and seats; limit learning work per traverser and retain uncached budget fallback	2026-09-07T02:27:35+00:00
E015	preflop_cuda	15ee58576bf279bfb94c02b25b2376558ec8bf98	keep	preflop.6.estimated_vram_mb	706.776248	Reuse exact opponent equity vectors across terminals and seats; limit learning work per traverser and retain uncached budget fallback	2026-09-07T02:27:35+00:00
E015	preflop_cuda	15ee58576bf279bfb94c02b25b2376558ec8bf98	keep	preflop.6.init_ms	458.4197	Reuse exact opponent equity vectors across terminals and seats; limit learning work per traverser and retain uncached budget fallback	2026-09-07T02:27:35+00:00
E015	preflop_cuda	15ee58576bf279bfb94c02b25b2376558ec8bf98	keep	preflop.8.allocated_vram_mb	1711.276032	Reuse exact opponent equity vectors across terminals and seats; limit learning work per traverser and retain uncached budget fallback	2026-09-07T02:27:35+00:00
E015	preflop_cuda	15ee58576bf279bfb94c02b25b2376558ec8bf98	keep	preflop.8.build_ms	204.3844	Reuse exact opponent equity vectors across terminals and seats; limit learning work per traverser and retain uncached budget fallback	2026-09-07T02:27:35+00:00
E015	preflop_cuda	15ee58576bf279bfb94c02b25b2376558ec8bf98	keep	preflop.8.cpu_arena_mb	587.239848	Reuse exact opponent equity vectors across terminals and seats; limit learning work per traverser and retain uncached budget fallback	2026-09-07T02:27:35+00:00
E015	preflop_cuda	15ee58576bf279bfb94c02b25b2376558ec8bf98	keep	preflop.8.estimated_vram_mb	1750.508472	Reuse exact opponent equity vectors across terminals and seats; limit learning work per traverser and retain uncached budget fallback	2026-09-07T02:27:35+00:00
E015	preflop_cuda	15ee58576bf279bfb94c02b25b2376558ec8bf98	keep	preflop.8.init_ms	235.7224	Reuse exact opponent equity vectors across terminals and seats; limit learning work per traverser and retain uncached budget fallback	2026-09-07T02:27:35+00:00
E015	preflop_cuda	15ee58576bf279bfb94c02b25b2376558ec8bf98	keep	preflop.2.iteration_ms	0.092	Reuse exact opponent equity vectors across terminals and seats; limit learning work per traverser and retain uncached budget fallback	2026-09-07T02:27:35+00:00
E015	preflop_cuda	15ee58576bf279bfb94c02b25b2376558ec8bf98	keep	preflop.2.check_ms	0.437	Reuse exact opponent equity vectors across terminals and seats; limit learning work per traverser and retain uncached budget fallback	2026-09-07T02:27:35+00:00
E015	preflop_cuda	15ee58576bf279bfb94c02b25b2376558ec8bf98	keep	preflop.2.sync_ms	0.026	Reuse exact opponent equity vectors across terminals and seats; limit learning work per traverser and retain uncached budget fallback	2026-09-07T02:27:35+00:00
E015	preflop_cuda	15ee58576bf279bfb94c02b25b2376558ec8bf98	keep	preflop.6.iteration_ms	19.421	Reuse exact opponent equity vectors across terminals and seats; limit learning work per traverser and retain uncached budget fallback	2026-09-07T02:27:35+00:00
E015	preflop_cuda	15ee58576bf279bfb94c02b25b2376558ec8bf98	keep	preflop.6.check_ms	13.398	Reuse exact opponent equity vectors across terminals and seats; limit learning work per traverser and retain uncached budget fallback	2026-09-07T02:27:35+00:00
E015	preflop_cuda	15ee58576bf279bfb94c02b25b2376558ec8bf98	keep	preflop.6.sync_ms	27.09	Reuse exact opponent equity vectors across terminals and seats; limit learning work per traverser and retain uncached budget fallback	2026-09-07T02:27:35+00:00
E015	preflop_cuda	15ee58576bf279bfb94c02b25b2376558ec8bf98	keep	preflop.8.iteration_ms	67.432	Reuse exact opponent equity vectors across terminals and seats; limit learning work per traverser and retain uncached budget fallback	2026-09-07T02:27:35+00:00
E015	preflop_cuda	15ee58576bf279bfb94c02b25b2376558ec8bf98	keep	preflop.8.check_ms	41.632	Reuse exact opponent equity vectors across terminals and seats; limit learning work per traverser and retain uncached budget fallback	2026-09-07T02:27:35+00:00
E015	preflop_cuda	15ee58576bf279bfb94c02b25b2376558ec8bf98	keep	preflop.8.sync_ms	69.404	Reuse exact opponent equity vectors across terminals and seats; limit learning work per traverser and retain uncached budget fallback	2026-09-07T02:27:35+00:00
E015R	preflop_cuda	15ee58576bf279bfb94c02b25b2376558ec8bf98	keep	preflop.6.allocated_vram_mb	671.08864	Repeat exact-equity cache with graph/stop, hero/locks, CPU/GPU and 700 MB fallback checks	2026-09-07T02:29:29+00:00
E015R	preflop_cuda	15ee58576bf279bfb94c02b25b2376558ec8bf98	keep	preflop.6.build_ms	77.4201	Repeat exact-equity cache with graph/stop, hero/locks, CPU/GPU and 700 MB fallback checks	2026-09-07T02:29:29+00:00
E015R	preflop_cuda	15ee58576bf279bfb94c02b25b2376558ec8bf98	keep	preflop.6.cpu_arena_mb	224.552328	Repeat exact-equity cache with graph/stop, hero/locks, CPU/GPU and 700 MB fallback checks	2026-09-07T02:29:29+00:00
E015R	preflop_cuda	15ee58576bf279bfb94c02b25b2376558ec8bf98	keep	preflop.6.estimated_vram_mb	706.776248	Repeat exact-equity cache with graph/stop, hero/locks, CPU/GPU and 700 MB fallback checks	2026-09-07T02:29:29+00:00
E015R	preflop_cuda	15ee58576bf279bfb94c02b25b2376558ec8bf98	keep	preflop.6.init_ms	136.49339999999998	Repeat exact-equity cache with graph/stop, hero/locks, CPU/GPU and 700 MB fallback checks	2026-09-07T02:29:29+00:00
E015R	preflop_cuda	15ee58576bf279bfb94c02b25b2376558ec8bf98	keep	preflop.8.allocated_vram_mb	1711.276032	Repeat exact-equity cache with graph/stop, hero/locks, CPU/GPU and 700 MB fallback checks	2026-09-07T02:29:29+00:00
E015R	preflop_cuda	15ee58576bf279bfb94c02b25b2376558ec8bf98	keep	preflop.8.build_ms	212.8094	Repeat exact-equity cache with graph/stop, hero/locks, CPU/GPU and 700 MB fallback checks	2026-09-07T02:29:29+00:00
E015R	preflop_cuda	15ee58576bf279bfb94c02b25b2376558ec8bf98	keep	preflop.8.cpu_arena_mb	587.239848	Repeat exact-equity cache with graph/stop, hero/locks, CPU/GPU and 700 MB fallback checks	2026-09-07T02:29:29+00:00
E015R	preflop_cuda	15ee58576bf279bfb94c02b25b2376558ec8bf98	keep	preflop.8.estimated_vram_mb	1750.508472	Repeat exact-equity cache with graph/stop, hero/locks, CPU/GPU and 700 MB fallback checks	2026-09-07T02:29:29+00:00
E015R	preflop_cuda	15ee58576bf279bfb94c02b25b2376558ec8bf98	keep	preflop.8.init_ms	230.2584	Repeat exact-equity cache with graph/stop, hero/locks, CPU/GPU and 700 MB fallback checks	2026-09-07T02:29:29+00:00
E015R	preflop_cuda	15ee58576bf279bfb94c02b25b2376558ec8bf98	keep	preflop.2.iteration_ms	0.085	Repeat exact-equity cache with graph/stop, hero/locks, CPU/GPU and 700 MB fallback checks	2026-09-07T02:29:29+00:00
E015R	preflop_cuda	15ee58576bf279bfb94c02b25b2376558ec8bf98	keep	preflop.2.check_ms	0.278	Repeat exact-equity cache with graph/stop, hero/locks, CPU/GPU and 700 MB fallback checks	2026-09-07T02:29:29+00:00
E015R	preflop_cuda	15ee58576bf279bfb94c02b25b2376558ec8bf98	keep	preflop.2.sync_ms	0.016	Repeat exact-equity cache with graph/stop, hero/locks, CPU/GPU and 700 MB fallback checks	2026-09-07T02:29:29+00:00
E015R	preflop_cuda	15ee58576bf279bfb94c02b25b2376558ec8bf98	keep	preflop.6.iteration_ms	19.294	Repeat exact-equity cache with graph/stop, hero/locks, CPU/GPU and 700 MB fallback checks	2026-09-07T02:29:29+00:00
E015R	preflop_cuda	15ee58576bf279bfb94c02b25b2376558ec8bf98	keep	preflop.6.check_ms	13.485	Repeat exact-equity cache with graph/stop, hero/locks, CPU/GPU and 700 MB fallback checks	2026-09-07T02:29:29+00:00
E015R	preflop_cuda	15ee58576bf279bfb94c02b25b2376558ec8bf98	keep	preflop.6.sync_ms	32.833	Repeat exact-equity cache with graph/stop, hero/locks, CPU/GPU and 700 MB fallback checks	2026-09-07T02:29:29+00:00
E015R	preflop_cuda	15ee58576bf279bfb94c02b25b2376558ec8bf98	keep	preflop.8.iteration_ms	67.283	Repeat exact-equity cache with graph/stop, hero/locks, CPU/GPU and 700 MB fallback checks	2026-09-07T02:29:29+00:00
E015R	preflop_cuda	15ee58576bf279bfb94c02b25b2376558ec8bf98	keep	preflop.8.check_ms	41.823	Repeat exact-equity cache with graph/stop, hero/locks, CPU/GPU and 700 MB fallback checks	2026-09-07T02:29:29+00:00
E015R	preflop_cuda	15ee58576bf279bfb94c02b25b2376558ec8bf98	keep	preflop.8.sync_ms	69.003	Repeat exact-equity cache with graph/stop, hero/locks, CPU/GPU and 700 MB fallback checks	2026-09-07T02:29:29+00:00
B012	baseline	0a1ad64816061ddd0ce75ccdca94d9590979a854	baseline	cpu.postflop.arena_mb	104.204192	Fresh CPU postflop/lifecycle control before eliminating showdown scratch storage	2026-09-07T02:43:19+00:00
B012	baseline	0a1ad64816061ddd0ce75ccdca94d9590979a854	baseline	cpu.postflop.iteration_ms	26.05292	Fresh CPU postflop/lifecycle control before eliminating showdown scratch storage	2026-09-07T02:43:19+00:00
B012	baseline	0a1ad64816061ddd0ce75ccdca94d9590979a854	baseline	lifecycle.build_ms	9.7982	Fresh CPU postflop/lifecycle control before eliminating showdown scratch storage	2026-09-07T02:43:19+00:00
B012	baseline	0a1ad64816061ddd0ce75ccdca94d9590979a854	baseline	lifecycle.compressed_load_ms	87.2666	Fresh CPU postflop/lifecycle control before eliminating showdown scratch storage	2026-09-07T02:43:19+00:00
B012	baseline	0a1ad64816061ddd0ce75ccdca94d9590979a854	baseline	lifecycle.load_ms	50.1537	Fresh CPU postflop/lifecycle control before eliminating showdown scratch storage	2026-09-07T02:43:19+00:00
B012	baseline	0a1ad64816061ddd0ce75ccdca94d9590979a854	baseline	lifecycle.profile_ms	560.7379999999999	Fresh CPU postflop/lifecycle control before eliminating showdown scratch storage	2026-09-07T02:43:19+00:00
B012	baseline	0a1ad64816061ddd0ce75ccdca94d9590979a854	baseline	lifecycle.report_lines_ms	66.5572	Fresh CPU postflop/lifecycle control before eliminating showdown scratch storage	2026-09-07T02:43:19+00:00
B012	baseline	0a1ad64816061ddd0ce75ccdca94d9590979a854	baseline	lifecycle.save_mb	104.204944	Fresh CPU postflop/lifecycle control before eliminating showdown scratch storage	2026-09-07T02:43:19+00:00
B012	baseline	0a1ad64816061ddd0ce75ccdca94d9590979a854	baseline	lifecycle.save_ms	219.8941	Fresh CPU postflop/lifecycle control before eliminating showdown scratch storage	2026-09-07T02:43:19+00:00
E017	cpu_solving	f26fa1c3f8bf6c7f39d2c5bbc0f6f370f3cd5824	keep	cpu.postflop.arena_mb	104.204192	Remove per-showdown scratch-buffer acquisition and zeroing by reusing each unique output slot	2026-09-07T02:45:12+00:00
E017	cpu_solving	f26fa1c3f8bf6c7f39d2c5bbc0f6f370f3cd5824	keep	cpu.postflop.iteration_ms	25.109019999999997	Remove per-showdown scratch-buffer acquisition and zeroing by reusing each unique output slot	2026-09-07T02:45:12+00:00
E017	cpu_solving	f26fa1c3f8bf6c7f39d2c5bbc0f6f370f3cd5824	keep	lifecycle.build_ms	8.2563	Remove per-showdown scratch-buffer acquisition and zeroing by reusing each unique output slot	2026-09-07T02:45:12+00:00
E017	cpu_solving	f26fa1c3f8bf6c7f39d2c5bbc0f6f370f3cd5824	keep	lifecycle.compressed_load_ms	85.43549999999999	Remove per-showdown scratch-buffer acquisition and zeroing by reusing each unique output slot	2026-09-07T02:45:12+00:00
E017	cpu_solving	f26fa1c3f8bf6c7f39d2c5bbc0f6f370f3cd5824	keep	lifecycle.load_ms	50.6689	Remove per-showdown scratch-buffer acquisition and zeroing by reusing each unique output slot	2026-09-07T02:45:12+00:00
E017	cpu_solving	f26fa1c3f8bf6c7f39d2c5bbc0f6f370f3cd5824	keep	lifecycle.profile_ms	547.5017	Remove per-showdown scratch-buffer acquisition and zeroing by reusing each unique output slot	2026-09-07T02:45:12+00:00
E017	cpu_solving	f26fa1c3f8bf6c7f39d2c5bbc0f6f370f3cd5824	keep	lifecycle.report_lines_ms	64.755	Remove per-showdown scratch-buffer acquisition and zeroing by reusing each unique output slot	2026-09-07T02:45:12+00:00
E017	cpu_solving	f26fa1c3f8bf6c7f39d2c5bbc0f6f370f3cd5824	keep	lifecycle.save_mb	104.204944	Remove per-showdown scratch-buffer acquisition and zeroing by reusing each unique output slot	2026-09-07T02:45:12+00:00
E017	cpu_solving	f26fa1c3f8bf6c7f39d2c5bbc0f6f370f3cd5824	keep	lifecycle.save_ms	219.5164	Remove per-showdown scratch-buffer acquisition and zeroing by reusing each unique output slot	2026-09-07T02:45:12+00:00
E017R2	cpu_solving	50568eac0bb73145832c1bc67c722b5111f328d9	keep	cpu.postflop.arena_mb	104.204192	Repeat lifecycle timing after the full CPU suite passed for showdown output reuse	2026-09-07T02:48:27+00:00
E017R2	cpu_solving	50568eac0bb73145832c1bc67c722b5111f328d9	keep	cpu.postflop.iteration_ms	25.491039999999998	Repeat lifecycle timing after the full CPU suite passed for showdown output reuse	2026-09-07T02:48:27+00:00
E017R2	cpu_solving	50568eac0bb73145832c1bc67c722b5111f328d9	keep	lifecycle.build_ms	11.8717	Repeat lifecycle timing after the full CPU suite passed for showdown output reuse	2026-09-07T02:48:27+00:00
E017R2	cpu_solving	50568eac0bb73145832c1bc67c722b5111f328d9	keep	lifecycle.compressed_load_ms	90.199	Repeat lifecycle timing after the full CPU suite passed for showdown output reuse	2026-09-07T02:48:27+00:00
E017R2	cpu_solving	50568eac0bb73145832c1bc67c722b5111f328d9	keep	lifecycle.load_ms	41.7304	Repeat lifecycle timing after the full CPU suite passed for showdown output reuse	2026-09-07T02:48:27+00:00
E017R2	cpu_solving	50568eac0bb73145832c1bc67c722b5111f328d9	keep	lifecycle.profile_ms	554.8166	Repeat lifecycle timing after the full CPU suite passed for showdown output reuse	2026-09-07T02:48:27+00:00
E017R2	cpu_solving	50568eac0bb73145832c1bc67c722b5111f328d9	keep	lifecycle.report_lines_ms	68.41460000000001	Repeat lifecycle timing after the full CPU suite passed for showdown output reuse	2026-09-07T02:48:27+00:00
E017R2	cpu_solving	50568eac0bb73145832c1bc67c722b5111f328d9	keep	lifecycle.save_mb	104.204944	Repeat lifecycle timing after the full CPU suite passed for showdown output reuse	2026-09-07T02:48:27+00:00
E017R2	cpu_solving	50568eac0bb73145832c1bc67c722b5111f328d9	keep	lifecycle.save_ms	278.4916	Repeat lifecycle timing after the full CPU suite passed for showdown output reuse	2026-09-07T02:48:27+00:00
E018	cpu_solving	110e964817aa38b85f1e8a7d838ee7a1040a6d99	discard	cpu.postflop.arena_mb	104.204192	Precompute showdown strength boundaries for CPU sweeps and reuse them in GPU plans, preserving every sum order	2026-09-07T02:50:48+00:00
E018	cpu_solving	110e964817aa38b85f1e8a7d838ee7a1040a6d99	discard	cpu.postflop.iteration_ms	25.222559999999998	Precompute showdown strength boundaries for CPU sweeps and reuse them in GPU plans, preserving every sum order	2026-09-07T02:50:48+00:00
E018	cpu_solving	110e964817aa38b85f1e8a7d838ee7a1040a6d99	discard	lifecycle.build_ms	8.9559	Precompute showdown strength boundaries for CPU sweeps and reuse them in GPU plans, preserving every sum order	2026-09-07T02:50:48+00:00
E018	cpu_solving	110e964817aa38b85f1e8a7d838ee7a1040a6d99	discard	lifecycle.compressed_load_ms	85.06519999999999	Precompute showdown strength boundaries for CPU sweeps and reuse them in GPU plans, preserving every sum order	2026-09-07T02:50:48+00:00
E018	cpu_solving	110e964817aa38b85f1e8a7d838ee7a1040a6d99	discard	lifecycle.load_ms	37.011	Precompute showdown strength boundaries for CPU sweeps and reuse them in GPU plans, preserving every sum order	2026-09-07T02:50:48+00:00
E018	cpu_solving	110e964817aa38b85f1e8a7d838ee7a1040a6d99	discard	lifecycle.profile_ms	546.0077	Precompute showdown strength boundaries for CPU sweeps and reuse them in GPU plans, preserving every sum order	2026-09-07T02:50:48+00:00
E018	cpu_solving	110e964817aa38b85f1e8a7d838ee7a1040a6d99	discard	lifecycle.report_lines_ms	67.8058	Precompute showdown strength boundaries for CPU sweeps and reuse them in GPU plans, preserving every sum order	2026-09-07T02:50:48+00:00
E018	cpu_solving	110e964817aa38b85f1e8a7d838ee7a1040a6d99	discard	lifecycle.save_mb	104.204944	Precompute showdown strength boundaries for CPU sweeps and reuse them in GPU plans, preserving every sum order	2026-09-07T02:50:48+00:00
E018	cpu_solving	110e964817aa38b85f1e8a7d838ee7a1040a6d99	discard	lifecycle.save_ms	126.18109999999999	Precompute showdown strength boundaries for CPU sweeps and reuse them in GPU plans, preserving every sum order	2026-09-07T02:50:48+00:00
E018R	cpu_solving	110e964817aa38b85f1e8a7d838ee7a1040a6d99	discard	cpu.postflop.arena_mb	104.204192	Repeat precomputed CPU showdown boundaries to distinguish a useful gain from a near-tie	2026-09-07T02:52:45+00:00
E018R	cpu_solving	110e964817aa38b85f1e8a7d838ee7a1040a6d99	discard	cpu.postflop.iteration_ms	25.57894	Repeat precomputed CPU showdown boundaries to distinguish a useful gain from a near-tie	2026-09-07T02:52:45+00:00
E018R	cpu_solving	110e964817aa38b85f1e8a7d838ee7a1040a6d99	discard	lifecycle.build_ms	8.4499	Repeat precomputed CPU showdown boundaries to distinguish a useful gain from a near-tie	2026-09-07T02:52:45+00:00
E018R	cpu_solving	110e964817aa38b85f1e8a7d838ee7a1040a6d99	discard	lifecycle.compressed_load_ms	88.82339999999999	Repeat precomputed CPU showdown boundaries to distinguish a useful gain from a near-tie	2026-09-07T02:52:45+00:00
E018R	cpu_solving	110e964817aa38b85f1e8a7d838ee7a1040a6d99	discard	lifecycle.load_ms	38.6703	Repeat precomputed CPU showdown boundaries to distinguish a useful gain from a near-tie	2026-09-07T02:52:45+00:00
E018R	cpu_solving	110e964817aa38b85f1e8a7d838ee7a1040a6d99	discard	lifecycle.profile_ms	551.6168	Repeat precomputed CPU showdown boundaries to distinguish a useful gain from a near-tie	2026-09-07T02:52:45+00:00
E018R	cpu_solving	110e964817aa38b85f1e8a7d838ee7a1040a6d99	discard	lifecycle.report_lines_ms	69.3545	Repeat precomputed CPU showdown boundaries to distinguish a useful gain from a near-tie	2026-09-07T02:52:45+00:00
E018R	cpu_solving	110e964817aa38b85f1e8a7d838ee7a1040a6d99	discard	lifecycle.save_mb	104.204944	Repeat precomputed CPU showdown boundaries to distinguish a useful gain from a near-tie	2026-09-07T02:52:45+00:00
E018R	cpu_solving	110e964817aa38b85f1e8a7d838ee7a1040a6d99	discard	lifecycle.save_ms	132.35569999999998	Repeat precomputed CPU showdown boundaries to distinguish a useful gain from a near-tie	2026-09-07T02:52:45+00:00
B013	baseline	301a3540f11a355e86d586b8fac42fb1d6c6f82d	baseline	preflop.6.target_seconds	5.3921866	Original implementation: time to total preflop gap 0.03 with checks every 25 iterations and complete state fingerprints	2026-09-07T02:57:27+00:00
B013	baseline	301a3540f11a355e86d586b8fac42fb1d6c6f82d	baseline	preflop.8.target_seconds	17.6991689	Original implementation: time to total preflop gap 0.03 with checks every 25 iterations and complete state fingerprints	2026-09-07T02:57:27+00:00
B014	baseline	301a3540f11a355e86d586b8fac42fb1d6c6f82d	baseline	cpu.preflop.arena_mb	224.552328	Fresh original-code control for CPU solving, report generation, profile raking and persistence	2026-09-07T03:01:18+00:00
B014	baseline	301a3540f11a355e86d586b8fac42fb1d6c6f82d	baseline	cpu.preflop.check_ms	1424.2441999999999	Fresh original-code control for CPU solving, report generation, profile raking and persistence	2026-09-07T03:01:18+00:00
B014	baseline	301a3540f11a355e86d586b8fac42fb1d6c6f82d	baseline	cpu.preflop.iteration_ms	197.01732	Fresh original-code control for CPU solving, report generation, profile raking and persistence	2026-09-07T03:01:18+00:00
B014	baseline	301a3540f11a355e86d586b8fac42fb1d6c6f82d	baseline	cpu.postflop.arena_mb	104.204192	Fresh original-code control for CPU solving, report generation, profile raking and persistence	2026-09-07T03:01:18+00:00
B014	baseline	301a3540f11a355e86d586b8fac42fb1d6c6f82d	baseline	cpu.postflop.iteration_ms	32.880579999999995	Fresh original-code control for CPU solving, report generation, profile raking and persistence	2026-09-07T03:01:18+00:00
B014	baseline	301a3540f11a355e86d586b8fac42fb1d6c6f82d	baseline	lifecycle.build_ms	11.6358	Fresh original-code control for CPU solving, report generation, profile raking and persistence	2026-09-07T03:01:18+00:00
B014	baseline	301a3540f11a355e86d586b8fac42fb1d6c6f82d	baseline	lifecycle.compressed_load_ms	83.2808	Fresh original-code control for CPU solving, report generation, profile raking and persistence	2026-09-07T03:01:18+00:00
B014	baseline	301a3540f11a355e86d586b8fac42fb1d6c6f82d	baseline	lifecycle.load_ms	49.7383	Fresh original-code control for CPU solving, report generation, profile raking and persistence	2026-09-07T03:01:18+00:00
B014	baseline	301a3540f11a355e86d586b8fac42fb1d6c6f82d	baseline	lifecycle.profile_ms	638.0926000000001	Fresh original-code control for CPU solving, report generation, profile raking and persistence	2026-09-07T03:01:18+00:00
B014	baseline	301a3540f11a355e86d586b8fac42fb1d6c6f82d	baseline	lifecycle.report_lines_ms	199.1774	Fresh original-code control for CPU solving, report generation, profile raking and persistence	2026-09-07T03:01:18+00:00
B014	baseline	301a3540f11a355e86d586b8fac42fb1d6c6f82d	baseline	lifecycle.save_mb	104.204944	Fresh original-code control for CPU solving, report generation, profile raking and persistence	2026-09-07T03:01:18+00:00
B014	baseline	301a3540f11a355e86d586b8fac42fb1d6c6f82d	baseline	lifecycle.save_ms	137.171	Fresh original-code control for CPU solving, report generation, profile raking and persistence	2026-09-07T03:01:18+00:00
B015	baseline	301a3540f11a355e86d586b8fac42fb1d6c6f82d	baseline	postflop.Ks7h2d.target_seconds	11.305	Fresh original-code postflop throughput and time to 0.3 percent exploitability with fixed 20 iteration checks	2026-09-07T03:02:10+00:00
B015	baseline	301a3540f11a355e86d586b8fac42fb1d6c6f82d	baseline	postflop.Ks7s2d.target_seconds	6.739	Fresh original-code postflop throughput and time to 0.3 percent exploitability with fixed 20 iteration checks	2026-09-07T03:02:10+00:00
B015	baseline	301a3540f11a355e86d586b8fac42fb1d6c6f82d	baseline	postflop.Ks7h2dQhTc.target_seconds	0.022	Fresh original-code postflop throughput and time to 0.3 percent exploitability with fixed 20 iteration checks	2026-09-07T03:02:10+00:00
B016	baseline	301a3540f11a355e86d586b8fac42fb1d6c6f82d	baseline	reports.adaptation_seconds	5.008	Fresh original-code compressed report adaptation: GPU continuation from iteration 40, profile locked, 40 additional iterations including device setup and CPU sync	2026-09-07T03:03:16+00:00
B017	baseline	301a3540f11a355e86d586b8fac42fb1d6c6f82d	baseline	lifecycle.warm_load_ms	47.4907	Fresh original-code isolated 20-sample warm f32 load control with process peak working set and exact exploitability	2026-09-07T03:03:45+00:00
B017	baseline	301a3540f11a355e86d586b8fac42fb1d6c6f82d	baseline	lifecycle.load_process_memory_mb	201.593	Fresh original-code isolated 20-sample warm f32 load control with process peak working set and exact exploitability	2026-09-07T03:03:45+00:00
F001	preflop_cuda	cd84600bb84b9ff6e98c00d749128a17e4777b31	keep	preflop.6.target_seconds	3.2169539	Combined retained implementation: time to the same total gap 0.03 and complete arena fingerprints as B013	2026-09-07T03:04:50+00:00
F001	preflop_cuda	cd84600bb84b9ff6e98c00d749128a17e4777b31	keep	preflop.8.target_seconds	7.9860802	Combined retained implementation: time to the same total gap 0.03 and complete arena fingerprints as B013	2026-09-07T03:04:50+00:00
F002	cpu_solving	cd84600bb84b9ff6e98c00d749128a17e4777b31	keep	cpu.preflop.arena_mb	224.552328	Combined retained CPU and lifecycle implementation versus fresh B014 with all complete fingerprints held fixed	2026-09-07T03:05:34+00:00
F002	cpu_solving	cd84600bb84b9ff6e98c00d749128a17e4777b31	keep	cpu.preflop.check_ms	314.7503	Combined retained CPU and lifecycle implementation versus fresh B014 with all complete fingerprints held fixed	2026-09-07T03:05:34+00:00
F002	cpu_solving	cd84600bb84b9ff6e98c00d749128a17e4777b31	keep	cpu.preflop.iteration_ms	78.37078	Combined retained CPU and lifecycle implementation versus fresh B014 with all complete fingerprints held fixed	2026-09-07T03:05:34+00:00
F002	cpu_solving	cd84600bb84b9ff6e98c00d749128a17e4777b31	keep	cpu.postflop.arena_mb	104.204192	Combined retained CPU and lifecycle implementation versus fresh B014 with all complete fingerprints held fixed	2026-09-07T03:05:34+00:00
F002	cpu_solving	cd84600bb84b9ff6e98c00d749128a17e4777b31	keep	cpu.postflop.iteration_ms	30.79714	Combined retained CPU and lifecycle implementation versus fresh B014 with all complete fingerprints held fixed	2026-09-07T03:05:34+00:00
F002	cpu_solving	cd84600bb84b9ff6e98c00d749128a17e4777b31	keep	lifecycle.build_ms	8.0688	Combined retained CPU and lifecycle implementation versus fresh B014 with all complete fingerprints held fixed	2026-09-07T03:05:34+00:00
F002	cpu_solving	cd84600bb84b9ff6e98c00d749128a17e4777b31	keep	lifecycle.compressed_load_ms	87.80300000000001	Combined retained CPU and lifecycle implementation versus fresh B014 with all complete fingerprints held fixed	2026-09-07T03:05:34+00:00
F002	cpu_solving	cd84600bb84b9ff6e98c00d749128a17e4777b31	keep	lifecycle.load_ms	47.4473	Combined retained CPU and lifecycle implementation versus fresh B014 with all complete fingerprints held fixed	2026-09-07T03:05:34+00:00
F002	cpu_solving	cd84600bb84b9ff6e98c00d749128a17e4777b31	keep	lifecycle.profile_ms	562.6904000000001	Combined retained CPU and lifecycle implementation versus fresh B014 with all complete fingerprints held fixed	2026-09-07T03:05:34+00:00
F002	cpu_solving	cd84600bb84b9ff6e98c00d749128a17e4777b31	keep	lifecycle.report_lines_ms	77.6288	Combined retained CPU and lifecycle implementation versus fresh B014 with all complete fingerprints held fixed	2026-09-07T03:05:34+00:00
F002	cpu_solving	cd84600bb84b9ff6e98c00d749128a17e4777b31	keep	lifecycle.save_mb	104.204944	Combined retained CPU and lifecycle implementation versus fresh B014 with all complete fingerprints held fixed	2026-09-07T03:05:34+00:00
F002	cpu_solving	cd84600bb84b9ff6e98c00d749128a17e4777b31	keep	lifecycle.save_ms	133.7806	Combined retained CPU and lifecycle implementation versus fresh B014 with all complete fingerprints held fixed	2026-09-07T03:05:34+00:00
F003	postflop_cuda	cd84600bb84b9ff6e98c00d749128a17e4777b31	keep	postflop.Ks7h2d.target_seconds	10.994	Combined retained postflop implementation versus B015: time to 0.3 percent exploitability with identical 20 iteration checkpoint cadence	2026-09-07T03:06:32+00:00
F003	postflop_cuda	cd84600bb84b9ff6e98c00d749128a17e4777b31	keep	postflop.Ks7s2d.target_seconds	6.557	Combined retained postflop implementation versus B015: time to 0.3 percent exploitability with identical 20 iteration checkpoint cadence	2026-09-07T03:06:32+00:00
F003	postflop_cuda	cd84600bb84b9ff6e98c00d749128a17e4777b31	keep	postflop.Ks7h2dQhTc.target_seconds	0.02	Combined retained postflop implementation versus B015: time to 0.3 percent exploitability with identical 20 iteration checkpoint cadence	2026-09-07T03:06:32+00:00
F004	reports_profiles	cd84600bb84b9ff6e98c00d749128a17e4777b31	keep	reports.adaptation_seconds	4.925	Combined retained compressed GPU report adaptation versus B016, including device setup and final CPU readback	2026-09-07T03:07:40+00:00
F005	build_save_load	cd84600bb84b9ff6e98c00d749128a17e4777b31	keep	lifecycle.warm_load_ms	37.2025	Combined retained implementation isolated warm f32 loading versus B017, with process peak working set and exact exploitability	2026-09-07T03:08:20+00:00
F005	build_save_load	cd84600bb84b9ff6e98c00d749128a17e4777b31	keep	lifecycle.load_process_memory_mb	170.627	Combined retained implementation isolated warm f32 loading versus B017, with process peak working set and exact exploitability	2026-09-07T03:08:20+00:00
F006	preflop_cuda	cd84600bb84b9ff6e98c00d749128a17e4777b31	keep	preflop.6.allocated_vram_mb	671.08864	Final combined preflop throughput, checkpoint, CPU sync and actual allocated VRAM; preserve all original 2/6/8-seat fingerprints	2026-09-07T03:08:50+00:00
F006	preflop_cuda	cd84600bb84b9ff6e98c00d749128a17e4777b31	keep	preflop.6.build_ms	76.2565	Final combined preflop throughput, checkpoint, CPU sync and actual allocated VRAM; preserve all original 2/6/8-seat fingerprints	2026-09-07T03:08:50+00:00
F006	preflop_cuda	cd84600bb84b9ff6e98c00d749128a17e4777b31	keep	preflop.6.cpu_arena_mb	224.552328	Final combined preflop throughput, checkpoint, CPU sync and actual allocated VRAM; preserve all original 2/6/8-seat fingerprints	2026-09-07T03:08:50+00:00
F006	preflop_cuda	cd84600bb84b9ff6e98c00d749128a17e4777b31	keep	preflop.6.estimated_vram_mb	706.776248	Final combined preflop throughput, checkpoint, CPU sync and actual allocated VRAM; preserve all original 2/6/8-seat fingerprints	2026-09-07T03:08:50+00:00
F006	preflop_cuda	cd84600bb84b9ff6e98c00d749128a17e4777b31	keep	preflop.6.init_ms	136.7468	Final combined preflop throughput, checkpoint, CPU sync and actual allocated VRAM; preserve all original 2/6/8-seat fingerprints	2026-09-07T03:08:50+00:00
F006	preflop_cuda	cd84600bb84b9ff6e98c00d749128a17e4777b31	keep	preflop.8.allocated_vram_mb	1711.276032	Final combined preflop throughput, checkpoint, CPU sync and actual allocated VRAM; preserve all original 2/6/8-seat fingerprints	2026-09-07T03:08:50+00:00
F006	preflop_cuda	cd84600bb84b9ff6e98c00d749128a17e4777b31	keep	preflop.8.build_ms	205.267	Final combined preflop throughput, checkpoint, CPU sync and actual allocated VRAM; preserve all original 2/6/8-seat fingerprints	2026-09-07T03:08:50+00:00
F006	preflop_cuda	cd84600bb84b9ff6e98c00d749128a17e4777b31	keep	preflop.8.cpu_arena_mb	587.239848	Final combined preflop throughput, checkpoint, CPU sync and actual allocated VRAM; preserve all original 2/6/8-seat fingerprints	2026-09-07T03:08:50+00:00
F006	preflop_cuda	cd84600bb84b9ff6e98c00d749128a17e4777b31	keep	preflop.8.estimated_vram_mb	1750.508472	Final combined preflop throughput, checkpoint, CPU sync and actual allocated VRAM; preserve all original 2/6/8-seat fingerprints	2026-09-07T03:08:50+00:00
F006	preflop_cuda	cd84600bb84b9ff6e98c00d749128a17e4777b31	keep	preflop.8.init_ms	235.03640000000001	Final combined preflop throughput, checkpoint, CPU sync and actual allocated VRAM; preserve all original 2/6/8-seat fingerprints	2026-09-07T03:08:50+00:00
F006	preflop_cuda	cd84600bb84b9ff6e98c00d749128a17e4777b31	keep	preflop.2.iteration_ms	0.084	Final combined preflop throughput, checkpoint, CPU sync and actual allocated VRAM; preserve all original 2/6/8-seat fingerprints	2026-09-07T03:08:50+00:00
F006	preflop_cuda	cd84600bb84b9ff6e98c00d749128a17e4777b31	keep	preflop.2.check_ms	0.287	Final combined preflop throughput, checkpoint, CPU sync and actual allocated VRAM; preserve all original 2/6/8-seat fingerprints	2026-09-07T03:08:50+00:00
F006	preflop_cuda	cd84600bb84b9ff6e98c00d749128a17e4777b31	keep	preflop.2.sync_ms	0.016	Final combined preflop throughput, checkpoint, CPU sync and actual allocated VRAM; preserve all original 2/6/8-seat fingerprints	2026-09-07T03:08:50+00:00
F006	preflop_cuda	cd84600bb84b9ff6e98c00d749128a17e4777b31	keep	preflop.6.iteration_ms	17.892	Final combined preflop throughput, checkpoint, CPU sync and actual allocated VRAM; preserve all original 2/6/8-seat fingerprints	2026-09-07T03:08:50+00:00
F006	preflop_cuda	cd84600bb84b9ff6e98c00d749128a17e4777b31	keep	preflop.6.check_ms	12.265	Final combined preflop throughput, checkpoint, CPU sync and actual allocated VRAM; preserve all original 2/6/8-seat fingerprints	2026-09-07T03:08:50+00:00
F006	preflop_cuda	cd84600bb84b9ff6e98c00d749128a17e4777b31	keep	preflop.6.sync_ms	25.959	Final combined preflop throughput, checkpoint, CPU sync and actual allocated VRAM; preserve all original 2/6/8-seat fingerprints	2026-09-07T03:08:50+00:00
F006	preflop_cuda	cd84600bb84b9ff6e98c00d749128a17e4777b31	keep	preflop.8.iteration_ms	62.182	Final combined preflop throughput, checkpoint, CPU sync and actual allocated VRAM; preserve all original 2/6/8-seat fingerprints	2026-09-07T03:08:50+00:00
F006	preflop_cuda	cd84600bb84b9ff6e98c00d749128a17e4777b31	keep	preflop.8.check_ms	38.806	Final combined preflop throughput, checkpoint, CPU sync and actual allocated VRAM; preserve all original 2/6/8-seat fingerprints	2026-09-07T03:08:50+00:00
F006	preflop_cuda	cd84600bb84b9ff6e98c00d749128a17e4777b31	keep	preflop.8.sync_ms	68.295	Final combined preflop throughput, checkpoint, CPU sync and actual allocated VRAM; preserve all original 2/6/8-seat fingerprints	2026-09-07T03:08:50+00:00
F007	postflop_cuda	cd84600bb84b9ff6e98c00d749128a17e4777b31	keep	postflop.Ks7h2d.iso.allocated_vram_mb	6241.124352	Final combined postflop throughput and actual memory, plus complete locked/unlocked state matrix versus canonical B010R	2026-09-07T03:11:28+00:00
F007	postflop_cuda	cd84600bb84b9ff6e98c00d749128a17e4777b31	keep	postflop.Ks7h2d.iso.estimated_vram_mb	6716.6347	Final combined postflop throughput and actual memory, plus complete locked/unlocked state matrix versus canonical B010R	2026-09-07T03:11:28+00:00
F007	postflop_cuda	cd84600bb84b9ff6e98c00d749128a17e4777b31	keep	postflop.Ks7h2d.iso.init_ms	847.0521	Final combined postflop throughput and actual memory, plus complete locked/unlocked state matrix versus canonical B010R	2026-09-07T03:11:28+00:00
F007	postflop_cuda	cd84600bb84b9ff6e98c00d749128a17e4777b31	keep	postflop.Ks7h2d.iso.plan_build_ms	96.515	Final combined postflop throughput and actual memory, plus complete locked/unlocked state matrix versus canonical B010R	2026-09-07T03:11:28+00:00
F007	postflop_cuda	cd84600bb84b9ff6e98c00d749128a17e4777b31	keep	postflop.Ks7h2d.iso.staging_memory_mb	3380.293588	Final combined postflop throughput and actual memory, plus complete locked/unlocked state matrix versus canonical B010R	2026-09-07T03:11:28+00:00
F007	postflop_cuda	cd84600bb84b9ff6e98c00d749128a17e4777b31	keep	postflop.Ks7s2d.iso.allocated_vram_mb	4932.501504	Final combined postflop throughput and actual memory, plus complete locked/unlocked state matrix versus canonical B010R	2026-09-07T03:11:28+00:00
F007	postflop_cuda	cd84600bb84b9ff6e98c00d749128a17e4777b31	keep	postflop.Ks7s2d.iso.estimated_vram_mb	6737.546704	Final combined postflop throughput and actual memory, plus complete locked/unlocked state matrix versus canonical B010R	2026-09-07T03:11:28+00:00
F007	postflop_cuda	cd84600bb84b9ff6e98c00d749128a17e4777b31	keep	postflop.Ks7s2d.iso.init_ms	751.8158999999999	Final combined postflop throughput and actual memory, plus complete locked/unlocked state matrix versus canonical B010R	2026-09-07T03:11:28+00:00
F007	postflop_cuda	cd84600bb84b9ff6e98c00d749128a17e4777b31	keep	postflop.Ks7s2d.iso.plan_build_ms	71.5932	Final combined postflop throughput and actual memory, plus complete locked/unlocked state matrix versus canonical B010R	2026-09-07T03:11:28+00:00
F007	postflop_cuda	cd84600bb84b9ff6e98c00d749128a17e4777b31	keep	postflop.Ks7s2d.iso.staging_memory_mb	2063.622928	Final combined postflop throughput and actual memory, plus complete locked/unlocked state matrix versus canonical B010R	2026-09-07T03:11:28+00:00
F007	postflop_cuda	cd84600bb84b9ff6e98c00d749128a17e4777b31	keep	postflop.Ks7s2d.full.allocated_vram_mb	6274.678784	Final combined postflop throughput and actual memory, plus complete locked/unlocked state matrix versus canonical B010R	2026-09-07T03:11:28+00:00
F007	postflop_cuda	cd84600bb84b9ff6e98c00d749128a17e4777b31	keep	postflop.Ks7s2d.full.estimated_vram_mb	6737.546704	Final combined postflop throughput and actual memory, plus complete locked/unlocked state matrix versus canonical B010R	2026-09-07T03:11:28+00:00
F007	postflop_cuda	cd84600bb84b9ff6e98c00d749128a17e4777b31	keep	postflop.Ks7s2d.full.init_ms	792.2909	Final combined postflop throughput and actual memory, plus complete locked/unlocked state matrix versus canonical B010R	2026-09-07T03:11:28+00:00
F007	postflop_cuda	cd84600bb84b9ff6e98c00d749128a17e4777b31	keep	postflop.Ks7s2d.full.plan_build_ms	97.6343	Final combined postflop throughput and actual memory, plus complete locked/unlocked state matrix versus canonical B010R	2026-09-07T03:11:28+00:00
F007	postflop_cuda	cd84600bb84b9ff6e98c00d749128a17e4777b31	keep	postflop.Ks7s2d.full.staging_memory_mb	3391.473816	Final combined postflop throughput and actual memory, plus complete locked/unlocked state matrix versus canonical B010R	2026-09-07T03:11:28+00:00
F007	postflop_cuda	cd84600bb84b9ff6e98c00d749128a17e4777b31	keep	postflop.Ks7h2d.init_ms	1073.74	Final combined postflop throughput and actual memory, plus complete locked/unlocked state matrix versus canonical B010R	2026-09-07T03:11:28+00:00
F007	postflop_cuda	cd84600bb84b9ff6e98c00d749128a17e4777b31	keep	postflop.Ks7h2d.iteration_ms	53.174	Final combined postflop throughput and actual memory, plus complete locked/unlocked state matrix versus canonical B010R	2026-09-07T03:11:28+00:00
F007	postflop_cuda	cd84600bb84b9ff6e98c00d749128a17e4777b31	keep	postflop.Ks7h2d.check_ms	33.255	Final combined postflop throughput and actual memory, plus complete locked/unlocked state matrix versus canonical B010R	2026-09-07T03:11:28+00:00
F007	postflop_cuda	cd84600bb84b9ff6e98c00d749128a17e4777b31	keep	postflop.Ks7s2d.init_ms	743.129	Final combined postflop throughput and actual memory, plus complete locked/unlocked state matrix versus canonical B010R	2026-09-07T03:11:28+00:00
F007	postflop_cuda	cd84600bb84b9ff6e98c00d749128a17e4777b31	keep	postflop.Ks7s2d.iteration_ms	31.423	Final combined postflop throughput and actual memory, plus complete locked/unlocked state matrix versus canonical B010R	2026-09-07T03:11:28+00:00
F007	postflop_cuda	cd84600bb84b9ff6e98c00d749128a17e4777b31	keep	postflop.Ks7s2d.check_ms	26.827	Final combined postflop throughput and actual memory, plus complete locked/unlocked state matrix versus canonical B010R	2026-09-07T03:11:28+00:00
F007	postflop_cuda	cd84600bb84b9ff6e98c00d749128a17e4777b31	keep	postflop.Ks7h2dQhTc.init_ms	65.914	Final combined postflop throughput and actual memory, plus complete locked/unlocked state matrix versus canonical B010R	2026-09-07T03:11:28+00:00
F007	postflop_cuda	cd84600bb84b9ff6e98c00d749128a17e4777b31	keep	postflop.Ks7h2dQhTc.iteration_ms	0.297	Final combined postflop throughput and actual memory, plus complete locked/unlocked state matrix versus canonical B010R	2026-09-07T03:11:28+00:00
F007	postflop_cuda	cd84600bb84b9ff6e98c00d749128a17e4777b31	keep	postflop.Ks7h2dQhTc.check_ms	1.212	Final combined postflop throughput and actual memory, plus complete locked/unlocked state matrix versus canonical B010R	2026-09-07T03:11:28+00:00
B018	baseline	c91db38290736e6c117527eb38b3629960491fc5	baseline	lifecycle.raking_ms	4.5577	Fresh specialized-raking control before testing reuse of the per-fitting-iteration aggregate buffer	2026-09-07T03:16:42+00:00
B019	baseline	c91db38290736e6c117527eb38b3629960491fc5	baseline	cpu.postflop.arena_mb	104.204192	Fresh whole-profile lifecycle control before removing repeated aggregate allocation inside raking	2026-09-07T03:17:00+00:00
B019	baseline	c91db38290736e6c117527eb38b3629960491fc5	baseline	cpu.postflop.iteration_ms	25.86474	Fresh whole-profile lifecycle control before removing repeated aggregate allocation inside raking	2026-09-07T03:17:00+00:00
B019	baseline	c91db38290736e6c117527eb38b3629960491fc5	baseline	lifecycle.build_ms	8.4256	Fresh whole-profile lifecycle control before removing repeated aggregate allocation inside raking	2026-09-07T03:17:00+00:00
B019	baseline	c91db38290736e6c117527eb38b3629960491fc5	baseline	lifecycle.compressed_load_ms	86.5118	Fresh whole-profile lifecycle control before removing repeated aggregate allocation inside raking	2026-09-07T03:17:00+00:00
B019	baseline	c91db38290736e6c117527eb38b3629960491fc5	baseline	lifecycle.load_ms	54.206900000000005	Fresh whole-profile lifecycle control before removing repeated aggregate allocation inside raking	2026-09-07T03:17:00+00:00
B019	baseline	c91db38290736e6c117527eb38b3629960491fc5	baseline	lifecycle.profile_ms	551.8426	Fresh whole-profile lifecycle control before removing repeated aggregate allocation inside raking	2026-09-07T03:17:00+00:00
B019	baseline	c91db38290736e6c117527eb38b3629960491fc5	baseline	lifecycle.report_lines_ms	63.7061	Fresh whole-profile lifecycle control before removing repeated aggregate allocation inside raking	2026-09-07T03:17:00+00:00
B019	baseline	c91db38290736e6c117527eb38b3629960491fc5	baseline	lifecycle.save_mb	104.204944	Fresh whole-profile lifecycle control before removing repeated aggregate allocation inside raking	2026-09-07T03:17:00+00:00
B019	baseline	c91db38290736e6c117527eb38b3629960491fc5	baseline	lifecycle.save_ms	220.45929999999998	Fresh whole-profile lifecycle control before removing repeated aggregate allocation inside raking	2026-09-07T03:17:00+00:00
E019	reports_profiles	1034aa0519aca67a118c83ad644fcaaaa93af1cc	keep	lifecycle.raking_ms	4.054	Reuse aggregate buffer across raking fitting iterations; preserve the same zeroing and arithmetic order	2026-09-07T03:17:40+00:00
E019R	reports_profiles	1034aa0519aca67a118c83ad644fcaaaa93af1cc	keep	cpu.postflop.arena_mb	104.204192	Whole-profile validation of aggregate-buffer reuse against fresh B019, including complete report/profile/save fingerprints	2026-09-07T03:18:24+00:00
E019R	reports_profiles	1034aa0519aca67a118c83ad644fcaaaa93af1cc	keep	cpu.postflop.iteration_ms	24.78542	Whole-profile validation of aggregate-buffer reuse against fresh B019, including complete report/profile/save fingerprints	2026-09-07T03:18:24+00:00
E019R	reports_profiles	1034aa0519aca67a118c83ad644fcaaaa93af1cc	keep	lifecycle.build_ms	8.2943	Whole-profile validation of aggregate-buffer reuse against fresh B019, including complete report/profile/save fingerprints	2026-09-07T03:18:24+00:00
E019R	reports_profiles	1034aa0519aca67a118c83ad644fcaaaa93af1cc	keep	lifecycle.compressed_load_ms	83.7658	Whole-profile validation of aggregate-buffer reuse against fresh B019, including complete report/profile/save fingerprints	2026-09-07T03:18:24+00:00
E019R	reports_profiles	1034aa0519aca67a118c83ad644fcaaaa93af1cc	keep	lifecycle.load_ms	51.350699999999996	Whole-profile validation of aggregate-buffer reuse against fresh B019, including complete report/profile/save fingerprints	2026-09-07T03:18:24+00:00
E019R	reports_profiles	1034aa0519aca67a118c83ad644fcaaaa93af1cc	keep	lifecycle.profile_ms	435.5408	Whole-profile validation of aggregate-buffer reuse against fresh B019, including complete report/profile/save fingerprints	2026-09-07T03:18:24+00:00
E019R	reports_profiles	1034aa0519aca67a118c83ad644fcaaaa93af1cc	keep	lifecycle.report_lines_ms	63.1804	Whole-profile validation of aggregate-buffer reuse against fresh B019, including complete report/profile/save fingerprints	2026-09-07T03:18:24+00:00
E019R	reports_profiles	1034aa0519aca67a118c83ad644fcaaaa93af1cc	keep	lifecycle.save_mb	104.204944	Whole-profile validation of aggregate-buffer reuse against fresh B019, including complete report/profile/save fingerprints	2026-09-07T03:18:24+00:00
E019R	reports_profiles	1034aa0519aca67a118c83ad644fcaaaa93af1cc	keep	lifecycle.save_ms	219.7633	Whole-profile validation of aggregate-buffer reuse against fresh B019, including complete report/profile/save fingerprints	2026-09-07T03:18:24+00:00
E019R2	reports_profiles	1034aa0519aca67a118c83ad644fcaaaa93af1cc	keep	cpu.postflop.arena_mb	104.204192	Repeat whole-profile aggregate-buffer reuse to test the observed gain and all complete lifecycle fingerprints	2026-09-07T03:18:50+00:00
E019R2	reports_profiles	1034aa0519aca67a118c83ad644fcaaaa93af1cc	keep	cpu.postflop.iteration_ms	25.28494	Repeat whole-profile aggregate-buffer reuse to test the observed gain and all complete lifecycle fingerprints	2026-09-07T03:18:50+00:00
E019R2	reports_profiles	1034aa0519aca67a118c83ad644fcaaaa93af1cc	keep	lifecycle.build_ms	8.3689	Repeat whole-profile aggregate-buffer reuse to test the observed gain and all complete lifecycle fingerprints	2026-09-07T03:18:50+00:00
E019R2	reports_profiles	1034aa0519aca67a118c83ad644fcaaaa93af1cc	keep	lifecycle.compressed_load_ms	81.7322	Repeat whole-profile aggregate-buffer reuse to test the observed gain and all complete lifecycle fingerprints	2026-09-07T03:18:50+00:00
E019R2	reports_profiles	1034aa0519aca67a118c83ad644fcaaaa93af1cc	keep	lifecycle.load_ms	51.2661	Repeat whole-profile aggregate-buffer reuse to test the observed gain and all complete lifecycle fingerprints	2026-09-07T03:18:50+00:00
E019R2	reports_profiles	1034aa0519aca67a118c83ad644fcaaaa93af1cc	keep	lifecycle.profile_ms	445.7917	Repeat whole-profile aggregate-buffer reuse to test the observed gain and all complete lifecycle fingerprints	2026-09-07T03:18:50+00:00
E019R2	reports_profiles	1034aa0519aca67a118c83ad644fcaaaa93af1cc	keep	lifecycle.report_lines_ms	64.0555	Repeat whole-profile aggregate-buffer reuse to test the observed gain and all complete lifecycle fingerprints	2026-09-07T03:18:50+00:00
E019R2	reports_profiles	1034aa0519aca67a118c83ad644fcaaaa93af1cc	keep	lifecycle.save_mb	104.204944	Repeat whole-profile aggregate-buffer reuse to test the observed gain and all complete lifecycle fingerprints	2026-09-07T03:18:50+00:00
E019R2	reports_profiles	1034aa0519aca67a118c83ad644fcaaaa93af1cc	keep	lifecycle.save_ms	216.0564	Repeat whole-profile aggregate-buffer reuse to test the observed gain and all complete lifecycle fingerprints	2026-09-07T03:18:50+00:00
B020	baseline	1034aa0519aca67a118c83ad644fcaaaa93af1cc	baseline	cpu.preflop.arena_mb	224.552328	Fresh CPU six-seat baseline before runtime-selected wider-vector equity calculation; same 18 iterations and complete arena/EV/gap fingerprints	2026-09-07T03:21:08+00:00
B020	baseline	1034aa0519aca67a118c83ad644fcaaaa93af1cc	baseline	cpu.preflop.check_ms	321.8135	Fresh CPU six-seat baseline before runtime-selected wider-vector equity calculation; same 18 iterations and complete arena/EV/gap fingerprints	2026-09-07T03:21:08+00:00
B020	baseline	1034aa0519aca67a118c83ad644fcaaaa93af1cc	baseline	cpu.preflop.iteration_ms	76.81178	Fresh CPU six-seat baseline before runtime-selected wider-vector equity calculation; same 18 iterations and complete arena/EV/gap fingerprints	2026-09-07T03:21:08+00:00
E020	cpu_solving	42c6ab24335f29442ca874a20922561c209fd9e2	keep	cpu.preflop.arena_mb	224.552328	Runtime AVX2 dispatch widens independent hero-hand lanes with portable fallback and unchanged per-hand multiply/add order	2026-09-07T03:22:32+00:00
E020	cpu_solving	42c6ab24335f29442ca874a20922561c209fd9e2	keep	cpu.preflop.check_ms	297.8852	Runtime AVX2 dispatch widens independent hero-hand lanes with portable fallback and unchanged per-hand multiply/add order	2026-09-07T03:22:32+00:00
E020	cpu_solving	42c6ab24335f29442ca874a20922561c209fd9e2	keep	cpu.preflop.iteration_ms	71.89982	Runtime AVX2 dispatch widens independent hero-hand lanes with portable fallback and unchanged per-hand multiply/add order	2026-09-07T03:22:32+00:00
E020R	cpu_solving	42c6ab24335f29442ca874a20922561c209fd9e2	keep	cpu.preflop.arena_mb	224.552328	Repeat runtime AVX2 dispatch on the frozen six-seat CPU workload, including complete original state fingerprints	2026-09-07T03:23:29+00:00
E020R	cpu_solving	42c6ab24335f29442ca874a20922561c209fd9e2	keep	cpu.preflop.check_ms	312.4436	Repeat runtime AVX2 dispatch on the frozen six-seat CPU workload, including complete original state fingerprints	2026-09-07T03:23:29+00:00
E020R	cpu_solving	42c6ab24335f29442ca874a20922561c209fd9e2	keep	cpu.preflop.iteration_ms	75.61728	Repeat runtime AVX2 dispatch on the frozen six-seat CPU workload, including complete original state fingerprints	2026-09-07T03:23:29+00:00
E020R2	cpu_solving	42c6ab24335f29442ca874a20922561c209fd9e2	keep	cpu.preflop.arena_mb	224.552328	Third AVX2 trial to resolve smaller gain in the second repeat before a fresh portable control	2026-09-07T03:24:46+00:00
E020R2	cpu_solving	42c6ab24335f29442ca874a20922561c209fd9e2	keep	cpu.preflop.check_ms	294.4136	Third AVX2 trial to resolve smaller gain in the second repeat before a fresh portable control	2026-09-07T03:24:46+00:00
E020R2	cpu_solving	42c6ab24335f29442ca874a20922561c209fd9e2	keep	cpu.preflop.iteration_ms	72.4907	Third AVX2 trial to resolve smaller gain in the second repeat before a fresh portable control	2026-09-07T03:24:46+00:00
B021	baseline	c1db0503f180b2ce538478d7c091791d2de85014	baseline	cpu.preflop.arena_mb	224.552328	Fresh portable-equity control to separate AVX2 benefit from CPU timing drift	2026-09-07T03:25:41+00:00
B021	baseline	c1db0503f180b2ce538478d7c091791d2de85014	baseline	cpu.preflop.check_ms	313.432	Fresh portable-equity control to separate AVX2 benefit from CPU timing drift	2026-09-07T03:25:41+00:00
B021	baseline	c1db0503f180b2ce538478d7c091791d2de85014	baseline	cpu.preflop.iteration_ms	75.23492	Fresh portable-equity control to separate AVX2 benefit from CPU timing drift	2026-09-07T03:25:41+00:00
B021R	baseline	c1db0503f180b2ce538478d7c091791d2de85014	baseline	cpu.preflop.arena_mb	224.552328	Repeat portable-equity control for the small AVX2 gain	2026-09-07T03:26:06+00:00
B021R	baseline	c1db0503f180b2ce538478d7c091791d2de85014	baseline	cpu.preflop.check_ms	327.37519999999995	Repeat portable-equity control for the small AVX2 gain	2026-09-07T03:26:06+00:00
B021R	baseline	c1db0503f180b2ce538478d7c091791d2de85014	baseline	cpu.preflop.iteration_ms	78.34725999999999	Repeat portable-equity control for the small AVX2 gain	2026-09-07T03:26:06+00:00
E020R3	cpu_solving	a557aede88743db8efd29f99ef50833847918862	keep	cpu.preflop.arena_mb	224.552328	Final AVX2 paired repeat after portable controls B021 and B021R; exact complete state must remain unchanged	2026-09-07T03:27:04+00:00
E020R3	cpu_solving	a557aede88743db8efd29f99ef50833847918862	keep	cpu.preflop.check_ms	292.77619999999996	Final AVX2 paired repeat after portable controls B021 and B021R; exact complete state must remain unchanged	2026-09-07T03:27:04+00:00
E020R3	cpu_solving	a557aede88743db8efd29f99ef50833847918862	keep	cpu.preflop.iteration_ms	73.3495	Final AVX2 paired repeat after portable controls B021 and B021R; exact complete state must remain unchanged	2026-09-07T03:27:04+00:00
F008	postflop_cuda	a557aede88743db8efd29f99ef50833847918862	keep	postflop.Ks7h2d.init_ms	1000.915	Final timing repeat after combined checks; resolve small river checkpoint outlier and confirm deterministic evaluation values	2026-09-07T03:33:17+00:00
F008	postflop_cuda	a557aede88743db8efd29f99ef50833847918862	keep	postflop.Ks7h2d.iteration_ms	53.089	Final timing repeat after combined checks; resolve small river checkpoint outlier and confirm deterministic evaluation values	2026-09-07T03:33:17+00:00
F008	postflop_cuda	a557aede88743db8efd29f99ef50833847918862	keep	postflop.Ks7h2d.check_ms	33.287	Final timing repeat after combined checks; resolve small river checkpoint outlier and confirm deterministic evaluation values	2026-09-07T03:33:17+00:00
F008	postflop_cuda	a557aede88743db8efd29f99ef50833847918862	keep	postflop.Ks7s2d.init_ms	728.576	Final timing repeat after combined checks; resolve small river checkpoint outlier and confirm deterministic evaluation values	2026-09-07T03:33:17+00:00
F008	postflop_cuda	a557aede88743db8efd29f99ef50833847918862	keep	postflop.Ks7s2d.iteration_ms	31.303	Final timing repeat after combined checks; resolve small river checkpoint outlier and confirm deterministic evaluation values	2026-09-07T03:33:17+00:00
F008	postflop_cuda	a557aede88743db8efd29f99ef50833847918862	keep	postflop.Ks7s2d.check_ms	26.745	Final timing repeat after combined checks; resolve small river checkpoint outlier and confirm deterministic evaluation values	2026-09-07T03:33:17+00:00
F008	postflop_cuda	a557aede88743db8efd29f99ef50833847918862	keep	postflop.Ks7h2dQhTc.init_ms	65.711	Final timing repeat after combined checks; resolve small river checkpoint outlier and confirm deterministic evaluation values	2026-09-07T03:33:17+00:00
F008	postflop_cuda	a557aede88743db8efd29f99ef50833847918862	keep	postflop.Ks7h2dQhTc.iteration_ms	0.295	Final timing repeat after combined checks; resolve small river checkpoint outlier and confirm deterministic evaluation values	2026-09-07T03:33:17+00:00
F008	postflop_cuda	a557aede88743db8efd29f99ef50833847918862	keep	postflop.Ks7h2dQhTc.check_ms	0.555	Final timing repeat after combined checks; resolve small river checkpoint outlier and confirm deterministic evaluation values	2026-09-07T03:33:17+00:00
F009	preflop_cuda	a557aede88743db8efd29f99ef50833847918862	keep	preflop.6.target_seconds	3.2001564	Final time-to-target repeat after all retained changes; six/eight-seat arenas, gaps, EVs and iteration counts must equal original B013	2026-09-07T03:33:54+00:00
F009	preflop_cuda	a557aede88743db8efd29f99ef50833847918862	keep	preflop.8.target_seconds	7.9307805	Final time-to-target repeat after all retained changes; six/eight-seat arenas, gaps, EVs and iteration counts must equal original B013	2026-09-07T03:33:54+00:00
