experiment	path	commit	status	metric	value	hypothesis	utc
B001	baseline	bc192bfa0a9b1bd025003fdee3d70ab0d5f8f326	baseline	preflop.2.iteration_ms	0.22	Frozen CUDA preflop baseline, current validated implementation	2026-09-07T00:49:11+00:00
B001	baseline	bc192bfa0a9b1bd025003fdee3d70ab0d5f8f326	baseline	preflop.2.check_ms	0.281	Frozen CUDA preflop baseline, current validated implementation	2026-09-07T00:49:11+00:00
B001	baseline	bc192bfa0a9b1bd025003fdee3d70ab0d5f8f326	baseline	preflop.2.sync_ms	0.027	Frozen CUDA preflop baseline, current validated implementation	2026-09-07T00:49:11+00:00
B001	baseline	bc192bfa0a9b1bd025003fdee3d70ab0d5f8f326	baseline	preflop.6.iteration_ms	33.508	Frozen CUDA preflop baseline, current validated implementation	2026-09-07T00:49:11+00:00
B001	baseline	bc192bfa0a9b1bd025003fdee3d70ab0d5f8f326	baseline	preflop.6.check_ms	34.513	Frozen CUDA preflop baseline, current validated implementation	2026-09-07T00:49:11+00:00
B001	baseline	bc192bfa0a9b1bd025003fdee3d70ab0d5f8f326	baseline	preflop.6.sync_ms	59.988	Frozen CUDA preflop baseline, current validated implementation	2026-09-07T00:49:11+00:00
B001	baseline	bc192bfa0a9b1bd025003fdee3d70ab0d5f8f326	baseline	preflop.8.iteration_ms	152.884	Frozen CUDA preflop baseline, current validated implementation	2026-09-07T00:49:11+00:00
B001	baseline	bc192bfa0a9b1bd025003fdee3d70ab0d5f8f326	baseline	preflop.8.check_ms	141.242	Frozen CUDA preflop baseline, current validated implementation	2026-09-07T00:49:11+00:00
B001	baseline	bc192bfa0a9b1bd025003fdee3d70ab0d5f8f326	baseline	preflop.8.sync_ms	150.459	Frozen CUDA preflop baseline, current validated implementation	2026-09-07T00:49:11+00:00
B002	baseline	bc192bfa0a9b1bd025003fdee3d70ab0d5f8f326	baseline	postflop.Ks7h2d.init_ms	1264.559	Frozen CUDA postflop baseline, wide rainbow and two-tone flops plus river	2026-09-07T00:49:37+00:00
B002	baseline	bc192bfa0a9b1bd025003fdee3d70ab0d5f8f326	baseline	postflop.Ks7h2d.iteration_ms	59.488	Frozen CUDA postflop baseline, wide rainbow and two-tone flops plus river	2026-09-07T00:49:37+00:00
B002	baseline	bc192bfa0a9b1bd025003fdee3d70ab0d5f8f326	baseline	postflop.Ks7h2d.check_ms	41.296	Frozen CUDA postflop baseline, wide rainbow and two-tone flops plus river	2026-09-07T00:49:37+00:00
B002	baseline	bc192bfa0a9b1bd025003fdee3d70ab0d5f8f326	baseline	postflop.Ks7s2d.init_ms	674.325	Frozen CUDA postflop baseline, wide rainbow and two-tone flops plus river	2026-09-07T00:49:37+00:00
B002	baseline	bc192bfa0a9b1bd025003fdee3d70ab0d5f8f326	baseline	postflop.Ks7s2d.iteration_ms	35.163	Frozen CUDA postflop baseline, wide rainbow and two-tone flops plus river	2026-09-07T00:49:37+00:00
B002	baseline	bc192bfa0a9b1bd025003fdee3d70ab0d5f8f326	baseline	postflop.Ks7s2d.check_ms	31.888	Frozen CUDA postflop baseline, wide rainbow and two-tone flops plus river	2026-09-07T00:49:37+00:00
B002	baseline	bc192bfa0a9b1bd025003fdee3d70ab0d5f8f326	baseline	postflop.Ks7h2dQhTc.init_ms	67.607	Frozen CUDA postflop baseline, wide rainbow and two-tone flops plus river	2026-09-07T00:49:37+00:00
B002	baseline	bc192bfa0a9b1bd025003fdee3d70ab0d5f8f326	baseline	postflop.Ks7h2dQhTc.iteration_ms	0.34	Frozen CUDA postflop baseline, wide rainbow and two-tone flops plus river	2026-09-07T00:49:37+00:00
B002	baseline	bc192bfa0a9b1bd025003fdee3d70ab0d5f8f326	baseline	postflop.Ks7h2dQhTc.check_ms	0.635	Frozen CUDA postflop baseline, wide rainbow and two-tone flops plus river	2026-09-07T00:49:37+00:00
B003	baseline	bc192bfa0a9b1bd025003fdee3d70ab0d5f8f326	baseline	cpu.preflop.arena_mb	224.552328	Frozen CPU traversal, reports, profiles, build and save-load baseline	2026-09-07T00:50:12+00:00
B003	baseline	bc192bfa0a9b1bd025003fdee3d70ab0d5f8f326	baseline	cpu.preflop.check_ms	1439.9938	Frozen CPU traversal, reports, profiles, build and save-load baseline	2026-09-07T00:50:12+00:00
B003	baseline	bc192bfa0a9b1bd025003fdee3d70ab0d5f8f326	baseline	cpu.preflop.iteration_ms	204.80818	Frozen CPU traversal, reports, profiles, build and save-load baseline	2026-09-07T00:50:12+00:00
B003	baseline	bc192bfa0a9b1bd025003fdee3d70ab0d5f8f326	baseline	cpu.postflop.arena_mb	104.204192	Frozen CPU traversal, reports, profiles, build and save-load baseline	2026-09-07T00:50:12+00:00
B003	baseline	bc192bfa0a9b1bd025003fdee3d70ab0d5f8f326	baseline	cpu.postflop.iteration_ms	34.42082	Frozen CPU traversal, reports, profiles, build and save-load baseline	2026-09-07T00:50:12+00:00
B003	baseline	bc192bfa0a9b1bd025003fdee3d70ab0d5f8f326	baseline	lifecycle.build_ms	9.987400000000001	Frozen CPU traversal, reports, profiles, build and save-load baseline	2026-09-07T00:50:12+00:00
B003	baseline	bc192bfa0a9b1bd025003fdee3d70ab0d5f8f326	baseline	lifecycle.compressed_load_ms	87.3054	Frozen CPU traversal, reports, profiles, build and save-load baseline	2026-09-07T00:50:12+00:00
B003	baseline	bc192bfa0a9b1bd025003fdee3d70ab0d5f8f326	baseline	lifecycle.load_ms	78.935	Frozen CPU traversal, reports, profiles, build and save-load baseline	2026-09-07T00:50:12+00:00
B003	baseline	bc192bfa0a9b1bd025003fdee3d70ab0d5f8f326	baseline	lifecycle.profile_ms	678.3966	Frozen CPU traversal, reports, profiles, build and save-load baseline	2026-09-07T00:50:12+00:00
B003	baseline	bc192bfa0a9b1bd025003fdee3d70ab0d5f8f326	baseline	lifecycle.report_lines_ms	212.4025	Frozen CPU traversal, reports, profiles, build and save-load baseline	2026-09-07T00:50:12+00:00
B003	baseline	bc192bfa0a9b1bd025003fdee3d70ab0d5f8f326	baseline	lifecycle.save_mb	104.204944	Frozen CPU traversal, reports, profiles, build and save-load baseline	2026-09-07T00:50:12+00:00
B003	baseline	bc192bfa0a9b1bd025003fdee3d70ab0d5f8f326	baseline	lifecycle.save_ms	213.86260000000001	Frozen CPU traversal, reports, profiles, build and save-load baseline	2026-09-07T00:50:12+00:00
E001	preflop_cuda	151e1bd7c761cca2cae7ba70e00de4c5826f8294	keep	preflop.2.iteration_ms	0.094	Capture each alternating seat sweep into a CUDA graph to remove repeated launch overhead	2026-09-07T00:51:33+00:00
E001	preflop_cuda	151e1bd7c761cca2cae7ba70e00de4c5826f8294	keep	preflop.2.check_ms	0.277	Capture each alternating seat sweep into a CUDA graph to remove repeated launch overhead	2026-09-07T00:51:33+00:00
E001	preflop_cuda	151e1bd7c761cca2cae7ba70e00de4c5826f8294	keep	preflop.2.sync_ms	0.027	Capture each alternating seat sweep into a CUDA graph to remove repeated launch overhead	2026-09-07T00:51:33+00:00
E001	preflop_cuda	151e1bd7c761cca2cae7ba70e00de4c5826f8294	keep	preflop.6.iteration_ms	33.016	Capture each alternating seat sweep into a CUDA graph to remove repeated launch overhead	2026-09-07T00:51:33+00:00
E001	preflop_cuda	151e1bd7c761cca2cae7ba70e00de4c5826f8294	keep	preflop.6.check_ms	35.446	Capture each alternating seat sweep into a CUDA graph to remove repeated launch overhead	2026-09-07T00:51:33+00:00
E001	preflop_cuda	151e1bd7c761cca2cae7ba70e00de4c5826f8294	keep	preflop.6.sync_ms	64.298	Capture each alternating seat sweep into a CUDA graph to remove repeated launch overhead	2026-09-07T00:51:33+00:00
E001	preflop_cuda	151e1bd7c761cca2cae7ba70e00de4c5826f8294	keep	preflop.8.iteration_ms	152.021	Capture each alternating seat sweep into a CUDA graph to remove repeated launch overhead	2026-09-07T00:51:33+00:00
E001	preflop_cuda	151e1bd7c761cca2cae7ba70e00de4c5826f8294	keep	preflop.8.check_ms	142.945	Capture each alternating seat sweep into a CUDA graph to remove repeated launch overhead	2026-09-07T00:51:33+00:00
E001	preflop_cuda	151e1bd7c761cca2cae7ba70e00de4c5826f8294	keep	preflop.8.sync_ms	160.593	Capture each alternating seat sweep into a CUDA graph to remove repeated launch overhead	2026-09-07T00:51:33+00:00
E001R	preflop_cuda	151e1bd7c761cca2cae7ba70e00de4c5826f8294	keep	preflop.2.iteration_ms	0.1	Repeat CUDA graph timings and verify identical preflop state fingerprints	2026-09-07T00:52:24+00:00
E001R	preflop_cuda	151e1bd7c761cca2cae7ba70e00de4c5826f8294	keep	preflop.2.check_ms	0.354	Repeat CUDA graph timings and verify identical preflop state fingerprints	2026-09-07T00:52:24+00:00
E001R	preflop_cuda	151e1bd7c761cca2cae7ba70e00de4c5826f8294	keep	preflop.2.sync_ms	0.035	Repeat CUDA graph timings and verify identical preflop state fingerprints	2026-09-07T00:52:24+00:00
E001R	preflop_cuda	151e1bd7c761cca2cae7ba70e00de4c5826f8294	keep	preflop.6.iteration_ms	32.829	Repeat CUDA graph timings and verify identical preflop state fingerprints	2026-09-07T00:52:24+00:00
E001R	preflop_cuda	151e1bd7c761cca2cae7ba70e00de4c5826f8294	keep	preflop.6.check_ms	33.934	Repeat CUDA graph timings and verify identical preflop state fingerprints	2026-09-07T00:52:24+00:00
E001R	preflop_cuda	151e1bd7c761cca2cae7ba70e00de4c5826f8294	keep	preflop.6.sync_ms	56.734	Repeat CUDA graph timings and verify identical preflop state fingerprints	2026-09-07T00:52:24+00:00
E001R	preflop_cuda	151e1bd7c761cca2cae7ba70e00de4c5826f8294	keep	preflop.8.iteration_ms	151.094	Repeat CUDA graph timings and verify identical preflop state fingerprints	2026-09-07T00:52:24+00:00
E001R	preflop_cuda	151e1bd7c761cca2cae7ba70e00de4c5826f8294	keep	preflop.8.check_ms	140.573	Repeat CUDA graph timings and verify identical preflop state fingerprints	2026-09-07T00:52:24+00:00
E001R	preflop_cuda	151e1bd7c761cca2cae7ba70e00de4c5826f8294	keep	preflop.8.sync_ms	156.832	Repeat CUDA graph timings and verify identical preflop state fingerprints	2026-09-07T00:52:24+00:00
E002	cpu_solving	c55a2cd7aeeae96e565476abb8e337210f9a1ab2	discard	cpu.preflop.arena_mb	224.552328	Reuse thread-local preflop traversal scratch and fill average strategies directly into it	2026-09-07T00:56:31+00:00
E002	cpu_solving	c55a2cd7aeeae96e565476abb8e337210f9a1ab2	discard	cpu.preflop.check_ms	1473.7062999999998	Reuse thread-local preflop traversal scratch and fill average strategies directly into it	2026-09-07T00:56:31+00:00
E002	cpu_solving	c55a2cd7aeeae96e565476abb8e337210f9a1ab2	discard	cpu.preflop.iteration_ms	200.46096000000003	Reuse thread-local preflop traversal scratch and fill average strategies directly into it	2026-09-07T00:56:31+00:00
E002R	cpu_solving	60f39955b0615d1111c0421651bb3675f58c5de7	discard	cpu.preflop.arena_mb	224.552328	Repeat scratch-pool trial; initial iteration improvement is marginal and checks may regress	2026-09-07T00:57:55+00:00
E002R	cpu_solving	60f39955b0615d1111c0421651bb3675f58c5de7	discard	cpu.preflop.check_ms	1488.7741999999998	Repeat scratch-pool trial; initial iteration improvement is marginal and checks may regress	2026-09-07T00:57:55+00:00
E002R	cpu_solving	60f39955b0615d1111c0421651bb3675f58c5de7	discard	cpu.preflop.iteration_ms	203.17534	Repeat scratch-pool trial; initial iteration improvement is marginal and checks may regress	2026-09-07T00:57:55+00:00
E003	memory_transfers	6d64a9b664a14be1b4473ee59fc19da83ad79b91	keep	preflop.2.iteration_ms	0.094	Reuse a pinned two-arena snapshot buffer for faster GPU downloads without partial CPU publication	2026-09-07T00:59:34+00:00
E003	memory_transfers	6d64a9b664a14be1b4473ee59fc19da83ad79b91	keep	preflop.2.check_ms	0.296	Reuse a pinned two-arena snapshot buffer for faster GPU downloads without partial CPU publication	2026-09-07T00:59:34+00:00
E003	memory_transfers	6d64a9b664a14be1b4473ee59fc19da83ad79b91	keep	preflop.2.sync_ms	0.016	Reuse a pinned two-arena snapshot buffer for faster GPU downloads without partial CPU publication	2026-09-07T00:59:34+00:00
E003	memory_transfers	6d64a9b664a14be1b4473ee59fc19da83ad79b91	keep	preflop.6.iteration_ms	32.722	Reuse a pinned two-arena snapshot buffer for faster GPU downloads without partial CPU publication	2026-09-07T00:59:34+00:00
E003	memory_transfers	6d64a9b664a14be1b4473ee59fc19da83ad79b91	keep	preflop.6.check_ms	34.4	Reuse a pinned two-arena snapshot buffer for faster GPU downloads without partial CPU publication	2026-09-07T00:59:34+00:00
E003	memory_transfers	6d64a9b664a14be1b4473ee59fc19da83ad79b91	keep	preflop.6.sync_ms	26.615	Reuse a pinned two-arena snapshot buffer for faster GPU downloads without partial CPU publication	2026-09-07T00:59:34+00:00
E003	memory_transfers	6d64a9b664a14be1b4473ee59fc19da83ad79b91	keep	preflop.8.iteration_ms	151.989	Reuse a pinned two-arena snapshot buffer for faster GPU downloads without partial CPU publication	2026-09-07T00:59:34+00:00
E003	memory_transfers	6d64a9b664a14be1b4473ee59fc19da83ad79b91	keep	preflop.8.check_ms	142.487	Reuse a pinned two-arena snapshot buffer for faster GPU downloads without partial CPU publication	2026-09-07T00:59:34+00:00
E003	memory_transfers	6d64a9b664a14be1b4473ee59fc19da83ad79b91	keep	preflop.8.sync_ms	67.567	Reuse a pinned two-arena snapshot buffer for faster GPU downloads without partial CPU publication	2026-09-07T00:59:34+00:00
E003R	memory_transfers	b8c25400452d9971e959bfe8d66c5e2d3c6c93c9	keep	preflop.2.iteration_ms	0.101	Confirm pinned snapshot gain after adding pageable fallback; all CUDA suites passed	2026-09-07T01:01:55+00:00
E003R	memory_transfers	b8c25400452d9971e959bfe8d66c5e2d3c6c93c9	keep	preflop.2.check_ms	0.29	Confirm pinned snapshot gain after adding pageable fallback; all CUDA suites passed	2026-09-07T01:01:55+00:00
E003R	memory_transfers	b8c25400452d9971e959bfe8d66c5e2d3c6c93c9	keep	preflop.2.sync_ms	0.022	Confirm pinned snapshot gain after adding pageable fallback; all CUDA suites passed	2026-09-07T01:01:55+00:00
E003R	memory_transfers	b8c25400452d9971e959bfe8d66c5e2d3c6c93c9	keep	preflop.6.iteration_ms	32.744	Confirm pinned snapshot gain after adding pageable fallback; all CUDA suites passed	2026-09-07T01:01:55+00:00
E003R	memory_transfers	b8c25400452d9971e959bfe8d66c5e2d3c6c93c9	keep	preflop.6.check_ms	34.215	Confirm pinned snapshot gain after adding pageable fallback; all CUDA suites passed	2026-09-07T01:01:55+00:00
E003R	memory_transfers	b8c25400452d9971e959bfe8d66c5e2d3c6c93c9	keep	preflop.6.sync_ms	30.926	Confirm pinned snapshot gain after adding pageable fallback; all CUDA suites passed	2026-09-07T01:01:55+00:00
E003R	memory_transfers	b8c25400452d9971e959bfe8d66c5e2d3c6c93c9	keep	preflop.8.iteration_ms	153.638	Confirm pinned snapshot gain after adding pageable fallback; all CUDA suites passed	2026-09-07T01:01:55+00:00
E003R	memory_transfers	b8c25400452d9971e959bfe8d66c5e2d3c6c93c9	keep	preflop.8.check_ms	140.187	Confirm pinned snapshot gain after adding pageable fallback; all CUDA suites passed	2026-09-07T01:01:55+00:00
E003R	memory_transfers	b8c25400452d9971e959bfe8d66c5e2d3c6c93c9	keep	preflop.8.sync_ms	67.568	Confirm pinned snapshot gain after adding pageable fallback; all CUDA suites passed	2026-09-07T01:01:55+00:00
E004	postflop_cuda	d211e665c0baba6a58e8c42920f0b93a89becb84	discard	postflop.Ks7h2d.init_ms	1014.986	A 256-thread postflop block may reduce per-thread hand work and improve occupancy	2026-09-07T01:04:07+00:00
E004	postflop_cuda	d211e665c0baba6a58e8c42920f0b93a89becb84	discard	postflop.Ks7h2d.iteration_ms	71.482	A 256-thread postflop block may reduce per-thread hand work and improve occupancy	2026-09-07T01:04:07+00:00
E004	postflop_cuda	d211e665c0baba6a58e8c42920f0b93a89becb84	discard	postflop.Ks7h2d.check_ms	58.757	A 256-thread postflop block may reduce per-thread hand work and improve occupancy	2026-09-07T01:04:07+00:00
E004	postflop_cuda	d211e665c0baba6a58e8c42920f0b93a89becb84	discard	postflop.Ks7s2d.init_ms	714.543	A 256-thread postflop block may reduce per-thread hand work and improve occupancy	2026-09-07T01:04:07+00:00
E004	postflop_cuda	d211e665c0baba6a58e8c42920f0b93a89becb84	discard	postflop.Ks7s2d.iteration_ms	42.733	A 256-thread postflop block may reduce per-thread hand work and improve occupancy	2026-09-07T01:04:07+00:00
E004	postflop_cuda	d211e665c0baba6a58e8c42920f0b93a89becb84	discard	postflop.Ks7s2d.check_ms	43.15	A 256-thread postflop block may reduce per-thread hand work and improve occupancy	2026-09-07T01:04:07+00:00
E004	postflop_cuda	d211e665c0baba6a58e8c42920f0b93a89becb84	discard	postflop.Ks7h2dQhTc.init_ms	70.966	A 256-thread postflop block may reduce per-thread hand work and improve occupancy	2026-09-07T01:04:07+00:00
E004	postflop_cuda	d211e665c0baba6a58e8c42920f0b93a89becb84	discard	postflop.Ks7h2dQhTc.iteration_ms	0.305	A 256-thread postflop block may reduce per-thread hand work and improve occupancy	2026-09-07T01:04:07+00:00
E004	postflop_cuda	d211e665c0baba6a58e8c42920f0b93a89becb84	discard	postflop.Ks7h2dQhTc.check_ms	0.721	A 256-thread postflop block may reduce per-thread hand work and improve occupancy	2026-09-07T01:04:07+00:00
E004B	postflop_cuda	1086dd8b8675cc53f01819224f9e970a09e9e1bf	discard	postflop.Ks7h2d.init_ms	1033.552	64-thread blocks may reduce serial prefix overhead and block resource pressure	2026-09-07T01:06:45+00:00
E004B	postflop_cuda	1086dd8b8675cc53f01819224f9e970a09e9e1bf	discard	postflop.Ks7h2d.iteration_ms	61.09	64-thread blocks may reduce serial prefix overhead and block resource pressure	2026-09-07T01:06:45+00:00
E004B	postflop_cuda	1086dd8b8675cc53f01819224f9e970a09e9e1bf	discard	postflop.Ks7h2d.check_ms	40.219	64-thread blocks may reduce serial prefix overhead and block resource pressure	2026-09-07T01:06:45+00:00
E004B	postflop_cuda	1086dd8b8675cc53f01819224f9e970a09e9e1bf	discard	postflop.Ks7s2d.init_ms	691.739	64-thread blocks may reduce serial prefix overhead and block resource pressure	2026-09-07T01:06:45+00:00
E004B	postflop_cuda	1086dd8b8675cc53f01819224f9e970a09e9e1bf	discard	postflop.Ks7s2d.iteration_ms	35.868	64-thread blocks may reduce serial prefix overhead and block resource pressure	2026-09-07T01:06:45+00:00
E004B	postflop_cuda	1086dd8b8675cc53f01819224f9e970a09e9e1bf	discard	postflop.Ks7s2d.check_ms	33.972	64-thread blocks may reduce serial prefix overhead and block resource pressure	2026-09-07T01:06:45+00:00
E004B	postflop_cuda	1086dd8b8675cc53f01819224f9e970a09e9e1bf	discard	postflop.Ks7h2dQhTc.init_ms	69.603	64-thread blocks may reduce serial prefix overhead and block resource pressure	2026-09-07T01:06:45+00:00
E004B	postflop_cuda	1086dd8b8675cc53f01819224f9e970a09e9e1bf	discard	postflop.Ks7h2dQhTc.iteration_ms	0.472	64-thread blocks may reduce serial prefix overhead and block resource pressure	2026-09-07T01:06:45+00:00
E004B	postflop_cuda	1086dd8b8675cc53f01819224f9e970a09e9e1bf	discard	postflop.Ks7h2dQhTc.check_ms	0.863	64-thread blocks may reduce serial prefix overhead and block resource pressure	2026-09-07T01:06:45+00:00
B004	baseline	c6efc14a78eef81be3975a880cc2bc4daaa29087	baseline	preflop.6.allocated_vram_mb	1140.850688	Measure current preflop GPU capacity and initialization before compact reach storage	2026-09-07T01:08:20+00:00
B004	baseline	c6efc14a78eef81be3975a880cc2bc4daaa29087	baseline	preflop.6.build_ms	77.0805	Measure current preflop GPU capacity and initialization before compact reach storage	2026-09-07T01:08:20+00:00
B004	baseline	c6efc14a78eef81be3975a880cc2bc4daaa29087	baseline	preflop.6.cpu_arena_mb	224.552328	Measure current preflop GPU capacity and initialization before compact reach storage	2026-09-07T01:08:20+00:00
B004	baseline	c6efc14a78eef81be3975a880cc2bc4daaa29087	baseline	preflop.6.estimated_vram_mb	1201.382292	Measure current preflop GPU capacity and initialization before compact reach storage	2026-09-07T01:08:20+00:00
B004	baseline	c6efc14a78eef81be3975a880cc2bc4daaa29087	baseline	preflop.6.init_ms	184.7098	Measure current preflop GPU capacity and initialization before compact reach storage	2026-09-07T01:08:20+00:00
B004	baseline	c6efc14a78eef81be3975a880cc2bc4daaa29087	baseline	preflop.8.allocated_vram_mb	3590.324224	Measure current preflop GPU capacity and initialization before compact reach storage	2026-09-07T01:08:20+00:00
B004	baseline	c6efc14a78eef81be3975a880cc2bc4daaa29087	baseline	preflop.8.build_ms	241.9299	Measure current preflop GPU capacity and initialization before compact reach storage	2026-09-07T01:08:20+00:00
B004	baseline	c6efc14a78eef81be3975a880cc2bc4daaa29087	baseline	preflop.8.cpu_arena_mb	587.239848	Measure current preflop GPU capacity and initialization before compact reach storage	2026-09-07T01:08:20+00:00
B004	baseline	c6efc14a78eef81be3975a880cc2bc4daaa29087	baseline	preflop.8.estimated_vram_mb	3632.617572	Measure current preflop GPU capacity and initialization before compact reach storage	2026-09-07T01:08:20+00:00
B004	baseline	c6efc14a78eef81be3975a880cc2bc4daaa29087	baseline	preflop.8.init_ms	325.3486	Measure current preflop GPU capacity and initialization before compact reach storage	2026-09-07T01:08:20+00:00
E005	reports_profiles	6155843a3b3c09a5c8df108e96bc5a9214041941	keep	cpu.postflop.arena_mb	104.204192	Cache board hand categories across betting lines within each report, preserving all summaries	2026-09-07T01:09:56+00:00
E005	reports_profiles	6155843a3b3c09a5c8df108e96bc5a9214041941	keep	cpu.postflop.iteration_ms	32.12578	Cache board hand categories across betting lines within each report, preserving all summaries	2026-09-07T01:09:56+00:00
E005	reports_profiles	6155843a3b3c09a5c8df108e96bc5a9214041941	keep	lifecycle.build_ms	8.9164	Cache board hand categories across betting lines within each report, preserving all summaries	2026-09-07T01:09:56+00:00
E005	reports_profiles	6155843a3b3c09a5c8df108e96bc5a9214041941	keep	lifecycle.compressed_load_ms	86.0775	Cache board hand categories across betting lines within each report, preserving all summaries	2026-09-07T01:09:56+00:00
E005	reports_profiles	6155843a3b3c09a5c8df108e96bc5a9214041941	keep	lifecycle.load_ms	56.057	Cache board hand categories across betting lines within each report, preserving all summaries	2026-09-07T01:09:56+00:00
E005	reports_profiles	6155843a3b3c09a5c8df108e96bc5a9214041941	keep	lifecycle.profile_ms	681.2804	Cache board hand categories across betting lines within each report, preserving all summaries	2026-09-07T01:09:56+00:00
E005	reports_profiles	6155843a3b3c09a5c8df108e96bc5a9214041941	keep	lifecycle.report_lines_ms	68.4324	Cache board hand categories across betting lines within each report, preserving all summaries	2026-09-07T01:09:56+00:00
E005	reports_profiles	6155843a3b3c09a5c8df108e96bc5a9214041941	keep	lifecycle.save_mb	104.204944	Cache board hand categories across betting lines within each report, preserving all summaries	2026-09-07T01:09:56+00:00
E005	reports_profiles	6155843a3b3c09a5c8df108e96bc5a9214041941	keep	lifecycle.save_ms	221.0823	Cache board hand categories across betting lines within each report, preserving all summaries	2026-09-07T01:09:56+00:00
E005R	reports_profiles	6155843a3b3c09a5c8df108e96bc5a9214041941	keep	cpu.postflop.arena_mb	104.204192	Repeat board-category caching; pooled report and profile behavior tests passed	2026-09-07T01:11:56+00:00
E005R	reports_profiles	6155843a3b3c09a5c8df108e96bc5a9214041941	keep	cpu.postflop.iteration_ms	28.47708	Repeat board-category caching; pooled report and profile behavior tests passed	2026-09-07T01:11:56+00:00
E005R	reports_profiles	6155843a3b3c09a5c8df108e96bc5a9214041941	keep	lifecycle.build_ms	8.6211	Repeat board-category caching; pooled report and profile behavior tests passed	2026-09-07T01:11:56+00:00
E005R	reports_profiles	6155843a3b3c09a5c8df108e96bc5a9214041941	keep	lifecycle.compressed_load_ms	85.1046	Repeat board-category caching; pooled report and profile behavior tests passed	2026-09-07T01:11:56+00:00
E005R	reports_profiles	6155843a3b3c09a5c8df108e96bc5a9214041941	keep	lifecycle.load_ms	66.054	Repeat board-category caching; pooled report and profile behavior tests passed	2026-09-07T01:11:56+00:00
E005R	reports_profiles	6155843a3b3c09a5c8df108e96bc5a9214041941	keep	lifecycle.profile_ms	647.8914	Repeat board-category caching; pooled report and profile behavior tests passed	2026-09-07T01:11:56+00:00
E005R	reports_profiles	6155843a3b3c09a5c8df108e96bc5a9214041941	keep	lifecycle.report_lines_ms	67.70439999999999	Repeat board-category caching; pooled report and profile behavior tests passed	2026-09-07T01:11:56+00:00
E005R	reports_profiles	6155843a3b3c09a5c8df108e96bc5a9214041941	keep	lifecycle.save_mb	104.204944	Repeat board-category caching; pooled report and profile behavior tests passed	2026-09-07T01:11:56+00:00
E005R	reports_profiles	6155843a3b3c09a5c8df108e96bc5a9214041941	keep	lifecycle.save_ms	220.3318	Repeat board-category caching; pooled report and profile behavior tests passed	2026-09-07T01:11:56+00:00
E006	build_save_load	9004a81ef2e7087b5a84c3676922a342c80ebb7e	keep	cpu.postflop.arena_mb	104.204192	Eliminate temporary f32 arena allocations and copies during load, retaining validation and file format	2026-09-07T01:14:00+00:00
E006	build_save_load	9004a81ef2e7087b5a84c3676922a342c80ebb7e	keep	cpu.postflop.iteration_ms	27.196720000000003	Eliminate temporary f32 arena allocations and copies during load, retaining validation and file format	2026-09-07T01:14:00+00:00
E006	build_save_load	9004a81ef2e7087b5a84c3676922a342c80ebb7e	keep	lifecycle.build_ms	8.4949	Eliminate temporary f32 arena allocations and copies during load, retaining validation and file format	2026-09-07T01:14:00+00:00
E006	build_save_load	9004a81ef2e7087b5a84c3676922a342c80ebb7e	keep	lifecycle.compressed_load_ms	92.4106	Eliminate temporary f32 arena allocations and copies during load, retaining validation and file format	2026-09-07T01:14:00+00:00
E006	build_save_load	9004a81ef2e7087b5a84c3676922a342c80ebb7e	keep	lifecycle.load_ms	58.6604	Eliminate temporary f32 arena allocations and copies during load, retaining validation and file format	2026-09-07T01:14:00+00:00
E006	build_save_load	9004a81ef2e7087b5a84c3676922a342c80ebb7e	keep	lifecycle.profile_ms	651.1934	Eliminate temporary f32 arena allocations and copies during load, retaining validation and file format	2026-09-07T01:14:00+00:00
E006	build_save_load	9004a81ef2e7087b5a84c3676922a342c80ebb7e	keep	lifecycle.report_lines_ms	70.5333	Eliminate temporary f32 arena allocations and copies during load, retaining validation and file format	2026-09-07T01:14:00+00:00
E006	build_save_load	9004a81ef2e7087b5a84c3676922a342c80ebb7e	keep	lifecycle.save_mb	104.204944	Eliminate temporary f32 arena allocations and copies during load, retaining validation and file format	2026-09-07T01:14:00+00:00
E006	build_save_load	9004a81ef2e7087b5a84c3676922a342c80ebb7e	keep	lifecycle.save_ms	221.40779999999998	Eliminate temporary f32 arena allocations and copies during load, retaining validation and file format	2026-09-07T01:14:00+00:00
E006R	build_save_load	9004a81ef2e7087b5a84c3676922a342c80ebb7e	keep	cpu.postflop.arena_mb	104.204192	Repeat direct-arena load after warm controls; compare both latency and process memory	2026-09-07T01:16:05+00:00
E006R	build_save_load	9004a81ef2e7087b5a84c3676922a342c80ebb7e	keep	cpu.postflop.iteration_ms	32.7023	Repeat direct-arena load after warm controls; compare both latency and process memory	2026-09-07T01:16:05+00:00
E006R	build_save_load	9004a81ef2e7087b5a84c3676922a342c80ebb7e	keep	lifecycle.build_ms	9.134	Repeat direct-arena load after warm controls; compare both latency and process memory	2026-09-07T01:16:05+00:00
E006R	build_save_load	9004a81ef2e7087b5a84c3676922a342c80ebb7e	keep	lifecycle.compressed_load_ms	96.8628	Repeat direct-arena load after warm controls; compare both latency and process memory	2026-09-07T01:16:05+00:00
E006R	build_save_load	9004a81ef2e7087b5a84c3676922a342c80ebb7e	keep	lifecycle.load_ms	43.0471	Repeat direct-arena load after warm controls; compare both latency and process memory	2026-09-07T01:16:05+00:00
E006R	build_save_load	9004a81ef2e7087b5a84c3676922a342c80ebb7e	keep	lifecycle.profile_ms	681.342	Repeat direct-arena load after warm controls; compare both latency and process memory	2026-09-07T01:16:05+00:00
E006R	build_save_load	9004a81ef2e7087b5a84c3676922a342c80ebb7e	keep	lifecycle.report_lines_ms	72.2329	Repeat direct-arena load after warm controls; compare both latency and process memory	2026-09-07T01:16:05+00:00
E006R	build_save_load	9004a81ef2e7087b5a84c3676922a342c80ebb7e	keep	lifecycle.save_mb	104.204944	Repeat direct-arena load after warm controls; compare both latency and process memory	2026-09-07T01:16:05+00:00
E006R	build_save_load	9004a81ef2e7087b5a84c3676922a342c80ebb7e	keep	lifecycle.save_ms	221.5483	Repeat direct-arena load after warm controls; compare both latency and process memory	2026-09-07T01:16:05+00:00
E006W2	build_save_load	19dd982afcd2801ed8cdbe93405a712fa0875b24	keep	lifecycle.warm_load_ms	39.8761	Isolated 20-load median and OS peak working set for direct arena loading	2026-09-07T01:21:21+00:00
E006W2	build_save_load	19dd982afcd2801ed8cdbe93405a712fa0875b24	keep	lifecycle.load_process_memory_mb	172.012	Isolated 20-load median and OS peak working set for direct arena loading	2026-09-07T01:21:21+00:00
B005	baseline	4c75a893020e1c12c83154d7c990db7abc8ac1f2	baseline	lifecycle.warm_load_ms	54.134	Paired original-loader control: same warm-load fixture, 20 samples, OS peak working set	2026-09-07T01:22:37+00:00
B005	baseline	4c75a893020e1c12c83154d7c990db7abc8ac1f2	baseline	lifecycle.load_process_memory_mb	198.885	Paired original-loader control: same warm-load fixture, 20 samples, OS peak working set	2026-09-07T01:22:37+00:00
E007	memory_transfers	4e8c4c9ebe0be70f9e642f5ccb13261cc9cf3967	keep	preflop.6.allocated_vram_mb	603.979776	Store one changed actor reach per edge and alias every unchanged seat reach to its ancestor	2026-09-07T01:26:20+00:00
E007	memory_transfers	4e8c4c9ebe0be70f9e642f5ccb13261cc9cf3967	keep	preflop.6.build_ms	77.01719999999999	Store one changed actor reach per edge and alias every unchanged seat reach to its ancestor	2026-09-07T01:26:20+00:00
E007	memory_transfers	4e8c4c9ebe0be70f9e642f5ccb13261cc9cf3967	keep	preflop.6.cpu_arena_mb	224.552328	Store one changed actor reach per edge and alias every unchanged seat reach to its ancestor	2026-09-07T01:26:20+00:00
E007	memory_transfers	4e8c4c9ebe0be70f9e642f5ccb13261cc9cf3967	keep	preflop.6.estimated_vram_mb	643.987632	Store one changed actor reach per edge and alias every unchanged seat reach to its ancestor	2026-09-07T01:26:20+00:00
E007	memory_transfers	4e8c4c9ebe0be70f9e642f5ccb13261cc9cf3967	keep	preflop.6.init_ms	595.4649	Store one changed actor reach per edge and alias every unchanged seat reach to its ancestor	2026-09-07T01:26:20+00:00
E007	memory_transfers	4e8c4c9ebe0be70f9e642f5ccb13261cc9cf3967	keep	preflop.8.allocated_vram_mb	1543.503872	Store one changed actor reach per edge and alias every unchanged seat reach to its ancestor	2026-09-07T01:26:20+00:00
E007	memory_transfers	4e8c4c9ebe0be70f9e642f5ccb13261cc9cf3967	keep	preflop.8.build_ms	231.4608	Store one changed actor reach per edge and alias every unchanged seat reach to its ancestor	2026-09-07T01:26:20+00:00
E007	memory_transfers	4e8c4c9ebe0be70f9e642f5ccb13261cc9cf3967	keep	preflop.8.cpu_arena_mb	587.239848	Store one changed actor reach per edge and alias every unchanged seat reach to its ancestor	2026-09-07T01:26:20+00:00
E007	memory_transfers	4e8c4c9ebe0be70f9e642f5ccb13261cc9cf3967	keep	preflop.8.estimated_vram_mb	1591.177304	Store one changed actor reach per edge and alias every unchanged seat reach to its ancestor	2026-09-07T01:26:20+00:00
E007	memory_transfers	4e8c4c9ebe0be70f9e642f5ccb13261cc9cf3967	keep	preflop.8.init_ms	268.5756	Store one changed actor reach per edge and alias every unchanged seat reach to its ancestor	2026-09-07T01:26:20+00:00
E007	memory_transfers	4e8c4c9ebe0be70f9e642f5ccb13261cc9cf3967	keep	preflop.2.iteration_ms	0.098	Store one changed actor reach per edge and alias every unchanged seat reach to its ancestor	2026-09-07T01:26:20+00:00
E007	memory_transfers	4e8c4c9ebe0be70f9e642f5ccb13261cc9cf3967	keep	preflop.2.check_ms	0.394	Store one changed actor reach per edge and alias every unchanged seat reach to its ancestor	2026-09-07T01:26:20+00:00
E007	memory_transfers	4e8c4c9ebe0be70f9e642f5ccb13261cc9cf3967	keep	preflop.2.sync_ms	0.035	Store one changed actor reach per edge and alias every unchanged seat reach to its ancestor	2026-09-07T01:26:20+00:00
E007	memory_transfers	4e8c4c9ebe0be70f9e642f5ccb13261cc9cf3967	keep	preflop.6.iteration_ms	24.037	Store one changed actor reach per edge and alias every unchanged seat reach to its ancestor	2026-09-07T01:26:20+00:00
E007	memory_transfers	4e8c4c9ebe0be70f9e642f5ccb13261cc9cf3967	keep	preflop.6.check_ms	32.787	Store one changed actor reach per edge and alias every unchanged seat reach to its ancestor	2026-09-07T01:26:20+00:00
E007	memory_transfers	4e8c4c9ebe0be70f9e642f5ccb13261cc9cf3967	keep	preflop.6.sync_ms	27.716	Store one changed actor reach per edge and alias every unchanged seat reach to its ancestor	2026-09-07T01:26:20+00:00
E007	memory_transfers	4e8c4c9ebe0be70f9e642f5ccb13261cc9cf3967	keep	preflop.8.iteration_ms	106.379	Store one changed actor reach per edge and alias every unchanged seat reach to its ancestor	2026-09-07T01:26:20+00:00
E007	memory_transfers	4e8c4c9ebe0be70f9e642f5ccb13261cc9cf3967	keep	preflop.8.check_ms	133.402	Store one changed actor reach per edge and alias every unchanged seat reach to its ancestor	2026-09-07T01:26:20+00:00
E007	memory_transfers	4e8c4c9ebe0be70f9e642f5ccb13261cc9cf3967	keep	preflop.8.sync_ms	73.445	Store one changed actor reach per edge and alias every unchanged seat reach to its ancestor	2026-09-07T01:26:20+00:00
E007R	memory_transfers	4e8c4c9ebe0be70f9e642f5ccb13261cc9cf3967	keep	preflop.6.allocated_vram_mb	603.979776	Repeat compact reach timing and capacity after CUDA JIT warmup and full preflop equivalence validation	2026-09-07T01:28:54+00:00
E007R	memory_transfers	4e8c4c9ebe0be70f9e642f5ccb13261cc9cf3967	keep	preflop.6.build_ms	79.0233	Repeat compact reach timing and capacity after CUDA JIT warmup and full preflop equivalence validation	2026-09-07T01:28:54+00:00
E007R	memory_transfers	4e8c4c9ebe0be70f9e642f5ccb13261cc9cf3967	keep	preflop.6.cpu_arena_mb	224.552328	Repeat compact reach timing and capacity after CUDA JIT warmup and full preflop equivalence validation	2026-09-07T01:28:54+00:00
E007R	memory_transfers	4e8c4c9ebe0be70f9e642f5ccb13261cc9cf3967	keep	preflop.6.estimated_vram_mb	643.987632	Repeat compact reach timing and capacity after CUDA JIT warmup and full preflop equivalence validation	2026-09-07T01:28:54+00:00
E007R	memory_transfers	4e8c4c9ebe0be70f9e642f5ccb13261cc9cf3967	keep	preflop.6.init_ms	187.6735	Repeat compact reach timing and capacity after CUDA JIT warmup and full preflop equivalence validation	2026-09-07T01:28:54+00:00
E007R	memory_transfers	4e8c4c9ebe0be70f9e642f5ccb13261cc9cf3967	keep	preflop.8.allocated_vram_mb	1543.503872	Repeat compact reach timing and capacity after CUDA JIT warmup and full preflop equivalence validation	2026-09-07T01:28:54+00:00
E007R	memory_transfers	4e8c4c9ebe0be70f9e642f5ccb13261cc9cf3967	keep	preflop.8.build_ms	246.7398	Repeat compact reach timing and capacity after CUDA JIT warmup and full preflop equivalence validation	2026-09-07T01:28:54+00:00
E007R	memory_transfers	4e8c4c9ebe0be70f9e642f5ccb13261cc9cf3967	keep	preflop.8.cpu_arena_mb	587.239848	Repeat compact reach timing and capacity after CUDA JIT warmup and full preflop equivalence validation	2026-09-07T01:28:54+00:00
E007R	memory_transfers	4e8c4c9ebe0be70f9e642f5ccb13261cc9cf3967	keep	preflop.8.estimated_vram_mb	1591.177304	Repeat compact reach timing and capacity after CUDA JIT warmup and full preflop equivalence validation	2026-09-07T01:28:54+00:00
E007R	memory_transfers	4e8c4c9ebe0be70f9e642f5ccb13261cc9cf3967	keep	preflop.8.init_ms	295.3459	Repeat compact reach timing and capacity after CUDA JIT warmup and full preflop equivalence validation	2026-09-07T01:28:54+00:00
E007R	memory_transfers	4e8c4c9ebe0be70f9e642f5ccb13261cc9cf3967	keep	preflop.2.iteration_ms	0.09	Repeat compact reach timing and capacity after CUDA JIT warmup and full preflop equivalence validation	2026-09-07T01:28:54+00:00
E007R	memory_transfers	4e8c4c9ebe0be70f9e642f5ccb13261cc9cf3967	keep	preflop.2.check_ms	0.294	Repeat compact reach timing and capacity after CUDA JIT warmup and full preflop equivalence validation	2026-09-07T01:28:54+00:00
E007R	memory_transfers	4e8c4c9ebe0be70f9e642f5ccb13261cc9cf3967	keep	preflop.2.sync_ms	0.016	Repeat compact reach timing and capacity after CUDA JIT warmup and full preflop equivalence validation	2026-09-07T01:28:54+00:00
E007R	memory_transfers	4e8c4c9ebe0be70f9e642f5ccb13261cc9cf3967	keep	preflop.6.iteration_ms	23.784	Repeat compact reach timing and capacity after CUDA JIT warmup and full preflop equivalence validation	2026-09-07T01:28:54+00:00
E007R	memory_transfers	4e8c4c9ebe0be70f9e642f5ccb13261cc9cf3967	keep	preflop.6.check_ms	32.792	Repeat compact reach timing and capacity after CUDA JIT warmup and full preflop equivalence validation	2026-09-07T01:28:54+00:00
E007R	memory_transfers	4e8c4c9ebe0be70f9e642f5ccb13261cc9cf3967	keep	preflop.6.sync_ms	29.649	Repeat compact reach timing and capacity after CUDA JIT warmup and full preflop equivalence validation	2026-09-07T01:28:54+00:00
E007R	memory_transfers	4e8c4c9ebe0be70f9e642f5ccb13261cc9cf3967	keep	preflop.8.iteration_ms	106.602	Repeat compact reach timing and capacity after CUDA JIT warmup and full preflop equivalence validation	2026-09-07T01:28:54+00:00
E007R	memory_transfers	4e8c4c9ebe0be70f9e642f5ccb13261cc9cf3967	keep	preflop.8.check_ms	133.419	Repeat compact reach timing and capacity after CUDA JIT warmup and full preflop equivalence validation	2026-09-07T01:28:54+00:00
E007R	memory_transfers	4e8c4c9ebe0be70f9e642f5ccb13261cc9cf3967	keep	preflop.8.sync_ms	69.785	Repeat compact reach timing and capacity after CUDA JIT warmup and full preflop equivalence validation	2026-09-07T01:28:54+00:00
E008	cpu_solving	f3fadb13e738fe43c259689429865b13c8b5a47c	keep	cpu.preflop.arena_mb	224.552328	Use opponent-major equity storage to vectorize independent hero hands while preserving each sum order	2026-09-07T01:33:30+00:00
E008	cpu_solving	f3fadb13e738fe43c259689429865b13c8b5a47c	keep	cpu.preflop.check_ms	325.6546	Use opponent-major equity storage to vectorize independent hero hands while preserving each sum order	2026-09-07T01:33:30+00:00
E008	cpu_solving	f3fadb13e738fe43c259689429865b13c8b5a47c	keep	cpu.preflop.iteration_ms	77.83432	Use opponent-major equity storage to vectorize independent hero hands while preserving each sum order	2026-09-07T01:33:30+00:00
E008R	cpu_solving	0f13dcb8b59ae4bc86976e198d22f81a6b726fa4	keep	cpu.preflop.arena_mb	224.552328	Repeat exact batched equity timings after the full CPU solver suite passed	2026-09-07T01:38:49+00:00
E008R	cpu_solving	0f13dcb8b59ae4bc86976e198d22f81a6b726fa4	keep	cpu.preflop.check_ms	338.9815	Repeat exact batched equity timings after the full CPU solver suite passed	2026-09-07T01:38:49+00:00
E008R	cpu_solving	0f13dcb8b59ae4bc86976e198d22f81a6b726fa4	keep	cpu.preflop.iteration_ms	84.69842	Repeat exact batched equity timings after the full CPU solver suite passed	2026-09-07T01:38:49+00:00
B006	baseline	0f13dcb8b59ae4bc86976e198d22f81a6b726fa4	baseline	postflop.Ks7h2d.iso.allocated_vram_mb	7683.964928	Postflop GPU capacity before compact reach slots, with suit isomorphism on and off	2026-09-07T01:41:32+00:00
B006	baseline	0f13dcb8b59ae4bc86976e198d22f81a6b726fa4	baseline	postflop.Ks7h2d.iso.estimated_vram_mb	8088.005516	Postflop GPU capacity before compact reach slots, with suit isomorphism on and off	2026-09-07T01:41:32+00:00
B006	baseline	0f13dcb8b59ae4bc86976e198d22f81a6b726fa4	baseline	postflop.Ks7h2d.iso.init_ms	868.18	Postflop GPU capacity before compact reach slots, with suit isomorphism on and off	2026-09-07T01:41:32+00:00
B006	baseline	0f13dcb8b59ae4bc86976e198d22f81a6b726fa4	baseline	postflop.Ks7h2d.iso.plan_build_ms	93.5086	Postflop GPU capacity before compact reach slots, with suit isomorphism on and off	2026-09-07T01:41:32+00:00
B006	baseline	0f13dcb8b59ae4bc86976e198d22f81a6b726fa4	baseline	postflop.Ks7h2d.iso.staging_memory_mb	4821.59054	Postflop GPU capacity before compact reach slots, with suit isomorphism on and off	2026-09-07T01:41:32+00:00
B006	baseline	0f13dcb8b59ae4bc86976e198d22f81a6b726fa4	baseline	postflop.Ks7s2d.iso.allocated_vram_mb	7683.964928	Postflop GPU capacity before compact reach slots, with suit isomorphism on and off	2026-09-07T01:41:32+00:00
B006	baseline	0f13dcb8b59ae4bc86976e198d22f81a6b726fa4	baseline	postflop.Ks7s2d.iso.estimated_vram_mb	8113.667768	Postflop GPU capacity before compact reach slots, with suit isomorphism on and off	2026-09-07T01:41:32+00:00
B006	baseline	0f13dcb8b59ae4bc86976e198d22f81a6b726fa4	baseline	postflop.Ks7s2d.iso.init_ms	634.1732	Postflop GPU capacity before compact reach slots, with suit isomorphism on and off	2026-09-07T01:41:32+00:00
B006	baseline	0f13dcb8b59ae4bc86976e198d22f81a6b726fa4	baseline	postflop.Ks7s2d.iso.plan_build_ms	68.9306	Postflop GPU capacity before compact reach slots, with suit isomorphism on and off	2026-09-07T01:41:32+00:00
B006	baseline	0f13dcb8b59ae4bc86976e198d22f81a6b726fa4	baseline	postflop.Ks7s2d.iso.staging_memory_mb	4837.752296	Postflop GPU capacity before compact reach slots, with suit isomorphism on and off	2026-09-07T01:41:32+00:00
B006	baseline	0f13dcb8b59ae4bc86976e198d22f81a6b726fa4	baseline	postflop.Ks7s2d.full.allocated_vram_mb	7717.51936	Postflop GPU capacity before compact reach slots, with suit isomorphism on and off	2026-09-07T01:41:32+00:00
B006	baseline	0f13dcb8b59ae4bc86976e198d22f81a6b726fa4	baseline	postflop.Ks7s2d.full.estimated_vram_mb	8113.667768	Postflop GPU capacity before compact reach slots, with suit isomorphism on and off	2026-09-07T01:41:32+00:00
B006	baseline	0f13dcb8b59ae4bc86976e198d22f81a6b726fa4	baseline	postflop.Ks7s2d.full.init_ms	663.1458	Postflop GPU capacity before compact reach slots, with suit isomorphism on and off	2026-09-07T01:41:32+00:00
B006	baseline	0f13dcb8b59ae4bc86976e198d22f81a6b726fa4	baseline	postflop.Ks7s2d.full.plan_build_ms	128.3491	Postflop GPU capacity before compact reach slots, with suit isomorphism on and off	2026-09-07T01:41:32+00:00
B006	baseline	0f13dcb8b59ae4bc86976e198d22f81a6b726fa4	baseline	postflop.Ks7s2d.full.staging_memory_mb	4837.752296	Postflop GPU capacity before compact reach slots, with suit isomorphism on and off	2026-09-07T01:41:32+00:00
B007	baseline	0f13dcb8b59ae4bc86976e198d22f81a6b726fa4	baseline	postflop.Ks7h2d.target_seconds	12.244	Postflop time-to-0.3-percent-exploitability control before compact reach storage	2026-09-07T01:43:33+00:00
B007	baseline	0f13dcb8b59ae4bc86976e198d22f81a6b726fa4	baseline	postflop.Ks7s2d.target_seconds	7.346	Postflop time-to-0.3-percent-exploitability control before compact reach storage	2026-09-07T01:43:33+00:00
B007	baseline	0f13dcb8b59ae4bc86976e198d22f81a6b726fa4	baseline	postflop.Ks7h2dQhTc.target_seconds	0.023	Postflop time-to-0.3-percent-exploitability control before compact reach storage	2026-09-07T01:43:33+00:00
E009	postflop_cuda	4fe013617fc43a951f18977dffe4633bc59070c4	keep	postflop.Ks7h2d.iso.allocated_vram_mb	6274.678784	Dense reach-owner storage reduces postflop VRAM without changing any reach calculation	2026-09-07T01:50:21+00:00
E009	postflop_cuda	4fe013617fc43a951f18977dffe4633bc59070c4	keep	postflop.Ks7h2d.iso.estimated_vram_mb	6716.6347	Dense reach-owner storage reduces postflop VRAM without changing any reach calculation	2026-09-07T01:50:21+00:00
E009	postflop_cuda	4fe013617fc43a951f18977dffe4633bc59070c4	keep	postflop.Ks7h2d.iso.init_ms	1440.1109000000001	Dense reach-owner storage reduces postflop VRAM without changing any reach calculation	2026-09-07T01:50:21+00:00
E009	postflop_cuda	4fe013617fc43a951f18977dffe4633bc59070c4	keep	postflop.Ks7h2d.iso.plan_build_ms	99.9789	Dense reach-owner storage reduces postflop VRAM without changing any reach calculation	2026-09-07T01:50:21+00:00
E009	postflop_cuda	4fe013617fc43a951f18977dffe4633bc59070c4	keep	postflop.Ks7h2d.iso.staging_memory_mb	3415.119456	Dense reach-owner storage reduces postflop VRAM without changing any reach calculation	2026-09-07T01:50:21+00:00
E009	postflop_cuda	4fe013617fc43a951f18977dffe4633bc59070c4	keep	postflop.Ks7s2d.iso.allocated_vram_mb	5637.144576	Dense reach-owner storage reduces postflop VRAM without changing any reach calculation	2026-09-07T01:50:21+00:00
E009	postflop_cuda	4fe013617fc43a951f18977dffe4633bc59070c4	keep	postflop.Ks7s2d.iso.estimated_vram_mb	6737.546704	Dense reach-owner storage reduces postflop VRAM without changing any reach calculation	2026-09-07T01:50:21+00:00
E009	postflop_cuda	4fe013617fc43a951f18977dffe4633bc59070c4	keep	postflop.Ks7s2d.iso.init_ms	642.9473	Dense reach-owner storage reduces postflop VRAM without changing any reach calculation	2026-09-07T01:50:21+00:00
E009	postflop_cuda	4fe013617fc43a951f18977dffe4633bc59070c4	keep	postflop.Ks7s2d.iso.plan_build_ms	87.69399999999999	Dense reach-owner storage reduces postflop VRAM without changing any reach calculation	2026-09-07T01:50:21+00:00
E009	postflop_cuda	4fe013617fc43a951f18977dffe4633bc59070c4	keep	postflop.Ks7s2d.iso.staging_memory_mb	2759.814928	Dense reach-owner storage reduces postflop VRAM without changing any reach calculation	2026-09-07T01:50:21+00:00
E009	postflop_cuda	4fe013617fc43a951f18977dffe4633bc59070c4	keep	postflop.Ks7s2d.full.allocated_vram_mb	6308.233216	Dense reach-owner storage reduces postflop VRAM without changing any reach calculation	2026-09-07T01:50:21+00:00
E009	postflop_cuda	4fe013617fc43a951f18977dffe4633bc59070c4	keep	postflop.Ks7s2d.full.estimated_vram_mb	6737.546704	Dense reach-owner storage reduces postflop VRAM without changing any reach calculation	2026-09-07T01:50:21+00:00
E009	postflop_cuda	4fe013617fc43a951f18977dffe4633bc59070c4	keep	postflop.Ks7s2d.full.init_ms	657.4692	Dense reach-owner storage reduces postflop VRAM without changing any reach calculation	2026-09-07T01:50:21+00:00
E009	postflop_cuda	4fe013617fc43a951f18977dffe4633bc59070c4	keep	postflop.Ks7s2d.full.plan_build_ms	147.3625	Dense reach-owner storage reduces postflop VRAM without changing any reach calculation	2026-09-07T01:50:21+00:00
E009	postflop_cuda	4fe013617fc43a951f18977dffe4633bc59070c4	keep	postflop.Ks7s2d.full.staging_memory_mb	3426.408856	Dense reach-owner storage reduces postflop VRAM without changing any reach calculation	2026-09-07T01:50:21+00:00
E009	postflop_cuda	4fe013617fc43a951f18977dffe4633bc59070c4	keep	postflop.Ks7h2d.init_ms	1216.602	Dense reach-owner storage reduces postflop VRAM without changing any reach calculation	2026-09-07T01:50:21+00:00
E009	postflop_cuda	4fe013617fc43a951f18977dffe4633bc59070c4	keep	postflop.Ks7h2d.iteration_ms	63.968	Dense reach-owner storage reduces postflop VRAM without changing any reach calculation	2026-09-07T01:50:21+00:00
E009	postflop_cuda	4fe013617fc43a951f18977dffe4633bc59070c4	keep	postflop.Ks7h2d.check_ms	45.384	Dense reach-owner storage reduces postflop VRAM without changing any reach calculation	2026-09-07T01:50:21+00:00
E009	postflop_cuda	4fe013617fc43a951f18977dffe4633bc59070c4	keep	postflop.Ks7s2d.init_ms	764.46	Dense reach-owner storage reduces postflop VRAM without changing any reach calculation	2026-09-07T01:50:21+00:00
E009	postflop_cuda	4fe013617fc43a951f18977dffe4633bc59070c4	keep	postflop.Ks7s2d.iteration_ms	37.658	Dense reach-owner storage reduces postflop VRAM without changing any reach calculation	2026-09-07T01:50:21+00:00
E009	postflop_cuda	4fe013617fc43a951f18977dffe4633bc59070c4	keep	postflop.Ks7s2d.check_ms	34.214	Dense reach-owner storage reduces postflop VRAM without changing any reach calculation	2026-09-07T01:50:21+00:00
E009	postflop_cuda	4fe013617fc43a951f18977dffe4633bc59070c4	keep	postflop.Ks7h2dQhTc.init_ms	73.845	Dense reach-owner storage reduces postflop VRAM without changing any reach calculation	2026-09-07T01:50:21+00:00
E009	postflop_cuda	4fe013617fc43a951f18977dffe4633bc59070c4	keep	postflop.Ks7h2dQhTc.iteration_ms	0.365	Dense reach-owner storage reduces postflop VRAM without changing any reach calculation	2026-09-07T01:50:21+00:00
E009	postflop_cuda	4fe013617fc43a951f18977dffe4633bc59070c4	keep	postflop.Ks7h2dQhTc.check_ms	0.881	Dense reach-owner storage reduces postflop VRAM without changing any reach calculation	2026-09-07T01:50:21+00:00
E009R	postflop_cuda	4fe013617fc43a951f18977dffe4633bc59070c4	keep	postflop.Ks7h2d.target_seconds	12.267	Repeat compact postflop reaches and verify time to unchanged 0.3-percent target	2026-09-07T01:51:51+00:00
E009R	postflop_cuda	4fe013617fc43a951f18977dffe4633bc59070c4	keep	postflop.Ks7s2d.target_seconds	7.325	Repeat compact postflop reaches and verify time to unchanged 0.3-percent target	2026-09-07T01:51:51+00:00
E009R	postflop_cuda	4fe013617fc43a951f18977dffe4633bc59070c4	keep	postflop.Ks7h2dQhTc.target_seconds	0.024	Repeat compact postflop reaches and verify time to unchanged 0.3-percent target	2026-09-07T01:51:51+00:00
B008	baseline	b6131a59d8a8561693f8545de49b45fe26723341	baseline	postflop.Ks7h2d.init_ms	1029.168	Paired original reach-storage control after E009 to distinguish timing drift from indirection cost	2026-09-07T01:52:59+00:00
B008	baseline	b6131a59d8a8561693f8545de49b45fe26723341	baseline	postflop.Ks7h2d.iteration_ms	58.918	Paired original reach-storage control after E009 to distinguish timing drift from indirection cost	2026-09-07T01:52:59+00:00
B008	baseline	b6131a59d8a8561693f8545de49b45fe26723341	baseline	postflop.Ks7h2d.check_ms	41.145	Paired original reach-storage control after E009 to distinguish timing drift from indirection cost	2026-09-07T01:52:59+00:00
B008	baseline	b6131a59d8a8561693f8545de49b45fe26723341	baseline	postflop.Ks7s2d.init_ms	776.34	Paired original reach-storage control after E009 to distinguish timing drift from indirection cost	2026-09-07T01:52:59+00:00
B008	baseline	b6131a59d8a8561693f8545de49b45fe26723341	baseline	postflop.Ks7s2d.iteration_ms	34.811	Paired original reach-storage control after E009 to distinguish timing drift from indirection cost	2026-09-07T01:52:59+00:00
B008	baseline	b6131a59d8a8561693f8545de49b45fe26723341	baseline	postflop.Ks7s2d.check_ms	31.529	Paired original reach-storage control after E009 to distinguish timing drift from indirection cost	2026-09-07T01:52:59+00:00
B008	baseline	b6131a59d8a8561693f8545de49b45fe26723341	baseline	postflop.Ks7h2dQhTc.init_ms	68.551	Paired original reach-storage control after E009 to distinguish timing drift from indirection cost	2026-09-07T01:52:59+00:00
B008	baseline	b6131a59d8a8561693f8545de49b45fe26723341	baseline	postflop.Ks7h2dQhTc.iteration_ms	0.338	Paired original reach-storage control after E009 to distinguish timing drift from indirection cost	2026-09-07T01:52:59+00:00
B008	baseline	b6131a59d8a8561693f8545de49b45fe26723341	baseline	postflop.Ks7h2dQhTc.check_ms	0.594	Paired original reach-storage control after E009 to distinguish timing drift from indirection cost	2026-09-07T01:52:59+00:00
E009R2	postflop_cuda	4763e3ea36f56f1bddb30e7e02a671095542614e	keep	postflop.Ks7h2d.iso.allocated_vram_mb	6274.678784	Paired warm repeat of compact reach storage after original-layout control	2026-09-07T01:54:09+00:00
E009R2	postflop_cuda	4763e3ea36f56f1bddb30e7e02a671095542614e	keep	postflop.Ks7h2d.iso.estimated_vram_mb	6716.6347	Paired warm repeat of compact reach storage after original-layout control	2026-09-07T01:54:09+00:00
E009R2	postflop_cuda	4763e3ea36f56f1bddb30e7e02a671095542614e	keep	postflop.Ks7h2d.iso.init_ms	871.3498	Paired warm repeat of compact reach storage after original-layout control	2026-09-07T01:54:09+00:00
E009R2	postflop_cuda	4763e3ea36f56f1bddb30e7e02a671095542614e	keep	postflop.Ks7h2d.iso.plan_build_ms	99.2814	Paired warm repeat of compact reach storage after original-layout control	2026-09-07T01:54:09+00:00
E009R2	postflop_cuda	4763e3ea36f56f1bddb30e7e02a671095542614e	keep	postflop.Ks7h2d.iso.staging_memory_mb	3415.119456	Paired warm repeat of compact reach storage after original-layout control	2026-09-07T01:54:09+00:00
E009R2	postflop_cuda	4763e3ea36f56f1bddb30e7e02a671095542614e	keep	postflop.Ks7s2d.iso.allocated_vram_mb	5637.144576	Paired warm repeat of compact reach storage after original-layout control	2026-09-07T01:54:09+00:00
E009R2	postflop_cuda	4763e3ea36f56f1bddb30e7e02a671095542614e	keep	postflop.Ks7s2d.iso.estimated_vram_mb	6737.546704	Paired warm repeat of compact reach storage after original-layout control	2026-09-07T01:54:09+00:00
E009R2	postflop_cuda	4763e3ea36f56f1bddb30e7e02a671095542614e	keep	postflop.Ks7s2d.iso.init_ms	623.3035	Paired warm repeat of compact reach storage after original-layout control	2026-09-07T01:54:09+00:00
E009R2	postflop_cuda	4763e3ea36f56f1bddb30e7e02a671095542614e	keep	postflop.Ks7s2d.iso.plan_build_ms	133.5797	Paired warm repeat of compact reach storage after original-layout control	2026-09-07T01:54:09+00:00
E009R2	postflop_cuda	4763e3ea36f56f1bddb30e7e02a671095542614e	keep	postflop.Ks7s2d.iso.staging_memory_mb	2759.814928	Paired warm repeat of compact reach storage after original-layout control	2026-09-07T01:54:09+00:00
E009R2	postflop_cuda	4763e3ea36f56f1bddb30e7e02a671095542614e	keep	postflop.Ks7s2d.full.allocated_vram_mb	6308.233216	Paired warm repeat of compact reach storage after original-layout control	2026-09-07T01:54:09+00:00
E009R2	postflop_cuda	4763e3ea36f56f1bddb30e7e02a671095542614e	keep	postflop.Ks7s2d.full.estimated_vram_mb	6737.546704	Paired warm repeat of compact reach storage after original-layout control	2026-09-07T01:54:09+00:00
E009R2	postflop_cuda	4763e3ea36f56f1bddb30e7e02a671095542614e	keep	postflop.Ks7s2d.full.init_ms	592.9345000000001	Paired warm repeat of compact reach storage after original-layout control	2026-09-07T01:54:09+00:00
E009R2	postflop_cuda	4763e3ea36f56f1bddb30e7e02a671095542614e	keep	postflop.Ks7s2d.full.plan_build_ms	93.0251	Paired warm repeat of compact reach storage after original-layout control	2026-09-07T01:54:09+00:00
E009R2	postflop_cuda	4763e3ea36f56f1bddb30e7e02a671095542614e	keep	postflop.Ks7s2d.full.staging_memory_mb	3426.408856	Paired warm repeat of compact reach storage after original-layout control	2026-09-07T01:54:09+00:00
E009R2	postflop_cuda	4763e3ea36f56f1bddb30e7e02a671095542614e	keep	postflop.Ks7h2d.init_ms	1103.302	Paired warm repeat of compact reach storage after original-layout control	2026-09-07T01:54:09+00:00
E009R2	postflop_cuda	4763e3ea36f56f1bddb30e7e02a671095542614e	keep	postflop.Ks7h2d.iteration_ms	59.09	Paired warm repeat of compact reach storage after original-layout control	2026-09-07T01:54:09+00:00
E009R2	postflop_cuda	4763e3ea36f56f1bddb30e7e02a671095542614e	keep	postflop.Ks7h2d.check_ms	40.829	Paired warm repeat of compact reach storage after original-layout control	2026-09-07T01:54:09+00:00
E009R2	postflop_cuda	4763e3ea36f56f1bddb30e7e02a671095542614e	keep	postflop.Ks7s2d.init_ms	704.889	Paired warm repeat of compact reach storage after original-layout control	2026-09-07T01:54:09+00:00
E009R2	postflop_cuda	4763e3ea36f56f1bddb30e7e02a671095542614e	keep	postflop.Ks7s2d.iteration_ms	34.924	Paired warm repeat of compact reach storage after original-layout control	2026-09-07T01:54:09+00:00
E009R2	postflop_cuda	4763e3ea36f56f1bddb30e7e02a671095542614e	keep	postflop.Ks7s2d.check_ms	31.529	Paired warm repeat of compact reach storage after original-layout control	2026-09-07T01:54:09+00:00
E009R2	postflop_cuda	4763e3ea36f56f1bddb30e7e02a671095542614e	keep	postflop.Ks7h2dQhTc.init_ms	88.041	Paired warm repeat of compact reach storage after original-layout control	2026-09-07T01:54:09+00:00
E009R2	postflop_cuda	4763e3ea36f56f1bddb30e7e02a671095542614e	keep	postflop.Ks7h2dQhTc.iteration_ms	0.344	Paired warm repeat of compact reach storage after original-layout control	2026-09-07T01:54:09+00:00
E009R2	postflop_cuda	4763e3ea36f56f1bddb30e7e02a671095542614e	keep	postflop.Ks7h2dQhTc.check_ms	0.77	Paired warm repeat of compact reach storage after original-layout control	2026-09-07T01:54:09+00:00
E010	preflop_cuda	f3e9aba7a6556edd495538342ec0f98583223631	keep	preflop.2.iteration_ms	0.095	Reduce each shared reach mass once per down sweep instead of at every terminal for every opponent	2026-09-07T01:56:01+00:00
E010	preflop_cuda	f3e9aba7a6556edd495538342ec0f98583223631	keep	preflop.2.check_ms	0.295	Reduce each shared reach mass once per down sweep instead of at every terminal for every opponent	2026-09-07T01:56:01+00:00
E010	preflop_cuda	f3e9aba7a6556edd495538342ec0f98583223631	keep	preflop.2.sync_ms	0.039	Reduce each shared reach mass once per down sweep instead of at every terminal for every opponent	2026-09-07T01:56:01+00:00
E010	preflop_cuda	f3e9aba7a6556edd495538342ec0f98583223631	keep	preflop.6.iteration_ms	19.145	Reduce each shared reach mass once per down sweep instead of at every terminal for every opponent	2026-09-07T01:56:01+00:00
E010	preflop_cuda	f3e9aba7a6556edd495538342ec0f98583223631	keep	preflop.6.check_ms	24.308	Reduce each shared reach mass once per down sweep instead of at every terminal for every opponent	2026-09-07T01:56:01+00:00
E010	preflop_cuda	f3e9aba7a6556edd495538342ec0f98583223631	keep	preflop.6.sync_ms	25.43	Reduce each shared reach mass once per down sweep instead of at every terminal for every opponent	2026-09-07T01:56:01+00:00
E010	preflop_cuda	f3e9aba7a6556edd495538342ec0f98583223631	keep	preflop.8.iteration_ms	78.157	Reduce each shared reach mass once per down sweep instead of at every terminal for every opponent	2026-09-07T01:56:01+00:00
E010	preflop_cuda	f3e9aba7a6556edd495538342ec0f98583223631	keep	preflop.8.check_ms	93.947	Reduce each shared reach mass once per down sweep instead of at every terminal for every opponent	2026-09-07T01:56:01+00:00
E010	preflop_cuda	f3e9aba7a6556edd495538342ec0f98583223631	keep	preflop.8.sync_ms	70.391	Reduce each shared reach mass once per down sweep instead of at every terminal for every opponent	2026-09-07T01:56:01+00:00
E010R	preflop_cuda	f3e9aba7a6556edd495538342ec0f98583223631	keep	preflop.2.iteration_ms	0.096	Repeat cached reach masses with full preflop GPU and graph-stop equivalence coverage	2026-09-07T01:57:10+00:00
E010R	preflop_cuda	f3e9aba7a6556edd495538342ec0f98583223631	keep	preflop.2.check_ms	0.289	Repeat cached reach masses with full preflop GPU and graph-stop equivalence coverage	2026-09-07T01:57:10+00:00
E010R	preflop_cuda	f3e9aba7a6556edd495538342ec0f98583223631	keep	preflop.2.sync_ms	0.018	Repeat cached reach masses with full preflop GPU and graph-stop equivalence coverage	2026-09-07T01:57:10+00:00
E010R	preflop_cuda	f3e9aba7a6556edd495538342ec0f98583223631	keep	preflop.6.iteration_ms	19.257	Repeat cached reach masses with full preflop GPU and graph-stop equivalence coverage	2026-09-07T01:57:10+00:00
E010R	preflop_cuda	f3e9aba7a6556edd495538342ec0f98583223631	keep	preflop.6.check_ms	24.453	Repeat cached reach masses with full preflop GPU and graph-stop equivalence coverage	2026-09-07T01:57:10+00:00
E010R	preflop_cuda	f3e9aba7a6556edd495538342ec0f98583223631	keep	preflop.6.sync_ms	26.742	Repeat cached reach masses with full preflop GPU and graph-stop equivalence coverage	2026-09-07T01:57:10+00:00
E010R	preflop_cuda	f3e9aba7a6556edd495538342ec0f98583223631	keep	preflop.8.iteration_ms	78.01	Repeat cached reach masses with full preflop GPU and graph-stop equivalence coverage	2026-09-07T01:57:10+00:00
E010R	preflop_cuda	f3e9aba7a6556edd495538342ec0f98583223631	keep	preflop.8.check_ms	93.785	Repeat cached reach masses with full preflop GPU and graph-stop equivalence coverage	2026-09-07T01:57:10+00:00
E010R	preflop_cuda	f3e9aba7a6556edd495538342ec0f98583223631	keep	preflop.8.sync_ms	66.13	Repeat cached reach masses with full preflop GPU and graph-stop equivalence coverage	2026-09-07T01:57:10+00:00
E011	postflop_cuda	ff045a34a8225df54a3dc3178f66c8336e195f1d	discard	postflop.Ks7h2d.init_ms	1663.934	Replace contended fold atomics with indexed card lists and CPU-order f64 sums	2026-09-07T01:59:17+00:00
E011	postflop_cuda	ff045a34a8225df54a3dc3178f66c8336e195f1d	discard	postflop.Ks7h2d.iteration_ms	113.943	Replace contended fold atomics with indexed card lists and CPU-order f64 sums	2026-09-07T01:59:17+00:00
E011	postflop_cuda	ff045a34a8225df54a3dc3178f66c8336e195f1d	discard	postflop.Ks7h2d.check_ms	93.23	Replace contended fold atomics with indexed card lists and CPU-order f64 sums	2026-09-07T01:59:17+00:00
E011	postflop_cuda	ff045a34a8225df54a3dc3178f66c8336e195f1d	discard	postflop.Ks7s2d.init_ms	662.83	Replace contended fold atomics with indexed card lists and CPU-order f64 sums	2026-09-07T01:59:17+00:00
E011	postflop_cuda	ff045a34a8225df54a3dc3178f66c8336e195f1d	discard	postflop.Ks7s2d.iteration_ms	68.083	Replace contended fold atomics with indexed card lists and CPU-order f64 sums	2026-09-07T01:59:17+00:00
E011	postflop_cuda	ff045a34a8225df54a3dc3178f66c8336e195f1d	discard	postflop.Ks7s2d.check_ms	62.735	Replace contended fold atomics with indexed card lists and CPU-order f64 sums	2026-09-07T01:59:17+00:00
E011	postflop_cuda	ff045a34a8225df54a3dc3178f66c8336e195f1d	discard	postflop.Ks7h2dQhTc.init_ms	72.586	Replace contended fold atomics with indexed card lists and CPU-order f64 sums	2026-09-07T01:59:17+00:00
E011	postflop_cuda	ff045a34a8225df54a3dc3178f66c8336e195f1d	discard	postflop.Ks7h2dQhTc.iteration_ms	0.411	Replace contended fold atomics with indexed card lists and CPU-order f64 sums	2026-09-07T01:59:17+00:00
E011	postflop_cuda	ff045a34a8225df54a3dc3178f66c8336e195f1d	discard	postflop.Ks7h2dQhTc.check_ms	0.616	Replace contended fold atomics with indexed card lists and CPU-order f64 sums	2026-09-07T01:59:17+00:00
E011B	postflop_cuda	fa9da02b6cbd429650975bf5ed36df1375c9a1a7	discard	postflop.Ks7h2d.init_ms	1557.562	Stage opponent reach in shared memory before deterministic CPU-precision fold sums	2026-09-07T02:01:02+00:00
E011B	postflop_cuda	fa9da02b6cbd429650975bf5ed36df1375c9a1a7	discard	postflop.Ks7h2d.iteration_ms	114.255	Stage opponent reach in shared memory before deterministic CPU-precision fold sums	2026-09-07T02:01:02+00:00
E011B	postflop_cuda	fa9da02b6cbd429650975bf5ed36df1375c9a1a7	discard	postflop.Ks7h2d.check_ms	91.642	Stage opponent reach in shared memory before deterministic CPU-precision fold sums	2026-09-07T02:01:02+00:00
E011B	postflop_cuda	fa9da02b6cbd429650975bf5ed36df1375c9a1a7	discard	postflop.Ks7s2d.init_ms	639.241	Stage opponent reach in shared memory before deterministic CPU-precision fold sums	2026-09-07T02:01:02+00:00
E011B	postflop_cuda	fa9da02b6cbd429650975bf5ed36df1375c9a1a7	discard	postflop.Ks7s2d.iteration_ms	69.008	Stage opponent reach in shared memory before deterministic CPU-precision fold sums	2026-09-07T02:01:02+00:00
E011B	postflop_cuda	fa9da02b6cbd429650975bf5ed36df1375c9a1a7	discard	postflop.Ks7s2d.check_ms	63.14	Stage opponent reach in shared memory before deterministic CPU-precision fold sums	2026-09-07T02:01:02+00:00
E011B	postflop_cuda	fa9da02b6cbd429650975bf5ed36df1375c9a1a7	discard	postflop.Ks7h2dQhTc.init_ms	77.253	Stage opponent reach in shared memory before deterministic CPU-precision fold sums	2026-09-07T02:01:02+00:00
E011B	postflop_cuda	fa9da02b6cbd429650975bf5ed36df1375c9a1a7	discard	postflop.Ks7h2dQhTc.iteration_ms	0.406	Stage opponent reach in shared memory before deterministic CPU-precision fold sums	2026-09-07T02:01:02+00:00
E011B	postflop_cuda	fa9da02b6cbd429650975bf5ed36df1375c9a1a7	discard	postflop.Ks7h2dQhTc.check_ms	0.696	Stage opponent reach in shared memory before deterministic CPU-precision fold sums	2026-09-07T02:01:02+00:00
E011C	postflop_cuda	3f6fdb592a2fdd4834d2d4b6ac90483d1856d1a6	discard	postflop.Ks7h2d.init_ms	1526.368	Parallelize fold total with a deterministic f64 reduction tree while retaining indexed card sums	2026-09-07T02:02:31+00:00
E011C	postflop_cuda	3f6fdb592a2fdd4834d2d4b6ac90483d1856d1a6	discard	postflop.Ks7h2d.iteration_ms	69.627	Parallelize fold total with a deterministic f64 reduction tree while retaining indexed card sums	2026-09-07T02:02:31+00:00
E011C	postflop_cuda	3f6fdb592a2fdd4834d2d4b6ac90483d1856d1a6	discard	postflop.Ks7h2d.check_ms	47.892	Parallelize fold total with a deterministic f64 reduction tree while retaining indexed card sums	2026-09-07T02:02:31+00:00
E011C	postflop_cuda	3f6fdb592a2fdd4834d2d4b6ac90483d1856d1a6	discard	postflop.Ks7s2d.init_ms	714.206	Parallelize fold total with a deterministic f64 reduction tree while retaining indexed card sums	2026-09-07T02:02:31+00:00
E011C	postflop_cuda	3f6fdb592a2fdd4834d2d4b6ac90483d1856d1a6	discard	postflop.Ks7s2d.iteration_ms	41.545	Parallelize fold total with a deterministic f64 reduction tree while retaining indexed card sums	2026-09-07T02:02:31+00:00
E011C	postflop_cuda	3f6fdb592a2fdd4834d2d4b6ac90483d1856d1a6	discard	postflop.Ks7s2d.check_ms	35.644	Parallelize fold total with a deterministic f64 reduction tree while retaining indexed card sums	2026-09-07T02:02:31+00:00
E011C	postflop_cuda	3f6fdb592a2fdd4834d2d4b6ac90483d1856d1a6	discard	postflop.Ks7h2dQhTc.init_ms	69.742	Parallelize fold total with a deterministic f64 reduction tree while retaining indexed card sums	2026-09-07T02:02:31+00:00
E011C	postflop_cuda	3f6fdb592a2fdd4834d2d4b6ac90483d1856d1a6	discard	postflop.Ks7h2dQhTc.iteration_ms	0.332	Parallelize fold total with a deterministic f64 reduction tree while retaining indexed card sums	2026-09-07T02:02:31+00:00
E011C	postflop_cuda	3f6fdb592a2fdd4834d2d4b6ac90483d1856d1a6	discard	postflop.Ks7h2dQhTc.check_ms	0.689	Parallelize fold total with a deterministic f64 reduction tree while retaining indexed card sums	2026-09-07T02:02:31+00:00
E011D	postflop_cuda	e30c0f3cfe446c194dfcc1b2d8137098a62951f1	keep	postflop.Ks7h2d.init_ms	1574.626	Remove fold atomics with indexed fixed-order sums at the existing f32 precision	2026-09-07T02:04:14+00:00
E011D	postflop_cuda	e30c0f3cfe446c194dfcc1b2d8137098a62951f1	keep	postflop.Ks7h2d.iteration_ms	58.899	Remove fold atomics with indexed fixed-order sums at the existing f32 precision	2026-09-07T02:04:14+00:00
E011D	postflop_cuda	e30c0f3cfe446c194dfcc1b2d8137098a62951f1	keep	postflop.Ks7h2d.check_ms	36.224	Remove fold atomics with indexed fixed-order sums at the existing f32 precision	2026-09-07T02:04:14+00:00
E011D	postflop_cuda	e30c0f3cfe446c194dfcc1b2d8137098a62951f1	keep	postflop.Ks7s2d.init_ms	768.642	Remove fold atomics with indexed fixed-order sums at the existing f32 precision	2026-09-07T02:04:14+00:00
E011D	postflop_cuda	e30c0f3cfe446c194dfcc1b2d8137098a62951f1	keep	postflop.Ks7s2d.iteration_ms	34.254	Remove fold atomics with indexed fixed-order sums at the existing f32 precision	2026-09-07T02:04:14+00:00
E011D	postflop_cuda	e30c0f3cfe446c194dfcc1b2d8137098a62951f1	keep	postflop.Ks7s2d.check_ms	30.277	Remove fold atomics with indexed fixed-order sums at the existing f32 precision	2026-09-07T02:04:14+00:00
E011D	postflop_cuda	e30c0f3cfe446c194dfcc1b2d8137098a62951f1	keep	postflop.Ks7h2dQhTc.init_ms	80.328	Remove fold atomics with indexed fixed-order sums at the existing f32 precision	2026-09-07T02:04:14+00:00
E011D	postflop_cuda	e30c0f3cfe446c194dfcc1b2d8137098a62951f1	keep	postflop.Ks7h2dQhTc.iteration_ms	0.302	Remove fold atomics with indexed fixed-order sums at the existing f32 precision	2026-09-07T02:04:14+00:00
E011D	postflop_cuda	e30c0f3cfe446c194dfcc1b2d8137098a62951f1	keep	postflop.Ks7h2dQhTc.check_ms	0.736	Remove fold atomics with indexed fixed-order sums at the existing f32 precision	2026-09-07T02:04:14+00:00
E011DR	postflop_cuda	1ec2683d9135f38b49d3e0c120dadbb086b50230	keep	postflop.Ks7h2d.target_seconds	11.882	Verify repeatable learning and time to the same 0.3-percent exploitability with fixed-order f32 folds	2026-09-07T02:06:29+00:00
E011DR	postflop_cuda	1ec2683d9135f38b49d3e0c120dadbb086b50230	keep	postflop.Ks7s2d.target_seconds	7.149	Verify repeatable learning and time to the same 0.3-percent exploitability with fixed-order f32 folds	2026-09-07T02:06:29+00:00
E011DR	postflop_cuda	1ec2683d9135f38b49d3e0c120dadbb086b50230	keep	postflop.Ks7h2dQhTc.target_seconds	0.021	Verify repeatable learning and time to the same 0.3-percent exploitability with fixed-order f32 folds	2026-09-07T02:06:29+00:00
B009	baseline	4b77be8117502022b03a13ddbba41f5d795c1765	baseline	lifecycle.raking_ms	5.6832	Original profile raking across 512 fixed dense, sparse, zero-reach and zero-target cases	2026-09-07T02:07:24+00:00
E011DR2	postflop_cuda	4b77be8117502022b03a13ddbba41f5d795c1765	keep	postflop.Ks7h2d.init_ms	1042.241	Warm fixed-iteration repeat of deterministic fold sums after all accuracy and reproducibility checks passed	2026-09-07T02:07:54+00:00
E011DR2	postflop_cuda	4b77be8117502022b03a13ddbba41f5d795c1765	keep	postflop.Ks7h2d.iteration_ms	56.643	Warm fixed-iteration repeat of deterministic fold sums after all accuracy and reproducibility checks passed	2026-09-07T02:07:54+00:00
E011DR2	postflop_cuda	4b77be8117502022b03a13ddbba41f5d795c1765	keep	postflop.Ks7h2d.check_ms	35.059	Warm fixed-iteration repeat of deterministic fold sums after all accuracy and reproducibility checks passed	2026-09-07T02:07:54+00:00
E011DR2	postflop_cuda	4b77be8117502022b03a13ddbba41f5d795c1765	keep	postflop.Ks7s2d.init_ms	858.983	Warm fixed-iteration repeat of deterministic fold sums after all accuracy and reproducibility checks passed	2026-09-07T02:07:54+00:00
E011DR2	postflop_cuda	4b77be8117502022b03a13ddbba41f5d795c1765	keep	postflop.Ks7s2d.iteration_ms	33.599	Warm fixed-iteration repeat of deterministic fold sums after all accuracy and reproducibility checks passed	2026-09-07T02:07:54+00:00
E011DR2	postflop_cuda	4b77be8117502022b03a13ddbba41f5d795c1765	keep	postflop.Ks7s2d.check_ms	28.463	Warm fixed-iteration repeat of deterministic fold sums after all accuracy and reproducibility checks passed	2026-09-07T02:07:54+00:00
E011DR2	postflop_cuda	4b77be8117502022b03a13ddbba41f5d795c1765	keep	postflop.Ks7h2dQhTc.init_ms	73.606	Warm fixed-iteration repeat of deterministic fold sums after all accuracy and reproducibility checks passed	2026-09-07T02:07:54+00:00
E011DR2	postflop_cuda	4b77be8117502022b03a13ddbba41f5d795c1765	keep	postflop.Ks7h2dQhTc.iteration_ms	0.313	Warm fixed-iteration repeat of deterministic fold sums after all accuracy and reproducibility checks passed	2026-09-07T02:07:54+00:00
E011DR2	postflop_cuda	4b77be8117502022b03a13ddbba41f5d795c1765	keep	postflop.Ks7h2dQhTc.check_ms	0.662	Warm fixed-iteration repeat of deterministic fold sums after all accuracy and reproducibility checks passed	2026-09-07T02:07:54+00:00
E012	reports_profiles	2e4ae15ce344b3c8e359cb9aa2d8868072149216	keep	lifecycle.raking_ms	4.629099999999999	Specialize two-, three- and four-action raking without changing any arithmetic order	2026-09-07T02:09:06+00:00
E012R	reports_profiles	2e4ae15ce344b3c8e359cb9aa2d8868072149216	keep	cpu.preflop.arena_mb	224.552328	Measure specialized raking in full profile generation and verify report/profile/state fingerprints	2026-09-07T02:10:13+00:00
E012R	reports_profiles	2e4ae15ce344b3c8e359cb9aa2d8868072149216	keep	cpu.preflop.check_ms	339.3351	Measure specialized raking in full profile generation and verify report/profile/state fingerprints	2026-09-07T02:10:13+00:00
E012R	reports_profiles	2e4ae15ce344b3c8e359cb9aa2d8868072149216	keep	cpu.preflop.iteration_ms	78.79948	Measure specialized raking in full profile generation and verify report/profile/state fingerprints	2026-09-07T02:10:13+00:00
E012R	reports_profiles	2e4ae15ce344b3c8e359cb9aa2d8868072149216	keep	cpu.postflop.arena_mb	104.204192	Measure specialized raking in full profile generation and verify report/profile/state fingerprints	2026-09-07T02:10:13+00:00
E012R	reports_profiles	2e4ae15ce344b3c8e359cb9aa2d8868072149216	keep	cpu.postflop.iteration_ms	33.886919999999996	Measure specialized raking in full profile generation and verify report/profile/state fingerprints	2026-09-07T02:10:13+00:00
E012R	reports_profiles	2e4ae15ce344b3c8e359cb9aa2d8868072149216	keep	lifecycle.build_ms	7.7875000000000005	Measure specialized raking in full profile generation and verify report/profile/state fingerprints	2026-09-07T02:10:13+00:00
E012R	reports_profiles	2e4ae15ce344b3c8e359cb9aa2d8868072149216	keep	lifecycle.compressed_load_ms	103.52749999999999	Measure specialized raking in full profile generation and verify report/profile/state fingerprints	2026-09-07T02:10:13+00:00
E012R	reports_profiles	2e4ae15ce344b3c8e359cb9aa2d8868072149216	keep	lifecycle.load_ms	48.7379	Measure specialized raking in full profile generation and verify report/profile/state fingerprints	2026-09-07T02:10:13+00:00
E012R	reports_profiles	2e4ae15ce344b3c8e359cb9aa2d8868072149216	keep	lifecycle.profile_ms	592.6199	Measure specialized raking in full profile generation and verify report/profile/state fingerprints	2026-09-07T02:10:13+00:00
E012R	reports_profiles	2e4ae15ce344b3c8e359cb9aa2d8868072149216	keep	lifecycle.report_lines_ms	88.95870000000001	Measure specialized raking in full profile generation and verify report/profile/state fingerprints	2026-09-07T02:10:13+00:00
E012R	reports_profiles	2e4ae15ce344b3c8e359cb9aa2d8868072149216	keep	lifecycle.save_mb	104.204944	Measure specialized raking in full profile generation and verify report/profile/state fingerprints	2026-09-07T02:10:13+00:00
E012R	reports_profiles	2e4ae15ce344b3c8e359cb9aa2d8868072149216	keep	lifecycle.save_ms	221.0937	Measure specialized raking in full profile generation and verify report/profile/state fingerprints	2026-09-07T02:10:13+00:00
E012R2	reports_profiles	2e4ae15ce344b3c8e359cb9aa2d8868072149216	keep	cpu.postflop.arena_mb	104.204192	Repeat full profile specialization workload with immutable profile and solver fingerprints	2026-09-07T02:11:21+00:00
E012R2	reports_profiles	2e4ae15ce344b3c8e359cb9aa2d8868072149216	keep	cpu.postflop.iteration_ms	29.792800000000003	Repeat full profile specialization workload with immutable profile and solver fingerprints	2026-09-07T02:11:21+00:00
E012R2	reports_profiles	2e4ae15ce344b3c8e359cb9aa2d8868072149216	keep	lifecycle.build_ms	10.1053	Repeat full profile specialization workload with immutable profile and solver fingerprints	2026-09-07T02:11:21+00:00
E012R2	reports_profiles	2e4ae15ce344b3c8e359cb9aa2d8868072149216	keep	lifecycle.compressed_load_ms	93.786	Repeat full profile specialization workload with immutable profile and solver fingerprints	2026-09-07T02:11:21+00:00
E012R2	reports_profiles	2e4ae15ce344b3c8e359cb9aa2d8868072149216	keep	lifecycle.load_ms	42.166799999999995	Repeat full profile specialization workload with immutable profile and solver fingerprints	2026-09-07T02:11:21+00:00
E012R2	reports_profiles	2e4ae15ce344b3c8e359cb9aa2d8868072149216	keep	lifecycle.profile_ms	579.7951999999999	Repeat full profile specialization workload with immutable profile and solver fingerprints	2026-09-07T02:11:21+00:00
E012R2	reports_profiles	2e4ae15ce344b3c8e359cb9aa2d8868072149216	keep	lifecycle.report_lines_ms	70.8613	Repeat full profile specialization workload with immutable profile and solver fingerprints	2026-09-07T02:11:21+00:00
E012R2	reports_profiles	2e4ae15ce344b3c8e359cb9aa2d8868072149216	keep	lifecycle.save_mb	104.204944	Repeat full profile specialization workload with immutable profile and solver fingerprints	2026-09-07T02:11:21+00:00
E012R2	reports_profiles	2e4ae15ce344b3c8e359cb9aa2d8868072149216	keep	lifecycle.save_ms	221.23160000000001	Repeat full profile specialization workload with immutable profile and solver fingerprints	2026-09-07T02:11:21+00:00
E013	postflop_cuda	ecf7e1ebfca23eccbe8188bbc66460aba97328e0	keep	postflop.Ks7h2d.iso.allocated_vram_mb	6241.124352	Store CFVs only for visited nodes while preserving every node and chance reference	2026-09-07T02:17:33+00:00
E013	postflop_cuda	ecf7e1ebfca23eccbe8188bbc66460aba97328e0	keep	postflop.Ks7h2d.iso.estimated_vram_mb	6716.6347	Store CFVs only for visited nodes while preserving every node and chance reference	2026-09-07T02:17:33+00:00
E013	postflop_cuda	ecf7e1ebfca23eccbe8188bbc66460aba97328e0	keep	postflop.Ks7h2d.iso.init_ms	1514.7133	Store CFVs only for visited nodes while preserving every node and chance reference	2026-09-07T02:17:33+00:00
E013	postflop_cuda	ecf7e1ebfca23eccbe8188bbc66460aba97328e0	keep	postflop.Ks7h2d.iso.plan_build_ms	103.6747	Store CFVs only for visited nodes while preserving every node and chance reference	2026-09-07T02:17:33+00:00
E013	postflop_cuda	ecf7e1ebfca23eccbe8188bbc66460aba97328e0	keep	postflop.Ks7h2d.iso.staging_memory_mb	3380.293588	Store CFVs only for visited nodes while preserving every node and chance reference	2026-09-07T02:17:33+00:00
E013	postflop_cuda	ecf7e1ebfca23eccbe8188bbc66460aba97328e0	keep	postflop.Ks7s2d.iso.allocated_vram_mb	4932.501504	Store CFVs only for visited nodes while preserving every node and chance reference	2026-09-07T02:17:33+00:00
E013	postflop_cuda	ecf7e1ebfca23eccbe8188bbc66460aba97328e0	keep	postflop.Ks7s2d.iso.estimated_vram_mb	6737.546704	Store CFVs only for visited nodes while preserving every node and chance reference	2026-09-07T02:17:33+00:00
E013	postflop_cuda	ecf7e1ebfca23eccbe8188bbc66460aba97328e0	keep	postflop.Ks7s2d.iso.init_ms	557.8100000000001	Store CFVs only for visited nodes while preserving every node and chance reference	2026-09-07T02:17:33+00:00
E013	postflop_cuda	ecf7e1ebfca23eccbe8188bbc66460aba97328e0	keep	postflop.Ks7s2d.iso.plan_build_ms	85.025	Store CFVs only for visited nodes while preserving every node and chance reference	2026-09-07T02:17:33+00:00
E013	postflop_cuda	ecf7e1ebfca23eccbe8188bbc66460aba97328e0	keep	postflop.Ks7s2d.iso.staging_memory_mb	2063.622928	Store CFVs only for visited nodes while preserving every node and chance reference	2026-09-07T02:17:33+00:00
E013	postflop_cuda	ecf7e1ebfca23eccbe8188bbc66460aba97328e0	keep	postflop.Ks7s2d.full.allocated_vram_mb	6274.678784	Store CFVs only for visited nodes while preserving every node and chance reference	2026-09-07T02:17:33+00:00
E013	postflop_cuda	ecf7e1ebfca23eccbe8188bbc66460aba97328e0	keep	postflop.Ks7s2d.full.estimated_vram_mb	6737.546704	Store CFVs only for visited nodes while preserving every node and chance reference	2026-09-07T02:17:33+00:00
E013	postflop_cuda	ecf7e1ebfca23eccbe8188bbc66460aba97328e0	keep	postflop.Ks7s2d.full.init_ms	636.3002	Store CFVs only for visited nodes while preserving every node and chance reference	2026-09-07T02:17:33+00:00
E013	postflop_cuda	ecf7e1ebfca23eccbe8188bbc66460aba97328e0	keep	postflop.Ks7s2d.full.plan_build_ms	118.643	Store CFVs only for visited nodes while preserving every node and chance reference	2026-09-07T02:17:33+00:00
E013	postflop_cuda	ecf7e1ebfca23eccbe8188bbc66460aba97328e0	keep	postflop.Ks7s2d.full.staging_memory_mb	3391.473816	Store CFVs only for visited nodes while preserving every node and chance reference	2026-09-07T02:17:33+00:00
E013	postflop_cuda	ecf7e1ebfca23eccbe8188bbc66460aba97328e0	keep	postflop.Ks7h2d.init_ms	1208.383	Store CFVs only for visited nodes while preserving every node and chance reference	2026-09-07T02:17:33+00:00
E013	postflop_cuda	ecf7e1ebfca23eccbe8188bbc66460aba97328e0	keep	postflop.Ks7h2d.iteration_ms	57.556	Store CFVs only for visited nodes while preserving every node and chance reference	2026-09-07T02:17:33+00:00
E013	postflop_cuda	ecf7e1ebfca23eccbe8188bbc66460aba97328e0	keep	postflop.Ks7h2d.check_ms	35.825	Store CFVs only for visited nodes while preserving every node and chance reference	2026-09-07T02:17:33+00:00
E013	postflop_cuda	ecf7e1ebfca23eccbe8188bbc66460aba97328e0	keep	postflop.Ks7s2d.init_ms	778.332	Store CFVs only for visited nodes while preserving every node and chance reference	2026-09-07T02:17:33+00:00
E013	postflop_cuda	ecf7e1ebfca23eccbe8188bbc66460aba97328e0	keep	postflop.Ks7s2d.iteration_ms	34.056	Store CFVs only for visited nodes while preserving every node and chance reference	2026-09-07T02:17:33+00:00
E013	postflop_cuda	ecf7e1ebfca23eccbe8188bbc66460aba97328e0	keep	postflop.Ks7s2d.check_ms	29.436	Store CFVs only for visited nodes while preserving every node and chance reference	2026-09-07T02:17:33+00:00
E013	postflop_cuda	ecf7e1ebfca23eccbe8188bbc66460aba97328e0	keep	postflop.Ks7h2dQhTc.init_ms	75.53	Store CFVs only for visited nodes while preserving every node and chance reference	2026-09-07T02:17:33+00:00
E013	postflop_cuda	ecf7e1ebfca23eccbe8188bbc66460aba97328e0	keep	postflop.Ks7h2dQhTc.iteration_ms	0.319	Store CFVs only for visited nodes while preserving every node and chance reference	2026-09-07T02:17:33+00:00
E013	postflop_cuda	ecf7e1ebfca23eccbe8188bbc66460aba97328e0	keep	postflop.Ks7h2dQhTc.check_ms	0.562	Store CFVs only for visited nodes while preserving every node and chance reference	2026-09-07T02:17:33+00:00
E013R	postflop_cuda	ecf7e1ebfca23eccbe8188bbc66460aba97328e0	keep	postflop.Ks7h2d.iso.allocated_vram_mb	6241.124352	Repeat compact CFV timing/capacity and verify slot ownership plus GPU equivalence	2026-09-07T02:18:53+00:00
E013R	postflop_cuda	ecf7e1ebfca23eccbe8188bbc66460aba97328e0	keep	postflop.Ks7h2d.iso.estimated_vram_mb	6716.6347	Repeat compact CFV timing/capacity and verify slot ownership plus GPU equivalence	2026-09-07T02:18:53+00:00
E013R	postflop_cuda	ecf7e1ebfca23eccbe8188bbc66460aba97328e0	keep	postflop.Ks7h2d.iso.init_ms	940.9918	Repeat compact CFV timing/capacity and verify slot ownership plus GPU equivalence	2026-09-07T02:18:53+00:00
E013R	postflop_cuda	ecf7e1ebfca23eccbe8188bbc66460aba97328e0	keep	postflop.Ks7h2d.iso.plan_build_ms	111.2345	Repeat compact CFV timing/capacity and verify slot ownership plus GPU equivalence	2026-09-07T02:18:53+00:00
E013R	postflop_cuda	ecf7e1ebfca23eccbe8188bbc66460aba97328e0	keep	postflop.Ks7h2d.iso.staging_memory_mb	3380.293588	Repeat compact CFV timing/capacity and verify slot ownership plus GPU equivalence	2026-09-07T02:18:53+00:00
E013R	postflop_cuda	ecf7e1ebfca23eccbe8188bbc66460aba97328e0	keep	postflop.Ks7s2d.iso.allocated_vram_mb	4932.501504	Repeat compact CFV timing/capacity and verify slot ownership plus GPU equivalence	2026-09-07T02:18:53+00:00
E013R	postflop_cuda	ecf7e1ebfca23eccbe8188bbc66460aba97328e0	keep	postflop.Ks7s2d.iso.estimated_vram_mb	6737.546704	Repeat compact CFV timing/capacity and verify slot ownership plus GPU equivalence	2026-09-07T02:18:53+00:00
E013R	postflop_cuda	ecf7e1ebfca23eccbe8188bbc66460aba97328e0	keep	postflop.Ks7s2d.iso.init_ms	568.2644	Repeat compact CFV timing/capacity and verify slot ownership plus GPU equivalence	2026-09-07T02:18:53+00:00
E013R	postflop_cuda	ecf7e1ebfca23eccbe8188bbc66460aba97328e0	keep	postflop.Ks7s2d.iso.plan_build_ms	74.5834	Repeat compact CFV timing/capacity and verify slot ownership plus GPU equivalence	2026-09-07T02:18:53+00:00
E013R	postflop_cuda	ecf7e1ebfca23eccbe8188bbc66460aba97328e0	keep	postflop.Ks7s2d.iso.staging_memory_mb	2063.622928	Repeat compact CFV timing/capacity and verify slot ownership plus GPU equivalence	2026-09-07T02:18:53+00:00
E013R	postflop_cuda	ecf7e1ebfca23eccbe8188bbc66460aba97328e0	keep	postflop.Ks7s2d.full.allocated_vram_mb	6274.678784	Repeat compact CFV timing/capacity and verify slot ownership plus GPU equivalence	2026-09-07T02:18:53+00:00
E013R	postflop_cuda	ecf7e1ebfca23eccbe8188bbc66460aba97328e0	keep	postflop.Ks7s2d.full.estimated_vram_mb	6737.546704	Repeat compact CFV timing/capacity and verify slot ownership plus GPU equivalence	2026-09-07T02:18:53+00:00
E013R	postflop_cuda	ecf7e1ebfca23eccbe8188bbc66460aba97328e0	keep	postflop.Ks7s2d.full.init_ms	678.1116000000001	Repeat compact CFV timing/capacity and verify slot ownership plus GPU equivalence	2026-09-07T02:18:53+00:00
E013R	postflop_cuda	ecf7e1ebfca23eccbe8188bbc66460aba97328e0	keep	postflop.Ks7s2d.full.plan_build_ms	104.54140000000001	Repeat compact CFV timing/capacity and verify slot ownership plus GPU equivalence	2026-09-07T02:18:53+00:00
E013R	postflop_cuda	ecf7e1ebfca23eccbe8188bbc66460aba97328e0	keep	postflop.Ks7s2d.full.staging_memory_mb	3391.473816	Repeat compact CFV timing/capacity and verify slot ownership plus GPU equivalence	2026-09-07T02:18:53+00:00
E013R	postflop_cuda	ecf7e1ebfca23eccbe8188bbc66460aba97328e0	keep	postflop.Ks7h2d.init_ms	1137.21	Repeat compact CFV timing/capacity and verify slot ownership plus GPU equivalence	2026-09-07T02:18:53+00:00
E013R	postflop_cuda	ecf7e1ebfca23eccbe8188bbc66460aba97328e0	keep	postflop.Ks7h2d.iteration_ms	57.433	Repeat compact CFV timing/capacity and verify slot ownership plus GPU equivalence	2026-09-07T02:18:53+00:00
E013R	postflop_cuda	ecf7e1ebfca23eccbe8188bbc66460aba97328e0	keep	postflop.Ks7h2d.check_ms	35.68	Repeat compact CFV timing/capacity and verify slot ownership plus GPU equivalence	2026-09-07T02:18:53+00:00
E013R	postflop_cuda	ecf7e1ebfca23eccbe8188bbc66460aba97328e0	keep	postflop.Ks7s2d.init_ms	661.983	Repeat compact CFV timing/capacity and verify slot ownership plus GPU equivalence	2026-09-07T02:18:53+00:00
E013R	postflop_cuda	ecf7e1ebfca23eccbe8188bbc66460aba97328e0	keep	postflop.Ks7s2d.iteration_ms	34.079	Repeat compact CFV timing/capacity and verify slot ownership plus GPU equivalence	2026-09-07T02:18:53+00:00
E013R	postflop_cuda	ecf7e1ebfca23eccbe8188bbc66460aba97328e0	keep	postflop.Ks7s2d.check_ms	28.683	Repeat compact CFV timing/capacity and verify slot ownership plus GPU equivalence	2026-09-07T02:18:53+00:00
E013R	postflop_cuda	ecf7e1ebfca23eccbe8188bbc66460aba97328e0	keep	postflop.Ks7h2dQhTc.init_ms	116.871	Repeat compact CFV timing/capacity and verify slot ownership plus GPU equivalence	2026-09-07T02:18:53+00:00
E013R	postflop_cuda	ecf7e1ebfca23eccbe8188bbc66460aba97328e0	keep	postflop.Ks7h2dQhTc.iteration_ms	0.319	Repeat compact CFV timing/capacity and verify slot ownership plus GPU equivalence	2026-09-07T02:18:53+00:00
E013R	postflop_cuda	ecf7e1ebfca23eccbe8188bbc66460aba97328e0	keep	postflop.Ks7h2dQhTc.check_ms	0.611	Repeat compact CFV timing/capacity and verify slot ownership plus GPU equivalence	2026-09-07T02:18:53+00:00
B011	baseline	ecf7e1ebfca23eccbe8188bbc66460aba97328e0	baseline	preflop.6.allocated_vram_mb	603.979776	Warm preflop initialization/capacity control before eliminating temporary upload copies	2026-09-07T02:19:52+00:00
B011	baseline	ecf7e1ebfca23eccbe8188bbc66460aba97328e0	baseline	preflop.6.build_ms	77.4773	Warm preflop initialization/capacity control before eliminating temporary upload copies	2026-09-07T02:19:52+00:00
B011	baseline	ecf7e1ebfca23eccbe8188bbc66460aba97328e0	baseline	preflop.6.cpu_arena_mb	224.552328	Warm preflop initialization/capacity control before eliminating temporary upload copies	2026-09-07T02:19:52+00:00
B011	baseline	ecf7e1ebfca23eccbe8188bbc66460aba97328e0	baseline	preflop.6.estimated_vram_mb	644.652012	Warm preflop initialization/capacity control before eliminating temporary upload copies	2026-09-07T02:19:52+00:00
B011	baseline	ecf7e1ebfca23eccbe8188bbc66460aba97328e0	baseline	preflop.6.init_ms	166.5338	Warm preflop initialization/capacity control before eliminating temporary upload copies	2026-09-07T02:19:52+00:00
B011	baseline	ecf7e1ebfca23eccbe8188bbc66460aba97328e0	baseline	preflop.8.allocated_vram_mb	1543.503872	Warm preflop initialization/capacity control before eliminating temporary upload copies	2026-09-07T02:19:52+00:00
B011	baseline	ecf7e1ebfca23eccbe8188bbc66460aba97328e0	baseline	preflop.8.build_ms	239.2635	Warm preflop initialization/capacity control before eliminating temporary upload copies	2026-09-07T02:19:52+00:00
B011	baseline	ecf7e1ebfca23eccbe8188bbc66460aba97328e0	baseline	preflop.8.cpu_arena_mb	587.239848	Warm preflop initialization/capacity control before eliminating temporary upload copies	2026-09-07T02:19:52+00:00
B011	baseline	ecf7e1ebfca23eccbe8188bbc66460aba97328e0	baseline	preflop.8.estimated_vram_mb	1592.914732	Warm preflop initialization/capacity control before eliminating temporary upload copies	2026-09-07T02:19:52+00:00
B011	baseline	ecf7e1ebfca23eccbe8188bbc66460aba97328e0	baseline	preflop.8.init_ms	281.7808	Warm preflop initialization/capacity control before eliminating temporary upload copies	2026-09-07T02:19:52+00:00
E014	memory_transfers	a3324e159c22cf547fdc8321ce76bef9ae4a0977	keep	preflop.6.allocated_vram_mb	603.979776	Upload directly from immutable preflop arena slices instead of copying into temporary host vectors	2026-09-07T02:21:48+00:00
E014	memory_transfers	a3324e159c22cf547fdc8321ce76bef9ae4a0977	keep	preflop.6.build_ms	76.637	Upload directly from immutable preflop arena slices instead of copying into temporary host vectors	2026-09-07T02:21:48+00:00
E014	memory_transfers	a3324e159c22cf547fdc8321ce76bef9ae4a0977	keep	preflop.6.cpu_arena_mb	224.552328	Upload directly from immutable preflop arena slices instead of copying into temporary host vectors	2026-09-07T02:21:48+00:00
E014	memory_transfers	a3324e159c22cf547fdc8321ce76bef9ae4a0977	keep	preflop.6.estimated_vram_mb	644.652012	Upload directly from immutable preflop arena slices instead of copying into temporary host vectors	2026-09-07T02:21:48+00:00
E014	memory_transfers	a3324e159c22cf547fdc8321ce76bef9ae4a0977	keep	preflop.6.init_ms	128.98399999999998	Upload directly from immutable preflop arena slices instead of copying into temporary host vectors	2026-09-07T02:21:48+00:00
E014	memory_transfers	a3324e159c22cf547fdc8321ce76bef9ae4a0977	keep	preflop.8.allocated_vram_mb	1543.503872	Upload directly from immutable preflop arena slices instead of copying into temporary host vectors	2026-09-07T02:21:48+00:00
E014	memory_transfers	a3324e159c22cf547fdc8321ce76bef9ae4a0977	keep	preflop.8.build_ms	210.9156	Upload directly from immutable preflop arena slices instead of copying into temporary host vectors	2026-09-07T02:21:48+00:00
E014	memory_transfers	a3324e159c22cf547fdc8321ce76bef9ae4a0977	keep	preflop.8.cpu_arena_mb	587.239848	Upload directly from immutable preflop arena slices instead of copying into temporary host vectors	2026-09-07T02:21:48+00:00
E014	memory_transfers	a3324e159c22cf547fdc8321ce76bef9ae4a0977	keep	preflop.8.estimated_vram_mb	1592.914732	Upload directly from immutable preflop arena slices instead of copying into temporary host vectors	2026-09-07T02:21:48+00:00
E014	memory_transfers	a3324e159c22cf547fdc8321ce76bef9ae4a0977	keep	preflop.8.init_ms	211.3061	Upload directly from immutable preflop arena slices instead of copying into temporary host vectors	2026-09-07T02:21:48+00:00
E014	memory_transfers	a3324e159c22cf547fdc8321ce76bef9ae4a0977	keep	preflop.2.iteration_ms	0.094	Upload directly from immutable preflop arena slices instead of copying into temporary host vectors	2026-09-07T02:21:48+00:00
E014	memory_transfers	a3324e159c22cf547fdc8321ce76bef9ae4a0977	keep	preflop.2.check_ms	0.289	Upload directly from immutable preflop arena slices instead of copying into temporary host vectors	2026-09-07T02:21:48+00:00
E014	memory_transfers	a3324e159c22cf547fdc8321ce76bef9ae4a0977	keep	preflop.2.sync_ms	0.016	Upload directly from immutable preflop arena slices instead of copying into temporary host vectors	2026-09-07T02:21:48+00:00
E014	memory_transfers	a3324e159c22cf547fdc8321ce76bef9ae4a0977	keep	preflop.6.iteration_ms	19.277	Upload directly from immutable preflop arena slices instead of copying into temporary host vectors	2026-09-07T02:21:48+00:00
E014	memory_transfers	a3324e159c22cf547fdc8321ce76bef9ae4a0977	keep	preflop.6.check_ms	24.389	Upload directly from immutable preflop arena slices instead of copying into temporary host vectors	2026-09-07T02:21:48+00:00
E014	memory_transfers	a3324e159c22cf547fdc8321ce76bef9ae4a0977	keep	preflop.6.sync_ms	27.32	Upload directly from immutable preflop arena slices instead of copying into temporary host vectors	2026-09-07T02:21:48+00:00
E014	memory_transfers	a3324e159c22cf547fdc8321ce76bef9ae4a0977	keep	preflop.8.iteration_ms	79.002	Upload directly from immutable preflop arena slices instead of copying into temporary host vectors	2026-09-07T02:21:48+00:00
E014	memory_transfers	a3324e159c22cf547fdc8321ce76bef9ae4a0977	keep	preflop.8.check_ms	94.587	Upload directly from immutable preflop arena slices instead of copying into temporary host vectors	2026-09-07T02:21:48+00:00
E014	memory_transfers	a3324e159c22cf547fdc8321ce76bef9ae4a0977	keep	preflop.8.sync_ms	65.767	Upload directly from immutable preflop arena slices instead of copying into temporary host vectors	2026-09-07T02:21:48+00:00
E014R	memory_transfers	a3324e159c22cf547fdc8321ce76bef9ae4a0977	keep	preflop.6.allocated_vram_mb	603.979776	Repeat direct arena upload initialization and validate preflop GPU equivalence	2026-09-07T02:22:32+00:00
E014R	memory_transfers	a3324e159c22cf547fdc8321ce76bef9ae4a0977	keep	preflop.6.build_ms	77.2499	Repeat direct arena upload initialization and validate preflop GPU equivalence	2026-09-07T02:22:32+00:00
E014R	memory_transfers	a3324e159c22cf547fdc8321ce76bef9ae4a0977	keep	preflop.6.cpu_arena_mb	224.552328	Repeat direct arena upload initialization and validate preflop GPU equivalence	2026-09-07T02:22:32+00:00
E014R	memory_transfers	a3324e159c22cf547fdc8321ce76bef9ae4a0977	keep	preflop.6.estimated_vram_mb	644.652012	Repeat direct arena upload initialization and validate preflop GPU equivalence	2026-09-07T02:22:32+00:00
E014R	memory_transfers	a3324e159c22cf547fdc8321ce76bef9ae4a0977	keep	preflop.6.init_ms	134.9879	Repeat direct arena upload initialization and validate preflop GPU equivalence	2026-09-07T02:22:32+00:00
E014R	memory_transfers	a3324e159c22cf547fdc8321ce76bef9ae4a0977	keep	preflop.8.allocated_vram_mb	1543.503872	Repeat direct arena upload initialization and validate preflop GPU equivalence	2026-09-07T02:22:32+00:00
E014R	memory_transfers	a3324e159c22cf547fdc8321ce76bef9ae4a0977	keep	preflop.8.build_ms	210.4357	Repeat direct arena upload initialization and validate preflop GPU equivalence	2026-09-07T02:22:32+00:00
E014R	memory_transfers	a3324e159c22cf547fdc8321ce76bef9ae4a0977	keep	preflop.8.cpu_arena_mb	587.239848	Repeat direct arena upload initialization and validate preflop GPU equivalence	2026-09-07T02:22:32+00:00
E014R	memory_transfers	a3324e159c22cf547fdc8321ce76bef9ae4a0977	keep	preflop.8.estimated_vram_mb	1592.914732	Repeat direct arena upload initialization and validate preflop GPU equivalence	2026-09-07T02:22:32+00:00
E014R	memory_transfers	a3324e159c22cf547fdc8321ce76bef9ae4a0977	keep	preflop.8.init_ms	213.619	Repeat direct arena upload initialization and validate preflop GPU equivalence	2026-09-07T02:22:32+00:00
E015	preflop_cuda	15ee58576bf279bfb94c02b25b2376558ec8bf98	keep	preflop.6.allocated_vram_mb	671.08864	Reuse exact opponent equity vectors across terminals and seats; limit learning work per traverser and retain uncached budget fallback	2026-09-07T02:27:35+00:00
E015	preflop_cuda	15ee58576bf279bfb94c02b25b2376558ec8bf98	keep	preflop.6.build_ms	80.50160000000001	Reuse exact opponent equity vectors across terminals and seats; limit learning work per traverser and retain uncached budget fallback	2026-09-07T02:27:35+00:00
E015	preflop_cuda	15ee58576bf279bfb94c02b25b2376558ec8bf98	keep	preflop.6.cpu_arena_mb	224.552328	Reuse exact opponent equity vectors across terminals and seats; limit learning work per traverser and retain uncached budget fallback	2026-09-07T02:27:35+00:00
E015	preflop_cuda	15ee58576bf279bfb94c02b25b2376558ec8bf98	keep	preflop.6.estimated_vram_mb	706.776248	Reuse exact opponent equity vectors across terminals and seats; limit learning work per traverser and retain uncached budget fallback	2026-09-07T02:27:35+00:00
E015	preflop_cuda	15ee58576bf279bfb94c02b25b2376558ec8bf98	keep	preflop.6.init_ms	458.4197	Reuse exact opponent equity vectors across terminals and seats; limit learning work per traverser and retain uncached budget fallback	2026-09-07T02:27:35+00:00
E015	preflop_cuda	15ee58576bf279bfb94c02b25b2376558ec8bf98	keep	preflop.8.allocated_vram_mb	1711.276032	Reuse exact opponent equity vectors across terminals and seats; limit learning work per traverser and retain uncached budget fallback	2026-09-07T02:27:35+00:00
E015	preflop_cuda	15ee58576bf279bfb94c02b25b2376558ec8bf98	keep	preflop.8.build_ms	204.3844	Reuse exact opponent equity vectors across terminals and seats; limit learning work per traverser and retain uncached budget fallback	2026-09-07T02:27:35+00:00
E015	preflop_cuda	15ee58576bf279bfb94c02b25b2376558ec8bf98	keep	preflop.8.cpu_arena_mb	587.239848	Reuse exact opponent equity vectors across terminals and seats; limit learning work per traverser and retain uncached budget fallback	2026-09-07T02:27:35+00:00
E015	preflop_cuda	15ee58576bf279bfb94c02b25b2376558ec8bf98	keep	preflop.8.estimated_vram_mb	1750.508472	Reuse exact opponent equity vectors across terminals and seats; limit learning work per traverser and retain uncached budget fallback	2026-09-07T02:27:35+00:00
E015	preflop_cuda	15ee58576bf279bfb94c02b25b2376558ec8bf98	keep	preflop.8.init_ms	235.7224	Reuse exact opponent equity vectors across terminals and seats; limit learning work per traverser and retain uncached budget fallback	2026-09-07T02:27:35+00:00
E015	preflop_cuda	15ee58576bf279bfb94c02b25b2376558ec8bf98	keep	preflop.2.iteration_ms	0.092	Reuse exact opponent equity vectors across terminals and seats; limit learning work per traverser and retain uncached budget fallback	2026-09-07T02:27:35+00:00
E015	preflop_cuda	15ee58576bf279bfb94c02b25b2376558ec8bf98	keep	preflop.2.check_ms	0.437	Reuse exact opponent equity vectors across terminals and seats; limit learning work per traverser and retain uncached budget fallback	2026-09-07T02:27:35+00:00
E015	preflop_cuda	15ee58576bf279bfb94c02b25b2376558ec8bf98	keep	preflop.2.sync_ms	0.026	Reuse exact opponent equity vectors across terminals and seats; limit learning work per traverser and retain uncached budget fallback	2026-09-07T02:27:35+00:00
E015	preflop_cuda	15ee58576bf279bfb94c02b25b2376558ec8bf98	keep	preflop.6.iteration_ms	19.421	Reuse exact opponent equity vectors across terminals and seats; limit learning work per traverser and retain uncached budget fallback	2026-09-07T02:27:35+00:00
E015	preflop_cuda	15ee58576bf279bfb94c02b25b2376558ec8bf98	keep	preflop.6.check_ms	13.398	Reuse exact opponent equity vectors across terminals and seats; limit learning work per traverser and retain uncached budget fallback	2026-09-07T02:27:35+00:00
E015	preflop_cuda	15ee58576bf279bfb94c02b25b2376558ec8bf98	keep	preflop.6.sync_ms	27.09	Reuse exact opponent equity vectors across terminals and seats; limit learning work per traverser and retain uncached budget fallback	2026-09-07T02:27:35+00:00
E015	preflop_cuda	15ee58576bf279bfb94c02b25b2376558ec8bf98	keep	preflop.8.iteration_ms	67.432	Reuse exact opponent equity vectors across terminals and seats; limit learning work per traverser and retain uncached budget fallback	2026-09-07T02:27:35+00:00
E015	preflop_cuda	15ee58576bf279bfb94c02b25b2376558ec8bf98	keep	preflop.8.check_ms	41.632	Reuse exact opponent equity vectors across terminals and seats; limit learning work per traverser and retain uncached budget fallback	2026-09-07T02:27:35+00:00
E015	preflop_cuda	15ee58576bf279bfb94c02b25b2376558ec8bf98	keep	preflop.8.sync_ms	69.404	Reuse exact opponent equity vectors across terminals and seats; limit learning work per traverser and retain uncached budget fallback	2026-09-07T02:27:35+00:00
E015R	preflop_cuda	15ee58576bf279bfb94c02b25b2376558ec8bf98	keep	preflop.6.allocated_vram_mb	671.08864	Repeat exact-equity cache with graph/stop, hero/locks, CPU/GPU and 700 MB fallback checks	2026-09-07T02:29:29+00:00
E015R	preflop_cuda	15ee58576bf279bfb94c02b25b2376558ec8bf98	keep	preflop.6.build_ms	77.4201	Repeat exact-equity cache with graph/stop, hero/locks, CPU/GPU and 700 MB fallback checks	2026-09-07T02:29:29+00:00
E015R	preflop_cuda	15ee58576bf279bfb94c02b25b2376558ec8bf98	keep	preflop.6.cpu_arena_mb	224.552328	Repeat exact-equity cache with graph/stop, hero/locks, CPU/GPU and 700 MB fallback checks	2026-09-07T02:29:29+00:00
E015R	preflop_cuda	15ee58576bf279bfb94c02b25b2376558ec8bf98	keep	preflop.6.estimated_vram_mb	706.776248	Repeat exact-equity cache with graph/stop, hero/locks, CPU/GPU and 700 MB fallback checks	2026-09-07T02:29:29+00:00
E015R	preflop_cuda	15ee58576bf279bfb94c02b25b2376558ec8bf98	keep	preflop.6.init_ms	136.49339999999998	Repeat exact-equity cache with graph/stop, hero/locks, CPU/GPU and 700 MB fallback checks	2026-09-07T02:29:29+00:00
E015R	preflop_cuda	15ee58576bf279bfb94c02b25b2376558ec8bf98	keep	preflop.8.allocated_vram_mb	1711.276032	Repeat exact-equity cache with graph/stop, hero/locks, CPU/GPU and 700 MB fallback checks	2026-09-07T02:29:29+00:00
E015R	preflop_cuda	15ee58576bf279bfb94c02b25b2376558ec8bf98	keep	preflop.8.build_ms	212.8094	Repeat exact-equity cache with graph/stop, hero/locks, CPU/GPU and 700 MB fallback checks	2026-09-07T02:29:29+00:00
E015R	preflop_cuda	15ee58576bf279bfb94c02b25b2376558ec8bf98	keep	preflop.8.cpu_arena_mb	587.239848	Repeat exact-equity cache with graph/stop, hero/locks, CPU/GPU and 700 MB fallback checks	2026-09-07T02:29:29+00:00
E015R	preflop_cuda	15ee58576bf279bfb94c02b25b2376558ec8bf98	keep	preflop.8.estimated_vram_mb	1750.508472	Repeat exact-equity cache with graph/stop, hero/locks, CPU/GPU and 700 MB fallback checks	2026-09-07T02:29:29+00:00
E015R	preflop_cuda	15ee58576bf279bfb94c02b25b2376558ec8bf98	keep	preflop.8.init_ms	230.2584	Repeat exact-equity cache with graph/stop, hero/locks, CPU/GPU and 700 MB fallback checks	2026-09-07T02:29:29+00:00
E015R	preflop_cuda	15ee58576bf279bfb94c02b25b2376558ec8bf98	keep	preflop.2.iteration_ms	0.085	Repeat exact-equity cache with graph/stop, hero/locks, CPU/GPU and 700 MB fallback checks	2026-09-07T02:29:29+00:00
E015R	preflop_cuda	15ee58576bf279bfb94c02b25b2376558ec8bf98	keep	preflop.2.check_ms	0.278	Repeat exact-equity cache with graph/stop, hero/locks, CPU/GPU and 700 MB fallback checks	2026-09-07T02:29:29+00:00
E015R	preflop_cuda	15ee58576bf279bfb94c02b25b2376558ec8bf98	keep	preflop.2.sync_ms	0.016	Repeat exact-equity cache with graph/stop, hero/locks, CPU/GPU and 700 MB fallback checks	2026-09-07T02:29:29+00:00
E015R	preflop_cuda	15ee58576bf279bfb94c02b25b2376558ec8bf98	keep	preflop.6.iteration_ms	19.294	Repeat exact-equity cache with graph/stop, hero/locks, CPU/GPU and 700 MB fallback checks	2026-09-07T02:29:29+00:00
E015R	preflop_cuda	15ee58576bf279bfb94c02b25b2376558ec8bf98	keep	preflop.6.check_ms	13.485	Repeat exact-equity cache with graph/stop, hero/locks, CPU/GPU and 700 MB fallback checks	2026-09-07T02:29:29+00:00
E015R	preflop_cuda	15ee58576bf279bfb94c02b25b2376558ec8bf98	keep	preflop.6.sync_ms	32.833	Repeat exact-equity cache with graph/stop, hero/locks, CPU/GPU and 700 MB fallback checks	2026-09-07T02:29:29+00:00
E015R	preflop_cuda	15ee58576bf279bfb94c02b25b2376558ec8bf98	keep	preflop.8.iteration_ms	67.283	Repeat exact-equity cache with graph/stop, hero/locks, CPU/GPU and 700 MB fallback checks	2026-09-07T02:29:29+00:00
E015R	preflop_cuda	15ee58576bf279bfb94c02b25b2376558ec8bf98	keep	preflop.8.check_ms	41.823	Repeat exact-equity cache with graph/stop, hero/locks, CPU/GPU and 700 MB fallback checks	2026-09-07T02:29:29+00:00
E015R	preflop_cuda	15ee58576bf279bfb94c02b25b2376558ec8bf98	keep	preflop.8.sync_ms	69.003	Repeat exact-equity cache with graph/stop, hero/locks, CPU/GPU and 700 MB fallback checks	2026-09-07T02:29:29+00:00
B012	baseline	0a1ad64816061ddd0ce75ccdca94d9590979a854	baseline	cpu.postflop.arena_mb	104.204192	Fresh CPU postflop/lifecycle control before eliminating showdown scratch storage	2026-09-07T02:43:19+00:00
B012	baseline	0a1ad64816061ddd0ce75ccdca94d9590979a854	baseline	cpu.postflop.iteration_ms	26.05292	Fresh CPU postflop/lifecycle control before eliminating showdown scratch storage	2026-09-07T02:43:19+00:00
B012	baseline	0a1ad64816061ddd0ce75ccdca94d9590979a854	baseline	lifecycle.build_ms	9.7982	Fresh CPU postflop/lifecycle control before eliminating showdown scratch storage	2026-09-07T02:43:19+00:00
B012	baseline	0a1ad64816061ddd0ce75ccdca94d9590979a854	baseline	lifecycle.compressed_load_ms	87.2666	Fresh CPU postflop/lifecycle control before eliminating showdown scratch storage	2026-09-07T02:43:19+00:00
B012	baseline	0a1ad64816061ddd0ce75ccdca94d9590979a854	baseline	lifecycle.load_ms	50.1537	Fresh CPU postflop/lifecycle control before eliminating showdown scratch storage	2026-09-07T02:43:19+00:00
B012	baseline	0a1ad64816061ddd0ce75ccdca94d9590979a854	baseline	lifecycle.profile_ms	560.7379999999999	Fresh CPU postflop/lifecycle control before eliminating showdown scratch storage	2026-09-07T02:43:19+00:00
B012	baseline	0a1ad64816061ddd0ce75ccdca94d9590979a854	baseline	lifecycle.report_lines_ms	66.5572	Fresh CPU postflop/lifecycle control before eliminating showdown scratch storage	2026-09-07T02:43:19+00:00
B012	baseline	0a1ad64816061ddd0ce75ccdca94d9590979a854	baseline	lifecycle.save_mb	104.204944	Fresh CPU postflop/lifecycle control before eliminating showdown scratch storage	2026-09-07T02:43:19+00:00
B012	baseline	0a1ad64816061ddd0ce75ccdca94d9590979a854	baseline	lifecycle.save_ms	219.8941	Fresh CPU postflop/lifecycle control before eliminating showdown scratch storage	2026-09-07T02:43:19+00:00
E017	cpu_solving	f26fa1c3f8bf6c7f39d2c5bbc0f6f370f3cd5824	keep	cpu.postflop.arena_mb	104.204192	Remove per-showdown scratch-buffer acquisition and zeroing by reusing each unique output slot	2026-09-07T02:45:12+00:00
E017	cpu_solving	f26fa1c3f8bf6c7f39d2c5bbc0f6f370f3cd5824	keep	cpu.postflop.iteration_ms	25.109019999999997	Remove per-showdown scratch-buffer acquisition and zeroing by reusing each unique output slot	2026-09-07T02:45:12+00:00
E017	cpu_solving	f26fa1c3f8bf6c7f39d2c5bbc0f6f370f3cd5824	keep	lifecycle.build_ms	8.2563	Remove per-showdown scratch-buffer acquisition and zeroing by reusing each unique output slot	2026-09-07T02:45:12+00:00
E017	cpu_solving	f26fa1c3f8bf6c7f39d2c5bbc0f6f370f3cd5824	keep	lifecycle.compressed_load_ms	85.43549999999999	Remove per-showdown scratch-buffer acquisition and zeroing by reusing each unique output slot	2026-09-07T02:45:12+00:00
E017	cpu_solving	f26fa1c3f8bf6c7f39d2c5bbc0f6f370f3cd5824	keep	lifecycle.load_ms	50.6689	Remove per-showdown scratch-buffer acquisition and zeroing by reusing each unique output slot	2026-09-07T02:45:12+00:00
E017	cpu_solving	f26fa1c3f8bf6c7f39d2c5bbc0f6f370f3cd5824	keep	lifecycle.profile_ms	547.5017	Remove per-showdown scratch-buffer acquisition and zeroing by reusing each unique output slot	2026-09-07T02:45:12+00:00
E017	cpu_solving	f26fa1c3f8bf6c7f39d2c5bbc0f6f370f3cd5824	keep	lifecycle.report_lines_ms	64.755	Remove per-showdown scratch-buffer acquisition and zeroing by reusing each unique output slot	2026-09-07T02:45:12+00:00
E017	cpu_solving	f26fa1c3f8bf6c7f39d2c5bbc0f6f370f3cd5824	keep	lifecycle.save_mb	104.204944	Remove per-showdown scratch-buffer acquisition and zeroing by reusing each unique output slot	2026-09-07T02:45:12+00:00
E017	cpu_solving	f26fa1c3f8bf6c7f39d2c5bbc0f6f370f3cd5824	keep	lifecycle.save_ms	219.5164	Remove per-showdown scratch-buffer acquisition and zeroing by reusing each unique output slot	2026-09-07T02:45:12+00:00
E017R2	cpu_solving	50568eac0bb73145832c1bc67c722b5111f328d9	keep	cpu.postflop.arena_mb	104.204192	Repeat lifecycle timing after the full CPU suite passed for showdown output reuse	2026-09-07T02:48:27+00:00
E017R2	cpu_solving	50568eac0bb73145832c1bc67c722b5111f328d9	keep	cpu.postflop.iteration_ms	25.491039999999998	Repeat lifecycle timing after the full CPU suite passed for showdown output reuse	2026-09-07T02:48:27+00:00
E017R2	cpu_solving	50568eac0bb73145832c1bc67c722b5111f328d9	keep	lifecycle.build_ms	11.8717	Repeat lifecycle timing after the full CPU suite passed for showdown output reuse	2026-09-07T02:48:27+00:00
E017R2	cpu_solving	50568eac0bb73145832c1bc67c722b5111f328d9	keep	lifecycle.compressed_load_ms	90.199	Repeat lifecycle timing after the full CPU suite passed for showdown output reuse	2026-09-07T02:48:27+00:00
E017R2	cpu_solving	50568eac0bb73145832c1bc67c722b5111f328d9	keep	lifecycle.load_ms	41.7304	Repeat lifecycle timing after the full CPU suite passed for showdown output reuse	2026-09-07T02:48:27+00:00
E017R2	cpu_solving	50568eac0bb73145832c1bc67c722b5111f328d9	keep	lifecycle.profile_ms	554.8166	Repeat lifecycle timing after the full CPU suite passed for showdown output reuse	2026-09-07T02:48:27+00:00
E017R2	cpu_solving	50568eac0bb73145832c1bc67c722b5111f328d9	keep	lifecycle.report_lines_ms	68.41460000000001	Repeat lifecycle timing after the full CPU suite passed for showdown output reuse	2026-09-07T02:48:27+00:00
E017R2	cpu_solving	50568eac0bb73145832c1bc67c722b5111f328d9	keep	lifecycle.save_mb	104.204944	Repeat lifecycle timing after the full CPU suite passed for showdown output reuse	2026-09-07T02:48:27+00:00
E017R2	cpu_solving	50568eac0bb73145832c1bc67c722b5111f328d9	keep	lifecycle.save_ms	278.4916	Repeat lifecycle timing after the full CPU suite passed for showdown output reuse	2026-09-07T02:48:27+00:00
E018	cpu_solving	110e964817aa38b85f1e8a7d838ee7a1040a6d99	discard	cpu.postflop.arena_mb	104.204192	Precompute showdown strength boundaries for CPU sweeps and reuse them in GPU plans, preserving every sum order	2026-09-07T02:50:48+00:00
E018	cpu_solving	110e964817aa38b85f1e8a7d838ee7a1040a6d99	discard	cpu.postflop.iteration_ms	25.222559999999998	Precompute showdown strength boundaries for CPU sweeps and reuse them in GPU plans, preserving every sum order	2026-09-07T02:50:48+00:00
E018	cpu_solving	110e964817aa38b85f1e8a7d838ee7a1040a6d99	discard	lifecycle.build_ms	8.9559	Precompute showdown strength boundaries for CPU sweeps and reuse them in GPU plans, preserving every sum order	2026-09-07T02:50:48+00:00
E018	cpu_solving	110e964817aa38b85f1e8a7d838ee7a1040a6d99	discard	lifecycle.compressed_load_ms	85.06519999999999	Precompute showdown strength boundaries for CPU sweeps and reuse them in GPU plans, preserving every sum order	2026-09-07T02:50:48+00:00
E018	cpu_solving	110e964817aa38b85f1e8a7d838ee7a1040a6d99	discard	lifecycle.load_ms	37.011	Precompute showdown strength boundaries for CPU sweeps and reuse them in GPU plans, preserving every sum order	2026-09-07T02:50:48+00:00
E018	cpu_solving	110e964817aa38b85f1e8a7d838ee7a1040a6d99	discard	lifecycle.profile_ms	546.0077	Precompute showdown strength boundaries for CPU sweeps and reuse them in GPU plans, preserving every sum order	2026-09-07T02:50:48+00:00
E018	cpu_solving	110e964817aa38b85f1e8a7d838ee7a1040a6d99	discard	lifecycle.report_lines_ms	67.8058	Precompute showdown strength boundaries for CPU sweeps and reuse them in GPU plans, preserving every sum order	2026-09-07T02:50:48+00:00
E018	cpu_solving	110e964817aa38b85f1e8a7d838ee7a1040a6d99	discard	lifecycle.save_mb	104.204944	Precompute showdown strength boundaries for CPU sweeps and reuse them in GPU plans, preserving every sum order	2026-09-07T02:50:48+00:00
E018	cpu_solving	110e964817aa38b85f1e8a7d838ee7a1040a6d99	discard	lifecycle.save_ms	126.18109999999999	Precompute showdown strength boundaries for CPU sweeps and reuse them in GPU plans, preserving every sum order	2026-09-07T02:50:48+00:00
E018R	cpu_solving	110e964817aa38b85f1e8a7d838ee7a1040a6d99	discard	cpu.postflop.arena_mb	104.204192	Repeat precomputed CPU showdown boundaries to distinguish a useful gain from a near-tie	2026-09-07T02:52:45+00:00
E018R	cpu_solving	110e964817aa38b85f1e8a7d838ee7a1040a6d99	discard	cpu.postflop.iteration_ms	25.57894	Repeat precomputed CPU showdown boundaries to distinguish a useful gain from a near-tie	2026-09-07T02:52:45+00:00
E018R	cpu_solving	110e964817aa38b85f1e8a7d838ee7a1040a6d99	discard	lifecycle.build_ms	8.4499	Repeat precomputed CPU showdown boundaries to distinguish a useful gain from a near-tie	2026-09-07T02:52:45+00:00
E018R	cpu_solving	110e964817aa38b85f1e8a7d838ee7a1040a6d99	discard	lifecycle.compressed_load_ms	88.82339999999999	Repeat precomputed CPU showdown boundaries to distinguish a useful gain from a near-tie	2026-09-07T02:52:45+00:00
E018R	cpu_solving	110e964817aa38b85f1e8a7d838ee7a1040a6d99	discard	lifecycle.load_ms	38.6703	Repeat precomputed CPU showdown boundaries to distinguish a useful gain from a near-tie	2026-09-07T02:52:45+00:00
E018R	cpu_solving	110e964817aa38b85f1e8a7d838ee7a1040a6d99	discard	lifecycle.profile_ms	551.6168	Repeat precomputed CPU showdown boundaries to distinguish a useful gain from a near-tie	2026-09-07T02:52:45+00:00
E018R	cpu_solving	110e964817aa38b85f1e8a7d838ee7a1040a6d99	discard	lifecycle.report_lines_ms	69.3545	Repeat precomputed CPU showdown boundaries to distinguish a useful gain from a near-tie	2026-09-07T02:52:45+00:00
E018R	cpu_solving	110e964817aa38b85f1e8a7d838ee7a1040a6d99	discard	lifecycle.save_mb	104.204944	Repeat precomputed CPU showdown boundaries to distinguish a useful gain from a near-tie	2026-09-07T02:52:45+00:00
E018R	cpu_solving	110e964817aa38b85f1e8a7d838ee7a1040a6d99	discard	lifecycle.save_ms	132.35569999999998	Repeat precomputed CPU showdown boundaries to distinguish a useful gain from a near-tie	2026-09-07T02:52:45+00:00
B013	baseline	301a3540f11a355e86d586b8fac42fb1d6c6f82d	baseline	preflop.6.target_seconds	5.3921866	Original implementation: time to total preflop gap 0.03 with checks every 25 iterations and complete state fingerprints	2026-09-07T02:57:27+00:00
B013	baseline	301a3540f11a355e86d586b8fac42fb1d6c6f82d	baseline	preflop.8.target_seconds	17.6991689	Original implementation: time to total preflop gap 0.03 with checks every 25 iterations and complete state fingerprints	2026-09-07T02:57:27+00:00
B014	baseline	301a3540f11a355e86d586b8fac42fb1d6c6f82d	baseline	cpu.preflop.arena_mb	224.552328	Fresh original-code control for CPU solving, report generation, profile raking and persistence	2026-09-07T03:01:18+00:00
B014	baseline	301a3540f11a355e86d586b8fac42fb1d6c6f82d	baseline	cpu.preflop.check_ms	1424.2441999999999	Fresh original-code control for CPU solving, report generation, profile raking and persistence	2026-09-07T03:01:18+00:00
B014	baseline	301a3540f11a355e86d586b8fac42fb1d6c6f82d	baseline	cpu.preflop.iteration_ms	197.01732	Fresh original-code control for CPU solving, report generation, profile raking and persistence	2026-09-07T03:01:18+00:00
B014	baseline	301a3540f11a355e86d586b8fac42fb1d6c6f82d	baseline	cpu.postflop.arena_mb	104.204192	Fresh original-code control for CPU solving, report generation, profile raking and persistence	2026-09-07T03:01:18+00:00
B014	baseline	301a3540f11a355e86d586b8fac42fb1d6c6f82d	baseline	cpu.postflop.iteration_ms	32.880579999999995	Fresh original-code control for CPU solving, report generation, profile raking and persistence	2026-09-07T03:01:18+00:00
B014	baseline	301a3540f11a355e86d586b8fac42fb1d6c6f82d	baseline	lifecycle.build_ms	11.6358	Fresh original-code control for CPU solving, report generation, profile raking and persistence	2026-09-07T03:01:18+00:00
B014	baseline	301a3540f11a355e86d586b8fac42fb1d6c6f82d	baseline	lifecycle.compressed_load_ms	83.2808	Fresh original-code control for CPU solving, report generation, profile raking and persistence	2026-09-07T03:01:18+00:00
B014	baseline	301a3540f11a355e86d586b8fac42fb1d6c6f82d	baseline	lifecycle.load_ms	49.7383	Fresh original-code control for CPU solving, report generation, profile raking and persistence	2026-09-07T03:01:18+00:00
B014	baseline	301a3540f11a355e86d586b8fac42fb1d6c6f82d	baseline	lifecycle.profile_ms	638.0926000000001	Fresh original-code control for CPU solving, report generation, profile raking and persistence	2026-09-07T03:01:18+00:00
B014	baseline	301a3540f11a355e86d586b8fac42fb1d6c6f82d	baseline	lifecycle.report_lines_ms	199.1774	Fresh original-code control for CPU solving, report generation, profile raking and persistence	2026-09-07T03:01:18+00:00
B014	baseline	301a3540f11a355e86d586b8fac42fb1d6c6f82d	baseline	lifecycle.save_mb	104.204944	Fresh original-code control for CPU solving, report generation, profile raking and persistence	2026-09-07T03:01:18+00:00
B014	baseline	301a3540f11a355e86d586b8fac42fb1d6c6f82d	baseline	lifecycle.save_ms	137.171	Fresh original-code control for CPU solving, report generation, profile raking and persistence	2026-09-07T03:01:18+00:00
B015	baseline	301a3540f11a355e86d586b8fac42fb1d6c6f82d	baseline	postflop.Ks7h2d.target_seconds	11.305	Fresh original-code postflop throughput and time to 0.3 percent exploitability with fixed 20 iteration checks	2026-09-07T03:02:10+00:00
B015	baseline	301a3540f11a355e86d586b8fac42fb1d6c6f82d	baseline	postflop.Ks7s2d.target_seconds	6.739	Fresh original-code postflop throughput and time to 0.3 percent exploitability with fixed 20 iteration checks	2026-09-07T03:02:10+00:00
B015	baseline	301a3540f11a355e86d586b8fac42fb1d6c6f82d	baseline	postflop.Ks7h2dQhTc.target_seconds	0.022	Fresh original-code postflop throughput and time to 0.3 percent exploitability with fixed 20 iteration checks	2026-09-07T03:02:10+00:00
B016	baseline	301a3540f11a355e86d586b8fac42fb1d6c6f82d	baseline	reports.adaptation_seconds	5.008	Fresh original-code compressed report adaptation: GPU continuation from iteration 40, profile locked, 40 additional iterations including device setup and CPU sync	2026-09-07T03:03:16+00:00
B017	baseline	301a3540f11a355e86d586b8fac42fb1d6c6f82d	baseline	lifecycle.warm_load_ms	47.4907	Fresh original-code isolated 20-sample warm f32 load control with process peak working set and exact exploitability	2026-09-07T03:03:45+00:00
B017	baseline	301a3540f11a355e86d586b8fac42fb1d6c6f82d	baseline	lifecycle.load_process_memory_mb	201.593	Fresh original-code isolated 20-sample warm f32 load control with process peak working set and exact exploitability	2026-09-07T03:03:45+00:00
F001	preflop_cuda	cd84600bb84b9ff6e98c00d749128a17e4777b31	keep	preflop.6.target_seconds	3.2169539	Combined retained implementation: time to the same total gap 0.03 and complete arena fingerprints as B013	2026-09-07T03:04:50+00:00
F001	preflop_cuda	cd84600bb84b9ff6e98c00d749128a17e4777b31	keep	preflop.8.target_seconds	7.9860802	Combined retained implementation: time to the same total gap 0.03 and complete arena fingerprints as B013	2026-09-07T03:04:50+00:00
F002	cpu_solving	cd84600bb84b9ff6e98c00d749128a17e4777b31	keep	cpu.preflop.arena_mb	224.552328	Combined retained CPU and lifecycle implementation versus fresh B014 with all complete fingerprints held fixed	2026-09-07T03:05:34+00:00
F002	cpu_solving	cd84600bb84b9ff6e98c00d749128a17e4777b31	keep	cpu.preflop.check_ms	314.7503	Combined retained CPU and lifecycle implementation versus fresh B014 with all complete fingerprints held fixed	2026-09-07T03:05:34+00:00
F002	cpu_solving	cd84600bb84b9ff6e98c00d749128a17e4777b31	keep	cpu.preflop.iteration_ms	78.37078	Combined retained CPU and lifecycle implementation versus fresh B014 with all complete fingerprints held fixed	2026-09-07T03:05:34+00:00
F002	cpu_solving	cd84600bb84b9ff6e98c00d749128a17e4777b31	keep	cpu.postflop.arena_mb	104.204192	Combined retained CPU and lifecycle implementation versus fresh B014 with all complete fingerprints held fixed	2026-09-07T03:05:34+00:00
F002	cpu_solving	cd84600bb84b9ff6e98c00d749128a17e4777b31	keep	cpu.postflop.iteration_ms	30.79714	Combined retained CPU and lifecycle implementation versus fresh B014 with all complete fingerprints held fixed	2026-09-07T03:05:34+00:00
F002	cpu_solving	cd84600bb84b9ff6e98c00d749128a17e4777b31	keep	lifecycle.build_ms	8.0688	Combined retained CPU and lifecycle implementation versus fresh B014 with all complete fingerprints held fixed	2026-09-07T03:05:34+00:00
F002	cpu_solving	cd84600bb84b9ff6e98c00d749128a17e4777b31	keep	lifecycle.compressed_load_ms	87.80300000000001	Combined retained CPU and lifecycle implementation versus fresh B014 with all complete fingerprints held fixed	2026-09-07T03:05:34+00:00
F002	cpu_solving	cd84600bb84b9ff6e98c00d749128a17e4777b31	keep	lifecycle.load_ms	47.4473	Combined retained CPU and lifecycle implementation versus fresh B014 with all complete fingerprints held fixed	2026-09-07T03:05:34+00:00
F002	cpu_solving	cd84600bb84b9ff6e98c00d749128a17e4777b31	keep	lifecycle.profile_ms	562.6904000000001	Combined retained CPU and lifecycle implementation versus fresh B014 with all complete fingerprints held fixed	2026-09-07T03:05:34+00:00
F002	cpu_solving	cd84600bb84b9ff6e98c00d749128a17e4777b31	keep	lifecycle.report_lines_ms	77.6288	Combined retained CPU and lifecycle implementation versus fresh B014 with all complete fingerprints held fixed	2026-09-07T03:05:34+00:00
F002	cpu_solving	cd84600bb84b9ff6e98c00d749128a17e4777b31	keep	lifecycle.save_mb	104.204944	Combined retained CPU and lifecycle implementation versus fresh B014 with all complete fingerprints held fixed	2026-09-07T03:05:34+00:00
F002	cpu_solving	cd84600bb84b9ff6e98c00d749128a17e4777b31	keep	lifecycle.save_ms	133.7806	Combined retained CPU and lifecycle implementation versus fresh B014 with all complete fingerprints held fixed	2026-09-07T03:05:34+00:00
F003	postflop_cuda	cd84600bb84b9ff6e98c00d749128a17e4777b31	keep	postflop.Ks7h2d.target_seconds	10.994	Combined retained postflop implementation versus B015: time to 0.3 percent exploitability with identical 20 iteration checkpoint cadence	2026-09-07T03:06:32+00:00
F003	postflop_cuda	cd84600bb84b9ff6e98c00d749128a17e4777b31	keep	postflop.Ks7s2d.target_seconds	6.557	Combined retained postflop implementation versus B015: time to 0.3 percent exploitability with identical 20 iteration checkpoint cadence	2026-09-07T03:06:32+00:00
F003	postflop_cuda	cd84600bb84b9ff6e98c00d749128a17e4777b31	keep	postflop.Ks7h2dQhTc.target_seconds	0.02	Combined retained postflop implementation versus B015: time to 0.3 percent exploitability with identical 20 iteration checkpoint cadence	2026-09-07T03:06:32+00:00
F004	reports_profiles	cd84600bb84b9ff6e98c00d749128a17e4777b31	keep	reports.adaptation_seconds	4.925	Combined retained compressed GPU report adaptation versus B016, including device setup and final CPU readback	2026-09-07T03:07:40+00:00
F005	build_save_load	cd84600bb84b9ff6e98c00d749128a17e4777b31	keep	lifecycle.warm_load_ms	37.2025	Combined retained implementation isolated warm f32 loading versus B017, with process peak working set and exact exploitability	2026-09-07T03:08:20+00:00
F005	build_save_load	cd84600bb84b9ff6e98c00d749128a17e4777b31	keep	lifecycle.load_process_memory_mb	170.627	Combined retained implementation isolated warm f32 loading versus B017, with process peak working set and exact exploitability	2026-09-07T03:08:20+00:00
F006	preflop_cuda	cd84600bb84b9ff6e98c00d749128a17e4777b31	keep	preflop.6.allocated_vram_mb	671.08864	Final combined preflop throughput, checkpoint, CPU sync and actual allocated VRAM; preserve all original 2/6/8-seat fingerprints	2026-09-07T03:08:50+00:00
F006	preflop_cuda	cd84600bb84b9ff6e98c00d749128a17e4777b31	keep	preflop.6.build_ms	76.2565	Final combined preflop throughput, checkpoint, CPU sync and actual allocated VRAM; preserve all original 2/6/8-seat fingerprints	2026-09-07T03:08:50+00:00
F006	preflop_cuda	cd84600bb84b9ff6e98c00d749128a17e4777b31	keep	preflop.6.cpu_arena_mb	224.552328	Final combined preflop throughput, checkpoint, CPU sync and actual allocated VRAM; preserve all original 2/6/8-seat fingerprints	2026-09-07T03:08:50+00:00
F006	preflop_cuda	cd84600bb84b9ff6e98c00d749128a17e4777b31	keep	preflop.6.estimated_vram_mb	706.776248	Final combined preflop throughput, checkpoint, CPU sync and actual allocated VRAM; preserve all original 2/6/8-seat fingerprints	2026-09-07T03:08:50+00:00
F006	preflop_cuda	cd84600bb84b9ff6e98c00d749128a17e4777b31	keep	preflop.6.init_ms	136.7468	Final combined preflop throughput, checkpoint, CPU sync and actual allocated VRAM; preserve all original 2/6/8-seat fingerprints	2026-09-07T03:08:50+00:00
F006	preflop_cuda	cd84600bb84b9ff6e98c00d749128a17e4777b31	keep	preflop.8.allocated_vram_mb	1711.276032	Final combined preflop throughput, checkpoint, CPU sync and actual allocated VRAM; preserve all original 2/6/8-seat fingerprints	2026-09-07T03:08:50+00:00
F006	preflop_cuda	cd84600bb84b9ff6e98c00d749128a17e4777b31	keep	preflop.8.build_ms	205.267	Final combined preflop throughput, checkpoint, CPU sync and actual allocated VRAM; preserve all original 2/6/8-seat fingerprints	2026-09-07T03:08:50+00:00
F006	preflop_cuda	cd84600bb84b9ff6e98c00d749128a17e4777b31	keep	preflop.8.cpu_arena_mb	587.239848	Final combined preflop throughput, checkpoint, CPU sync and actual allocated VRAM; preserve all original 2/6/8-seat fingerprints	2026-09-07T03:08:50+00:00
F006	preflop_cuda	cd84600bb84b9ff6e98c00d749128a17e4777b31	keep	preflop.8.estimated_vram_mb	1750.508472	Final combined preflop throughput, checkpoint, CPU sync and actual allocated VRAM; preserve all original 2/6/8-seat fingerprints	2026-09-07T03:08:50+00:00
F006	preflop_cuda	cd84600bb84b9ff6e98c00d749128a17e4777b31	keep	preflop.8.init_ms	235.03640000000001	Final combined preflop throughput, checkpoint, CPU sync and actual allocated VRAM; preserve all original 2/6/8-seat fingerprints	2026-09-07T03:08:50+00:00
F006	preflop_cuda	cd84600bb84b9ff6e98c00d749128a17e4777b31	keep	preflop.2.iteration_ms	0.084	Final combined preflop throughput, checkpoint, CPU sync and actual allocated VRAM; preserve all original 2/6/8-seat fingerprints	2026-09-07T03:08:50+00:00
F006	preflop_cuda	cd84600bb84b9ff6e98c00d749128a17e4777b31	keep	preflop.2.check_ms	0.287	Final combined preflop throughput, checkpoint, CPU sync and actual allocated VRAM; preserve all original 2/6/8-seat fingerprints	2026-09-07T03:08:50+00:00
F006	preflop_cuda	cd84600bb84b9ff6e98c00d749128a17e4777b31	keep	preflop.2.sync_ms	0.016	Final combined preflop throughput, checkpoint, CPU sync and actual allocated VRAM; preserve all original 2/6/8-seat fingerprints	2026-09-07T03:08:50+00:00
F006	preflop_cuda	cd84600bb84b9ff6e98c00d749128a17e4777b31	keep	preflop.6.iteration_ms	17.892	Final combined preflop throughput, checkpoint, CPU sync and actual allocated VRAM; preserve all original 2/6/8-seat fingerprints	2026-09-07T03:08:50+00:00
F006	preflop_cuda	cd84600bb84b9ff6e98c00d749128a17e4777b31	keep	preflop.6.check_ms	12.265	Final combined preflop throughput, checkpoint, CPU sync and actual allocated VRAM; preserve all original 2/6/8-seat fingerprints	2026-09-07T03:08:50+00:00
F006	preflop_cuda	cd84600bb84b9ff6e98c00d749128a17e4777b31	keep	preflop.6.sync_ms	25.959	Final combined preflop throughput, checkpoint, CPU sync and actual allocated VRAM; preserve all original 2/6/8-seat fingerprints	2026-09-07T03:08:50+00:00
F006	preflop_cuda	cd84600bb84b9ff6e98c00d749128a17e4777b31	keep	preflop.8.iteration_ms	62.182	Final combined preflop throughput, checkpoint, CPU sync and actual allocated VRAM; preserve all original 2/6/8-seat fingerprints	2026-09-07T03:08:50+00:00
F006	preflop_cuda	cd84600bb84b9ff6e98c00d749128a17e4777b31	keep	preflop.8.check_ms	38.806	Final combined preflop throughput, checkpoint, CPU sync and actual allocated VRAM; preserve all original 2/6/8-seat fingerprints	2026-09-07T03:08:50+00:00
F006	preflop_cuda	cd84600bb84b9ff6e98c00d749128a17e4777b31	keep	preflop.8.sync_ms	68.295	Final combined preflop throughput, checkpoint, CPU sync and actual allocated VRAM; preserve all original 2/6/8-seat fingerprints	2026-09-07T03:08:50+00:00
F007	postflop_cuda	cd84600bb84b9ff6e98c00d749128a17e4777b31	keep	postflop.Ks7h2d.iso.allocated_vram_mb	6241.124352	Final combined postflop throughput and actual memory, plus complete locked/unlocked state matrix versus canonical B010R	2026-09-07T03:11:28+00:00
F007	postflop_cuda	cd84600bb84b9ff6e98c00d749128a17e4777b31	keep	postflop.Ks7h2d.iso.estimated_vram_mb	6716.6347	Final combined postflop throughput and actual memory, plus complete locked/unlocked state matrix versus canonical B010R	2026-09-07T03:11:28+00:00
F007	postflop_cuda	cd84600bb84b9ff6e98c00d749128a17e4777b31	keep	postflop.Ks7h2d.iso.init_ms	847.0521	Final combined postflop throughput and actual memory, plus complete locked/unlocked state matrix versus canonical B010R	2026-09-07T03:11:28+00:00
F007	postflop_cuda	cd84600bb84b9ff6e98c00d749128a17e4777b31	keep	postflop.Ks7h2d.iso.plan_build_ms	96.515	Final combined postflop throughput and actual memory, plus complete locked/unlocked state matrix versus canonical B010R	2026-09-07T03:11:28+00:00
F007	postflop_cuda	cd84600bb84b9ff6e98c00d749128a17e4777b31	keep	postflop.Ks7h2d.iso.staging_memory_mb	3380.293588	Final combined postflop throughput and actual memory, plus complete locked/unlocked state matrix versus canonical B010R	2026-09-07T03:11:28+00:00
F007	postflop_cuda	cd84600bb84b9ff6e98c00d749128a17e4777b31	keep	postflop.Ks7s2d.iso.allocated_vram_mb	4932.501504	Final combined postflop throughput and actual memory, plus complete locked/unlocked state matrix versus canonical B010R	2026-09-07T03:11:28+00:00
F007	postflop_cuda	cd84600bb84b9ff6e98c00d749128a17e4777b31	keep	postflop.Ks7s2d.iso.estimated_vram_mb	6737.546704	Final combined postflop throughput and actual memory, plus complete locked/unlocked state matrix versus canonical B010R	2026-09-07T03:11:28+00:00
F007	postflop_cuda	cd84600bb84b9ff6e98c00d749128a17e4777b31	keep	postflop.Ks7s2d.iso.init_ms	751.8158999999999	Final combined postflop throughput and actual memory, plus complete locked/unlocked state matrix versus canonical B010R	2026-09-07T03:11:28+00:00
F007	postflop_cuda	cd84600bb84b9ff6e98c00d749128a17e4777b31	keep	postflop.Ks7s2d.iso.plan_build_ms	71.5932	Final combined postflop throughput and actual memory, plus complete locked/unlocked state matrix versus canonical B010R	2026-09-07T03:11:28+00:00
F007	postflop_cuda	cd84600bb84b9ff6e98c00d749128a17e4777b31	keep	postflop.Ks7s2d.iso.staging_memory_mb	2063.622928	Final combined postflop throughput and actual memory, plus complete locked/unlocked state matrix versus canonical B010R	2026-09-07T03:11:28+00:00
F007	postflop_cuda	cd84600bb84b9ff6e98c00d749128a17e4777b31	keep	postflop.Ks7s2d.full.allocated_vram_mb	6274.678784	Final combined postflop throughput and actual memory, plus complete locked/unlocked state matrix versus canonical B010R	2026-09-07T03:11:28+00:00
F007	postflop_cuda	cd84600bb84b9ff6e98c00d749128a17e4777b31	keep	postflop.Ks7s2d.full.estimated_vram_mb	6737.546704	Final combined postflop throughput and actual memory, plus complete locked/unlocked state matrix versus canonical B010R	2026-09-07T03:11:28+00:00
F007	postflop_cuda	cd84600bb84b9ff6e98c00d749128a17e4777b31	keep	postflop.Ks7s2d.full.init_ms	792.2909	Final combined postflop throughput and actual memory, plus complete locked/unlocked state matrix versus canonical B010R	2026-09-07T03:11:28+00:00
F007	postflop_cuda	cd84600bb84b9ff6e98c00d749128a17e4777b31	keep	postflop.Ks7s2d.full.plan_build_ms	97.6343	Final combined postflop throughput and actual memory, plus complete locked/unlocked state matrix versus canonical B010R	2026-09-07T03:11:28+00:00
F007	postflop_cuda	cd84600bb84b9ff6e98c00d749128a17e4777b31	keep	postflop.Ks7s2d.full.staging_memory_mb	3391.473816	Final combined postflop throughput and actual memory, plus complete locked/unlocked state matrix versus canonical B010R	2026-09-07T03:11:28+00:00
F007	postflop_cuda	cd84600bb84b9ff6e98c00d749128a17e4777b31	keep	postflop.Ks7h2d.init_ms	1073.74	Final combined postflop throughput and actual memory, plus complete locked/unlocked state matrix versus canonical B010R	2026-09-07T03:11:28+00:00
F007	postflop_cuda	cd84600bb84b9ff6e98c00d749128a17e4777b31	keep	postflop.Ks7h2d.iteration_ms	53.174	Final combined postflop throughput and actual memory, plus complete locked/unlocked state matrix versus canonical B010R	2026-09-07T03:11:28+00:00
F007	postflop_cuda	cd84600bb84b9ff6e98c00d749128a17e4777b31	keep	postflop.Ks7h2d.check_ms	33.255	Final combined postflop throughput and actual memory, plus complete locked/unlocked state matrix versus canonical B010R	2026-09-07T03:11:28+00:00
F007	postflop_cuda	cd84600bb84b9ff6e98c00d749128a17e4777b31	keep	postflop.Ks7s2d.init_ms	743.129	Final combined postflop throughput and actual memory, plus complete locked/unlocked state matrix versus canonical B010R	2026-09-07T03:11:28+00:00
F007	postflop_cuda	cd84600bb84b9ff6e98c00d749128a17e4777b31	keep	postflop.Ks7s2d.iteration_ms	31.423	Final combined postflop throughput and actual memory, plus complete locked/unlocked state matrix versus canonical B010R	2026-09-07T03:11:28+00:00
F007	postflop_cuda	cd84600bb84b9ff6e98c00d749128a17e4777b31	keep	postflop.Ks7s2d.check_ms	26.827	Final combined postflop throughput and actual memory, plus complete locked/unlocked state matrix versus canonical B010R	2026-09-07T03:11:28+00:00
F007	postflop_cuda	cd84600bb84b9ff6e98c00d749128a17e4777b31	keep	postflop.Ks7h2dQhTc.init_ms	65.914	Final combined postflop throughput and actual memory, plus complete locked/unlocked state matrix versus canonical B010R	2026-09-07T03:11:28+00:00
F007	postflop_cuda	cd84600bb84b9ff6e98c00d749128a17e4777b31	keep	postflop.Ks7h2dQhTc.iteration_ms	0.297	Final combined postflop throughput and actual memory, plus complete locked/unlocked state matrix versus canonical B010R	2026-09-07T03:11:28+00:00
F007	postflop_cuda	cd84600bb84b9ff6e98c00d749128a17e4777b31	keep	postflop.Ks7h2dQhTc.check_ms	1.212	Final combined postflop throughput and actual memory, plus complete locked/unlocked state matrix versus canonical B010R	2026-09-07T03:11:28+00:00
B018	baseline	c91db38290736e6c117527eb38b3629960491fc5	baseline	lifecycle.raking_ms	4.5577	Fresh specialized-raking control before testing reuse of the per-fitting-iteration aggregate buffer	2026-09-07T03:16:42+00:00
B019	baseline	c91db38290736e6c117527eb38b3629960491fc5	baseline	cpu.postflop.arena_mb	104.204192	Fresh whole-profile lifecycle control before removing repeated aggregate allocation inside raking	2026-09-07T03:17:00+00:00
B019	baseline	c91db38290736e6c117527eb38b3629960491fc5	baseline	cpu.postflop.iteration_ms	25.86474	Fresh whole-profile lifecycle control before removing repeated aggregate allocation inside raking	2026-09-07T03:17:00+00:00
B019	baseline	c91db38290736e6c117527eb38b3629960491fc5	baseline	lifecycle.build_ms	8.4256	Fresh whole-profile lifecycle control before removing repeated aggregate allocation inside raking	2026-09-07T03:17:00+00:00
B019	baseline	c91db38290736e6c117527eb38b3629960491fc5	baseline	lifecycle.compressed_load_ms	86.5118	Fresh whole-profile lifecycle control before removing repeated aggregate allocation inside raking	2026-09-07T03:17:00+00:00
B019	baseline	c91db38290736e6c117527eb38b3629960491fc5	baseline	lifecycle.load_ms	54.206900000000005	Fresh whole-profile lifecycle control before removing repeated aggregate allocation inside raking	2026-09-07T03:17:00+00:00
B019	baseline	c91db38290736e6c117527eb38b3629960491fc5	baseline	lifecycle.profile_ms	551.8426	Fresh whole-profile lifecycle control before removing repeated aggregate allocation inside raking	2026-09-07T03:17:00+00:00
B019	baseline	c91db38290736e6c117527eb38b3629960491fc5	baseline	lifecycle.report_lines_ms	63.7061	Fresh whole-profile lifecycle control before removing repeated aggregate allocation inside raking	2026-09-07T03:17:00+00:00
B019	baseline	c91db38290736e6c117527eb38b3629960491fc5	baseline	lifecycle.save_mb	104.204944	Fresh whole-profile lifecycle control before removing repeated aggregate allocation inside raking	2026-09-07T03:17:00+00:00
B019	baseline	c91db38290736e6c117527eb38b3629960491fc5	baseline	lifecycle.save_ms	220.45929999999998	Fresh whole-profile lifecycle control before removing repeated aggregate allocation inside raking	2026-09-07T03:17:00+00:00
E019	reports_profiles	1034aa0519aca67a118c83ad644fcaaaa93af1cc	keep	lifecycle.raking_ms	4.054	Reuse aggregate buffer across raking fitting iterations; preserve the same zeroing and arithmetic order	2026-09-07T03:17:40+00:00
E019R	reports_profiles	1034aa0519aca67a118c83ad644fcaaaa93af1cc	keep	cpu.postflop.arena_mb	104.204192	Whole-profile validation of aggregate-buffer reuse against fresh B019, including complete report/profile/save fingerprints	2026-09-07T03:18:24+00:00
E019R	reports_profiles	1034aa0519aca67a118c83ad644fcaaaa93af1cc	keep	cpu.postflop.iteration_ms	24.78542	Whole-profile validation of aggregate-buffer reuse against fresh B019, including complete report/profile/save fingerprints	2026-09-07T03:18:24+00:00
E019R	reports_profiles	1034aa0519aca67a118c83ad644fcaaaa93af1cc	keep	lifecycle.build_ms	8.2943	Whole-profile validation of aggregate-buffer reuse against fresh B019, including complete report/profile/save fingerprints	2026-09-07T03:18:24+00:00
E019R	reports_profiles	1034aa0519aca67a118c83ad644fcaaaa93af1cc	keep	lifecycle.compressed_load_ms	83.7658	Whole-profile validation of aggregate-buffer reuse against fresh B019, including complete report/profile/save fingerprints	2026-09-07T03:18:24+00:00
E019R	reports_profiles	1034aa0519aca67a118c83ad644fcaaaa93af1cc	keep	lifecycle.load_ms	51.350699999999996	Whole-profile validation of aggregate-buffer reuse against fresh B019, including complete report/profile/save fingerprints	2026-09-07T03:18:24+00:00
E019R	reports_profiles	1034aa0519aca67a118c83ad644fcaaaa93af1cc	keep	lifecycle.profile_ms	435.5408	Whole-profile validation of aggregate-buffer reuse against fresh B019, including complete report/profile/save fingerprints	2026-09-07T03:18:24+00:00
E019R	reports_profiles	1034aa0519aca67a118c83ad644fcaaaa93af1cc	keep	lifecycle.report_lines_ms	63.1804	Whole-profile validation of aggregate-buffer reuse against fresh B019, including complete report/profile/save fingerprints	2026-09-07T03:18:24+00:00
E019R	reports_profiles	1034aa0519aca67a118c83ad644fcaaaa93af1cc	keep	lifecycle.save_mb	104.204944	Whole-profile validation of aggregate-buffer reuse against fresh B019, including complete report/profile/save fingerprints	2026-09-07T03:18:24+00:00
E019R	reports_profiles	1034aa0519aca67a118c83ad644fcaaaa93af1cc	keep	lifecycle.save_ms	219.7633	Whole-profile validation of aggregate-buffer reuse against fresh B019, including complete report/profile/save fingerprints	2026-09-07T03:18:24+00:00
E019R2	reports_profiles	1034aa0519aca67a118c83ad644fcaaaa93af1cc	keep	cpu.postflop.arena_mb	104.204192	Repeat whole-profile aggregate-buffer reuse to test the observed gain and all complete lifecycle fingerprints	2026-09-07T03:18:50+00:00
E019R2	reports_profiles	1034aa0519aca67a118c83ad644fcaaaa93af1cc	keep	cpu.postflop.iteration_ms	25.28494	Repeat whole-profile aggregate-buffer reuse to test the observed gain and all complete lifecycle fingerprints	2026-09-07T03:18:50+00:00
E019R2	reports_profiles	1034aa0519aca67a118c83ad644fcaaaa93af1cc	keep	lifecycle.build_ms	8.3689	Repeat whole-profile aggregate-buffer reuse to test the observed gain and all complete lifecycle fingerprints	2026-09-07T03:18:50+00:00
E019R2	reports_profiles	1034aa0519aca67a118c83ad644fcaaaa93af1cc	keep	lifecycle.compressed_load_ms	81.7322	Repeat whole-profile aggregate-buffer reuse to test the observed gain and all complete lifecycle fingerprints	2026-09-07T03:18:50+00:00
E019R2	reports_profiles	1034aa0519aca67a118c83ad644fcaaaa93af1cc	keep	lifecycle.load_ms	51.2661	Repeat whole-profile aggregate-buffer reuse to test the observed gain and all complete lifecycle fingerprints	2026-09-07T03:18:50+00:00
E019R2	reports_profiles	1034aa0519aca67a118c83ad644fcaaaa93af1cc	keep	lifecycle.profile_ms	445.7917	Repeat whole-profile aggregate-buffer reuse to test the observed gain and all complete lifecycle fingerprints	2026-09-07T03:18:50+00:00
E019R2	reports_profiles	1034aa0519aca67a118c83ad644fcaaaa93af1cc	keep	lifecycle.report_lines_ms	64.0555	Repeat whole-profile aggregate-buffer reuse to test the observed gain and all complete lifecycle fingerprints	2026-09-07T03:18:50+00:00
E019R2	reports_profiles	1034aa0519aca67a118c83ad644fcaaaa93af1cc	keep	lifecycle.save_mb	104.204944	Repeat whole-profile aggregate-buffer reuse to test the observed gain and all complete lifecycle fingerprints	2026-09-07T03:18:50+00:00
E019R2	reports_profiles	1034aa0519aca67a118c83ad644fcaaaa93af1cc	keep	lifecycle.save_ms	216.0564	Repeat whole-profile aggregate-buffer reuse to test the observed gain and all complete lifecycle fingerprints	2026-09-07T03:18:50+00:00
B020	baseline	1034aa0519aca67a118c83ad644fcaaaa93af1cc	baseline	cpu.preflop.arena_mb	224.552328	Fresh CPU six-seat baseline before runtime-selected wider-vector equity calculation; same 18 iterations and complete arena/EV/gap fingerprints	2026-09-07T03:21:08+00:00
B020	baseline	1034aa0519aca67a118c83ad644fcaaaa93af1cc	baseline	cpu.preflop.check_ms	321.8135	Fresh CPU six-seat baseline before runtime-selected wider-vector equity calculation; same 18 iterations and complete arena/EV/gap fingerprints	2026-09-07T03:21:08+00:00
B020	baseline	1034aa0519aca67a118c83ad644fcaaaa93af1cc	baseline	cpu.preflop.iteration_ms	76.81178	Fresh CPU six-seat baseline before runtime-selected wider-vector equity calculation; same 18 iterations and complete arena/EV/gap fingerprints	2026-09-07T03:21:08+00:00
E020	cpu_solving	42c6ab24335f29442ca874a20922561c209fd9e2	keep	cpu.preflop.arena_mb	224.552328	Runtime AVX2 dispatch widens independent hero-hand lanes with portable fallback and unchanged per-hand multiply/add order	2026-09-07T03:22:32+00:00
E020	cpu_solving	42c6ab24335f29442ca874a20922561c209fd9e2	keep	cpu.preflop.check_ms	297.8852	Runtime AVX2 dispatch widens independent hero-hand lanes with portable fallback and unchanged per-hand multiply/add order	2026-09-07T03:22:32+00:00
E020	cpu_solving	42c6ab24335f29442ca874a20922561c209fd9e2	keep	cpu.preflop.iteration_ms	71.89982	Runtime AVX2 dispatch widens independent hero-hand lanes with portable fallback and unchanged per-hand multiply/add order	2026-09-07T03:22:32+00:00
E020R	cpu_solving	42c6ab24335f29442ca874a20922561c209fd9e2	keep	cpu.preflop.arena_mb	224.552328	Repeat runtime AVX2 dispatch on the frozen six-seat CPU workload, including complete original state fingerprints	2026-09-07T03:23:29+00:00
E020R	cpu_solving	42c6ab24335f29442ca874a20922561c209fd9e2	keep	cpu.preflop.check_ms	312.4436	Repeat runtime AVX2 dispatch on the frozen six-seat CPU workload, including complete original state fingerprints	2026-09-07T03:23:29+00:00
E020R	cpu_solving	42c6ab24335f29442ca874a20922561c209fd9e2	keep	cpu.preflop.iteration_ms	75.61728	Repeat runtime AVX2 dispatch on the frozen six-seat CPU workload, including complete original state fingerprints	2026-09-07T03:23:29+00:00
E020R2	cpu_solving	42c6ab24335f29442ca874a20922561c209fd9e2	keep	cpu.preflop.arena_mb	224.552328	Third AVX2 trial to resolve smaller gain in the second repeat before a fresh portable control	2026-09-07T03:24:46+00:00
E020R2	cpu_solving	42c6ab24335f29442ca874a20922561c209fd9e2	keep	cpu.preflop.check_ms	294.4136	Third AVX2 trial to resolve smaller gain in the second repeat before a fresh portable control	2026-09-07T03:24:46+00:00
E020R2	cpu_solving	42c6ab24335f29442ca874a20922561c209fd9e2	keep	cpu.preflop.iteration_ms	72.4907	Third AVX2 trial to resolve smaller gain in the second repeat before a fresh portable control	2026-09-07T03:24:46+00:00
B021	baseline	c1db0503f180b2ce538478d7c091791d2de85014	baseline	cpu.preflop.arena_mb	224.552328	Fresh portable-equity control to separate AVX2 benefit from CPU timing drift	2026-09-07T03:25:41+00:00
B021	baseline	c1db0503f180b2ce538478d7c091791d2de85014	baseline	cpu.preflop.check_ms	313.432	Fresh portable-equity control to separate AVX2 benefit from CPU timing drift	2026-09-07T03:25:41+00:00
B021	baseline	c1db0503f180b2ce538478d7c091791d2de85014	baseline	cpu.preflop.iteration_ms	75.23492	Fresh portable-equity control to separate AVX2 benefit from CPU timing drift	2026-09-07T03:25:41+00:00
B021R	baseline	c1db0503f180b2ce538478d7c091791d2de85014	baseline	cpu.preflop.arena_mb	224.552328	Repeat portable-equity control for the small AVX2 gain	2026-09-07T03:26:06+00:00
B021R	baseline	c1db0503f180b2ce538478d7c091791d2de85014	baseline	cpu.preflop.check_ms	327.37519999999995	Repeat portable-equity control for the small AVX2 gain	2026-09-07T03:26:06+00:00
B021R	baseline	c1db0503f180b2ce538478d7c091791d2de85014	baseline	cpu.preflop.iteration_ms	78.34725999999999	Repeat portable-equity control for the small AVX2 gain	2026-09-07T03:26:06+00:00
E020R3	cpu_solving	a557aede88743db8efd29f99ef50833847918862	keep	cpu.preflop.arena_mb	224.552328	Final AVX2 paired repeat after portable controls B021 and B021R; exact complete state must remain unchanged	2026-09-07T03:27:04+00:00
E020R3	cpu_solving	a557aede88743db8efd29f99ef50833847918862	keep	cpu.preflop.check_ms	292.77619999999996	Final AVX2 paired repeat after portable controls B021 and B021R; exact complete state must remain unchanged	2026-09-07T03:27:04+00:00
E020R3	cpu_solving	a557aede88743db8efd29f99ef50833847918862	keep	cpu.preflop.iteration_ms	73.3495	Final AVX2 paired repeat after portable controls B021 and B021R; exact complete state must remain unchanged	2026-09-07T03:27:04+00:00
F008	postflop_cuda	a557aede88743db8efd29f99ef50833847918862	keep	postflop.Ks7h2d.init_ms	1000.915	Final timing repeat after combined checks; resolve small river checkpoint outlier and confirm deterministic evaluation values	2026-09-07T03:33:17+00:00
F008	postflop_cuda	a557aede88743db8efd29f99ef50833847918862	keep	postflop.Ks7h2d.iteration_ms	53.089	Final timing repeat after combined checks; resolve small river checkpoint outlier and confirm deterministic evaluation values	2026-09-07T03:33:17+00:00
F008	postflop_cuda	a557aede88743db8efd29f99ef50833847918862	keep	postflop.Ks7h2d.check_ms	33.287	Final timing repeat after combined checks; resolve small river checkpoint outlier and confirm deterministic evaluation values	2026-09-07T03:33:17+00:00
F008	postflop_cuda	a557aede88743db8efd29f99ef50833847918862	keep	postflop.Ks7s2d.init_ms	728.576	Final timing repeat after combined checks; resolve small river checkpoint outlier and confirm deterministic evaluation values	2026-09-07T03:33:17+00:00
F008	postflop_cuda	a557aede88743db8efd29f99ef50833847918862	keep	postflop.Ks7s2d.iteration_ms	31.303	Final timing repeat after combined checks; resolve small river checkpoint outlier and confirm deterministic evaluation values	2026-09-07T03:33:17+00:00
F008	postflop_cuda	a557aede88743db8efd29f99ef50833847918862	keep	postflop.Ks7s2d.check_ms	26.745	Final timing repeat after combined checks; resolve small river checkpoint outlier and confirm deterministic evaluation values	2026-09-07T03:33:17+00:00
F008	postflop_cuda	a557aede88743db8efd29f99ef50833847918862	keep	postflop.Ks7h2dQhTc.init_ms	65.711	Final timing repeat after combined checks; resolve small river checkpoint outlier and confirm deterministic evaluation values	2026-09-07T03:33:17+00:00
F008	postflop_cuda	a557aede88743db8efd29f99ef50833847918862	keep	postflop.Ks7h2dQhTc.iteration_ms	0.295	Final timing repeat after combined checks; resolve small river checkpoint outlier and confirm deterministic evaluation values	2026-09-07T03:33:17+00:00
F008	postflop_cuda	a557aede88743db8efd29f99ef50833847918862	keep	postflop.Ks7h2dQhTc.check_ms	0.555	Final timing repeat after combined checks; resolve small river checkpoint outlier and confirm deterministic evaluation values	2026-09-07T03:33:17+00:00
F009	preflop_cuda	a557aede88743db8efd29f99ef50833847918862	keep	preflop.6.target_seconds	3.2001564	Final time-to-target repeat after all retained changes; six/eight-seat arenas, gaps, EVs and iteration counts must equal original B013	2026-09-07T03:33:54+00:00
F009	preflop_cuda	a557aede88743db8efd29f99ef50833847918862	keep	preflop.8.target_seconds	7.9307805	Final time-to-target repeat after all retained changes; six/eight-seat arenas, gaps, EVs and iteration counts must equal original B013	2026-09-07T03:33:54+00:00
B022	baseline	a557aede88743db8efd29f99ef50833847918862	baseline	preflop.6.allocated_vram_mb	671.08864	Second-pass starting control: retained preflop CUDA throughput, CPU readback and allocated VRAM before removing sigma cache	2026-09-07T04:00:00+00:00
B022	baseline	a557aede88743db8efd29f99ef50833847918862	baseline	preflop.6.build_ms	78.73769999999999	Second-pass starting control: retained preflop CUDA throughput, CPU readback and allocated VRAM before removing sigma cache	2026-09-07T04:00:00+00:00
B022	baseline	a557aede88743db8efd29f99ef50833847918862	baseline	preflop.6.cpu_arena_mb	224.552328	Second-pass starting control: retained preflop CUDA throughput, CPU readback and allocated VRAM before removing sigma cache	2026-09-07T04:00:00+00:00
B022	baseline	a557aede88743db8efd29f99ef50833847918862	baseline	preflop.6.estimated_vram_mb	706.776248	Second-pass starting control: retained preflop CUDA throughput, CPU readback and allocated VRAM before removing sigma cache	2026-09-07T04:00:00+00:00
B022	baseline	a557aede88743db8efd29f99ef50833847918862	baseline	preflop.6.init_ms	137.2215	Second-pass starting control: retained preflop CUDA throughput, CPU readback and allocated VRAM before removing sigma cache	2026-09-07T04:00:00+00:00
B022	baseline	a557aede88743db8efd29f99ef50833847918862	baseline	preflop.8.allocated_vram_mb	1711.276032	Second-pass starting control: retained preflop CUDA throughput, CPU readback and allocated VRAM before removing sigma cache	2026-09-07T04:00:00+00:00
B022	baseline	a557aede88743db8efd29f99ef50833847918862	baseline	preflop.8.build_ms	212.5951	Second-pass starting control: retained preflop CUDA throughput, CPU readback and allocated VRAM before removing sigma cache	2026-09-07T04:00:00+00:00
B022	baseline	a557aede88743db8efd29f99ef50833847918862	baseline	preflop.8.cpu_arena_mb	587.239848	Second-pass starting control: retained preflop CUDA throughput, CPU readback and allocated VRAM before removing sigma cache	2026-09-07T04:00:00+00:00
B022	baseline	a557aede88743db8efd29f99ef50833847918862	baseline	preflop.8.estimated_vram_mb	1750.508472	Second-pass starting control: retained preflop CUDA throughput, CPU readback and allocated VRAM before removing sigma cache	2026-09-07T04:00:00+00:00
B022	baseline	a557aede88743db8efd29f99ef50833847918862	baseline	preflop.8.init_ms	232.1813	Second-pass starting control: retained preflop CUDA throughput, CPU readback and allocated VRAM before removing sigma cache	2026-09-07T04:00:00+00:00
B022	baseline	a557aede88743db8efd29f99ef50833847918862	baseline	preflop.2.iteration_ms	0.084	Second-pass starting control: retained preflop CUDA throughput, CPU readback and allocated VRAM before removing sigma cache	2026-09-07T04:00:00+00:00
B022	baseline	a557aede88743db8efd29f99ef50833847918862	baseline	preflop.2.check_ms	0.294	Second-pass starting control: retained preflop CUDA throughput, CPU readback and allocated VRAM before removing sigma cache	2026-09-07T04:00:00+00:00
B022	baseline	a557aede88743db8efd29f99ef50833847918862	baseline	preflop.2.sync_ms	0.017	Second-pass starting control: retained preflop CUDA throughput, CPU readback and allocated VRAM before removing sigma cache	2026-09-07T04:00:00+00:00
B022	baseline	a557aede88743db8efd29f99ef50833847918862	baseline	preflop.6.iteration_ms	19.437	Second-pass starting control: retained preflop CUDA throughput, CPU readback and allocated VRAM before removing sigma cache	2026-09-07T04:00:00+00:00
B022	baseline	a557aede88743db8efd29f99ef50833847918862	baseline	preflop.6.check_ms	13.014	Second-pass starting control: retained preflop CUDA throughput, CPU readback and allocated VRAM before removing sigma cache	2026-09-07T04:00:00+00:00
B022	baseline	a557aede88743db8efd29f99ef50833847918862	baseline	preflop.6.sync_ms	25.102	Second-pass starting control: retained preflop CUDA throughput, CPU readback and allocated VRAM before removing sigma cache	2026-09-07T04:00:00+00:00
B022	baseline	a557aede88743db8efd29f99ef50833847918862	baseline	preflop.8.iteration_ms	67.243	Second-pass starting control: retained preflop CUDA throughput, CPU readback and allocated VRAM before removing sigma cache	2026-09-07T04:00:00+00:00
B022	baseline	a557aede88743db8efd29f99ef50833847918862	baseline	preflop.8.check_ms	41.56	Second-pass starting control: retained preflop CUDA throughput, CPU readback and allocated VRAM before removing sigma cache	2026-09-07T04:00:00+00:00
B022	baseline	a557aede88743db8efd29f99ef50833847918862	baseline	preflop.8.sync_ms	70.492	Second-pass starting control: retained preflop CUDA throughput, CPU readback and allocated VRAM before removing sigma cache	2026-09-07T04:00:00+00:00
E021	memory_transfers	b0a97dbf15e1149c8f0c0d2c1874c071960c0766	keep	preflop.6.allocated_vram_mb	536.870912	Remove full preflop sigma arena: recompute exact action probabilities before each own-node update, reducing GPU allocation and repeated sigma traffic	2026-09-07T04:02:14+00:00
E021	memory_transfers	b0a97dbf15e1149c8f0c0d2c1874c071960c0766	keep	preflop.6.build_ms	78.2891	Remove full preflop sigma arena: recompute exact action probabilities before each own-node update, reducing GPU allocation and repeated sigma traffic	2026-09-07T04:02:14+00:00
E021	memory_transfers	b0a97dbf15e1149c8f0c0d2c1874c071960c0766	keep	preflop.6.cpu_arena_mb	224.552328	Remove full preflop sigma arena: recompute exact action probabilities before each own-node update, reducing GPU allocation and repeated sigma traffic	2026-09-07T04:02:14+00:00
E021	memory_transfers	b0a97dbf15e1149c8f0c0d2c1874c071960c0766	keep	preflop.6.estimated_vram_mb	594.500084	Remove full preflop sigma arena: recompute exact action probabilities before each own-node update, reducing GPU allocation and repeated sigma traffic	2026-09-07T04:02:14+00:00
E021	memory_transfers	b0a97dbf15e1149c8f0c0d2c1874c071960c0766	keep	preflop.6.init_ms	511.6802	Remove full preflop sigma arena: recompute exact action probabilities before each own-node update, reducing GPU allocation and repeated sigma traffic	2026-09-07T04:02:14+00:00
E021	memory_transfers	b0a97dbf15e1149c8f0c0d2c1874c071960c0766	keep	preflop.8.allocated_vram_mb	1409.286144	Remove full preflop sigma arena: recompute exact action probabilities before each own-node update, reducing GPU allocation and repeated sigma traffic	2026-09-07T04:02:14+00:00
E021	memory_transfers	b0a97dbf15e1149c8f0c0d2c1874c071960c0766	keep	preflop.8.build_ms	213.5309	Remove full preflop sigma arena: recompute exact action probabilities before each own-node update, reducing GPU allocation and repeated sigma traffic	2026-09-07T04:02:14+00:00
E021	memory_transfers	b0a97dbf15e1149c8f0c0d2c1874c071960c0766	keep	preflop.8.cpu_arena_mb	587.239848	Remove full preflop sigma arena: recompute exact action probabilities before each own-node update, reducing GPU allocation and repeated sigma traffic	2026-09-07T04:02:14+00:00
E021	memory_transfers	b0a97dbf15e1149c8f0c0d2c1874c071960c0766	keep	preflop.8.estimated_vram_mb	1456.8885480000001	Remove full preflop sigma arena: recompute exact action probabilities before each own-node update, reducing GPU allocation and repeated sigma traffic	2026-09-07T04:02:14+00:00
E021	memory_transfers	b0a97dbf15e1149c8f0c0d2c1874c071960c0766	keep	preflop.8.init_ms	240.9114	Remove full preflop sigma arena: recompute exact action probabilities before each own-node update, reducing GPU allocation and repeated sigma traffic	2026-09-07T04:02:14+00:00
E021	memory_transfers	b0a97dbf15e1149c8f0c0d2c1874c071960c0766	keep	preflop.2.iteration_ms	0.085	Remove full preflop sigma arena: recompute exact action probabilities before each own-node update, reducing GPU allocation and repeated sigma traffic	2026-09-07T04:02:14+00:00
E021	memory_transfers	b0a97dbf15e1149c8f0c0d2c1874c071960c0766	keep	preflop.2.check_ms	0.304	Remove full preflop sigma arena: recompute exact action probabilities before each own-node update, reducing GPU allocation and repeated sigma traffic	2026-09-07T04:02:14+00:00
E021	memory_transfers	b0a97dbf15e1149c8f0c0d2c1874c071960c0766	keep	preflop.2.sync_ms	0.018	Remove full preflop sigma arena: recompute exact action probabilities before each own-node update, reducing GPU allocation and repeated sigma traffic	2026-09-07T04:02:14+00:00
E021	memory_transfers	b0a97dbf15e1149c8f0c0d2c1874c071960c0766	keep	preflop.6.iteration_ms	18.194	Remove full preflop sigma arena: recompute exact action probabilities before each own-node update, reducing GPU allocation and repeated sigma traffic	2026-09-07T04:02:14+00:00
E021	memory_transfers	b0a97dbf15e1149c8f0c0d2c1874c071960c0766	keep	preflop.6.check_ms	12.885	Remove full preflop sigma arena: recompute exact action probabilities before each own-node update, reducing GPU allocation and repeated sigma traffic	2026-09-07T04:02:14+00:00
E021	memory_transfers	b0a97dbf15e1149c8f0c0d2c1874c071960c0766	keep	preflop.6.sync_ms	24.904	Remove full preflop sigma arena: recompute exact action probabilities before each own-node update, reducing GPU allocation and repeated sigma traffic	2026-09-07T04:02:14+00:00
E021	memory_transfers	b0a97dbf15e1149c8f0c0d2c1874c071960c0766	keep	preflop.8.iteration_ms	63.324	Remove full preflop sigma arena: recompute exact action probabilities before each own-node update, reducing GPU allocation and repeated sigma traffic	2026-09-07T04:02:14+00:00
E021	memory_transfers	b0a97dbf15e1149c8f0c0d2c1874c071960c0766	keep	preflop.8.check_ms	41.641	Remove full preflop sigma arena: recompute exact action probabilities before each own-node update, reducing GPU allocation and repeated sigma traffic	2026-09-07T04:02:14+00:00
E021	memory_transfers	b0a97dbf15e1149c8f0c0d2c1874c071960c0766	keep	preflop.8.sync_ms	71.408	Remove full preflop sigma arena: recompute exact action probabilities before each own-node update, reducing GPU allocation and repeated sigma traffic	2026-09-07T04:02:14+00:00
E021R	memory_transfers	b0a97dbf15e1149c8f0c0d2c1874c071960c0766	keep	preflop.6.allocated_vram_mb	536.870912	Repeat sigma-arena removal: require original complete fingerprints and stable memory reduction, then preflop GPU equivalence and cache/stop unit checks	2026-09-07T04:03:31+00:00
E021R	memory_transfers	b0a97dbf15e1149c8f0c0d2c1874c071960c0766	keep	preflop.6.build_ms	79.5018	Repeat sigma-arena removal: require original complete fingerprints and stable memory reduction, then preflop GPU equivalence and cache/stop unit checks	2026-09-07T04:03:31+00:00
E021R	memory_transfers	b0a97dbf15e1149c8f0c0d2c1874c071960c0766	keep	preflop.6.cpu_arena_mb	224.552328	Repeat sigma-arena removal: require original complete fingerprints and stable memory reduction, then preflop GPU equivalence and cache/stop unit checks	2026-09-07T04:03:31+00:00
E021R	memory_transfers	b0a97dbf15e1149c8f0c0d2c1874c071960c0766	keep	preflop.6.estimated_vram_mb	594.500084	Repeat sigma-arena removal: require original complete fingerprints and stable memory reduction, then preflop GPU equivalence and cache/stop unit checks	2026-09-07T04:03:31+00:00
E021R	memory_transfers	b0a97dbf15e1149c8f0c0d2c1874c071960c0766	keep	preflop.6.init_ms	146.0123	Repeat sigma-arena removal: require original complete fingerprints and stable memory reduction, then preflop GPU equivalence and cache/stop unit checks	2026-09-07T04:03:31+00:00
E021R	memory_transfers	b0a97dbf15e1149c8f0c0d2c1874c071960c0766	keep	preflop.8.allocated_vram_mb	1409.286144	Repeat sigma-arena removal: require original complete fingerprints and stable memory reduction, then preflop GPU equivalence and cache/stop unit checks	2026-09-07T04:03:31+00:00
E021R	memory_transfers	b0a97dbf15e1149c8f0c0d2c1874c071960c0766	keep	preflop.8.build_ms	217.3764	Repeat sigma-arena removal: require original complete fingerprints and stable memory reduction, then preflop GPU equivalence and cache/stop unit checks	2026-09-07T04:03:31+00:00
E021R	memory_transfers	b0a97dbf15e1149c8f0c0d2c1874c071960c0766	keep	preflop.8.cpu_arena_mb	587.239848	Repeat sigma-arena removal: require original complete fingerprints and stable memory reduction, then preflop GPU equivalence and cache/stop unit checks	2026-09-07T04:03:31+00:00
E021R	memory_transfers	b0a97dbf15e1149c8f0c0d2c1874c071960c0766	keep	preflop.8.estimated_vram_mb	1456.8885480000001	Repeat sigma-arena removal: require original complete fingerprints and stable memory reduction, then preflop GPU equivalence and cache/stop unit checks	2026-09-07T04:03:31+00:00
E021R	memory_transfers	b0a97dbf15e1149c8f0c0d2c1874c071960c0766	keep	preflop.8.init_ms	234.6397	Repeat sigma-arena removal: require original complete fingerprints and stable memory reduction, then preflop GPU equivalence and cache/stop unit checks	2026-09-07T04:03:31+00:00
E021R	memory_transfers	b0a97dbf15e1149c8f0c0d2c1874c071960c0766	keep	preflop.2.iteration_ms	0.085	Repeat sigma-arena removal: require original complete fingerprints and stable memory reduction, then preflop GPU equivalence and cache/stop unit checks	2026-09-07T04:03:31+00:00
E021R	memory_transfers	b0a97dbf15e1149c8f0c0d2c1874c071960c0766	keep	preflop.2.check_ms	0.285	Repeat sigma-arena removal: require original complete fingerprints and stable memory reduction, then preflop GPU equivalence and cache/stop unit checks	2026-09-07T04:03:31+00:00
E021R	memory_transfers	b0a97dbf15e1149c8f0c0d2c1874c071960c0766	keep	preflop.2.sync_ms	0.017	Repeat sigma-arena removal: require original complete fingerprints and stable memory reduction, then preflop GPU equivalence and cache/stop unit checks	2026-09-07T04:03:31+00:00
E021R	memory_transfers	b0a97dbf15e1149c8f0c0d2c1874c071960c0766	keep	preflop.6.iteration_ms	18.12	Repeat sigma-arena removal: require original complete fingerprints and stable memory reduction, then preflop GPU equivalence and cache/stop unit checks	2026-09-07T04:03:31+00:00
E021R	memory_transfers	b0a97dbf15e1149c8f0c0d2c1874c071960c0766	keep	preflop.6.check_ms	12.998	Repeat sigma-arena removal: require original complete fingerprints and stable memory reduction, then preflop GPU equivalence and cache/stop unit checks	2026-09-07T04:03:31+00:00
E021R	memory_transfers	b0a97dbf15e1149c8f0c0d2c1874c071960c0766	keep	preflop.6.sync_ms	24.96	Repeat sigma-arena removal: require original complete fingerprints and stable memory reduction, then preflop GPU equivalence and cache/stop unit checks	2026-09-07T04:03:31+00:00
E021R	memory_transfers	b0a97dbf15e1149c8f0c0d2c1874c071960c0766	keep	preflop.8.iteration_ms	63.133	Repeat sigma-arena removal: require original complete fingerprints and stable memory reduction, then preflop GPU equivalence and cache/stop unit checks	2026-09-07T04:03:31+00:00
E021R	memory_transfers	b0a97dbf15e1149c8f0c0d2c1874c071960c0766	keep	preflop.8.check_ms	41.037	Repeat sigma-arena removal: require original complete fingerprints and stable memory reduction, then preflop GPU equivalence and cache/stop unit checks	2026-09-07T04:03:31+00:00
E021R	memory_transfers	b0a97dbf15e1149c8f0c0d2c1874c071960c0766	keep	preflop.8.sync_ms	66.701	Repeat sigma-arena removal: require original complete fingerprints and stable memory reduction, then preflop GPU equivalence and cache/stop unit checks	2026-09-07T04:03:31+00:00
B023	postflop_cuda	9c8a21fe870e8c1b831bee88941eed56a67dbbb7	baseline	postflop.Ks7h2d.init_ms	1035.113	Fresh postflop action-kernel control on retained sigma-free preflop code	2026-09-07T04:09:10+00:00
B023	postflop_cuda	9c8a21fe870e8c1b831bee88941eed56a67dbbb7	baseline	postflop.Ks7h2d.iteration_ms	57.573	Fresh postflop action-kernel control on retained sigma-free preflop code	2026-09-07T04:09:10+00:00
B023	postflop_cuda	9c8a21fe870e8c1b831bee88941eed56a67dbbb7	baseline	postflop.Ks7h2d.check_ms	36.387	Fresh postflop action-kernel control on retained sigma-free preflop code	2026-09-07T04:09:10+00:00
B023	postflop_cuda	9c8a21fe870e8c1b831bee88941eed56a67dbbb7	baseline	postflop.Ks7s2d.init_ms	745.932	Fresh postflop action-kernel control on retained sigma-free preflop code	2026-09-07T04:09:10+00:00
B023	postflop_cuda	9c8a21fe870e8c1b831bee88941eed56a67dbbb7	baseline	postflop.Ks7s2d.iteration_ms	34.151	Fresh postflop action-kernel control on retained sigma-free preflop code	2026-09-07T04:09:10+00:00
B023	postflop_cuda	9c8a21fe870e8c1b831bee88941eed56a67dbbb7	baseline	postflop.Ks7s2d.check_ms	29.432	Fresh postflop action-kernel control on retained sigma-free preflop code	2026-09-07T04:09:10+00:00
B023	postflop_cuda	9c8a21fe870e8c1b831bee88941eed56a67dbbb7	baseline	postflop.Ks7h2dQhTc.init_ms	69.231	Fresh postflop action-kernel control on retained sigma-free preflop code	2026-09-07T04:09:10+00:00
B023	postflop_cuda	9c8a21fe870e8c1b831bee88941eed56a67dbbb7	baseline	postflop.Ks7h2dQhTc.iteration_ms	0.32	Fresh postflop action-kernel control on retained sigma-free preflop code	2026-09-07T04:09:10+00:00
B023	postflop_cuda	9c8a21fe870e8c1b831bee88941eed56a67dbbb7	baseline	postflop.Ks7h2dQhTc.check_ms	0.579	Fresh postflop action-kernel control on retained sigma-free preflop code	2026-09-07T04:09:10+00:00
E022	postflop_cuda	cb6f9d45cdc3c972a6e6fd447d9cd473faf1faf9	keep	postflop.Ks7h2d.init_ms	1030.811	Specialize two/three/four-action up sweeps to keep private regret/value caches in registers without changing sum order	2026-09-07T04:11:52+00:00
E022	postflop_cuda	cb6f9d45cdc3c972a6e6fd447d9cd473faf1faf9	keep	postflop.Ks7h2d.iteration_ms	54.49	Specialize two/three/four-action up sweeps to keep private regret/value caches in registers without changing sum order	2026-09-07T04:11:52+00:00
E022	postflop_cuda	cb6f9d45cdc3c972a6e6fd447d9cd473faf1faf9	keep	postflop.Ks7h2d.check_ms	35.871	Specialize two/three/four-action up sweeps to keep private regret/value caches in registers without changing sum order	2026-09-07T04:11:52+00:00
E022	postflop_cuda	cb6f9d45cdc3c972a6e6fd447d9cd473faf1faf9	keep	postflop.Ks7s2d.init_ms	724.568	Specialize two/three/four-action up sweeps to keep private regret/value caches in registers without changing sum order	2026-09-07T04:11:52+00:00
E022	postflop_cuda	cb6f9d45cdc3c972a6e6fd447d9cd473faf1faf9	keep	postflop.Ks7s2d.iteration_ms	32.618	Specialize two/three/four-action up sweeps to keep private regret/value caches in registers without changing sum order	2026-09-07T04:11:52+00:00
E022	postflop_cuda	cb6f9d45cdc3c972a6e6fd447d9cd473faf1faf9	keep	postflop.Ks7s2d.check_ms	29.48	Specialize two/three/four-action up sweeps to keep private regret/value caches in registers without changing sum order	2026-09-07T04:11:52+00:00
E022	postflop_cuda	cb6f9d45cdc3c972a6e6fd447d9cd473faf1faf9	keep	postflop.Ks7h2dQhTc.init_ms	65.858	Specialize two/three/four-action up sweeps to keep private regret/value caches in registers without changing sum order	2026-09-07T04:11:52+00:00
E022	postflop_cuda	cb6f9d45cdc3c972a6e6fd447d9cd473faf1faf9	keep	postflop.Ks7h2dQhTc.iteration_ms	0.304	Specialize two/three/four-action up sweeps to keep private regret/value caches in registers without changing sum order	2026-09-07T04:11:52+00:00
E022	postflop_cuda	cb6f9d45cdc3c972a6e6fd447d9cd473faf1faf9	keep	postflop.Ks7h2dQhTc.check_ms	0.561	Specialize two/three/four-action up sweeps to keep private regret/value caches in registers without changing sum order	2026-09-07T04:11:52+00:00
E022R	postflop_cuda	ffd03bf27593881bdc3c3ad36d032b147a89a6f5	keep	postflop.Ks7h2d.init_ms	1015.54	Repeat action specialization timings and run full GPU regressions; establish broad pre-compaction readback/resume fingerprints	2026-09-07T04:14:28+00:00
E022R	postflop_cuda	ffd03bf27593881bdc3c3ad36d032b147a89a6f5	keep	postflop.Ks7h2d.iteration_ms	54.53	Repeat action specialization timings and run full GPU regressions; establish broad pre-compaction readback/resume fingerprints	2026-09-07T04:14:28+00:00
E022R	postflop_cuda	ffd03bf27593881bdc3c3ad36d032b147a89a6f5	keep	postflop.Ks7h2d.check_ms	35.839	Repeat action specialization timings and run full GPU regressions; establish broad pre-compaction readback/resume fingerprints	2026-09-07T04:14:28+00:00
E022R	postflop_cuda	ffd03bf27593881bdc3c3ad36d032b147a89a6f5	keep	postflop.Ks7s2d.init_ms	733.515	Repeat action specialization timings and run full GPU regressions; establish broad pre-compaction readback/resume fingerprints	2026-09-07T04:14:28+00:00
E022R	postflop_cuda	ffd03bf27593881bdc3c3ad36d032b147a89a6f5	keep	postflop.Ks7s2d.iteration_ms	32.663	Repeat action specialization timings and run full GPU regressions; establish broad pre-compaction readback/resume fingerprints	2026-09-07T04:14:28+00:00
E022R	postflop_cuda	ffd03bf27593881bdc3c3ad36d032b147a89a6f5	keep	postflop.Ks7s2d.check_ms	29.671	Repeat action specialization timings and run full GPU regressions; establish broad pre-compaction readback/resume fingerprints	2026-09-07T04:14:28+00:00
E022R	postflop_cuda	ffd03bf27593881bdc3c3ad36d032b147a89a6f5	keep	postflop.Ks7h2dQhTc.init_ms	73.155	Repeat action specialization timings and run full GPU regressions; establish broad pre-compaction readback/resume fingerprints	2026-09-07T04:14:28+00:00
E022R	postflop_cuda	ffd03bf27593881bdc3c3ad36d032b147a89a6f5	keep	postflop.Ks7h2dQhTc.iteration_ms	0.307	Repeat action specialization timings and run full GPU regressions; establish broad pre-compaction readback/resume fingerprints	2026-09-07T04:14:28+00:00
E022R	postflop_cuda	ffd03bf27593881bdc3c3ad36d032b147a89a6f5	keep	postflop.Ks7h2dQhTc.check_ms	0.722	Repeat action specialization timings and run full GPU regressions; establish broad pre-compaction readback/resume fingerprints	2026-09-07T04:14:28+00:00
E023	postflop_cuda	7d72ebd40006e0a1ae3689e7fc31a99290d66311	keep	postflop.Ks7h2d.init_ms	1030.994	Specialize two/three/four-action reach propagation to eliminate dynamic local cache and accelerate both iterations and checks	2026-09-07T04:16:30+00:00
E023	postflop_cuda	7d72ebd40006e0a1ae3689e7fc31a99290d66311	keep	postflop.Ks7h2d.iteration_ms	52.084	Specialize two/three/four-action reach propagation to eliminate dynamic local cache and accelerate both iterations and checks	2026-09-07T04:16:30+00:00
E023	postflop_cuda	7d72ebd40006e0a1ae3689e7fc31a99290d66311	keep	postflop.Ks7h2d.check_ms	34.969	Specialize two/three/four-action reach propagation to eliminate dynamic local cache and accelerate both iterations and checks	2026-09-07T04:16:30+00:00
E023	postflop_cuda	7d72ebd40006e0a1ae3689e7fc31a99290d66311	keep	postflop.Ks7s2d.init_ms	677.237	Specialize two/three/four-action reach propagation to eliminate dynamic local cache and accelerate both iterations and checks	2026-09-07T04:16:30+00:00
E023	postflop_cuda	7d72ebd40006e0a1ae3689e7fc31a99290d66311	keep	postflop.Ks7s2d.iteration_ms	31.235	Specialize two/three/four-action reach propagation to eliminate dynamic local cache and accelerate both iterations and checks	2026-09-07T04:16:30+00:00
E023	postflop_cuda	7d72ebd40006e0a1ae3689e7fc31a99290d66311	keep	postflop.Ks7s2d.check_ms	28.881	Specialize two/three/four-action reach propagation to eliminate dynamic local cache and accelerate both iterations and checks	2026-09-07T04:16:30+00:00
E023	postflop_cuda	7d72ebd40006e0a1ae3689e7fc31a99290d66311	keep	postflop.Ks7h2dQhTc.init_ms	76.76	Specialize two/three/four-action reach propagation to eliminate dynamic local cache and accelerate both iterations and checks	2026-09-07T04:16:30+00:00
E023	postflop_cuda	7d72ebd40006e0a1ae3689e7fc31a99290d66311	keep	postflop.Ks7h2dQhTc.iteration_ms	0.273	Specialize two/three/four-action reach propagation to eliminate dynamic local cache and accelerate both iterations and checks	2026-09-07T04:16:30+00:00
E023	postflop_cuda	7d72ebd40006e0a1ae3689e7fc31a99290d66311	keep	postflop.Ks7h2dQhTc.check_ms	0.571	Specialize two/three/four-action reach propagation to eliminate dynamic local cache and accelerate both iterations and checks	2026-09-07T04:16:30+00:00
B025	postflop_cuda	2b111e836f03789ae043215ed57cf8d3b730228d	baseline	postflop.Ks7h2d.init_ms	1063.286	Fresh original action-kernel timings and 1/2/3/4/5/11-action DCFR/CFR+ state reference before comparing both specializations	2026-09-07T04:18:17+00:00
B025	postflop_cuda	2b111e836f03789ae043215ed57cf8d3b730228d	baseline	postflop.Ks7h2d.iteration_ms	58.213	Fresh original action-kernel timings and 1/2/3/4/5/11-action DCFR/CFR+ state reference before comparing both specializations	2026-09-07T04:18:17+00:00
B025	postflop_cuda	2b111e836f03789ae043215ed57cf8d3b730228d	baseline	postflop.Ks7h2d.check_ms	35.708	Fresh original action-kernel timings and 1/2/3/4/5/11-action DCFR/CFR+ state reference before comparing both specializations	2026-09-07T04:18:17+00:00
B025	postflop_cuda	2b111e836f03789ae043215ed57cf8d3b730228d	baseline	postflop.Ks7s2d.init_ms	733.486	Fresh original action-kernel timings and 1/2/3/4/5/11-action DCFR/CFR+ state reference before comparing both specializations	2026-09-07T04:18:17+00:00
B025	postflop_cuda	2b111e836f03789ae043215ed57cf8d3b730228d	baseline	postflop.Ks7s2d.iteration_ms	34.09	Fresh original action-kernel timings and 1/2/3/4/5/11-action DCFR/CFR+ state reference before comparing both specializations	2026-09-07T04:18:17+00:00
B025	postflop_cuda	2b111e836f03789ae043215ed57cf8d3b730228d	baseline	postflop.Ks7s2d.check_ms	28.705	Fresh original action-kernel timings and 1/2/3/4/5/11-action DCFR/CFR+ state reference before comparing both specializations	2026-09-07T04:18:17+00:00
B025	postflop_cuda	2b111e836f03789ae043215ed57cf8d3b730228d	baseline	postflop.Ks7h2dQhTc.init_ms	63.589	Fresh original action-kernel timings and 1/2/3/4/5/11-action DCFR/CFR+ state reference before comparing both specializations	2026-09-07T04:18:17+00:00
B025	postflop_cuda	2b111e836f03789ae043215ed57cf8d3b730228d	baseline	postflop.Ks7h2dQhTc.iteration_ms	0.321	Fresh original action-kernel timings and 1/2/3/4/5/11-action DCFR/CFR+ state reference before comparing both specializations	2026-09-07T04:18:17+00:00
B025	postflop_cuda	2b111e836f03789ae043215ed57cf8d3b730228d	baseline	postflop.Ks7h2dQhTc.check_ms	0.596	Fresh original action-kernel timings and 1/2/3/4/5/11-action DCFR/CFR+ state reference before comparing both specializations	2026-09-07T04:18:17+00:00
E023R	postflop_cuda	1d86527a33d981047da841a5b83aff4a0939430e	keep	postflop.Ks7h2d.iso.allocated_vram_mb	6241.124352	Repeat both action specializations against fresh original control; exact common/generic-menu and CFR+ checks; pre-compaction capacity reference	2026-09-07T04:20:03+00:00
E023R	postflop_cuda	1d86527a33d981047da841a5b83aff4a0939430e	keep	postflop.Ks7h2d.iso.estimated_vram_mb	6716.6347	Repeat both action specializations against fresh original control; exact common/generic-menu and CFR+ checks; pre-compaction capacity reference	2026-09-07T04:20:03+00:00
E023R	postflop_cuda	1d86527a33d981047da841a5b83aff4a0939430e	keep	postflop.Ks7h2d.iso.init_ms	854.3783999999999	Repeat both action specializations against fresh original control; exact common/generic-menu and CFR+ checks; pre-compaction capacity reference	2026-09-07T04:20:03+00:00
E023R	postflop_cuda	1d86527a33d981047da841a5b83aff4a0939430e	keep	postflop.Ks7h2d.iso.plan_build_ms	105.9177	Repeat both action specializations against fresh original control; exact common/generic-menu and CFR+ checks; pre-compaction capacity reference	2026-09-07T04:20:03+00:00
E023R	postflop_cuda	1d86527a33d981047da841a5b83aff4a0939430e	keep	postflop.Ks7h2d.iso.staging_memory_mb	3380.293588	Repeat both action specializations against fresh original control; exact common/generic-menu and CFR+ checks; pre-compaction capacity reference	2026-09-07T04:20:03+00:00
E023R	postflop_cuda	1d86527a33d981047da841a5b83aff4a0939430e	keep	postflop.Ks7s2d.iso.allocated_vram_mb	4932.501504	Repeat both action specializations against fresh original control; exact common/generic-menu and CFR+ checks; pre-compaction capacity reference	2026-09-07T04:20:03+00:00
E023R	postflop_cuda	1d86527a33d981047da841a5b83aff4a0939430e	keep	postflop.Ks7s2d.iso.estimated_vram_mb	6737.546704	Repeat both action specializations against fresh original control; exact common/generic-menu and CFR+ checks; pre-compaction capacity reference	2026-09-07T04:20:03+00:00
E023R	postflop_cuda	1d86527a33d981047da841a5b83aff4a0939430e	keep	postflop.Ks7s2d.iso.init_ms	674.3261	Repeat both action specializations against fresh original control; exact common/generic-menu and CFR+ checks; pre-compaction capacity reference	2026-09-07T04:20:03+00:00
E023R	postflop_cuda	1d86527a33d981047da841a5b83aff4a0939430e	keep	postflop.Ks7s2d.iso.plan_build_ms	106.6646	Repeat both action specializations against fresh original control; exact common/generic-menu and CFR+ checks; pre-compaction capacity reference	2026-09-07T04:20:03+00:00
E023R	postflop_cuda	1d86527a33d981047da841a5b83aff4a0939430e	keep	postflop.Ks7s2d.iso.staging_memory_mb	2063.622928	Repeat both action specializations against fresh original control; exact common/generic-menu and CFR+ checks; pre-compaction capacity reference	2026-09-07T04:20:03+00:00
E023R	postflop_cuda	1d86527a33d981047da841a5b83aff4a0939430e	keep	postflop.Ks7s2d.full.allocated_vram_mb	6274.678784	Repeat both action specializations against fresh original control; exact common/generic-menu and CFR+ checks; pre-compaction capacity reference	2026-09-07T04:20:03+00:00
E023R	postflop_cuda	1d86527a33d981047da841a5b83aff4a0939430e	keep	postflop.Ks7s2d.full.estimated_vram_mb	6737.546704	Repeat both action specializations against fresh original control; exact common/generic-menu and CFR+ checks; pre-compaction capacity reference	2026-09-07T04:20:03+00:00
E023R	postflop_cuda	1d86527a33d981047da841a5b83aff4a0939430e	keep	postflop.Ks7s2d.full.init_ms	605.7013	Repeat both action specializations against fresh original control; exact common/generic-menu and CFR+ checks; pre-compaction capacity reference	2026-09-07T04:20:03+00:00
E023R	postflop_cuda	1d86527a33d981047da841a5b83aff4a0939430e	keep	postflop.Ks7s2d.full.plan_build_ms	100.3169	Repeat both action specializations against fresh original control; exact common/generic-menu and CFR+ checks; pre-compaction capacity reference	2026-09-07T04:20:03+00:00
E023R	postflop_cuda	1d86527a33d981047da841a5b83aff4a0939430e	keep	postflop.Ks7s2d.full.staging_memory_mb	3391.473816	Repeat both action specializations against fresh original control; exact common/generic-menu and CFR+ checks; pre-compaction capacity reference	2026-09-07T04:20:03+00:00
E023R	postflop_cuda	1d86527a33d981047da841a5b83aff4a0939430e	keep	postflop.Ks7h2d.init_ms	1058.969	Repeat both action specializations against fresh original control; exact common/generic-menu and CFR+ checks; pre-compaction capacity reference	2026-09-07T04:20:03+00:00
E023R	postflop_cuda	1d86527a33d981047da841a5b83aff4a0939430e	keep	postflop.Ks7h2d.iteration_ms	51.82	Repeat both action specializations against fresh original control; exact common/generic-menu and CFR+ checks; pre-compaction capacity reference	2026-09-07T04:20:03+00:00
E023R	postflop_cuda	1d86527a33d981047da841a5b83aff4a0939430e	keep	postflop.Ks7h2d.check_ms	34.853	Repeat both action specializations against fresh original control; exact common/generic-menu and CFR+ checks; pre-compaction capacity reference	2026-09-07T04:20:03+00:00
E023R	postflop_cuda	1d86527a33d981047da841a5b83aff4a0939430e	keep	postflop.Ks7s2d.init_ms	643.856	Repeat both action specializations against fresh original control; exact common/generic-menu and CFR+ checks; pre-compaction capacity reference	2026-09-07T04:20:03+00:00
E023R	postflop_cuda	1d86527a33d981047da841a5b83aff4a0939430e	keep	postflop.Ks7s2d.iteration_ms	31.797	Repeat both action specializations against fresh original control; exact common/generic-menu and CFR+ checks; pre-compaction capacity reference	2026-09-07T04:20:03+00:00
E023R	postflop_cuda	1d86527a33d981047da841a5b83aff4a0939430e	keep	postflop.Ks7s2d.check_ms	29.15	Repeat both action specializations against fresh original control; exact common/generic-menu and CFR+ checks; pre-compaction capacity reference	2026-09-07T04:20:03+00:00
E023R	postflop_cuda	1d86527a33d981047da841a5b83aff4a0939430e	keep	postflop.Ks7h2dQhTc.init_ms	125.861	Repeat both action specializations against fresh original control; exact common/generic-menu and CFR+ checks; pre-compaction capacity reference	2026-09-07T04:20:03+00:00
E023R	postflop_cuda	1d86527a33d981047da841a5b83aff4a0939430e	keep	postflop.Ks7h2dQhTc.iteration_ms	0.259	Repeat both action specializations against fresh original control; exact common/generic-menu and CFR+ checks; pre-compaction capacity reference	2026-09-07T04:20:03+00:00
E023R	postflop_cuda	1d86527a33d981047da841a5b83aff4a0939430e	keep	postflop.Ks7h2dQhTc.check_ms	1.246	Repeat both action specializations against fresh original control; exact common/generic-menu and CFR+ checks; pre-compaction capacity reference	2026-09-07T04:20:03+00:00
E024A	memory_transfers	8564c2ac941068aba87ceaa25f38504b4bfd4d35	discard	postflop.Ks7h2d.iso.allocated_vram_mb	6174.015488	Correct stream receiver and test compact postflop action arenas against frozen raw storage, save, query, EV and resume controls	2026-09-07T04:23:27+00:00
E024A	memory_transfers	8564c2ac941068aba87ceaa25f38504b4bfd4d35	discard	postflop.Ks7h2d.iso.estimated_vram_mb	6716.6347	Correct stream receiver and test compact postflop action arenas against frozen raw storage, save, query, EV and resume controls	2026-09-07T04:23:27+00:00
E024A	memory_transfers	8564c2ac941068aba87ceaa25f38504b4bfd4d35	discard	postflop.Ks7h2d.iso.init_ms	1370.1408	Correct stream receiver and test compact postflop action arenas against frozen raw storage, save, query, EV and resume controls	2026-09-07T04:23:27+00:00
E024A	memory_transfers	8564c2ac941068aba87ceaa25f38504b4bfd4d35	discard	postflop.Ks7h2d.iso.plan_build_ms	103.4734	Correct stream receiver and test compact postflop action arenas against frozen raw storage, save, query, EV and resume controls	2026-09-07T04:23:27+00:00
E024A	memory_transfers	8564c2ac941068aba87ceaa25f38504b4bfd4d35	discard	postflop.Ks7h2d.iso.staging_memory_mb	3380.293588	Correct stream receiver and test compact postflop action arenas against frozen raw storage, save, query, EV and resume controls	2026-09-07T04:23:27+00:00
E024A	memory_transfers	8564c2ac941068aba87ceaa25f38504b4bfd4d35	discard	postflop.Ks7s2d.iso.allocated_vram_mb	3825.205248	Correct stream receiver and test compact postflop action arenas against frozen raw storage, save, query, EV and resume controls	2026-09-07T04:23:27+00:00
E024A	memory_transfers	8564c2ac941068aba87ceaa25f38504b4bfd4d35	discard	postflop.Ks7s2d.iso.estimated_vram_mb	6737.546704	Correct stream receiver and test compact postflop action arenas against frozen raw storage, save, query, EV and resume controls	2026-09-07T04:23:27+00:00
E024A	memory_transfers	8564c2ac941068aba87ceaa25f38504b4bfd4d35	discard	postflop.Ks7s2d.iso.init_ms	1091.8238000000001	Correct stream receiver and test compact postflop action arenas against frozen raw storage, save, query, EV and resume controls	2026-09-07T04:23:27+00:00
E024A	memory_transfers	8564c2ac941068aba87ceaa25f38504b4bfd4d35	discard	postflop.Ks7s2d.iso.plan_build_ms	76.9345	Correct stream receiver and test compact postflop action arenas against frozen raw storage, save, query, EV and resume controls	2026-09-07T04:23:27+00:00
E024A	memory_transfers	8564c2ac941068aba87ceaa25f38504b4bfd4d35	discard	postflop.Ks7s2d.iso.staging_memory_mb	2063.622928	Correct stream receiver and test compact postflop action arenas against frozen raw storage, save, query, EV and resume controls	2026-09-07T04:23:27+00:00
E024A	memory_transfers	8564c2ac941068aba87ceaa25f38504b4bfd4d35	discard	postflop.Ks7s2d.full.allocated_vram_mb	6207.56992	Correct stream receiver and test compact postflop action arenas against frozen raw storage, save, query, EV and resume controls	2026-09-07T04:23:27+00:00
E024A	memory_transfers	8564c2ac941068aba87ceaa25f38504b4bfd4d35	discard	postflop.Ks7s2d.full.estimated_vram_mb	6737.546704	Correct stream receiver and test compact postflop action arenas against frozen raw storage, save, query, EV and resume controls	2026-09-07T04:23:27+00:00
E024A	memory_transfers	8564c2ac941068aba87ceaa25f38504b4bfd4d35	discard	postflop.Ks7s2d.full.init_ms	1287.3741	Correct stream receiver and test compact postflop action arenas against frozen raw storage, save, query, EV and resume controls	2026-09-07T04:23:27+00:00
E024A	memory_transfers	8564c2ac941068aba87ceaa25f38504b4bfd4d35	discard	postflop.Ks7s2d.full.plan_build_ms	105.18610000000001	Correct stream receiver and test compact postflop action arenas against frozen raw storage, save, query, EV and resume controls	2026-09-07T04:23:27+00:00
E024A	memory_transfers	8564c2ac941068aba87ceaa25f38504b4bfd4d35	discard	postflop.Ks7s2d.full.staging_memory_mb	3391.473816	Correct stream receiver and test compact postflop action arenas against frozen raw storage, save, query, EV and resume controls	2026-09-07T04:23:27+00:00
E024A	memory_transfers	8564c2ac941068aba87ceaa25f38504b4bfd4d35	discard	postflop.Ks7h2d.init_ms	1603.856	Correct stream receiver and test compact postflop action arenas against frozen raw storage, save, query, EV and resume controls	2026-09-07T04:23:27+00:00
E024A	memory_transfers	8564c2ac941068aba87ceaa25f38504b4bfd4d35	discard	postflop.Ks7h2d.iteration_ms	52.02	Correct stream receiver and test compact postflop action arenas against frozen raw storage, save, query, EV and resume controls	2026-09-07T04:23:27+00:00
E024A	memory_transfers	8564c2ac941068aba87ceaa25f38504b4bfd4d35	discard	postflop.Ks7h2d.check_ms	34.724	Correct stream receiver and test compact postflop action arenas against frozen raw storage, save, query, EV and resume controls	2026-09-07T04:23:27+00:00
E024A	memory_transfers	8564c2ac941068aba87ceaa25f38504b4bfd4d35	discard	postflop.Ks7s2d.init_ms	1089.805	Correct stream receiver and test compact postflop action arenas against frozen raw storage, save, query, EV and resume controls	2026-09-07T04:23:27+00:00
E024A	memory_transfers	8564c2ac941068aba87ceaa25f38504b4bfd4d35	discard	postflop.Ks7s2d.iteration_ms	31.309	Correct stream receiver and test compact postflop action arenas against frozen raw storage, save, query, EV and resume controls	2026-09-07T04:23:27+00:00
E024A	memory_transfers	8564c2ac941068aba87ceaa25f38504b4bfd4d35	discard	postflop.Ks7s2d.check_ms	28.734	Correct stream receiver and test compact postflop action arenas against frozen raw storage, save, query, EV and resume controls	2026-09-07T04:23:27+00:00
E024A	memory_transfers	8564c2ac941068aba87ceaa25f38504b4bfd4d35	discard	postflop.Ks7h2dQhTc.init_ms	70.046	Correct stream receiver and test compact postflop action arenas against frozen raw storage, save, query, EV and resume controls	2026-09-07T04:23:27+00:00
E024A	memory_transfers	8564c2ac941068aba87ceaa25f38504b4bfd4d35	discard	postflop.Ks7h2dQhTc.iteration_ms	0.288	Correct stream receiver and test compact postflop action arenas against frozen raw storage, save, query, EV and resume controls	2026-09-07T04:23:27+00:00
E024A	memory_transfers	8564c2ac941068aba87ceaa25f38504b4bfd4d35	discard	postflop.Ks7h2dQhTc.check_ms	0.623	Correct stream receiver and test compact postflop action arenas against frozen raw storage, save, query, EV and resume controls	2026-09-07T04:23:27+00:00
E024B	memory_transfers	e274391f6fe54ba1a0fcfcf28349c8d7f89a9219	discard	postflop.Ks7h2d.iso.allocated_vram_mb	6241.124352	Use packed action arenas only when at least five percent of action elements are inactive; recover direct-upload latency on rainbow and no-isomorphism controls	2026-09-07T04:26:31+00:00
E024B	memory_transfers	e274391f6fe54ba1a0fcfcf28349c8d7f89a9219	discard	postflop.Ks7h2d.iso.estimated_vram_mb	6716.6347	Use packed action arenas only when at least five percent of action elements are inactive; recover direct-upload latency on rainbow and no-isomorphism controls	2026-09-07T04:26:31+00:00
E024B	memory_transfers	e274391f6fe54ba1a0fcfcf28349c8d7f89a9219	discard	postflop.Ks7h2d.iso.init_ms	871.0727	Use packed action arenas only when at least five percent of action elements are inactive; recover direct-upload latency on rainbow and no-isomorphism controls	2026-09-07T04:26:31+00:00
E024B	memory_transfers	e274391f6fe54ba1a0fcfcf28349c8d7f89a9219	discard	postflop.Ks7h2d.iso.plan_build_ms	102.9614	Use packed action arenas only when at least five percent of action elements are inactive; recover direct-upload latency on rainbow and no-isomorphism controls	2026-09-07T04:26:31+00:00
E024B	memory_transfers	e274391f6fe54ba1a0fcfcf28349c8d7f89a9219	discard	postflop.Ks7h2d.iso.staging_memory_mb	3380.293588	Use packed action arenas only when at least five percent of action elements are inactive; recover direct-upload latency on rainbow and no-isomorphism controls	2026-09-07T04:26:31+00:00
E024B	memory_transfers	e274391f6fe54ba1a0fcfcf28349c8d7f89a9219	discard	postflop.Ks7s2d.iso.allocated_vram_mb	3825.205248	Use packed action arenas only when at least five percent of action elements are inactive; recover direct-upload latency on rainbow and no-isomorphism controls	2026-09-07T04:26:31+00:00
E024B	memory_transfers	e274391f6fe54ba1a0fcfcf28349c8d7f89a9219	discard	postflop.Ks7s2d.iso.estimated_vram_mb	6737.546704	Use packed action arenas only when at least five percent of action elements are inactive; recover direct-upload latency on rainbow and no-isomorphism controls	2026-09-07T04:26:31+00:00
E024B	memory_transfers	e274391f6fe54ba1a0fcfcf28349c8d7f89a9219	discard	postflop.Ks7s2d.iso.init_ms	944.487	Use packed action arenas only when at least five percent of action elements are inactive; recover direct-upload latency on rainbow and no-isomorphism controls	2026-09-07T04:26:31+00:00
E024B	memory_transfers	e274391f6fe54ba1a0fcfcf28349c8d7f89a9219	discard	postflop.Ks7s2d.iso.plan_build_ms	100.2709	Use packed action arenas only when at least five percent of action elements are inactive; recover direct-upload latency on rainbow and no-isomorphism controls	2026-09-07T04:26:31+00:00
E024B	memory_transfers	e274391f6fe54ba1a0fcfcf28349c8d7f89a9219	discard	postflop.Ks7s2d.iso.staging_memory_mb	2063.622928	Use packed action arenas only when at least five percent of action elements are inactive; recover direct-upload latency on rainbow and no-isomorphism controls	2026-09-07T04:26:31+00:00
E024B	memory_transfers	e274391f6fe54ba1a0fcfcf28349c8d7f89a9219	discard	postflop.Ks7s2d.full.allocated_vram_mb	6274.678784	Use packed action arenas only when at least five percent of action elements are inactive; recover direct-upload latency on rainbow and no-isomorphism controls	2026-09-07T04:26:31+00:00
E024B	memory_transfers	e274391f6fe54ba1a0fcfcf28349c8d7f89a9219	discard	postflop.Ks7s2d.full.estimated_vram_mb	6737.546704	Use packed action arenas only when at least five percent of action elements are inactive; recover direct-upload latency on rainbow and no-isomorphism controls	2026-09-07T04:26:31+00:00
E024B	memory_transfers	e274391f6fe54ba1a0fcfcf28349c8d7f89a9219	discard	postflop.Ks7s2d.full.init_ms	643.1247	Use packed action arenas only when at least five percent of action elements are inactive; recover direct-upload latency on rainbow and no-isomorphism controls	2026-09-07T04:26:31+00:00
E024B	memory_transfers	e274391f6fe54ba1a0fcfcf28349c8d7f89a9219	discard	postflop.Ks7s2d.full.plan_build_ms	104.5796	Use packed action arenas only when at least five percent of action elements are inactive; recover direct-upload latency on rainbow and no-isomorphism controls	2026-09-07T04:26:31+00:00
E024B	memory_transfers	e274391f6fe54ba1a0fcfcf28349c8d7f89a9219	discard	postflop.Ks7s2d.full.staging_memory_mb	3391.473816	Use packed action arenas only when at least five percent of action elements are inactive; recover direct-upload latency on rainbow and no-isomorphism controls	2026-09-07T04:26:31+00:00
E024B	memory_transfers	e274391f6fe54ba1a0fcfcf28349c8d7f89a9219	discard	postflop.Ks7h2d.init_ms	1137.271	Use packed action arenas only when at least five percent of action elements are inactive; recover direct-upload latency on rainbow and no-isomorphism controls	2026-09-07T04:26:31+00:00
E024B	memory_transfers	e274391f6fe54ba1a0fcfcf28349c8d7f89a9219	discard	postflop.Ks7h2d.iteration_ms	52.077	Use packed action arenas only when at least five percent of action elements are inactive; recover direct-upload latency on rainbow and no-isomorphism controls	2026-09-07T04:26:31+00:00
E024B	memory_transfers	e274391f6fe54ba1a0fcfcf28349c8d7f89a9219	discard	postflop.Ks7h2d.check_ms	34.914	Use packed action arenas only when at least five percent of action elements are inactive; recover direct-upload latency on rainbow and no-isomorphism controls	2026-09-07T04:26:31+00:00
E024B	memory_transfers	e274391f6fe54ba1a0fcfcf28349c8d7f89a9219	discard	postflop.Ks7s2d.init_ms	1037.444	Use packed action arenas only when at least five percent of action elements are inactive; recover direct-upload latency on rainbow and no-isomorphism controls	2026-09-07T04:26:31+00:00
E024B	memory_transfers	e274391f6fe54ba1a0fcfcf28349c8d7f89a9219	discard	postflop.Ks7s2d.iteration_ms	31.269	Use packed action arenas only when at least five percent of action elements are inactive; recover direct-upload latency on rainbow and no-isomorphism controls	2026-09-07T04:26:31+00:00
E024B	memory_transfers	e274391f6fe54ba1a0fcfcf28349c8d7f89a9219	discard	postflop.Ks7s2d.check_ms	28.227	Use packed action arenas only when at least five percent of action elements are inactive; recover direct-upload latency on rainbow and no-isomorphism controls	2026-09-07T04:26:31+00:00
E024B	memory_transfers	e274391f6fe54ba1a0fcfcf28349c8d7f89a9219	discard	postflop.Ks7h2dQhTc.init_ms	67.566	Use packed action arenas only when at least five percent of action elements are inactive; recover direct-upload latency on rainbow and no-isomorphism controls	2026-09-07T04:26:31+00:00
E024B	memory_transfers	e274391f6fe54ba1a0fcfcf28349c8d7f89a9219	discard	postflop.Ks7h2dQhTc.iteration_ms	0.287	Use packed action arenas only when at least five percent of action elements are inactive; recover direct-upload latency on rainbow and no-isomorphism controls	2026-09-07T04:26:31+00:00
E024B	memory_transfers	e274391f6fe54ba1a0fcfcf28349c8d7f89a9219	discard	postflop.Ks7h2dQhTc.check_ms	0.573	Use packed action arenas only when at least five percent of action elements are inactive; recover direct-upload latency on rainbow and no-isomorphism controls	2026-09-07T04:26:31+00:00
B026	memory_transfers	1e6124f2ba907afca9e9597f169ccca621251485	baseline	postflop.memory.cold.f32.allocated_vram_mb	4932.501504	Pre-compaction full action-arena reference for cold/warm F32/compressed live host memory, VRAM, GPU initialization and both download paths	2026-09-07T04:28:48+00:00
B026	memory_transfers	1e6124f2ba907afca9e9597f169ccca621251485	baseline	postflop.memory.cold.f32.host_live_mb	3924.324352	Pre-compaction full action-arena reference for cold/warm F32/compressed live host memory, VRAM, GPU initialization and both download paths	2026-09-07T04:28:48+00:00
B026	memory_transfers	1e6124f2ba907afca9e9597f169ccca621251485	baseline	postflop.memory.cold.f32.host_private_mb	9447.09632	Pre-compaction full action-arena reference for cold/warm F32/compressed live host memory, VRAM, GPU initialization and both download paths	2026-09-07T04:28:48+00:00
B026	memory_transfers	1e6124f2ba907afca9e9597f169ccca621251485	baseline	postflop.memory.cold.f32.init_ms	653.0877	Pre-compaction full action-arena reference for cold/warm F32/compressed live host memory, VRAM, GPU initialization and both download paths	2026-09-07T04:28:48+00:00
B026	memory_transfers	1e6124f2ba907afca9e9597f169ccca621251485	baseline	postflop.memory.cold.f32.strategy_sync_ms	169.63739999999999	Pre-compaction full action-arena reference for cold/warm F32/compressed live host memory, VRAM, GPU initialization and both download paths	2026-09-07T04:28:48+00:00
B026	memory_transfers	1e6124f2ba907afca9e9597f169ccca621251485	baseline	postflop.memory.cold.f32.sync_ms	331.9303	Pre-compaction full action-arena reference for cold/warm F32/compressed live host memory, VRAM, GPU initialization and both download paths	2026-09-07T04:28:48+00:00
B026	memory_transfers	1e6124f2ba907afca9e9597f169ccca621251485	baseline	postflop.memory.warm.f32.allocated_vram_mb	4932.501504	Pre-compaction full action-arena reference for cold/warm F32/compressed live host memory, VRAM, GPU initialization and both download paths	2026-09-07T04:28:48+00:00
B026	memory_transfers	1e6124f2ba907afca9e9597f169ccca621251485	baseline	postflop.memory.warm.f32.host_live_mb	3936.01024	Pre-compaction full action-arena reference for cold/warm F32/compressed live host memory, VRAM, GPU initialization and both download paths	2026-09-07T04:28:48+00:00
B026	memory_transfers	1e6124f2ba907afca9e9597f169ccca621251485	baseline	postflop.memory.warm.f32.host_private_mb	9446.637568	Pre-compaction full action-arena reference for cold/warm F32/compressed live host memory, VRAM, GPU initialization and both download paths	2026-09-07T04:28:48+00:00
B026	memory_transfers	1e6124f2ba907afca9e9597f169ccca621251485	baseline	postflop.memory.warm.f32.init_ms	652.2886	Pre-compaction full action-arena reference for cold/warm F32/compressed live host memory, VRAM, GPU initialization and both download paths	2026-09-07T04:28:48+00:00
B026	memory_transfers	1e6124f2ba907afca9e9597f169ccca621251485	baseline	postflop.memory.warm.f32.strategy_sync_ms	157.4931	Pre-compaction full action-arena reference for cold/warm F32/compressed live host memory, VRAM, GPU initialization and both download paths	2026-09-07T04:28:48+00:00
B026	memory_transfers	1e6124f2ba907afca9e9597f169ccca621251485	baseline	postflop.memory.warm.f32.sync_ms	309.4536	Pre-compaction full action-arena reference for cold/warm F32/compressed live host memory, VRAM, GPU initialization and both download paths	2026-09-07T04:28:48+00:00
B026	memory_transfers	1e6124f2ba907afca9e9597f169ccca621251485	baseline	postflop.memory.cold.compressed.allocated_vram_mb	4932.501504	Pre-compaction full action-arena reference for cold/warm F32/compressed live host memory, VRAM, GPU initialization and both download paths	2026-09-07T04:28:48+00:00
B026	memory_transfers	1e6124f2ba907afca9e9597f169ccca621251485	baseline	postflop.memory.cold.compressed.host_live_mb	5320.187904	Pre-compaction full action-arena reference for cold/warm F32/compressed live host memory, VRAM, GPU initialization and both download paths	2026-09-07T04:28:48+00:00
B026	memory_transfers	1e6124f2ba907afca9e9597f169ccca621251485	baseline	postflop.memory.cold.compressed.host_private_mb	10601.906176	Pre-compaction full action-arena reference for cold/warm F32/compressed live host memory, VRAM, GPU initialization and both download paths	2026-09-07T04:28:48+00:00
B026	memory_transfers	1e6124f2ba907afca9e9597f169ccca621251485	baseline	postflop.memory.cold.compressed.init_ms	1543.5738	Pre-compaction full action-arena reference for cold/warm F32/compressed live host memory, VRAM, GPU initialization and both download paths	2026-09-07T04:28:48+00:00
B026	memory_transfers	1e6124f2ba907afca9e9597f169ccca621251485	baseline	postflop.memory.cold.compressed.strategy_sync_ms	478.344	Pre-compaction full action-arena reference for cold/warm F32/compressed live host memory, VRAM, GPU initialization and both download paths	2026-09-07T04:28:48+00:00
B026	memory_transfers	1e6124f2ba907afca9e9597f169ccca621251485	baseline	postflop.memory.cold.compressed.sync_ms	925.2454	Pre-compaction full action-arena reference for cold/warm F32/compressed live host memory, VRAM, GPU initialization and both download paths	2026-09-07T04:28:48+00:00
B026	memory_transfers	1e6124f2ba907afca9e9597f169ccca621251485	baseline	postflop.memory.warm.compressed.allocated_vram_mb	4932.501504	Pre-compaction full action-arena reference for cold/warm F32/compressed live host memory, VRAM, GPU initialization and both download paths	2026-09-07T04:28:48+00:00
B026	memory_transfers	1e6124f2ba907afca9e9597f169ccca621251485	baseline	postflop.memory.warm.compressed.host_live_mb	5320.282112	Pre-compaction full action-arena reference for cold/warm F32/compressed live host memory, VRAM, GPU initialization and both download paths	2026-09-07T04:28:48+00:00
B026	memory_transfers	1e6124f2ba907afca9e9597f169ccca621251485	baseline	postflop.memory.warm.compressed.host_private_mb	10602.070016	Pre-compaction full action-arena reference for cold/warm F32/compressed live host memory, VRAM, GPU initialization and both download paths	2026-09-07T04:28:48+00:00
B026	memory_transfers	1e6124f2ba907afca9e9597f169ccca621251485	baseline	postflop.memory.warm.compressed.init_ms	1585.7136999999998	Pre-compaction full action-arena reference for cold/warm F32/compressed live host memory, VRAM, GPU initialization and both download paths	2026-09-07T04:28:48+00:00
B026	memory_transfers	1e6124f2ba907afca9e9597f169ccca621251485	baseline	postflop.memory.warm.compressed.strategy_sync_ms	676.4058	Pre-compaction full action-arena reference for cold/warm F32/compressed live host memory, VRAM, GPU initialization and both download paths	2026-09-07T04:28:48+00:00
B026	memory_transfers	1e6124f2ba907afca9e9597f169ccca621251485	baseline	postflop.memory.warm.compressed.sync_ms	1289.081	Pre-compaction full action-arena reference for cold/warm F32/compressed live host memory, VRAM, GPU initialization and both download paths	2026-09-07T04:28:48+00:00
E024C	memory_transfers	ffe12e97cf9554dd9f22c7e891ba74270b22b3d2	discard	postflop.memory.cold.f32.allocated_vram_mb	3825.205248	Restore compact action arenas with vectorizable bitwise zero-block detection; measure complete cold/warm host-memory and transfer tradeoffs against B026	2026-09-07T04:31:01+00:00
E024C	memory_transfers	ffe12e97cf9554dd9f22c7e891ba74270b22b3d2	discard	postflop.memory.cold.f32.host_live_mb	4462.977024	Restore compact action arenas with vectorizable bitwise zero-block detection; measure complete cold/warm host-memory and transfer tradeoffs against B026	2026-09-07T04:31:01+00:00
E024C	memory_transfers	ffe12e97cf9554dd9f22c7e891ba74270b22b3d2	discard	postflop.memory.cold.f32.host_private_mb	8879.849472	Restore compact action arenas with vectorizable bitwise zero-block detection; measure complete cold/warm host-memory and transfer tradeoffs against B026	2026-09-07T04:31:01+00:00
E024C	memory_transfers	ffe12e97cf9554dd9f22c7e891ba74270b22b3d2	discard	postflop.memory.cold.f32.init_ms	1248.8847999999998	Restore compact action arenas with vectorizable bitwise zero-block detection; measure complete cold/warm host-memory and transfer tradeoffs against B026	2026-09-07T04:31:01+00:00
E024C	memory_transfers	ffe12e97cf9554dd9f22c7e891ba74270b22b3d2	discard	postflop.memory.cold.f32.strategy_sync_ms	219.95780000000002	Restore compact action arenas with vectorizable bitwise zero-block detection; measure complete cold/warm host-memory and transfer tradeoffs against B026	2026-09-07T04:31:01+00:00
E024C	memory_transfers	ffe12e97cf9554dd9f22c7e891ba74270b22b3d2	discard	postflop.memory.cold.f32.sync_ms	432.18580000000003	Restore compact action arenas with vectorizable bitwise zero-block detection; measure complete cold/warm host-memory and transfer tradeoffs against B026	2026-09-07T04:31:01+00:00
E024C	memory_transfers	ffe12e97cf9554dd9f22c7e891ba74270b22b3d2	discard	postflop.memory.warm.f32.allocated_vram_mb	3825.205248	Restore compact action arenas with vectorizable bitwise zero-block detection; measure complete cold/warm host-memory and transfer tradeoffs against B026	2026-09-07T04:31:01+00:00
E024C	memory_transfers	ffe12e97cf9554dd9f22c7e891ba74270b22b3d2	discard	postflop.memory.warm.f32.host_live_mb	5729.222656	Restore compact action arenas with vectorizable bitwise zero-block detection; measure complete cold/warm host-memory and transfer tradeoffs against B026	2026-09-07T04:31:01+00:00
E024C	memory_transfers	ffe12e97cf9554dd9f22c7e891ba74270b22b3d2	discard	postflop.memory.warm.f32.host_private_mb	10288.64	Restore compact action arenas with vectorizable bitwise zero-block detection; measure complete cold/warm host-memory and transfer tradeoffs against B026	2026-09-07T04:31:01+00:00
E024C	memory_transfers	ffe12e97cf9554dd9f22c7e891ba74270b22b3d2	discard	postflop.memory.warm.f32.init_ms	1613.8884	Restore compact action arenas with vectorizable bitwise zero-block detection; measure complete cold/warm host-memory and transfer tradeoffs against B026	2026-09-07T04:31:01+00:00
E024C	memory_transfers	ffe12e97cf9554dd9f22c7e891ba74270b22b3d2	discard	postflop.memory.warm.f32.strategy_sync_ms	253.7218	Restore compact action arenas with vectorizable bitwise zero-block detection; measure complete cold/warm host-memory and transfer tradeoffs against B026	2026-09-07T04:31:01+00:00
E024C	memory_transfers	ffe12e97cf9554dd9f22c7e891ba74270b22b3d2	discard	postflop.memory.warm.f32.sync_ms	489.9636	Restore compact action arenas with vectorizable bitwise zero-block detection; measure complete cold/warm host-memory and transfer tradeoffs against B026	2026-09-07T04:31:01+00:00
E024C	memory_transfers	ffe12e97cf9554dd9f22c7e891ba74270b22b3d2	discard	postflop.memory.cold.compressed.allocated_vram_mb	3825.205248	Restore compact action arenas with vectorizable bitwise zero-block detection; measure complete cold/warm host-memory and transfer tradeoffs against B026	2026-09-07T04:31:01+00:00
E024C	memory_transfers	ffe12e97cf9554dd9f22c7e891ba74270b22b3d2	discard	postflop.memory.cold.compressed.host_live_mb	2754.715648	Restore compact action arenas with vectorizable bitwise zero-block detection; measure complete cold/warm host-memory and transfer tradeoffs against B026	2026-09-07T04:31:01+00:00
E024C	memory_transfers	ffe12e97cf9554dd9f22c7e891ba74270b22b3d2	discard	postflop.memory.cold.compressed.host_private_mb	7163.133952	Restore compact action arenas with vectorizable bitwise zero-block detection; measure complete cold/warm host-memory and transfer tradeoffs against B026	2026-09-07T04:31:01+00:00
E024C	memory_transfers	ffe12e97cf9554dd9f22c7e891ba74270b22b3d2	discard	postflop.memory.cold.compressed.init_ms	903.4918	Restore compact action arenas with vectorizable bitwise zero-block detection; measure complete cold/warm host-memory and transfer tradeoffs against B026	2026-09-07T04:31:01+00:00
E024C	memory_transfers	ffe12e97cf9554dd9f22c7e891ba74270b22b3d2	discard	postflop.memory.cold.compressed.strategy_sync_ms	449.0752	Restore compact action arenas with vectorizable bitwise zero-block detection; measure complete cold/warm host-memory and transfer tradeoffs against B026	2026-09-07T04:31:01+00:00
E024C	memory_transfers	ffe12e97cf9554dd9f22c7e891ba74270b22b3d2	discard	postflop.memory.cold.compressed.sync_ms	899.7561	Restore compact action arenas with vectorizable bitwise zero-block detection; measure complete cold/warm host-memory and transfer tradeoffs against B026	2026-09-07T04:31:01+00:00
E024C	memory_transfers	ffe12e97cf9554dd9f22c7e891ba74270b22b3d2	discard	postflop.memory.warm.compressed.allocated_vram_mb	3825.205248	Restore compact action arenas with vectorizable bitwise zero-block detection; measure complete cold/warm host-memory and transfer tradeoffs against B026	2026-09-07T04:31:01+00:00
E024C	memory_transfers	ffe12e97cf9554dd9f22c7e891ba74270b22b3d2	discard	postflop.memory.warm.compressed.host_live_mb	4155.482112	Restore compact action arenas with vectorizable bitwise zero-block detection; measure complete cold/warm host-memory and transfer tradeoffs against B026	2026-09-07T04:31:01+00:00
E024C	memory_transfers	ffe12e97cf9554dd9f22c7e891ba74270b22b3d2	discard	postflop.memory.warm.compressed.host_private_mb	8510.6688	Restore compact action arenas with vectorizable bitwise zero-block detection; measure complete cold/warm host-memory and transfer tradeoffs against B026	2026-09-07T04:31:01+00:00
E024C	memory_transfers	ffe12e97cf9554dd9f22c7e891ba74270b22b3d2	discard	postflop.memory.warm.compressed.init_ms	1337.3429999999998	Restore compact action arenas with vectorizable bitwise zero-block detection; measure complete cold/warm host-memory and transfer tradeoffs against B026	2026-09-07T04:31:01+00:00
E024C	memory_transfers	ffe12e97cf9554dd9f22c7e891ba74270b22b3d2	discard	postflop.memory.warm.compressed.strategy_sync_ms	665.8615	Restore compact action arenas with vectorizable bitwise zero-block detection; measure complete cold/warm host-memory and transfer tradeoffs against B026	2026-09-07T04:31:01+00:00
E024C	memory_transfers	ffe12e97cf9554dd9f22c7e891ba74270b22b3d2	discard	postflop.memory.warm.compressed.sync_ms	1352.1607	Restore compact action arenas with vectorizable bitwise zero-block detection; measure complete cold/warm host-memory and transfer tradeoffs against B026	2026-09-07T04:31:01+00:00
E024D	memory_transfers	360ce0dcdba64f6886e4a5b123f49ddf5372ee3e	discard	postflop.memory.cold.f32.allocated_vram_mb	3825.205248	Remove pageable packed-arena temporaries, reuse pinned upload/download storage, coalesce F32 copies and trim inactive snapshot capacity to reduce host memory and transfer costs	2026-09-07T04:34:11+00:00
E024D	memory_transfers	360ce0dcdba64f6886e4a5b123f49ddf5372ee3e	discard	postflop.memory.cold.f32.host_live_mb	3642.056704	Remove pageable packed-arena temporaries, reuse pinned upload/download storage, coalesce F32 copies and trim inactive snapshot capacity to reduce host memory and transfer costs	2026-09-07T04:34:11+00:00
E024D	memory_transfers	360ce0dcdba64f6886e4a5b123f49ddf5372ee3e	discard	postflop.memory.cold.f32.host_private_mb	8066.408448	Remove pageable packed-arena temporaries, reuse pinned upload/download storage, coalesce F32 copies and trim inactive snapshot capacity to reduce host memory and transfer costs	2026-09-07T04:34:11+00:00
E024D	memory_transfers	360ce0dcdba64f6886e4a5b123f49ddf5372ee3e	discard	postflop.memory.cold.f32.init_ms	599.6827000000001	Remove pageable packed-arena temporaries, reuse pinned upload/download storage, coalesce F32 copies and trim inactive snapshot capacity to reduce host memory and transfer costs	2026-09-07T04:34:11+00:00
E024D	memory_transfers	360ce0dcdba64f6886e4a5b123f49ddf5372ee3e	discard	postflop.memory.cold.f32.strategy_sync_ms	188.9072	Remove pageable packed-arena temporaries, reuse pinned upload/download storage, coalesce F32 copies and trim inactive snapshot capacity to reduce host memory and transfer costs	2026-09-07T04:34:11+00:00
E024D	memory_transfers	360ce0dcdba64f6886e4a5b123f49ddf5372ee3e	discard	postflop.memory.cold.f32.sync_ms	376.5779	Remove pageable packed-arena temporaries, reuse pinned upload/download storage, coalesce F32 copies and trim inactive snapshot capacity to reduce host memory and transfer costs	2026-09-07T04:34:11+00:00
E024D	memory_transfers	360ce0dcdba64f6886e4a5b123f49ddf5372ee3e	discard	postflop.memory.warm.f32.allocated_vram_mb	3825.205248	Remove pageable packed-arena temporaries, reuse pinned upload/download storage, coalesce F32 copies and trim inactive snapshot capacity to reduce host memory and transfer costs	2026-09-07T04:34:11+00:00
E024D	memory_transfers	360ce0dcdba64f6886e4a5b123f49ddf5372ee3e	discard	postflop.memory.warm.f32.host_live_mb	5017.35424	Remove pageable packed-arena temporaries, reuse pinned upload/download storage, coalesce F32 copies and trim inactive snapshot capacity to reduce host memory and transfer costs	2026-09-07T04:34:11+00:00
E024D	memory_transfers	360ce0dcdba64f6886e4a5b123f49ddf5372ee3e	discard	postflop.memory.warm.f32.host_private_mb	9618.685952	Remove pageable packed-arena temporaries, reuse pinned upload/download storage, coalesce F32 copies and trim inactive snapshot capacity to reduce host memory and transfer costs	2026-09-07T04:34:11+00:00
E024D	memory_transfers	360ce0dcdba64f6886e4a5b123f49ddf5372ee3e	discard	postflop.memory.warm.f32.init_ms	912.4881	Remove pageable packed-arena temporaries, reuse pinned upload/download storage, coalesce F32 copies and trim inactive snapshot capacity to reduce host memory and transfer costs	2026-09-07T04:34:11+00:00
E024D	memory_transfers	360ce0dcdba64f6886e4a5b123f49ddf5372ee3e	discard	postflop.memory.warm.f32.strategy_sync_ms	214.66969999999998	Remove pageable packed-arena temporaries, reuse pinned upload/download storage, coalesce F32 copies and trim inactive snapshot capacity to reduce host memory and transfer costs	2026-09-07T04:34:11+00:00
E024D	memory_transfers	360ce0dcdba64f6886e4a5b123f49ddf5372ee3e	discard	postflop.memory.warm.f32.sync_ms	430.2626	Remove pageable packed-arena temporaries, reuse pinned upload/download storage, coalesce F32 copies and trim inactive snapshot capacity to reduce host memory and transfer costs	2026-09-07T04:34:11+00:00
E024D	memory_transfers	360ce0dcdba64f6886e4a5b123f49ddf5372ee3e	discard	postflop.memory.cold.compressed.allocated_vram_mb	3825.205248	Remove pageable packed-arena temporaries, reuse pinned upload/download storage, coalesce F32 copies and trim inactive snapshot capacity to reduce host memory and transfer costs	2026-09-07T04:34:11+00:00
E024D	memory_transfers	360ce0dcdba64f6886e4a5b123f49ddf5372ee3e	discard	postflop.memory.cold.compressed.host_live_mb	2303.340544	Remove pageable packed-arena temporaries, reuse pinned upload/download storage, coalesce F32 copies and trim inactive snapshot capacity to reduce host memory and transfer costs	2026-09-07T04:34:11+00:00
E024D	memory_transfers	360ce0dcdba64f6886e4a5b123f49ddf5372ee3e	discard	postflop.memory.cold.compressed.host_private_mb	6716.25216	Remove pageable packed-arena temporaries, reuse pinned upload/download storage, coalesce F32 copies and trim inactive snapshot capacity to reduce host memory and transfer costs	2026-09-07T04:34:11+00:00
E024D	memory_transfers	360ce0dcdba64f6886e4a5b123f49ddf5372ee3e	discard	postflop.memory.cold.compressed.init_ms	588.9697	Remove pageable packed-arena temporaries, reuse pinned upload/download storage, coalesce F32 copies and trim inactive snapshot capacity to reduce host memory and transfer costs	2026-09-07T04:34:11+00:00
E024D	memory_transfers	360ce0dcdba64f6886e4a5b123f49ddf5372ee3e	discard	postflop.memory.cold.compressed.strategy_sync_ms	449.73760000000004	Remove pageable packed-arena temporaries, reuse pinned upload/download storage, coalesce F32 copies and trim inactive snapshot capacity to reduce host memory and transfer costs	2026-09-07T04:34:11+00:00
E024D	memory_transfers	360ce0dcdba64f6886e4a5b123f49ddf5372ee3e	discard	postflop.memory.cold.compressed.sync_ms	880.7989	Remove pageable packed-arena temporaries, reuse pinned upload/download storage, coalesce F32 copies and trim inactive snapshot capacity to reduce host memory and transfer costs	2026-09-07T04:34:11+00:00
E024D	memory_transfers	360ce0dcdba64f6886e4a5b123f49ddf5372ee3e	discard	postflop.memory.warm.compressed.allocated_vram_mb	3825.205248	Remove pageable packed-arena temporaries, reuse pinned upload/download storage, coalesce F32 copies and trim inactive snapshot capacity to reduce host memory and transfer costs	2026-09-07T04:34:11+00:00
E024D	memory_transfers	360ce0dcdba64f6886e4a5b123f49ddf5372ee3e	discard	postflop.memory.warm.compressed.host_live_mb	3767.345152	Remove pageable packed-arena temporaries, reuse pinned upload/download storage, coalesce F32 copies and trim inactive snapshot capacity to reduce host memory and transfer costs	2026-09-07T04:34:11+00:00
E024D	memory_transfers	360ce0dcdba64f6886e4a5b123f49ddf5372ee3e	discard	postflop.memory.warm.compressed.host_private_mb	8099.75808	Remove pageable packed-arena temporaries, reuse pinned upload/download storage, coalesce F32 copies and trim inactive snapshot capacity to reduce host memory and transfer costs	2026-09-07T04:34:11+00:00
E024D	memory_transfers	360ce0dcdba64f6886e4a5b123f49ddf5372ee3e	discard	postflop.memory.warm.compressed.init_ms	1002.0215999999999	Remove pageable packed-arena temporaries, reuse pinned upload/download storage, coalesce F32 copies and trim inactive snapshot capacity to reduce host memory and transfer costs	2026-09-07T04:34:11+00:00
E024D	memory_transfers	360ce0dcdba64f6886e4a5b123f49ddf5372ee3e	discard	postflop.memory.warm.compressed.strategy_sync_ms	665.6309	Remove pageable packed-arena temporaries, reuse pinned upload/download storage, coalesce F32 copies and trim inactive snapshot capacity to reduce host memory and transfer costs	2026-09-07T04:34:11+00:00
E024D	memory_transfers	360ce0dcdba64f6886e4a5b123f49ddf5372ee3e	discard	postflop.memory.warm.compressed.sync_ms	1315.9936	Remove pageable packed-arena temporaries, reuse pinned upload/download storage, coalesce F32 copies and trim inactive snapshot capacity to reduce host memory and transfer costs	2026-09-07T04:34:11+00:00
E024E	memory_transfers	2351793787a46a8566ab6cb5050b63860341cd93	discard	postflop.memory.cold.f32.allocated_vram_mb	3825.205248	Parallelize independent compact arena CPU scatter/restore and compressed node encoding to offset the extra host work while preserving exact bytes	2026-09-07T04:37:47+00:00
E024E	memory_transfers	2351793787a46a8566ab6cb5050b63860341cd93	discard	postflop.memory.cold.f32.host_live_mb	3642.331136	Parallelize independent compact arena CPU scatter/restore and compressed node encoding to offset the extra host work while preserving exact bytes	2026-09-07T04:37:47+00:00
E024E	memory_transfers	2351793787a46a8566ab6cb5050b63860341cd93	discard	postflop.memory.cold.f32.host_private_mb	8063.954944	Parallelize independent compact arena CPU scatter/restore and compressed node encoding to offset the extra host work while preserving exact bytes	2026-09-07T04:37:47+00:00
E024E	memory_transfers	2351793787a46a8566ab6cb5050b63860341cd93	discard	postflop.memory.cold.f32.init_ms	656.42	Parallelize independent compact arena CPU scatter/restore and compressed node encoding to offset the extra host work while preserving exact bytes	2026-09-07T04:37:47+00:00
E024E	memory_transfers	2351793787a46a8566ab6cb5050b63860341cd93	discard	postflop.memory.cold.f32.strategy_sync_ms	194.5728	Parallelize independent compact arena CPU scatter/restore and compressed node encoding to offset the extra host work while preserving exact bytes	2026-09-07T04:37:47+00:00
E024E	memory_transfers	2351793787a46a8566ab6cb5050b63860341cd93	discard	postflop.memory.cold.f32.sync_ms	370.5911	Parallelize independent compact arena CPU scatter/restore and compressed node encoding to offset the extra host work while preserving exact bytes	2026-09-07T04:37:47+00:00
E024E	memory_transfers	2351793787a46a8566ab6cb5050b63860341cd93	discard	postflop.memory.warm.f32.allocated_vram_mb	3825.205248	Parallelize independent compact arena CPU scatter/restore and compressed node encoding to offset the extra host work while preserving exact bytes	2026-09-07T04:37:47+00:00
E024E	memory_transfers	2351793787a46a8566ab6cb5050b63860341cd93	discard	postflop.memory.warm.f32.host_live_mb	5016.45312	Parallelize independent compact arena CPU scatter/restore and compressed node encoding to offset the extra host work while preserving exact bytes	2026-09-07T04:37:47+00:00
E024E	memory_transfers	2351793787a46a8566ab6cb5050b63860341cd93	discard	postflop.memory.warm.f32.host_private_mb	9612.996608	Parallelize independent compact arena CPU scatter/restore and compressed node encoding to offset the extra host work while preserving exact bytes	2026-09-07T04:37:47+00:00
E024E	memory_transfers	2351793787a46a8566ab6cb5050b63860341cd93	discard	postflop.memory.warm.f32.init_ms	883.464	Parallelize independent compact arena CPU scatter/restore and compressed node encoding to offset the extra host work while preserving exact bytes	2026-09-07T04:37:47+00:00
E024E	memory_transfers	2351793787a46a8566ab6cb5050b63860341cd93	discard	postflop.memory.warm.f32.strategy_sync_ms	194.3032	Parallelize independent compact arena CPU scatter/restore and compressed node encoding to offset the extra host work while preserving exact bytes	2026-09-07T04:37:47+00:00
E024E	memory_transfers	2351793787a46a8566ab6cb5050b63860341cd93	discard	postflop.memory.warm.f32.sync_ms	388.0794	Parallelize independent compact arena CPU scatter/restore and compressed node encoding to offset the extra host work while preserving exact bytes	2026-09-07T04:37:47+00:00
E024E	memory_transfers	2351793787a46a8566ab6cb5050b63860341cd93	discard	postflop.memory.cold.compressed.allocated_vram_mb	3825.205248	Parallelize independent compact arena CPU scatter/restore and compressed node encoding to offset the extra host work while preserving exact bytes	2026-09-07T04:37:47+00:00
E024E	memory_transfers	2351793787a46a8566ab6cb5050b63860341cd93	discard	postflop.memory.cold.compressed.host_live_mb	2305.957888	Parallelize independent compact arena CPU scatter/restore and compressed node encoding to offset the extra host work while preserving exact bytes	2026-09-07T04:37:47+00:00
E024E	memory_transfers	2351793787a46a8566ab6cb5050b63860341cd93	discard	postflop.memory.cold.compressed.host_private_mb	6718.246912	Parallelize independent compact arena CPU scatter/restore and compressed node encoding to offset the extra host work while preserving exact bytes	2026-09-07T04:37:47+00:00
E024E	memory_transfers	2351793787a46a8566ab6cb5050b63860341cd93	discard	postflop.memory.cold.compressed.init_ms	611.6727	Parallelize independent compact arena CPU scatter/restore and compressed node encoding to offset the extra host work while preserving exact bytes	2026-09-07T04:37:47+00:00
E024E	memory_transfers	2351793787a46a8566ab6cb5050b63860341cd93	discard	postflop.memory.cold.compressed.strategy_sync_ms	125.8809	Parallelize independent compact arena CPU scatter/restore and compressed node encoding to offset the extra host work while preserving exact bytes	2026-09-07T04:37:47+00:00
E024E	memory_transfers	2351793787a46a8566ab6cb5050b63860341cd93	discard	postflop.memory.cold.compressed.sync_ms	245.1037	Parallelize independent compact arena CPU scatter/restore and compressed node encoding to offset the extra host work while preserving exact bytes	2026-09-07T04:37:47+00:00
E024E	memory_transfers	2351793787a46a8566ab6cb5050b63860341cd93	discard	postflop.memory.warm.compressed.allocated_vram_mb	3825.205248	Parallelize independent compact arena CPU scatter/restore and compressed node encoding to offset the extra host work while preserving exact bytes	2026-09-07T04:37:47+00:00
E024E	memory_transfers	2351793787a46a8566ab6cb5050b63860341cd93	discard	postflop.memory.warm.compressed.host_live_mb	3768.000512	Parallelize independent compact arena CPU scatter/restore and compressed node encoding to offset the extra host work while preserving exact bytes	2026-09-07T04:37:47+00:00
E024E	memory_transfers	2351793787a46a8566ab6cb5050b63860341cd93	discard	postflop.memory.warm.compressed.host_private_mb	8333.979648	Parallelize independent compact arena CPU scatter/restore and compressed node encoding to offset the extra host work while preserving exact bytes	2026-09-07T04:37:47+00:00
E024E	memory_transfers	2351793787a46a8566ab6cb5050b63860341cd93	discard	postflop.memory.warm.compressed.init_ms	1053.1937	Parallelize independent compact arena CPU scatter/restore and compressed node encoding to offset the extra host work while preserving exact bytes	2026-09-07T04:37:47+00:00
E024E	memory_transfers	2351793787a46a8566ab6cb5050b63860341cd93	discard	postflop.memory.warm.compressed.strategy_sync_ms	148.0616	Parallelize independent compact arena CPU scatter/restore and compressed node encoding to offset the extra host work while preserving exact bytes	2026-09-07T04:37:47+00:00
E024E	memory_transfers	2351793787a46a8566ab6cb5050b63860341cd93	discard	postflop.memory.warm.compressed.sync_ms	292.0481	Parallelize independent compact arena CPU scatter/restore and compressed node encoding to offset the extra host work while preserving exact bytes	2026-09-07T04:37:47+00:00
E024F	memory_transfers	28d36988ce85543eb60f35f4b3b7ca2e7c6ccca3	keep	postflop.memory.cold.f32.allocated_vram_mb	4932.501504	Use compact arenas for default compressed storage and tight F32 budgets; preserve direct F32 speed when VRAM fits. Repeat lifecycle and full GPU correctness, including warm tight-budget equivalence	2026-09-07T04:41:37+00:00
E024F	memory_transfers	28d36988ce85543eb60f35f4b3b7ca2e7c6ccca3	keep	postflop.memory.cold.f32.host_live_mb	3917.139968	Use compact arenas for default compressed storage and tight F32 budgets; preserve direct F32 speed when VRAM fits. Repeat lifecycle and full GPU correctness, including warm tight-budget equivalence	2026-09-07T04:41:37+00:00
E024F	memory_transfers	28d36988ce85543eb60f35f4b3b7ca2e7c6ccca3	keep	postflop.memory.cold.f32.host_private_mb	9431.048192	Use compact arenas for default compressed storage and tight F32 budgets; preserve direct F32 speed when VRAM fits. Repeat lifecycle and full GPU correctness, including warm tight-budget equivalence	2026-09-07T04:41:37+00:00
E024F	memory_transfers	28d36988ce85543eb60f35f4b3b7ca2e7c6ccca3	keep	postflop.memory.cold.f32.init_ms	697.0252	Use compact arenas for default compressed storage and tight F32 budgets; preserve direct F32 speed when VRAM fits. Repeat lifecycle and full GPU correctness, including warm tight-budget equivalence	2026-09-07T04:41:37+00:00
E024F	memory_transfers	28d36988ce85543eb60f35f4b3b7ca2e7c6ccca3	keep	postflop.memory.cold.f32.strategy_sync_ms	167.41039999999998	Use compact arenas for default compressed storage and tight F32 budgets; preserve direct F32 speed when VRAM fits. Repeat lifecycle and full GPU correctness, including warm tight-budget equivalence	2026-09-07T04:41:37+00:00
E024F	memory_transfers	28d36988ce85543eb60f35f4b3b7ca2e7c6ccca3	keep	postflop.memory.cold.f32.sync_ms	320.9412	Use compact arenas for default compressed storage and tight F32 budgets; preserve direct F32 speed when VRAM fits. Repeat lifecycle and full GPU correctness, including warm tight-budget equivalence	2026-09-07T04:41:37+00:00
E024F	memory_transfers	28d36988ce85543eb60f35f4b3b7ca2e7c6ccca3	keep	postflop.memory.warm.f32.allocated_vram_mb	4932.501504	Use compact arenas for default compressed storage and tight F32 budgets; preserve direct F32 speed when VRAM fits. Repeat lifecycle and full GPU correctness, including warm tight-budget equivalence	2026-09-07T04:41:37+00:00
E024F	memory_transfers	28d36988ce85543eb60f35f4b3b7ca2e7c6ccca3	keep	postflop.memory.warm.f32.host_live_mb	3933.208576	Use compact arenas for default compressed storage and tight F32 budgets; preserve direct F32 speed when VRAM fits. Repeat lifecycle and full GPU correctness, including warm tight-budget equivalence	2026-09-07T04:41:37+00:00
E024F	memory_transfers	28d36988ce85543eb60f35f4b3b7ca2e7c6ccca3	keep	postflop.memory.warm.f32.host_private_mb	9446.596608	Use compact arenas for default compressed storage and tight F32 budgets; preserve direct F32 speed when VRAM fits. Repeat lifecycle and full GPU correctness, including warm tight-budget equivalence	2026-09-07T04:41:37+00:00
E024F	memory_transfers	28d36988ce85543eb60f35f4b3b7ca2e7c6ccca3	keep	postflop.memory.warm.f32.init_ms	708.1173	Use compact arenas for default compressed storage and tight F32 budgets; preserve direct F32 speed when VRAM fits. Repeat lifecycle and full GPU correctness, including warm tight-budget equivalence	2026-09-07T04:41:37+00:00
E024F	memory_transfers	28d36988ce85543eb60f35f4b3b7ca2e7c6ccca3	keep	postflop.memory.warm.f32.strategy_sync_ms	162.10559999999998	Use compact arenas for default compressed storage and tight F32 budgets; preserve direct F32 speed when VRAM fits. Repeat lifecycle and full GPU correctness, including warm tight-budget equivalence	2026-09-07T04:41:37+00:00
E024F	memory_transfers	28d36988ce85543eb60f35f4b3b7ca2e7c6ccca3	keep	postflop.memory.warm.f32.sync_ms	328.0652	Use compact arenas for default compressed storage and tight F32 budgets; preserve direct F32 speed when VRAM fits. Repeat lifecycle and full GPU correctness, including warm tight-budget equivalence	2026-09-07T04:41:37+00:00
E024F	memory_transfers	28d36988ce85543eb60f35f4b3b7ca2e7c6ccca3	keep	postflop.memory.cold.compressed.allocated_vram_mb	3825.205248	Use compact arenas for default compressed storage and tight F32 budgets; preserve direct F32 speed when VRAM fits. Repeat lifecycle and full GPU correctness, including warm tight-budget equivalence	2026-09-07T04:41:37+00:00
E024F	memory_transfers	28d36988ce85543eb60f35f4b3b7ca2e7c6ccca3	keep	postflop.memory.cold.compressed.host_live_mb	2310.356992	Use compact arenas for default compressed storage and tight F32 budgets; preserve direct F32 speed when VRAM fits. Repeat lifecycle and full GPU correctness, including warm tight-budget equivalence	2026-09-07T04:41:37+00:00
E024F	memory_transfers	28d36988ce85543eb60f35f4b3b7ca2e7c6ccca3	keep	postflop.memory.cold.compressed.host_private_mb	6711.86944	Use compact arenas for default compressed storage and tight F32 budgets; preserve direct F32 speed when VRAM fits. Repeat lifecycle and full GPU correctness, including warm tight-budget equivalence	2026-09-07T04:41:37+00:00
E024F	memory_transfers	28d36988ce85543eb60f35f4b3b7ca2e7c6ccca3	keep	postflop.memory.cold.compressed.init_ms	670.9543	Use compact arenas for default compressed storage and tight F32 budgets; preserve direct F32 speed when VRAM fits. Repeat lifecycle and full GPU correctness, including warm tight-budget equivalence	2026-09-07T04:41:37+00:00
E024F	memory_transfers	28d36988ce85543eb60f35f4b3b7ca2e7c6ccca3	keep	postflop.memory.cold.compressed.strategy_sync_ms	126.2713	Use compact arenas for default compressed storage and tight F32 budgets; preserve direct F32 speed when VRAM fits. Repeat lifecycle and full GPU correctness, including warm tight-budget equivalence	2026-09-07T04:41:37+00:00
E024F	memory_transfers	28d36988ce85543eb60f35f4b3b7ca2e7c6ccca3	keep	postflop.memory.cold.compressed.sync_ms	251.91000000000003	Use compact arenas for default compressed storage and tight F32 budgets; preserve direct F32 speed when VRAM fits. Repeat lifecycle and full GPU correctness, including warm tight-budget equivalence	2026-09-07T04:41:37+00:00
E024F	memory_transfers	28d36988ce85543eb60f35f4b3b7ca2e7c6ccca3	keep	postflop.memory.warm.compressed.allocated_vram_mb	3825.205248	Use compact arenas for default compressed storage and tight F32 budgets; preserve direct F32 speed when VRAM fits. Repeat lifecycle and full GPU correctness, including warm tight-budget equivalence	2026-09-07T04:41:37+00:00
E024F	memory_transfers	28d36988ce85543eb60f35f4b3b7ca2e7c6ccca3	keep	postflop.memory.warm.compressed.host_live_mb	3765.891072	Use compact arenas for default compressed storage and tight F32 budgets; preserve direct F32 speed when VRAM fits. Repeat lifecycle and full GPU correctness, including warm tight-budget equivalence	2026-09-07T04:41:37+00:00
E024F	memory_transfers	28d36988ce85543eb60f35f4b3b7ca2e7c6ccca3	keep	postflop.memory.warm.compressed.host_private_mb	8324.100096	Use compact arenas for default compressed storage and tight F32 budgets; preserve direct F32 speed when VRAM fits. Repeat lifecycle and full GPU correctness, including warm tight-budget equivalence	2026-09-07T04:41:37+00:00
E024F	memory_transfers	28d36988ce85543eb60f35f4b3b7ca2e7c6ccca3	keep	postflop.memory.warm.compressed.init_ms	987.2476	Use compact arenas for default compressed storage and tight F32 budgets; preserve direct F32 speed when VRAM fits. Repeat lifecycle and full GPU correctness, including warm tight-budget equivalence	2026-09-07T04:41:37+00:00
E024F	memory_transfers	28d36988ce85543eb60f35f4b3b7ca2e7c6ccca3	keep	postflop.memory.warm.compressed.strategy_sync_ms	143.4751	Use compact arenas for default compressed storage and tight F32 budgets; preserve direct F32 speed when VRAM fits. Repeat lifecycle and full GPU correctness, including warm tight-budget equivalence	2026-09-07T04:41:37+00:00
E024F	memory_transfers	28d36988ce85543eb60f35f4b3b7ca2e7c6ccca3	keep	postflop.memory.warm.compressed.sync_ms	286.3809	Use compact arenas for default compressed storage and tight F32 budgets; preserve direct F32 speed when VRAM fits. Repeat lifecycle and full GPU correctness, including warm tight-budget equivalence	2026-09-07T04:41:37+00:00
B027	preflop_cuda	28d36988ce85543eb60f35f4b3b7ca2e7c6ccca3	baseline	preflop.2.iteration_ms	0.087	Fresh preflop 2/6/8-seat timing and complete-state control before terminal seat-count specialization; E024F supplies wider seat/menu/override references	2026-09-07T04:43:26+00:00
B027	preflop_cuda	28d36988ce85543eb60f35f4b3b7ca2e7c6ccca3	baseline	preflop.2.check_ms	0.276	Fresh preflop 2/6/8-seat timing and complete-state control before terminal seat-count specialization; E024F supplies wider seat/menu/override references	2026-09-07T04:43:26+00:00
B027	preflop_cuda	28d36988ce85543eb60f35f4b3b7ca2e7c6ccca3	baseline	preflop.2.sync_ms	0.017	Fresh preflop 2/6/8-seat timing and complete-state control before terminal seat-count specialization; E024F supplies wider seat/menu/override references	2026-09-07T04:43:26+00:00
B027	preflop_cuda	28d36988ce85543eb60f35f4b3b7ca2e7c6ccca3	baseline	preflop.6.iteration_ms	18.213	Fresh preflop 2/6/8-seat timing and complete-state control before terminal seat-count specialization; E024F supplies wider seat/menu/override references	2026-09-07T04:43:26+00:00
B027	preflop_cuda	28d36988ce85543eb60f35f4b3b7ca2e7c6ccca3	baseline	preflop.6.check_ms	13.091	Fresh preflop 2/6/8-seat timing and complete-state control before terminal seat-count specialization; E024F supplies wider seat/menu/override references	2026-09-07T04:43:26+00:00
B027	preflop_cuda	28d36988ce85543eb60f35f4b3b7ca2e7c6ccca3	baseline	preflop.6.sync_ms	26.578	Fresh preflop 2/6/8-seat timing and complete-state control before terminal seat-count specialization; E024F supplies wider seat/menu/override references	2026-09-07T04:43:26+00:00
B027	preflop_cuda	28d36988ce85543eb60f35f4b3b7ca2e7c6ccca3	baseline	preflop.8.iteration_ms	63.517	Fresh preflop 2/6/8-seat timing and complete-state control before terminal seat-count specialization; E024F supplies wider seat/menu/override references	2026-09-07T04:43:26+00:00
B027	preflop_cuda	28d36988ce85543eb60f35f4b3b7ca2e7c6ccca3	baseline	preflop.8.check_ms	41.704	Fresh preflop 2/6/8-seat timing and complete-state control before terminal seat-count specialization; E024F supplies wider seat/menu/override references	2026-09-07T04:43:26+00:00
B027	preflop_cuda	28d36988ce85543eb60f35f4b3b7ca2e7c6ccca3	baseline	preflop.8.sync_ms	69.527	Fresh preflop 2/6/8-seat timing and complete-state control before terminal seat-count specialization; E024F supplies wider seat/menu/override references	2026-09-07T04:43:26+00:00
E025	preflop_cuda	83dc839c7b0f3ada6a0ea6e3c82dc6e2e8e1395b	discard	preflop.2.iteration_ms	0.085	Specialize terminal seat loops for 2/6/8 players to remove dynamically indexed local mass arrays, retaining generic 2-9-seat support and exact multiply order	2026-09-07T04:45:27+00:00
E025	preflop_cuda	83dc839c7b0f3ada6a0ea6e3c82dc6e2e8e1395b	discard	preflop.2.check_ms	0.277	Specialize terminal seat loops for 2/6/8 players to remove dynamically indexed local mass arrays, retaining generic 2-9-seat support and exact multiply order	2026-09-07T04:45:27+00:00
E025	preflop_cuda	83dc839c7b0f3ada6a0ea6e3c82dc6e2e8e1395b	discard	preflop.2.sync_ms	0.017	Specialize terminal seat loops for 2/6/8 players to remove dynamically indexed local mass arrays, retaining generic 2-9-seat support and exact multiply order	2026-09-07T04:45:27+00:00
E025	preflop_cuda	83dc839c7b0f3ada6a0ea6e3c82dc6e2e8e1395b	discard	preflop.6.iteration_ms	17.622	Specialize terminal seat loops for 2/6/8 players to remove dynamically indexed local mass arrays, retaining generic 2-9-seat support and exact multiply order	2026-09-07T04:45:27+00:00
E025	preflop_cuda	83dc839c7b0f3ada6a0ea6e3c82dc6e2e8e1395b	discard	preflop.6.check_ms	13.317	Specialize terminal seat loops for 2/6/8 players to remove dynamically indexed local mass arrays, retaining generic 2-9-seat support and exact multiply order	2026-09-07T04:45:27+00:00
E025	preflop_cuda	83dc839c7b0f3ada6a0ea6e3c82dc6e2e8e1395b	discard	preflop.6.sync_ms	28.306	Specialize terminal seat loops for 2/6/8 players to remove dynamically indexed local mass arrays, retaining generic 2-9-seat support and exact multiply order	2026-09-07T04:45:27+00:00
E025	preflop_cuda	83dc839c7b0f3ada6a0ea6e3c82dc6e2e8e1395b	discard	preflop.8.iteration_ms	60.958	Specialize terminal seat loops for 2/6/8 players to remove dynamically indexed local mass arrays, retaining generic 2-9-seat support and exact multiply order	2026-09-07T04:45:27+00:00
E025	preflop_cuda	83dc839c7b0f3ada6a0ea6e3c82dc6e2e8e1395b	discard	preflop.8.check_ms	40.97	Specialize terminal seat loops for 2/6/8 players to remove dynamically indexed local mass arrays, retaining generic 2-9-seat support and exact multiply order	2026-09-07T04:45:27+00:00
E025	preflop_cuda	83dc839c7b0f3ada6a0ea6e3c82dc6e2e8e1395b	discard	preflop.8.sync_ms	68.114	Specialize terminal seat loops for 2/6/8 players to remove dynamically indexed local mass arrays, retaining generic 2-9-seat support and exact multiply order	2026-09-07T04:45:27+00:00
E025R	preflop_cuda	83dc839c7b0f3ada6a0ea6e3c82dc6e2e8e1395b	discard	preflop.2.iteration_ms	0.084	Repeat terminal seat specialization timing and validate full preflop GPU equivalence plus tight-cache budget fallback	2026-09-07T04:46:53+00:00
E025R	preflop_cuda	83dc839c7b0f3ada6a0ea6e3c82dc6e2e8e1395b	discard	preflop.2.check_ms	0.291	Repeat terminal seat specialization timing and validate full preflop GPU equivalence plus tight-cache budget fallback	2026-09-07T04:46:53+00:00
E025R	preflop_cuda	83dc839c7b0f3ada6a0ea6e3c82dc6e2e8e1395b	discard	preflop.2.sync_ms	0.024	Repeat terminal seat specialization timing and validate full preflop GPU equivalence plus tight-cache budget fallback	2026-09-07T04:46:53+00:00
E025R	preflop_cuda	83dc839c7b0f3ada6a0ea6e3c82dc6e2e8e1395b	discard	preflop.6.iteration_ms	17.547	Repeat terminal seat specialization timing and validate full preflop GPU equivalence plus tight-cache budget fallback	2026-09-07T04:46:53+00:00
E025R	preflop_cuda	83dc839c7b0f3ada6a0ea6e3c82dc6e2e8e1395b	discard	preflop.6.check_ms	13.204	Repeat terminal seat specialization timing and validate full preflop GPU equivalence plus tight-cache budget fallback	2026-09-07T04:46:53+00:00
E025R	preflop_cuda	83dc839c7b0f3ada6a0ea6e3c82dc6e2e8e1395b	discard	preflop.6.sync_ms	26.874	Repeat terminal seat specialization timing and validate full preflop GPU equivalence plus tight-cache budget fallback	2026-09-07T04:46:53+00:00
E025R	preflop_cuda	83dc839c7b0f3ada6a0ea6e3c82dc6e2e8e1395b	discard	preflop.8.iteration_ms	59.872	Repeat terminal seat specialization timing and validate full preflop GPU equivalence plus tight-cache budget fallback	2026-09-07T04:46:53+00:00
E025R	preflop_cuda	83dc839c7b0f3ada6a0ea6e3c82dc6e2e8e1395b	discard	preflop.8.check_ms	39.151	Repeat terminal seat specialization timing and validate full preflop GPU equivalence plus tight-cache budget fallback	2026-09-07T04:46:53+00:00
E025R	preflop_cuda	83dc839c7b0f3ada6a0ea6e3c82dc6e2e8e1395b	discard	preflop.8.sync_ms	65.04	Repeat terminal seat specialization timing and validate full preflop GPU equivalence plus tight-cache budget fallback	2026-09-07T04:46:53+00:00
E025B	preflop_cuda	8f2a92c7b9819ccd729ae1e26060ee4169113cbf	keep	preflop.2.iteration_ms	0.086	Dispatch separate 2/6/8-player terminal kernels at initialization, removing generic fallback register pressure from specialized paths and preserving other seat counts	2026-09-07T04:49:08+00:00
E025B	preflop_cuda	8f2a92c7b9819ccd729ae1e26060ee4169113cbf	keep	preflop.2.check_ms	0.334	Dispatch separate 2/6/8-player terminal kernels at initialization, removing generic fallback register pressure from specialized paths and preserving other seat counts	2026-09-07T04:49:08+00:00
E025B	preflop_cuda	8f2a92c7b9819ccd729ae1e26060ee4169113cbf	keep	preflop.2.sync_ms	0.017	Dispatch separate 2/6/8-player terminal kernels at initialization, removing generic fallback register pressure from specialized paths and preserving other seat counts	2026-09-07T04:49:08+00:00
E025B	preflop_cuda	8f2a92c7b9819ccd729ae1e26060ee4169113cbf	keep	preflop.6.iteration_ms	17.535	Dispatch separate 2/6/8-player terminal kernels at initialization, removing generic fallback register pressure from specialized paths and preserving other seat counts	2026-09-07T04:49:08+00:00
E025B	preflop_cuda	8f2a92c7b9819ccd729ae1e26060ee4169113cbf	keep	preflop.6.check_ms	13.305	Dispatch separate 2/6/8-player terminal kernels at initialization, removing generic fallback register pressure from specialized paths and preserving other seat counts	2026-09-07T04:49:08+00:00
E025B	preflop_cuda	8f2a92c7b9819ccd729ae1e26060ee4169113cbf	keep	preflop.6.sync_ms	25.722	Dispatch separate 2/6/8-player terminal kernels at initialization, removing generic fallback register pressure from specialized paths and preserving other seat counts	2026-09-07T04:49:08+00:00
E025B	preflop_cuda	8f2a92c7b9819ccd729ae1e26060ee4169113cbf	keep	preflop.8.iteration_ms	59.263	Dispatch separate 2/6/8-player terminal kernels at initialization, removing generic fallback register pressure from specialized paths and preserving other seat counts	2026-09-07T04:49:08+00:00
E025B	preflop_cuda	8f2a92c7b9819ccd729ae1e26060ee4169113cbf	keep	preflop.8.check_ms	38.815	Dispatch separate 2/6/8-player terminal kernels at initialization, removing generic fallback register pressure from specialized paths and preserving other seat counts	2026-09-07T04:49:08+00:00
E025B	preflop_cuda	8f2a92c7b9819ccd729ae1e26060ee4169113cbf	keep	preflop.8.sync_ms	69.079	Dispatch separate 2/6/8-player terminal kernels at initialization, removing generic fallback register pressure from specialized paths and preserving other seat counts	2026-09-07T04:49:08+00:00
E025BR	preflop_cuda	8f2a92c7b9819ccd729ae1e26060ee4169113cbf	keep	postflop.Ks7h2d.iso.allocated_vram_mb	6241.124352	Repeat separate terminal entry points with preflop GPU and budget tests; collect immediate postflop timing/capacity control before CFV lifetime reuse	2026-09-07T04:53:08+00:00
E025BR	preflop_cuda	8f2a92c7b9819ccd729ae1e26060ee4169113cbf	keep	postflop.Ks7h2d.iso.estimated_vram_mb	6716.6347	Repeat separate terminal entry points with preflop GPU and budget tests; collect immediate postflop timing/capacity control before CFV lifetime reuse	2026-09-07T04:53:08+00:00
E025BR	preflop_cuda	8f2a92c7b9819ccd729ae1e26060ee4169113cbf	keep	postflop.Ks7h2d.iso.init_ms	958.9462	Repeat separate terminal entry points with preflop GPU and budget tests; collect immediate postflop timing/capacity control before CFV lifetime reuse	2026-09-07T04:53:08+00:00
E025BR	preflop_cuda	8f2a92c7b9819ccd729ae1e26060ee4169113cbf	keep	postflop.Ks7h2d.iso.plan_build_ms	101.8055	Repeat separate terminal entry points with preflop GPU and budget tests; collect immediate postflop timing/capacity control before CFV lifetime reuse	2026-09-07T04:53:08+00:00
E025BR	preflop_cuda	8f2a92c7b9819ccd729ae1e26060ee4169113cbf	keep	postflop.Ks7h2d.iso.staging_memory_mb	3380.293588	Repeat separate terminal entry points with preflop GPU and budget tests; collect immediate postflop timing/capacity control before CFV lifetime reuse	2026-09-07T04:53:08+00:00
E025BR	preflop_cuda	8f2a92c7b9819ccd729ae1e26060ee4169113cbf	keep	postflop.Ks7s2d.iso.allocated_vram_mb	4932.501504	Repeat separate terminal entry points with preflop GPU and budget tests; collect immediate postflop timing/capacity control before CFV lifetime reuse	2026-09-07T04:53:08+00:00
E025BR	preflop_cuda	8f2a92c7b9819ccd729ae1e26060ee4169113cbf	keep	postflop.Ks7s2d.iso.estimated_vram_mb	6737.546704	Repeat separate terminal entry points with preflop GPU and budget tests; collect immediate postflop timing/capacity control before CFV lifetime reuse	2026-09-07T04:53:08+00:00
E025BR	preflop_cuda	8f2a92c7b9819ccd729ae1e26060ee4169113cbf	keep	postflop.Ks7s2d.iso.init_ms	661.6857	Repeat separate terminal entry points with preflop GPU and budget tests; collect immediate postflop timing/capacity control before CFV lifetime reuse	2026-09-07T04:53:08+00:00
E025BR	preflop_cuda	8f2a92c7b9819ccd729ae1e26060ee4169113cbf	keep	postflop.Ks7s2d.iso.plan_build_ms	94.8851	Repeat separate terminal entry points with preflop GPU and budget tests; collect immediate postflop timing/capacity control before CFV lifetime reuse	2026-09-07T04:53:08+00:00
E025BR	preflop_cuda	8f2a92c7b9819ccd729ae1e26060ee4169113cbf	keep	postflop.Ks7s2d.iso.staging_memory_mb	2063.622928	Repeat separate terminal entry points with preflop GPU and budget tests; collect immediate postflop timing/capacity control before CFV lifetime reuse	2026-09-07T04:53:08+00:00
E025BR	preflop_cuda	8f2a92c7b9819ccd729ae1e26060ee4169113cbf	keep	postflop.Ks7s2d.full.allocated_vram_mb	6274.678784	Repeat separate terminal entry points with preflop GPU and budget tests; collect immediate postflop timing/capacity control before CFV lifetime reuse	2026-09-07T04:53:08+00:00
E025BR	preflop_cuda	8f2a92c7b9819ccd729ae1e26060ee4169113cbf	keep	postflop.Ks7s2d.full.estimated_vram_mb	6737.546704	Repeat separate terminal entry points with preflop GPU and budget tests; collect immediate postflop timing/capacity control before CFV lifetime reuse	2026-09-07T04:53:08+00:00
E025BR	preflop_cuda	8f2a92c7b9819ccd729ae1e26060ee4169113cbf	keep	postflop.Ks7s2d.full.init_ms	745.6814	Repeat separate terminal entry points with preflop GPU and budget tests; collect immediate postflop timing/capacity control before CFV lifetime reuse	2026-09-07T04:53:08+00:00
E025BR	preflop_cuda	8f2a92c7b9819ccd729ae1e26060ee4169113cbf	keep	postflop.Ks7s2d.full.plan_build_ms	98.5857	Repeat separate terminal entry points with preflop GPU and budget tests; collect immediate postflop timing/capacity control before CFV lifetime reuse	2026-09-07T04:53:08+00:00
E025BR	preflop_cuda	8f2a92c7b9819ccd729ae1e26060ee4169113cbf	keep	postflop.Ks7s2d.full.staging_memory_mb	3391.473816	Repeat separate terminal entry points with preflop GPU and budget tests; collect immediate postflop timing/capacity control before CFV lifetime reuse	2026-09-07T04:53:08+00:00
E025BR	preflop_cuda	8f2a92c7b9819ccd729ae1e26060ee4169113cbf	keep	postflop.Ks7h2d.init_ms	1272.236	Repeat separate terminal entry points with preflop GPU and budget tests; collect immediate postflop timing/capacity control before CFV lifetime reuse	2026-09-07T04:53:08+00:00
E025BR	preflop_cuda	8f2a92c7b9819ccd729ae1e26060ee4169113cbf	keep	postflop.Ks7h2d.iteration_ms	52.444	Repeat separate terminal entry points with preflop GPU and budget tests; collect immediate postflop timing/capacity control before CFV lifetime reuse	2026-09-07T04:53:08+00:00
E025BR	preflop_cuda	8f2a92c7b9819ccd729ae1e26060ee4169113cbf	keep	postflop.Ks7h2d.check_ms	35.472	Repeat separate terminal entry points with preflop GPU and budget tests; collect immediate postflop timing/capacity control before CFV lifetime reuse	2026-09-07T04:53:08+00:00
E025BR	preflop_cuda	8f2a92c7b9819ccd729ae1e26060ee4169113cbf	keep	postflop.Ks7s2d.init_ms	850.005	Repeat separate terminal entry points with preflop GPU and budget tests; collect immediate postflop timing/capacity control before CFV lifetime reuse	2026-09-07T04:53:08+00:00
E025BR	preflop_cuda	8f2a92c7b9819ccd729ae1e26060ee4169113cbf	keep	postflop.Ks7s2d.iteration_ms	31.759	Repeat separate terminal entry points with preflop GPU and budget tests; collect immediate postflop timing/capacity control before CFV lifetime reuse	2026-09-07T04:53:08+00:00
E025BR	preflop_cuda	8f2a92c7b9819ccd729ae1e26060ee4169113cbf	keep	postflop.Ks7s2d.check_ms	28.667	Repeat separate terminal entry points with preflop GPU and budget tests; collect immediate postflop timing/capacity control before CFV lifetime reuse	2026-09-07T04:53:08+00:00
E025BR	preflop_cuda	8f2a92c7b9819ccd729ae1e26060ee4169113cbf	keep	postflop.Ks7h2dQhTc.init_ms	64.713	Repeat separate terminal entry points with preflop GPU and budget tests; collect immediate postflop timing/capacity control before CFV lifetime reuse	2026-09-07T04:53:08+00:00
E025BR	preflop_cuda	8f2a92c7b9819ccd729ae1e26060ee4169113cbf	keep	postflop.Ks7h2dQhTc.iteration_ms	0.257	Repeat separate terminal entry points with preflop GPU and budget tests; collect immediate postflop timing/capacity control before CFV lifetime reuse	2026-09-07T04:53:08+00:00
E025BR	preflop_cuda	8f2a92c7b9819ccd729ae1e26060ee4169113cbf	keep	postflop.Ks7h2dQhTc.check_ms	0.594	Repeat separate terminal entry points with preflop GPU and budget tests; collect immediate postflop timing/capacity control before CFV lifetime reuse	2026-09-07T04:53:08+00:00
E025BR	preflop_cuda	8f2a92c7b9819ccd729ae1e26060ee4169113cbf	keep	preflop.2.iteration_ms	0.085	Repeat separate terminal entry points with preflop GPU and budget tests; collect immediate postflop timing/capacity control before CFV lifetime reuse	2026-09-07T04:53:08+00:00
E025BR	preflop_cuda	8f2a92c7b9819ccd729ae1e26060ee4169113cbf	keep	preflop.2.check_ms	0.309	Repeat separate terminal entry points with preflop GPU and budget tests; collect immediate postflop timing/capacity control before CFV lifetime reuse	2026-09-07T04:53:08+00:00
E025BR	preflop_cuda	8f2a92c7b9819ccd729ae1e26060ee4169113cbf	keep	preflop.2.sync_ms	0.023	Repeat separate terminal entry points with preflop GPU and budget tests; collect immediate postflop timing/capacity control before CFV lifetime reuse	2026-09-07T04:53:08+00:00
E025BR	preflop_cuda	8f2a92c7b9819ccd729ae1e26060ee4169113cbf	keep	preflop.6.iteration_ms	16.183	Repeat separate terminal entry points with preflop GPU and budget tests; collect immediate postflop timing/capacity control before CFV lifetime reuse	2026-09-07T04:53:08+00:00
E025BR	preflop_cuda	8f2a92c7b9819ccd729ae1e26060ee4169113cbf	keep	preflop.6.check_ms	11.999	Repeat separate terminal entry points with preflop GPU and budget tests; collect immediate postflop timing/capacity control before CFV lifetime reuse	2026-09-07T04:53:08+00:00
E025BR	preflop_cuda	8f2a92c7b9819ccd729ae1e26060ee4169113cbf	keep	preflop.6.sync_ms	24.731	Repeat separate terminal entry points with preflop GPU and budget tests; collect immediate postflop timing/capacity control before CFV lifetime reuse	2026-09-07T04:53:08+00:00
E025BR	preflop_cuda	8f2a92c7b9819ccd729ae1e26060ee4169113cbf	keep	preflop.8.iteration_ms	60.351	Repeat separate terminal entry points with preflop GPU and budget tests; collect immediate postflop timing/capacity control before CFV lifetime reuse	2026-09-07T04:53:08+00:00
E025BR	preflop_cuda	8f2a92c7b9819ccd729ae1e26060ee4169113cbf	keep	preflop.8.check_ms	38.857	Repeat separate terminal entry points with preflop GPU and budget tests; collect immediate postflop timing/capacity control before CFV lifetime reuse	2026-09-07T04:53:08+00:00
E025BR	preflop_cuda	8f2a92c7b9819ccd729ae1e26060ee4169113cbf	keep	preflop.8.sync_ms	67.14	Repeat separate terminal entry points with preflop GPU and budget tests; collect immediate postflop timing/capacity control before CFV lifetime reuse	2026-09-07T04:53:08+00:00
E026A	memory_transfers	bc699c7195b02a8a9e30d8d54ec6ef2fb3e27ac1	keep	postflop.Ks7h2d.iso.allocated_vram_mb	5905.580032	Rebuild verified current CFV lifetime-reuse source after repairing stale-mtime build caching, then measure capacity, speed and all exact postflop state controls	2026-09-07T04:59:31+00:00
E026A	memory_transfers	bc699c7195b02a8a9e30d8d54ec6ef2fb3e27ac1	keep	postflop.Ks7h2d.iso.estimated_vram_mb	6716.6347	Rebuild verified current CFV lifetime-reuse source after repairing stale-mtime build caching, then measure capacity, speed and all exact postflop state controls	2026-09-07T04:59:31+00:00
E026A	memory_transfers	bc699c7195b02a8a9e30d8d54ec6ef2fb3e27ac1	keep	postflop.Ks7h2d.iso.init_ms	993.1186	Rebuild verified current CFV lifetime-reuse source after repairing stale-mtime build caching, then measure capacity, speed and all exact postflop state controls	2026-09-07T04:59:31+00:00
E026A	memory_transfers	bc699c7195b02a8a9e30d8d54ec6ef2fb3e27ac1	keep	postflop.Ks7h2d.iso.plan_build_ms	111.5767	Rebuild verified current CFV lifetime-reuse source after repairing stale-mtime build caching, then measure capacity, speed and all exact postflop state controls	2026-09-07T04:59:31+00:00
E026A	memory_transfers	bc699c7195b02a8a9e30d8d54ec6ef2fb3e27ac1	keep	postflop.Ks7h2d.iso.staging_memory_mb	3052.063004	Rebuild verified current CFV lifetime-reuse source after repairing stale-mtime build caching, then measure capacity, speed and all exact postflop state controls	2026-09-07T04:59:31+00:00
E026A	memory_transfers	bc699c7195b02a8a9e30d8d54ec6ef2fb3e27ac1	keep	postflop.Ks7s2d.iso.allocated_vram_mb	4731.174912	Rebuild verified current CFV lifetime-reuse source after repairing stale-mtime build caching, then measure capacity, speed and all exact postflop state controls	2026-09-07T04:59:31+00:00
E026A	memory_transfers	bc699c7195b02a8a9e30d8d54ec6ef2fb3e27ac1	keep	postflop.Ks7s2d.iso.estimated_vram_mb	6737.546704	Rebuild verified current CFV lifetime-reuse source after repairing stale-mtime build caching, then measure capacity, speed and all exact postflop state controls	2026-09-07T04:59:31+00:00
E026A	memory_transfers	bc699c7195b02a8a9e30d8d54ec6ef2fb3e27ac1	keep	postflop.Ks7s2d.iso.init_ms	663.1236	Rebuild verified current CFV lifetime-reuse source after repairing stale-mtime build caching, then measure capacity, speed and all exact postflop state controls	2026-09-07T04:59:31+00:00
E026A	memory_transfers	bc699c7195b02a8a9e30d8d54ec6ef2fb3e27ac1	keep	postflop.Ks7s2d.iso.plan_build_ms	93.3129	Rebuild verified current CFV lifetime-reuse source after repairing stale-mtime build caching, then measure capacity, speed and all exact postflop state controls	2026-09-07T04:59:31+00:00
E026A	memory_transfers	bc699c7195b02a8a9e30d8d54ec6ef2fb3e27ac1	keep	postflop.Ks7s2d.iso.staging_memory_mb	1862.657808	Rebuild verified current CFV lifetime-reuse source after repairing stale-mtime build caching, then measure capacity, speed and all exact postflop state controls	2026-09-07T04:59:31+00:00
E026A	memory_transfers	bc699c7195b02a8a9e30d8d54ec6ef2fb3e27ac1	keep	postflop.Ks7s2d.full.allocated_vram_mb	5939.134464	Rebuild verified current CFV lifetime-reuse source after repairing stale-mtime build caching, then measure capacity, speed and all exact postflop state controls	2026-09-07T04:59:31+00:00
E026A	memory_transfers	bc699c7195b02a8a9e30d8d54ec6ef2fb3e27ac1	keep	postflop.Ks7s2d.full.estimated_vram_mb	6737.546704	Rebuild verified current CFV lifetime-reuse source after repairing stale-mtime build caching, then measure capacity, speed and all exact postflop state controls	2026-09-07T04:59:31+00:00
E026A	memory_transfers	bc699c7195b02a8a9e30d8d54ec6ef2fb3e27ac1	keep	postflop.Ks7s2d.full.init_ms	758.6101	Rebuild verified current CFV lifetime-reuse source after repairing stale-mtime build caching, then measure capacity, speed and all exact postflop state controls	2026-09-07T04:59:31+00:00
E026A	memory_transfers	bc699c7195b02a8a9e30d8d54ec6ef2fb3e27ac1	keep	postflop.Ks7s2d.full.plan_build_ms	104.0598	Rebuild verified current CFV lifetime-reuse source after repairing stale-mtime build caching, then measure capacity, speed and all exact postflop state controls	2026-09-07T04:59:31+00:00
E026A	memory_transfers	bc699c7195b02a8a9e30d8d54ec6ef2fb3e27ac1	keep	postflop.Ks7s2d.full.staging_memory_mb	3062.214296	Rebuild verified current CFV lifetime-reuse source after repairing stale-mtime build caching, then measure capacity, speed and all exact postflop state controls	2026-09-07T04:59:31+00:00
E026A	memory_transfers	bc699c7195b02a8a9e30d8d54ec6ef2fb3e27ac1	keep	postflop.Ks7h2d.init_ms	1227.889	Rebuild verified current CFV lifetime-reuse source after repairing stale-mtime build caching, then measure capacity, speed and all exact postflop state controls	2026-09-07T04:59:31+00:00
E026A	memory_transfers	bc699c7195b02a8a9e30d8d54ec6ef2fb3e27ac1	keep	postflop.Ks7h2d.iteration_ms	51.724	Rebuild verified current CFV lifetime-reuse source after repairing stale-mtime build caching, then measure capacity, speed and all exact postflop state controls	2026-09-07T04:59:31+00:00
E026A	memory_transfers	bc699c7195b02a8a9e30d8d54ec6ef2fb3e27ac1	keep	postflop.Ks7h2d.check_ms	34.758	Rebuild verified current CFV lifetime-reuse source after repairing stale-mtime build caching, then measure capacity, speed and all exact postflop state controls	2026-09-07T04:59:31+00:00
E026A	memory_transfers	bc699c7195b02a8a9e30d8d54ec6ef2fb3e27ac1	keep	postflop.Ks7s2d.init_ms	782.305	Rebuild verified current CFV lifetime-reuse source after repairing stale-mtime build caching, then measure capacity, speed and all exact postflop state controls	2026-09-07T04:59:31+00:00
E026A	memory_transfers	bc699c7195b02a8a9e30d8d54ec6ef2fb3e27ac1	keep	postflop.Ks7s2d.iteration_ms	31.379	Rebuild verified current CFV lifetime-reuse source after repairing stale-mtime build caching, then measure capacity, speed and all exact postflop state controls	2026-09-07T04:59:31+00:00
E026A	memory_transfers	bc699c7195b02a8a9e30d8d54ec6ef2fb3e27ac1	keep	postflop.Ks7s2d.check_ms	28.053	Rebuild verified current CFV lifetime-reuse source after repairing stale-mtime build caching, then measure capacity, speed and all exact postflop state controls	2026-09-07T04:59:31+00:00
E026A	memory_transfers	bc699c7195b02a8a9e30d8d54ec6ef2fb3e27ac1	keep	postflop.Ks7h2dQhTc.init_ms	60.782	Rebuild verified current CFV lifetime-reuse source after repairing stale-mtime build caching, then measure capacity, speed and all exact postflop state controls	2026-09-07T04:59:31+00:00
E026A	memory_transfers	bc699c7195b02a8a9e30d8d54ec6ef2fb3e27ac1	keep	postflop.Ks7h2dQhTc.iteration_ms	0.283	Rebuild verified current CFV lifetime-reuse source after repairing stale-mtime build caching, then measure capacity, speed and all exact postflop state controls	2026-09-07T04:59:31+00:00
E026A	memory_transfers	bc699c7195b02a8a9e30d8d54ec6ef2fb3e27ac1	keep	postflop.Ks7h2dQhTc.check_ms	0.547	Rebuild verified current CFV lifetime-reuse source after repairing stale-mtime build caching, then measure capacity, speed and all exact postflop state controls	2026-09-07T04:59:31+00:00
E026R	memory_transfers	bc699c7195b02a8a9e30d8d54ec6ef2fb3e27ac1	keep	postflop.memory.cold.f32.allocated_vram_mb	4731.174912	Repeat CFV lifetime reuse on default compressed lifecycle, validate GPU suite and unchanged fixed postflop accuracy targets	2026-09-07T05:01:53+00:00
E026R	memory_transfers	bc699c7195b02a8a9e30d8d54ec6ef2fb3e27ac1	keep	postflop.memory.cold.f32.host_live_mb	3917.725696	Repeat CFV lifetime reuse on default compressed lifecycle, validate GPU suite and unchanged fixed postflop accuracy targets	2026-09-07T05:01:53+00:00
E026R	memory_transfers	bc699c7195b02a8a9e30d8d54ec6ef2fb3e27ac1	keep	postflop.memory.cold.f32.host_private_mb	9231.069184	Repeat CFV lifetime reuse on default compressed lifecycle, validate GPU suite and unchanged fixed postflop accuracy targets	2026-09-07T05:01:53+00:00
E026R	memory_transfers	bc699c7195b02a8a9e30d8d54ec6ef2fb3e27ac1	keep	postflop.memory.cold.f32.init_ms	697.9680999999999	Repeat CFV lifetime reuse on default compressed lifecycle, validate GPU suite and unchanged fixed postflop accuracy targets	2026-09-07T05:01:53+00:00
E026R	memory_transfers	bc699c7195b02a8a9e30d8d54ec6ef2fb3e27ac1	keep	postflop.memory.cold.f32.strategy_sync_ms	152.418	Repeat CFV lifetime reuse on default compressed lifecycle, validate GPU suite and unchanged fixed postflop accuracy targets	2026-09-07T05:01:53+00:00
E026R	memory_transfers	bc699c7195b02a8a9e30d8d54ec6ef2fb3e27ac1	keep	postflop.memory.cold.f32.sync_ms	311.9439	Repeat CFV lifetime reuse on default compressed lifecycle, validate GPU suite and unchanged fixed postflop accuracy targets	2026-09-07T05:01:53+00:00
E026R	memory_transfers	bc699c7195b02a8a9e30d8d54ec6ef2fb3e27ac1	keep	postflop.memory.warm.f32.allocated_vram_mb	4731.174912	Repeat CFV lifetime reuse on default compressed lifecycle, validate GPU suite and unchanged fixed postflop accuracy targets	2026-09-07T05:01:53+00:00
E026R	memory_transfers	bc699c7195b02a8a9e30d8d54ec6ef2fb3e27ac1	keep	postflop.memory.warm.f32.host_live_mb	3936.702464	Repeat CFV lifetime reuse on default compressed lifecycle, validate GPU suite and unchanged fixed postflop accuracy targets	2026-09-07T05:01:53+00:00
E026R	memory_transfers	bc699c7195b02a8a9e30d8d54ec6ef2fb3e27ac1	keep	postflop.memory.warm.f32.host_private_mb	9246.359552	Repeat CFV lifetime reuse on default compressed lifecycle, validate GPU suite and unchanged fixed postflop accuracy targets	2026-09-07T05:01:53+00:00
E026R	memory_transfers	bc699c7195b02a8a9e30d8d54ec6ef2fb3e27ac1	keep	postflop.memory.warm.f32.init_ms	697.3841	Repeat CFV lifetime reuse on default compressed lifecycle, validate GPU suite and unchanged fixed postflop accuracy targets	2026-09-07T05:01:53+00:00
E026R	memory_transfers	bc699c7195b02a8a9e30d8d54ec6ef2fb3e27ac1	keep	postflop.memory.warm.f32.strategy_sync_ms	155.1129	Repeat CFV lifetime reuse on default compressed lifecycle, validate GPU suite and unchanged fixed postflop accuracy targets	2026-09-07T05:01:53+00:00
E026R	memory_transfers	bc699c7195b02a8a9e30d8d54ec6ef2fb3e27ac1	keep	postflop.memory.warm.f32.sync_ms	314.3326	Repeat CFV lifetime reuse on default compressed lifecycle, validate GPU suite and unchanged fixed postflop accuracy targets	2026-09-07T05:01:53+00:00
E026R	memory_transfers	bc699c7195b02a8a9e30d8d54ec6ef2fb3e27ac1	keep	postflop.memory.cold.compressed.allocated_vram_mb	3623.878656	Repeat CFV lifetime reuse on default compressed lifecycle, validate GPU suite and unchanged fixed postflop accuracy targets	2026-09-07T05:01:53+00:00
E026R	memory_transfers	bc699c7195b02a8a9e30d8d54ec6ef2fb3e27ac1	keep	postflop.memory.cold.compressed.host_live_mb	2303.987712	Repeat CFV lifetime reuse on default compressed lifecycle, validate GPU suite and unchanged fixed postflop accuracy targets	2026-09-07T05:01:53+00:00
E026R	memory_transfers	bc699c7195b02a8a9e30d8d54ec6ef2fb3e27ac1	keep	postflop.memory.cold.compressed.host_private_mb	6506.487808	Repeat CFV lifetime reuse on default compressed lifecycle, validate GPU suite and unchanged fixed postflop accuracy targets	2026-09-07T05:01:53+00:00
E026R	memory_transfers	bc699c7195b02a8a9e30d8d54ec6ef2fb3e27ac1	keep	postflop.memory.cold.compressed.init_ms	587.252	Repeat CFV lifetime reuse on default compressed lifecycle, validate GPU suite and unchanged fixed postflop accuracy targets	2026-09-07T05:01:53+00:00
E026R	memory_transfers	bc699c7195b02a8a9e30d8d54ec6ef2fb3e27ac1	keep	postflop.memory.cold.compressed.strategy_sync_ms	118.6593	Repeat CFV lifetime reuse on default compressed lifecycle, validate GPU suite and unchanged fixed postflop accuracy targets	2026-09-07T05:01:53+00:00
E026R	memory_transfers	bc699c7195b02a8a9e30d8d54ec6ef2fb3e27ac1	keep	postflop.memory.cold.compressed.sync_ms	244.0917	Repeat CFV lifetime reuse on default compressed lifecycle, validate GPU suite and unchanged fixed postflop accuracy targets	2026-09-07T05:01:53+00:00
E026R	memory_transfers	bc699c7195b02a8a9e30d8d54ec6ef2fb3e27ac1	keep	postflop.memory.warm.compressed.allocated_vram_mb	3623.878656	Repeat CFV lifetime reuse on default compressed lifecycle, validate GPU suite and unchanged fixed postflop accuracy targets	2026-09-07T05:01:53+00:00
E026R	memory_transfers	bc699c7195b02a8a9e30d8d54ec6ef2fb3e27ac1	keep	postflop.memory.warm.compressed.host_live_mb	3769.270272	Repeat CFV lifetime reuse on default compressed lifecycle, validate GPU suite and unchanged fixed postflop accuracy targets	2026-09-07T05:01:53+00:00
E026R	memory_transfers	bc699c7195b02a8a9e30d8d54ec6ef2fb3e27ac1	keep	postflop.memory.warm.compressed.host_private_mb	8126.603264	Repeat CFV lifetime reuse on default compressed lifecycle, validate GPU suite and unchanged fixed postflop accuracy targets	2026-09-07T05:01:53+00:00
E026R	memory_transfers	bc699c7195b02a8a9e30d8d54ec6ef2fb3e27ac1	keep	postflop.memory.warm.compressed.init_ms	964.0419999999999	Repeat CFV lifetime reuse on default compressed lifecycle, validate GPU suite and unchanged fixed postflop accuracy targets	2026-09-07T05:01:53+00:00
E026R	memory_transfers	bc699c7195b02a8a9e30d8d54ec6ef2fb3e27ac1	keep	postflop.memory.warm.compressed.strategy_sync_ms	141.5005	Repeat CFV lifetime reuse on default compressed lifecycle, validate GPU suite and unchanged fixed postflop accuracy targets	2026-09-07T05:01:53+00:00
E026R	memory_transfers	bc699c7195b02a8a9e30d8d54ec6ef2fb3e27ac1	keep	postflop.memory.warm.compressed.sync_ms	283.9759	Repeat CFV lifetime reuse on default compressed lifecycle, validate GPU suite and unchanged fixed postflop accuracy targets	2026-09-07T05:01:53+00:00
E026R	memory_transfers	bc699c7195b02a8a9e30d8d54ec6ef2fb3e27ac1	keep	postflop.Ks7h2d.target_seconds	10.664	Repeat CFV lifetime reuse on default compressed lifecycle, validate GPU suite and unchanged fixed postflop accuracy targets	2026-09-07T05:01:53+00:00
E026R	memory_transfers	bc699c7195b02a8a9e30d8d54ec6ef2fb3e27ac1	keep	postflop.Ks7s2d.target_seconds	6.525	Repeat CFV lifetime reuse on default compressed lifecycle, validate GPU suite and unchanged fixed postflop accuracy targets	2026-09-07T05:01:53+00:00
E026R	memory_transfers	bc699c7195b02a8a9e30d8d54ec6ef2fb3e27ac1	keep	postflop.Ks7h2dQhTc.target_seconds	0.019	Repeat CFV lifetime reuse on default compressed lifecycle, validate GPU suite and unchanged fixed postflop accuracy targets	2026-09-07T05:01:53+00:00
B028	memory_transfers	bc699c7195b02a8a9e30d8d54ec6ef2fb3e27ac1	baseline	reports.adaptation_seconds	4.914	Fresh default-compressed rainbow report adaptation and continuation reference before optimizing full-arena staging and encoding	2026-09-07T05:05:36+00:00
B029	memory_transfers	e342fbb7333ecc93c8ee59ee6b6efe0ca67ce2b7	baseline	postflop.memory.rainbow.cold.compressed.allocated_vram_mb	5905.580032	Cold/warm rainbow compressed full-arena host memory, initialization and transfer reference before direct pinned staging and parallel encode	2026-09-07T05:07:12+00:00
B029	memory_transfers	e342fbb7333ecc93c8ee59ee6b6efe0ca67ce2b7	baseline	postflop.memory.rainbow.cold.compressed.host_live_mb	3309.121536	Cold/warm rainbow compressed full-arena host memory, initialization and transfer reference before direct pinned staging and parallel encode	2026-09-07T05:07:12+00:00
B029	memory_transfers	e342fbb7333ecc93c8ee59ee6b6efe0ca67ce2b7	baseline	postflop.memory.rainbow.cold.compressed.host_private_mb	9568.632832	Cold/warm rainbow compressed full-arena host memory, initialization and transfer reference before direct pinned staging and parallel encode	2026-09-07T05:07:12+00:00
B029	memory_transfers	e342fbb7333ecc93c8ee59ee6b6efe0ca67ce2b7	baseline	postflop.memory.rainbow.cold.compressed.init_ms	1314.2924	Cold/warm rainbow compressed full-arena host memory, initialization and transfer reference before direct pinned staging and parallel encode	2026-09-07T05:07:12+00:00
B029	memory_transfers	e342fbb7333ecc93c8ee59ee6b6efe0ca67ce2b7	baseline	postflop.memory.rainbow.cold.compressed.strategy_sync_ms	631.1427	Cold/warm rainbow compressed full-arena host memory, initialization and transfer reference before direct pinned staging and parallel encode	2026-09-07T05:07:12+00:00
B029	memory_transfers	e342fbb7333ecc93c8ee59ee6b6efe0ca67ce2b7	baseline	postflop.memory.rainbow.cold.compressed.sync_ms	1203.8546000000001	Cold/warm rainbow compressed full-arena host memory, initialization and transfer reference before direct pinned staging and parallel encode	2026-09-07T05:07:12+00:00
B029	memory_transfers	e342fbb7333ecc93c8ee59ee6b6efe0ca67ce2b7	baseline	postflop.memory.rainbow.warm.compressed.allocated_vram_mb	5905.580032	Cold/warm rainbow compressed full-arena host memory, initialization and transfer reference before direct pinned staging and parallel encode	2026-09-07T05:07:12+00:00
B029	memory_transfers	e342fbb7333ecc93c8ee59ee6b6efe0ca67ce2b7	baseline	postflop.memory.rainbow.warm.compressed.host_live_mb	3317.088256	Cold/warm rainbow compressed full-arena host memory, initialization and transfer reference before direct pinned staging and parallel encode	2026-09-07T05:07:12+00:00
B029	memory_transfers	e342fbb7333ecc93c8ee59ee6b6efe0ca67ce2b7	baseline	postflop.memory.rainbow.warm.compressed.host_private_mb	9574.076416	Cold/warm rainbow compressed full-arena host memory, initialization and transfer reference before direct pinned staging and parallel encode	2026-09-07T05:07:12+00:00
B029	memory_transfers	e342fbb7333ecc93c8ee59ee6b6efe0ca67ce2b7	baseline	postflop.memory.rainbow.warm.compressed.init_ms	1344.4519	Cold/warm rainbow compressed full-arena host memory, initialization and transfer reference before direct pinned staging and parallel encode	2026-09-07T05:07:12+00:00
B029	memory_transfers	e342fbb7333ecc93c8ee59ee6b6efe0ca67ce2b7	baseline	postflop.memory.rainbow.warm.compressed.strategy_sync_ms	659.9166	Cold/warm rainbow compressed full-arena host memory, initialization and transfer reference before direct pinned staging and parallel encode	2026-09-07T05:07:12+00:00
B029	memory_transfers	e342fbb7333ecc93c8ee59ee6b6efe0ca67ce2b7	baseline	postflop.memory.rainbow.warm.compressed.sync_ms	1270.0653	Cold/warm rainbow compressed full-arena host memory, initialization and transfer reference before direct pinned staging and parallel encode	2026-09-07T05:07:12+00:00
E027	memory_transfers	09ad3d15a67f827718765c6dc6adc7537ba6603e	keep	postflop.memory.rainbow.cold.compressed.allocated_vram_mb	5905.580032	Full compressed arenas decode directly into existing pinned staging and encode independent nodes in parallel, removing temporary arena images without numerical changes	2026-09-07T05:09:15+00:00
E027	memory_transfers	09ad3d15a67f827718765c6dc6adc7537ba6603e	keep	postflop.memory.rainbow.cold.compressed.host_live_mb	2584.039424	Full compressed arenas decode directly into existing pinned staging and encode independent nodes in parallel, removing temporary arena images without numerical changes	2026-09-07T05:09:15+00:00
E027	memory_transfers	09ad3d15a67f827718765c6dc6adc7537ba6603e	keep	postflop.memory.rainbow.cold.compressed.host_private_mb	9086.087168	Full compressed arenas decode directly into existing pinned staging and encode independent nodes in parallel, removing temporary arena images without numerical changes	2026-09-07T05:09:15+00:00
E027	memory_transfers	09ad3d15a67f827718765c6dc6adc7537ba6603e	keep	postflop.memory.rainbow.cold.compressed.init_ms	805.9534	Full compressed arenas decode directly into existing pinned staging and encode independent nodes in parallel, removing temporary arena images without numerical changes	2026-09-07T05:09:15+00:00
E027	memory_transfers	09ad3d15a67f827718765c6dc6adc7537ba6603e	keep	postflop.memory.rainbow.cold.compressed.strategy_sync_ms	166.33229999999998	Full compressed arenas decode directly into existing pinned staging and encode independent nodes in parallel, removing temporary arena images without numerical changes	2026-09-07T05:09:15+00:00
E027	memory_transfers	09ad3d15a67f827718765c6dc6adc7537ba6603e	keep	postflop.memory.rainbow.cold.compressed.sync_ms	331.2705	Full compressed arenas decode directly into existing pinned staging and encode independent nodes in parallel, removing temporary arena images without numerical changes	2026-09-07T05:09:15+00:00
E027	memory_transfers	09ad3d15a67f827718765c6dc6adc7537ba6603e	keep	postflop.memory.rainbow.warm.compressed.allocated_vram_mb	5905.580032	Full compressed arenas decode directly into existing pinned staging and encode independent nodes in parallel, removing temporary arena images without numerical changes	2026-09-07T05:09:15+00:00
E027	memory_transfers	09ad3d15a67f827718765c6dc6adc7537ba6603e	keep	postflop.memory.rainbow.warm.compressed.host_live_mb	2594.476032	Full compressed arenas decode directly into existing pinned staging and encode independent nodes in parallel, removing temporary arena images without numerical changes	2026-09-07T05:09:15+00:00
E027	memory_transfers	09ad3d15a67f827718765c6dc6adc7537ba6603e	keep	postflop.memory.rainbow.warm.compressed.host_private_mb	9087.574016	Full compressed arenas decode directly into existing pinned staging and encode independent nodes in parallel, removing temporary arena images without numerical changes	2026-09-07T05:09:15+00:00
E027	memory_transfers	09ad3d15a67f827718765c6dc6adc7537ba6603e	keep	postflop.memory.rainbow.warm.compressed.init_ms	800.5723	Full compressed arenas decode directly into existing pinned staging and encode independent nodes in parallel, removing temporary arena images without numerical changes	2026-09-07T05:09:15+00:00
E027	memory_transfers	09ad3d15a67f827718765c6dc6adc7537ba6603e	keep	postflop.memory.rainbow.warm.compressed.strategy_sync_ms	163.0888	Full compressed arenas decode directly into existing pinned staging and encode independent nodes in parallel, removing temporary arena images without numerical changes	2026-09-07T05:09:15+00:00
E027	memory_transfers	09ad3d15a67f827718765c6dc6adc7537ba6603e	keep	postflop.memory.rainbow.warm.compressed.sync_ms	329.3583	Full compressed arenas decode directly into existing pinned staging and encode independent nodes in parallel, removing temporary arena images without numerical changes	2026-09-07T05:09:15+00:00
E027S	memory_transfers	09ad3d15a67f827718765c6dc6adc7537ba6603e	keep	reports.adaptation_seconds	3.734	Verify full compressed transfers in the server reporting and continuation path	2026-09-07T05:16:00+00:00
E027R	memory_transfers	09ad3d15a67f827718765c6dc6adc7537ba6603e	keep	postflop.memory.rainbow.cold.compressed.allocated_vram_mb	5905.580032	Repeat full compressed staging transfer measurements before retention	2026-09-07T05:17:12+00:00
E027R	memory_transfers	09ad3d15a67f827718765c6dc6adc7537ba6603e	keep	postflop.memory.rainbow.cold.compressed.host_live_mb	2585.25184	Repeat full compressed staging transfer measurements before retention	2026-09-07T05:17:12+00:00
E027R	memory_transfers	09ad3d15a67f827718765c6dc6adc7537ba6603e	keep	postflop.memory.rainbow.cold.compressed.host_private_mb	9082.421248	Repeat full compressed staging transfer measurements before retention	2026-09-07T05:17:12+00:00
E027R	memory_transfers	09ad3d15a67f827718765c6dc6adc7537ba6603e	keep	postflop.memory.rainbow.cold.compressed.init_ms	841.236	Repeat full compressed staging transfer measurements before retention	2026-09-07T05:17:12+00:00
E027R	memory_transfers	09ad3d15a67f827718765c6dc6adc7537ba6603e	keep	postflop.memory.rainbow.cold.compressed.strategy_sync_ms	169.2416	Repeat full compressed staging transfer measurements before retention	2026-09-07T05:17:12+00:00
E027R	memory_transfers	09ad3d15a67f827718765c6dc6adc7537ba6603e	keep	postflop.memory.rainbow.cold.compressed.sync_ms	337.4548	Repeat full compressed staging transfer measurements before retention	2026-09-07T05:17:12+00:00
E027R	memory_transfers	09ad3d15a67f827718765c6dc6adc7537ba6603e	keep	postflop.memory.rainbow.warm.compressed.allocated_vram_mb	5905.580032	Repeat full compressed staging transfer measurements before retention	2026-09-07T05:17:12+00:00
E027R	memory_transfers	09ad3d15a67f827718765c6dc6adc7537ba6603e	keep	postflop.memory.rainbow.warm.compressed.host_live_mb	2595.131392	Repeat full compressed staging transfer measurements before retention	2026-09-07T05:17:12+00:00
E027R	memory_transfers	09ad3d15a67f827718765c6dc6adc7537ba6603e	keep	postflop.memory.rainbow.warm.compressed.host_private_mb	9099.272192	Repeat full compressed staging transfer measurements before retention	2026-09-07T05:17:12+00:00
E027R	memory_transfers	09ad3d15a67f827718765c6dc6adc7537ba6603e	keep	postflop.memory.rainbow.warm.compressed.init_ms	820.0937	Repeat full compressed staging transfer measurements before retention	2026-09-07T05:17:12+00:00
E027R	memory_transfers	09ad3d15a67f827718765c6dc6adc7537ba6603e	keep	postflop.memory.rainbow.warm.compressed.strategy_sync_ms	171.9774	Repeat full compressed staging transfer measurements before retention	2026-09-07T05:17:12+00:00
E027R	memory_transfers	09ad3d15a67f827718765c6dc6adc7537ba6603e	keep	postflop.memory.rainbow.warm.compressed.sync_ms	343.93780000000004	Repeat full compressed staging transfer measurements before retention	2026-09-07T05:17:12+00:00
B030	baseline	1fcd018269a8cad6c00d8cfa8ecfb4a5f9f3fcfc	baseline	postflop.Ks7h2d.first_check_ms	34.8658	Fresh retained preflop action control and frozen first/steady GPU check baselines before new kernel and graph trials	2026-09-07T05:18:55+00:00
B030	baseline	1fcd018269a8cad6c00d8cfa8ecfb4a5f9f3fcfc	baseline	postflop.Ks7h2d.second_check_ms	34.5521	Fresh retained preflop action control and frozen first/steady GPU check baselines before new kernel and graph trials	2026-09-07T05:18:55+00:00
B030	baseline	1fcd018269a8cad6c00d8cfa8ecfb4a5f9f3fcfc	baseline	postflop.Ks7h2d.steady_check_ms	35.1191	Fresh retained preflop action control and frozen first/steady GPU check baselines before new kernel and graph trials	2026-09-07T05:18:55+00:00
B030	baseline	1fcd018269a8cad6c00d8cfa8ecfb4a5f9f3fcfc	baseline	postflop.Ks7s2d.first_check_ms	29.941	Fresh retained preflop action control and frozen first/steady GPU check baselines before new kernel and graph trials	2026-09-07T05:18:55+00:00
B030	baseline	1fcd018269a8cad6c00d8cfa8ecfb4a5f9f3fcfc	baseline	postflop.Ks7s2d.second_check_ms	28.628	Fresh retained preflop action control and frozen first/steady GPU check baselines before new kernel and graph trials	2026-09-07T05:18:55+00:00
B030	baseline	1fcd018269a8cad6c00d8cfa8ecfb4a5f9f3fcfc	baseline	postflop.Ks7s2d.steady_check_ms	28.929675	Fresh retained preflop action control and frozen first/steady GPU check baselines before new kernel and graph trials	2026-09-07T05:18:55+00:00
B030	baseline	1fcd018269a8cad6c00d8cfa8ecfb4a5f9f3fcfc	baseline	postflop.Ks7h2dQhTc.first_check_ms	0.9745	Fresh retained preflop action control and frozen first/steady GPU check baselines before new kernel and graph trials	2026-09-07T05:18:55+00:00
B030	baseline	1fcd018269a8cad6c00d8cfa8ecfb4a5f9f3fcfc	baseline	postflop.Ks7h2dQhTc.second_check_ms	0.8046000000000001	Fresh retained preflop action control and frozen first/steady GPU check baselines before new kernel and graph trials	2026-09-07T05:18:55+00:00
B030	baseline	1fcd018269a8cad6c00d8cfa8ecfb4a5f9f3fcfc	baseline	postflop.Ks7h2dQhTc.steady_check_ms	0.762175	Fresh retained preflop action control and frozen first/steady GPU check baselines before new kernel and graph trials	2026-09-07T05:18:55+00:00
B030	baseline	1fcd018269a8cad6c00d8cfa8ecfb4a5f9f3fcfc	baseline	preflop.2.first_check_ms	0.46040000000000003	Fresh retained preflop action control and frozen first/steady GPU check baselines before new kernel and graph trials	2026-09-07T05:18:55+00:00
B030	baseline	1fcd018269a8cad6c00d8cfa8ecfb4a5f9f3fcfc	baseline	preflop.2.second_check_ms	0.4172	Fresh retained preflop action control and frozen first/steady GPU check baselines before new kernel and graph trials	2026-09-07T05:18:55+00:00
B030	baseline	1fcd018269a8cad6c00d8cfa8ecfb4a5f9f3fcfc	baseline	preflop.2.steady_check_ms	0.42957500000000004	Fresh retained preflop action control and frozen first/steady GPU check baselines before new kernel and graph trials	2026-09-07T05:18:55+00:00
B030	baseline	1fcd018269a8cad6c00d8cfa8ecfb4a5f9f3fcfc	baseline	preflop.6.first_check_ms	12.7483	Fresh retained preflop action control and frozen first/steady GPU check baselines before new kernel and graph trials	2026-09-07T05:18:55+00:00
B030	baseline	1fcd018269a8cad6c00d8cfa8ecfb4a5f9f3fcfc	baseline	preflop.6.second_check_ms	13.5429	Fresh retained preflop action control and frozen first/steady GPU check baselines before new kernel and graph trials	2026-09-07T05:18:55+00:00
B030	baseline	1fcd018269a8cad6c00d8cfa8ecfb4a5f9f3fcfc	baseline	preflop.6.steady_check_ms	13.58625	Fresh retained preflop action control and frozen first/steady GPU check baselines before new kernel and graph trials	2026-09-07T05:18:55+00:00
B030	baseline	1fcd018269a8cad6c00d8cfa8ecfb4a5f9f3fcfc	baseline	preflop.8.first_check_ms	39.4661	Fresh retained preflop action control and frozen first/steady GPU check baselines before new kernel and graph trials	2026-09-07T05:18:55+00:00
B030	baseline	1fcd018269a8cad6c00d8cfa8ecfb4a5f9f3fcfc	baseline	preflop.8.second_check_ms	39.912499999999994	Fresh retained preflop action control and frozen first/steady GPU check baselines before new kernel and graph trials	2026-09-07T05:18:55+00:00
B030	baseline	1fcd018269a8cad6c00d8cfa8ecfb4a5f9f3fcfc	baseline	preflop.8.steady_check_ms	41.526050000000005	Fresh retained preflop action control and frozen first/steady GPU check baselines before new kernel and graph trials	2026-09-07T05:18:55+00:00
B030	baseline	1fcd018269a8cad6c00d8cfa8ecfb4a5f9f3fcfc	baseline	preflop.2.iteration_ms	0.086	Fresh retained preflop action control and frozen first/steady GPU check baselines before new kernel and graph trials	2026-09-07T05:18:55+00:00
B030	baseline	1fcd018269a8cad6c00d8cfa8ecfb4a5f9f3fcfc	baseline	preflop.2.check_ms	0.294	Fresh retained preflop action control and frozen first/steady GPU check baselines before new kernel and graph trials	2026-09-07T05:18:55+00:00
B030	baseline	1fcd018269a8cad6c00d8cfa8ecfb4a5f9f3fcfc	baseline	preflop.2.sync_ms	0.019	Fresh retained preflop action control and frozen first/steady GPU check baselines before new kernel and graph trials	2026-09-07T05:18:55+00:00
B030	baseline	1fcd018269a8cad6c00d8cfa8ecfb4a5f9f3fcfc	baseline	preflop.6.iteration_ms	17.586	Fresh retained preflop action control and frozen first/steady GPU check baselines before new kernel and graph trials	2026-09-07T05:18:55+00:00
B030	baseline	1fcd018269a8cad6c00d8cfa8ecfb4a5f9f3fcfc	baseline	preflop.6.check_ms	13.678	Fresh retained preflop action control and frozen first/steady GPU check baselines before new kernel and graph trials	2026-09-07T05:18:55+00:00
B030	baseline	1fcd018269a8cad6c00d8cfa8ecfb4a5f9f3fcfc	baseline	preflop.6.sync_ms	28.291	Fresh retained preflop action control and frozen first/steady GPU check baselines before new kernel and graph trials	2026-09-07T05:18:55+00:00
B030	baseline	1fcd018269a8cad6c00d8cfa8ecfb4a5f9f3fcfc	baseline	preflop.8.iteration_ms	60.301	Fresh retained preflop action control and frozen first/steady GPU check baselines before new kernel and graph trials	2026-09-07T05:18:55+00:00
B030	baseline	1fcd018269a8cad6c00d8cfa8ecfb4a5f9f3fcfc	baseline	preflop.8.check_ms	40.07	Fresh retained preflop action control and frozen first/steady GPU check baselines before new kernel and graph trials	2026-09-07T05:18:55+00:00
B030	baseline	1fcd018269a8cad6c00d8cfa8ecfb4a5f9f3fcfc	baseline	preflop.8.sync_ms	80.169	Fresh retained preflop action control and frozen first/steady GPU check baselines before new kernel and graph trials	2026-09-07T05:18:55+00:00
E028	preflop_cuda	a6a2e0a2afb85e5e3577a81fe8e8930543ed2229	keep	preflop.2.iteration_ms	0.081	Specialize 2/3/4-action preflop down and up sweeps with exact generic fallback to reduce local array traffic	2026-09-07T05:20:07+00:00
E028	preflop_cuda	a6a2e0a2afb85e5e3577a81fe8e8930543ed2229	keep	preflop.2.check_ms	0.296	Specialize 2/3/4-action preflop down and up sweeps with exact generic fallback to reduce local array traffic	2026-09-07T05:20:07+00:00
E028	preflop_cuda	a6a2e0a2afb85e5e3577a81fe8e8930543ed2229	keep	preflop.2.sync_ms	0.018	Specialize 2/3/4-action preflop down and up sweeps with exact generic fallback to reduce local array traffic	2026-09-07T05:20:07+00:00
E028	preflop_cuda	a6a2e0a2afb85e5e3577a81fe8e8930543ed2229	keep	preflop.6.iteration_ms	16.943	Specialize 2/3/4-action preflop down and up sweeps with exact generic fallback to reduce local array traffic	2026-09-07T05:20:07+00:00
E028	preflop_cuda	a6a2e0a2afb85e5e3577a81fe8e8930543ed2229	keep	preflop.6.check_ms	12.689	Specialize 2/3/4-action preflop down and up sweeps with exact generic fallback to reduce local array traffic	2026-09-07T05:20:07+00:00
E028	preflop_cuda	a6a2e0a2afb85e5e3577a81fe8e8930543ed2229	keep	preflop.6.sync_ms	31.729	Specialize 2/3/4-action preflop down and up sweeps with exact generic fallback to reduce local array traffic	2026-09-07T05:20:07+00:00
E028	preflop_cuda	a6a2e0a2afb85e5e3577a81fe8e8930543ed2229	keep	preflop.8.iteration_ms	58.432	Specialize 2/3/4-action preflop down and up sweeps with exact generic fallback to reduce local array traffic	2026-09-07T05:20:07+00:00
E028	preflop_cuda	a6a2e0a2afb85e5e3577a81fe8e8930543ed2229	keep	preflop.8.check_ms	39.507	Specialize 2/3/4-action preflop down and up sweeps with exact generic fallback to reduce local array traffic	2026-09-07T05:20:07+00:00
E028	preflop_cuda	a6a2e0a2afb85e5e3577a81fe8e8930543ed2229	keep	preflop.8.sync_ms	89.521	Specialize 2/3/4-action preflop down and up sweeps with exact generic fallback to reduce local array traffic	2026-09-07T05:20:07+00:00
E028R	preflop_cuda	a6a2e0a2afb85e5e3577a81fe8e8930543ed2229	keep	preflop.2.iteration_ms	0.081	Repeat action specialization with CUDA equivalence and private exact graph/cache tests	2026-09-07T05:21:33+00:00
E028R	preflop_cuda	a6a2e0a2afb85e5e3577a81fe8e8930543ed2229	keep	preflop.2.check_ms	0.272	Repeat action specialization with CUDA equivalence and private exact graph/cache tests	2026-09-07T05:21:33+00:00
E028R	preflop_cuda	a6a2e0a2afb85e5e3577a81fe8e8930543ed2229	keep	preflop.2.sync_ms	0.019	Repeat action specialization with CUDA equivalence and private exact graph/cache tests	2026-09-07T05:21:33+00:00
E028R	preflop_cuda	a6a2e0a2afb85e5e3577a81fe8e8930543ed2229	keep	preflop.6.iteration_ms	17.003	Repeat action specialization with CUDA equivalence and private exact graph/cache tests	2026-09-07T05:21:33+00:00
E028R	preflop_cuda	a6a2e0a2afb85e5e3577a81fe8e8930543ed2229	keep	preflop.6.check_ms	12.641	Repeat action specialization with CUDA equivalence and private exact graph/cache tests	2026-09-07T05:21:33+00:00
E028R	preflop_cuda	a6a2e0a2afb85e5e3577a81fe8e8930543ed2229	keep	preflop.6.sync_ms	28.516	Repeat action specialization with CUDA equivalence and private exact graph/cache tests	2026-09-07T05:21:33+00:00
E028R	preflop_cuda	a6a2e0a2afb85e5e3577a81fe8e8930543ed2229	keep	preflop.8.iteration_ms	57.514	Repeat action specialization with CUDA equivalence and private exact graph/cache tests	2026-09-07T05:21:33+00:00
E028R	preflop_cuda	a6a2e0a2afb85e5e3577a81fe8e8930543ed2229	keep	preflop.8.check_ms	38.685	Repeat action specialization with CUDA equivalence and private exact graph/cache tests	2026-09-07T05:21:33+00:00
E028R	preflop_cuda	a6a2e0a2afb85e5e3577a81fe8e8930543ed2229	keep	preflop.8.sync_ms	69.221	Repeat action specialization with CUDA equivalence and private exact graph/cache tests	2026-09-07T05:21:33+00:00
B031	baseline	a6a2e0a2afb85e5e3577a81fe8e8930543ed2229	baseline	preflop.2.first_check_ms	0.4545	Steady preflop check control including retained action specialization, before evaluation graphs	2026-09-07T05:23:07+00:00
B031	baseline	a6a2e0a2afb85e5e3577a81fe8e8930543ed2229	baseline	preflop.2.second_check_ms	0.40509999999999996	Steady preflop check control including retained action specialization, before evaluation graphs	2026-09-07T05:23:07+00:00
B031	baseline	a6a2e0a2afb85e5e3577a81fe8e8930543ed2229	baseline	preflop.2.steady_check_ms	0.423575	Steady preflop check control including retained action specialization, before evaluation graphs	2026-09-07T05:23:07+00:00
B031	baseline	a6a2e0a2afb85e5e3577a81fe8e8930543ed2229	baseline	preflop.6.first_check_ms	12.7186	Steady preflop check control including retained action specialization, before evaluation graphs	2026-09-07T05:23:07+00:00
B031	baseline	a6a2e0a2afb85e5e3577a81fe8e8930543ed2229	baseline	preflop.6.second_check_ms	13.538400000000001	Steady preflop check control including retained action specialization, before evaluation graphs	2026-09-07T05:23:07+00:00
B031	baseline	a6a2e0a2afb85e5e3577a81fe8e8930543ed2229	baseline	preflop.6.steady_check_ms	13.198649999999999	Steady preflop check control including retained action specialization, before evaluation graphs	2026-09-07T05:23:07+00:00
B031	baseline	a6a2e0a2afb85e5e3577a81fe8e8930543ed2229	baseline	preflop.8.first_check_ms	38.9525	Steady preflop check control including retained action specialization, before evaluation graphs	2026-09-07T05:23:07+00:00
B031	baseline	a6a2e0a2afb85e5e3577a81fe8e8930543ed2229	baseline	preflop.8.second_check_ms	38.1159	Steady preflop check control including retained action specialization, before evaluation graphs	2026-09-07T05:23:07+00:00
B031	baseline	a6a2e0a2afb85e5e3577a81fe8e8930543ed2229	baseline	preflop.8.steady_check_ms	39.509725	Steady preflop check control including retained action specialization, before evaluation graphs	2026-09-07T05:23:07+00:00
E029	preflop_cuda	1167a2f65f7d19e3376285639acd15423a9aacc8	keep	postflop.Ks7h2d.first_check_ms	35.1215	Capture repeated accuracy checks and batch root downloads while preserving exact f64 CPU accumulation	2026-09-07T05:25:04+00:00
E029	preflop_cuda	1167a2f65f7d19e3376285639acd15423a9aacc8	keep	postflop.Ks7h2d.second_check_ms	34.5157	Capture repeated accuracy checks and batch root downloads while preserving exact f64 CPU accumulation	2026-09-07T05:25:04+00:00
E029	preflop_cuda	1167a2f65f7d19e3376285639acd15423a9aacc8	keep	postflop.Ks7h2d.steady_check_ms	34.796124999999996	Capture repeated accuracy checks and batch root downloads while preserving exact f64 CPU accumulation	2026-09-07T05:25:04+00:00
E029	preflop_cuda	1167a2f65f7d19e3376285639acd15423a9aacc8	keep	postflop.Ks7s2d.first_check_ms	28.090400000000002	Capture repeated accuracy checks and batch root downloads while preserving exact f64 CPU accumulation	2026-09-07T05:25:04+00:00
E029	preflop_cuda	1167a2f65f7d19e3376285639acd15423a9aacc8	keep	postflop.Ks7s2d.second_check_ms	28.830399999999997	Capture repeated accuracy checks and batch root downloads while preserving exact f64 CPU accumulation	2026-09-07T05:25:04+00:00
E029	preflop_cuda	1167a2f65f7d19e3376285639acd15423a9aacc8	keep	postflop.Ks7s2d.steady_check_ms	28.285925	Capture repeated accuracy checks and batch root downloads while preserving exact f64 CPU accumulation	2026-09-07T05:25:04+00:00
E029	preflop_cuda	1167a2f65f7d19e3376285639acd15423a9aacc8	keep	postflop.Ks7h2dQhTc.first_check_ms	0.7917	Capture repeated accuracy checks and batch root downloads while preserving exact f64 CPU accumulation	2026-09-07T05:25:04+00:00
E029	preflop_cuda	1167a2f65f7d19e3376285639acd15423a9aacc8	keep	postflop.Ks7h2dQhTc.second_check_ms	0.799	Capture repeated accuracy checks and batch root downloads while preserving exact f64 CPU accumulation	2026-09-07T05:25:04+00:00
E029	preflop_cuda	1167a2f65f7d19e3376285639acd15423a9aacc8	keep	postflop.Ks7h2dQhTc.steady_check_ms	0.825325	Capture repeated accuracy checks and batch root downloads while preserving exact f64 CPU accumulation	2026-09-07T05:25:04+00:00
E029	preflop_cuda	1167a2f65f7d19e3376285639acd15423a9aacc8	keep	preflop.2.first_check_ms	0.38539999999999996	Capture repeated accuracy checks and batch root downloads while preserving exact f64 CPU accumulation	2026-09-07T05:25:04+00:00
E029	preflop_cuda	1167a2f65f7d19e3376285639acd15423a9aacc8	keep	preflop.2.second_check_ms	0.2517	Capture repeated accuracy checks and batch root downloads while preserving exact f64 CPU accumulation	2026-09-07T05:25:04+00:00
E029	preflop_cuda	1167a2f65f7d19e3376285639acd15423a9aacc8	keep	preflop.2.steady_check_ms	0.108375	Capture repeated accuracy checks and batch root downloads while preserving exact f64 CPU accumulation	2026-09-07T05:25:04+00:00
E029	preflop_cuda	1167a2f65f7d19e3376285639acd15423a9aacc8	keep	preflop.6.first_check_ms	13.0252	Capture repeated accuracy checks and batch root downloads while preserving exact f64 CPU accumulation	2026-09-07T05:25:04+00:00
E029	preflop_cuda	1167a2f65f7d19e3376285639acd15423a9aacc8	keep	preflop.6.second_check_ms	12.8556	Capture repeated accuracy checks and batch root downloads while preserving exact f64 CPU accumulation	2026-09-07T05:25:04+00:00
E029	preflop_cuda	1167a2f65f7d19e3376285639acd15423a9aacc8	keep	preflop.6.steady_check_ms	11.9527	Capture repeated accuracy checks and batch root downloads while preserving exact f64 CPU accumulation	2026-09-07T05:25:04+00:00
E029	preflop_cuda	1167a2f65f7d19e3376285639acd15423a9aacc8	keep	preflop.8.first_check_ms	38.3549	Capture repeated accuracy checks and batch root downloads while preserving exact f64 CPU accumulation	2026-09-07T05:25:04+00:00
E029	preflop_cuda	1167a2f65f7d19e3376285639acd15423a9aacc8	keep	preflop.8.second_check_ms	38.5443	Capture repeated accuracy checks and batch root downloads while preserving exact f64 CPU accumulation	2026-09-07T05:25:04+00:00
E029	preflop_cuda	1167a2f65f7d19e3376285639acd15423a9aacc8	keep	preflop.8.steady_check_ms	37.2197	Capture repeated accuracy checks and batch root downloads while preserving exact f64 CPU accumulation	2026-09-07T05:25:04+00:00
E029	preflop_cuda	1167a2f65f7d19e3376285639acd15423a9aacc8	keep	preflop.2.iteration_ms	0.077	Capture repeated accuracy checks and batch root downloads while preserving exact f64 CPU accumulation	2026-09-07T05:25:04+00:00
E029	preflop_cuda	1167a2f65f7d19e3376285639acd15423a9aacc8	keep	preflop.2.check_ms	0.252	Capture repeated accuracy checks and batch root downloads while preserving exact f64 CPU accumulation	2026-09-07T05:25:04+00:00
E029	preflop_cuda	1167a2f65f7d19e3376285639acd15423a9aacc8	keep	preflop.2.sync_ms	0.017	Capture repeated accuracy checks and batch root downloads while preserving exact f64 CPU accumulation	2026-09-07T05:25:04+00:00
E029	preflop_cuda	1167a2f65f7d19e3376285639acd15423a9aacc8	keep	preflop.6.iteration_ms	17.004	Capture repeated accuracy checks and batch root downloads while preserving exact f64 CPU accumulation	2026-09-07T05:25:04+00:00
E029	preflop_cuda	1167a2f65f7d19e3376285639acd15423a9aacc8	keep	preflop.6.check_ms	12.288	Capture repeated accuracy checks and batch root downloads while preserving exact f64 CPU accumulation	2026-09-07T05:25:04+00:00
E029	preflop_cuda	1167a2f65f7d19e3376285639acd15423a9aacc8	keep	preflop.6.sync_ms	28.151	Capture repeated accuracy checks and batch root downloads while preserving exact f64 CPU accumulation	2026-09-07T05:25:04+00:00
E029	preflop_cuda	1167a2f65f7d19e3376285639acd15423a9aacc8	keep	preflop.8.iteration_ms	57.774	Capture repeated accuracy checks and batch root downloads while preserving exact f64 CPU accumulation	2026-09-07T05:25:04+00:00
E029	preflop_cuda	1167a2f65f7d19e3376285639acd15423a9aacc8	keep	preflop.8.check_ms	38.453	Capture repeated accuracy checks and batch root downloads while preserving exact f64 CPU accumulation	2026-09-07T05:25:04+00:00
E029	preflop_cuda	1167a2f65f7d19e3376285639acd15423a9aacc8	keep	preflop.8.sync_ms	71.424	Capture repeated accuracy checks and batch root downloads while preserving exact f64 CPU accumulation	2026-09-07T05:25:04+00:00
E029R	preflop_cuda	1167a2f65f7d19e3376285639acd15423a9aacc8	keep	postflop.Ks7h2d.first_check_ms	34.778499999999994	Repeat captured preflop checks and verify fixed target stopping, CUDA equivalence, and tight cache fallback	2026-09-07T05:26:36+00:00
E029R	preflop_cuda	1167a2f65f7d19e3376285639acd15423a9aacc8	keep	postflop.Ks7h2d.second_check_ms	34.3488	Repeat captured preflop checks and verify fixed target stopping, CUDA equivalence, and tight cache fallback	2026-09-07T05:26:36+00:00
E029R	preflop_cuda	1167a2f65f7d19e3376285639acd15423a9aacc8	keep	postflop.Ks7h2d.steady_check_ms	34.68305	Repeat captured preflop checks and verify fixed target stopping, CUDA equivalence, and tight cache fallback	2026-09-07T05:26:36+00:00
E029R	preflop_cuda	1167a2f65f7d19e3376285639acd15423a9aacc8	keep	postflop.Ks7s2d.first_check_ms	27.7804	Repeat captured preflop checks and verify fixed target stopping, CUDA equivalence, and tight cache fallback	2026-09-07T05:26:36+00:00
E029R	preflop_cuda	1167a2f65f7d19e3376285639acd15423a9aacc8	keep	postflop.Ks7s2d.second_check_ms	28.573	Repeat captured preflop checks and verify fixed target stopping, CUDA equivalence, and tight cache fallback	2026-09-07T05:26:36+00:00
E029R	preflop_cuda	1167a2f65f7d19e3376285639acd15423a9aacc8	keep	postflop.Ks7s2d.steady_check_ms	28.187875000000002	Repeat captured preflop checks and verify fixed target stopping, CUDA equivalence, and tight cache fallback	2026-09-07T05:26:36+00:00
E029R	preflop_cuda	1167a2f65f7d19e3376285639acd15423a9aacc8	keep	postflop.Ks7h2dQhTc.first_check_ms	0.5848	Repeat captured preflop checks and verify fixed target stopping, CUDA equivalence, and tight cache fallback	2026-09-07T05:26:36+00:00
E029R	preflop_cuda	1167a2f65f7d19e3376285639acd15423a9aacc8	keep	postflop.Ks7h2dQhTc.second_check_ms	0.5534	Repeat captured preflop checks and verify fixed target stopping, CUDA equivalence, and tight cache fallback	2026-09-07T05:26:36+00:00
E029R	preflop_cuda	1167a2f65f7d19e3376285639acd15423a9aacc8	keep	postflop.Ks7h2dQhTc.steady_check_ms	0.581625	Repeat captured preflop checks and verify fixed target stopping, CUDA equivalence, and tight cache fallback	2026-09-07T05:26:36+00:00
E029R	preflop_cuda	1167a2f65f7d19e3376285639acd15423a9aacc8	keep	preflop.2.first_check_ms	0.2387	Repeat captured preflop checks and verify fixed target stopping, CUDA equivalence, and tight cache fallback	2026-09-07T05:26:36+00:00
E029R	preflop_cuda	1167a2f65f7d19e3376285639acd15423a9aacc8	keep	preflop.2.second_check_ms	0.2216	Repeat captured preflop checks and verify fixed target stopping, CUDA equivalence, and tight cache fallback	2026-09-07T05:26:36+00:00
E029R	preflop_cuda	1167a2f65f7d19e3376285639acd15423a9aacc8	keep	preflop.2.steady_check_ms	0.099375	Repeat captured preflop checks and verify fixed target stopping, CUDA equivalence, and tight cache fallback	2026-09-07T05:26:36+00:00
E029R	preflop_cuda	1167a2f65f7d19e3376285639acd15423a9aacc8	keep	preflop.6.first_check_ms	12.7441	Repeat captured preflop checks and verify fixed target stopping, CUDA equivalence, and tight cache fallback	2026-09-07T05:26:36+00:00
E029R	preflop_cuda	1167a2f65f7d19e3376285639acd15423a9aacc8	keep	preflop.6.second_check_ms	12.8703	Repeat captured preflop checks and verify fixed target stopping, CUDA equivalence, and tight cache fallback	2026-09-07T05:26:36+00:00
E029R	preflop_cuda	1167a2f65f7d19e3376285639acd15423a9aacc8	keep	preflop.6.steady_check_ms	11.891375	Repeat captured preflop checks and verify fixed target stopping, CUDA equivalence, and tight cache fallback	2026-09-07T05:26:36+00:00
E029R	preflop_cuda	1167a2f65f7d19e3376285639acd15423a9aacc8	keep	preflop.8.first_check_ms	38.6179	Repeat captured preflop checks and verify fixed target stopping, CUDA equivalence, and tight cache fallback	2026-09-07T05:26:36+00:00
E029R	preflop_cuda	1167a2f65f7d19e3376285639acd15423a9aacc8	keep	preflop.8.second_check_ms	38.5531	Repeat captured preflop checks and verify fixed target stopping, CUDA equivalence, and tight cache fallback	2026-09-07T05:26:36+00:00
E029R	preflop_cuda	1167a2f65f7d19e3376285639acd15423a9aacc8	keep	preflop.8.steady_check_ms	37.242075	Repeat captured preflop checks and verify fixed target stopping, CUDA equivalence, and tight cache fallback	2026-09-07T05:26:36+00:00
E029R	preflop_cuda	1167a2f65f7d19e3376285639acd15423a9aacc8	keep	preflop.6.target_seconds	3.0237311	Repeat captured preflop checks and verify fixed target stopping, CUDA equivalence, and tight cache fallback	2026-09-07T05:26:36+00:00
E029R	preflop_cuda	1167a2f65f7d19e3376285639acd15423a9aacc8	keep	preflop.8.target_seconds	7.3570144	Repeat captured preflop checks and verify fixed target stopping, CUDA equivalence, and tight cache fallback	2026-09-07T05:26:36+00:00
E030	postflop_cuda	8fffe84a34ecd081e4fcde9b54ac5220e00fb1ad	discard	postflop.Ks7h2d.first_check_ms	34.933	Capture repeated postflop accuracy evaluations with batched root downloads, rebuilding on lock updates	2026-09-07T05:29:31+00:00
E030	postflop_cuda	8fffe84a34ecd081e4fcde9b54ac5220e00fb1ad	discard	postflop.Ks7h2d.second_check_ms	34.8293	Capture repeated postflop accuracy evaluations with batched root downloads, rebuilding on lock updates	2026-09-07T05:29:31+00:00
E030	postflop_cuda	8fffe84a34ecd081e4fcde9b54ac5220e00fb1ad	discard	postflop.Ks7h2d.steady_check_ms	34.8846	Capture repeated postflop accuracy evaluations with batched root downloads, rebuilding on lock updates	2026-09-07T05:29:31+00:00
E030	postflop_cuda	8fffe84a34ecd081e4fcde9b54ac5220e00fb1ad	discard	postflop.Ks7s2d.first_check_ms	27.9639	Capture repeated postflop accuracy evaluations with batched root downloads, rebuilding on lock updates	2026-09-07T05:29:31+00:00
E030	postflop_cuda	8fffe84a34ecd081e4fcde9b54ac5220e00fb1ad	discard	postflop.Ks7s2d.second_check_ms	28.9771	Capture repeated postflop accuracy evaluations with batched root downloads, rebuilding on lock updates	2026-09-07T05:29:31+00:00
E030	postflop_cuda	8fffe84a34ecd081e4fcde9b54ac5220e00fb1ad	discard	postflop.Ks7s2d.steady_check_ms	28.010625	Capture repeated postflop accuracy evaluations with batched root downloads, rebuilding on lock updates	2026-09-07T05:29:31+00:00
E030	postflop_cuda	8fffe84a34ecd081e4fcde9b54ac5220e00fb1ad	discard	postflop.Ks7h2dQhTc.first_check_ms	1.1219	Capture repeated postflop accuracy evaluations with batched root downloads, rebuilding on lock updates	2026-09-07T05:29:31+00:00
E030	postflop_cuda	8fffe84a34ecd081e4fcde9b54ac5220e00fb1ad	discard	postflop.Ks7h2dQhTc.second_check_ms	0.5849	Capture repeated postflop accuracy evaluations with batched root downloads, rebuilding on lock updates	2026-09-07T05:29:31+00:00
E030	postflop_cuda	8fffe84a34ecd081e4fcde9b54ac5220e00fb1ad	discard	postflop.Ks7h2dQhTc.steady_check_ms	0.31405	Capture repeated postflop accuracy evaluations with batched root downloads, rebuilding on lock updates	2026-09-07T05:29:31+00:00
E030	postflop_cuda	8fffe84a34ecd081e4fcde9b54ac5220e00fb1ad	discard	preflop.2.first_check_ms	0.38939999999999997	Capture repeated postflop accuracy evaluations with batched root downloads, rebuilding on lock updates	2026-09-07T05:29:31+00:00
E030	postflop_cuda	8fffe84a34ecd081e4fcde9b54ac5220e00fb1ad	discard	preflop.2.second_check_ms	0.7969999999999999	Capture repeated postflop accuracy evaluations with batched root downloads, rebuilding on lock updates	2026-09-07T05:29:31+00:00
E030	postflop_cuda	8fffe84a34ecd081e4fcde9b54ac5220e00fb1ad	discard	preflop.2.steady_check_ms	0.10535	Capture repeated postflop accuracy evaluations with batched root downloads, rebuilding on lock updates	2026-09-07T05:29:31+00:00
E030	postflop_cuda	8fffe84a34ecd081e4fcde9b54ac5220e00fb1ad	discard	preflop.6.first_check_ms	13.8908	Capture repeated postflop accuracy evaluations with batched root downloads, rebuilding on lock updates	2026-09-07T05:29:31+00:00
E030	postflop_cuda	8fffe84a34ecd081e4fcde9b54ac5220e00fb1ad	discard	preflop.6.second_check_ms	13.8766	Capture repeated postflop accuracy evaluations with batched root downloads, rebuilding on lock updates	2026-09-07T05:29:31+00:00
E030	postflop_cuda	8fffe84a34ecd081e4fcde9b54ac5220e00fb1ad	discard	preflop.6.steady_check_ms	12.2502	Capture repeated postflop accuracy evaluations with batched root downloads, rebuilding on lock updates	2026-09-07T05:29:31+00:00
E030	postflop_cuda	8fffe84a34ecd081e4fcde9b54ac5220e00fb1ad	discard	preflop.8.first_check_ms	37.9373	Capture repeated postflop accuracy evaluations with batched root downloads, rebuilding on lock updates	2026-09-07T05:29:31+00:00
E030	postflop_cuda	8fffe84a34ecd081e4fcde9b54ac5220e00fb1ad	discard	preflop.8.second_check_ms	39.5473	Capture repeated postflop accuracy evaluations with batched root downloads, rebuilding on lock updates	2026-09-07T05:29:31+00:00
E030	postflop_cuda	8fffe84a34ecd081e4fcde9b54ac5220e00fb1ad	discard	preflop.8.steady_check_ms	37.367999999999995	Capture repeated postflop accuracy evaluations with batched root downloads, rebuilding on lock updates	2026-09-07T05:29:31+00:00
E030R	postflop_cuda	8fffe84a34ecd081e4fcde9b54ac5220e00fb1ad	discard	postflop.Ks7h2d.first_check_ms	31.7577	Repeat postflop evaluation graphs including first-call cost, fixed target stopping, and all action-menu states	2026-09-07T05:31:13+00:00
E030R	postflop_cuda	8fffe84a34ecd081e4fcde9b54ac5220e00fb1ad	discard	postflop.Ks7h2d.second_check_ms	32.1483	Repeat postflop evaluation graphs including first-call cost, fixed target stopping, and all action-menu states	2026-09-07T05:31:13+00:00
E030R	postflop_cuda	8fffe84a34ecd081e4fcde9b54ac5220e00fb1ad	discard	postflop.Ks7h2d.steady_check_ms	31.992624999999997	Repeat postflop evaluation graphs including first-call cost, fixed target stopping, and all action-menu states	2026-09-07T05:31:13+00:00
E030R	postflop_cuda	8fffe84a34ecd081e4fcde9b54ac5220e00fb1ad	discard	postflop.Ks7s2d.first_check_ms	25.8739	Repeat postflop evaluation graphs including first-call cost, fixed target stopping, and all action-menu states	2026-09-07T05:31:13+00:00
E030R	postflop_cuda	8fffe84a34ecd081e4fcde9b54ac5220e00fb1ad	discard	postflop.Ks7s2d.second_check_ms	26.2297	Repeat postflop evaluation graphs including first-call cost, fixed target stopping, and all action-menu states	2026-09-07T05:31:13+00:00
E030R	postflop_cuda	8fffe84a34ecd081e4fcde9b54ac5220e00fb1ad	discard	postflop.Ks7s2d.steady_check_ms	25.7055	Repeat postflop evaluation graphs including first-call cost, fixed target stopping, and all action-menu states	2026-09-07T05:31:13+00:00
E030R	postflop_cuda	8fffe84a34ecd081e4fcde9b54ac5220e00fb1ad	discard	postflop.Ks7h2dQhTc.first_check_ms	1.109	Repeat postflop evaluation graphs including first-call cost, fixed target stopping, and all action-menu states	2026-09-07T05:31:13+00:00
E030R	postflop_cuda	8fffe84a34ecd081e4fcde9b54ac5220e00fb1ad	discard	postflop.Ks7h2dQhTc.second_check_ms	0.5747	Repeat postflop evaluation graphs including first-call cost, fixed target stopping, and all action-menu states	2026-09-07T05:31:13+00:00
E030R	postflop_cuda	8fffe84a34ecd081e4fcde9b54ac5220e00fb1ad	discard	postflop.Ks7h2dQhTc.steady_check_ms	0.32285	Repeat postflop evaluation graphs including first-call cost, fixed target stopping, and all action-menu states	2026-09-07T05:31:13+00:00
E030R	postflop_cuda	8fffe84a34ecd081e4fcde9b54ac5220e00fb1ad	discard	preflop.2.first_check_ms	0.3553	Repeat postflop evaluation graphs including first-call cost, fixed target stopping, and all action-menu states	2026-09-07T05:31:13+00:00
E030R	postflop_cuda	8fffe84a34ecd081e4fcde9b54ac5220e00fb1ad	discard	preflop.2.second_check_ms	0.24850000000000003	Repeat postflop evaluation graphs including first-call cost, fixed target stopping, and all action-menu states	2026-09-07T05:31:13+00:00
E030R	postflop_cuda	8fffe84a34ecd081e4fcde9b54ac5220e00fb1ad	discard	preflop.2.steady_check_ms	0.108825	Repeat postflop evaluation graphs including first-call cost, fixed target stopping, and all action-menu states	2026-09-07T05:31:13+00:00
E030R	postflop_cuda	8fffe84a34ecd081e4fcde9b54ac5220e00fb1ad	discard	preflop.6.first_check_ms	11.6832	Repeat postflop evaluation graphs including first-call cost, fixed target stopping, and all action-menu states	2026-09-07T05:31:13+00:00
E030R	postflop_cuda	8fffe84a34ecd081e4fcde9b54ac5220e00fb1ad	discard	preflop.6.second_check_ms	12.1938	Repeat postflop evaluation graphs including first-call cost, fixed target stopping, and all action-menu states	2026-09-07T05:31:13+00:00
E030R	postflop_cuda	8fffe84a34ecd081e4fcde9b54ac5220e00fb1ad	discard	preflop.6.steady_check_ms	10.951975	Repeat postflop evaluation graphs including first-call cost, fixed target stopping, and all action-menu states	2026-09-07T05:31:13+00:00
E030R	postflop_cuda	8fffe84a34ecd081e4fcde9b54ac5220e00fb1ad	discard	preflop.8.first_check_ms	35.449099999999994	Repeat postflop evaluation graphs including first-call cost, fixed target stopping, and all action-menu states	2026-09-07T05:31:13+00:00
E030R	postflop_cuda	8fffe84a34ecd081e4fcde9b54ac5220e00fb1ad	discard	preflop.8.second_check_ms	36.1883	Repeat postflop evaluation graphs including first-call cost, fixed target stopping, and all action-menu states	2026-09-07T05:31:13+00:00
E030R	postflop_cuda	8fffe84a34ecd081e4fcde9b54ac5220e00fb1ad	discard	preflop.8.steady_check_ms	34.368975000000006	Repeat postflop evaluation graphs including first-call cost, fixed target stopping, and all action-menu states	2026-09-07T05:31:13+00:00
E030R	postflop_cuda	8fffe84a34ecd081e4fcde9b54ac5220e00fb1ad	discard	postflop.Ks7h2d.target_seconds	9.89	Repeat postflop evaluation graphs including first-call cost, fixed target stopping, and all action-menu states	2026-09-07T05:31:13+00:00
E030R	postflop_cuda	8fffe84a34ecd081e4fcde9b54ac5220e00fb1ad	discard	postflop.Ks7s2d.target_seconds	6.032	Repeat postflop evaluation graphs including first-call cost, fixed target stopping, and all action-menu states	2026-09-07T05:31:13+00:00
E030R	postflop_cuda	8fffe84a34ecd081e4fcde9b54ac5220e00fb1ad	discard	postflop.Ks7h2dQhTc.target_seconds	0.018	Repeat postflop evaluation graphs including first-call cost, fixed target stopping, and all action-menu states	2026-09-07T05:31:13+00:00
E030A	postflop_cuda	e20667ebb1b3d442564588ad2d79b0c2a98d5f16	keep	postflop.Ks7h2d.first_check_ms	35.6008	Retain original eager first-check transfers and capture subsequent checks to avoid one-shot startup regression	2026-09-07T05:34:45+00:00
E030A	postflop_cuda	e20667ebb1b3d442564588ad2d79b0c2a98d5f16	keep	postflop.Ks7h2d.second_check_ms	36.2908	Retain original eager first-check transfers and capture subsequent checks to avoid one-shot startup regression	2026-09-07T05:34:45+00:00
E030A	postflop_cuda	e20667ebb1b3d442564588ad2d79b0c2a98d5f16	keep	postflop.Ks7h2d.steady_check_ms	38.141025	Retain original eager first-check transfers and capture subsequent checks to avoid one-shot startup regression	2026-09-07T05:34:45+00:00
E030A	postflop_cuda	e20667ebb1b3d442564588ad2d79b0c2a98d5f16	keep	postflop.Ks7s2d.first_check_ms	28.5117	Retain original eager first-check transfers and capture subsequent checks to avoid one-shot startup regression	2026-09-07T05:34:45+00:00
E030A	postflop_cuda	e20667ebb1b3d442564588ad2d79b0c2a98d5f16	keep	postflop.Ks7s2d.second_check_ms	28.5552	Retain original eager first-check transfers and capture subsequent checks to avoid one-shot startup regression	2026-09-07T05:34:45+00:00
E030A	postflop_cuda	e20667ebb1b3d442564588ad2d79b0c2a98d5f16	keep	postflop.Ks7s2d.steady_check_ms	28.0433	Retain original eager first-check transfers and capture subsequent checks to avoid one-shot startup regression	2026-09-07T05:34:45+00:00
E030A	postflop_cuda	e20667ebb1b3d442564588ad2d79b0c2a98d5f16	keep	postflop.Ks7h2dQhTc.first_check_ms	0.8764000000000001	Retain original eager first-check transfers and capture subsequent checks to avoid one-shot startup regression	2026-09-07T05:34:45+00:00
E030A	postflop_cuda	e20667ebb1b3d442564588ad2d79b0c2a98d5f16	keep	postflop.Ks7h2dQhTc.second_check_ms	0.6049	Retain original eager first-check transfers and capture subsequent checks to avoid one-shot startup regression	2026-09-07T05:34:45+00:00
E030A	postflop_cuda	e20667ebb1b3d442564588ad2d79b0c2a98d5f16	keep	postflop.Ks7h2dQhTc.steady_check_ms	0.310175	Retain original eager first-check transfers and capture subsequent checks to avoid one-shot startup regression	2026-09-07T05:34:45+00:00
E030A	postflop_cuda	e20667ebb1b3d442564588ad2d79b0c2a98d5f16	keep	preflop.2.first_check_ms	0.2673	Retain original eager first-check transfers and capture subsequent checks to avoid one-shot startup regression	2026-09-07T05:34:45+00:00
E030A	postflop_cuda	e20667ebb1b3d442564588ad2d79b0c2a98d5f16	keep	preflop.2.second_check_ms	0.24259999999999998	Retain original eager first-check transfers and capture subsequent checks to avoid one-shot startup regression	2026-09-07T05:34:45+00:00
E030A	postflop_cuda	e20667ebb1b3d442564588ad2d79b0c2a98d5f16	keep	preflop.2.steady_check_ms	0.09787499999999999	Retain original eager first-check transfers and capture subsequent checks to avoid one-shot startup regression	2026-09-07T05:34:45+00:00
E030A	postflop_cuda	e20667ebb1b3d442564588ad2d79b0c2a98d5f16	keep	preflop.6.first_check_ms	13.2616	Retain original eager first-check transfers and capture subsequent checks to avoid one-shot startup regression	2026-09-07T05:34:45+00:00
E030A	postflop_cuda	e20667ebb1b3d442564588ad2d79b0c2a98d5f16	keep	preflop.6.second_check_ms	13.448699999999999	Retain original eager first-check transfers and capture subsequent checks to avoid one-shot startup regression	2026-09-07T05:34:45+00:00
E030A	postflop_cuda	e20667ebb1b3d442564588ad2d79b0c2a98d5f16	keep	preflop.6.steady_check_ms	12.04815	Retain original eager first-check transfers and capture subsequent checks to avoid one-shot startup regression	2026-09-07T05:34:45+00:00
E030A	postflop_cuda	e20667ebb1b3d442564588ad2d79b0c2a98d5f16	keep	preflop.8.first_check_ms	38.4597	Retain original eager first-check transfers and capture subsequent checks to avoid one-shot startup regression	2026-09-07T05:34:45+00:00
E030A	postflop_cuda	e20667ebb1b3d442564588ad2d79b0c2a98d5f16	keep	preflop.8.second_check_ms	38.809000000000005	Retain original eager first-check transfers and capture subsequent checks to avoid one-shot startup regression	2026-09-07T05:34:45+00:00
E030A	postflop_cuda	e20667ebb1b3d442564588ad2d79b0c2a98d5f16	keep	preflop.8.steady_check_ms	37.40525	Retain original eager first-check transfers and capture subsequent checks to avoid one-shot startup regression	2026-09-07T05:34:45+00:00
B032	baseline	a0b42f34eabb38c519a91cf66a4e8481a68519f0	baseline	preflop.6.allocated_vram_mb	536.870912	Fresh original postflop-check control plus retained preflop speed/capacity reference before shared terminal and compact value trials	2026-09-07T05:36:39+00:00
B032	baseline	a0b42f34eabb38c519a91cf66a4e8481a68519f0	baseline	preflop.6.build_ms	78.9652	Fresh original postflop-check control plus retained preflop speed/capacity reference before shared terminal and compact value trials	2026-09-07T05:36:39+00:00
B032	baseline	a0b42f34eabb38c519a91cf66a4e8481a68519f0	baseline	preflop.6.cpu_arena_mb	224.552328	Fresh original postflop-check control plus retained preflop speed/capacity reference before shared terminal and compact value trials	2026-09-07T05:36:39+00:00
B032	baseline	a0b42f34eabb38c519a91cf66a4e8481a68519f0	baseline	preflop.6.estimated_vram_mb	594.500084	Fresh original postflop-check control plus retained preflop speed/capacity reference before shared terminal and compact value trials	2026-09-07T05:36:39+00:00
B032	baseline	a0b42f34eabb38c519a91cf66a4e8481a68519f0	baseline	preflop.6.init_ms	154.63299999999998	Fresh original postflop-check control plus retained preflop speed/capacity reference before shared terminal and compact value trials	2026-09-07T05:36:39+00:00
B032	baseline	a0b42f34eabb38c519a91cf66a4e8481a68519f0	baseline	preflop.8.allocated_vram_mb	1409.286144	Fresh original postflop-check control plus retained preflop speed/capacity reference before shared terminal and compact value trials	2026-09-07T05:36:39+00:00
B032	baseline	a0b42f34eabb38c519a91cf66a4e8481a68519f0	baseline	preflop.8.build_ms	215.7656	Fresh original postflop-check control plus retained preflop speed/capacity reference before shared terminal and compact value trials	2026-09-07T05:36:39+00:00
B032	baseline	a0b42f34eabb38c519a91cf66a4e8481a68519f0	baseline	preflop.8.cpu_arena_mb	587.239848	Fresh original postflop-check control plus retained preflop speed/capacity reference before shared terminal and compact value trials	2026-09-07T05:36:39+00:00
B032	baseline	a0b42f34eabb38c519a91cf66a4e8481a68519f0	baseline	preflop.8.estimated_vram_mb	1456.8885480000001	Fresh original postflop-check control plus retained preflop speed/capacity reference before shared terminal and compact value trials	2026-09-07T05:36:39+00:00
B032	baseline	a0b42f34eabb38c519a91cf66a4e8481a68519f0	baseline	preflop.8.init_ms	230.0572	Fresh original postflop-check control plus retained preflop speed/capacity reference before shared terminal and compact value trials	2026-09-07T05:36:39+00:00
B032	baseline	a0b42f34eabb38c519a91cf66a4e8481a68519f0	baseline	postflop.Ks7h2d.first_check_ms	36.5299	Fresh original postflop-check control plus retained preflop speed/capacity reference before shared terminal and compact value trials	2026-09-07T05:36:39+00:00
B032	baseline	a0b42f34eabb38c519a91cf66a4e8481a68519f0	baseline	postflop.Ks7h2d.second_check_ms	37.0481	Fresh original postflop-check control plus retained preflop speed/capacity reference before shared terminal and compact value trials	2026-09-07T05:36:39+00:00
B032	baseline	a0b42f34eabb38c519a91cf66a4e8481a68519f0	baseline	postflop.Ks7h2d.steady_check_ms	34.780474999999996	Fresh original postflop-check control plus retained preflop speed/capacity reference before shared terminal and compact value trials	2026-09-07T05:36:39+00:00
B032	baseline	a0b42f34eabb38c519a91cf66a4e8481a68519f0	baseline	postflop.Ks7s2d.first_check_ms	28.9978	Fresh original postflop-check control plus retained preflop speed/capacity reference before shared terminal and compact value trials	2026-09-07T05:36:39+00:00
B032	baseline	a0b42f34eabb38c519a91cf66a4e8481a68519f0	baseline	postflop.Ks7s2d.second_check_ms	27.954900000000002	Fresh original postflop-check control plus retained preflop speed/capacity reference before shared terminal and compact value trials	2026-09-07T05:36:39+00:00
B032	baseline	a0b42f34eabb38c519a91cf66a4e8481a68519f0	baseline	postflop.Ks7s2d.steady_check_ms	30.331500000000002	Fresh original postflop-check control plus retained preflop speed/capacity reference before shared terminal and compact value trials	2026-09-07T05:36:39+00:00
B032	baseline	a0b42f34eabb38c519a91cf66a4e8481a68519f0	baseline	postflop.Ks7h2dQhTc.first_check_ms	0.8571	Fresh original postflop-check control plus retained preflop speed/capacity reference before shared terminal and compact value trials	2026-09-07T05:36:39+00:00
B032	baseline	a0b42f34eabb38c519a91cf66a4e8481a68519f0	baseline	postflop.Ks7h2dQhTc.second_check_ms	0.73	Fresh original postflop-check control plus retained preflop speed/capacity reference before shared terminal and compact value trials	2026-09-07T05:36:39+00:00
B032	baseline	a0b42f34eabb38c519a91cf66a4e8481a68519f0	baseline	postflop.Ks7h2dQhTc.steady_check_ms	0.8278	Fresh original postflop-check control plus retained preflop speed/capacity reference before shared terminal and compact value trials	2026-09-07T05:36:39+00:00
B032	baseline	a0b42f34eabb38c519a91cf66a4e8481a68519f0	baseline	preflop.2.first_check_ms	0.8624999999999999	Fresh original postflop-check control plus retained preflop speed/capacity reference before shared terminal and compact value trials	2026-09-07T05:36:39+00:00
B032	baseline	a0b42f34eabb38c519a91cf66a4e8481a68519f0	baseline	preflop.2.second_check_ms	0.2635	Fresh original postflop-check control plus retained preflop speed/capacity reference before shared terminal and compact value trials	2026-09-07T05:36:39+00:00
B032	baseline	a0b42f34eabb38c519a91cf66a4e8481a68519f0	baseline	preflop.2.steady_check_ms	0.128325	Fresh original postflop-check control plus retained preflop speed/capacity reference before shared terminal and compact value trials	2026-09-07T05:36:39+00:00
B032	baseline	a0b42f34eabb38c519a91cf66a4e8481a68519f0	baseline	preflop.6.first_check_ms	13.4164	Fresh original postflop-check control plus retained preflop speed/capacity reference before shared terminal and compact value trials	2026-09-07T05:36:39+00:00
B032	baseline	a0b42f34eabb38c519a91cf66a4e8481a68519f0	baseline	preflop.6.second_check_ms	14.316799999999999	Fresh original postflop-check control plus retained preflop speed/capacity reference before shared terminal and compact value trials	2026-09-07T05:36:39+00:00
B032	baseline	a0b42f34eabb38c519a91cf66a4e8481a68519f0	baseline	preflop.6.steady_check_ms	11.931249999999999	Fresh original postflop-check control plus retained preflop speed/capacity reference before shared terminal and compact value trials	2026-09-07T05:36:39+00:00
B032	baseline	a0b42f34eabb38c519a91cf66a4e8481a68519f0	baseline	preflop.8.first_check_ms	37.8048	Fresh original postflop-check control plus retained preflop speed/capacity reference before shared terminal and compact value trials	2026-09-07T05:36:39+00:00
B032	baseline	a0b42f34eabb38c519a91cf66a4e8481a68519f0	baseline	preflop.8.second_check_ms	40.8427	Fresh original postflop-check control plus retained preflop speed/capacity reference before shared terminal and compact value trials	2026-09-07T05:36:39+00:00
B032	baseline	a0b42f34eabb38c519a91cf66a4e8481a68519f0	baseline	preflop.8.steady_check_ms	37.149225	Fresh original postflop-check control plus retained preflop speed/capacity reference before shared terminal and compact value trials	2026-09-07T05:36:39+00:00
B032	baseline	a0b42f34eabb38c519a91cf66a4e8481a68519f0	baseline	preflop.2.iteration_ms	0.077	Fresh original postflop-check control plus retained preflop speed/capacity reference before shared terminal and compact value trials	2026-09-07T05:36:39+00:00
B032	baseline	a0b42f34eabb38c519a91cf66a4e8481a68519f0	baseline	preflop.2.check_ms	0.254	Fresh original postflop-check control plus retained preflop speed/capacity reference before shared terminal and compact value trials	2026-09-07T05:36:39+00:00
B032	baseline	a0b42f34eabb38c519a91cf66a4e8481a68519f0	baseline	preflop.2.sync_ms	0.018	Fresh original postflop-check control plus retained preflop speed/capacity reference before shared terminal and compact value trials	2026-09-07T05:36:39+00:00
B032	baseline	a0b42f34eabb38c519a91cf66a4e8481a68519f0	baseline	preflop.6.iteration_ms	16.89	Fresh original postflop-check control plus retained preflop speed/capacity reference before shared terminal and compact value trials	2026-09-07T05:36:39+00:00
B032	baseline	a0b42f34eabb38c519a91cf66a4e8481a68519f0	baseline	preflop.6.check_ms	13.199	Fresh original postflop-check control plus retained preflop speed/capacity reference before shared terminal and compact value trials	2026-09-07T05:36:39+00:00
B032	baseline	a0b42f34eabb38c519a91cf66a4e8481a68519f0	baseline	preflop.6.sync_ms	27.376	Fresh original postflop-check control plus retained preflop speed/capacity reference before shared terminal and compact value trials	2026-09-07T05:36:39+00:00
B032	baseline	a0b42f34eabb38c519a91cf66a4e8481a68519f0	baseline	preflop.8.iteration_ms	57.473	Fresh original postflop-check control plus retained preflop speed/capacity reference before shared terminal and compact value trials	2026-09-07T05:36:39+00:00
B032	baseline	a0b42f34eabb38c519a91cf66a4e8481a68519f0	baseline	preflop.8.check_ms	38.581	Fresh original postflop-check control plus retained preflop speed/capacity reference before shared terminal and compact value trials	2026-09-07T05:36:39+00:00
B032	baseline	a0b42f34eabb38c519a91cf66a4e8481a68519f0	baseline	preflop.8.sync_ms	66.372	Fresh original postflop-check control plus retained preflop speed/capacity reference before shared terminal and compact value trials	2026-09-07T05:36:39+00:00
E030AR	postflop_cuda	949febe59d714de88c64e59c91e73a40de241fee	keep	postflop.Ks7h2d.first_check_ms	34.6028	Matched repeat after fresh B032 control, separating river benefit from large-tree timing drift	2026-09-07T05:38:22+00:00
E030AR	postflop_cuda	949febe59d714de88c64e59c91e73a40de241fee	keep	postflop.Ks7h2d.second_check_ms	34.9231	Matched repeat after fresh B032 control, separating river benefit from large-tree timing drift	2026-09-07T05:38:22+00:00
E030AR	postflop_cuda	949febe59d714de88c64e59c91e73a40de241fee	keep	postflop.Ks7h2d.steady_check_ms	34.64645	Matched repeat after fresh B032 control, separating river benefit from large-tree timing drift	2026-09-07T05:38:22+00:00
E030AR	postflop_cuda	949febe59d714de88c64e59c91e73a40de241fee	keep	postflop.Ks7s2d.first_check_ms	28.0841	Matched repeat after fresh B032 control, separating river benefit from large-tree timing drift	2026-09-07T05:38:22+00:00
E030AR	postflop_cuda	949febe59d714de88c64e59c91e73a40de241fee	keep	postflop.Ks7s2d.second_check_ms	29.928199999999997	Matched repeat after fresh B032 control, separating river benefit from large-tree timing drift	2026-09-07T05:38:22+00:00
E030AR	postflop_cuda	949febe59d714de88c64e59c91e73a40de241fee	keep	postflop.Ks7s2d.steady_check_ms	28.05065	Matched repeat after fresh B032 control, separating river benefit from large-tree timing drift	2026-09-07T05:38:22+00:00
E030AR	postflop_cuda	949febe59d714de88c64e59c91e73a40de241fee	keep	postflop.Ks7h2dQhTc.first_check_ms	1.2526	Matched repeat after fresh B032 control, separating river benefit from large-tree timing drift	2026-09-07T05:38:22+00:00
E030AR	postflop_cuda	949febe59d714de88c64e59c91e73a40de241fee	keep	postflop.Ks7h2dQhTc.second_check_ms	0.6039	Matched repeat after fresh B032 control, separating river benefit from large-tree timing drift	2026-09-07T05:38:22+00:00
E030AR	postflop_cuda	949febe59d714de88c64e59c91e73a40de241fee	keep	postflop.Ks7h2dQhTc.steady_check_ms	0.327125	Matched repeat after fresh B032 control, separating river benefit from large-tree timing drift	2026-09-07T05:38:22+00:00
E031	preflop_cuda	4503fb970048cb8ab88f947c88bcdfe1676881b4	discard	preflop.2.iteration_ms	0.081	Compute terminal masses and fixed-order probability once per CUDA block rather than once per hand thread	2026-09-07T05:41:07+00:00
E031	preflop_cuda	4503fb970048cb8ab88f947c88bcdfe1676881b4	discard	preflop.2.check_ms	0.263	Compute terminal masses and fixed-order probability once per CUDA block rather than once per hand thread	2026-09-07T05:41:07+00:00
E031	preflop_cuda	4503fb970048cb8ab88f947c88bcdfe1676881b4	discard	preflop.2.sync_ms	0.017	Compute terminal masses and fixed-order probability once per CUDA block rather than once per hand thread	2026-09-07T05:41:07+00:00
E031	preflop_cuda	4503fb970048cb8ab88f947c88bcdfe1676881b4	discard	preflop.6.iteration_ms	17.265	Compute terminal masses and fixed-order probability once per CUDA block rather than once per hand thread	2026-09-07T05:41:07+00:00
E031	preflop_cuda	4503fb970048cb8ab88f947c88bcdfe1676881b4	discard	preflop.6.check_ms	13.068	Compute terminal masses and fixed-order probability once per CUDA block rather than once per hand thread	2026-09-07T05:41:07+00:00
E031	preflop_cuda	4503fb970048cb8ab88f947c88bcdfe1676881b4	discard	preflop.6.sync_ms	25.388	Compute terminal masses and fixed-order probability once per CUDA block rather than once per hand thread	2026-09-07T05:41:07+00:00
E031	preflop_cuda	4503fb970048cb8ab88f947c88bcdfe1676881b4	discard	preflop.8.iteration_ms	59.284	Compute terminal masses and fixed-order probability once per CUDA block rather than once per hand thread	2026-09-07T05:41:07+00:00
E031	preflop_cuda	4503fb970048cb8ab88f947c88bcdfe1676881b4	discard	preflop.8.check_ms	38.459	Compute terminal masses and fixed-order probability once per CUDA block rather than once per hand thread	2026-09-07T05:41:07+00:00
E031	preflop_cuda	4503fb970048cb8ab88f947c88bcdfe1676881b4	discard	preflop.8.sync_ms	71.144	Compute terminal masses and fixed-order probability once per CUDA block rather than once per hand thread	2026-09-07T05:41:07+00:00
E032	memory_transfers	ae8bd56fea5db6bdbca543febd0c41d15839842e	keep	preflop.6.allocated_vram_mb	503.31648	Keep terminal values persistent and reuse action CFV scratch between alternate depths with an exact slot table and linear level construction	2026-09-07T05:43:52+00:00
E032	memory_transfers	ae8bd56fea5db6bdbca543febd0c41d15839842e	keep	preflop.6.build_ms	77.941	Keep terminal values persistent and reuse action CFV scratch between alternate depths with an exact slot table and linear level construction	2026-09-07T05:43:52+00:00
E032	memory_transfers	ae8bd56fea5db6bdbca543febd0c41d15839842e	keep	preflop.6.cpu_arena_mb	224.552328	Keep terminal values persistent and reuse action CFV scratch between alternate depths with an exact slot table and linear level construction	2026-09-07T05:43:52+00:00
E032	memory_transfers	ae8bd56fea5db6bdbca543febd0c41d15839842e	keep	preflop.6.estimated_vram_mb	558.527272	Keep terminal values persistent and reuse action CFV scratch between alternate depths with an exact slot table and linear level construction	2026-09-07T05:43:52+00:00
E032	memory_transfers	ae8bd56fea5db6bdbca543febd0c41d15839842e	keep	preflop.6.init_ms	146.671	Keep terminal values persistent and reuse action CFV scratch between alternate depths with an exact slot table and linear level construction	2026-09-07T05:43:52+00:00
E032	memory_transfers	ae8bd56fea5db6bdbca543febd0c41d15839842e	keep	preflop.8.allocated_vram_mb	1308.622848	Keep terminal values persistent and reuse action CFV scratch between alternate depths with an exact slot table and linear level construction	2026-09-07T05:43:52+00:00
E032	memory_transfers	ae8bd56fea5db6bdbca543febd0c41d15839842e	keep	preflop.8.build_ms	208.0391	Keep terminal values persistent and reuse action CFV scratch between alternate depths with an exact slot table and linear level construction	2026-09-07T05:43:52+00:00
E032	memory_transfers	ae8bd56fea5db6bdbca543febd0c41d15839842e	keep	preflop.8.cpu_arena_mb	587.239848	Keep terminal values persistent and reuse action CFV scratch between alternate depths with an exact slot table and linear level construction	2026-09-07T05:43:52+00:00
E032	memory_transfers	ae8bd56fea5db6bdbca543febd0c41d15839842e	keep	preflop.8.estimated_vram_mb	1357.2225680000001	Keep terminal values persistent and reuse action CFV scratch between alternate depths with an exact slot table and linear level construction	2026-09-07T05:43:52+00:00
E032	memory_transfers	ae8bd56fea5db6bdbca543febd0c41d15839842e	keep	preflop.8.init_ms	237.1321	Keep terminal values persistent and reuse action CFV scratch between alternate depths with an exact slot table and linear level construction	2026-09-07T05:43:52+00:00
E032	memory_transfers	ae8bd56fea5db6bdbca543febd0c41d15839842e	keep	preflop.2.iteration_ms	0.079	Keep terminal values persistent and reuse action CFV scratch between alternate depths with an exact slot table and linear level construction	2026-09-07T05:43:52+00:00
E032	memory_transfers	ae8bd56fea5db6bdbca543febd0c41d15839842e	keep	preflop.2.check_ms	0.209	Keep terminal values persistent and reuse action CFV scratch between alternate depths with an exact slot table and linear level construction	2026-09-07T05:43:52+00:00
E032	memory_transfers	ae8bd56fea5db6bdbca543febd0c41d15839842e	keep	preflop.2.sync_ms	0.02	Keep terminal values persistent and reuse action CFV scratch between alternate depths with an exact slot table and linear level construction	2026-09-07T05:43:52+00:00
E032	memory_transfers	ae8bd56fea5db6bdbca543febd0c41d15839842e	keep	preflop.6.iteration_ms	16.71	Keep terminal values persistent and reuse action CFV scratch between alternate depths with an exact slot table and linear level construction	2026-09-07T05:43:52+00:00
E032	memory_transfers	ae8bd56fea5db6bdbca543febd0c41d15839842e	keep	preflop.6.check_ms	12.316	Keep terminal values persistent and reuse action CFV scratch between alternate depths with an exact slot table and linear level construction	2026-09-07T05:43:52+00:00
E032	memory_transfers	ae8bd56fea5db6bdbca543febd0c41d15839842e	keep	preflop.6.sync_ms	27.029	Keep terminal values persistent and reuse action CFV scratch between alternate depths with an exact slot table and linear level construction	2026-09-07T05:43:52+00:00
E032	memory_transfers	ae8bd56fea5db6bdbca543febd0c41d15839842e	keep	preflop.8.iteration_ms	58.319	Keep terminal values persistent and reuse action CFV scratch between alternate depths with an exact slot table and linear level construction	2026-09-07T05:43:52+00:00
E032	memory_transfers	ae8bd56fea5db6bdbca543febd0c41d15839842e	keep	preflop.8.check_ms	39.397	Keep terminal values persistent and reuse action CFV scratch between alternate depths with an exact slot table and linear level construction	2026-09-07T05:43:52+00:00
E032	memory_transfers	ae8bd56fea5db6bdbca543febd0c41d15839842e	keep	preflop.8.sync_ms	66.947	Keep terminal values persistent and reuse action CFV scratch between alternate depths with an exact slot table and linear level construction	2026-09-07T05:43:52+00:00
E032R	memory_transfers	ae8bd56fea5db6bdbca543febd0c41d15839842e	keep	preflop.6.allocated_vram_mb	503.31648	Repeat compact preflop values with fixed convergence stopping and CUDA equivalence	2026-09-07T05:45:32+00:00
E032R	memory_transfers	ae8bd56fea5db6bdbca543febd0c41d15839842e	keep	preflop.6.build_ms	78.336	Repeat compact preflop values with fixed convergence stopping and CUDA equivalence	2026-09-07T05:45:32+00:00
E032R	memory_transfers	ae8bd56fea5db6bdbca543febd0c41d15839842e	keep	preflop.6.cpu_arena_mb	224.552328	Repeat compact preflop values with fixed convergence stopping and CUDA equivalence	2026-09-07T05:45:32+00:00
E032R	memory_transfers	ae8bd56fea5db6bdbca543febd0c41d15839842e	keep	preflop.6.estimated_vram_mb	558.527272	Repeat compact preflop values with fixed convergence stopping and CUDA equivalence	2026-09-07T05:45:32+00:00
E032R	memory_transfers	ae8bd56fea5db6bdbca543febd0c41d15839842e	keep	preflop.6.init_ms	138.59959999999998	Repeat compact preflop values with fixed convergence stopping and CUDA equivalence	2026-09-07T05:45:32+00:00
E032R	memory_transfers	ae8bd56fea5db6bdbca543febd0c41d15839842e	keep	preflop.8.allocated_vram_mb	1308.622848	Repeat compact preflop values with fixed convergence stopping and CUDA equivalence	2026-09-07T05:45:32+00:00
E032R	memory_transfers	ae8bd56fea5db6bdbca543febd0c41d15839842e	keep	preflop.8.build_ms	212.7641	Repeat compact preflop values with fixed convergence stopping and CUDA equivalence	2026-09-07T05:45:32+00:00
E032R	memory_transfers	ae8bd56fea5db6bdbca543febd0c41d15839842e	keep	preflop.8.cpu_arena_mb	587.239848	Repeat compact preflop values with fixed convergence stopping and CUDA equivalence	2026-09-07T05:45:32+00:00
E032R	memory_transfers	ae8bd56fea5db6bdbca543febd0c41d15839842e	keep	preflop.8.estimated_vram_mb	1357.2225680000001	Repeat compact preflop values with fixed convergence stopping and CUDA equivalence	2026-09-07T05:45:32+00:00
E032R	memory_transfers	ae8bd56fea5db6bdbca543febd0c41d15839842e	keep	preflop.8.init_ms	217.7318	Repeat compact preflop values with fixed convergence stopping and CUDA equivalence	2026-09-07T05:45:32+00:00
E032R	memory_transfers	ae8bd56fea5db6bdbca543febd0c41d15839842e	keep	preflop.2.iteration_ms	0.082	Repeat compact preflop values with fixed convergence stopping and CUDA equivalence	2026-09-07T05:45:32+00:00
E032R	memory_transfers	ae8bd56fea5db6bdbca543febd0c41d15839842e	keep	preflop.2.check_ms	0.283	Repeat compact preflop values with fixed convergence stopping and CUDA equivalence	2026-09-07T05:45:32+00:00
E032R	memory_transfers	ae8bd56fea5db6bdbca543febd0c41d15839842e	keep	preflop.2.sync_ms	0.018	Repeat compact preflop values with fixed convergence stopping and CUDA equivalence	2026-09-07T05:45:32+00:00
E032R	memory_transfers	ae8bd56fea5db6bdbca543febd0c41d15839842e	keep	preflop.6.iteration_ms	16.474	Repeat compact preflop values with fixed convergence stopping and CUDA equivalence	2026-09-07T05:45:32+00:00
E032R	memory_transfers	ae8bd56fea5db6bdbca543febd0c41d15839842e	keep	preflop.6.check_ms	11.629	Repeat compact preflop values with fixed convergence stopping and CUDA equivalence	2026-09-07T05:45:32+00:00
E032R	memory_transfers	ae8bd56fea5db6bdbca543febd0c41d15839842e	keep	preflop.6.sync_ms	29.096	Repeat compact preflop values with fixed convergence stopping and CUDA equivalence	2026-09-07T05:45:32+00:00
E032R	memory_transfers	ae8bd56fea5db6bdbca543febd0c41d15839842e	keep	preflop.8.iteration_ms	57.946	Repeat compact preflop values with fixed convergence stopping and CUDA equivalence	2026-09-07T05:45:32+00:00
E032R	memory_transfers	ae8bd56fea5db6bdbca543febd0c41d15839842e	keep	preflop.8.check_ms	39.74	Repeat compact preflop values with fixed convergence stopping and CUDA equivalence	2026-09-07T05:45:32+00:00
E032R	memory_transfers	ae8bd56fea5db6bdbca543febd0c41d15839842e	keep	preflop.8.sync_ms	66.138	Repeat compact preflop values with fixed convergence stopping and CUDA equivalence	2026-09-07T05:45:32+00:00
E032R	memory_transfers	ae8bd56fea5db6bdbca543febd0c41d15839842e	keep	preflop.6.target_seconds	2.9564696	Repeat compact preflop values with fixed convergence stopping and CUDA equivalence	2026-09-07T05:45:32+00:00
E032R	memory_transfers	ae8bd56fea5db6bdbca543febd0c41d15839842e	keep	preflop.8.target_seconds	7.4261381	Repeat compact preflop values with fixed convergence stopping and CUDA equivalence	2026-09-07T05:45:32+00:00
B033	baseline	2781e2b67dae08330f267bd48663a82d4c940bfa	baseline	postflop.Ks7h2d.init_ms	1105.904	Freeze generic3/5/7/9-seat full-state baseline and refresh postflop iteration control before narrower CUDA trials	2026-09-07T05:49:34+00:00
B033	baseline	2781e2b67dae08330f267bd48663a82d4c940bfa	baseline	postflop.Ks7h2d.iteration_ms	51.841	Freeze generic3/5/7/9-seat full-state baseline and refresh postflop iteration control before narrower CUDA trials	2026-09-07T05:49:34+00:00
B033	baseline	2781e2b67dae08330f267bd48663a82d4c940bfa	baseline	postflop.Ks7h2d.check_ms	34.858	Freeze generic3/5/7/9-seat full-state baseline and refresh postflop iteration control before narrower CUDA trials	2026-09-07T05:49:34+00:00
B033	baseline	2781e2b67dae08330f267bd48663a82d4c940bfa	baseline	postflop.Ks7s2d.init_ms	831.082	Freeze generic3/5/7/9-seat full-state baseline and refresh postflop iteration control before narrower CUDA trials	2026-09-07T05:49:34+00:00
B033	baseline	2781e2b67dae08330f267bd48663a82d4c940bfa	baseline	postflop.Ks7s2d.iteration_ms	31.208	Freeze generic3/5/7/9-seat full-state baseline and refresh postflop iteration control before narrower CUDA trials	2026-09-07T05:49:34+00:00
B033	baseline	2781e2b67dae08330f267bd48663a82d4c940bfa	baseline	postflop.Ks7s2d.check_ms	28.182	Freeze generic3/5/7/9-seat full-state baseline and refresh postflop iteration control before narrower CUDA trials	2026-09-07T05:49:34+00:00
B033	baseline	2781e2b67dae08330f267bd48663a82d4c940bfa	baseline	postflop.Ks7h2dQhTc.init_ms	68.056	Freeze generic3/5/7/9-seat full-state baseline and refresh postflop iteration control before narrower CUDA trials	2026-09-07T05:49:34+00:00
B033	baseline	2781e2b67dae08330f267bd48663a82d4c940bfa	baseline	postflop.Ks7h2dQhTc.iteration_ms	0.284	Freeze generic3/5/7/9-seat full-state baseline and refresh postflop iteration control before narrower CUDA trials	2026-09-07T05:49:34+00:00
B033	baseline	2781e2b67dae08330f267bd48663a82d4c940bfa	baseline	postflop.Ks7h2dQhTc.check_ms	0.599	Freeze generic3/5/7/9-seat full-state baseline and refresh postflop iteration control before narrower CUDA trials	2026-09-07T05:49:34+00:00
B033	baseline	2781e2b67dae08330f267bd48663a82d4c940bfa	baseline	preflop.3.iteration_ms	0.2	Freeze generic3/5/7/9-seat full-state baseline and refresh postflop iteration control before narrower CUDA trials	2026-09-07T05:49:34+00:00
B033	baseline	2781e2b67dae08330f267bd48663a82d4c940bfa	baseline	preflop.3.check_ms	0.527	Freeze generic3/5/7/9-seat full-state baseline and refresh postflop iteration control before narrower CUDA trials	2026-09-07T05:49:34+00:00
B033	baseline	2781e2b67dae08330f267bd48663a82d4c940bfa	baseline	preflop.3.sync_ms	0.072	Freeze generic3/5/7/9-seat full-state baseline and refresh postflop iteration control before narrower CUDA trials	2026-09-07T05:49:34+00:00
B033	baseline	2781e2b67dae08330f267bd48663a82d4c940bfa	baseline	preflop.5.iteration_ms	2.733	Freeze generic3/5/7/9-seat full-state baseline and refresh postflop iteration control before narrower CUDA trials	2026-09-07T05:49:34+00:00
B033	baseline	2781e2b67dae08330f267bd48663a82d4c940bfa	baseline	preflop.5.check_ms	2.569	Freeze generic3/5/7/9-seat full-state baseline and refresh postflop iteration control before narrower CUDA trials	2026-09-07T05:49:34+00:00
B033	baseline	2781e2b67dae08330f267bd48663a82d4c940bfa	baseline	preflop.5.sync_ms	9.799	Freeze generic3/5/7/9-seat full-state baseline and refresh postflop iteration control before narrower CUDA trials	2026-09-07T05:49:34+00:00
B033	baseline	2781e2b67dae08330f267bd48663a82d4c940bfa	baseline	preflop.7.iteration_ms	13.092	Freeze generic3/5/7/9-seat full-state baseline and refresh postflop iteration control before narrower CUDA trials	2026-09-07T05:49:34+00:00
B033	baseline	2781e2b67dae08330f267bd48663a82d4c940bfa	baseline	preflop.7.check_ms	9.167	Freeze generic3/5/7/9-seat full-state baseline and refresh postflop iteration control before narrower CUDA trials	2026-09-07T05:49:34+00:00
B033	baseline	2781e2b67dae08330f267bd48663a82d4c940bfa	baseline	preflop.7.sync_ms	15.824	Freeze generic3/5/7/9-seat full-state baseline and refresh postflop iteration control before narrower CUDA trials	2026-09-07T05:49:34+00:00
B033	baseline	2781e2b67dae08330f267bd48663a82d4c940bfa	baseline	preflop.9.iteration_ms	290.68	Freeze generic3/5/7/9-seat full-state baseline and refresh postflop iteration control before narrower CUDA trials	2026-09-07T05:49:34+00:00
B033	baseline	2781e2b67dae08330f267bd48663a82d4c940bfa	baseline	preflop.9.check_ms	197.123	Freeze generic3/5/7/9-seat full-state baseline and refresh postflop iteration control before narrower CUDA trials	2026-09-07T05:49:34+00:00
B033	baseline	2781e2b67dae08330f267bd48663a82d4c940bfa	baseline	preflop.9.sync_ms	283.644	Freeze generic3/5/7/9-seat full-state baseline and refresh postflop iteration control before narrower CUDA trials	2026-09-07T05:49:34+00:00
E033	preflop_cuda	324a69097dfce7a2a876a8f7b8fb645fd2bd128f	keep	preflop.3.iteration_ms	0.23	Use shared terminal masses only for generic3/5/7/9-seat kernels while preserving specialized common kernels	2026-09-07T05:51:23+00:00
E033	preflop_cuda	324a69097dfce7a2a876a8f7b8fb645fd2bd128f	keep	preflop.3.check_ms	0.525	Use shared terminal masses only for generic3/5/7/9-seat kernels while preserving specialized common kernels	2026-09-07T05:51:23+00:00
E033	preflop_cuda	324a69097dfce7a2a876a8f7b8fb645fd2bd128f	keep	preflop.3.sync_ms	0.063	Use shared terminal masses only for generic3/5/7/9-seat kernels while preserving specialized common kernels	2026-09-07T05:51:23+00:00
E033	preflop_cuda	324a69097dfce7a2a876a8f7b8fb645fd2bd128f	keep	preflop.5.iteration_ms	2.754	Use shared terminal masses only for generic3/5/7/9-seat kernels while preserving specialized common kernels	2026-09-07T05:51:23+00:00
E033	preflop_cuda	324a69097dfce7a2a876a8f7b8fb645fd2bd128f	keep	preflop.5.check_ms	2.538	Use shared terminal masses only for generic3/5/7/9-seat kernels while preserving specialized common kernels	2026-09-07T05:51:23+00:00
E033	preflop_cuda	324a69097dfce7a2a876a8f7b8fb645fd2bd128f	keep	preflop.5.sync_ms	4.136	Use shared terminal masses only for generic3/5/7/9-seat kernels while preserving specialized common kernels	2026-09-07T05:51:23+00:00
E033	preflop_cuda	324a69097dfce7a2a876a8f7b8fb645fd2bd128f	keep	preflop.7.iteration_ms	12.328	Use shared terminal masses only for generic3/5/7/9-seat kernels while preserving specialized common kernels	2026-09-07T05:51:23+00:00
E033	preflop_cuda	324a69097dfce7a2a876a8f7b8fb645fd2bd128f	keep	preflop.7.check_ms	8.582	Use shared terminal masses only for generic3/5/7/9-seat kernels while preserving specialized common kernels	2026-09-07T05:51:23+00:00
E033	preflop_cuda	324a69097dfce7a2a876a8f7b8fb645fd2bd128f	keep	preflop.7.sync_ms	16.566	Use shared terminal masses only for generic3/5/7/9-seat kernels while preserving specialized common kernels	2026-09-07T05:51:23+00:00
E033	preflop_cuda	324a69097dfce7a2a876a8f7b8fb645fd2bd128f	keep	preflop.9.iteration_ms	251.787	Use shared terminal masses only for generic3/5/7/9-seat kernels while preserving specialized common kernels	2026-09-07T05:51:23+00:00
E033	preflop_cuda	324a69097dfce7a2a876a8f7b8fb645fd2bd128f	keep	preflop.9.check_ms	161.789	Use shared terminal masses only for generic3/5/7/9-seat kernels while preserving specialized common kernels	2026-09-07T05:51:23+00:00
E033	preflop_cuda	324a69097dfce7a2a876a8f7b8fb645fd2bd128f	keep	preflop.9.sync_ms	293.842	Use shared terminal masses only for generic3/5/7/9-seat kernels while preserving specialized common kernels	2026-09-07T05:51:23+00:00
E033	preflop_cuda	324a69097dfce7a2a876a8f7b8fb645fd2bd128f	keep	preflop.2.iteration_ms	0.081	Use shared terminal masses only for generic3/5/7/9-seat kernels while preserving specialized common kernels	2026-09-07T05:51:23+00:00
E033	preflop_cuda	324a69097dfce7a2a876a8f7b8fb645fd2bd128f	keep	preflop.2.check_ms	0.26	Use shared terminal masses only for generic3/5/7/9-seat kernels while preserving specialized common kernels	2026-09-07T05:51:23+00:00
E033	preflop_cuda	324a69097dfce7a2a876a8f7b8fb645fd2bd128f	keep	preflop.2.sync_ms	0.017	Use shared terminal masses only for generic3/5/7/9-seat kernels while preserving specialized common kernels	2026-09-07T05:51:23+00:00
E033	preflop_cuda	324a69097dfce7a2a876a8f7b8fb645fd2bd128f	keep	preflop.6.iteration_ms	16.592	Use shared terminal masses only for generic3/5/7/9-seat kernels while preserving specialized common kernels	2026-09-07T05:51:23+00:00
E033	preflop_cuda	324a69097dfce7a2a876a8f7b8fb645fd2bd128f	keep	preflop.6.check_ms	12.162	Use shared terminal masses only for generic3/5/7/9-seat kernels while preserving specialized common kernels	2026-09-07T05:51:23+00:00
E033	preflop_cuda	324a69097dfce7a2a876a8f7b8fb645fd2bd128f	keep	preflop.6.sync_ms	26.62	Use shared terminal masses only for generic3/5/7/9-seat kernels while preserving specialized common kernels	2026-09-07T05:51:23+00:00
E033	preflop_cuda	324a69097dfce7a2a876a8f7b8fb645fd2bd128f	keep	preflop.8.iteration_ms	57.988	Use shared terminal masses only for generic3/5/7/9-seat kernels while preserving specialized common kernels	2026-09-07T05:51:23+00:00
E033	preflop_cuda	324a69097dfce7a2a876a8f7b8fb645fd2bd128f	keep	preflop.8.check_ms	39.808	Use shared terminal masses only for generic3/5/7/9-seat kernels while preserving specialized common kernels	2026-09-07T05:51:23+00:00
E033	preflop_cuda	324a69097dfce7a2a876a8f7b8fb645fd2bd128f	keep	preflop.8.sync_ms	69.246	Use shared terminal masses only for generic3/5/7/9-seat kernels while preserving specialized common kernels	2026-09-07T05:51:23+00:00
E033B	preflop_cuda	c6cf909eaa1c99786b186915ebc007a880f07437	discard	preflop.3.iteration_ms	0.227	Compare direct compile-time seat specialization against shared generic terminal uniforms for all supported seats	2026-09-07T05:53:52+00:00
E033B	preflop_cuda	c6cf909eaa1c99786b186915ebc007a880f07437	discard	preflop.3.check_ms	0.527	Compare direct compile-time seat specialization against shared generic terminal uniforms for all supported seats	2026-09-07T05:53:52+00:00
E033B	preflop_cuda	c6cf909eaa1c99786b186915ebc007a880f07437	discard	preflop.3.sync_ms	0.068	Compare direct compile-time seat specialization against shared generic terminal uniforms for all supported seats	2026-09-07T05:53:52+00:00
E033B	preflop_cuda	c6cf909eaa1c99786b186915ebc007a880f07437	discard	preflop.5.iteration_ms	2.739	Compare direct compile-time seat specialization against shared generic terminal uniforms for all supported seats	2026-09-07T05:53:52+00:00
E033B	preflop_cuda	c6cf909eaa1c99786b186915ebc007a880f07437	discard	preflop.5.check_ms	2.996	Compare direct compile-time seat specialization against shared generic terminal uniforms for all supported seats	2026-09-07T05:53:52+00:00
E033B	preflop_cuda	c6cf909eaa1c99786b186915ebc007a880f07437	discard	preflop.5.sync_ms	3.891	Compare direct compile-time seat specialization against shared generic terminal uniforms for all supported seats	2026-09-07T05:53:52+00:00
E033B	preflop_cuda	c6cf909eaa1c99786b186915ebc007a880f07437	discard	preflop.7.iteration_ms	12.488	Compare direct compile-time seat specialization against shared generic terminal uniforms for all supported seats	2026-09-07T05:53:52+00:00
E033B	preflop_cuda	c6cf909eaa1c99786b186915ebc007a880f07437	discard	preflop.7.check_ms	9.157	Compare direct compile-time seat specialization against shared generic terminal uniforms for all supported seats	2026-09-07T05:53:52+00:00
E033B	preflop_cuda	c6cf909eaa1c99786b186915ebc007a880f07437	discard	preflop.7.sync_ms	15.596	Compare direct compile-time seat specialization against shared generic terminal uniforms for all supported seats	2026-09-07T05:53:52+00:00
E033B	preflop_cuda	c6cf909eaa1c99786b186915ebc007a880f07437	discard	preflop.9.iteration_ms	262.141	Compare direct compile-time seat specialization against shared generic terminal uniforms for all supported seats	2026-09-07T05:53:52+00:00
E033B	preflop_cuda	c6cf909eaa1c99786b186915ebc007a880f07437	discard	preflop.9.check_ms	181.62	Compare direct compile-time seat specialization against shared generic terminal uniforms for all supported seats	2026-09-07T05:53:52+00:00
E033B	preflop_cuda	c6cf909eaa1c99786b186915ebc007a880f07437	discard	preflop.9.sync_ms	285.448	Compare direct compile-time seat specialization against shared generic terminal uniforms for all supported seats	2026-09-07T05:53:52+00:00
E033B	preflop_cuda	c6cf909eaa1c99786b186915ebc007a880f07437	discard	preflop.2.iteration_ms	0.107	Compare direct compile-time seat specialization against shared generic terminal uniforms for all supported seats	2026-09-07T05:53:52+00:00
E033B	preflop_cuda	c6cf909eaa1c99786b186915ebc007a880f07437	discard	preflop.2.check_ms	0.277	Compare direct compile-time seat specialization against shared generic terminal uniforms for all supported seats	2026-09-07T05:53:52+00:00
E033B	preflop_cuda	c6cf909eaa1c99786b186915ebc007a880f07437	discard	preflop.2.sync_ms	0.129	Compare direct compile-time seat specialization against shared generic terminal uniforms for all supported seats	2026-09-07T05:53:52+00:00
E033B	preflop_cuda	c6cf909eaa1c99786b186915ebc007a880f07437	discard	preflop.6.iteration_ms	16.557	Compare direct compile-time seat specialization against shared generic terminal uniforms for all supported seats	2026-09-07T05:53:52+00:00
E033B	preflop_cuda	c6cf909eaa1c99786b186915ebc007a880f07437	discard	preflop.6.check_ms	11.83	Compare direct compile-time seat specialization against shared generic terminal uniforms for all supported seats	2026-09-07T05:53:52+00:00
E033B	preflop_cuda	c6cf909eaa1c99786b186915ebc007a880f07437	discard	preflop.6.sync_ms	27.783	Compare direct compile-time seat specialization against shared generic terminal uniforms for all supported seats	2026-09-07T05:53:52+00:00
E033B	preflop_cuda	c6cf909eaa1c99786b186915ebc007a880f07437	discard	preflop.8.iteration_ms	58.119	Compare direct compile-time seat specialization against shared generic terminal uniforms for all supported seats	2026-09-07T05:53:52+00:00
E033B	preflop_cuda	c6cf909eaa1c99786b186915ebc007a880f07437	discard	preflop.8.check_ms	39.421	Compare direct compile-time seat specialization against shared generic terminal uniforms for all supported seats	2026-09-07T05:53:52+00:00
E033B	preflop_cuda	c6cf909eaa1c99786b186915ebc007a880f07437	discard	preflop.8.sync_ms	66.568	Compare direct compile-time seat specialization against shared generic terminal uniforms for all supported seats	2026-09-07T05:53:52+00:00
E033R	preflop_cuda	cf62471145c5bb9afbbf9be0f78ea3cf2bdbad3e	keep	preflop.3.iteration_ms	0.209	Repeat generic-only terminal broadcasts with full varied-seat states and GPU equivalence	2026-09-07T05:56:24+00:00
E033R	preflop_cuda	cf62471145c5bb9afbbf9be0f78ea3cf2bdbad3e	keep	preflop.3.check_ms	0.599	Repeat generic-only terminal broadcasts with full varied-seat states and GPU equivalence	2026-09-07T05:56:24+00:00
E033R	preflop_cuda	cf62471145c5bb9afbbf9be0f78ea3cf2bdbad3e	keep	preflop.3.sync_ms	0.083	Repeat generic-only terminal broadcasts with full varied-seat states and GPU equivalence	2026-09-07T05:56:24+00:00
E033R	preflop_cuda	cf62471145c5bb9afbbf9be0f78ea3cf2bdbad3e	keep	preflop.5.iteration_ms	2.791	Repeat generic-only terminal broadcasts with full varied-seat states and GPU equivalence	2026-09-07T05:56:24+00:00
E033R	preflop_cuda	cf62471145c5bb9afbbf9be0f78ea3cf2bdbad3e	keep	preflop.5.check_ms	2.614	Repeat generic-only terminal broadcasts with full varied-seat states and GPU equivalence	2026-09-07T05:56:24+00:00
E033R	preflop_cuda	cf62471145c5bb9afbbf9be0f78ea3cf2bdbad3e	keep	preflop.5.sync_ms	4.163	Repeat generic-only terminal broadcasts with full varied-seat states and GPU equivalence	2026-09-07T05:56:24+00:00
E033R	preflop_cuda	cf62471145c5bb9afbbf9be0f78ea3cf2bdbad3e	keep	preflop.7.iteration_ms	12.33	Repeat generic-only terminal broadcasts with full varied-seat states and GPU equivalence	2026-09-07T05:56:24+00:00
E033R	preflop_cuda	cf62471145c5bb9afbbf9be0f78ea3cf2bdbad3e	keep	preflop.7.check_ms	8.745	Repeat generic-only terminal broadcasts with full varied-seat states and GPU equivalence	2026-09-07T05:56:24+00:00
E033R	preflop_cuda	cf62471145c5bb9afbbf9be0f78ea3cf2bdbad3e	keep	preflop.7.sync_ms	16.577	Repeat generic-only terminal broadcasts with full varied-seat states and GPU equivalence	2026-09-07T05:56:24+00:00
E033R	preflop_cuda	cf62471145c5bb9afbbf9be0f78ea3cf2bdbad3e	keep	preflop.9.iteration_ms	252.738	Repeat generic-only terminal broadcasts with full varied-seat states and GPU equivalence	2026-09-07T05:56:24+00:00
E033R	preflop_cuda	cf62471145c5bb9afbbf9be0f78ea3cf2bdbad3e	keep	preflop.9.check_ms	162.047	Repeat generic-only terminal broadcasts with full varied-seat states and GPU equivalence	2026-09-07T05:56:24+00:00
E033R	preflop_cuda	cf62471145c5bb9afbbf9be0f78ea3cf2bdbad3e	keep	preflop.9.sync_ms	305.603	Repeat generic-only terminal broadcasts with full varied-seat states and GPU equivalence	2026-09-07T05:56:24+00:00
E033R	preflop_cuda	cf62471145c5bb9afbbf9be0f78ea3cf2bdbad3e	keep	preflop.2.iteration_ms	0.081	Repeat generic-only terminal broadcasts with full varied-seat states and GPU equivalence	2026-09-07T05:56:24+00:00
E033R	preflop_cuda	cf62471145c5bb9afbbf9be0f78ea3cf2bdbad3e	keep	preflop.2.check_ms	0.275	Repeat generic-only terminal broadcasts with full varied-seat states and GPU equivalence	2026-09-07T05:56:24+00:00
E033R	preflop_cuda	cf62471145c5bb9afbbf9be0f78ea3cf2bdbad3e	keep	preflop.2.sync_ms	0.019	Repeat generic-only terminal broadcasts with full varied-seat states and GPU equivalence	2026-09-07T05:56:24+00:00
E033R	preflop_cuda	cf62471145c5bb9afbbf9be0f78ea3cf2bdbad3e	keep	preflop.6.iteration_ms	16.677	Repeat generic-only terminal broadcasts with full varied-seat states and GPU equivalence	2026-09-07T05:56:24+00:00
E033R	preflop_cuda	cf62471145c5bb9afbbf9be0f78ea3cf2bdbad3e	keep	preflop.6.check_ms	12.277	Repeat generic-only terminal broadcasts with full varied-seat states and GPU equivalence	2026-09-07T05:56:24+00:00
E033R	preflop_cuda	cf62471145c5bb9afbbf9be0f78ea3cf2bdbad3e	keep	preflop.6.sync_ms	28.441	Repeat generic-only terminal broadcasts with full varied-seat states and GPU equivalence	2026-09-07T05:56:24+00:00
E033R	preflop_cuda	cf62471145c5bb9afbbf9be0f78ea3cf2bdbad3e	keep	preflop.8.iteration_ms	58.058	Repeat generic-only terminal broadcasts with full varied-seat states and GPU equivalence	2026-09-07T05:56:24+00:00
E033R	preflop_cuda	cf62471145c5bb9afbbf9be0f78ea3cf2bdbad3e	keep	preflop.8.check_ms	38.759	Repeat generic-only terminal broadcasts with full varied-seat states and GPU equivalence	2026-09-07T05:56:24+00:00
E033R	preflop_cuda	cf62471145c5bb9afbbf9be0f78ea3cf2bdbad3e	keep	preflop.8.sync_ms	69.964	Repeat generic-only terminal broadcasts with full varied-seat states and GPU equivalence	2026-09-07T05:56:24+00:00
E034	postflop_cuda	8e00a2ec1b354fa3d7dcc1971a18de12b624f212	discard	postflop.Ks7h2d.init_ms	1872.394	Use sorted lower/tied/higher card-removal runs to reduce per-entry rank branches without extra memory or changed sums	2026-09-07T05:59:19+00:00
E034	postflop_cuda	8e00a2ec1b354fa3d7dcc1971a18de12b624f212	discard	postflop.Ks7h2d.iteration_ms	57.098	Use sorted lower/tied/higher card-removal runs to reduce per-entry rank branches without extra memory or changed sums	2026-09-07T05:59:19+00:00
E034	postflop_cuda	8e00a2ec1b354fa3d7dcc1971a18de12b624f212	discard	postflop.Ks7h2d.check_ms	40.14	Use sorted lower/tied/higher card-removal runs to reduce per-entry rank branches without extra memory or changed sums	2026-09-07T05:59:19+00:00
E034	postflop_cuda	8e00a2ec1b354fa3d7dcc1971a18de12b624f212	discard	postflop.Ks7s2d.init_ms	711.152	Use sorted lower/tied/higher card-removal runs to reduce per-entry rank branches without extra memory or changed sums	2026-09-07T05:59:19+00:00
E034	postflop_cuda	8e00a2ec1b354fa3d7dcc1971a18de12b624f212	discard	postflop.Ks7s2d.iteration_ms	37.243	Use sorted lower/tied/higher card-removal runs to reduce per-entry rank branches without extra memory or changed sums	2026-09-07T05:59:19+00:00
E034	postflop_cuda	8e00a2ec1b354fa3d7dcc1971a18de12b624f212	discard	postflop.Ks7s2d.check_ms	34.465	Use sorted lower/tied/higher card-removal runs to reduce per-entry rank branches without extra memory or changed sums	2026-09-07T05:59:19+00:00
E034	postflop_cuda	8e00a2ec1b354fa3d7dcc1971a18de12b624f212	discard	postflop.Ks7h2dQhTc.init_ms	103.844	Use sorted lower/tied/higher card-removal runs to reduce per-entry rank branches without extra memory or changed sums	2026-09-07T05:59:19+00:00
E034	postflop_cuda	8e00a2ec1b354fa3d7dcc1971a18de12b624f212	discard	postflop.Ks7h2dQhTc.iteration_ms	0.394	Use sorted lower/tied/higher card-removal runs to reduce per-entry rank branches without extra memory or changed sums	2026-09-07T05:59:19+00:00
E034	postflop_cuda	8e00a2ec1b354fa3d7dcc1971a18de12b624f212	discard	postflop.Ks7h2dQhTc.check_ms	3.423	Use sorted lower/tied/higher card-removal runs to reduce per-entry rank branches without extra memory or changed sums	2026-09-07T05:59:19+00:00
E035	preflop_cuda	db5b25e164576dfb237f0b8a78ab07f41f8682ba	keep	preflop.2.iteration_ms	0.086	Map the original256-lane reach sum onto128threads with identical pair-addition order, including signed zeros and subnormals	2026-09-07T06:02:19+00:00
E035	preflop_cuda	db5b25e164576dfb237f0b8a78ab07f41f8682ba	keep	preflop.2.check_ms	0.323	Map the original256-lane reach sum onto128threads with identical pair-addition order, including signed zeros and subnormals	2026-09-07T06:02:19+00:00
E035	preflop_cuda	db5b25e164576dfb237f0b8a78ab07f41f8682ba	keep	preflop.2.sync_ms	0.027	Map the original256-lane reach sum onto128threads with identical pair-addition order, including signed zeros and subnormals	2026-09-07T06:02:19+00:00
E035	preflop_cuda	db5b25e164576dfb237f0b8a78ab07f41f8682ba	keep	preflop.6.iteration_ms	15.157	Map the original256-lane reach sum onto128threads with identical pair-addition order, including signed zeros and subnormals	2026-09-07T06:02:19+00:00
E035	preflop_cuda	db5b25e164576dfb237f0b8a78ab07f41f8682ba	keep	preflop.6.check_ms	12.937	Map the original256-lane reach sum onto128threads with identical pair-addition order, including signed zeros and subnormals	2026-09-07T06:02:19+00:00
E035	preflop_cuda	db5b25e164576dfb237f0b8a78ab07f41f8682ba	keep	preflop.6.sync_ms	28.471	Map the original256-lane reach sum onto128threads with identical pair-addition order, including signed zeros and subnormals	2026-09-07T06:02:19+00:00
E035	preflop_cuda	db5b25e164576dfb237f0b8a78ab07f41f8682ba	keep	preflop.8.iteration_ms	53.486	Map the original256-lane reach sum onto128threads with identical pair-addition order, including signed zeros and subnormals	2026-09-07T06:02:19+00:00
E035	preflop_cuda	db5b25e164576dfb237f0b8a78ab07f41f8682ba	keep	preflop.8.check_ms	39.423	Map the original256-lane reach sum onto128threads with identical pair-addition order, including signed zeros and subnormals	2026-09-07T06:02:19+00:00
E035	preflop_cuda	db5b25e164576dfb237f0b8a78ab07f41f8682ba	keep	preflop.8.sync_ms	69.104	Map the original256-lane reach sum onto128threads with identical pair-addition order, including signed zeros and subnormals	2026-09-07T06:02:19+00:00
E035R	preflop_cuda	db5b25e164576dfb237f0b8a78ab07f41f8682ba	keep	preflop.3.iteration_ms	0.237	Repeat exact128-thread reach reduction across all large seat counts and fixed convergence targets	2026-09-07T06:03:39+00:00
E035R	preflop_cuda	db5b25e164576dfb237f0b8a78ab07f41f8682ba	keep	preflop.3.check_ms	0.622	Repeat exact128-thread reach reduction across all large seat counts and fixed convergence targets	2026-09-07T06:03:39+00:00
E035R	preflop_cuda	db5b25e164576dfb237f0b8a78ab07f41f8682ba	keep	preflop.3.sync_ms	0.124	Repeat exact128-thread reach reduction across all large seat counts and fixed convergence targets	2026-09-07T06:03:39+00:00
E035R	preflop_cuda	db5b25e164576dfb237f0b8a78ab07f41f8682ba	keep	preflop.5.iteration_ms	2.478	Repeat exact128-thread reach reduction across all large seat counts and fixed convergence targets	2026-09-07T06:03:39+00:00
E035R	preflop_cuda	db5b25e164576dfb237f0b8a78ab07f41f8682ba	keep	preflop.5.check_ms	2.728	Repeat exact128-thread reach reduction across all large seat counts and fixed convergence targets	2026-09-07T06:03:39+00:00
E035R	preflop_cuda	db5b25e164576dfb237f0b8a78ab07f41f8682ba	keep	preflop.5.sync_ms	4.819	Repeat exact128-thread reach reduction across all large seat counts and fixed convergence targets	2026-09-07T06:03:39+00:00
E035R	preflop_cuda	db5b25e164576dfb237f0b8a78ab07f41f8682ba	keep	preflop.7.iteration_ms	11.298	Repeat exact128-thread reach reduction across all large seat counts and fixed convergence targets	2026-09-07T06:03:39+00:00
E035R	preflop_cuda	db5b25e164576dfb237f0b8a78ab07f41f8682ba	keep	preflop.7.check_ms	9.033	Repeat exact128-thread reach reduction across all large seat counts and fixed convergence targets	2026-09-07T06:03:39+00:00
E035R	preflop_cuda	db5b25e164576dfb237f0b8a78ab07f41f8682ba	keep	preflop.7.sync_ms	17.643	Repeat exact128-thread reach reduction across all large seat counts and fixed convergence targets	2026-09-07T06:03:39+00:00
E035R	preflop_cuda	db5b25e164576dfb237f0b8a78ab07f41f8682ba	keep	preflop.9.iteration_ms	227.091	Repeat exact128-thread reach reduction across all large seat counts and fixed convergence targets	2026-09-07T06:03:39+00:00
E035R	preflop_cuda	db5b25e164576dfb237f0b8a78ab07f41f8682ba	keep	preflop.9.check_ms	161.381	Repeat exact128-thread reach reduction across all large seat counts and fixed convergence targets	2026-09-07T06:03:39+00:00
E035R	preflop_cuda	db5b25e164576dfb237f0b8a78ab07f41f8682ba	keep	preflop.9.sync_ms	293.034	Repeat exact128-thread reach reduction across all large seat counts and fixed convergence targets	2026-09-07T06:03:39+00:00
E035R	preflop_cuda	db5b25e164576dfb237f0b8a78ab07f41f8682ba	keep	preflop.2.iteration_ms	0.084	Repeat exact128-thread reach reduction across all large seat counts and fixed convergence targets	2026-09-07T06:03:39+00:00
E035R	preflop_cuda	db5b25e164576dfb237f0b8a78ab07f41f8682ba	keep	preflop.2.check_ms	0.299	Repeat exact128-thread reach reduction across all large seat counts and fixed convergence targets	2026-09-07T06:03:39+00:00
E035R	preflop_cuda	db5b25e164576dfb237f0b8a78ab07f41f8682ba	keep	preflop.2.sync_ms	0.019	Repeat exact128-thread reach reduction across all large seat counts and fixed convergence targets	2026-09-07T06:03:39+00:00
E035R	preflop_cuda	db5b25e164576dfb237f0b8a78ab07f41f8682ba	keep	preflop.6.iteration_ms	15.105	Repeat exact128-thread reach reduction across all large seat counts and fixed convergence targets	2026-09-07T06:03:39+00:00
E035R	preflop_cuda	db5b25e164576dfb237f0b8a78ab07f41f8682ba	keep	preflop.6.check_ms	12.653	Repeat exact128-thread reach reduction across all large seat counts and fixed convergence targets	2026-09-07T06:03:39+00:00
E035R	preflop_cuda	db5b25e164576dfb237f0b8a78ab07f41f8682ba	keep	preflop.6.sync_ms	27.846	Repeat exact128-thread reach reduction across all large seat counts and fixed convergence targets	2026-09-07T06:03:39+00:00
E035R	preflop_cuda	db5b25e164576dfb237f0b8a78ab07f41f8682ba	keep	preflop.8.iteration_ms	52.933	Repeat exact128-thread reach reduction across all large seat counts and fixed convergence targets	2026-09-07T06:03:39+00:00
E035R	preflop_cuda	db5b25e164576dfb237f0b8a78ab07f41f8682ba	keep	preflop.8.check_ms	39.323	Repeat exact128-thread reach reduction across all large seat counts and fixed convergence targets	2026-09-07T06:03:39+00:00
E035R	preflop_cuda	db5b25e164576dfb237f0b8a78ab07f41f8682ba	keep	preflop.8.sync_ms	66.533	Repeat exact128-thread reach reduction across all large seat counts and fixed convergence targets	2026-09-07T06:03:39+00:00
E035R	preflop_cuda	db5b25e164576dfb237f0b8a78ab07f41f8682ba	keep	preflop.6.target_seconds	2.696802	Repeat exact128-thread reach reduction across all large seat counts and fixed convergence targets	2026-09-07T06:03:39+00:00
E035R	preflop_cuda	db5b25e164576dfb237f0b8a78ab07f41f8682ba	keep	preflop.8.target_seconds	6.7872369	Repeat exact128-thread reach reduction across all large seat counts and fixed convergence targets	2026-09-07T06:03:39+00:00
E036	preflop_cuda	8db273b9a33a8a6f4273339b61efb31a775fc6fd	discard	preflop.3.iteration_ms	0.217	Unroll equity-cache dot loops by4 to amortize loop/address work while preserving each sequential accumulation	2026-09-07T06:06:45+00:00
E036	preflop_cuda	8db273b9a33a8a6f4273339b61efb31a775fc6fd	discard	preflop.3.check_ms	0.553	Unroll equity-cache dot loops by4 to amortize loop/address work while preserving each sequential accumulation	2026-09-07T06:06:45+00:00
E036	preflop_cuda	8db273b9a33a8a6f4273339b61efb31a775fc6fd	discard	preflop.3.sync_ms	0.075	Unroll equity-cache dot loops by4 to amortize loop/address work while preserving each sequential accumulation	2026-09-07T06:06:45+00:00
E036	preflop_cuda	8db273b9a33a8a6f4273339b61efb31a775fc6fd	discard	preflop.5.iteration_ms	2.752	Unroll equity-cache dot loops by4 to amortize loop/address work while preserving each sequential accumulation	2026-09-07T06:06:45+00:00
E036	preflop_cuda	8db273b9a33a8a6f4273339b61efb31a775fc6fd	discard	preflop.5.check_ms	2.623	Unroll equity-cache dot loops by4 to amortize loop/address work while preserving each sequential accumulation	2026-09-07T06:06:45+00:00
E036	preflop_cuda	8db273b9a33a8a6f4273339b61efb31a775fc6fd	discard	preflop.5.sync_ms	4.166	Unroll equity-cache dot loops by4 to amortize loop/address work while preserving each sequential accumulation	2026-09-07T06:06:45+00:00
E036	preflop_cuda	8db273b9a33a8a6f4273339b61efb31a775fc6fd	discard	preflop.7.iteration_ms	11.799	Unroll equity-cache dot loops by4 to amortize loop/address work while preserving each sequential accumulation	2026-09-07T06:06:45+00:00
E036	preflop_cuda	8db273b9a33a8a6f4273339b61efb31a775fc6fd	discard	preflop.7.check_ms	8.863	Unroll equity-cache dot loops by4 to amortize loop/address work while preserving each sequential accumulation	2026-09-07T06:06:45+00:00
E036	preflop_cuda	8db273b9a33a8a6f4273339b61efb31a775fc6fd	discard	preflop.7.sync_ms	16.301	Unroll equity-cache dot loops by4 to amortize loop/address work while preserving each sequential accumulation	2026-09-07T06:06:45+00:00
E036	preflop_cuda	8db273b9a33a8a6f4273339b61efb31a775fc6fd	discard	preflop.9.iteration_ms	237.416	Unroll equity-cache dot loops by4 to amortize loop/address work while preserving each sequential accumulation	2026-09-07T06:06:45+00:00
E036	preflop_cuda	8db273b9a33a8a6f4273339b61efb31a775fc6fd	discard	preflop.9.check_ms	163.015	Unroll equity-cache dot loops by4 to amortize loop/address work while preserving each sequential accumulation	2026-09-07T06:06:45+00:00
E036	preflop_cuda	8db273b9a33a8a6f4273339b61efb31a775fc6fd	discard	preflop.9.sync_ms	320.15	Unroll equity-cache dot loops by4 to amortize loop/address work while preserving each sequential accumulation	2026-09-07T06:06:45+00:00
E036	preflop_cuda	8db273b9a33a8a6f4273339b61efb31a775fc6fd	discard	preflop.2.iteration_ms	0.091	Unroll equity-cache dot loops by4 to amortize loop/address work while preserving each sequential accumulation	2026-09-07T06:06:45+00:00
E036	preflop_cuda	8db273b9a33a8a6f4273339b61efb31a775fc6fd	discard	preflop.2.check_ms	0.239	Unroll equity-cache dot loops by4 to amortize loop/address work while preserving each sequential accumulation	2026-09-07T06:06:45+00:00
E036	preflop_cuda	8db273b9a33a8a6f4273339b61efb31a775fc6fd	discard	preflop.2.sync_ms	0.017	Unroll equity-cache dot loops by4 to amortize loop/address work while preserving each sequential accumulation	2026-09-07T06:06:45+00:00
E036	preflop_cuda	8db273b9a33a8a6f4273339b61efb31a775fc6fd	discard	preflop.6.iteration_ms	15.823	Unroll equity-cache dot loops by4 to amortize loop/address work while preserving each sequential accumulation	2026-09-07T06:06:45+00:00
E036	preflop_cuda	8db273b9a33a8a6f4273339b61efb31a775fc6fd	discard	preflop.6.check_ms	12.213	Unroll equity-cache dot loops by4 to amortize loop/address work while preserving each sequential accumulation	2026-09-07T06:06:45+00:00
E036	preflop_cuda	8db273b9a33a8a6f4273339b61efb31a775fc6fd	discard	preflop.6.sync_ms	27.451	Unroll equity-cache dot loops by4 to amortize loop/address work while preserving each sequential accumulation	2026-09-07T06:06:45+00:00
E036	preflop_cuda	8db273b9a33a8a6f4273339b61efb31a775fc6fd	discard	preflop.8.iteration_ms	55.576	Unroll equity-cache dot loops by4 to amortize loop/address work while preserving each sequential accumulation	2026-09-07T06:06:45+00:00
E036	preflop_cuda	8db273b9a33a8a6f4273339b61efb31a775fc6fd	discard	preflop.8.check_ms	39.953	Unroll equity-cache dot loops by4 to amortize loop/address work while preserving each sequential accumulation	2026-09-07T06:06:45+00:00
E036	preflop_cuda	8db273b9a33a8a6f4273339b61efb31a775fc6fd	discard	preflop.8.sync_ms	71.1	Unroll equity-cache dot loops by4 to amortize loop/address work while preserving each sequential accumulation	2026-09-07T06:06:45+00:00
E037	preflop_cuda	ad22abafaf902a0747b8df868b97910bbcb48c5b	discard	preflop.3.iteration_ms	0.229	Use192threads for non-reduction per-node kernels, reducing idle lanes while retaining the exact128-thread reach reduction	2026-09-07T06:09:49+00:00
E037	preflop_cuda	ad22abafaf902a0747b8df868b97910bbcb48c5b	discard	preflop.3.check_ms	0.486	Use192threads for non-reduction per-node kernels, reducing idle lanes while retaining the exact128-thread reach reduction	2026-09-07T06:09:49+00:00
E037	preflop_cuda	ad22abafaf902a0747b8df868b97910bbcb48c5b	discard	preflop.3.sync_ms	0.059	Use192threads for non-reduction per-node kernels, reducing idle lanes while retaining the exact128-thread reach reduction	2026-09-07T06:09:49+00:00
E037	preflop_cuda	ad22abafaf902a0747b8df868b97910bbcb48c5b	discard	preflop.5.iteration_ms	2.375	Use192threads for non-reduction per-node kernels, reducing idle lanes while retaining the exact128-thread reach reduction	2026-09-07T06:09:49+00:00
E037	preflop_cuda	ad22abafaf902a0747b8df868b97910bbcb48c5b	discard	preflop.5.check_ms	2.946	Use192threads for non-reduction per-node kernels, reducing idle lanes while retaining the exact128-thread reach reduction	2026-09-07T06:09:49+00:00
E037	preflop_cuda	ad22abafaf902a0747b8df868b97910bbcb48c5b	discard	preflop.5.sync_ms	3.855	Use192threads for non-reduction per-node kernels, reducing idle lanes while retaining the exact128-thread reach reduction	2026-09-07T06:09:49+00:00
E037	preflop_cuda	ad22abafaf902a0747b8df868b97910bbcb48c5b	discard	preflop.7.iteration_ms	10.607	Use192threads for non-reduction per-node kernels, reducing idle lanes while retaining the exact128-thread reach reduction	2026-09-07T06:09:49+00:00
E037	preflop_cuda	ad22abafaf902a0747b8df868b97910bbcb48c5b	discard	preflop.7.check_ms	7.42	Use192threads for non-reduction per-node kernels, reducing idle lanes while retaining the exact128-thread reach reduction	2026-09-07T06:09:49+00:00
E037	preflop_cuda	ad22abafaf902a0747b8df868b97910bbcb48c5b	discard	preflop.7.sync_ms	15.32	Use192threads for non-reduction per-node kernels, reducing idle lanes while retaining the exact128-thread reach reduction	2026-09-07T06:09:49+00:00
E037	preflop_cuda	ad22abafaf902a0747b8df868b97910bbcb48c5b	discard	preflop.9.iteration_ms	208.149	Use192threads for non-reduction per-node kernels, reducing idle lanes while retaining the exact128-thread reach reduction	2026-09-07T06:09:49+00:00
E037	preflop_cuda	ad22abafaf902a0747b8df868b97910bbcb48c5b	discard	preflop.9.check_ms	139.971	Use192threads for non-reduction per-node kernels, reducing idle lanes while retaining the exact128-thread reach reduction	2026-09-07T06:09:49+00:00
E037	preflop_cuda	ad22abafaf902a0747b8df868b97910bbcb48c5b	discard	preflop.9.sync_ms	285.623	Use192threads for non-reduction per-node kernels, reducing idle lanes while retaining the exact128-thread reach reduction	2026-09-07T06:09:49+00:00
E037	preflop_cuda	ad22abafaf902a0747b8df868b97910bbcb48c5b	discard	preflop.2.iteration_ms	0.089	Use192threads for non-reduction per-node kernels, reducing idle lanes while retaining the exact128-thread reach reduction	2026-09-07T06:09:49+00:00
E037	preflop_cuda	ad22abafaf902a0747b8df868b97910bbcb48c5b	discard	preflop.2.check_ms	0.384	Use192threads for non-reduction per-node kernels, reducing idle lanes while retaining the exact128-thread reach reduction	2026-09-07T06:09:49+00:00
E037	preflop_cuda	ad22abafaf902a0747b8df868b97910bbcb48c5b	discard	preflop.2.sync_ms	0.03	Use192threads for non-reduction per-node kernels, reducing idle lanes while retaining the exact128-thread reach reduction	2026-09-07T06:09:49+00:00
E037	preflop_cuda	ad22abafaf902a0747b8df868b97910bbcb48c5b	discard	preflop.6.iteration_ms	14.189	Use192threads for non-reduction per-node kernels, reducing idle lanes while retaining the exact128-thread reach reduction	2026-09-07T06:09:49+00:00
E037	preflop_cuda	ad22abafaf902a0747b8df868b97910bbcb48c5b	discard	preflop.6.check_ms	11.848	Use192threads for non-reduction per-node kernels, reducing idle lanes while retaining the exact128-thread reach reduction	2026-09-07T06:09:49+00:00
E037	preflop_cuda	ad22abafaf902a0747b8df868b97910bbcb48c5b	discard	preflop.6.sync_ms	27.224	Use192threads for non-reduction per-node kernels, reducing idle lanes while retaining the exact128-thread reach reduction	2026-09-07T06:09:49+00:00
E037	preflop_cuda	ad22abafaf902a0747b8df868b97910bbcb48c5b	discard	preflop.8.iteration_ms	48.491	Use192threads for non-reduction per-node kernels, reducing idle lanes while retaining the exact128-thread reach reduction	2026-09-07T06:09:49+00:00
E037	preflop_cuda	ad22abafaf902a0747b8df868b97910bbcb48c5b	discard	preflop.8.check_ms	34.035	Use192threads for non-reduction per-node kernels, reducing idle lanes while retaining the exact128-thread reach reduction	2026-09-07T06:09:49+00:00
E037	preflop_cuda	ad22abafaf902a0747b8df868b97910bbcb48c5b	discard	preflop.8.sync_ms	71.761	Use192threads for non-reduction per-node kernels, reducing idle lanes while retaining the exact128-thread reach reduction	2026-09-07T06:09:49+00:00
E037B	preflop_cuda	4754c4bb5f27e26e3fa78f4b7883806448169e67	discard	preflop.3.iteration_ms	0.278	Compare128-thread per-node work against192threads while keeping the reduction mapping identical	2026-09-07T06:13:04+00:00
E037B	preflop_cuda	4754c4bb5f27e26e3fa78f4b7883806448169e67	discard	preflop.3.check_ms	0.526	Compare128-thread per-node work against192threads while keeping the reduction mapping identical	2026-09-07T06:13:04+00:00
E037B	preflop_cuda	4754c4bb5f27e26e3fa78f4b7883806448169e67	discard	preflop.3.sync_ms	0.065	Compare128-thread per-node work against192threads while keeping the reduction mapping identical	2026-09-07T06:13:04+00:00
E037B	preflop_cuda	4754c4bb5f27e26e3fa78f4b7883806448169e67	discard	preflop.5.iteration_ms	2.44	Compare128-thread per-node work against192threads while keeping the reduction mapping identical	2026-09-07T06:13:04+00:00
E037B	preflop_cuda	4754c4bb5f27e26e3fa78f4b7883806448169e67	discard	preflop.5.check_ms	2.429	Compare128-thread per-node work against192threads while keeping the reduction mapping identical	2026-09-07T06:13:04+00:00
E037B	preflop_cuda	4754c4bb5f27e26e3fa78f4b7883806448169e67	discard	preflop.5.sync_ms	4.175	Compare128-thread per-node work against192threads while keeping the reduction mapping identical	2026-09-07T06:13:04+00:00
E037B	preflop_cuda	4754c4bb5f27e26e3fa78f4b7883806448169e67	discard	preflop.7.iteration_ms	9.869	Compare128-thread per-node work against192threads while keeping the reduction mapping identical	2026-09-07T06:13:04+00:00
E037B	preflop_cuda	4754c4bb5f27e26e3fa78f4b7883806448169e67	discard	preflop.7.check_ms	7.06	Compare128-thread per-node work against192threads while keeping the reduction mapping identical	2026-09-07T06:13:04+00:00
E037B	preflop_cuda	4754c4bb5f27e26e3fa78f4b7883806448169e67	discard	preflop.7.sync_ms	16.705	Compare128-thread per-node work against192threads while keeping the reduction mapping identical	2026-09-07T06:13:04+00:00
E037B	preflop_cuda	4754c4bb5f27e26e3fa78f4b7883806448169e67	discard	preflop.9.iteration_ms	190.591	Compare128-thread per-node work against192threads while keeping the reduction mapping identical	2026-09-07T06:13:04+00:00
E037B	preflop_cuda	4754c4bb5f27e26e3fa78f4b7883806448169e67	discard	preflop.9.check_ms	120.578	Compare128-thread per-node work against192threads while keeping the reduction mapping identical	2026-09-07T06:13:04+00:00
E037B	preflop_cuda	4754c4bb5f27e26e3fa78f4b7883806448169e67	discard	preflop.9.sync_ms	281.868	Compare128-thread per-node work against192threads while keeping the reduction mapping identical	2026-09-07T06:13:04+00:00
E037B	preflop_cuda	4754c4bb5f27e26e3fa78f4b7883806448169e67	discard	preflop.2.iteration_ms	0.102	Compare128-thread per-node work against192threads while keeping the reduction mapping identical	2026-09-07T06:13:04+00:00
E037B	preflop_cuda	4754c4bb5f27e26e3fa78f4b7883806448169e67	discard	preflop.2.check_ms	0.288	Compare128-thread per-node work against192threads while keeping the reduction mapping identical	2026-09-07T06:13:04+00:00
E037B	preflop_cuda	4754c4bb5f27e26e3fa78f4b7883806448169e67	discard	preflop.2.sync_ms	0.019	Compare128-thread per-node work against192threads while keeping the reduction mapping identical	2026-09-07T06:13:04+00:00
E037B	preflop_cuda	4754c4bb5f27e26e3fa78f4b7883806448169e67	discard	preflop.6.iteration_ms	13.062	Compare128-thread per-node work against192threads while keeping the reduction mapping identical	2026-09-07T06:13:04+00:00
E037B	preflop_cuda	4754c4bb5f27e26e3fa78f4b7883806448169e67	discard	preflop.6.check_ms	9.423	Compare128-thread per-node work against192threads while keeping the reduction mapping identical	2026-09-07T06:13:04+00:00
E037B	preflop_cuda	4754c4bb5f27e26e3fa78f4b7883806448169e67	discard	preflop.6.sync_ms	25.706	Compare128-thread per-node work against192threads while keeping the reduction mapping identical	2026-09-07T06:13:04+00:00
E037B	preflop_cuda	4754c4bb5f27e26e3fa78f4b7883806448169e67	discard	preflop.8.iteration_ms	44.318	Compare128-thread per-node work against192threads while keeping the reduction mapping identical	2026-09-07T06:13:04+00:00
E037B	preflop_cuda	4754c4bb5f27e26e3fa78f4b7883806448169e67	discard	preflop.8.check_ms	29.324	Compare128-thread per-node work against192threads while keeping the reduction mapping identical	2026-09-07T06:13:04+00:00
E037B	preflop_cuda	4754c4bb5f27e26e3fa78f4b7883806448169e67	discard	preflop.8.sync_ms	70.784	Compare128-thread per-node work against192threads while keeping the reduction mapping identical	2026-09-07T06:13:04+00:00
E037C	preflop_cuda	daacddcf31ba0207d964bde29104e5491e3aef2d	discard	preflop.3.iteration_ms	0.328	Test64-thread per-node blocks for further occupancy and redundant-uniform-work savings, with the exact reach sum fixed at128threads	2026-09-07T06:16:02+00:00
E037C	preflop_cuda	daacddcf31ba0207d964bde29104e5491e3aef2d	discard	preflop.3.check_ms	1.06	Test64-thread per-node blocks for further occupancy and redundant-uniform-work savings, with the exact reach sum fixed at128threads	2026-09-07T06:16:02+00:00
E037C	preflop_cuda	daacddcf31ba0207d964bde29104e5491e3aef2d	discard	preflop.3.sync_ms	0.146	Test64-thread per-node blocks for further occupancy and redundant-uniform-work savings, with the exact reach sum fixed at128threads	2026-09-07T06:16:02+00:00
E037C	preflop_cuda	daacddcf31ba0207d964bde29104e5491e3aef2d	discard	preflop.5.iteration_ms	2.574	Test64-thread per-node blocks for further occupancy and redundant-uniform-work savings, with the exact reach sum fixed at128threads	2026-09-07T06:16:02+00:00
E037C	preflop_cuda	daacddcf31ba0207d964bde29104e5491e3aef2d	discard	preflop.5.check_ms	2.264	Test64-thread per-node blocks for further occupancy and redundant-uniform-work savings, with the exact reach sum fixed at128threads	2026-09-07T06:16:02+00:00
E037C	preflop_cuda	daacddcf31ba0207d964bde29104e5491e3aef2d	discard	preflop.5.sync_ms	4.058	Test64-thread per-node blocks for further occupancy and redundant-uniform-work savings, with the exact reach sum fixed at128threads	2026-09-07T06:16:02+00:00
E037C	preflop_cuda	daacddcf31ba0207d964bde29104e5491e3aef2d	discard	preflop.7.iteration_ms	9.856	Test64-thread per-node blocks for further occupancy and redundant-uniform-work savings, with the exact reach sum fixed at128threads	2026-09-07T06:16:02+00:00
E037C	preflop_cuda	daacddcf31ba0207d964bde29104e5491e3aef2d	discard	preflop.7.check_ms	6.775	Test64-thread per-node blocks for further occupancy and redundant-uniform-work savings, with the exact reach sum fixed at128threads	2026-09-07T06:16:02+00:00
E037C	preflop_cuda	daacddcf31ba0207d964bde29104e5491e3aef2d	discard	preflop.7.sync_ms	17.94	Test64-thread per-node blocks for further occupancy and redundant-uniform-work savings, with the exact reach sum fixed at128threads	2026-09-07T06:16:02+00:00
E037C	preflop_cuda	daacddcf31ba0207d964bde29104e5491e3aef2d	discard	preflop.9.iteration_ms	191.917	Test64-thread per-node blocks for further occupancy and redundant-uniform-work savings, with the exact reach sum fixed at128threads	2026-09-07T06:16:02+00:00
E037C	preflop_cuda	daacddcf31ba0207d964bde29104e5491e3aef2d	discard	preflop.9.check_ms	117.151	Test64-thread per-node blocks for further occupancy and redundant-uniform-work savings, with the exact reach sum fixed at128threads	2026-09-07T06:16:02+00:00
E037C	preflop_cuda	daacddcf31ba0207d964bde29104e5491e3aef2d	discard	preflop.9.sync_ms	302.379	Test64-thread per-node blocks for further occupancy and redundant-uniform-work savings, with the exact reach sum fixed at128threads	2026-09-07T06:16:02+00:00
E037C	preflop_cuda	daacddcf31ba0207d964bde29104e5491e3aef2d	discard	preflop.2.iteration_ms	0.161	Test64-thread per-node blocks for further occupancy and redundant-uniform-work savings, with the exact reach sum fixed at128threads	2026-09-07T06:16:02+00:00
E037C	preflop_cuda	daacddcf31ba0207d964bde29104e5491e3aef2d	discard	preflop.2.check_ms	0.375	Test64-thread per-node blocks for further occupancy and redundant-uniform-work savings, with the exact reach sum fixed at128threads	2026-09-07T06:16:02+00:00
E037C	preflop_cuda	daacddcf31ba0207d964bde29104e5491e3aef2d	discard	preflop.2.sync_ms	0.031	Test64-thread per-node blocks for further occupancy and redundant-uniform-work savings, with the exact reach sum fixed at128threads	2026-09-07T06:16:02+00:00
E037C	preflop_cuda	daacddcf31ba0207d964bde29104e5491e3aef2d	discard	preflop.6.iteration_ms	12.94	Test64-thread per-node blocks for further occupancy and redundant-uniform-work savings, with the exact reach sum fixed at128threads	2026-09-07T06:16:02+00:00
E037C	preflop_cuda	daacddcf31ba0207d964bde29104e5491e3aef2d	discard	preflop.6.check_ms	8.795	Test64-thread per-node blocks for further occupancy and redundant-uniform-work savings, with the exact reach sum fixed at128threads	2026-09-07T06:16:02+00:00
E037C	preflop_cuda	daacddcf31ba0207d964bde29104e5491e3aef2d	discard	preflop.6.sync_ms	29.023	Test64-thread per-node blocks for further occupancy and redundant-uniform-work savings, with the exact reach sum fixed at128threads	2026-09-07T06:16:02+00:00
E037C	preflop_cuda	daacddcf31ba0207d964bde29104e5491e3aef2d	discard	preflop.8.iteration_ms	43.123	Test64-thread per-node blocks for further occupancy and redundant-uniform-work savings, with the exact reach sum fixed at128threads	2026-09-07T06:16:02+00:00
E037C	preflop_cuda	daacddcf31ba0207d964bde29104e5491e3aef2d	discard	preflop.8.check_ms	26.183	Test64-thread per-node blocks for further occupancy and redundant-uniform-work savings, with the exact reach sum fixed at128threads	2026-09-07T06:16:02+00:00
E037C	preflop_cuda	daacddcf31ba0207d964bde29104e5491e3aef2d	discard	preflop.8.sync_ms	77.47	Test64-thread per-node blocks for further occupancy and redundant-uniform-work savings, with the exact reach sum fixed at128threads	2026-09-07T06:16:02+00:00
E037D	preflop_cuda	76ca9e7ded44b122049901ac81c23509037fe891	keep	preflop.3.iteration_ms	0.229	Keep256threads for launches below256nodes and use64threads for wide levels, preserving narrow-tree latency and exact reductions	2026-09-07T06:19:30+00:00
E037D	preflop_cuda	76ca9e7ded44b122049901ac81c23509037fe891	keep	preflop.3.check_ms	0.532	Keep256threads for launches below256nodes and use64threads for wide levels, preserving narrow-tree latency and exact reductions	2026-09-07T06:19:30+00:00
E037D	preflop_cuda	76ca9e7ded44b122049901ac81c23509037fe891	keep	preflop.3.sync_ms	0.074	Keep256threads for launches below256nodes and use64threads for wide levels, preserving narrow-tree latency and exact reductions	2026-09-07T06:19:30+00:00
E037D	preflop_cuda	76ca9e7ded44b122049901ac81c23509037fe891	keep	preflop.5.iteration_ms	2.451	Keep256threads for launches below256nodes and use64threads for wide levels, preserving narrow-tree latency and exact reductions	2026-09-07T06:19:30+00:00
E037D	preflop_cuda	76ca9e7ded44b122049901ac81c23509037fe891	keep	preflop.5.check_ms	2.209	Keep256threads for launches below256nodes and use64threads for wide levels, preserving narrow-tree latency and exact reductions	2026-09-07T06:19:30+00:00
E037D	preflop_cuda	76ca9e7ded44b122049901ac81c23509037fe891	keep	preflop.5.sync_ms	5.411	Keep256threads for launches below256nodes and use64threads for wide levels, preserving narrow-tree latency and exact reductions	2026-09-07T06:19:30+00:00
E037D	preflop_cuda	76ca9e7ded44b122049901ac81c23509037fe891	keep	preflop.7.iteration_ms	9.635	Keep256threads for launches below256nodes and use64threads for wide levels, preserving narrow-tree latency and exact reductions	2026-09-07T06:19:30+00:00
E037D	preflop_cuda	76ca9e7ded44b122049901ac81c23509037fe891	keep	preflop.7.check_ms	7.007	Keep256threads for launches below256nodes and use64threads for wide levels, preserving narrow-tree latency and exact reductions	2026-09-07T06:19:30+00:00
E037D	preflop_cuda	76ca9e7ded44b122049901ac81c23509037fe891	keep	preflop.7.sync_ms	14.983	Keep256threads for launches below256nodes and use64threads for wide levels, preserving narrow-tree latency and exact reductions	2026-09-07T06:19:30+00:00
E037D	preflop_cuda	76ca9e7ded44b122049901ac81c23509037fe891	keep	preflop.9.iteration_ms	184.509	Keep256threads for launches below256nodes and use64threads for wide levels, preserving narrow-tree latency and exact reductions	2026-09-07T06:19:30+00:00
E037D	preflop_cuda	76ca9e7ded44b122049901ac81c23509037fe891	keep	preflop.9.check_ms	112.211	Keep256threads for launches below256nodes and use64threads for wide levels, preserving narrow-tree latency and exact reductions	2026-09-07T06:19:30+00:00
E037D	preflop_cuda	76ca9e7ded44b122049901ac81c23509037fe891	keep	preflop.9.sync_ms	300.282	Keep256threads for launches below256nodes and use64threads for wide levels, preserving narrow-tree latency and exact reductions	2026-09-07T06:19:30+00:00
E037D	preflop_cuda	76ca9e7ded44b122049901ac81c23509037fe891	keep	preflop.2.iteration_ms	0.081	Keep256threads for launches below256nodes and use64threads for wide levels, preserving narrow-tree latency and exact reductions	2026-09-07T06:19:30+00:00
E037D	preflop_cuda	76ca9e7ded44b122049901ac81c23509037fe891	keep	preflop.2.check_ms	0.255	Keep256threads for launches below256nodes and use64threads for wide levels, preserving narrow-tree latency and exact reductions	2026-09-07T06:19:30+00:00
E037D	preflop_cuda	76ca9e7ded44b122049901ac81c23509037fe891	keep	preflop.2.sync_ms	0.018	Keep256threads for launches below256nodes and use64threads for wide levels, preserving narrow-tree latency and exact reductions	2026-09-07T06:19:30+00:00
E037D	preflop_cuda	76ca9e7ded44b122049901ac81c23509037fe891	keep	preflop.6.iteration_ms	12.734	Keep256threads for launches below256nodes and use64threads for wide levels, preserving narrow-tree latency and exact reductions	2026-09-07T06:19:30+00:00
E037D	preflop_cuda	76ca9e7ded44b122049901ac81c23509037fe891	keep	preflop.6.check_ms	8.809	Keep256threads for launches below256nodes and use64threads for wide levels, preserving narrow-tree latency and exact reductions	2026-09-07T06:19:30+00:00
E037D	preflop_cuda	76ca9e7ded44b122049901ac81c23509037fe891	keep	preflop.6.sync_ms	27.182	Keep256threads for launches below256nodes and use64threads for wide levels, preserving narrow-tree latency and exact reductions	2026-09-07T06:19:30+00:00
E037D	preflop_cuda	76ca9e7ded44b122049901ac81c23509037fe891	keep	preflop.8.iteration_ms	41.536	Keep256threads for launches below256nodes and use64threads for wide levels, preserving narrow-tree latency and exact reductions	2026-09-07T06:19:30+00:00
E037D	preflop_cuda	76ca9e7ded44b122049901ac81c23509037fe891	keep	preflop.8.check_ms	24.967	Keep256threads for launches below256nodes and use64threads for wide levels, preserving narrow-tree latency and exact reductions	2026-09-07T06:19:30+00:00
E037D	preflop_cuda	76ca9e7ded44b122049901ac81c23509037fe891	keep	preflop.8.sync_ms	65.091	Keep256threads for launches below256nodes and use64threads for wide levels, preserving narrow-tree latency and exact reductions	2026-09-07T06:19:30+00:00
E037DR	preflop_cuda	76ca9e7ded44b122049901ac81c23509037fe891	keep	postflop.memory.rainbow.cold.compressed.allocated_vram_mb	5905.580032	Repeat adaptive launch geometry with exact stopping and GPU/cache gates; collect fresh compressed lifecycle controls for the upload trial	2026-09-07T06:22:38+00:00
E037DR	preflop_cuda	76ca9e7ded44b122049901ac81c23509037fe891	keep	postflop.memory.rainbow.cold.compressed.host_live_mb	2585.260032	Repeat adaptive launch geometry with exact stopping and GPU/cache gates; collect fresh compressed lifecycle controls for the upload trial	2026-09-07T06:22:38+00:00
E037DR	preflop_cuda	76ca9e7ded44b122049901ac81c23509037fe891	keep	postflop.memory.rainbow.cold.compressed.host_private_mb	9082.830848	Repeat adaptive launch geometry with exact stopping and GPU/cache gates; collect fresh compressed lifecycle controls for the upload trial	2026-09-07T06:22:38+00:00
E037DR	preflop_cuda	76ca9e7ded44b122049901ac81c23509037fe891	keep	postflop.memory.rainbow.cold.compressed.init_ms	811.1334	Repeat adaptive launch geometry with exact stopping and GPU/cache gates; collect fresh compressed lifecycle controls for the upload trial	2026-09-07T06:22:38+00:00
E037DR	preflop_cuda	76ca9e7ded44b122049901ac81c23509037fe891	keep	postflop.memory.rainbow.cold.compressed.strategy_sync_ms	171.0208	Repeat adaptive launch geometry with exact stopping and GPU/cache gates; collect fresh compressed lifecycle controls for the upload trial	2026-09-07T06:22:38+00:00
E037DR	preflop_cuda	76ca9e7ded44b122049901ac81c23509037fe891	keep	postflop.memory.rainbow.cold.compressed.sync_ms	334.8445	Repeat adaptive launch geometry with exact stopping and GPU/cache gates; collect fresh compressed lifecycle controls for the upload trial	2026-09-07T06:22:38+00:00
E037DR	preflop_cuda	76ca9e7ded44b122049901ac81c23509037fe891	keep	postflop.memory.rainbow.warm.compressed.allocated_vram_mb	5905.580032	Repeat adaptive launch geometry with exact stopping and GPU/cache gates; collect fresh compressed lifecycle controls for the upload trial	2026-09-07T06:22:38+00:00
E037DR	preflop_cuda	76ca9e7ded44b122049901ac81c23509037fe891	keep	postflop.memory.rainbow.warm.compressed.host_live_mb	2597.093376	Repeat adaptive launch geometry with exact stopping and GPU/cache gates; collect fresh compressed lifecycle controls for the upload trial	2026-09-07T06:22:38+00:00
E037DR	preflop_cuda	76ca9e7ded44b122049901ac81c23509037fe891	keep	postflop.memory.rainbow.warm.compressed.host_private_mb	9088.954368	Repeat adaptive launch geometry with exact stopping and GPU/cache gates; collect fresh compressed lifecycle controls for the upload trial	2026-09-07T06:22:38+00:00
E037DR	preflop_cuda	76ca9e7ded44b122049901ac81c23509037fe891	keep	postflop.memory.rainbow.warm.compressed.init_ms	779.1766	Repeat adaptive launch geometry with exact stopping and GPU/cache gates; collect fresh compressed lifecycle controls for the upload trial	2026-09-07T06:22:38+00:00
E037DR	preflop_cuda	76ca9e7ded44b122049901ac81c23509037fe891	keep	postflop.memory.rainbow.warm.compressed.strategy_sync_ms	167.7842	Repeat adaptive launch geometry with exact stopping and GPU/cache gates; collect fresh compressed lifecycle controls for the upload trial	2026-09-07T06:22:38+00:00
E037DR	preflop_cuda	76ca9e7ded44b122049901ac81c23509037fe891	keep	postflop.memory.rainbow.warm.compressed.sync_ms	337.7634	Repeat adaptive launch geometry with exact stopping and GPU/cache gates; collect fresh compressed lifecycle controls for the upload trial	2026-09-07T06:22:38+00:00
E037DR	preflop_cuda	76ca9e7ded44b122049901ac81c23509037fe891	keep	postflop.memory.cold.f32.allocated_vram_mb	4731.174912	Repeat adaptive launch geometry with exact stopping and GPU/cache gates; collect fresh compressed lifecycle controls for the upload trial	2026-09-07T06:22:38+00:00
E037DR	preflop_cuda	76ca9e7ded44b122049901ac81c23509037fe891	keep	postflop.memory.cold.f32.host_live_mb	3917.53728	Repeat adaptive launch geometry with exact stopping and GPU/cache gates; collect fresh compressed lifecycle controls for the upload trial	2026-09-07T06:22:38+00:00
E037DR	preflop_cuda	76ca9e7ded44b122049901ac81c23509037fe891	keep	postflop.memory.cold.f32.host_private_mb	9230.974976	Repeat adaptive launch geometry with exact stopping and GPU/cache gates; collect fresh compressed lifecycle controls for the upload trial	2026-09-07T06:22:38+00:00
E037DR	preflop_cuda	76ca9e7ded44b122049901ac81c23509037fe891	keep	postflop.memory.cold.f32.init_ms	679.433	Repeat adaptive launch geometry with exact stopping and GPU/cache gates; collect fresh compressed lifecycle controls for the upload trial	2026-09-07T06:22:38+00:00
E037DR	preflop_cuda	76ca9e7ded44b122049901ac81c23509037fe891	keep	postflop.memory.cold.f32.strategy_sync_ms	157.2373	Repeat adaptive launch geometry with exact stopping and GPU/cache gates; collect fresh compressed lifecycle controls for the upload trial	2026-09-07T06:22:38+00:00
E037DR	preflop_cuda	76ca9e7ded44b122049901ac81c23509037fe891	keep	postflop.memory.cold.f32.sync_ms	311.70750000000004	Repeat adaptive launch geometry with exact stopping and GPU/cache gates; collect fresh compressed lifecycle controls for the upload trial	2026-09-07T06:22:38+00:00
E037DR	preflop_cuda	76ca9e7ded44b122049901ac81c23509037fe891	keep	postflop.memory.warm.f32.allocated_vram_mb	4731.174912	Repeat adaptive launch geometry with exact stopping and GPU/cache gates; collect fresh compressed lifecycle controls for the upload trial	2026-09-07T06:22:38+00:00
E037DR	preflop_cuda	76ca9e7ded44b122049901ac81c23509037fe891	keep	postflop.memory.warm.f32.host_live_mb	3936.321536	Repeat adaptive launch geometry with exact stopping and GPU/cache gates; collect fresh compressed lifecycle controls for the upload trial	2026-09-07T06:22:38+00:00
E037DR	preflop_cuda	76ca9e7ded44b122049901ac81c23509037fe891	keep	postflop.memory.warm.f32.host_private_mb	9246.261248	Repeat adaptive launch geometry with exact stopping and GPU/cache gates; collect fresh compressed lifecycle controls for the upload trial	2026-09-07T06:22:38+00:00
E037DR	preflop_cuda	76ca9e7ded44b122049901ac81c23509037fe891	keep	postflop.memory.warm.f32.init_ms	747.5805	Repeat adaptive launch geometry with exact stopping and GPU/cache gates; collect fresh compressed lifecycle controls for the upload trial	2026-09-07T06:22:38+00:00
E037DR	preflop_cuda	76ca9e7ded44b122049901ac81c23509037fe891	keep	postflop.memory.warm.f32.strategy_sync_ms	157.7772	Repeat adaptive launch geometry with exact stopping and GPU/cache gates; collect fresh compressed lifecycle controls for the upload trial	2026-09-07T06:22:38+00:00
E037DR	preflop_cuda	76ca9e7ded44b122049901ac81c23509037fe891	keep	postflop.memory.warm.f32.sync_ms	309.5161	Repeat adaptive launch geometry with exact stopping and GPU/cache gates; collect fresh compressed lifecycle controls for the upload trial	2026-09-07T06:22:38+00:00
E037DR	preflop_cuda	76ca9e7ded44b122049901ac81c23509037fe891	keep	postflop.memory.cold.compressed.allocated_vram_mb	3623.878656	Repeat adaptive launch geometry with exact stopping and GPU/cache gates; collect fresh compressed lifecycle controls for the upload trial	2026-09-07T06:22:38+00:00
E037DR	preflop_cuda	76ca9e7ded44b122049901ac81c23509037fe891	keep	postflop.memory.cold.compressed.host_live_mb	2300.452864	Repeat adaptive launch geometry with exact stopping and GPU/cache gates; collect fresh compressed lifecycle controls for the upload trial	2026-09-07T06:22:38+00:00
E037DR	preflop_cuda	76ca9e7ded44b122049901ac81c23509037fe891	keep	postflop.memory.cold.compressed.host_private_mb	6504.681472	Repeat adaptive launch geometry with exact stopping and GPU/cache gates; collect fresh compressed lifecycle controls for the upload trial	2026-09-07T06:22:38+00:00
E037DR	preflop_cuda	76ca9e7ded44b122049901ac81c23509037fe891	keep	postflop.memory.cold.compressed.init_ms	597.1931000000001	Repeat adaptive launch geometry with exact stopping and GPU/cache gates; collect fresh compressed lifecycle controls for the upload trial	2026-09-07T06:22:38+00:00
E037DR	preflop_cuda	76ca9e7ded44b122049901ac81c23509037fe891	keep	postflop.memory.cold.compressed.strategy_sync_ms	124.1716	Repeat adaptive launch geometry with exact stopping and GPU/cache gates; collect fresh compressed lifecycle controls for the upload trial	2026-09-07T06:22:38+00:00
E037DR	preflop_cuda	76ca9e7ded44b122049901ac81c23509037fe891	keep	postflop.memory.cold.compressed.sync_ms	254.95620000000002	Repeat adaptive launch geometry with exact stopping and GPU/cache gates; collect fresh compressed lifecycle controls for the upload trial	2026-09-07T06:22:38+00:00
E037DR	preflop_cuda	76ca9e7ded44b122049901ac81c23509037fe891	keep	postflop.memory.warm.compressed.allocated_vram_mb	3623.878656	Repeat adaptive launch geometry with exact stopping and GPU/cache gates; collect fresh compressed lifecycle controls for the upload trial	2026-09-07T06:22:38+00:00
E037DR	preflop_cuda	76ca9e7ded44b122049901ac81c23509037fe891	keep	postflop.memory.warm.compressed.host_live_mb	3769.335808	Repeat adaptive launch geometry with exact stopping and GPU/cache gates; collect fresh compressed lifecycle controls for the upload trial	2026-09-07T06:22:38+00:00
E037DR	preflop_cuda	76ca9e7ded44b122049901ac81c23509037fe891	keep	postflop.memory.warm.compressed.host_private_mb	8126.562304	Repeat adaptive launch geometry with exact stopping and GPU/cache gates; collect fresh compressed lifecycle controls for the upload trial	2026-09-07T06:22:38+00:00
E037DR	preflop_cuda	76ca9e7ded44b122049901ac81c23509037fe891	keep	postflop.memory.warm.compressed.init_ms	1005.5111999999999	Repeat adaptive launch geometry with exact stopping and GPU/cache gates; collect fresh compressed lifecycle controls for the upload trial	2026-09-07T06:22:38+00:00
E037DR	preflop_cuda	76ca9e7ded44b122049901ac81c23509037fe891	keep	postflop.memory.warm.compressed.strategy_sync_ms	143.0512	Repeat adaptive launch geometry with exact stopping and GPU/cache gates; collect fresh compressed lifecycle controls for the upload trial	2026-09-07T06:22:38+00:00
E037DR	preflop_cuda	76ca9e7ded44b122049901ac81c23509037fe891	keep	postflop.memory.warm.compressed.sync_ms	291.0126	Repeat adaptive launch geometry with exact stopping and GPU/cache gates; collect fresh compressed lifecycle controls for the upload trial	2026-09-07T06:22:38+00:00
E037DR	preflop_cuda	76ca9e7ded44b122049901ac81c23509037fe891	keep	preflop.3.iteration_ms	0.221	Repeat adaptive launch geometry with exact stopping and GPU/cache gates; collect fresh compressed lifecycle controls for the upload trial	2026-09-07T06:22:38+00:00
E037DR	preflop_cuda	76ca9e7ded44b122049901ac81c23509037fe891	keep	preflop.3.check_ms	0.503	Repeat adaptive launch geometry with exact stopping and GPU/cache gates; collect fresh compressed lifecycle controls for the upload trial	2026-09-07T06:22:38+00:00
E037DR	preflop_cuda	76ca9e7ded44b122049901ac81c23509037fe891	keep	preflop.3.sync_ms	0.057	Repeat adaptive launch geometry with exact stopping and GPU/cache gates; collect fresh compressed lifecycle controls for the upload trial	2026-09-07T06:22:38+00:00
E037DR	preflop_cuda	76ca9e7ded44b122049901ac81c23509037fe891	keep	preflop.5.iteration_ms	2.381	Repeat adaptive launch geometry with exact stopping and GPU/cache gates; collect fresh compressed lifecycle controls for the upload trial	2026-09-07T06:22:38+00:00
E037DR	preflop_cuda	76ca9e7ded44b122049901ac81c23509037fe891	keep	preflop.5.check_ms	2.464	Repeat adaptive launch geometry with exact stopping and GPU/cache gates; collect fresh compressed lifecycle controls for the upload trial	2026-09-07T06:22:38+00:00
E037DR	preflop_cuda	76ca9e7ded44b122049901ac81c23509037fe891	keep	preflop.5.sync_ms	4.035	Repeat adaptive launch geometry with exact stopping and GPU/cache gates; collect fresh compressed lifecycle controls for the upload trial	2026-09-07T06:22:38+00:00
E037DR	preflop_cuda	76ca9e7ded44b122049901ac81c23509037fe891	keep	preflop.7.iteration_ms	9.622	Repeat adaptive launch geometry with exact stopping and GPU/cache gates; collect fresh compressed lifecycle controls for the upload trial	2026-09-07T06:22:38+00:00
E037DR	preflop_cuda	76ca9e7ded44b122049901ac81c23509037fe891	keep	preflop.7.check_ms	6.261	Repeat adaptive launch geometry with exact stopping and GPU/cache gates; collect fresh compressed lifecycle controls for the upload trial	2026-09-07T06:22:38+00:00
E037DR	preflop_cuda	76ca9e7ded44b122049901ac81c23509037fe891	keep	preflop.7.sync_ms	15.892	Repeat adaptive launch geometry with exact stopping and GPU/cache gates; collect fresh compressed lifecycle controls for the upload trial	2026-09-07T06:22:38+00:00
E037DR	preflop_cuda	76ca9e7ded44b122049901ac81c23509037fe891	keep	preflop.9.iteration_ms	184.056	Repeat adaptive launch geometry with exact stopping and GPU/cache gates; collect fresh compressed lifecycle controls for the upload trial	2026-09-07T06:22:38+00:00
E037DR	preflop_cuda	76ca9e7ded44b122049901ac81c23509037fe891	keep	preflop.9.check_ms	112.307	Repeat adaptive launch geometry with exact stopping and GPU/cache gates; collect fresh compressed lifecycle controls for the upload trial	2026-09-07T06:22:38+00:00
E037DR	preflop_cuda	76ca9e7ded44b122049901ac81c23509037fe891	keep	preflop.9.sync_ms	317.055	Repeat adaptive launch geometry with exact stopping and GPU/cache gates; collect fresh compressed lifecycle controls for the upload trial	2026-09-07T06:22:38+00:00
E037DR	preflop_cuda	76ca9e7ded44b122049901ac81c23509037fe891	keep	preflop.2.iteration_ms	0.082	Repeat adaptive launch geometry with exact stopping and GPU/cache gates; collect fresh compressed lifecycle controls for the upload trial	2026-09-07T06:22:38+00:00
E037DR	preflop_cuda	76ca9e7ded44b122049901ac81c23509037fe891	keep	preflop.2.check_ms	0.268	Repeat adaptive launch geometry with exact stopping and GPU/cache gates; collect fresh compressed lifecycle controls for the upload trial	2026-09-07T06:22:38+00:00
E037DR	preflop_cuda	76ca9e7ded44b122049901ac81c23509037fe891	keep	preflop.2.sync_ms	0.03	Repeat adaptive launch geometry with exact stopping and GPU/cache gates; collect fresh compressed lifecycle controls for the upload trial	2026-09-07T06:22:38+00:00
E037DR	preflop_cuda	76ca9e7ded44b122049901ac81c23509037fe891	keep	preflop.6.iteration_ms	12.656	Repeat adaptive launch geometry with exact stopping and GPU/cache gates; collect fresh compressed lifecycle controls for the upload trial	2026-09-07T06:22:38+00:00
E037DR	preflop_cuda	76ca9e7ded44b122049901ac81c23509037fe891	keep	preflop.6.check_ms	9.033	Repeat adaptive launch geometry with exact stopping and GPU/cache gates; collect fresh compressed lifecycle controls for the upload trial	2026-09-07T06:22:38+00:00
E037DR	preflop_cuda	76ca9e7ded44b122049901ac81c23509037fe891	keep	preflop.6.sync_ms	25.226	Repeat adaptive launch geometry with exact stopping and GPU/cache gates; collect fresh compressed lifecycle controls for the upload trial	2026-09-07T06:22:38+00:00
E037DR	preflop_cuda	76ca9e7ded44b122049901ac81c23509037fe891	keep	preflop.8.iteration_ms	41.825	Repeat adaptive launch geometry with exact stopping and GPU/cache gates; collect fresh compressed lifecycle controls for the upload trial	2026-09-07T06:22:38+00:00
E037DR	preflop_cuda	76ca9e7ded44b122049901ac81c23509037fe891	keep	preflop.8.check_ms	25.355	Repeat adaptive launch geometry with exact stopping and GPU/cache gates; collect fresh compressed lifecycle controls for the upload trial	2026-09-07T06:22:38+00:00
E037DR	preflop_cuda	76ca9e7ded44b122049901ac81c23509037fe891	keep	preflop.8.sync_ms	69.182	Repeat adaptive launch geometry with exact stopping and GPU/cache gates; collect fresh compressed lifecycle controls for the upload trial	2026-09-07T06:22:38+00:00
E037DR	preflop_cuda	76ca9e7ded44b122049901ac81c23509037fe891	keep	preflop.6.target_seconds	2.2677291	Repeat adaptive launch geometry with exact stopping and GPU/cache gates; collect fresh compressed lifecycle controls for the upload trial	2026-09-07T06:22:38+00:00
E037DR	preflop_cuda	76ca9e7ded44b122049901ac81c23509037fe891	keep	preflop.8.target_seconds	5.336061	Repeat adaptive launch geometry with exact stopping and GPU/cache gates; collect fresh compressed lifecycle controls for the upload trial	2026-09-07T06:22:38+00:00
E038	memory_transfers	523c8d45ddf1d444e33523484673bf815a33c243	discard	postflop.memory.rainbow.cold.compressed.allocated_vram_mb	5905.580032	Decode compressed upload directly into disjoint pinned chunks in parallel, preserving per-node scales and exact output; retain serial fallback for small buffers.	2026-09-07T06:29:47+00:00
E038	memory_transfers	523c8d45ddf1d444e33523484673bf815a33c243	discard	postflop.memory.rainbow.cold.compressed.host_live_mb	2601.775104	Decode compressed upload directly into disjoint pinned chunks in parallel, preserving per-node scales and exact output; retain serial fallback for small buffers.	2026-09-07T06:29:47+00:00
E038	memory_transfers	523c8d45ddf1d444e33523484673bf815a33c243	discard	postflop.memory.rainbow.cold.compressed.host_private_mb	9098.858496	Decode compressed upload directly into disjoint pinned chunks in parallel, preserving per-node scales and exact output; retain serial fallback for small buffers.	2026-09-07T06:29:47+00:00
E038	memory_transfers	523c8d45ddf1d444e33523484673bf815a33c243	discard	postflop.memory.rainbow.cold.compressed.init_ms	899.1308	Decode compressed upload directly into disjoint pinned chunks in parallel, preserving per-node scales and exact output; retain serial fallback for small buffers.	2026-09-07T06:29:47+00:00
E038	memory_transfers	523c8d45ddf1d444e33523484673bf815a33c243	discard	postflop.memory.rainbow.cold.compressed.strategy_sync_ms	180.2157	Decode compressed upload directly into disjoint pinned chunks in parallel, preserving per-node scales and exact output; retain serial fallback for small buffers.	2026-09-07T06:29:47+00:00
E038	memory_transfers	523c8d45ddf1d444e33523484673bf815a33c243	discard	postflop.memory.rainbow.cold.compressed.sync_ms	355.3143	Decode compressed upload directly into disjoint pinned chunks in parallel, preserving per-node scales and exact output; retain serial fallback for small buffers.	2026-09-07T06:29:47+00:00
E038	memory_transfers	523c8d45ddf1d444e33523484673bf815a33c243	discard	postflop.memory.rainbow.warm.compressed.allocated_vram_mb	5905.580032	Decode compressed upload directly into disjoint pinned chunks in parallel, preserving per-node scales and exact output; retain serial fallback for small buffers.	2026-09-07T06:29:47+00:00
E038	memory_transfers	523c8d45ddf1d444e33523484673bf815a33c243	discard	postflop.memory.rainbow.warm.compressed.host_live_mb	2611.736576	Decode compressed upload directly into disjoint pinned chunks in parallel, preserving per-node scales and exact output; retain serial fallback for small buffers.	2026-09-07T06:29:47+00:00
E038	memory_transfers	523c8d45ddf1d444e33523484673bf815a33c243	discard	postflop.memory.rainbow.warm.compressed.host_private_mb	9107.472384	Decode compressed upload directly into disjoint pinned chunks in parallel, preserving per-node scales and exact output; retain serial fallback for small buffers.	2026-09-07T06:29:47+00:00
E038	memory_transfers	523c8d45ddf1d444e33523484673bf815a33c243	discard	postflop.memory.rainbow.warm.compressed.init_ms	848.7948	Decode compressed upload directly into disjoint pinned chunks in parallel, preserving per-node scales and exact output; retain serial fallback for small buffers.	2026-09-07T06:29:47+00:00
E038	memory_transfers	523c8d45ddf1d444e33523484673bf815a33c243	discard	postflop.memory.rainbow.warm.compressed.strategy_sync_ms	177.6823	Decode compressed upload directly into disjoint pinned chunks in parallel, preserving per-node scales and exact output; retain serial fallback for small buffers.	2026-09-07T06:29:47+00:00
E038	memory_transfers	523c8d45ddf1d444e33523484673bf815a33c243	discard	postflop.memory.rainbow.warm.compressed.sync_ms	338.34979999999996	Decode compressed upload directly into disjoint pinned chunks in parallel, preserving per-node scales and exact output; retain serial fallback for small buffers.	2026-09-07T06:29:47+00:00
E038	memory_transfers	523c8d45ddf1d444e33523484673bf815a33c243	discard	postflop.memory.cold.f32.allocated_vram_mb	4731.174912	Decode compressed upload directly into disjoint pinned chunks in parallel, preserving per-node scales and exact output; retain serial fallback for small buffers.	2026-09-07T06:29:47+00:00
E038	memory_transfers	523c8d45ddf1d444e33523484673bf815a33c243	discard	postflop.memory.cold.f32.host_live_mb	3917.058048	Decode compressed upload directly into disjoint pinned chunks in parallel, preserving per-node scales and exact output; retain serial fallback for small buffers.	2026-09-07T06:29:47+00:00
E038	memory_transfers	523c8d45ddf1d444e33523484673bf815a33c243	discard	postflop.memory.cold.f32.host_private_mb	9229.254656	Decode compressed upload directly into disjoint pinned chunks in parallel, preserving per-node scales and exact output; retain serial fallback for small buffers.	2026-09-07T06:29:47+00:00
E038	memory_transfers	523c8d45ddf1d444e33523484673bf815a33c243	discard	postflop.memory.cold.f32.init_ms	689.8482	Decode compressed upload directly into disjoint pinned chunks in parallel, preserving per-node scales and exact output; retain serial fallback for small buffers.	2026-09-07T06:29:47+00:00
E038	memory_transfers	523c8d45ddf1d444e33523484673bf815a33c243	discard	postflop.memory.cold.f32.strategy_sync_ms	154.07229999999998	Decode compressed upload directly into disjoint pinned chunks in parallel, preserving per-node scales and exact output; retain serial fallback for small buffers.	2026-09-07T06:29:47+00:00
E038	memory_transfers	523c8d45ddf1d444e33523484673bf815a33c243	discard	postflop.memory.cold.f32.sync_ms	313.1286	Decode compressed upload directly into disjoint pinned chunks in parallel, preserving per-node scales and exact output; retain serial fallback for small buffers.	2026-09-07T06:29:47+00:00
E038	memory_transfers	523c8d45ddf1d444e33523484673bf815a33c243	discard	postflop.memory.warm.f32.allocated_vram_mb	4731.174912	Decode compressed upload directly into disjoint pinned chunks in parallel, preserving per-node scales and exact output; retain serial fallback for small buffers.	2026-09-07T06:29:47+00:00
E038	memory_transfers	523c8d45ddf1d444e33523484673bf815a33c243	discard	postflop.memory.warm.f32.host_live_mb	3932.807168	Decode compressed upload directly into disjoint pinned chunks in parallel, preserving per-node scales and exact output; retain serial fallback for small buffers.	2026-09-07T06:29:47+00:00
E038	memory_transfers	523c8d45ddf1d444e33523484673bf815a33c243	discard	postflop.memory.warm.f32.host_private_mb	9244.409856	Decode compressed upload directly into disjoint pinned chunks in parallel, preserving per-node scales and exact output; retain serial fallback for small buffers.	2026-09-07T06:29:47+00:00
E038	memory_transfers	523c8d45ddf1d444e33523484673bf815a33c243	discard	postflop.memory.warm.f32.init_ms	712.4235	Decode compressed upload directly into disjoint pinned chunks in parallel, preserving per-node scales and exact output; retain serial fallback for small buffers.	2026-09-07T06:29:47+00:00
E038	memory_transfers	523c8d45ddf1d444e33523484673bf815a33c243	discard	postflop.memory.warm.f32.strategy_sync_ms	171.101	Decode compressed upload directly into disjoint pinned chunks in parallel, preserving per-node scales and exact output; retain serial fallback for small buffers.	2026-09-07T06:29:47+00:00
E038	memory_transfers	523c8d45ddf1d444e33523484673bf815a33c243	discard	postflop.memory.warm.f32.sync_ms	337.6953	Decode compressed upload directly into disjoint pinned chunks in parallel, preserving per-node scales and exact output; retain serial fallback for small buffers.	2026-09-07T06:29:47+00:00
E038	memory_transfers	523c8d45ddf1d444e33523484673bf815a33c243	discard	postflop.memory.cold.compressed.allocated_vram_mb	3623.878656	Decode compressed upload directly into disjoint pinned chunks in parallel, preserving per-node scales and exact output; retain serial fallback for small buffers.	2026-09-07T06:29:47+00:00
E038	memory_transfers	523c8d45ddf1d444e33523484673bf815a33c243	discard	postflop.memory.cold.compressed.host_live_mb	2308.861952	Decode compressed upload directly into disjoint pinned chunks in parallel, preserving per-node scales and exact output; retain serial fallback for small buffers.	2026-09-07T06:29:47+00:00
E038	memory_transfers	523c8d45ddf1d444e33523484673bf815a33c243	discard	postflop.memory.cold.compressed.host_private_mb	6508.744704	Decode compressed upload directly into disjoint pinned chunks in parallel, preserving per-node scales and exact output; retain serial fallback for small buffers.	2026-09-07T06:29:47+00:00
E038	memory_transfers	523c8d45ddf1d444e33523484673bf815a33c243	discard	postflop.memory.cold.compressed.init_ms	639.4744999999999	Decode compressed upload directly into disjoint pinned chunks in parallel, preserving per-node scales and exact output; retain serial fallback for small buffers.	2026-09-07T06:29:47+00:00
E038	memory_transfers	523c8d45ddf1d444e33523484673bf815a33c243	discard	postflop.memory.cold.compressed.strategy_sync_ms	127.4424	Decode compressed upload directly into disjoint pinned chunks in parallel, preserving per-node scales and exact output; retain serial fallback for small buffers.	2026-09-07T06:29:47+00:00
E038	memory_transfers	523c8d45ddf1d444e33523484673bf815a33c243	discard	postflop.memory.cold.compressed.sync_ms	249.0234	Decode compressed upload directly into disjoint pinned chunks in parallel, preserving per-node scales and exact output; retain serial fallback for small buffers.	2026-09-07T06:29:47+00:00
E038	memory_transfers	523c8d45ddf1d444e33523484673bf815a33c243	discard	postflop.memory.warm.compressed.allocated_vram_mb	3623.878656	Decode compressed upload directly into disjoint pinned chunks in parallel, preserving per-node scales and exact output; retain serial fallback for small buffers.	2026-09-07T06:29:47+00:00
E038	memory_transfers	523c8d45ddf1d444e33523484673bf815a33c243	discard	postflop.memory.warm.compressed.host_live_mb	3777.08544	Decode compressed upload directly into disjoint pinned chunks in parallel, preserving per-node scales and exact output; retain serial fallback for small buffers.	2026-09-07T06:29:47+00:00
E038	memory_transfers	523c8d45ddf1d444e33523484673bf815a33c243	discard	postflop.memory.warm.compressed.host_private_mb	8140.038144	Decode compressed upload directly into disjoint pinned chunks in parallel, preserving per-node scales and exact output; retain serial fallback for small buffers.	2026-09-07T06:29:47+00:00
E038	memory_transfers	523c8d45ddf1d444e33523484673bf815a33c243	discard	postflop.memory.warm.compressed.init_ms	1024.8295	Decode compressed upload directly into disjoint pinned chunks in parallel, preserving per-node scales and exact output; retain serial fallback for small buffers.	2026-09-07T06:29:47+00:00
E038	memory_transfers	523c8d45ddf1d444e33523484673bf815a33c243	discard	postflop.memory.warm.compressed.strategy_sync_ms	148.1594	Decode compressed upload directly into disjoint pinned chunks in parallel, preserving per-node scales and exact output; retain serial fallback for small buffers.	2026-09-07T06:29:47+00:00
E038	memory_transfers	523c8d45ddf1d444e33523484673bf815a33c243	discard	postflop.memory.warm.compressed.sync_ms	298.5226	Decode compressed upload directly into disjoint pinned chunks in parallel, preserving per-node scales and exact output; retain serial fallback for small buffers.	2026-09-07T06:29:47+00:00
B034	baseline	c14e87c3ad7f1c98cf61ca38b2971b37ecb97fef	baseline	preflop.6.allocated_vram_mb	671.08864	Fresh pass-start CUDA implementation on the current machine, with unchanged frozen workloads; compare final combined gains.	2026-09-07T06:36:58+00:00
B034	baseline	c14e87c3ad7f1c98cf61ca38b2971b37ecb97fef	baseline	preflop.6.build_ms	79.7142	Fresh pass-start CUDA implementation on the current machine, with unchanged frozen workloads; compare final combined gains.	2026-09-07T06:36:58+00:00
B034	baseline	c14e87c3ad7f1c98cf61ca38b2971b37ecb97fef	baseline	preflop.6.cpu_arena_mb	224.552328	Fresh pass-start CUDA implementation on the current machine, with unchanged frozen workloads; compare final combined gains.	2026-09-07T06:36:58+00:00
B034	baseline	c14e87c3ad7f1c98cf61ca38b2971b37ecb97fef	baseline	preflop.6.estimated_vram_mb	706.776248	Fresh pass-start CUDA implementation on the current machine, with unchanged frozen workloads; compare final combined gains.	2026-09-07T06:36:58+00:00
B034	baseline	c14e87c3ad7f1c98cf61ca38b2971b37ecb97fef	baseline	preflop.6.init_ms	146.5464	Fresh pass-start CUDA implementation on the current machine, with unchanged frozen workloads; compare final combined gains.	2026-09-07T06:36:58+00:00
B034	baseline	c14e87c3ad7f1c98cf61ca38b2971b37ecb97fef	baseline	preflop.8.allocated_vram_mb	1711.276032	Fresh pass-start CUDA implementation on the current machine, with unchanged frozen workloads; compare final combined gains.	2026-09-07T06:36:58+00:00
B034	baseline	c14e87c3ad7f1c98cf61ca38b2971b37ecb97fef	baseline	preflop.8.build_ms	206.5267	Fresh pass-start CUDA implementation on the current machine, with unchanged frozen workloads; compare final combined gains.	2026-09-07T06:36:58+00:00
B034	baseline	c14e87c3ad7f1c98cf61ca38b2971b37ecb97fef	baseline	preflop.8.cpu_arena_mb	587.239848	Fresh pass-start CUDA implementation on the current machine, with unchanged frozen workloads; compare final combined gains.	2026-09-07T06:36:58+00:00
B034	baseline	c14e87c3ad7f1c98cf61ca38b2971b37ecb97fef	baseline	preflop.8.estimated_vram_mb	1750.508472	Fresh pass-start CUDA implementation on the current machine, with unchanged frozen workloads; compare final combined gains.	2026-09-07T06:36:58+00:00
B034	baseline	c14e87c3ad7f1c98cf61ca38b2971b37ecb97fef	baseline	preflop.8.init_ms	237.5974	Fresh pass-start CUDA implementation on the current machine, with unchanged frozen workloads; compare final combined gains.	2026-09-07T06:36:58+00:00
B034	baseline	c14e87c3ad7f1c98cf61ca38b2971b37ecb97fef	baseline	postflop.Ks7h2d.target_seconds	12.067	Fresh pass-start CUDA implementation on the current machine, with unchanged frozen workloads; compare final combined gains.	2026-09-07T06:36:58+00:00
B034	baseline	c14e87c3ad7f1c98cf61ca38b2971b37ecb97fef	baseline	postflop.Ks7s2d.target_seconds	7.219	Fresh pass-start CUDA implementation on the current machine, with unchanged frozen workloads; compare final combined gains.	2026-09-07T06:36:58+00:00
B034	baseline	c14e87c3ad7f1c98cf61ca38b2971b37ecb97fef	baseline	postflop.Ks7h2dQhTc.target_seconds	0.022	Fresh pass-start CUDA implementation on the current machine, with unchanged frozen workloads; compare final combined gains.	2026-09-07T06:36:58+00:00
B034	baseline	c14e87c3ad7f1c98cf61ca38b2971b37ecb97fef	baseline	preflop.3.iteration_ms	0.24	Fresh pass-start CUDA implementation on the current machine, with unchanged frozen workloads; compare final combined gains.	2026-09-07T06:36:58+00:00
B034	baseline	c14e87c3ad7f1c98cf61ca38b2971b37ecb97fef	baseline	preflop.3.check_ms	0.612	Fresh pass-start CUDA implementation on the current machine, with unchanged frozen workloads; compare final combined gains.	2026-09-07T06:36:58+00:00
B034	baseline	c14e87c3ad7f1c98cf61ca38b2971b37ecb97fef	baseline	preflop.3.sync_ms	0.067	Fresh pass-start CUDA implementation on the current machine, with unchanged frozen workloads; compare final combined gains.	2026-09-07T06:36:58+00:00
B034	baseline	c14e87c3ad7f1c98cf61ca38b2971b37ecb97fef	baseline	preflop.5.iteration_ms	3.149	Fresh pass-start CUDA implementation on the current machine, with unchanged frozen workloads; compare final combined gains.	2026-09-07T06:36:58+00:00
B034	baseline	c14e87c3ad7f1c98cf61ca38b2971b37ecb97fef	baseline	preflop.5.check_ms	2.959	Fresh pass-start CUDA implementation on the current machine, with unchanged frozen workloads; compare final combined gains.	2026-09-07T06:36:58+00:00
B034	baseline	c14e87c3ad7f1c98cf61ca38b2971b37ecb97fef	baseline	preflop.5.sync_ms	4.621	Fresh pass-start CUDA implementation on the current machine, with unchanged frozen workloads; compare final combined gains.	2026-09-07T06:36:58+00:00
B034	baseline	c14e87c3ad7f1c98cf61ca38b2971b37ecb97fef	baseline	preflop.7.iteration_ms	14.703	Fresh pass-start CUDA implementation on the current machine, with unchanged frozen workloads; compare final combined gains.	2026-09-07T06:36:58+00:00
B034	baseline	c14e87c3ad7f1c98cf61ca38b2971b37ecb97fef	baseline	preflop.7.check_ms	10.424	Fresh pass-start CUDA implementation on the current machine, with unchanged frozen workloads; compare final combined gains.	2026-09-07T06:36:58+00:00
B034	baseline	c14e87c3ad7f1c98cf61ca38b2971b37ecb97fef	baseline	preflop.7.sync_ms	16.793	Fresh pass-start CUDA implementation on the current machine, with unchanged frozen workloads; compare final combined gains.	2026-09-07T06:36:58+00:00
B034	baseline	c14e87c3ad7f1c98cf61ca38b2971b37ecb97fef	baseline	preflop.9.iteration_ms	315.572	Fresh pass-start CUDA implementation on the current machine, with unchanged frozen workloads; compare final combined gains.	2026-09-07T06:36:58+00:00
B034	baseline	c14e87c3ad7f1c98cf61ca38b2971b37ecb97fef	baseline	preflop.9.check_ms	197.742	Fresh pass-start CUDA implementation on the current machine, with unchanged frozen workloads; compare final combined gains.	2026-09-07T06:36:58+00:00
B034	baseline	c14e87c3ad7f1c98cf61ca38b2971b37ecb97fef	baseline	preflop.9.sync_ms	281.192	Fresh pass-start CUDA implementation on the current machine, with unchanged frozen workloads; compare final combined gains.	2026-09-07T06:36:58+00:00
B034	baseline	c14e87c3ad7f1c98cf61ca38b2971b37ecb97fef	baseline	preflop.2.iteration_ms	0.084	Fresh pass-start CUDA implementation on the current machine, with unchanged frozen workloads; compare final combined gains.	2026-09-07T06:36:58+00:00
B034	baseline	c14e87c3ad7f1c98cf61ca38b2971b37ecb97fef	baseline	preflop.2.check_ms	0.322	Fresh pass-start CUDA implementation on the current machine, with unchanged frozen workloads; compare final combined gains.	2026-09-07T06:36:58+00:00
B034	baseline	c14e87c3ad7f1c98cf61ca38b2971b37ecb97fef	baseline	preflop.2.sync_ms	0.019	Fresh pass-start CUDA implementation on the current machine, with unchanged frozen workloads; compare final combined gains.	2026-09-07T06:36:58+00:00
B034	baseline	c14e87c3ad7f1c98cf61ca38b2971b37ecb97fef	baseline	preflop.6.iteration_ms	19.612	Fresh pass-start CUDA implementation on the current machine, with unchanged frozen workloads; compare final combined gains.	2026-09-07T06:36:58+00:00
B034	baseline	c14e87c3ad7f1c98cf61ca38b2971b37ecb97fef	baseline	preflop.6.check_ms	13.891	Fresh pass-start CUDA implementation on the current machine, with unchanged frozen workloads; compare final combined gains.	2026-09-07T06:36:58+00:00
B034	baseline	c14e87c3ad7f1c98cf61ca38b2971b37ecb97fef	baseline	preflop.6.sync_ms	26.613	Fresh pass-start CUDA implementation on the current machine, with unchanged frozen workloads; compare final combined gains.	2026-09-07T06:36:58+00:00
B034	baseline	c14e87c3ad7f1c98cf61ca38b2971b37ecb97fef	baseline	preflop.8.iteration_ms	69.358	Fresh pass-start CUDA implementation on the current machine, with unchanged frozen workloads; compare final combined gains.	2026-09-07T06:36:58+00:00
B034	baseline	c14e87c3ad7f1c98cf61ca38b2971b37ecb97fef	baseline	preflop.8.check_ms	42.0	Fresh pass-start CUDA implementation on the current machine, with unchanged frozen workloads; compare final combined gains.	2026-09-07T06:36:58+00:00
B034	baseline	c14e87c3ad7f1c98cf61ca38b2971b37ecb97fef	baseline	preflop.8.sync_ms	66.686	Fresh pass-start CUDA implementation on the current machine, with unchanged frozen workloads; compare final combined gains.	2026-09-07T06:36:58+00:00
B034	baseline	c14e87c3ad7f1c98cf61ca38b2971b37ecb97fef	baseline	preflop.6.target_seconds	3.5492666	Fresh pass-start CUDA implementation on the current machine, with unchanged frozen workloads; compare final combined gains.	2026-09-07T06:36:58+00:00
B034	baseline	c14e87c3ad7f1c98cf61ca38b2971b37ecb97fef	baseline	preflop.8.target_seconds	8.925965099999999	Fresh pass-start CUDA implementation on the current machine, with unchanged frozen workloads; compare final combined gains.	2026-09-07T06:36:58+00:00
G001	preflop_cuda	a75c327cfa20ad3338d68aa1a75398458b76ea46	keep	preflop.3.iteration_ms	0.239	Final combined preflop source: all seven large fingerprints, 48 variants and unchanged target stopping states.	2026-09-07T06:38:40+00:00
G001	preflop_cuda	a75c327cfa20ad3338d68aa1a75398458b76ea46	keep	preflop.3.check_ms	0.638	Final combined preflop source: all seven large fingerprints, 48 variants and unchanged target stopping states.	2026-09-07T06:38:40+00:00
G001	preflop_cuda	a75c327cfa20ad3338d68aa1a75398458b76ea46	keep	preflop.3.sync_ms	0.096	Final combined preflop source: all seven large fingerprints, 48 variants and unchanged target stopping states.	2026-09-07T06:38:40+00:00
G001	preflop_cuda	a75c327cfa20ad3338d68aa1a75398458b76ea46	keep	preflop.5.iteration_ms	2.462	Final combined preflop source: all seven large fingerprints, 48 variants and unchanged target stopping states.	2026-09-07T06:38:40+00:00
G001	preflop_cuda	a75c327cfa20ad3338d68aa1a75398458b76ea46	keep	preflop.5.check_ms	2.386	Final combined preflop source: all seven large fingerprints, 48 variants and unchanged target stopping states.	2026-09-07T06:38:40+00:00
G001	preflop_cuda	a75c327cfa20ad3338d68aa1a75398458b76ea46	keep	preflop.5.sync_ms	4.058	Final combined preflop source: all seven large fingerprints, 48 variants and unchanged target stopping states.	2026-09-07T06:38:40+00:00
G001	preflop_cuda	a75c327cfa20ad3338d68aa1a75398458b76ea46	keep	preflop.7.iteration_ms	9.617	Final combined preflop source: all seven large fingerprints, 48 variants and unchanged target stopping states.	2026-09-07T06:38:40+00:00
G001	preflop_cuda	a75c327cfa20ad3338d68aa1a75398458b76ea46	keep	preflop.7.check_ms	6.92	Final combined preflop source: all seven large fingerprints, 48 variants and unchanged target stopping states.	2026-09-07T06:38:40+00:00
G001	preflop_cuda	a75c327cfa20ad3338d68aa1a75398458b76ea46	keep	preflop.7.sync_ms	16.194	Final combined preflop source: all seven large fingerprints, 48 variants and unchanged target stopping states.	2026-09-07T06:38:40+00:00
G001	preflop_cuda	a75c327cfa20ad3338d68aa1a75398458b76ea46	keep	preflop.9.iteration_ms	185.17	Final combined preflop source: all seven large fingerprints, 48 variants and unchanged target stopping states.	2026-09-07T06:38:40+00:00
G001	preflop_cuda	a75c327cfa20ad3338d68aa1a75398458b76ea46	keep	preflop.9.check_ms	113.863	Final combined preflop source: all seven large fingerprints, 48 variants and unchanged target stopping states.	2026-09-07T06:38:40+00:00
G001	preflop_cuda	a75c327cfa20ad3338d68aa1a75398458b76ea46	keep	preflop.9.sync_ms	323.142	Final combined preflop source: all seven large fingerprints, 48 variants and unchanged target stopping states.	2026-09-07T06:38:40+00:00
G001	preflop_cuda	a75c327cfa20ad3338d68aa1a75398458b76ea46	keep	preflop.2.iteration_ms	0.081	Final combined preflop source: all seven large fingerprints, 48 variants and unchanged target stopping states.	2026-09-07T06:38:40+00:00
G001	preflop_cuda	a75c327cfa20ad3338d68aa1a75398458b76ea46	keep	preflop.2.check_ms	0.246	Final combined preflop source: all seven large fingerprints, 48 variants and unchanged target stopping states.	2026-09-07T06:38:40+00:00
G001	preflop_cuda	a75c327cfa20ad3338d68aa1a75398458b76ea46	keep	preflop.2.sync_ms	0.036	Final combined preflop source: all seven large fingerprints, 48 variants and unchanged target stopping states.	2026-09-07T06:38:40+00:00
G001	preflop_cuda	a75c327cfa20ad3338d68aa1a75398458b76ea46	keep	preflop.6.iteration_ms	12.981	Final combined preflop source: all seven large fingerprints, 48 variants and unchanged target stopping states.	2026-09-07T06:38:40+00:00
G001	preflop_cuda	a75c327cfa20ad3338d68aa1a75398458b76ea46	keep	preflop.6.check_ms	9.197	Final combined preflop source: all seven large fingerprints, 48 variants and unchanged target stopping states.	2026-09-07T06:38:40+00:00
G001	preflop_cuda	a75c327cfa20ad3338d68aa1a75398458b76ea46	keep	preflop.6.sync_ms	31.166	Final combined preflop source: all seven large fingerprints, 48 variants and unchanged target stopping states.	2026-09-07T06:38:40+00:00
G001	preflop_cuda	a75c327cfa20ad3338d68aa1a75398458b76ea46	keep	preflop.8.iteration_ms	41.768	Final combined preflop source: all seven large fingerprints, 48 variants and unchanged target stopping states.	2026-09-07T06:38:40+00:00
G001	preflop_cuda	a75c327cfa20ad3338d68aa1a75398458b76ea46	keep	preflop.8.check_ms	25.377	Final combined preflop source: all seven large fingerprints, 48 variants and unchanged target stopping states.	2026-09-07T06:38:40+00:00
G001	preflop_cuda	a75c327cfa20ad3338d68aa1a75398458b76ea46	keep	preflop.8.sync_ms	68.293	Final combined preflop source: all seven large fingerprints, 48 variants and unchanged target stopping states.	2026-09-07T06:38:40+00:00
G001	preflop_cuda	a75c327cfa20ad3338d68aa1a75398458b76ea46	keep	preflop.6.target_seconds	2.3167796	Final combined preflop source: all seven large fingerprints, 48 variants and unchanged target stopping states.	2026-09-07T06:38:40+00:00
G001	preflop_cuda	a75c327cfa20ad3338d68aa1a75398458b76ea46	keep	preflop.8.target_seconds	5.3233246	Final combined preflop source: all seven large fingerprints, 48 variants and unchanged target stopping states.	2026-09-07T06:38:40+00:00
G002	postflop_cuda	a75c327cfa20ad3338d68aa1a75398458b76ea46	keep	postflop.Ks7h2d.target_seconds	11.107	Final combined postflop source: saved states, resume and CPU query materialization, action menus and unchanged convergence targets.	2026-09-07T06:39:59+00:00
G002	postflop_cuda	a75c327cfa20ad3338d68aa1a75398458b76ea46	keep	postflop.Ks7s2d.target_seconds	6.667	Final combined postflop source: saved states, resume and CPU query materialization, action menus and unchanged convergence targets.	2026-09-07T06:39:59+00:00
G002	postflop_cuda	a75c327cfa20ad3338d68aa1a75398458b76ea46	keep	postflop.Ks7h2dQhTc.target_seconds	0.022	Final combined postflop source: saved states, resume and CPU query materialization, action menus and unchanged convergence targets.	2026-09-07T06:39:59+00:00
G003	memory_transfers	a75c327cfa20ad3338d68aa1a75398458b76ea46	keep	preflop.6.allocated_vram_mb	503.31648	Final combined memory and evaluation checks: actual device allocation, cold and warm lifecycle, and repeated first/capture/steady evaluations.	2026-09-07T06:41:41+00:00
G003	memory_transfers	a75c327cfa20ad3338d68aa1a75398458b76ea46	keep	preflop.6.build_ms	82.515	Final combined memory and evaluation checks: actual device allocation, cold and warm lifecycle, and repeated first/capture/steady evaluations.	2026-09-07T06:41:41+00:00
G003	memory_transfers	a75c327cfa20ad3338d68aa1a75398458b76ea46	keep	preflop.6.cpu_arena_mb	224.552328	Final combined memory and evaluation checks: actual device allocation, cold and warm lifecycle, and repeated first/capture/steady evaluations.	2026-09-07T06:41:41+00:00
G003	memory_transfers	a75c327cfa20ad3338d68aa1a75398458b76ea46	keep	preflop.6.estimated_vram_mb	558.527272	Final combined memory and evaluation checks: actual device allocation, cold and warm lifecycle, and repeated first/capture/steady evaluations.	2026-09-07T06:41:41+00:00
G003	memory_transfers	a75c327cfa20ad3338d68aa1a75398458b76ea46	keep	preflop.6.init_ms	151.8129	Final combined memory and evaluation checks: actual device allocation, cold and warm lifecycle, and repeated first/capture/steady evaluations.	2026-09-07T06:41:41+00:00
G003	memory_transfers	a75c327cfa20ad3338d68aa1a75398458b76ea46	keep	preflop.8.allocated_vram_mb	1308.622848	Final combined memory and evaluation checks: actual device allocation, cold and warm lifecycle, and repeated first/capture/steady evaluations.	2026-09-07T06:41:41+00:00
G003	memory_transfers	a75c327cfa20ad3338d68aa1a75398458b76ea46	keep	preflop.8.build_ms	220.894	Final combined memory and evaluation checks: actual device allocation, cold and warm lifecycle, and repeated first/capture/steady evaluations.	2026-09-07T06:41:41+00:00
G003	memory_transfers	a75c327cfa20ad3338d68aa1a75398458b76ea46	keep	preflop.8.cpu_arena_mb	587.239848	Final combined memory and evaluation checks: actual device allocation, cold and warm lifecycle, and repeated first/capture/steady evaluations.	2026-09-07T06:41:41+00:00
G003	memory_transfers	a75c327cfa20ad3338d68aa1a75398458b76ea46	keep	preflop.8.estimated_vram_mb	1357.2225680000001	Final combined memory and evaluation checks: actual device allocation, cold and warm lifecycle, and repeated first/capture/steady evaluations.	2026-09-07T06:41:41+00:00
G003	memory_transfers	a75c327cfa20ad3338d68aa1a75398458b76ea46	keep	preflop.8.init_ms	243.2158	Final combined memory and evaluation checks: actual device allocation, cold and warm lifecycle, and repeated first/capture/steady evaluations.	2026-09-07T06:41:41+00:00
G003	memory_transfers	a75c327cfa20ad3338d68aa1a75398458b76ea46	keep	postflop.Ks7h2d.first_check_ms	34.8859	Final combined memory and evaluation checks: actual device allocation, cold and warm lifecycle, and repeated first/capture/steady evaluations.	2026-09-07T06:41:41+00:00
G003	memory_transfers	a75c327cfa20ad3338d68aa1a75398458b76ea46	keep	postflop.Ks7h2d.second_check_ms	35.5047	Final combined memory and evaluation checks: actual device allocation, cold and warm lifecycle, and repeated first/capture/steady evaluations.	2026-09-07T06:41:41+00:00
G003	memory_transfers	a75c327cfa20ad3338d68aa1a75398458b76ea46	keep	postflop.Ks7h2d.steady_check_ms	34.780975	Final combined memory and evaluation checks: actual device allocation, cold and warm lifecycle, and repeated first/capture/steady evaluations.	2026-09-07T06:41:41+00:00
G003	memory_transfers	a75c327cfa20ad3338d68aa1a75398458b76ea46	keep	postflop.Ks7s2d.first_check_ms	28.037	Final combined memory and evaluation checks: actual device allocation, cold and warm lifecycle, and repeated first/capture/steady evaluations.	2026-09-07T06:41:41+00:00
G003	memory_transfers	a75c327cfa20ad3338d68aa1a75398458b76ea46	keep	postflop.Ks7s2d.second_check_ms	28.5076	Final combined memory and evaluation checks: actual device allocation, cold and warm lifecycle, and repeated first/capture/steady evaluations.	2026-09-07T06:41:41+00:00
G003	memory_transfers	a75c327cfa20ad3338d68aa1a75398458b76ea46	keep	postflop.Ks7s2d.steady_check_ms	28.0708	Final combined memory and evaluation checks: actual device allocation, cold and warm lifecycle, and repeated first/capture/steady evaluations.	2026-09-07T06:41:41+00:00
G003	memory_transfers	a75c327cfa20ad3338d68aa1a75398458b76ea46	keep	postflop.Ks7h2dQhTc.first_check_ms	0.6189	Final combined memory and evaluation checks: actual device allocation, cold and warm lifecycle, and repeated first/capture/steady evaluations.	2026-09-07T06:41:41+00:00
G003	memory_transfers	a75c327cfa20ad3338d68aa1a75398458b76ea46	keep	postflop.Ks7h2dQhTc.second_check_ms	0.6246	Final combined memory and evaluation checks: actual device allocation, cold and warm lifecycle, and repeated first/capture/steady evaluations.	2026-09-07T06:41:41+00:00
G003	memory_transfers	a75c327cfa20ad3338d68aa1a75398458b76ea46	keep	postflop.Ks7h2dQhTc.steady_check_ms	0.305775	Final combined memory and evaluation checks: actual device allocation, cold and warm lifecycle, and repeated first/capture/steady evaluations.	2026-09-07T06:41:41+00:00
G003	memory_transfers	a75c327cfa20ad3338d68aa1a75398458b76ea46	keep	preflop.2.first_check_ms	0.3327	Final combined memory and evaluation checks: actual device allocation, cold and warm lifecycle, and repeated first/capture/steady evaluations.	2026-09-07T06:41:41+00:00
G003	memory_transfers	a75c327cfa20ad3338d68aa1a75398458b76ea46	keep	preflop.2.second_check_ms	0.2743	Final combined memory and evaluation checks: actual device allocation, cold and warm lifecycle, and repeated first/capture/steady evaluations.	2026-09-07T06:41:41+00:00
G003	memory_transfers	a75c327cfa20ad3338d68aa1a75398458b76ea46	keep	preflop.2.steady_check_ms	0.11299999999999999	Final combined memory and evaluation checks: actual device allocation, cold and warm lifecycle, and repeated first/capture/steady evaluations.	2026-09-07T06:41:41+00:00
G003	memory_transfers	a75c327cfa20ad3338d68aa1a75398458b76ea46	keep	preflop.6.first_check_ms	8.960600000000001	Final combined memory and evaluation checks: actual device allocation, cold and warm lifecycle, and repeated first/capture/steady evaluations.	2026-09-07T06:41:41+00:00
G003	memory_transfers	a75c327cfa20ad3338d68aa1a75398458b76ea46	keep	preflop.6.second_check_ms	9.577300000000001	Final combined memory and evaluation checks: actual device allocation, cold and warm lifecycle, and repeated first/capture/steady evaluations.	2026-09-07T06:41:41+00:00
G003	memory_transfers	a75c327cfa20ad3338d68aa1a75398458b76ea46	keep	preflop.6.steady_check_ms	8.108525	Final combined memory and evaluation checks: actual device allocation, cold and warm lifecycle, and repeated first/capture/steady evaluations.	2026-09-07T06:41:41+00:00
G003	memory_transfers	a75c327cfa20ad3338d68aa1a75398458b76ea46	keep	preflop.8.first_check_ms	25.958	Final combined memory and evaluation checks: actual device allocation, cold and warm lifecycle, and repeated first/capture/steady evaluations.	2026-09-07T06:41:41+00:00
G003	memory_transfers	a75c327cfa20ad3338d68aa1a75398458b76ea46	keep	preflop.8.second_check_ms	26.7404	Final combined memory and evaluation checks: actual device allocation, cold and warm lifecycle, and repeated first/capture/steady evaluations.	2026-09-07T06:41:41+00:00
G003	memory_transfers	a75c327cfa20ad3338d68aa1a75398458b76ea46	keep	preflop.8.steady_check_ms	24.275925	Final combined memory and evaluation checks: actual device allocation, cold and warm lifecycle, and repeated first/capture/steady evaluations.	2026-09-07T06:41:41+00:00
G003	memory_transfers	a75c327cfa20ad3338d68aa1a75398458b76ea46	keep	postflop.Ks7h2d.iso.allocated_vram_mb	5905.580032	Final combined memory and evaluation checks: actual device allocation, cold and warm lifecycle, and repeated first/capture/steady evaluations.	2026-09-07T06:41:41+00:00
G003	memory_transfers	a75c327cfa20ad3338d68aa1a75398458b76ea46	keep	postflop.Ks7h2d.iso.estimated_vram_mb	6716.6347	Final combined memory and evaluation checks: actual device allocation, cold and warm lifecycle, and repeated first/capture/steady evaluations.	2026-09-07T06:41:41+00:00
G003	memory_transfers	a75c327cfa20ad3338d68aa1a75398458b76ea46	keep	postflop.Ks7h2d.iso.init_ms	983.6586000000001	Final combined memory and evaluation checks: actual device allocation, cold and warm lifecycle, and repeated first/capture/steady evaluations.	2026-09-07T06:41:41+00:00
G003	memory_transfers	a75c327cfa20ad3338d68aa1a75398458b76ea46	keep	postflop.Ks7h2d.iso.plan_build_ms	114.645	Final combined memory and evaluation checks: actual device allocation, cold and warm lifecycle, and repeated first/capture/steady evaluations.	2026-09-07T06:41:41+00:00
G003	memory_transfers	a75c327cfa20ad3338d68aa1a75398458b76ea46	keep	postflop.Ks7h2d.iso.staging_memory_mb	3052.063004	Final combined memory and evaluation checks: actual device allocation, cold and warm lifecycle, and repeated first/capture/steady evaluations.	2026-09-07T06:41:41+00:00
G003	memory_transfers	a75c327cfa20ad3338d68aa1a75398458b76ea46	keep	postflop.Ks7s2d.iso.allocated_vram_mb	4731.174912	Final combined memory and evaluation checks: actual device allocation, cold and warm lifecycle, and repeated first/capture/steady evaluations.	2026-09-07T06:41:41+00:00
G003	memory_transfers	a75c327cfa20ad3338d68aa1a75398458b76ea46	keep	postflop.Ks7s2d.iso.estimated_vram_mb	6737.546704	Final combined memory and evaluation checks: actual device allocation, cold and warm lifecycle, and repeated first/capture/steady evaluations.	2026-09-07T06:41:41+00:00
G003	memory_transfers	a75c327cfa20ad3338d68aa1a75398458b76ea46	keep	postflop.Ks7s2d.iso.init_ms	668.1643	Final combined memory and evaluation checks: actual device allocation, cold and warm lifecycle, and repeated first/capture/steady evaluations.	2026-09-07T06:41:41+00:00
G003	memory_transfers	a75c327cfa20ad3338d68aa1a75398458b76ea46	keep	postflop.Ks7s2d.iso.plan_build_ms	147.952	Final combined memory and evaluation checks: actual device allocation, cold and warm lifecycle, and repeated first/capture/steady evaluations.	2026-09-07T06:41:41+00:00
G003	memory_transfers	a75c327cfa20ad3338d68aa1a75398458b76ea46	keep	postflop.Ks7s2d.iso.staging_memory_mb	1862.657808	Final combined memory and evaluation checks: actual device allocation, cold and warm lifecycle, and repeated first/capture/steady evaluations.	2026-09-07T06:41:41+00:00
G003	memory_transfers	a75c327cfa20ad3338d68aa1a75398458b76ea46	keep	postflop.Ks7s2d.full.allocated_vram_mb	5939.134464	Final combined memory and evaluation checks: actual device allocation, cold and warm lifecycle, and repeated first/capture/steady evaluations.	2026-09-07T06:41:41+00:00
G003	memory_transfers	a75c327cfa20ad3338d68aa1a75398458b76ea46	keep	postflop.Ks7s2d.full.estimated_vram_mb	6737.546704	Final combined memory and evaluation checks: actual device allocation, cold and warm lifecycle, and repeated first/capture/steady evaluations.	2026-09-07T06:41:41+00:00
G003	memory_transfers	a75c327cfa20ad3338d68aa1a75398458b76ea46	keep	postflop.Ks7s2d.full.init_ms	792.9421	Final combined memory and evaluation checks: actual device allocation, cold and warm lifecycle, and repeated first/capture/steady evaluations.	2026-09-07T06:41:41+00:00
G003	memory_transfers	a75c327cfa20ad3338d68aa1a75398458b76ea46	keep	postflop.Ks7s2d.full.plan_build_ms	112.8806	Final combined memory and evaluation checks: actual device allocation, cold and warm lifecycle, and repeated first/capture/steady evaluations.	2026-09-07T06:41:41+00:00
G003	memory_transfers	a75c327cfa20ad3338d68aa1a75398458b76ea46	keep	postflop.Ks7s2d.full.staging_memory_mb	3062.214296	Final combined memory and evaluation checks: actual device allocation, cold and warm lifecycle, and repeated first/capture/steady evaluations.	2026-09-07T06:41:41+00:00
G003	memory_transfers	a75c327cfa20ad3338d68aa1a75398458b76ea46	keep	postflop.memory.rainbow.cold.compressed.allocated_vram_mb	5905.580032	Final combined memory and evaluation checks: actual device allocation, cold and warm lifecycle, and repeated first/capture/steady evaluations.	2026-09-07T06:41:41+00:00
G003	memory_transfers	a75c327cfa20ad3338d68aa1a75398458b76ea46	keep	postflop.memory.rainbow.cold.compressed.host_live_mb	2585.35424	Final combined memory and evaluation checks: actual device allocation, cold and warm lifecycle, and repeated first/capture/steady evaluations.	2026-09-07T06:41:41+00:00
G003	memory_transfers	a75c327cfa20ad3338d68aa1a75398458b76ea46	keep	postflop.memory.rainbow.cold.compressed.host_private_mb	9075.191808	Final combined memory and evaluation checks: actual device allocation, cold and warm lifecycle, and repeated first/capture/steady evaluations.	2026-09-07T06:41:41+00:00
G003	memory_transfers	a75c327cfa20ad3338d68aa1a75398458b76ea46	keep	postflop.memory.rainbow.cold.compressed.init_ms	849.6359	Final combined memory and evaluation checks: actual device allocation, cold and warm lifecycle, and repeated first/capture/steady evaluations.	2026-09-07T06:41:41+00:00
G003	memory_transfers	a75c327cfa20ad3338d68aa1a75398458b76ea46	keep	postflop.memory.rainbow.cold.compressed.strategy_sync_ms	165.93179999999998	Final combined memory and evaluation checks: actual device allocation, cold and warm lifecycle, and repeated first/capture/steady evaluations.	2026-09-07T06:41:41+00:00
G003	memory_transfers	a75c327cfa20ad3338d68aa1a75398458b76ea46	keep	postflop.memory.rainbow.cold.compressed.sync_ms	337.33459999999997	Final combined memory and evaluation checks: actual device allocation, cold and warm lifecycle, and repeated first/capture/steady evaluations.	2026-09-07T06:41:41+00:00
G003	memory_transfers	a75c327cfa20ad3338d68aa1a75398458b76ea46	keep	postflop.memory.rainbow.warm.compressed.allocated_vram_mb	5905.580032	Final combined memory and evaluation checks: actual device allocation, cold and warm lifecycle, and repeated first/capture/steady evaluations.	2026-09-07T06:41:41+00:00
G003	memory_transfers	a75c327cfa20ad3338d68aa1a75398458b76ea46	keep	postflop.memory.rainbow.warm.compressed.host_live_mb	2596.999168	Final combined memory and evaluation checks: actual device allocation, cold and warm lifecycle, and repeated first/capture/steady evaluations.	2026-09-07T06:41:41+00:00
G003	memory_transfers	a75c327cfa20ad3338d68aa1a75398458b76ea46	keep	postflop.memory.rainbow.warm.compressed.host_private_mb	9088.483328	Final combined memory and evaluation checks: actual device allocation, cold and warm lifecycle, and repeated first/capture/steady evaluations.	2026-09-07T06:41:41+00:00
G003	memory_transfers	a75c327cfa20ad3338d68aa1a75398458b76ea46	keep	postflop.memory.rainbow.warm.compressed.init_ms	812.5689	Final combined memory and evaluation checks: actual device allocation, cold and warm lifecycle, and repeated first/capture/steady evaluations.	2026-09-07T06:41:41+00:00
G003	memory_transfers	a75c327cfa20ad3338d68aa1a75398458b76ea46	keep	postflop.memory.rainbow.warm.compressed.strategy_sync_ms	167.1227	Final combined memory and evaluation checks: actual device allocation, cold and warm lifecycle, and repeated first/capture/steady evaluations.	2026-09-07T06:41:41+00:00
G003	memory_transfers	a75c327cfa20ad3338d68aa1a75398458b76ea46	keep	postflop.memory.rainbow.warm.compressed.sync_ms	338.3694	Final combined memory and evaluation checks: actual device allocation, cold and warm lifecycle, and repeated first/capture/steady evaluations.	2026-09-07T06:41:41+00:00
G003	memory_transfers	a75c327cfa20ad3338d68aa1a75398458b76ea46	keep	postflop.memory.cold.f32.allocated_vram_mb	4731.174912	Final combined memory and evaluation checks: actual device allocation, cold and warm lifecycle, and repeated first/capture/steady evaluations.	2026-09-07T06:41:41+00:00
G003	memory_transfers	a75c327cfa20ad3338d68aa1a75398458b76ea46	keep	postflop.memory.cold.f32.host_live_mb	3917.201408	Final combined memory and evaluation checks: actual device allocation, cold and warm lifecycle, and repeated first/capture/steady evaluations.	2026-09-07T06:41:41+00:00
G003	memory_transfers	a75c327cfa20ad3338d68aa1a75398458b76ea46	keep	postflop.memory.cold.f32.host_private_mb	9231.663104	Final combined memory and evaluation checks: actual device allocation, cold and warm lifecycle, and repeated first/capture/steady evaluations.	2026-09-07T06:41:41+00:00
G003	memory_transfers	a75c327cfa20ad3338d68aa1a75398458b76ea46	keep	postflop.memory.cold.f32.init_ms	764.0916	Final combined memory and evaluation checks: actual device allocation, cold and warm lifecycle, and repeated first/capture/steady evaluations.	2026-09-07T06:41:41+00:00
G003	memory_transfers	a75c327cfa20ad3338d68aa1a75398458b76ea46	keep	postflop.memory.cold.f32.strategy_sync_ms	160.8278	Final combined memory and evaluation checks: actual device allocation, cold and warm lifecycle, and repeated first/capture/steady evaluations.	2026-09-07T06:41:41+00:00
G003	memory_transfers	a75c327cfa20ad3338d68aa1a75398458b76ea46	keep	postflop.memory.cold.f32.sync_ms	315.06309999999996	Final combined memory and evaluation checks: actual device allocation, cold and warm lifecycle, and repeated first/capture/steady evaluations.	2026-09-07T06:41:41+00:00
G003	memory_transfers	a75c327cfa20ad3338d68aa1a75398458b76ea46	keep	postflop.memory.warm.f32.allocated_vram_mb	4731.174912	Final combined memory and evaluation checks: actual device allocation, cold and warm lifecycle, and repeated first/capture/steady evaluations.	2026-09-07T06:41:41+00:00
G003	memory_transfers	a75c327cfa20ad3338d68aa1a75398458b76ea46	keep	postflop.memory.warm.f32.host_live_mb	3936.37888	Final combined memory and evaluation checks: actual device allocation, cold and warm lifecycle, and repeated first/capture/steady evaluations.	2026-09-07T06:41:41+00:00
G003	memory_transfers	a75c327cfa20ad3338d68aa1a75398458b76ea46	keep	postflop.memory.warm.f32.host_private_mb	9246.818304	Final combined memory and evaluation checks: actual device allocation, cold and warm lifecycle, and repeated first/capture/steady evaluations.	2026-09-07T06:41:41+00:00
G003	memory_transfers	a75c327cfa20ad3338d68aa1a75398458b76ea46	keep	postflop.memory.warm.f32.init_ms	679.6604000000001	Final combined memory and evaluation checks: actual device allocation, cold and warm lifecycle, and repeated first/capture/steady evaluations.	2026-09-07T06:41:41+00:00
G003	memory_transfers	a75c327cfa20ad3338d68aa1a75398458b76ea46	keep	postflop.memory.warm.f32.strategy_sync_ms	157.4178	Final combined memory and evaluation checks: actual device allocation, cold and warm lifecycle, and repeated first/capture/steady evaluations.	2026-09-07T06:41:41+00:00
G003	memory_transfers	a75c327cfa20ad3338d68aa1a75398458b76ea46	keep	postflop.memory.warm.f32.sync_ms	315.5089	Final combined memory and evaluation checks: actual device allocation, cold and warm lifecycle, and repeated first/capture/steady evaluations.	2026-09-07T06:41:41+00:00
G003	memory_transfers	a75c327cfa20ad3338d68aa1a75398458b76ea46	keep	postflop.memory.cold.compressed.allocated_vram_mb	3623.878656	Final combined memory and evaluation checks: actual device allocation, cold and warm lifecycle, and repeated first/capture/steady evaluations.	2026-09-07T06:41:41+00:00
G003	memory_transfers	a75c327cfa20ad3338d68aa1a75398458b76ea46	keep	postflop.memory.cold.compressed.host_live_mb	2309.14048	Final combined memory and evaluation checks: actual device allocation, cold and warm lifecycle, and repeated first/capture/steady evaluations.	2026-09-07T06:41:41+00:00
G003	memory_transfers	a75c327cfa20ad3338d68aa1a75398458b76ea46	keep	postflop.memory.cold.compressed.host_private_mb	6511.149056	Final combined memory and evaluation checks: actual device allocation, cold and warm lifecycle, and repeated first/capture/steady evaluations.	2026-09-07T06:41:41+00:00
G003	memory_transfers	a75c327cfa20ad3338d68aa1a75398458b76ea46	keep	postflop.memory.cold.compressed.init_ms	610.103	Final combined memory and evaluation checks: actual device allocation, cold and warm lifecycle, and repeated first/capture/steady evaluations.	2026-09-07T06:41:41+00:00
G003	memory_transfers	a75c327cfa20ad3338d68aa1a75398458b76ea46	keep	postflop.memory.cold.compressed.strategy_sync_ms	125.4606	Final combined memory and evaluation checks: actual device allocation, cold and warm lifecycle, and repeated first/capture/steady evaluations.	2026-09-07T06:41:41+00:00
G003	memory_transfers	a75c327cfa20ad3338d68aa1a75398458b76ea46	keep	postflop.memory.cold.compressed.sync_ms	259.5902	Final combined memory and evaluation checks: actual device allocation, cold and warm lifecycle, and repeated first/capture/steady evaluations.	2026-09-07T06:41:41+00:00
G003	memory_transfers	a75c327cfa20ad3338d68aa1a75398458b76ea46	keep	postflop.memory.warm.compressed.allocated_vram_mb	3623.878656	Final combined memory and evaluation checks: actual device allocation, cold and warm lifecycle, and repeated first/capture/steady evaluations.	2026-09-07T06:41:41+00:00
G003	memory_transfers	a75c327cfa20ad3338d68aa1a75398458b76ea46	keep	postflop.memory.warm.compressed.host_live_mb	3770.580992	Final combined memory and evaluation checks: actual device allocation, cold and warm lifecycle, and repeated first/capture/steady evaluations.	2026-09-07T06:41:41+00:00
G003	memory_transfers	a75c327cfa20ad3338d68aa1a75398458b76ea46	keep	postflop.memory.warm.compressed.host_private_mb	8131.416064	Final combined memory and evaluation checks: actual device allocation, cold and warm lifecycle, and repeated first/capture/steady evaluations.	2026-09-07T06:41:41+00:00
G003	memory_transfers	a75c327cfa20ad3338d68aa1a75398458b76ea46	keep	postflop.memory.warm.compressed.init_ms	1099.2911000000001	Final combined memory and evaluation checks: actual device allocation, cold and warm lifecycle, and repeated first/capture/steady evaluations.	2026-09-07T06:41:41+00:00
G003	memory_transfers	a75c327cfa20ad3338d68aa1a75398458b76ea46	keep	postflop.memory.warm.compressed.strategy_sync_ms	164.6826	Final combined memory and evaluation checks: actual device allocation, cold and warm lifecycle, and repeated first/capture/steady evaluations.	2026-09-07T06:41:41+00:00
G003	memory_transfers	a75c327cfa20ad3338d68aa1a75398458b76ea46	keep	postflop.memory.warm.compressed.sync_ms	305.50939999999997	Final combined memory and evaluation checks: actual device allocation, cold and warm lifecycle, and repeated first/capture/steady evaluations.	2026-09-07T06:41:41+00:00
G004	reports_profiles	a75c327cfa20ad3338d68aa1a75398458b76ea46	keep	reports.adaptation_seconds	3.63	Final combined server report adaptation tests and fixed 80-iteration performance workload.	2026-09-07T06:42:54+00:00
B035	baseline	dfc1b3765810e50e0de713691e48e50bb18ea4b8	baseline	postflop.Ks7h2d.first_check_ms	36.7749	Fresh pass-start fixed-step postflop, device memory, full cold/warm transfers, and first/capture/steady checks; original source and frozen inputs.	2026-09-07T06:46:25+00:00
B035	baseline	dfc1b3765810e50e0de713691e48e50bb18ea4b8	baseline	postflop.Ks7h2d.second_check_ms	37.184799999999996	Fresh pass-start fixed-step postflop, device memory, full cold/warm transfers, and first/capture/steady checks; original source and frozen inputs.	2026-09-07T06:46:25+00:00
B035	baseline	dfc1b3765810e50e0de713691e48e50bb18ea4b8	baseline	postflop.Ks7h2d.steady_check_ms	37.42545	Fresh pass-start fixed-step postflop, device memory, full cold/warm transfers, and first/capture/steady checks; original source and frozen inputs.	2026-09-07T06:46:25+00:00
B035	baseline	dfc1b3765810e50e0de713691e48e50bb18ea4b8	baseline	postflop.Ks7s2d.first_check_ms	29.7091	Fresh pass-start fixed-step postflop, device memory, full cold/warm transfers, and first/capture/steady checks; original source and frozen inputs.	2026-09-07T06:46:25+00:00
B035	baseline	dfc1b3765810e50e0de713691e48e50bb18ea4b8	baseline	postflop.Ks7s2d.second_check_ms	28.51	Fresh pass-start fixed-step postflop, device memory, full cold/warm transfers, and first/capture/steady checks; original source and frozen inputs.	2026-09-07T06:46:25+00:00
B035	baseline	dfc1b3765810e50e0de713691e48e50bb18ea4b8	baseline	postflop.Ks7s2d.steady_check_ms	29.937325	Fresh pass-start fixed-step postflop, device memory, full cold/warm transfers, and first/capture/steady checks; original source and frozen inputs.	2026-09-07T06:46:25+00:00
B035	baseline	dfc1b3765810e50e0de713691e48e50bb18ea4b8	baseline	postflop.Ks7h2dQhTc.first_check_ms	0.8628	Fresh pass-start fixed-step postflop, device memory, full cold/warm transfers, and first/capture/steady checks; original source and frozen inputs.	2026-09-07T06:46:25+00:00
B035	baseline	dfc1b3765810e50e0de713691e48e50bb18ea4b8	baseline	postflop.Ks7h2dQhTc.second_check_ms	0.7505	Fresh pass-start fixed-step postflop, device memory, full cold/warm transfers, and first/capture/steady checks; original source and frozen inputs.	2026-09-07T06:46:25+00:00
B035	baseline	dfc1b3765810e50e0de713691e48e50bb18ea4b8	baseline	postflop.Ks7h2dQhTc.steady_check_ms	0.7909250000000001	Fresh pass-start fixed-step postflop, device memory, full cold/warm transfers, and first/capture/steady checks; original source and frozen inputs.	2026-09-07T06:46:25+00:00
B035	baseline	dfc1b3765810e50e0de713691e48e50bb18ea4b8	baseline	preflop.2.first_check_ms	0.3525	Fresh pass-start fixed-step postflop, device memory, full cold/warm transfers, and first/capture/steady checks; original source and frozen inputs.	2026-09-07T06:46:25+00:00
B035	baseline	dfc1b3765810e50e0de713691e48e50bb18ea4b8	baseline	preflop.2.second_check_ms	0.3687	Fresh pass-start fixed-step postflop, device memory, full cold/warm transfers, and first/capture/steady checks; original source and frozen inputs.	2026-09-07T06:46:25+00:00
B035	baseline	dfc1b3765810e50e0de713691e48e50bb18ea4b8	baseline	preflop.2.steady_check_ms	0.370525	Fresh pass-start fixed-step postflop, device memory, full cold/warm transfers, and first/capture/steady checks; original source and frozen inputs.	2026-09-07T06:46:25+00:00
B035	baseline	dfc1b3765810e50e0de713691e48e50bb18ea4b8	baseline	preflop.6.first_check_ms	13.9405	Fresh pass-start fixed-step postflop, device memory, full cold/warm transfers, and first/capture/steady checks; original source and frozen inputs.	2026-09-07T06:46:25+00:00
B035	baseline	dfc1b3765810e50e0de713691e48e50bb18ea4b8	baseline	preflop.6.second_check_ms	13.9294	Fresh pass-start fixed-step postflop, device memory, full cold/warm transfers, and first/capture/steady checks; original source and frozen inputs.	2026-09-07T06:46:25+00:00
B035	baseline	dfc1b3765810e50e0de713691e48e50bb18ea4b8	baseline	preflop.6.steady_check_ms	14.62225	Fresh pass-start fixed-step postflop, device memory, full cold/warm transfers, and first/capture/steady checks; original source and frozen inputs.	2026-09-07T06:46:25+00:00
B035	baseline	dfc1b3765810e50e0de713691e48e50bb18ea4b8	baseline	preflop.8.first_check_ms	43.8741	Fresh pass-start fixed-step postflop, device memory, full cold/warm transfers, and first/capture/steady checks; original source and frozen inputs.	2026-09-07T06:46:25+00:00
B035	baseline	dfc1b3765810e50e0de713691e48e50bb18ea4b8	baseline	preflop.8.second_check_ms	44.1018	Fresh pass-start fixed-step postflop, device memory, full cold/warm transfers, and first/capture/steady checks; original source and frozen inputs.	2026-09-07T06:46:25+00:00
B035	baseline	dfc1b3765810e50e0de713691e48e50bb18ea4b8	baseline	preflop.8.steady_check_ms	43.93	Fresh pass-start fixed-step postflop, device memory, full cold/warm transfers, and first/capture/steady checks; original source and frozen inputs.	2026-09-07T06:46:25+00:00
B035	baseline	dfc1b3765810e50e0de713691e48e50bb18ea4b8	baseline	postflop.memory.rainbow.cold.compressed.allocated_vram_mb	6241.124352	Fresh pass-start fixed-step postflop, device memory, full cold/warm transfers, and first/capture/steady checks; original source and frozen inputs.	2026-09-07T06:46:25+00:00
B035	baseline	dfc1b3765810e50e0de713691e48e50bb18ea4b8	baseline	postflop.memory.rainbow.cold.compressed.host_live_mb	5302.112256	Fresh pass-start fixed-step postflop, device memory, full cold/warm transfers, and first/capture/steady checks; original source and frozen inputs.	2026-09-07T06:46:25+00:00
B035	baseline	dfc1b3765810e50e0de713691e48e50bb18ea4b8	baseline	postflop.memory.rainbow.cold.compressed.host_private_mb	11909.353472	Fresh pass-start fixed-step postflop, device memory, full cold/warm transfers, and first/capture/steady checks; original source and frozen inputs.	2026-09-07T06:46:25+00:00
B035	baseline	dfc1b3765810e50e0de713691e48e50bb18ea4b8	baseline	postflop.memory.rainbow.cold.compressed.init_ms	1630.134	Fresh pass-start fixed-step postflop, device memory, full cold/warm transfers, and first/capture/steady checks; original source and frozen inputs.	2026-09-07T06:46:25+00:00
B035	baseline	dfc1b3765810e50e0de713691e48e50bb18ea4b8	baseline	postflop.memory.rainbow.cold.compressed.strategy_sync_ms	833.943	Fresh pass-start fixed-step postflop, device memory, full cold/warm transfers, and first/capture/steady checks; original source and frozen inputs.	2026-09-07T06:46:25+00:00
B035	baseline	dfc1b3765810e50e0de713691e48e50bb18ea4b8	baseline	postflop.memory.rainbow.cold.compressed.sync_ms	1606.9308	Fresh pass-start fixed-step postflop, device memory, full cold/warm transfers, and first/capture/steady checks; original source and frozen inputs.	2026-09-07T06:46:25+00:00
B035	baseline	dfc1b3765810e50e0de713691e48e50bb18ea4b8	baseline	postflop.memory.rainbow.warm.compressed.allocated_vram_mb	6241.124352	Fresh pass-start fixed-step postflop, device memory, full cold/warm transfers, and first/capture/steady checks; original source and frozen inputs.	2026-09-07T06:46:25+00:00
B035	baseline	dfc1b3765810e50e0de713691e48e50bb18ea4b8	baseline	postflop.memory.rainbow.warm.compressed.host_live_mb	5309.97248	Fresh pass-start fixed-step postflop, device memory, full cold/warm transfers, and first/capture/steady checks; original source and frozen inputs.	2026-09-07T06:46:25+00:00
B035	baseline	dfc1b3765810e50e0de713691e48e50bb18ea4b8	baseline	postflop.memory.rainbow.warm.compressed.host_private_mb	11908.096	Fresh pass-start fixed-step postflop, device memory, full cold/warm transfers, and first/capture/steady checks; original source and frozen inputs.	2026-09-07T06:46:25+00:00
B035	baseline	dfc1b3765810e50e0de713691e48e50bb18ea4b8	baseline	postflop.memory.rainbow.warm.compressed.init_ms	1933.6133	Fresh pass-start fixed-step postflop, device memory, full cold/warm transfers, and first/capture/steady checks; original source and frozen inputs.	2026-09-07T06:46:25+00:00
B035	baseline	dfc1b3765810e50e0de713691e48e50bb18ea4b8	baseline	postflop.memory.rainbow.warm.compressed.strategy_sync_ms	838.366	Fresh pass-start fixed-step postflop, device memory, full cold/warm transfers, and first/capture/steady checks; original source and frozen inputs.	2026-09-07T06:46:25+00:00
B035	baseline	dfc1b3765810e50e0de713691e48e50bb18ea4b8	baseline	postflop.memory.rainbow.warm.compressed.sync_ms	1655.8828	Fresh pass-start fixed-step postflop, device memory, full cold/warm transfers, and first/capture/steady checks; original source and frozen inputs.	2026-09-07T06:46:25+00:00
B035	baseline	dfc1b3765810e50e0de713691e48e50bb18ea4b8	baseline	postflop.memory.cold.f32.allocated_vram_mb	4932.501504	Fresh pass-start fixed-step postflop, device memory, full cold/warm transfers, and first/capture/steady checks; original source and frozen inputs.	2026-09-07T06:46:25+00:00
B035	baseline	dfc1b3765810e50e0de713691e48e50bb18ea4b8	baseline	postflop.memory.cold.f32.host_live_mb	3924.64384	Fresh pass-start fixed-step postflop, device memory, full cold/warm transfers, and first/capture/steady checks; original source and frozen inputs.	2026-09-07T06:46:25+00:00
B035	baseline	dfc1b3765810e50e0de713691e48e50bb18ea4b8	baseline	postflop.memory.cold.f32.host_private_mb	9448.87808	Fresh pass-start fixed-step postflop, device memory, full cold/warm transfers, and first/capture/steady checks; original source and frozen inputs.	2026-09-07T06:46:25+00:00
B035	baseline	dfc1b3765810e50e0de713691e48e50bb18ea4b8	baseline	postflop.memory.cold.f32.init_ms	791.1983	Fresh pass-start fixed-step postflop, device memory, full cold/warm transfers, and first/capture/steady checks; original source and frozen inputs.	2026-09-07T06:46:25+00:00
B035	baseline	dfc1b3765810e50e0de713691e48e50bb18ea4b8	baseline	postflop.memory.cold.f32.strategy_sync_ms	172.12939999999998	Fresh pass-start fixed-step postflop, device memory, full cold/warm transfers, and first/capture/steady checks; original source and frozen inputs.	2026-09-07T06:46:25+00:00
B035	baseline	dfc1b3765810e50e0de713691e48e50bb18ea4b8	baseline	postflop.memory.cold.f32.sync_ms	361.2863	Fresh pass-start fixed-step postflop, device memory, full cold/warm transfers, and first/capture/steady checks; original source and frozen inputs.	2026-09-07T06:46:25+00:00
B035	baseline	dfc1b3765810e50e0de713691e48e50bb18ea4b8	baseline	postflop.memory.warm.f32.allocated_vram_mb	4932.501504	Fresh pass-start fixed-step postflop, device memory, full cold/warm transfers, and first/capture/steady checks; original source and frozen inputs.	2026-09-07T06:46:25+00:00
B035	baseline	dfc1b3765810e50e0de713691e48e50bb18ea4b8	baseline	postflop.memory.warm.f32.host_live_mb	3934.756864	Fresh pass-start fixed-step postflop, device memory, full cold/warm transfers, and first/capture/steady checks; original source and frozen inputs.	2026-09-07T06:46:25+00:00
B035	baseline	dfc1b3765810e50e0de713691e48e50bb18ea4b8	baseline	postflop.memory.warm.f32.host_private_mb	9447.366656	Fresh pass-start fixed-step postflop, device memory, full cold/warm transfers, and first/capture/steady checks; original source and frozen inputs.	2026-09-07T06:46:25+00:00
B035	baseline	dfc1b3765810e50e0de713691e48e50bb18ea4b8	baseline	postflop.memory.warm.f32.init_ms	781.5497	Fresh pass-start fixed-step postflop, device memory, full cold/warm transfers, and first/capture/steady checks; original source and frozen inputs.	2026-09-07T06:46:25+00:00
B035	baseline	dfc1b3765810e50e0de713691e48e50bb18ea4b8	baseline	postflop.memory.warm.f32.strategy_sync_ms	185.6557	Fresh pass-start fixed-step postflop, device memory, full cold/warm transfers, and first/capture/steady checks; original source and frozen inputs.	2026-09-07T06:46:25+00:00
B035	baseline	dfc1b3765810e50e0de713691e48e50bb18ea4b8	baseline	postflop.memory.warm.f32.sync_ms	365.40250000000003	Fresh pass-start fixed-step postflop, device memory, full cold/warm transfers, and first/capture/steady checks; original source and frozen inputs.	2026-09-07T06:46:25+00:00
B035	baseline	dfc1b3765810e50e0de713691e48e50bb18ea4b8	baseline	postflop.memory.cold.compressed.allocated_vram_mb	4932.501504	Fresh pass-start fixed-step postflop, device memory, full cold/warm transfers, and first/capture/steady checks; original source and frozen inputs.	2026-09-07T06:46:25+00:00
B035	baseline	dfc1b3765810e50e0de713691e48e50bb18ea4b8	baseline	postflop.memory.cold.compressed.host_live_mb	5317.95968	Fresh pass-start fixed-step postflop, device memory, full cold/warm transfers, and first/capture/steady checks; original source and frozen inputs.	2026-09-07T06:46:25+00:00
B035	baseline	dfc1b3765810e50e0de713691e48e50bb18ea4b8	baseline	postflop.memory.cold.compressed.host_private_mb	10602.053632	Fresh pass-start fixed-step postflop, device memory, full cold/warm transfers, and first/capture/steady checks; original source and frozen inputs.	2026-09-07T06:46:25+00:00
B035	baseline	dfc1b3765810e50e0de713691e48e50bb18ea4b8	baseline	postflop.memory.cold.compressed.init_ms	1667.7062	Fresh pass-start fixed-step postflop, device memory, full cold/warm transfers, and first/capture/steady checks; original source and frozen inputs.	2026-09-07T06:46:25+00:00
B035	baseline	dfc1b3765810e50e0de713691e48e50bb18ea4b8	baseline	postflop.memory.cold.compressed.strategy_sync_ms	556.6742	Fresh pass-start fixed-step postflop, device memory, full cold/warm transfers, and first/capture/steady checks; original source and frozen inputs.	2026-09-07T06:46:25+00:00
B035	baseline	dfc1b3765810e50e0de713691e48e50bb18ea4b8	baseline	postflop.memory.cold.compressed.sync_ms	1124.0348	Fresh pass-start fixed-step postflop, device memory, full cold/warm transfers, and first/capture/steady checks; original source and frozen inputs.	2026-09-07T06:46:25+00:00
B035	baseline	dfc1b3765810e50e0de713691e48e50bb18ea4b8	baseline	postflop.memory.warm.compressed.allocated_vram_mb	4932.501504	Fresh pass-start fixed-step postflop, device memory, full cold/warm transfers, and first/capture/steady checks; original source and frozen inputs.	2026-09-07T06:46:25+00:00
B035	baseline	dfc1b3765810e50e0de713691e48e50bb18ea4b8	baseline	postflop.memory.warm.compressed.host_live_mb	5318.643712	Fresh pass-start fixed-step postflop, device memory, full cold/warm transfers, and first/capture/steady checks; original source and frozen inputs.	2026-09-07T06:46:25+00:00
B035	baseline	dfc1b3765810e50e0de713691e48e50bb18ea4b8	baseline	postflop.memory.warm.compressed.host_private_mb	10602.053632	Fresh pass-start fixed-step postflop, device memory, full cold/warm transfers, and first/capture/steady checks; original source and frozen inputs.	2026-09-07T06:46:25+00:00
B035	baseline	dfc1b3765810e50e0de713691e48e50bb18ea4b8	baseline	postflop.memory.warm.compressed.init_ms	1707.9687	Fresh pass-start fixed-step postflop, device memory, full cold/warm transfers, and first/capture/steady checks; original source and frozen inputs.	2026-09-07T06:46:25+00:00
B035	baseline	dfc1b3765810e50e0de713691e48e50bb18ea4b8	baseline	postflop.memory.warm.compressed.strategy_sync_ms	757.4297	Fresh pass-start fixed-step postflop, device memory, full cold/warm transfers, and first/capture/steady checks; original source and frozen inputs.	2026-09-07T06:46:25+00:00
B035	baseline	dfc1b3765810e50e0de713691e48e50bb18ea4b8	baseline	postflop.memory.warm.compressed.sync_ms	1531.0011000000002	Fresh pass-start fixed-step postflop, device memory, full cold/warm transfers, and first/capture/steady checks; original source and frozen inputs.	2026-09-07T06:46:25+00:00
B035	baseline	dfc1b3765810e50e0de713691e48e50bb18ea4b8	baseline	postflop.Ks7h2d.init_ms	1266.589	Fresh pass-start fixed-step postflop, device memory, full cold/warm transfers, and first/capture/steady checks; original source and frozen inputs.	2026-09-07T06:46:25+00:00
B035	baseline	dfc1b3765810e50e0de713691e48e50bb18ea4b8	baseline	postflop.Ks7h2d.iteration_ms	58.5	Fresh pass-start fixed-step postflop, device memory, full cold/warm transfers, and first/capture/steady checks; original source and frozen inputs.	2026-09-07T06:46:25+00:00
B035	baseline	dfc1b3765810e50e0de713691e48e50bb18ea4b8	baseline	postflop.Ks7h2d.check_ms	36.793	Fresh pass-start fixed-step postflop, device memory, full cold/warm transfers, and first/capture/steady checks; original source and frozen inputs.	2026-09-07T06:46:25+00:00
B035	baseline	dfc1b3765810e50e0de713691e48e50bb18ea4b8	baseline	postflop.Ks7s2d.init_ms	793.612	Fresh pass-start fixed-step postflop, device memory, full cold/warm transfers, and first/capture/steady checks; original source and frozen inputs.	2026-09-07T06:46:25+00:00
B035	baseline	dfc1b3765810e50e0de713691e48e50bb18ea4b8	baseline	postflop.Ks7s2d.iteration_ms	34.59	Fresh pass-start fixed-step postflop, device memory, full cold/warm transfers, and first/capture/steady checks; original source and frozen inputs.	2026-09-07T06:46:25+00:00
B035	baseline	dfc1b3765810e50e0de713691e48e50bb18ea4b8	baseline	postflop.Ks7s2d.check_ms	29.888	Fresh pass-start fixed-step postflop, device memory, full cold/warm transfers, and first/capture/steady checks; original source and frozen inputs.	2026-09-07T06:46:25+00:00
B035	baseline	dfc1b3765810e50e0de713691e48e50bb18ea4b8	baseline	postflop.Ks7h2dQhTc.init_ms	79.516	Fresh pass-start fixed-step postflop, device memory, full cold/warm transfers, and first/capture/steady checks; original source and frozen inputs.	2026-09-07T06:46:25+00:00
B035	baseline	dfc1b3765810e50e0de713691e48e50bb18ea4b8	baseline	postflop.Ks7h2dQhTc.iteration_ms	0.321	Fresh pass-start fixed-step postflop, device memory, full cold/warm transfers, and first/capture/steady checks; original source and frozen inputs.	2026-09-07T06:46:25+00:00
B035	baseline	dfc1b3765810e50e0de713691e48e50bb18ea4b8	baseline	postflop.Ks7h2dQhTc.check_ms	0.6	Fresh pass-start fixed-step postflop, device memory, full cold/warm transfers, and first/capture/steady checks; original source and frozen inputs.	2026-09-07T06:46:25+00:00
G005	postflop_cuda	d3ff6d69969e13939e3ff7e1f43f6d9616ce24f3	keep	postflop.Ks7h2d.first_check_ms	35.6075	Final combined fixed-step postflop and lifecycle comparison after fresh B035; numerical output and workload unchanged.	2026-09-07T06:48:34+00:00
G005	postflop_cuda	d3ff6d69969e13939e3ff7e1f43f6d9616ce24f3	keep	postflop.Ks7h2d.second_check_ms	34.846599999999995	Final combined fixed-step postflop and lifecycle comparison after fresh B035; numerical output and workload unchanged.	2026-09-07T06:48:34+00:00
G005	postflop_cuda	d3ff6d69969e13939e3ff7e1f43f6d9616ce24f3	keep	postflop.Ks7h2d.steady_check_ms	34.9521	Final combined fixed-step postflop and lifecycle comparison after fresh B035; numerical output and workload unchanged.	2026-09-07T06:48:34+00:00
G005	postflop_cuda	d3ff6d69969e13939e3ff7e1f43f6d9616ce24f3	keep	postflop.Ks7s2d.first_check_ms	28.6578	Final combined fixed-step postflop and lifecycle comparison after fresh B035; numerical output and workload unchanged.	2026-09-07T06:48:34+00:00
G005	postflop_cuda	d3ff6d69969e13939e3ff7e1f43f6d9616ce24f3	keep	postflop.Ks7s2d.second_check_ms	28.8875	Final combined fixed-step postflop and lifecycle comparison after fresh B035; numerical output and workload unchanged.	2026-09-07T06:48:34+00:00
G005	postflop_cuda	d3ff6d69969e13939e3ff7e1f43f6d9616ce24f3	keep	postflop.Ks7s2d.steady_check_ms	28.086225	Final combined fixed-step postflop and lifecycle comparison after fresh B035; numerical output and workload unchanged.	2026-09-07T06:48:34+00:00
G005	postflop_cuda	d3ff6d69969e13939e3ff7e1f43f6d9616ce24f3	keep	postflop.Ks7h2dQhTc.first_check_ms	0.7595	Final combined fixed-step postflop and lifecycle comparison after fresh B035; numerical output and workload unchanged.	2026-09-07T06:48:34+00:00
G005	postflop_cuda	d3ff6d69969e13939e3ff7e1f43f6d9616ce24f3	keep	postflop.Ks7h2dQhTc.second_check_ms	0.5783999999999999	Final combined fixed-step postflop and lifecycle comparison after fresh B035; numerical output and workload unchanged.	2026-09-07T06:48:34+00:00
G005	postflop_cuda	d3ff6d69969e13939e3ff7e1f43f6d9616ce24f3	keep	postflop.Ks7h2dQhTc.steady_check_ms	0.310375	Final combined fixed-step postflop and lifecycle comparison after fresh B035; numerical output and workload unchanged.	2026-09-07T06:48:34+00:00
G005	postflop_cuda	d3ff6d69969e13939e3ff7e1f43f6d9616ce24f3	keep	preflop.2.first_check_ms	0.2565	Final combined fixed-step postflop and lifecycle comparison after fresh B035; numerical output and workload unchanged.	2026-09-07T06:48:34+00:00
G005	postflop_cuda	d3ff6d69969e13939e3ff7e1f43f6d9616ce24f3	keep	preflop.2.second_check_ms	0.2361	Final combined fixed-step postflop and lifecycle comparison after fresh B035; numerical output and workload unchanged.	2026-09-07T06:48:34+00:00
G005	postflop_cuda	d3ff6d69969e13939e3ff7e1f43f6d9616ce24f3	keep	preflop.2.steady_check_ms	0.103675	Final combined fixed-step postflop and lifecycle comparison after fresh B035; numerical output and workload unchanged.	2026-09-07T06:48:34+00:00
G005	postflop_cuda	d3ff6d69969e13939e3ff7e1f43f6d9616ce24f3	keep	preflop.6.first_check_ms	8.8877	Final combined fixed-step postflop and lifecycle comparison after fresh B035; numerical output and workload unchanged.	2026-09-07T06:48:34+00:00
G005	postflop_cuda	d3ff6d69969e13939e3ff7e1f43f6d9616ce24f3	keep	preflop.6.second_check_ms	10.2597	Final combined fixed-step postflop and lifecycle comparison after fresh B035; numerical output and workload unchanged.	2026-09-07T06:48:34+00:00
G005	postflop_cuda	d3ff6d69969e13939e3ff7e1f43f6d9616ce24f3	keep	preflop.6.steady_check_ms	8.363025	Final combined fixed-step postflop and lifecycle comparison after fresh B035; numerical output and workload unchanged.	2026-09-07T06:48:34+00:00
G005	postflop_cuda	d3ff6d69969e13939e3ff7e1f43f6d9616ce24f3	keep	preflop.8.first_check_ms	25.3321	Final combined fixed-step postflop and lifecycle comparison after fresh B035; numerical output and workload unchanged.	2026-09-07T06:48:34+00:00
G005	postflop_cuda	d3ff6d69969e13939e3ff7e1f43f6d9616ce24f3	keep	preflop.8.second_check_ms	26.4326	Final combined fixed-step postflop and lifecycle comparison after fresh B035; numerical output and workload unchanged.	2026-09-07T06:48:34+00:00
G005	postflop_cuda	d3ff6d69969e13939e3ff7e1f43f6d9616ce24f3	keep	preflop.8.steady_check_ms	24.445675	Final combined fixed-step postflop and lifecycle comparison after fresh B035; numerical output and workload unchanged.	2026-09-07T06:48:34+00:00
G005	postflop_cuda	d3ff6d69969e13939e3ff7e1f43f6d9616ce24f3	keep	postflop.memory.rainbow.cold.compressed.allocated_vram_mb	5905.580032	Final combined fixed-step postflop and lifecycle comparison after fresh B035; numerical output and workload unchanged.	2026-09-07T06:48:34+00:00
G005	postflop_cuda	d3ff6d69969e13939e3ff7e1f43f6d9616ce24f3	keep	postflop.memory.rainbow.cold.compressed.host_live_mb	2585.382912	Final combined fixed-step postflop and lifecycle comparison after fresh B035; numerical output and workload unchanged.	2026-09-07T06:48:34+00:00
G005	postflop_cuda	d3ff6d69969e13939e3ff7e1f43f6d9616ce24f3	keep	postflop.memory.rainbow.cold.compressed.host_private_mb	9074.91328	Final combined fixed-step postflop and lifecycle comparison after fresh B035; numerical output and workload unchanged.	2026-09-07T06:48:34+00:00
G005	postflop_cuda	d3ff6d69969e13939e3ff7e1f43f6d9616ce24f3	keep	postflop.memory.rainbow.cold.compressed.init_ms	840.7807	Final combined fixed-step postflop and lifecycle comparison after fresh B035; numerical output and workload unchanged.	2026-09-07T06:48:34+00:00
G005	postflop_cuda	d3ff6d69969e13939e3ff7e1f43f6d9616ce24f3	keep	postflop.memory.rainbow.cold.compressed.strategy_sync_ms	162.87869999999998	Final combined fixed-step postflop and lifecycle comparison after fresh B035; numerical output and workload unchanged.	2026-09-07T06:48:34+00:00
G005	postflop_cuda	d3ff6d69969e13939e3ff7e1f43f6d9616ce24f3	keep	postflop.memory.rainbow.cold.compressed.sync_ms	336.65	Final combined fixed-step postflop and lifecycle comparison after fresh B035; numerical output and workload unchanged.	2026-09-07T06:48:34+00:00
G005	postflop_cuda	d3ff6d69969e13939e3ff7e1f43f6d9616ce24f3	keep	postflop.memory.rainbow.warm.compressed.allocated_vram_mb	5905.580032	Final combined fixed-step postflop and lifecycle comparison after fresh B035; numerical output and workload unchanged.	2026-09-07T06:48:34+00:00
G005	postflop_cuda	d3ff6d69969e13939e3ff7e1f43f6d9616ce24f3	keep	postflop.memory.rainbow.warm.compressed.host_live_mb	2597.154816	Final combined fixed-step postflop and lifecycle comparison after fresh B035; numerical output and workload unchanged.	2026-09-07T06:48:34+00:00
G005	postflop_cuda	d3ff6d69969e13939e3ff7e1f43f6d9616ce24f3	keep	postflop.memory.rainbow.warm.compressed.host_private_mb	9087.971328	Final combined fixed-step postflop and lifecycle comparison after fresh B035; numerical output and workload unchanged.	2026-09-07T06:48:34+00:00
G005	postflop_cuda	d3ff6d69969e13939e3ff7e1f43f6d9616ce24f3	keep	postflop.memory.rainbow.warm.compressed.init_ms	824.7242	Final combined fixed-step postflop and lifecycle comparison after fresh B035; numerical output and workload unchanged.	2026-09-07T06:48:34+00:00
G005	postflop_cuda	d3ff6d69969e13939e3ff7e1f43f6d9616ce24f3	keep	postflop.memory.rainbow.warm.compressed.strategy_sync_ms	171.306	Final combined fixed-step postflop and lifecycle comparison after fresh B035; numerical output and workload unchanged.	2026-09-07T06:48:34+00:00
G005	postflop_cuda	d3ff6d69969e13939e3ff7e1f43f6d9616ce24f3	keep	postflop.memory.rainbow.warm.compressed.sync_ms	340.2909	Final combined fixed-step postflop and lifecycle comparison after fresh B035; numerical output and workload unchanged.	2026-09-07T06:48:34+00:00
G005	postflop_cuda	d3ff6d69969e13939e3ff7e1f43f6d9616ce24f3	keep	postflop.memory.cold.f32.allocated_vram_mb	4731.174912	Final combined fixed-step postflop and lifecycle comparison after fresh B035; numerical output and workload unchanged.	2026-09-07T06:48:34+00:00
G005	postflop_cuda	d3ff6d69969e13939e3ff7e1f43f6d9616ce24f3	keep	postflop.memory.cold.f32.host_live_mb	3917.586432	Final combined fixed-step postflop and lifecycle comparison after fresh B035; numerical output and workload unchanged.	2026-09-07T06:48:34+00:00
G005	postflop_cuda	d3ff6d69969e13939e3ff7e1f43f6d9616ce24f3	keep	postflop.memory.cold.f32.host_private_mb	9231.110144	Final combined fixed-step postflop and lifecycle comparison after fresh B035; numerical output and workload unchanged.	2026-09-07T06:48:34+00:00
G005	postflop_cuda	d3ff6d69969e13939e3ff7e1f43f6d9616ce24f3	keep	postflop.memory.cold.f32.init_ms	699.1374000000001	Final combined fixed-step postflop and lifecycle comparison after fresh B035; numerical output and workload unchanged.	2026-09-07T06:48:34+00:00
G005	postflop_cuda	d3ff6d69969e13939e3ff7e1f43f6d9616ce24f3	keep	postflop.memory.cold.f32.strategy_sync_ms	163.8291	Final combined fixed-step postflop and lifecycle comparison after fresh B035; numerical output and workload unchanged.	2026-09-07T06:48:34+00:00
G005	postflop_cuda	d3ff6d69969e13939e3ff7e1f43f6d9616ce24f3	keep	postflop.memory.cold.f32.sync_ms	338.9266	Final combined fixed-step postflop and lifecycle comparison after fresh B035; numerical output and workload unchanged.	2026-09-07T06:48:34+00:00
G005	postflop_cuda	d3ff6d69969e13939e3ff7e1f43f6d9616ce24f3	keep	postflop.memory.warm.f32.allocated_vram_mb	4731.174912	Final combined fixed-step postflop and lifecycle comparison after fresh B035; numerical output and workload unchanged.	2026-09-07T06:48:34+00:00
G005	postflop_cuda	d3ff6d69969e13939e3ff7e1f43f6d9616ce24f3	keep	postflop.memory.warm.f32.host_live_mb	3934.920704	Final combined fixed-step postflop and lifecycle comparison after fresh B035; numerical output and workload unchanged.	2026-09-07T06:48:34+00:00
G005	postflop_cuda	d3ff6d69969e13939e3ff7e1f43f6d9616ce24f3	keep	postflop.memory.warm.f32.host_private_mb	9246.425088	Final combined fixed-step postflop and lifecycle comparison after fresh B035; numerical output and workload unchanged.	2026-09-07T06:48:34+00:00
G005	postflop_cuda	d3ff6d69969e13939e3ff7e1f43f6d9616ce24f3	keep	postflop.memory.warm.f32.init_ms	753.777	Final combined fixed-step postflop and lifecycle comparison after fresh B035; numerical output and workload unchanged.	2026-09-07T06:48:34+00:00
G005	postflop_cuda	d3ff6d69969e13939e3ff7e1f43f6d9616ce24f3	keep	postflop.memory.warm.f32.strategy_sync_ms	158.70919999999998	Final combined fixed-step postflop and lifecycle comparison after fresh B035; numerical output and workload unchanged.	2026-09-07T06:48:34+00:00
G005	postflop_cuda	d3ff6d69969e13939e3ff7e1f43f6d9616ce24f3	keep	postflop.memory.warm.f32.sync_ms	324.2772	Final combined fixed-step postflop and lifecycle comparison after fresh B035; numerical output and workload unchanged.	2026-09-07T06:48:34+00:00
G005	postflop_cuda	d3ff6d69969e13939e3ff7e1f43f6d9616ce24f3	keep	postflop.memory.cold.compressed.allocated_vram_mb	3623.878656	Final combined fixed-step postflop and lifecycle comparison after fresh B035; numerical output and workload unchanged.	2026-09-07T06:48:34+00:00
G005	postflop_cuda	d3ff6d69969e13939e3ff7e1f43f6d9616ce24f3	keep	postflop.memory.cold.compressed.host_live_mb	2300.47744	Final combined fixed-step postflop and lifecycle comparison after fresh B035; numerical output and workload unchanged.	2026-09-07T06:48:34+00:00
G005	postflop_cuda	d3ff6d69969e13939e3ff7e1f43f6d9616ce24f3	keep	postflop.memory.cold.compressed.host_private_mb	6504.701952	Final combined fixed-step postflop and lifecycle comparison after fresh B035; numerical output and workload unchanged.	2026-09-07T06:48:34+00:00
G005	postflop_cuda	d3ff6d69969e13939e3ff7e1f43f6d9616ce24f3	keep	postflop.memory.cold.compressed.init_ms	624.8189	Final combined fixed-step postflop and lifecycle comparison after fresh B035; numerical output and workload unchanged.	2026-09-07T06:48:34+00:00
G005	postflop_cuda	d3ff6d69969e13939e3ff7e1f43f6d9616ce24f3	keep	postflop.memory.cold.compressed.strategy_sync_ms	128.3911	Final combined fixed-step postflop and lifecycle comparison after fresh B035; numerical output and workload unchanged.	2026-09-07T06:48:34+00:00
G005	postflop_cuda	d3ff6d69969e13939e3ff7e1f43f6d9616ce24f3	keep	postflop.memory.cold.compressed.sync_ms	269.2628	Final combined fixed-step postflop and lifecycle comparison after fresh B035; numerical output and workload unchanged.	2026-09-07T06:48:34+00:00
G005	postflop_cuda	d3ff6d69969e13939e3ff7e1f43f6d9616ce24f3	keep	postflop.memory.warm.compressed.allocated_vram_mb	3623.878656	Final combined fixed-step postflop and lifecycle comparison after fresh B035; numerical output and workload unchanged.	2026-09-07T06:48:34+00:00
G005	postflop_cuda	d3ff6d69969e13939e3ff7e1f43f6d9616ce24f3	keep	postflop.memory.warm.compressed.host_live_mb	3769.421824	Final combined fixed-step postflop and lifecycle comparison after fresh B035; numerical output and workload unchanged.	2026-09-07T06:48:34+00:00
G005	postflop_cuda	d3ff6d69969e13939e3ff7e1f43f6d9616ce24f3	keep	postflop.memory.warm.compressed.host_private_mb	8126.619648	Final combined fixed-step postflop and lifecycle comparison after fresh B035; numerical output and workload unchanged.	2026-09-07T06:48:34+00:00
G005	postflop_cuda	d3ff6d69969e13939e3ff7e1f43f6d9616ce24f3	keep	postflop.memory.warm.compressed.init_ms	1064.1628	Final combined fixed-step postflop and lifecycle comparison after fresh B035; numerical output and workload unchanged.	2026-09-07T06:48:34+00:00
G005	postflop_cuda	d3ff6d69969e13939e3ff7e1f43f6d9616ce24f3	keep	postflop.memory.warm.compressed.strategy_sync_ms	149.2541	Final combined fixed-step postflop and lifecycle comparison after fresh B035; numerical output and workload unchanged.	2026-09-07T06:48:34+00:00
G005	postflop_cuda	d3ff6d69969e13939e3ff7e1f43f6d9616ce24f3	keep	postflop.memory.warm.compressed.sync_ms	297.39910000000003	Final combined fixed-step postflop and lifecycle comparison after fresh B035; numerical output and workload unchanged.	2026-09-07T06:48:34+00:00
G005	postflop_cuda	d3ff6d69969e13939e3ff7e1f43f6d9616ce24f3	keep	postflop.Ks7h2d.init_ms	1256.484	Final combined fixed-step postflop and lifecycle comparison after fresh B035; numerical output and workload unchanged.	2026-09-07T06:48:34+00:00
G005	postflop_cuda	d3ff6d69969e13939e3ff7e1f43f6d9616ce24f3	keep	postflop.Ks7h2d.iteration_ms	51.796	Final combined fixed-step postflop and lifecycle comparison after fresh B035; numerical output and workload unchanged.	2026-09-07T06:48:34+00:00
G005	postflop_cuda	d3ff6d69969e13939e3ff7e1f43f6d9616ce24f3	keep	postflop.Ks7h2d.check_ms	34.672	Final combined fixed-step postflop and lifecycle comparison after fresh B035; numerical output and workload unchanged.	2026-09-07T06:48:34+00:00
G005	postflop_cuda	d3ff6d69969e13939e3ff7e1f43f6d9616ce24f3	keep	postflop.Ks7s2d.init_ms	844.755	Final combined fixed-step postflop and lifecycle comparison after fresh B035; numerical output and workload unchanged.	2026-09-07T06:48:34+00:00
G005	postflop_cuda	d3ff6d69969e13939e3ff7e1f43f6d9616ce24f3	keep	postflop.Ks7s2d.iteration_ms	31.358	Final combined fixed-step postflop and lifecycle comparison after fresh B035; numerical output and workload unchanged.	2026-09-07T06:48:34+00:00
G005	postflop_cuda	d3ff6d69969e13939e3ff7e1f43f6d9616ce24f3	keep	postflop.Ks7s2d.check_ms	28.203	Final combined fixed-step postflop and lifecycle comparison after fresh B035; numerical output and workload unchanged.	2026-09-07T06:48:34+00:00
G005	postflop_cuda	d3ff6d69969e13939e3ff7e1f43f6d9616ce24f3	keep	postflop.Ks7h2dQhTc.init_ms	78.225	Final combined fixed-step postflop and lifecycle comparison after fresh B035; numerical output and workload unchanged.	2026-09-07T06:48:34+00:00
G005	postflop_cuda	d3ff6d69969e13939e3ff7e1f43f6d9616ce24f3	keep	postflop.Ks7h2dQhTc.iteration_ms	0.284	Final combined fixed-step postflop and lifecycle comparison after fresh B035; numerical output and workload unchanged.	2026-09-07T06:48:34+00:00
G005	postflop_cuda	d3ff6d69969e13939e3ff7e1f43f6d9616ce24f3	keep	postflop.Ks7h2dQhTc.check_ms	0.569	Final combined fixed-step postflop and lifecycle comparison after fresh B035; numerical output and workload unchanged.	2026-09-07T06:48:34+00:00
