{
  "baseline": {
    "iters": [
      10,
      20,
      30,
      40,
      50,
      60,
      70,
      80,
      90,
      100
    ],
    "pct": [
      56.317,
      15.563,
      8.122,
      5.526,
      3.946,
      2.955,
      2.251,
      1.755,
      1.386,
      1.125
    ],
    "secs": [
      6.4,
      12.3,
      18.3,
      24.3,
      30.2,
      36.4,
      42.6,
      48.7,
      54.9,
      60.8
    ],
    "gpu_secs": [],
    "arena_mb": 2494.8,
    "rss_mb": 2500.078125,
    "s_per_iter": 0.608
  },
  "f32": {
    "iters": [
      10,
      20,
      30,
      40,
      50,
      60,
      70,
      80,
      90,
      100
    ],
    "pct": [
      56.317,
      15.563,
      8.122,
      5.526,
      3.946,
      2.955,
      2.251,
      1.755,
      1.386,
      1.125
    ],
    "secs": [
      6.3,
      12.1,
      18.0,
      23.8,
      29.7,
      35.6,
      41.5,
      47.5,
      53.5,
      59.4
    ],
    "gpu_secs": [],
    "arena_mb": 2494.8,
    "rss_mb": 2521.0,
    "s_per_iter": 0.594
  },
  "i16": {
    "iters": [
      10,
      20,
      30,
      40,
      50,
      60,
      70,
      80,
      90,
      100
    ],
    "pct": [
      55.846,
      15.468,
      8.12,
      5.517,
      3.956,
      2.957,
      2.26,
      1.765,
      1.392,
      1.131
    ],
    "secs": [
      6.8,
      14.1,
      21.3,
      28.6,
      35.9,
      43.3,
      50.6,
      57.7,
      64.9,
      71.9
    ],
    "gpu_secs": [],
    "arena_mb": 1267.3,
    "rss_mb": 1366.0,
    "s_per_iter": 0.7190000000000001
  },
  "pcfr": {
    "iters": [
      10,
      20,
      30,
      40,
      50,
      60,
      70,
      80,
      90,
      100
    ],
    "pct": [
      45.683,
      16.275,
      9.982,
      7.326,
      6.113,
      5.201,
      4.43,
      3.844,
      3.404,
      3.061
    ],
    "secs": [
      8.4,
      17.0,
      25.6,
      34.2,
      42.8,
      51.4,
      59.9,
      68.4,
      76.9,
      85.2
    ],
    "gpu_secs": [],
    "arena_mb": 1267.3,
    "rss_mb": 1970.0,
    "s_per_iter": 0.852
  },
  "gpu": {
    "iters": [
      10,
      20,
      30,
      40,
      50,
      60,
      70,
      80,
      90,
      100
    ],
    "pct": [
      53.461,
      15.539,
      8.23,
      5.671,
      4.096,
      3.067,
      2.34,
      1.807,
      1.425,
      1.145
    ],
    "secs": [
      0.7,
      1.4,
      2.1,
      2.7,
      3.4,
      4.1,
      4.7,
      5.4,
      6.1,
      6.7
    ],
    "gpu_secs": [
      0.7,
      1.3,
      1.9,
      2.5,
      3.1,
      3.8,
      4.4,
      5.0,
      5.6,
      6.2
    ],
    "arena_mb": 6955.4,
    "rss_mb": 3958.0,
    "s_per_iter": 0.06111111111111111
  }
}