seat0 entry mass removed=0.000001620262771236195
seat1 entry mass removed=0.0000012845353565876034
gpu: 432881 nodes, 13 levels, staging+arenas 1146.5 MB
GPU_STORAGE_MAP active=165920 missing_active=0 all_tree_missing=3430
stored AdAcJc pot=39.5: bytes=291691520 disk=false workspace=1438213480
gpu: 432881 nodes, 13 levels, staging+arenas 1212.2 MB
GPU_STORAGE_MAP active=165920 missing_active=0 all_tree_missing=3430
stored AdAc3c pot=39.5: bytes=309010704 disk=false workspace=1521219632
gpu: 432881 nodes, 13 levels, staging+arenas 1213.3 MB
stored AcKd9h pot=39.5: bytes=519811040 disk=false workspace=1526172336
gpu: 432881 nodes, 13 levels, staging+arenas 1241.7 MB
stored AcKd5h pot=39.5: bytes=532041888 disk=false workspace=1550674600
gpu: 432881 nodes, 13 levels, staging+arenas 1199.4 MB
GPU_STORAGE_MAP active=165920 missing_active=0 all_tree_missing=3430
stored AcKcQc pot=39.5: bytes=144717320 disk=false workspace=1550674600
gpu: 432881 nodes, 13 levels, staging+arenas 1211.2 MB
stored AcQdJh pot=39.5: bytes=516753328 disk=false workspace=1550674600
gpu: 432881 nodes, 13 levels, staging+arenas 1261.2 MB
stored AcQd7h pot=39.5: bytes=539686168 disk=false workspace=1570224160
gpu: 432881 nodes, 13 levels, staging+arenas 1279.3 MB
stored AcQd3h pot=39.5: bytes=547330448 disk=false workspace=1588340160
gpu: 432881 nodes, 13 levels, staging+arenas 1275.4 MB
GPU_STORAGE_MAP active=165920 missing_active=0 all_tree_missing=3430
stored AcQc4d pot=39.5: bytes=325418352 disk=false workspace=1604747808
gpu: 432881 nodes, 13 levels, staging+arenas 1236.7 MB
GPU_STORAGE_MAP active=165920 missing_active=0 all_tree_missing=3430
stored AcJd8c pot=39.5: bytes=315391456 disk=false workspace=1604747808
gpu: 432881 nodes, 13 levels, staging+arenas 1270.1 MB
GPU_STORAGE_MAP active=165920 missing_active=0 all_tree_missing=3430
stored AcJd4c pot=39.5: bytes=324506816 disk=false workspace=1608135696
gpu: 432881 nodes, 13 levels, staging+arenas 1268.6 MB
GPU_STORAGE_MAP active=165920 missing_active=0 all_tree_missing=3430
stored AcJc4d pot=39.5: bytes=324506816 disk=false workspace=1611523584
gpu: 432881 nodes, 13 levels, staging+arenas 1256.9 MB
GPU_STORAGE_MAP active=165920 missing_active=0 all_tree_missing=3430
stored AcTd7d pot=39.5: bytes=321772208 disk=false workspace=1611523584
gpu: 432881 nodes, 13 levels, staging+arenas 1278.9 MB
GPU_STORAGE_MAP active=165920 missing_active=0 all_tree_missing=3430
stored AcTd3c pot=39.5: bytes=327241424 disk=false workspace=1614911472
gpu: 432881 nodes, 13 levels, staging+arenas 1267.2 MB
stored Ac9h9d pot=39.5: bytes=544272736 disk=false workspace=1614911472
gpu: 432881 nodes, 13 levels, staging+arenas 1295.6 MB
GPU_STORAGE_MAP active=165920 missing_active=0 all_tree_missing=3430
stored Ac9d5c pot=39.5: bytes=331799104 disk=false workspace=1627420232
gpu: 432881 nodes, 13 levels, staging+arenas 1291.7 MB
GPU_STORAGE_MAP active=165920 missing_active=0 all_tree_missing=3430
stored Ac9c6c pot=39.5: bytes=156813096 disk=false workspace=1627420232
gpu: 432881 nodes, 13 levels, staging+arenas 1290.7 MB
stored Ac8d5h pot=39.5: bytes=553445872 disk=false workspace=1627420232
gpu: 432881 nodes, 13 levels, staging+arenas 1297.1 MB
GPU_STORAGE_MAP active=165920 missing_active=0 all_tree_missing=3430
stored Ac8c7c pot=39.5: bytes=157245088 disk=false workspace=1631330144
gpu: 432881 nodes, 13 levels, staging+arenas 1316.2 MB
GPU_STORAGE_MAP active=165920 missing_active=0 all_tree_missing=3430
stored Ac7d5c pot=39.5: bytes=337268320 disk=false workspace=1653481800
gpu: 432881 nodes, 13 levels, staging+arenas 1324.0 MB
GPU_STORAGE_MAP active=165920 missing_active=0 all_tree_missing=3430
stored Ac7c3d pot=39.5: bytes=339091392 disk=false workspace=1663124696
gpu: 432881 nodes, 13 levels, staging+arenas 1330.4 MB
GPU_STORAGE_MAP active=165920 missing_active=0 all_tree_missing=3430
stored Ac6d3c pot=39.5: bytes=340914464 disk=false workspace=1671334032
gpu: 432881 nodes, 13 levels, staging+arenas 1327.9 MB
stored Ac5d3h pot=39.5: bytes=570263288 disk=false workspace=1671334032
gpu: 432881 nodes, 13 levels, staging+arenas 1338.2 MB
GPU_STORAGE_MAP active=165920 missing_active=0 all_tree_missing=3430
stored Ac4d3c pot=39.5: bytes=342737536 disk=false workspace=1680976928
gpu: 432881 nodes, 13 levels, staging+arenas 1346.1 MB
GPU_STORAGE_MAP active=165920 missing_active=0 all_tree_missing=3430
stored Ac2d2c pot=39.5: bytes=344560608 disk=false workspace=1690619824
gpu: 432881 nodes, 13 levels, staging+arenas 1291.7 MB
stored KdKc4h pot=39.5: bytes=554974728 disk=false workspace=1690619824
gpu: 432881 nodes, 13 levels, staging+arenas 1277.9 MB
stored KcQd9h pot=39.5: bytes=547330448 disk=false workspace=1690619824
gpu: 432881 nodes, 13 levels, staging+arenas 1310.2 MB
stored KcQd5h pot=39.5: bytes=561090152 disk=false workspace=1690619824
gpu: 432881 nodes, 13 levels, staging+arenas 1259.8 MB
GPU_STORAGE_MAP active=165920 missing_active=0 all_tree_missing=3430
stored KcQcTd pot=39.5: bytes=321772208 disk=false workspace=1690619824
gpu: 432881 nodes, 13 levels, staging+arenas 1256.9 MB
GPU_STORAGE_MAP active=165920 missing_active=0 all_tree_missing=3430
stored KcJdTd pot=39.5: bytes=321772208 disk=false workspace=1690619824
gpu: 432881 nodes, 13 levels, staging+arenas 1302.0 MB
GPU_STORAGE_MAP active=165920 missing_active=0 all_tree_missing=3430
stored KcJd6d pot=39.5: bytes=333622176 disk=false workspace=1690619824
gpu: 432881 nodes, 13 levels, staging+arenas 1313.7 MB
GPU_STORAGE_MAP active=165920 missing_active=0 all_tree_missing=3430
stored KcJd2c pot=39.5: bytes=336356784 disk=false workspace=1690619824
gpu: 432881 nodes, 13 levels, staging+arenas 1276.1 MB
stored KcTd9h pot=39.5: bytes=548859304 disk=false workspace=1690619824
gpu: 432881 nodes, 13 levels, staging+arenas 1308.4 MB
GPU_STORAGE_MAP active=165920 missing_active=0 all_tree_missing=3430
stored KcTd5d pot=39.5: bytes=335445248 disk=false workspace=1690619824
gpu: 432881 nodes, 13 levels, staging+arenas 1300.6 MB
GPU_STORAGE_MAP active=165920 missing_active=0 all_tree_missing=3430
stored KcTc7d pot=39.5: bytes=333622176 disk=false workspace=1690619824
gpu: 432881 nodes, 13 levels, staging+arenas 1325.1 MB
GPU_STORAGE_MAP active=165920 missing_active=0 all_tree_missing=3430
stored Kc9d7d pot=39.5: bytes=340002928 disk=false workspace=1694007712
gpu: 432881 nodes, 13 levels, staging+arenas 1339.3 MB
GPU_STORAGE_MAP active=165920 missing_active=0 all_tree_missing=3430
stored Kc9d3d pot=39.5: bytes=343649072 disk=false workspace=1697395600
gpu: 432881 nodes, 13 levels, staging+arenas 1326.5 MB
stored Kc8d7h pot=39.5: bytes=570263288 disk=false workspace=1697395600
gpu: 432881 nodes, 13 levels, staging+arenas 1344.6 MB
stored Kc8d3h pot=39.5: bytes=577907568 disk=false workspace=1697395600
gpu: 432881 nodes, 13 levels, staging+arenas 1349.6 MB
stored Kc7h7d pot=39.5: bytes=580965280 disk=false workspace=1699871952
gpu: 432881 nodes, 13 levels, staging+arenas 1363.8 MB
GPU_STORAGE_MAP active=165920 missing_active=0 all_tree_missing=3430
stored Kc7d3c pot=39.5: bytes=350029824 disk=false workspace=1713814272
gpu: 432881 nodes, 13 levels, staging+arenas 1359.9 MB
GPU_STORAGE_MAP active=165920 missing_active=0 all_tree_missing=3430
stored Kc6d5c pot=39.5: bytes=349118288 disk=false workspace=1713814272
gpu: 432881 nodes, 13 levels, staging+arenas 1370.2 MB
GPU_STORAGE_MAP active=165920 missing_active=0 all_tree_missing=3430
stored Kc6c3d pot=39.5: bytes=351852896 disk=false workspace=1722023608
gpu: 432881 nodes, 13 levels, staging+arenas 1367.7 MB
GPU_STORAGE_MAP active=165920 missing_active=0 all_tree_missing=3430
stored Kc5c4d pot=39.5: bytes=350941360 disk=false workspace=1722023608
gpu: 432881 nodes, 13 levels, staging+arenas 1385.8 MB
stored Kc3h3d pot=39.5: bytes=596253840 disk=false workspace=1737663256
gpu: 432881 nodes, 13 levels, staging+arenas 1317.0 MB
GPU_STORAGE_MAP active=165920 missing_active=0 all_tree_missing=3430
stored QdQc8c pot=39.5: bytes=335445248 disk=false workspace=1737663256
gpu: 432881 nodes, 13 levels, staging+arenas 1274.0 MB
stored QcJdTh pot=39.5: bytes=545801592 disk=false workspace=1737663256
gpu: 432881 nodes, 13 levels, staging+arenas 1325.5 MB
GPU_STORAGE_MAP active=165920 missing_active=0 all_tree_missing=3430
stored QcJd6d pot=39.5: bytes=339091392 disk=false workspace=1737663256
gpu: 432881 nodes, 13 levels, staging+arenas 1337.2 MB
GPU_STORAGE_MAP active=165920 missing_active=0 all_tree_missing=3430
stored QcJd2d pot=39.5: bytes=341826000 disk=false workspace=1737663256
gpu: 432881 nodes, 13 levels, staging+arenas 1299.5 MB
stored QcTd9h pot=39.5: bytes=558032440 disk=false workspace=1737663256
gpu: 432881 nodes, 13 levels, staging+arenas 1331.9 MB
stored QcTd5h pot=39.5: bytes=571792144 disk=false workspace=1737663256
gpu: 432881 nodes, 13 levels, staging+arenas 1308.8 MB
GPU_STORAGE_MAP active=165920 missing_active=0 all_tree_missing=3430
stored QcTc8d pot=39.5: bytes=334533712 disk=false workspace=1737663256
gpu: 432881 nodes, 13 levels, staging+arenas 1348.5 MB
stored Qc9d7h pot=39.5: bytes=579436424 disk=false workspace=1737663256
gpu: 432881 nodes, 13 levels, staging+arenas 1366.7 MB
GPU_STORAGE_MAP active=165920 missing_active=0 all_tree_missing=3430
stored Qc9d3d pot=39.5: bytes=350029824 disk=false workspace=1738574792
gpu: 432881 nodes, 13 levels, staging+arenas 1345.0 MB
GPU_STORAGE_MAP active=165920 missing_active=0 all_tree_missing=3430
stored Qc8d8c pot=39.5: bytes=343649072 disk=false workspace=1738574792
gpu: 432881 nodes, 13 levels, staging+arenas 1368.1 MB
GPU_STORAGE_MAP active=165920 missing_active=0 all_tree_missing=3430
stored Qc8d4c pot=39.5: bytes=350029824 disk=false workspace=1739486328
gpu: 432881 nodes, 13 levels, staging+arenas 1376.9 MB
stored Qc7h7d pot=39.5: bytes=591667272 disk=false workspace=1739486328
gpu: 432881 nodes, 13 levels, staging+arenas 1391.2 MB
GPU_STORAGE_MAP active=165920 missing_active=0 all_tree_missing=3430
stored Qc7d3d pot=39.5: bytes=356410576 disk=false workspace=1750952296
gpu: 432881 nodes, 13 levels, staging+arenas 1391.2 MB
GPU_STORAGE_MAP active=165920 missing_active=0 all_tree_missing=3430
stored Qc6d5d pot=39.5: bytes=356410576 disk=false workspace=1750952296
gpu: 432881 nodes, 13 levels, staging+arenas 1397.5 MB
GPU_STORAGE_MAP active=165920 missing_active=0 all_tree_missing=3430
stored Qc6c3d pot=39.5: bytes=358233648 disk=false workspace=1755773744
gpu: 432881 nodes, 13 levels, staging+arenas 1399.0 MB
GPU_STORAGE_MAP active=165920 missing_active=0 all_tree_missing=3430
stored Qc5d2c pot=39.5: bytes=358233648 disk=false workspace=1760595192
gpu: 432881 nodes, 13 levels, staging+arenas 1405.4 MB
GPU_STORAGE_MAP active=165920 missing_active=0 all_tree_missing=3430
stored Qc4c2d pot=39.5: bytes=360056720 disk=false workspace=1765416640
gpu: 432881 nodes, 13 levels, staging+arenas 1318.7 MB
stored JdJc7h pot=39.5: bytes=567205576 disk=false workspace=1765416640
gpu: 432881 nodes, 13 levels, staging+arenas 1300.6 MB
GPU_STORAGE_MAP active=165920 missing_active=0 all_tree_missing=3430
stored JcTd9d pot=39.5: bytes=333622176 disk=false workspace=1765416640
gpu: 432881 nodes, 13 levels, staging+arenas 1329.0 MB
GPU_STORAGE_MAP active=165920 missing_active=0 all_tree_missing=3430
stored JcTd5c pot=39.5: bytes=340914464 disk=false workspace=1765416640
gpu: 432881 nodes, 13 levels, staging+arenas 1323.6 MB
GPU_STORAGE_MAP active=165920 missing_active=0 all_tree_missing=3430
stored JcTc7c pot=39.5: bytes=161133016 disk=false workspace=1765416640
gpu: 432881 nodes, 13 levels, staging+arenas 1341.8 MB
GPU_STORAGE_MAP active=165920 missing_active=0 all_tree_missing=3430
stored Jc9d7c pot=39.5: bytes=344560608 disk=false workspace=1765416640
gpu: 432881 nodes, 13 levels, staging+arenas 1359.9 MB
GPU_STORAGE_MAP active=165920 missing_active=0 all_tree_missing=3430
stored Jc9d3c pot=39.5: bytes=349118288 disk=false workspace=1765416640
gpu: 432881 nodes, 13 levels, staging+arenas 1347.1 MB
stored Jc8d7h pot=39.5: bytes=579436424 disk=false workspace=1765416640
gpu: 432881 nodes, 13 levels, staging+arenas 1365.2 MB
stored Jc8d3h pot=39.5: bytes=587080704 disk=false workspace=1765416640
gpu: 432881 nodes, 13 levels, staging+arenas 1370.2 MB
GPU_STORAGE_MAP active=165920 missing_active=0 all_tree_missing=3430
stored Jc7d7c pot=39.5: bytes=351852896 disk=false workspace=1765416640
gpu: 432881 nodes, 13 levels, staging+arenas 1384.4 MB
stored Jc7d2h pot=39.5: bytes=596253840 disk=false workspace=1767892992
gpu: 432881 nodes, 13 levels, staging+arenas 1386.9 MB
stored Jc6d4h pot=39.5: bytes=597782696 disk=false workspace=1770369344
gpu: 432881 nodes, 13 levels, staging+arenas 1390.8 MB
GPU_STORAGE_MAP active=165920 missing_active=0 all_tree_missing=3430
stored Jc6c2d pot=39.5: bytes=357322112 disk=false workspace=1772192416
gpu: 432881 nodes, 13 levels, staging+arenas 1392.2 MB
GPU_STORAGE_MAP active=165920 missing_active=0 all_tree_missing=3430
stored Jc5c3d pot=39.5: bytes=357322112 disk=false workspace=1772192416
gpu: 432881 nodes, 13 levels, staging+arenas 1406.4 MB
GPU_STORAGE_MAP active=165920 missing_active=0 all_tree_missing=3430
stored Jc3d3c pot=39.5: bytes=360968256 disk=false workspace=1772192416
gpu: 432881 nodes, 13 levels, staging+arenas 1336.4 MB
stored TdTc5h pot=39.5: bytes=576378712 disk=false workspace=1772192416
gpu: 432881 nodes, 13 levels, staging+arenas 1350.6 MB
GPU_STORAGE_MAP active=165920 missing_active=0 all_tree_missing=3430
stored Tc9d7d pot=39.5: bytes=347295216 disk=false workspace=1772192416
gpu: 432881 nodes, 13 levels, staging+arenas 1364.8 MB
GPU_STORAGE_MAP active=165920 missing_active=0 all_tree_missing=3430
stored Tc9d3c pot=39.5: bytes=350941360 disk=false workspace=1772192416
gpu: 432881 nodes, 13 levels, staging+arenas 1352.1 MB
stored Tc8d7h pot=39.5: bytes=582494136 disk=false workspace=1772192416
gpu: 432881 nodes, 13 levels, staging+arenas 1370.2 MB
stored Tc8d3h pot=39.5: bytes=590138416 disk=false workspace=1772192416
gpu: 432881 nodes, 13 levels, staging+arenas 1375.1 MB
GPU_STORAGE_MAP active=165920 missing_active=0 all_tree_missing=3430
stored Tc7d7c pot=39.5: bytes=353675968 disk=false workspace=1772192416
gpu: 432881 nodes, 13 levels, staging+arenas 1389.3 MB
GPU_STORAGE_MAP active=165920 missing_active=0 all_tree_missing=3430
stored Tc7d3c pot=39.5: bytes=357322112 disk=false workspace=1775580304
gpu: 432881 nodes, 13 levels, staging+arenas 1385.4 MB
GPU_STORAGE_MAP active=165920 missing_active=0 all_tree_missing=3430
stored Tc6d5c pot=39.5: bytes=356410576 disk=false workspace=1775580304
gpu: 432881 nodes, 13 levels, staging+arenas 1395.7 MB
GPU_STORAGE_MAP active=165920 missing_active=0 all_tree_missing=3430
stored Tc6c3c pot=39.5: bytes=170204848 disk=false workspace=1778056656
gpu: 432881 nodes, 13 levels, staging+arenas 1393.2 MB
GPU_STORAGE_MAP active=165920 missing_active=0 all_tree_missing=3430
stored Tc5c4d pot=39.5: bytes=358233648 disk=false workspace=1778056656
gpu: 432881 nodes, 13 levels, staging+arenas 1411.4 MB
stored Tc3h3d pot=39.5: bytes=608484688 disk=false workspace=1778056656
gpu: 432881 nodes, 13 levels, staging+arenas 1385.4 MB
GPU_STORAGE_MAP active=165920 missing_active=0 all_tree_missing=3430
stored 9d9c5c pot=39.5: bytes=356410576 disk=false workspace=1778056656
gpu: 432881 nodes, 13 levels, staging+arenas 1382.9 MB
GPU_STORAGE_MAP active=165920 missing_active=0 all_tree_missing=3430
stored 9c8d6c pot=39.5: bytes=355499040 disk=false workspace=1778056656
gpu: 432881 nodes, 13 levels, staging+arenas 1380.5 MB
GPU_STORAGE_MAP active=165920 missing_active=0 all_tree_missing=3430
stored 9c8c7d pot=39.5: bytes=354587504 disk=false workspace=1778056656
gpu: 432881 nodes, 13 levels, staging+arenas 1403.5 MB
GPU_STORAGE_MAP active=165920 missing_active=0 all_tree_missing=3430
stored 9c7d5d pot=39.5: bytes=360968256 disk=false workspace=1778968192
gpu: 432881 nodes, 13 levels, staging+arenas 1413.8 MB
GPU_STORAGE_MAP active=165920 missing_active=0 all_tree_missing=3430
stored 9c7c4d pot=39.5: bytes=363702864 disk=false workspace=1782356080
gpu: 432881 nodes, 13 levels, staging+arenas 1420.2 MB
GPU_STORAGE_MAP active=165920 missing_active=0 all_tree_missing=3430
stored 9c6d3c pot=39.5: bytes=365525936 disk=false workspace=1785743968
gpu: 432881 nodes, 13 levels, staging+arenas 1421.7 MB
stored 9c5d3h pot=39.5: bytes=613071256 disk=false workspace=1789653880
gpu: 432881 nodes, 13 levels, staging+arenas 1428.0 MB
GPU_STORAGE_MAP active=165920 missing_active=0 all_tree_missing=3430
stored 9c4d3d pot=39.5: bytes=367349008 disk=false workspace=1795386864
gpu: 432881 nodes, 13 levels, staging+arenas 1435.9 MB
GPU_STORAGE_MAP active=165920 missing_active=0 all_tree_missing=3430
stored 9c2d2c pot=39.5: bytes=369172080 disk=false workspace=1805029760
gpu: 432881 nodes, 13 levels, staging+arenas 1407.4 MB
stored 8c7d6h pot=39.5: bytes=606955832 disk=false workspace=1805029760
gpu: 432881 nodes, 13 levels, staging+arenas 1419.2 MB
stored 8c7d2h pot=39.5: bytes=611542400 disk=false workspace=1805029760
gpu: 432881 nodes, 13 levels, staging+arenas 1421.7 MB
stored 8c6d4h pot=39.5: bytes=613071256 disk=false workspace=1805029760
gpu: 432881 nodes, 13 levels, staging+arenas 1420.6 MB
stored 8c5h5d pot=39.5: bytes=611542400 disk=false workspace=1805029760
gpu: 432881 nodes, 13 levels, staging+arenas 1427.0 MB
GPU_STORAGE_MAP active=165920 missing_active=0 all_tree_missing=3430
stored 8c5c2d pot=39.5: bytes=366437472 disk=false workspace=1805029760
gpu: 432881 nodes, 13 levels, staging+arenas 1437.3 MB
stored 8c3d2h pot=39.5: bytes=619186680 disk=false workspace=1808939672
gpu: 432881 nodes, 13 levels, staging+arenas 1442.2 MB
GPU_STORAGE_MAP active=165920 missing_active=0 all_tree_missing=3430
stored 7d7c2c pot=39.5: bytes=370995152 disk=false workspace=1813239096
gpu: 432881 nodes, 13 levels, staging+arenas 1444.7 MB
stored 7c6d2h pot=39.5: bytes=623773248 disk=false workspace=1815715448
gpu: 432881 nodes, 13 levels, staging+arenas 1446.2 MB
GPU_STORAGE_MAP active=165920 missing_active=0 all_tree_missing=3430
stored 7c5d3c pot=39.5: bytes=371906688 disk=false workspace=1820536896
gpu: 432881 nodes, 13 levels, staging+arenas 1452.5 MB
stored 7c4d2h pot=39.5: bytes=626830960 disk=false workspace=1824446808
gpu: 432881 nodes, 13 levels, staging+arenas 1448.6 MB
GPU_STORAGE_MAP active=165920 missing_active=0 all_tree_missing=3430
stored 6d6c5c pot=39.5: bytes=372818224 disk=false workspace=1825358344
gpu: 432881 nodes, 13 levels, staging+arenas 1452.5 MB
stored 6c5d2h pot=39.5: bytes=626830960 disk=false workspace=1825358344
gpu: 432881 nodes, 13 levels, staging+arenas 1458.9 MB
GPU_STORAGE_MAP active=165920 missing_active=0 all_tree_missing=3430
stored 6c4d2d pot=39.5: bytes=375552832 disk=false workspace=1834479216
gpu: 432881 nodes, 13 levels, staging+arenas 1457.9 MB
stored 5d5c3h pot=39.5: bytes=628359816 disk=false workspace=1838389128
gpu: 432881 nodes, 13 levels, staging+arenas 1468.2 MB
stored 5c3h3d pot=39.5: bytes=632946384 disk=false workspace=1846208952
gpu: 432881 nodes, 13 levels, staging+arenas 1470.7 MB
stored 4c3d2h pot=39.5: bytes=634475240 disk=false workspace=1846208952
gpu: 143389 nodes, 11 levels, staging+arenas 376.6 MB
GPU_STORAGE_MAP active=52436 missing_active=0 all_tree_missing=1078
stored AdAcJc pot=93.5: bytes=85539840 disk=false workspace=1846208952
gpu: 143389 nodes, 11 levels, staging+arenas 398.1 MB
GPU_STORAGE_MAP active=52436 missing_active=0 all_tree_missing=1078
stored AdAc3c pot=93.5: bytes=90618768 disk=false workspace=1846208952
gpu: 143389 nodes, 11 levels, staging+arenas 398.4 MB
stored AcKd9h pot=93.5: bytes=152224800 disk=false workspace=1846208952
gpu: 143389 nodes, 11 levels, staging+arenas 407.7 MB
stored AcKd5h pot=93.5: bytes=155806560 disk=false workspace=1846208952
gpu: 143389 nodes, 11 levels, staging+arenas 393.9 MB
GPU_STORAGE_MAP active=52436 missing_active=0 all_tree_missing=1078
stored AcKcQc pot=93.5: bytes=42550360 disk=false workspace=1846208952
gpu: 143389 nodes, 11 levels, staging+arenas 397.8 MB
stored AcQdJh pot=93.5: bytes=151329360 disk=false workspace=1846208952
gpu: 143389 nodes, 11 levels, staging+arenas 414.2 MB
stored AcQd7h pot=93.5: bytes=158045160 disk=false workspace=1846208952
gpu: 143389 nodes, 11 levels, staging+arenas 420.1 MB
stored AcQd3h pot=93.5: bytes=160283760 disk=false workspace=1846208952
gpu: 143389 nodes, 11 levels, staging+arenas 418.8 MB
GPU_STORAGE_MAP active=52436 missing_active=0 all_tree_missing=1078
stored AcQc4d pot=93.5: bytes=95430384 disk=false workspace=1846208952
gpu: 143389 nodes, 11 levels, staging+arenas 406.1 MB
GPU_STORAGE_MAP active=52436 missing_active=0 all_tree_missing=1078
stored AcJd8c pot=93.5: bytes=92489952 disk=false workspace=1846208952
gpu: 143389 nodes, 11 levels, staging+arenas 417.0 MB
GPU_STORAGE_MAP active=52436 missing_active=0 all_tree_missing=1078
stored AcJd4c pot=93.5: bytes=95163072 disk=false workspace=1846208952
gpu: 143389 nodes, 11 levels, staging+arenas 416.5 MB
GPU_STORAGE_MAP active=52436 missing_active=0 all_tree_missing=1078
stored AcJc4d pot=93.5: bytes=95163072 disk=false workspace=1846208952
gpu: 143389 nodes, 11 levels, staging+arenas 412.7 MB
GPU_STORAGE_MAP active=52436 missing_active=0 all_tree_missing=1078
stored AcTd7d pot=93.5: bytes=94361136 disk=false workspace=1846208952
gpu: 143389 nodes, 11 levels, staging+arenas 419.9 MB
GPU_STORAGE_MAP active=52436 missing_active=0 all_tree_missing=1078
stored AcTd3c pot=93.5: bytes=95965008 disk=false workspace=1846208952
gpu: 143389 nodes, 11 levels, staging+arenas 416.0 MB
stored Ac9h9d pot=93.5: bytes=159388320 disk=false workspace=1846208952
gpu: 143389 nodes, 11 levels, staging+arenas 425.4 MB
GPU_STORAGE_MAP active=52436 missing_active=0 all_tree_missing=1078
stored Ac9d5c pot=93.5: bytes=97301568 disk=false workspace=1846208952
gpu: 143389 nodes, 11 levels, staging+arenas 424.1 MB
GPU_STORAGE_MAP active=52436 missing_active=0 all_tree_missing=1078
stored Ac9c6c pot=93.5: bytes=46106808 disk=false workspace=1846208952
gpu: 143389 nodes, 11 levels, staging+arenas 423.8 MB
stored Ac8d5h pot=93.5: bytes=162074640 disk=false workspace=1846208952
gpu: 143389 nodes, 11 levels, staging+arenas 425.9 MB
GPU_STORAGE_MAP active=52436 missing_active=0 all_tree_missing=1078
stored Ac8c7c pot=93.5: bytes=46233824 disk=false workspace=1846208952
gpu: 143389 nodes, 11 levels, staging+arenas 432.1 MB
GPU_STORAGE_MAP active=52436 missing_active=0 all_tree_missing=1078
stored Ac7d5c pot=93.5: bytes=98905440 disk=false workspace=1846208952
gpu: 143389 nodes, 11 levels, staging+arenas 434.7 MB
GPU_STORAGE_MAP active=52436 missing_active=0 all_tree_missing=1078
stored Ac7c3d pot=93.5: bytes=99440064 disk=false workspace=1846208952
gpu: 143389 nodes, 11 levels, staging+arenas 436.8 MB
GPU_STORAGE_MAP active=52436 missing_active=0 all_tree_missing=1078
stored Ac6d3c pot=93.5: bytes=99974688 disk=false workspace=1846208952
gpu: 143389 nodes, 11 levels, staging+arenas 436.0 MB
stored Ac5d3h pot=93.5: bytes=166999560 disk=false workspace=1846208952
gpu: 143389 nodes, 11 levels, staging+arenas 439.3 MB
GPU_STORAGE_MAP active=52436 missing_active=0 all_tree_missing=1078
stored Ac4d3c pot=93.5: bytes=100509312 disk=false workspace=1846208952
gpu: 143389 nodes, 11 levels, staging+arenas 441.9 MB
GPU_STORAGE_MAP active=52436 missing_active=0 all_tree_missing=1078
stored Ac2d2c pot=93.5: bytes=101043936 disk=false workspace=1846208952
gpu: 143389 nodes, 11 levels, staging+arenas 424.1 MB
stored KdKc4h pot=93.5: bytes=162522360 disk=false workspace=1846208952
gpu: 143389 nodes, 11 levels, staging+arenas 419.6 MB
stored KcQd9h pot=93.5: bytes=160283760 disk=false workspace=1846208952
gpu: 143389 nodes, 11 levels, staging+arenas 430.2 MB
stored KcQd5h pot=93.5: bytes=164313240 disk=false workspace=1846208952
gpu: 143389 nodes, 11 levels, staging+arenas 413.7 MB
GPU_STORAGE_MAP active=52436 missing_active=0 all_tree_missing=1078
stored KcQcTd pot=93.5: bytes=94361136 disk=false workspace=1846208952
gpu: 143389 nodes, 11 levels, staging+arenas 412.7 MB
GPU_STORAGE_MAP active=52436 missing_active=0 all_tree_missing=1078
stored KcJdTd pot=93.5: bytes=94361136 disk=false workspace=1846208952
gpu: 143389 nodes, 11 levels, staging+arenas 427.4 MB
GPU_STORAGE_MAP active=52436 missing_active=0 all_tree_missing=1078
stored KcJd6d pot=93.5: bytes=97836192 disk=false workspace=1846208952
gpu: 143389 nodes, 11 levels, staging+arenas 431.3 MB
GPU_STORAGE_MAP active=52436 missing_active=0 all_tree_missing=1078
stored KcJd2c pot=93.5: bytes=98638128 disk=false workspace=1846208952
gpu: 143389 nodes, 11 levels, staging+arenas 418.9 MB
stored KcTd9h pot=93.5: bytes=160731480 disk=false workspace=1846208952
gpu: 143389 nodes, 11 levels, staging+arenas 429.5 MB
GPU_STORAGE_MAP active=52436 missing_active=0 all_tree_missing=1078
stored KcTd5d pot=93.5: bytes=98370816 disk=false workspace=1846208952
gpu: 143389 nodes, 11 levels, staging+arenas 426.9 MB
GPU_STORAGE_MAP active=52436 missing_active=0 all_tree_missing=1078
stored KcTc7d pot=93.5: bytes=97836192 disk=false workspace=1846208952
gpu: 143389 nodes, 11 levels, staging+arenas 435.0 MB
GPU_STORAGE_MAP active=52436 missing_active=0 all_tree_missing=1078
stored Kc9d7d pot=93.5: bytes=99707376 disk=false workspace=1846208952
gpu: 143389 nodes, 11 levels, staging+arenas 439.6 MB
GPU_STORAGE_MAP active=52436 missing_active=0 all_tree_missing=1078
stored Kc9d3d pot=93.5: bytes=100776624 disk=false workspace=1846208952
gpu: 143389 nodes, 11 levels, staging+arenas 435.5 MB
stored Kc8d7h pot=93.5: bytes=166999560 disk=false workspace=1846208952
gpu: 143389 nodes, 11 levels, staging+arenas 441.4 MB
stored Kc8d3h pot=93.5: bytes=169238160 disk=false workspace=1846208952
gpu: 143389 nodes, 11 levels, staging+arenas 443.0 MB
stored Kc7h7d pot=93.5: bytes=170133600 disk=false workspace=1846208952
gpu: 143389 nodes, 11 levels, staging+arenas 447.7 MB
GPU_STORAGE_MAP active=52436 missing_active=0 all_tree_missing=1078
stored Kc7d3c pot=93.5: bytes=102647808 disk=false workspace=1846208952
gpu: 143389 nodes, 11 levels, staging+arenas 446.4 MB
GPU_STORAGE_MAP active=52436 missing_active=0 all_tree_missing=1078
stored Kc6d5c pot=93.5: bytes=102380496 disk=false workspace=1846208952
gpu: 143389 nodes, 11 levels, staging+arenas 449.8 MB
GPU_STORAGE_MAP active=52436 missing_active=0 all_tree_missing=1078
stored Kc6c3d pot=93.5: bytes=103182432 disk=false workspace=1846208952
gpu: 143389 nodes, 11 levels, staging+arenas 449.0 MB
GPU_STORAGE_MAP active=52436 missing_active=0 all_tree_missing=1078
stored Kc5c4d pot=93.5: bytes=102915120 disk=false workspace=1846208952
gpu: 143389 nodes, 11 levels, staging+arenas 454.9 MB
stored Kc3h3d pot=93.5: bytes=174610800 disk=false workspace=1846208952
gpu: 143389 nodes, 11 levels, staging+arenas 432.5 MB
GPU_STORAGE_MAP active=52436 missing_active=0 all_tree_missing=1078
stored QdQc8c pot=93.5: bytes=98370816 disk=false workspace=1846208952
gpu: 143389 nodes, 11 levels, staging+arenas 418.3 MB
stored QcJdTh pot=93.5: bytes=159836040 disk=false workspace=1846208952
gpu: 143389 nodes, 11 levels, staging+arenas 435.2 MB
GPU_STORAGE_MAP active=52436 missing_active=0 all_tree_missing=1078
stored QcJd6d pot=93.5: bytes=99440064 disk=false workspace=1846208952
gpu: 143389 nodes, 11 levels, staging+arenas 439.1 MB
GPU_STORAGE_MAP active=52436 missing_active=0 all_tree_missing=1078
stored QcJd2d pot=93.5: bytes=100242000 disk=false workspace=1846208952
gpu: 143389 nodes, 11 levels, staging+arenas 426.6 MB
stored QcTd9h pot=93.5: bytes=163417800 disk=false workspace=1846208952
gpu: 143389 nodes, 11 levels, staging+arenas 437.3 MB
stored QcTd5h pot=93.5: bytes=167447280 disk=false workspace=1846208952
gpu: 143389 nodes, 11 levels, staging+arenas 429.7 MB
GPU_STORAGE_MAP active=52436 missing_active=0 all_tree_missing=1078
stored QcTc8d pot=93.5: bytes=98103504 disk=false workspace=1846208952
gpu: 143389 nodes, 11 levels, staging+arenas 442.7 MB
stored Qc9d7h pot=93.5: bytes=169685880 disk=false workspace=1846208952
gpu: 143389 nodes, 11 levels, staging+arenas 448.7 MB
GPU_STORAGE_MAP active=52436 missing_active=0 all_tree_missing=1078
stored Qc9d3d pot=93.5: bytes=102647808 disk=false workspace=1846208952
gpu: 143389 nodes, 11 levels, staging+arenas 441.6 MB
GPU_STORAGE_MAP active=52436 missing_active=0 all_tree_missing=1078
stored Qc8d8c pot=93.5: bytes=100776624 disk=false workspace=1846208952
gpu: 143389 nodes, 11 levels, staging+arenas 449.2 MB
GPU_STORAGE_MAP active=52436 missing_active=0 all_tree_missing=1078
stored Qc8d4c pot=93.5: bytes=102647808 disk=false workspace=1846208952
gpu: 143389 nodes, 11 levels, staging+arenas 452.0 MB
stored Qc7h7d pot=93.5: bytes=173267640 disk=false workspace=1846208952
gpu: 143389 nodes, 11 levels, staging+arenas 456.7 MB
GPU_STORAGE_MAP active=52436 missing_active=0 all_tree_missing=1078
stored Qc7d3d pot=93.5: bytes=104518992 disk=false workspace=1846208952
gpu: 143389 nodes, 11 levels, staging+arenas 456.7 MB
GPU_STORAGE_MAP active=52436 missing_active=0 all_tree_missing=1078
stored Qc6d5d pot=93.5: bytes=104518992 disk=false workspace=1846208952
gpu: 143389 nodes, 11 levels, staging+arenas 458.8 MB
GPU_STORAGE_MAP active=52436 missing_active=0 all_tree_missing=1078
stored Qc6c3d pot=93.5: bytes=105053616 disk=false workspace=1846208952
gpu: 143389 nodes, 11 levels, staging+arenas 459.3 MB
GPU_STORAGE_MAP active=52436 missing_active=0 all_tree_missing=1078
stored Qc5d2c pot=93.5: bytes=105053616 disk=false workspace=1846208952
gpu: 143389 nodes, 11 levels, staging+arenas 461.4 MB
GPU_STORAGE_MAP active=52436 missing_active=0 all_tree_missing=1078
stored Qc4c2d pot=93.5: bytes=105588240 disk=false workspace=1846208952
gpu: 143389 nodes, 11 levels, staging+arenas 432.9 MB
stored JdJc7h pot=93.5: bytes=166104120 disk=false workspace=1846208952
gpu: 143389 nodes, 11 levels, staging+arenas 426.9 MB
GPU_STORAGE_MAP active=52436 missing_active=0 all_tree_missing=1078
stored JcTd9d pot=93.5: bytes=97836192 disk=false workspace=1846208952
gpu: 143389 nodes, 11 levels, staging+arenas 436.3 MB
GPU_STORAGE_MAP active=52436 missing_active=0 all_tree_missing=1078
stored JcTd5c pot=93.5: bytes=99974688 disk=false workspace=1846208952
gpu: 143389 nodes, 11 levels, staging+arenas 434.5 MB
GPU_STORAGE_MAP active=52436 missing_active=0 all_tree_missing=1078
stored JcTc7c pot=93.5: bytes=47376968 disk=false workspace=1846208952
gpu: 143389 nodes, 11 levels, staging+arenas 440.4 MB
GPU_STORAGE_MAP active=52436 missing_active=0 all_tree_missing=1078
stored Jc9d7c pot=93.5: bytes=101043936 disk=false workspace=1846208952
gpu: 143389 nodes, 11 levels, staging+arenas 446.4 MB
GPU_STORAGE_MAP active=52436 missing_active=0 all_tree_missing=1078
stored Jc9d3c pot=93.5: bytes=102380496 disk=false workspace=1846208952
gpu: 143389 nodes, 11 levels, staging+arenas 442.2 MB
stored Jc8d7h pot=93.5: bytes=169685880 disk=false workspace=1846208952
gpu: 143389 nodes, 11 levels, staging+arenas 448.2 MB
stored Jc8d3h pot=93.5: bytes=171924480 disk=false workspace=1846208952
gpu: 143389 nodes, 11 levels, staging+arenas 449.8 MB
GPU_STORAGE_MAP active=52436 missing_active=0 all_tree_missing=1078
stored Jc7d7c pot=93.5: bytes=103182432 disk=false workspace=1846208952
gpu: 143389 nodes, 11 levels, staging+arenas 454.4 MB
stored Jc7d2h pot=93.5: bytes=174610800 disk=false workspace=1846208952
gpu: 143389 nodes, 11 levels, staging+arenas 455.2 MB
stored Jc6d4h pot=93.5: bytes=175058520 disk=false workspace=1846208952
gpu: 143389 nodes, 11 levels, staging+arenas 456.5 MB
GPU_STORAGE_MAP active=52436 missing_active=0 all_tree_missing=1078
stored Jc6c2d pot=93.5: bytes=104786304 disk=false workspace=1846208952
gpu: 143389 nodes, 11 levels, staging+arenas 457.0 MB
GPU_STORAGE_MAP active=52436 missing_active=0 all_tree_missing=1078
stored Jc5c3d pot=93.5: bytes=104786304 disk=false workspace=1846208952
gpu: 143389 nodes, 11 levels, staging+arenas 461.7 MB
GPU_STORAGE_MAP active=52436 missing_active=0 all_tree_missing=1078
stored Jc3d3c pot=93.5: bytes=105855552 disk=false workspace=1846208952
gpu: 143389 nodes, 11 levels, staging+arenas 438.6 MB
stored TdTc5h pot=93.5: bytes=168790440 disk=false workspace=1846208952
gpu: 143389 nodes, 11 levels, staging+arenas 443.3 MB
GPU_STORAGE_MAP active=52436 missing_active=0 all_tree_missing=1078
stored Tc9d7d pot=93.5: bytes=101845872 disk=false workspace=1846208952
gpu: 143389 nodes, 11 levels, staging+arenas 448.0 MB
GPU_STORAGE_MAP active=52436 missing_active=0 all_tree_missing=1078
stored Tc9d3c pot=93.5: bytes=102915120 disk=false workspace=1846208952
gpu: 143389 nodes, 11 levels, staging+arenas 443.8 MB
stored Tc8d7h pot=93.5: bytes=170581320 disk=false workspace=1846208952
gpu: 143389 nodes, 11 levels, staging+arenas 449.8 MB
stored Tc8d3h pot=93.5: bytes=172819920 disk=false workspace=1846208952
gpu: 143389 nodes, 11 levels, staging+arenas 451.3 MB
GPU_STORAGE_MAP active=52436 missing_active=0 all_tree_missing=1078
stored Tc7d7c pot=93.5: bytes=103717056 disk=false workspace=1846208952
gpu: 143389 nodes, 11 levels, staging+arenas 456.0 MB
GPU_STORAGE_MAP active=52436 missing_active=0 all_tree_missing=1078
stored Tc7d3c pot=93.5: bytes=104786304 disk=false workspace=1846208952
gpu: 143389 nodes, 11 levels, staging+arenas 454.7 MB
GPU_STORAGE_MAP active=52436 missing_active=0 all_tree_missing=1078
stored Tc6d5c pot=93.5: bytes=104518992 disk=false workspace=1846208952
gpu: 143389 nodes, 11 levels, staging+arenas 458.1 MB
GPU_STORAGE_MAP active=52436 missing_active=0 all_tree_missing=1078
stored Tc6c3c pot=93.5: bytes=50044304 disk=false workspace=1846208952
gpu: 143389 nodes, 11 levels, staging+arenas 457.3 MB
GPU_STORAGE_MAP active=52436 missing_active=0 all_tree_missing=1078
stored Tc5c4d pot=93.5: bytes=105053616 disk=false workspace=1846208952
gpu: 143389 nodes, 11 levels, staging+arenas 463.2 MB
stored Tc3h3d pot=93.5: bytes=178192560 disk=false workspace=1846208952
gpu: 143389 nodes, 11 levels, staging+arenas 454.7 MB
GPU_STORAGE_MAP active=52436 missing_active=0 all_tree_missing=1078
stored 9d9c5c pot=93.5: bytes=104518992 disk=false workspace=1846208952
gpu: 143389 nodes, 11 levels, staging+arenas 453.9 MB
GPU_STORAGE_MAP active=52436 missing_active=0 all_tree_missing=1078
stored 9c8d6c pot=93.5: bytes=104251680 disk=false workspace=1846208952
gpu: 143389 nodes, 11 levels, staging+arenas 453.1 MB
GPU_STORAGE_MAP active=52436 missing_active=0 all_tree_missing=1078
stored 9c8c7d pot=93.5: bytes=103984368 disk=false workspace=1846208952
gpu: 143389 nodes, 11 levels, staging+arenas 460.7 MB
GPU_STORAGE_MAP active=52436 missing_active=0 all_tree_missing=1078
stored 9c7d5d pot=93.5: bytes=105855552 disk=false workspace=1846208952
gpu: 143389 nodes, 11 levels, staging+arenas 464.0 MB
GPU_STORAGE_MAP active=52436 missing_active=0 all_tree_missing=1078
stored 9c7c4d pot=93.5: bytes=106657488 disk=false workspace=1846208952
gpu: 143389 nodes, 11 levels, staging+arenas 466.1 MB
GPU_STORAGE_MAP active=52436 missing_active=0 all_tree_missing=1078
stored 9c6d3c pot=93.5: bytes=107192112 disk=false workspace=1846208952
gpu: 143389 nodes, 11 levels, staging+arenas 466.6 MB
stored 9c5d3h pot=93.5: bytes=179535720 disk=false workspace=1846208952
gpu: 143389 nodes, 11 levels, staging+arenas 468.7 MB
GPU_STORAGE_MAP active=52436 missing_active=0 all_tree_missing=1078
stored 9c4d3d pot=93.5: bytes=107726736 disk=false workspace=1846208952
gpu: 143389 nodes, 11 levels, staging+arenas 471.3 MB
GPU_STORAGE_MAP active=52436 missing_active=0 all_tree_missing=1078
stored 9c2d2c pot=93.5: bytes=108261360 disk=false workspace=1846208952
gpu: 143389 nodes, 11 levels, staging+arenas 462.0 MB
stored 8c7d6h pot=93.5: bytes=177744840 disk=false workspace=1846208952
gpu: 143389 nodes, 11 levels, staging+arenas 465.8 MB
stored 8c7d2h pot=93.5: bytes=179088000 disk=false workspace=1846208952
gpu: 143389 nodes, 11 levels, staging+arenas 466.6 MB
stored 8c6d4h pot=93.5: bytes=179535720 disk=false workspace=1846208952
gpu: 143389 nodes, 11 levels, staging+arenas 466.3 MB
stored 8c5h5d pot=93.5: bytes=179088000 disk=false workspace=1846208952
gpu: 143389 nodes, 11 levels, staging+arenas 468.4 MB
GPU_STORAGE_MAP active=52436 missing_active=0 all_tree_missing=1078
stored 8c5c2d pot=93.5: bytes=107459424 disk=false workspace=1846208952
gpu: 143389 nodes, 11 levels, staging+arenas 471.8 MB
stored 8c3d2h pot=93.5: bytes=181326600 disk=false workspace=1846208952
gpu: 143389 nodes, 11 levels, staging+arenas 473.4 MB
GPU_STORAGE_MAP active=52436 missing_active=0 all_tree_missing=1078
stored 7d7c2c pot=93.5: bytes=108795984 disk=false workspace=1846208952
gpu: 143389 nodes, 11 levels, staging+arenas 474.1 MB
stored 7c6d2h pot=93.5: bytes=182669760 disk=false workspace=1846208952
gpu: 143389 nodes, 11 levels, staging+arenas 474.6 MB
GPU_STORAGE_MAP active=52436 missing_active=0 all_tree_missing=1078
stored 7c5d3c pot=93.5: bytes=109063296 disk=false workspace=1846208952
gpu: 143389 nodes, 11 levels, staging+arenas 476.7 MB
stored 7c4d2h pot=93.5: bytes=183565200 disk=false workspace=1846208952
gpu: 143389 nodes, 11 levels, staging+arenas 475.4 MB
GPU_STORAGE_MAP active=52436 missing_active=0 all_tree_missing=1078
stored 6d6c5c pot=93.5: bytes=109330608 disk=false workspace=1846208952
gpu: 143389 nodes, 11 levels, staging+arenas 476.7 MB
stored 6c5d2h pot=93.5: bytes=183565200 disk=false workspace=1846208952
gpu: 143389 nodes, 11 levels, staging+arenas 478.8 MB
GPU_STORAGE_MAP active=52436 missing_active=0 all_tree_missing=1078
stored 6c4d2d pot=93.5: bytes=110132544 disk=false workspace=1846208952
gpu: 143389 nodes, 11 levels, staging+arenas 478.5 MB
stored 5d5c3h pot=93.5: bytes=184012920 disk=false workspace=1846208952
gpu: 143389 nodes, 11 levels, staging+arenas 481.9 MB
stored 5c3h3d pot=93.5: bytes=185356080 disk=false workspace=1846208952
gpu: 143389 nodes, 11 levels, staging+arenas 482.7 MB
stored 4c3d2h pot=93.5: bytes=185803800 disk=false workspace=1846208952
STUDY_CHECKPOINT {"iteration":1500,"payload_bytes":61718644664,"restored":"S:\\GTOpen-research\\strategic-segments-v1\\strategic-weighted112-1500-v1\\final"}
STUDY_PHASE {"elapsed_seconds":179.9613214,"phase":"construction_complete"}
planned_strategy_writes=0
STUDY_PHASE {"elapsed_seconds":179.9618129,"iteration":1500,"iteration_seconds":1e-7,"phase":"iteration_complete","training_seconds":1e-7}
STUDY_PHASE {"elapsed_seconds":179.961823,"iteration":1500,"phase":"evaluation_start"}
STUDY_PHASE {"elapsed_seconds":446.4667523,"evaluation_seconds":266.5049226,"iteration":1500,"phase":"evaluation_complete"}
1500 gap=0.008408132612876429 elapsed=446.5
STUDY_PHASE {"elapsed_seconds":472.6584969,"iteration":1501,"iteration_seconds":26.1889436,"phase":"iteration_complete","training_seconds":26.188943700000003}
STUDY_PHASE {"elapsed_seconds":498.6537725,"iteration":1502,"iteration_seconds":25.9952447,"phase":"iteration_complete","training_seconds":52.184188400000004}
STUDY_PHASE {"elapsed_seconds":523.3404132,"iteration":1503,"iteration_seconds":24.6866106,"phase":"iteration_complete","training_seconds":76.870799}
STUDY_PHASE {"elapsed_seconds":549.8600138,"iteration":1504,"iteration_seconds":26.5195742,"phase":"iteration_complete","training_seconds":103.3903732}
STUDY_PHASE {"elapsed_seconds":575.6216,"iteration":1505,"iteration_seconds":25.7615506,"phase":"iteration_complete","training_seconds":129.1519238}
STUDY_PHASE {"elapsed_seconds":602.1153416,"iteration":1506,"iteration_seconds":26.4936884,"phase":"iteration_complete","training_seconds":155.6456122}
STUDY_PHASE {"elapsed_seconds":628.5950869,"iteration":1507,"iteration_seconds":26.4797024,"phase":"iteration_complete","training_seconds":182.1253146}
STUDY_PHASE {"elapsed_seconds":654.7322804,"iteration":1508,"iteration_seconds":26.1371547,"phase":"iteration_complete","training_seconds":208.2624693}
STUDY_PHASE {"elapsed_seconds":680.4406813,"iteration":1509,"iteration_seconds":25.708364,"phase":"iteration_complete","training_seconds":233.97083329999998}
STUDY_PHASE {"elapsed_seconds":705.4695767,"iteration":1510,"iteration_seconds":25.0288541,"phase":"iteration_complete","training_seconds":258.99968739999997}
STUDY_PHASE {"elapsed_seconds":731.6576592,"iteration":1511,"iteration_seconds":26.1880448,"phase":"iteration_complete","training_seconds":285.18773219999997}
STUDY_PHASE {"elapsed_seconds":757.4046493,"iteration":1512,"iteration_seconds":25.7469488,"phase":"iteration_complete","training_seconds":310.93468099999996}
STUDY_PHASE {"elapsed_seconds":781.9643162,"iteration":1513,"iteration_seconds":24.5596285,"phase":"iteration_complete","training_seconds":335.49430949999993}
STUDY_PHASE {"elapsed_seconds":808.505858,"iteration":1514,"iteration_seconds":26.5415077,"phase":"iteration_complete","training_seconds":362.03581719999994}
STUDY_PHASE {"elapsed_seconds":834.1711651,"iteration":1515,"iteration_seconds":25.6652512,"phase":"iteration_complete","training_seconds":387.70106839999994}
STUDY_PHASE {"elapsed_seconds":859.3567082,"iteration":1516,"iteration_seconds":25.185503,"phase":"iteration_complete","training_seconds":412.8865713999999}
STUDY_PHASE {"elapsed_seconds":885.4145393,"iteration":1517,"iteration_seconds":26.0577806,"phase":"iteration_complete","training_seconds":438.9443519999999}
STUDY_PHASE {"elapsed_seconds":911.4290972,"iteration":1518,"iteration_seconds":26.0145178,"phase":"iteration_complete","training_seconds":464.95886979999995}
STUDY_PHASE {"elapsed_seconds":936.8070082,"iteration":1519,"iteration_seconds":25.3778746,"phase":"iteration_complete","training_seconds":490.33674439999993}
STUDY_PHASE {"elapsed_seconds":963.050381,"iteration":1520,"iteration_seconds":26.2433347,"phase":"iteration_complete","training_seconds":516.5800790999999}
STUDY_PHASE {"elapsed_seconds":988.8538383,"iteration":1521,"iteration_seconds":25.8034196,"phase":"iteration_complete","training_seconds":542.3834986999999}
STUDY_PHASE {"elapsed_seconds":1013.940549,"iteration":1522,"iteration_seconds":25.0866718,"phase":"iteration_complete","training_seconds":567.4701704999999}
STUDY_PHASE {"elapsed_seconds":1039.9344603,"iteration":1523,"iteration_seconds":25.9938714,"phase":"iteration_complete","training_seconds":593.4640418999999}
STUDY_PHASE {"elapsed_seconds":1065.4457326,"iteration":1524,"iteration_seconds":25.5112276,"phase":"iteration_complete","training_seconds":618.9752694999999}
STUDY_PHASE {"elapsed_seconds":1090.0139694,"iteration":1525,"iteration_seconds":24.5682043,"phase":"iteration_complete","training_seconds":643.5434737999999}
STUDY_PHASE {"elapsed_seconds":1116.8552555,"iteration":1526,"iteration_seconds":26.8412506,"phase":"iteration_complete","training_seconds":670.3847243999999}
STUDY_PHASE {"elapsed_seconds":1142.4729413,"iteration":1527,"iteration_seconds":25.6176515,"phase":"iteration_complete","training_seconds":696.0023758999998}
STUDY_PHASE {"elapsed_seconds":1167.6019739,"iteration":1528,"iteration_seconds":25.1290026,"phase":"iteration_complete","training_seconds":721.1313784999999}
STUDY_PHASE {"elapsed_seconds":1194.7079074,"iteration":1529,"iteration_seconds":27.1058944,"phase":"iteration_complete","training_seconds":748.2372728999999}
STUDY_PHASE {"elapsed_seconds":1219.9630732,"iteration":1530,"iteration_seconds":25.2551167,"phase":"iteration_complete","training_seconds":773.4923895999999}
STUDY_PHASE {"elapsed_seconds":1245.7132186,"iteration":1531,"iteration_seconds":25.7501094,"phase":"iteration_complete","training_seconds":799.242499}
STUDY_PHASE {"elapsed_seconds":1272.4738239,"iteration":1532,"iteration_seconds":26.7605732,"phase":"iteration_complete","training_seconds":826.0030721999999}
STUDY_PHASE {"elapsed_seconds":1298.1403478,"iteration":1533,"iteration_seconds":25.6664799,"phase":"iteration_complete","training_seconds":851.6695520999999}
STUDY_PHASE {"elapsed_seconds":1324.3793386,"iteration":1534,"iteration_seconds":26.2389525,"phase":"iteration_complete","training_seconds":877.9085045999999}
STUDY_PHASE {"elapsed_seconds":1351.1326334,"iteration":1535,"iteration_seconds":26.7532512,"phase":"iteration_complete","training_seconds":904.6617557999999}
STUDY_PHASE {"elapsed_seconds":1376.3436417,"iteration":1536,"iteration_seconds":25.210928,"phase":"iteration_complete","training_seconds":929.8726837999999}
STUDY_PHASE {"elapsed_seconds":1402.9579107,"iteration":1537,"iteration_seconds":26.614239,"phase":"iteration_complete","training_seconds":956.4869227999999}
STUDY_PHASE {"elapsed_seconds":1429.3770058,"iteration":1538,"iteration_seconds":26.4190523,"phase":"iteration_complete","training_seconds":982.9059750999999}
STUDY_PHASE {"elapsed_seconds":1455.172222,"iteration":1539,"iteration_seconds":25.7951758,"phase":"iteration_complete","training_seconds":1008.7011508999999}
STUDY_PHASE {"elapsed_seconds":1481.860518,"iteration":1540,"iteration_seconds":26.688263,"phase":"iteration_complete","training_seconds":1035.3894139}
STUDY_PHASE {"elapsed_seconds":1507.226249,"iteration":1541,"iteration_seconds":25.3656916,"phase":"iteration_complete","training_seconds":1060.7551055}
STUDY_PHASE {"elapsed_seconds":1533.0607221,"iteration":1542,"iteration_seconds":25.8344292,"phase":"iteration_complete","training_seconds":1086.5895346999998}
STUDY_PHASE {"elapsed_seconds":1559.2223791,"iteration":1543,"iteration_seconds":26.161615,"phase":"iteration_complete","training_seconds":1112.7511496999998}
STUDY_PHASE {"elapsed_seconds":1584.2175638,"iteration":1544,"iteration_seconds":24.9951479,"phase":"iteration_complete","training_seconds":1137.7462975999997}
STUDY_PHASE {"elapsed_seconds":1610.108591,"iteration":1545,"iteration_seconds":25.890992,"phase":"iteration_complete","training_seconds":1163.6372895999998}
STUDY_PHASE {"elapsed_seconds":1635.502659,"iteration":1546,"iteration_seconds":25.3940179,"phase":"iteration_complete","training_seconds":1189.0313075}
STUDY_PHASE {"elapsed_seconds":1660.2391615,"iteration":1547,"iteration_seconds":24.7364637,"phase":"iteration_complete","training_seconds":1213.7677712}
STUDY_PHASE {"elapsed_seconds":1686.8946942,"iteration":1548,"iteration_seconds":26.6554938,"phase":"iteration_complete","training_seconds":1240.423265}
STUDY_PHASE {"elapsed_seconds":1711.8717364,"iteration":1549,"iteration_seconds":24.9770031,"phase":"iteration_complete","training_seconds":1265.4002681}
STUDY_PHASE {"elapsed_seconds":1738.8976135,"iteration":1550,"iteration_seconds":27.0258383,"phase":"iteration_complete","training_seconds":1292.4261064}
STUDY_PHASE {"elapsed_seconds":1764.4656658,"iteration":1551,"iteration_seconds":25.5680093,"phase":"iteration_complete","training_seconds":1317.9941157}
STUDY_PHASE {"elapsed_seconds":1789.0583522,"iteration":1552,"iteration_seconds":24.5926524,"phase":"iteration_complete","training_seconds":1342.5867681}
STUDY_PHASE {"elapsed_seconds":1815.8698251,"iteration":1553,"iteration_seconds":26.8114425,"phase":"iteration_complete","training_seconds":1369.3982105999999}
STUDY_PHASE {"elapsed_seconds":1841.8428353,"iteration":1554,"iteration_seconds":25.9729672,"phase":"iteration_complete","training_seconds":1395.3711778}
STUDY_PHASE {"elapsed_seconds":1867.8955591,"iteration":1555,"iteration_seconds":26.052684,"phase":"iteration_complete","training_seconds":1421.4238618}
STUDY_PHASE {"elapsed_seconds":1894.5343727,"iteration":1556,"iteration_seconds":26.6387711,"phase":"iteration_complete","training_seconds":1448.0626329}
STUDY_PHASE {"elapsed_seconds":1920.4322676,"iteration":1557,"iteration_seconds":25.8978513,"phase":"iteration_complete","training_seconds":1473.9604841999999}
STUDY_PHASE {"elapsed_seconds":1946.9709985,"iteration":1558,"iteration_seconds":26.5386899,"phase":"iteration_complete","training_seconds":1500.4991741}
STUDY_PHASE {"elapsed_seconds":1972.1702026,"iteration":1559,"iteration_seconds":25.1991577,"phase":"iteration_complete","training_seconds":1525.6983317999998}
STUDY_PHASE {"elapsed_seconds":1998.6560913,"iteration":1560,"iteration_seconds":26.4858478,"phase":"iteration_complete","training_seconds":1552.1841795999999}
STUDY_PHASE {"elapsed_seconds":2024.8281257,"iteration":1561,"iteration_seconds":26.1720035,"phase":"iteration_complete","training_seconds":1578.3561831}
STUDY_PHASE {"elapsed_seconds":2050.2289292,"iteration":1562,"iteration_seconds":25.4007643,"phase":"iteration_complete","training_seconds":1603.7569474}
STUDY_PHASE {"elapsed_seconds":2076.8834126,"iteration":1563,"iteration_seconds":26.6544457,"phase":"iteration_complete","training_seconds":1630.4113931}
STUDY_PHASE {"elapsed_seconds":2102.0001942,"iteration":1564,"iteration_seconds":25.1167437,"phase":"iteration_complete","training_seconds":1655.5281367999999}
STUDY_PHASE {"elapsed_seconds":2127.6619645,"iteration":1565,"iteration_seconds":25.6617327,"phase":"iteration_complete","training_seconds":1681.1898694999998}
STUDY_PHASE {"elapsed_seconds":2154.4901639,"iteration":1566,"iteration_seconds":26.8281683,"phase":"iteration_complete","training_seconds":1708.0180377999998}
STUDY_PHASE {"elapsed_seconds":2179.6528134,"iteration":1567,"iteration_seconds":25.1626108,"phase":"iteration_complete","training_seconds":1733.1806485999998}
STUDY_PHASE {"elapsed_seconds":2205.2931832,"iteration":1568,"iteration_seconds":25.6403281,"phase":"iteration_complete","training_seconds":1758.8209766999998}
STUDY_PHASE {"elapsed_seconds":2231.3055429,"iteration":1569,"iteration_seconds":26.0123201,"phase":"iteration_complete","training_seconds":1784.8332967999997}
STUDY_PHASE {"elapsed_seconds":2257.6013824,"iteration":1570,"iteration_seconds":26.2957985,"phase":"iteration_complete","training_seconds":1811.1290952999998}
STUDY_PHASE {"elapsed_seconds":2285.2640368,"iteration":1571,"iteration_seconds":27.6626147,"phase":"iteration_complete","training_seconds":1838.7917099999997}
STUDY_PHASE {"elapsed_seconds":2310.5159361,"iteration":1572,"iteration_seconds":25.2518588,"phase":"iteration_complete","training_seconds":1864.0435687999998}
STUDY_PHASE {"elapsed_seconds":2336.5141192,"iteration":1573,"iteration_seconds":25.9981468,"phase":"iteration_complete","training_seconds":1890.0417155999999}
STUDY_PHASE {"elapsed_seconds":2363.7060752,"iteration":1574,"iteration_seconds":27.1919128,"phase":"iteration_complete","training_seconds":1917.2336283999998}
STUDY_PHASE {"elapsed_seconds":2388.5503073,"iteration":1575,"iteration_seconds":24.8441941,"phase":"iteration_complete","training_seconds":1942.0778225}
STUDY_PHASE {"elapsed_seconds":2415.8926434,"iteration":1576,"iteration_seconds":27.3423021,"phase":"iteration_complete","training_seconds":1969.4201246}
STUDY_PHASE {"elapsed_seconds":2441.4734755,"iteration":1577,"iteration_seconds":25.5807925,"phase":"iteration_complete","training_seconds":1995.0009171}
STUDY_PHASE {"elapsed_seconds":2466.9250208,"iteration":1578,"iteration_seconds":25.451505,"phase":"iteration_complete","training_seconds":2020.4524221}
STUDY_PHASE {"elapsed_seconds":2493.5837217,"iteration":1579,"iteration_seconds":26.6586597,"phase":"iteration_complete","training_seconds":2047.1110818}
STUDY_PHASE {"elapsed_seconds":2520.1025142,"iteration":1580,"iteration_seconds":26.5187563,"phase":"iteration_complete","training_seconds":2073.6298381}
STUDY_PHASE {"elapsed_seconds":2546.692112,"iteration":1581,"iteration_seconds":26.5895615,"phase":"iteration_complete","training_seconds":2100.2193996}
STUDY_PHASE {"elapsed_seconds":2572.2467758,"iteration":1582,"iteration_seconds":25.5546233,"phase":"iteration_complete","training_seconds":2125.7740229}
STUDY_PHASE {"elapsed_seconds":2597.5432955,"iteration":1583,"iteration_seconds":25.2964873,"phase":"iteration_complete","training_seconds":2151.0705102}
STUDY_PHASE {"elapsed_seconds":2623.5722493,"iteration":1584,"iteration_seconds":26.0289094,"phase":"iteration_complete","training_seconds":2177.0994196}
STUDY_PHASE {"elapsed_seconds":2648.5103023,"iteration":1585,"iteration_seconds":24.9380144,"phase":"iteration_complete","training_seconds":2202.0374340000003}
STUDY_PHASE {"elapsed_seconds":2675.3377508,"iteration":1586,"iteration_seconds":26.8274085,"phase":"iteration_complete","training_seconds":2228.8648425}
STUDY_PHASE {"elapsed_seconds":2700.5178226,"iteration":1587,"iteration_seconds":25.1800363,"phase":"iteration_complete","training_seconds":2254.0448788000003}
STUDY_PHASE {"elapsed_seconds":2726.1529724,"iteration":1588,"iteration_seconds":25.6351092,"phase":"iteration_complete","training_seconds":2279.6799880000003}
STUDY_PHASE {"elapsed_seconds":2753.3666809,"iteration":1589,"iteration_seconds":27.2136706,"phase":"iteration_complete","training_seconds":2306.8936586000004}
STUDY_PHASE {"elapsed_seconds":2778.4325038,"iteration":1590,"iteration_seconds":25.065773,"phase":"iteration_complete","training_seconds":2331.9594316000002}
STUDY_PHASE {"elapsed_seconds":2804.0600903,"iteration":1591,"iteration_seconds":25.6275543,"phase":"iteration_complete","training_seconds":2357.5869859000004}
STUDY_PHASE {"elapsed_seconds":2830.1647868,"iteration":1592,"iteration_seconds":26.1046563,"phase":"iteration_complete","training_seconds":2383.6916422000004}
STUDY_PHASE {"elapsed_seconds":2856.358901,"iteration":1593,"iteration_seconds":26.1940731,"phase":"iteration_complete","training_seconds":2409.8857153000004}
STUDY_PHASE {"elapsed_seconds":2884.0447562,"iteration":1594,"iteration_seconds":27.685811,"phase":"iteration_complete","training_seconds":2437.5715263}
STUDY_PHASE {"elapsed_seconds":2909.8407254,"iteration":1595,"iteration_seconds":25.79593,"phase":"iteration_complete","training_seconds":2463.3674563000004}
STUDY_PHASE {"elapsed_seconds":2935.8912004,"iteration":1596,"iteration_seconds":26.0504415,"phase":"iteration_complete","training_seconds":2489.4178978000004}
STUDY_PHASE {"elapsed_seconds":2961.8123714,"iteration":1597,"iteration_seconds":25.9211379,"phase":"iteration_complete","training_seconds":2515.3390357000003}
STUDY_PHASE {"elapsed_seconds":2987.3653061,"iteration":1598,"iteration_seconds":25.5528941,"phase":"iteration_complete","training_seconds":2540.8919298}
STUDY_PHASE {"elapsed_seconds":3014.4285761,"iteration":1599,"iteration_seconds":27.0632289,"phase":"iteration_complete","training_seconds":2567.9551587}
STUDY_PHASE {"elapsed_seconds":3039.9560103,"iteration":1600,"iteration_seconds":25.5273971,"phase":"iteration_complete","training_seconds":2593.4825558000002}
STUDY_PHASE {"elapsed_seconds":3064.8761652,"iteration":1601,"iteration_seconds":24.9201157,"phase":"iteration_complete","training_seconds":2618.4026715000005}
STUDY_PHASE {"elapsed_seconds":3091.384361,"iteration":1602,"iteration_seconds":26.5081553,"phase":"iteration_complete","training_seconds":2644.9108268000005}
STUDY_PHASE {"elapsed_seconds":3116.7609133,"iteration":1603,"iteration_seconds":25.3765066,"phase":"iteration_complete","training_seconds":2670.2873334000005}
STUDY_PHASE {"elapsed_seconds":3142.2397189,"iteration":1604,"iteration_seconds":25.4787745,"phase":"iteration_complete","training_seconds":2695.7661079000004}
STUDY_PHASE {"elapsed_seconds":3168.9664386,"iteration":1605,"iteration_seconds":26.7266434,"phase":"iteration_complete","training_seconds":2722.4927513000002}
STUDY_PHASE {"elapsed_seconds":3193.9197677,"iteration":1606,"iteration_seconds":24.9532823,"phase":"iteration_complete","training_seconds":2747.4460336}
STUDY_PHASE {"elapsed_seconds":3220.6234406,"iteration":1607,"iteration_seconds":26.7036323,"phase":"iteration_complete","training_seconds":2774.1496659000004}
STUDY_PHASE {"elapsed_seconds":3245.2322844,"iteration":1608,"iteration_seconds":24.6088076,"phase":"iteration_complete","training_seconds":2798.7584735000005}
STUDY_PHASE {"elapsed_seconds":3270.8840826,"iteration":1609,"iteration_seconds":25.6517615,"phase":"iteration_complete","training_seconds":2824.4102350000003}
STUDY_PHASE {"elapsed_seconds":3297.9871559,"iteration":1610,"iteration_seconds":27.1030381,"phase":"iteration_complete","training_seconds":2851.5132731000003}
STUDY_PHASE {"elapsed_seconds":3322.7305914,"iteration":1611,"iteration_seconds":24.7433947,"phase":"iteration_complete","training_seconds":2876.2566678000003}
STUDY_PHASE {"elapsed_seconds":3349.1967191,"iteration":1612,"iteration_seconds":26.4660869,"phase":"iteration_complete","training_seconds":2902.7227547}
STUDY_PHASE {"elapsed_seconds":3375.4522194,"iteration":1613,"iteration_seconds":26.2554631,"phase":"iteration_complete","training_seconds":2928.9782178}
STUDY_PHASE {"elapsed_seconds":3400.6458943,"iteration":1614,"iteration_seconds":25.1936383,"phase":"iteration_complete","training_seconds":2954.1718561000002}
STUDY_PHASE {"elapsed_seconds":3427.9987011,"iteration":1615,"iteration_seconds":27.352762,"phase":"iteration_complete","training_seconds":2981.5246181}
STUDY_PHASE {"elapsed_seconds":3454.0044956,"iteration":1616,"iteration_seconds":26.0057536,"phase":"iteration_complete","training_seconds":3007.5303717}
STUDY_PHASE {"elapsed_seconds":3480.6609706,"iteration":1617,"iteration_seconds":26.6564345,"phase":"iteration_complete","training_seconds":3034.1868062000003}
STUDY_PHASE {"elapsed_seconds":3507.0487391,"iteration":1618,"iteration_seconds":26.3877203,"phase":"iteration_complete","training_seconds":3060.5745265000005}
STUDY_PHASE {"elapsed_seconds":3532.415558,"iteration":1619,"iteration_seconds":25.3667796,"phase":"iteration_complete","training_seconds":3085.9413061000005}
STUDY_PHASE {"elapsed_seconds":3558.526761,"iteration":1620,"iteration_seconds":26.1111582,"phase":"iteration_complete","training_seconds":3112.0524643000003}
STUDY_PHASE {"elapsed_seconds":3585.0903083,"iteration":1621,"iteration_seconds":26.563502,"phase":"iteration_complete","training_seconds":3138.6159663000003}
STUDY_PHASE {"elapsed_seconds":3610.5464924,"iteration":1622,"iteration_seconds":25.4561473,"phase":"iteration_complete","training_seconds":3164.0721136}
STUDY_PHASE {"elapsed_seconds":3637.5350165,"iteration":1623,"iteration_seconds":26.9884747,"phase":"iteration_complete","training_seconds":3191.0605883000003}
STUDY_PHASE {"elapsed_seconds":3663.5819611,"iteration":1624,"iteration_seconds":26.0469011,"phase":"iteration_complete","training_seconds":3217.1074894000003}
STUDY_PHASE {"elapsed_seconds":3689.5843984,"iteration":1625,"iteration_seconds":26.0023978,"phase":"iteration_complete","training_seconds":3243.1098872000002}
STUDY_PHASE {"elapsed_seconds":3716.0640102,"iteration":1626,"iteration_seconds":26.4795735,"phase":"iteration_complete","training_seconds":3269.5894607}
STUDY_PHASE {"elapsed_seconds":3740.8978406,"iteration":1627,"iteration_seconds":24.8337904,"phase":"iteration_complete","training_seconds":3294.4232511}
STUDY_PHASE {"elapsed_seconds":3766.9997521,"iteration":1628,"iteration_seconds":26.1018752,"phase":"iteration_complete","training_seconds":3320.5251263}
STUDY_PHASE {"elapsed_seconds":3792.9055623,"iteration":1629,"iteration_seconds":25.9057778,"phase":"iteration_complete","training_seconds":3346.4309041}
STUDY_PHASE {"elapsed_seconds":3818.0081264,"iteration":1630,"iteration_seconds":25.1025255,"phase":"iteration_complete","training_seconds":3371.5334296}
STUDY_PHASE {"elapsed_seconds":3845.3674825,"iteration":1631,"iteration_seconds":27.359327,"phase":"iteration_complete","training_seconds":3398.8927566}
STUDY_PHASE {"elapsed_seconds":3870.4153571,"iteration":1632,"iteration_seconds":25.0478446,"phase":"iteration_complete","training_seconds":3423.9406012000004}
STUDY_PHASE {"elapsed_seconds":3896.5800417,"iteration":1633,"iteration_seconds":26.1646503,"phase":"iteration_complete","training_seconds":3450.1052515000006}
STUDY_PHASE {"elapsed_seconds":3923.5339239,"iteration":1634,"iteration_seconds":26.9538348,"phase":"iteration_complete","training_seconds":3477.0590863000007}
STUDY_PHASE {"elapsed_seconds":3949.9560702,"iteration":1635,"iteration_seconds":26.4221165,"phase":"iteration_complete","training_seconds":3503.4812028000006}
STUDY_PHASE {"elapsed_seconds":3976.9189953,"iteration":1636,"iteration_seconds":26.9628856,"phase":"iteration_complete","training_seconds":3530.4440884000005}
STUDY_PHASE {"elapsed_seconds":4002.7921006,"iteration":1637,"iteration_seconds":25.873072,"phase":"iteration_complete","training_seconds":3556.3171604000004}
STUDY_PHASE {"elapsed_seconds":4028.3266256,"iteration":1638,"iteration_seconds":25.5344879,"phase":"iteration_complete","training_seconds":3581.8516483000003}
STUDY_PHASE {"elapsed_seconds":4055.2948068,"iteration":1639,"iteration_seconds":26.9681411,"phase":"iteration_complete","training_seconds":3608.8197894000004}
STUDY_PHASE {"elapsed_seconds":4080.1936165,"iteration":1640,"iteration_seconds":24.898776,"phase":"iteration_complete","training_seconds":3633.7185654000004}
STUDY_PHASE {"elapsed_seconds":4106.6481358,"iteration":1641,"iteration_seconds":26.4544704,"phase":"iteration_complete","training_seconds":3660.1730358000004}
STUDY_PHASE {"elapsed_seconds":4133.7814553,"iteration":1642,"iteration_seconds":27.1332755,"phase":"iteration_complete","training_seconds":3687.3063113000003}
STUDY_PHASE {"elapsed_seconds":4160.3623727,"iteration":1643,"iteration_seconds":26.5808644,"phase":"iteration_complete","training_seconds":3713.8871757}
STUDY_PHASE {"elapsed_seconds":4187.4657091,"iteration":1644,"iteration_seconds":27.1033002,"phase":"iteration_complete","training_seconds":3740.9904759}
STUDY_PHASE {"elapsed_seconds":4213.1501689,"iteration":1645,"iteration_seconds":25.6844253,"phase":"iteration_complete","training_seconds":3766.6749012}
STUDY_PHASE {"elapsed_seconds":4238.8143413,"iteration":1646,"iteration_seconds":25.6641334,"phase":"iteration_complete","training_seconds":3792.3390346}
STUDY_PHASE {"elapsed_seconds":4265.2898479,"iteration":1647,"iteration_seconds":26.4754611,"phase":"iteration_complete","training_seconds":3818.8144957}
STUDY_PHASE {"elapsed_seconds":4290.5369083,"iteration":1648,"iteration_seconds":25.2470219,"phase":"iteration_complete","training_seconds":3844.0615176}
STUDY_PHASE {"elapsed_seconds":4315.9295222,"iteration":1649,"iteration_seconds":25.3925678,"phase":"iteration_complete","training_seconds":3869.4540854}
STUDY_PHASE {"elapsed_seconds":4341.6370862,"iteration":1650,"iteration_seconds":25.7075224,"phase":"iteration_complete","training_seconds":3895.1616078}
STUDY_PHASE {"elapsed_seconds":4368.4255641,"iteration":1651,"iteration_seconds":26.7884355,"phase":"iteration_complete","training_seconds":3921.9500433000003}
STUDY_PHASE {"elapsed_seconds":4393.9803811,"iteration":1652,"iteration_seconds":25.5547789,"phase":"iteration_complete","training_seconds":3947.5048222000005}
STUDY_PHASE {"elapsed_seconds":4420.1769846,"iteration":1653,"iteration_seconds":26.1965616,"phase":"iteration_complete","training_seconds":3973.7013838000007}
STUDY_PHASE {"elapsed_seconds":4446.3488641,"iteration":1654,"iteration_seconds":26.1718492,"phase":"iteration_complete","training_seconds":3999.8732330000007}
STUDY_PHASE {"elapsed_seconds":4472.096494,"iteration":1655,"iteration_seconds":25.7475931,"phase":"iteration_complete","training_seconds":4025.6208261000006}
STUDY_PHASE {"elapsed_seconds":4499.4300155,"iteration":1656,"iteration_seconds":27.3334822,"phase":"iteration_complete","training_seconds":4052.954308300001}
STUDY_PHASE {"elapsed_seconds":4524.9043271,"iteration":1657,"iteration_seconds":25.4742735,"phase":"iteration_complete","training_seconds":4078.4285818000008}
STUDY_PHASE {"elapsed_seconds":4550.1405477,"iteration":1658,"iteration_seconds":25.2361812,"phase":"iteration_complete","training_seconds":4103.664763000001}
STUDY_PHASE {"elapsed_seconds":4576.3384373,"iteration":1659,"iteration_seconds":26.1978483,"phase":"iteration_complete","training_seconds":4129.862611300001}
STUDY_PHASE {"elapsed_seconds":4601.2338132,"iteration":1660,"iteration_seconds":24.8953388,"phase":"iteration_complete","training_seconds":4154.757950100001}
STUDY_PHASE {"elapsed_seconds":4627.3541742,"iteration":1661,"iteration_seconds":26.120323,"phase":"iteration_complete","training_seconds":4180.878273100001}
STUDY_PHASE {"elapsed_seconds":4654.2028891,"iteration":1662,"iteration_seconds":26.8486756,"phase":"iteration_complete","training_seconds":4207.726948700001}
STUDY_PHASE {"elapsed_seconds":4679.455542,"iteration":1663,"iteration_seconds":25.2526207,"phase":"iteration_complete","training_seconds":4232.979569400001}
STUDY_PHASE {"elapsed_seconds":4705.0822767,"iteration":1664,"iteration_seconds":25.6267005,"phase":"iteration_complete","training_seconds":4258.606269900001}
STUDY_PHASE {"elapsed_seconds":4731.7441981,"iteration":1665,"iteration_seconds":26.6618918,"phase":"iteration_complete","training_seconds":4285.268161700002}
STUDY_PHASE {"elapsed_seconds":4757.3130997,"iteration":1666,"iteration_seconds":25.5688673,"phase":"iteration_complete","training_seconds":4310.837029000002}
STUDY_PHASE {"elapsed_seconds":4783.1151771,"iteration":1667,"iteration_seconds":25.8020424,"phase":"iteration_complete","training_seconds":4336.639071400002}
STUDY_PHASE {"elapsed_seconds":4809.465605,"iteration":1668,"iteration_seconds":26.3503877,"phase":"iteration_complete","training_seconds":4362.989459100002}
STUDY_PHASE {"elapsed_seconds":4835.5356503,"iteration":1669,"iteration_seconds":26.0700089,"phase":"iteration_complete","training_seconds":4389.059468000002}
STUDY_PHASE {"elapsed_seconds":4862.6957819,"iteration":1670,"iteration_seconds":27.1600937,"phase":"iteration_complete","training_seconds":4416.2195617000025}
STUDY_PHASE {"elapsed_seconds":4888.769348,"iteration":1671,"iteration_seconds":26.0735287,"phase":"iteration_complete","training_seconds":4442.293090400002}
STUDY_PHASE {"elapsed_seconds":4915.3183452,"iteration":1672,"iteration_seconds":26.5489536,"phase":"iteration_complete","training_seconds":4468.842044000002}
STUDY_PHASE {"elapsed_seconds":4941.956064,"iteration":1673,"iteration_seconds":26.6376774,"phase":"iteration_complete","training_seconds":4495.479721400002}
STUDY_PHASE {"elapsed_seconds":4967.8707823,"iteration":1674,"iteration_seconds":25.9146341,"phase":"iteration_complete","training_seconds":4521.394355500001}
STUDY_PHASE {"elapsed_seconds":4993.9996369,"iteration":1675,"iteration_seconds":26.1288136,"phase":"iteration_complete","training_seconds":4547.523169100002}
STUDY_PHASE {"elapsed_seconds":5020.4145637,"iteration":1676,"iteration_seconds":26.4148841,"phase":"iteration_complete","training_seconds":4573.938053200001}
STUDY_PHASE {"elapsed_seconds":5045.5080443,"iteration":1677,"iteration_seconds":25.0934489,"phase":"iteration_complete","training_seconds":4599.0315021000015}
STUDY_PHASE {"elapsed_seconds":5071.93565,"iteration":1678,"iteration_seconds":26.4275675,"phase":"iteration_complete","training_seconds":4625.459069600001}
STUDY_PHASE {"elapsed_seconds":5097.7065146,"iteration":1679,"iteration_seconds":25.7708201,"phase":"iteration_complete","training_seconds":4651.229889700001}
STUDY_PHASE {"elapsed_seconds":5122.6007568,"iteration":1680,"iteration_seconds":24.8942081,"phase":"iteration_complete","training_seconds":4676.1240978000005}
STUDY_PHASE {"elapsed_seconds":5149.2759726,"iteration":1681,"iteration_seconds":26.6751753,"phase":"iteration_complete","training_seconds":4702.7992731}
STUDY_PHASE {"elapsed_seconds":5174.9530543,"iteration":1682,"iteration_seconds":25.6770299,"phase":"iteration_complete","training_seconds":4728.476303}
STUDY_PHASE {"elapsed_seconds":5199.9214417,"iteration":1683,"iteration_seconds":24.9683517,"phase":"iteration_complete","training_seconds":4753.444654700001}
STUDY_PHASE {"elapsed_seconds":5227.2207747,"iteration":1684,"iteration_seconds":27.2992904,"phase":"iteration_complete","training_seconds":4780.743945100001}
STUDY_PHASE {"elapsed_seconds":5253.6000806,"iteration":1685,"iteration_seconds":26.3792607,"phase":"iteration_complete","training_seconds":4807.1232058000005}
STUDY_PHASE {"elapsed_seconds":5279.5476679,"iteration":1686,"iteration_seconds":25.947547,"phase":"iteration_complete","training_seconds":4833.0707528}
STUDY_PHASE {"elapsed_seconds":5306.8453443,"iteration":1687,"iteration_seconds":27.2976373,"phase":"iteration_complete","training_seconds":4860.3683901}
STUDY_PHASE {"elapsed_seconds":5332.0381714,"iteration":1688,"iteration_seconds":25.1927869,"phase":"iteration_complete","training_seconds":4885.5611770000005}
STUDY_PHASE {"elapsed_seconds":5358.4717216,"iteration":1689,"iteration_seconds":26.4335172,"phase":"iteration_complete","training_seconds":4911.994694200001}
STUDY_PHASE {"elapsed_seconds":5384.9899875,"iteration":1690,"iteration_seconds":26.5182273,"phase":"iteration_complete","training_seconds":4938.512921500001}
STUDY_PHASE {"elapsed_seconds":5411.6117931,"iteration":1691,"iteration_seconds":26.6217565,"phase":"iteration_complete","training_seconds":4965.134678}
STUDY_PHASE {"elapsed_seconds":5438.2965842,"iteration":1692,"iteration_seconds":26.6847356,"phase":"iteration_complete","training_seconds":4991.8194136}
STUDY_PHASE {"elapsed_seconds":5463.8113988,"iteration":1693,"iteration_seconds":25.514773,"phase":"iteration_complete","training_seconds":5017.3341866}
STUDY_PHASE {"elapsed_seconds":5490.3485966,"iteration":1694,"iteration_seconds":26.5371602,"phase":"iteration_complete","training_seconds":5043.8713468}
STUDY_PHASE {"elapsed_seconds":5518.1898569,"iteration":1695,"iteration_seconds":27.8412148,"phase":"iteration_complete","training_seconds":5071.712561599999}
STUDY_PHASE {"elapsed_seconds":5542.8409237,"iteration":1696,"iteration_seconds":24.6510287,"phase":"iteration_complete","training_seconds":5096.3635902999995}
STUDY_PHASE {"elapsed_seconds":5569.4179159,"iteration":1697,"iteration_seconds":26.5769631,"phase":"iteration_complete","training_seconds":5122.9405534}
STUDY_PHASE {"elapsed_seconds":5597.7658791,"iteration":1698,"iteration_seconds":28.3479312,"phase":"iteration_complete","training_seconds":5151.2884846}
STUDY_PHASE {"elapsed_seconds":5624.1995952,"iteration":1699,"iteration_seconds":26.4336652,"phase":"iteration_complete","training_seconds":5177.7221498}
STUDY_PHASE {"elapsed_seconds":5650.9519979,"iteration":1700,"iteration_seconds":26.7523604,"phase":"iteration_complete","training_seconds":5204.4745102}
STUDY_PHASE {"elapsed_seconds":5677.4378078,"iteration":1701,"iteration_seconds":26.4857667,"phase":"iteration_complete","training_seconds":5230.960276899999}
STUDY_PHASE {"elapsed_seconds":5702.4377605,"iteration":1702,"iteration_seconds":24.9999142,"phase":"iteration_complete","training_seconds":5255.960191099999}
STUDY_PHASE {"elapsed_seconds":5729.4034923,"iteration":1703,"iteration_seconds":26.9656908,"phase":"iteration_complete","training_seconds":5282.925881899999}
STUDY_PHASE {"elapsed_seconds":5754.6639433,"iteration":1704,"iteration_seconds":25.2604071,"phase":"iteration_complete","training_seconds":5308.186288999998}
STUDY_PHASE {"elapsed_seconds":5780.5348434,"iteration":1705,"iteration_seconds":25.8708658,"phase":"iteration_complete","training_seconds":5334.057154799998}
STUDY_PHASE {"elapsed_seconds":5807.4978462,"iteration":1706,"iteration_seconds":26.9629707,"phase":"iteration_complete","training_seconds":5361.020125499998}
STUDY_PHASE {"elapsed_seconds":5832.4558855,"iteration":1707,"iteration_seconds":24.9580055,"phase":"iteration_complete","training_seconds":5385.978130999998}
STUDY_PHASE {"elapsed_seconds":5858.4975196,"iteration":1708,"iteration_seconds":26.0415965,"phase":"iteration_complete","training_seconds":5412.019727499998}
STUDY_PHASE {"elapsed_seconds":5885.4345135,"iteration":1709,"iteration_seconds":26.9369506,"phase":"iteration_complete","training_seconds":5438.9566780999985}
STUDY_PHASE {"elapsed_seconds":5912.0322638,"iteration":1710,"iteration_seconds":26.5977099,"phase":"iteration_complete","training_seconds":5465.554387999999}
STUDY_PHASE {"elapsed_seconds":5940.9947733,"iteration":1711,"iteration_seconds":28.9624807,"phase":"iteration_complete","training_seconds":5494.516868699999}
STUDY_PHASE {"elapsed_seconds":5969.6078656,"iteration":1712,"iteration_seconds":28.6130558,"phase":"iteration_complete","training_seconds":5523.129924499999}
STUDY_PHASE {"elapsed_seconds":5998.2322821,"iteration":1713,"iteration_seconds":28.6243862,"phase":"iteration_complete","training_seconds":5551.754310699999}
STUDY_PHASE {"elapsed_seconds":6027.2518453,"iteration":1714,"iteration_seconds":29.0195208,"phase":"iteration_complete","training_seconds":5580.773831499999}
STUDY_PHASE {"elapsed_seconds":6055.6284633,"iteration":1715,"iteration_seconds":28.3765877,"phase":"iteration_complete","training_seconds":5609.150419199998}
STUDY_PHASE {"elapsed_seconds":6084.3546075,"iteration":1716,"iteration_seconds":28.726106,"phase":"iteration_complete","training_seconds":5637.8765251999985}
STUDY_PHASE {"elapsed_seconds":6113.0292729,"iteration":1717,"iteration_seconds":28.6746351,"phase":"iteration_complete","training_seconds":5666.551160299999}
STUDY_PHASE {"elapsed_seconds":6140.535302,"iteration":1718,"iteration_seconds":27.5059974,"phase":"iteration_complete","training_seconds":5694.057157699998}
STUDY_PHASE {"elapsed_seconds":6168.2813571,"iteration":1719,"iteration_seconds":27.746025500000002,"phase":"iteration_complete","training_seconds":5721.803183199998}
STUDY_PHASE {"elapsed_seconds":6195.7840022,"iteration":1720,"iteration_seconds":27.5026161,"phase":"iteration_complete","training_seconds":5749.3057992999975}
STUDY_PHASE {"elapsed_seconds":6223.2475558,"iteration":1721,"iteration_seconds":27.4635224,"phase":"iteration_complete","training_seconds":5776.769321699998}
STUDY_PHASE {"elapsed_seconds":6250.4091507,"iteration":1722,"iteration_seconds":27.161566,"phase":"iteration_complete","training_seconds":5803.930887699998}
STUDY_PHASE {"elapsed_seconds":6278.4046203,"iteration":1723,"iteration_seconds":27.9954354,"phase":"iteration_complete","training_seconds":5831.926323099998}
STUDY_PHASE {"elapsed_seconds":6306.7529981,"iteration":1724,"iteration_seconds":28.3483449,"phase":"iteration_complete","training_seconds":5860.274667999997}
STUDY_PHASE {"elapsed_seconds":6334.7912289,"iteration":1725,"iteration_seconds":28.0381936,"phase":"iteration_complete","training_seconds":5888.312861599998}
STUDY_PHASE {"elapsed_seconds":6362.3439799,"iteration":1726,"iteration_seconds":27.5527178,"phase":"iteration_complete","training_seconds":5915.865579399998}
STUDY_PHASE {"elapsed_seconds":6389.8370231,"iteration":1727,"iteration_seconds":27.4930108,"phase":"iteration_complete","training_seconds":5943.358590199998}
STUDY_PHASE {"elapsed_seconds":6416.1915838,"iteration":1728,"iteration_seconds":26.3545299,"phase":"iteration_complete","training_seconds":5969.7131200999975}
STUDY_PHASE {"elapsed_seconds":6444.8965163,"iteration":1729,"iteration_seconds":28.7048949,"phase":"iteration_complete","training_seconds":5998.4180149999975}
STUDY_PHASE {"elapsed_seconds":6473.6212791,"iteration":1730,"iteration_seconds":28.7247269,"phase":"iteration_complete","training_seconds":6027.142741899997}
STUDY_PHASE {"elapsed_seconds":6501.379653,"iteration":1731,"iteration_seconds":27.758336,"phase":"iteration_complete","training_seconds":6054.901077899997}
STUDY_PHASE {"elapsed_seconds":6530.74558,"iteration":1732,"iteration_seconds":29.3658952,"phase":"iteration_complete","training_seconds":6084.266973099997}
STUDY_PHASE {"elapsed_seconds":6559.0450213,"iteration":1733,"iteration_seconds":28.2994025,"phase":"iteration_complete","training_seconds":6112.566375599997}
STUDY_PHASE {"elapsed_seconds":6586.296167,"iteration":1734,"iteration_seconds":27.2511173,"phase":"iteration_complete","training_seconds":6139.817492899997}
STUDY_PHASE {"elapsed_seconds":6611.2419997,"iteration":1735,"iteration_seconds":24.9457942,"phase":"iteration_complete","training_seconds":6164.763287099997}
STUDY_PHASE {"elapsed_seconds":6636.7491116,"iteration":1736,"iteration_seconds":25.5070744,"phase":"iteration_complete","training_seconds":6190.270361499997}
STUDY_PHASE {"elapsed_seconds":6664.5456627,"iteration":1737,"iteration_seconds":27.796507,"phase":"iteration_complete","training_seconds":6218.066868499997}
STUDY_PHASE {"elapsed_seconds":6689.6533106,"iteration":1738,"iteration_seconds":25.1076048,"phase":"iteration_complete","training_seconds":6243.174473299998}
STUDY_PHASE {"elapsed_seconds":6715.5447086,"iteration":1739,"iteration_seconds":25.8913639,"phase":"iteration_complete","training_seconds":6269.065837199998}
STUDY_PHASE {"elapsed_seconds":6743.729405,"iteration":1740,"iteration_seconds":28.1846579,"phase":"iteration_complete","training_seconds":6297.250495099998}
STUDY_PHASE {"elapsed_seconds":6769.7863262,"iteration":1741,"iteration_seconds":26.0568536,"phase":"iteration_complete","training_seconds":6323.307348699998}
STUDY_PHASE {"elapsed_seconds":6796.452926,"iteration":1742,"iteration_seconds":26.6665667,"phase":"iteration_complete","training_seconds":6349.973915399998}
STUDY_PHASE {"elapsed_seconds":6823.4073788,"iteration":1743,"iteration_seconds":26.9544127,"phase":"iteration_complete","training_seconds":6376.928328099998}
STUDY_PHASE {"elapsed_seconds":6848.8681525,"iteration":1744,"iteration_seconds":25.4607422,"phase":"iteration_complete","training_seconds":6402.389070299998}
STUDY_PHASE {"elapsed_seconds":6875.1034621,"iteration":1745,"iteration_seconds":26.2352667,"phase":"iteration_complete","training_seconds":6428.6243369999975}
STUDY_PHASE {"elapsed_seconds":6901.3354966,"iteration":1746,"iteration_seconds":26.2319969,"phase":"iteration_complete","training_seconds":6454.8563338999975}
STUDY_PHASE {"elapsed_seconds":6926.4063797,"iteration":1747,"iteration_seconds":25.0708392,"phase":"iteration_complete","training_seconds":6479.927173099997}
STUDY_PHASE {"elapsed_seconds":6952.9357078,"iteration":1748,"iteration_seconds":26.5292915,"phase":"iteration_complete","training_seconds":6506.456464599997}
STUDY_PHASE {"elapsed_seconds":6979.8181732,"iteration":1749,"iteration_seconds":26.8824168,"phase":"iteration_complete","training_seconds":6533.338881399997}
STUDY_PHASE {"elapsed_seconds":7006.1145651,"iteration":1750,"iteration_seconds":26.2963551,"phase":"iteration_complete","training_seconds":6559.6352364999975}
STUDY_PHASE {"elapsed_seconds":7033.2395639,"iteration":1751,"iteration_seconds":27.1249545,"phase":"iteration_complete","training_seconds":6586.760190999998}
STUDY_PHASE {"elapsed_seconds":7059.1694084,"iteration":1752,"iteration_seconds":25.9297884,"phase":"iteration_complete","training_seconds":6612.689979399997}
STUDY_PHASE {"elapsed_seconds":7084.4890736,"iteration":1753,"iteration_seconds":25.3196171,"phase":"iteration_complete","training_seconds":6638.009596499997}
STUDY_PHASE {"elapsed_seconds":7110.9664589,"iteration":1754,"iteration_seconds":26.4773503,"phase":"iteration_complete","training_seconds":6664.486946799997}
STUDY_PHASE {"elapsed_seconds":7135.8514638,"iteration":1755,"iteration_seconds":24.8849737,"phase":"iteration_complete","training_seconds":6689.371920499997}
STUDY_PHASE {"elapsed_seconds":7162.7451709,"iteration":1756,"iteration_seconds":26.8936683,"phase":"iteration_complete","training_seconds":6716.265588799997}
STUDY_PHASE {"elapsed_seconds":7189.1399103,"iteration":1757,"iteration_seconds":26.3947034,"phase":"iteration_complete","training_seconds":6742.6602921999975}
STUDY_PHASE {"elapsed_seconds":7215.0060737,"iteration":1758,"iteration_seconds":25.8661356,"phase":"iteration_complete","training_seconds":6768.526427799998}
STUDY_PHASE {"elapsed_seconds":7241.8099967,"iteration":1759,"iteration_seconds":26.8038768,"phase":"iteration_complete","training_seconds":6795.330304599997}
STUDY_PHASE {"elapsed_seconds":7267.6751446,"iteration":1760,"iteration_seconds":25.8651079,"phase":"iteration_complete","training_seconds":6821.1954124999975}
STUDY_PHASE {"elapsed_seconds":7293.9993239,"iteration":1761,"iteration_seconds":26.3241426,"phase":"iteration_complete","training_seconds":6847.519555099998}
STUDY_PHASE {"elapsed_seconds":7319.8309386,"iteration":1762,"iteration_seconds":25.8315741,"phase":"iteration_complete","training_seconds":6873.351129199998}
STUDY_PHASE {"elapsed_seconds":7345.5973513,"iteration":1763,"iteration_seconds":25.7663734,"phase":"iteration_complete","training_seconds":6899.117502599997}
STUDY_PHASE {"elapsed_seconds":7372.1341374,"iteration":1764,"iteration_seconds":26.536748,"phase":"iteration_complete","training_seconds":6925.654250599998}
STUDY_PHASE {"elapsed_seconds":7397.1963016,"iteration":1765,"iteration_seconds":25.0621263,"phase":"iteration_complete","training_seconds":6950.716376899998}
STUDY_PHASE {"elapsed_seconds":7423.4199522,"iteration":1766,"iteration_seconds":26.2236097,"phase":"iteration_complete","training_seconds":6976.9399865999985}
STUDY_PHASE {"elapsed_seconds":7449.7911396,"iteration":1767,"iteration_seconds":26.3711546,"phase":"iteration_complete","training_seconds":7003.311141199999}
STUDY_PHASE {"elapsed_seconds":7474.7691133,"iteration":1768,"iteration_seconds":24.9779354,"phase":"iteration_complete","training_seconds":7028.289076599999}
STUDY_PHASE {"elapsed_seconds":7501.2425815,"iteration":1769,"iteration_seconds":26.4734247,"phase":"iteration_complete","training_seconds":7054.762501299999}
STUDY_PHASE {"elapsed_seconds":7526.5243603,"iteration":1770,"iteration_seconds":25.2817424,"phase":"iteration_complete","training_seconds":7080.044243699999}
STUDY_PHASE {"elapsed_seconds":7552.395101,"iteration":1771,"iteration_seconds":25.8707054,"phase":"iteration_complete","training_seconds":7105.914949099999}
STUDY_PHASE {"elapsed_seconds":7579.3941843,"iteration":1772,"iteration_seconds":26.9990406,"phase":"iteration_complete","training_seconds":7132.913989699999}
STUDY_PHASE {"elapsed_seconds":7604.887254,"iteration":1773,"iteration_seconds":25.4930319,"phase":"iteration_complete","training_seconds":7158.407021599998}
STUDY_PHASE {"elapsed_seconds":7631.5561793,"iteration":1774,"iteration_seconds":26.6688902,"phase":"iteration_complete","training_seconds":7185.075911799998}
STUDY_PHASE {"elapsed_seconds":7657.5355861,"iteration":1775,"iteration_seconds":25.9793677,"phase":"iteration_complete","training_seconds":7211.055279499998}
STUDY_PHASE {"elapsed_seconds":7683.4081348,"iteration":1776,"iteration_seconds":25.8725091,"phase":"iteration_complete","training_seconds":7236.927788599997}
STUDY_PHASE {"elapsed_seconds":7710.0661736,"iteration":1777,"iteration_seconds":26.6579985,"phase":"iteration_complete","training_seconds":7263.585787099997}
STUDY_PHASE {"elapsed_seconds":7735.0963806,"iteration":1778,"iteration_seconds":25.0301706,"phase":"iteration_complete","training_seconds":7288.615957699997}
STUDY_PHASE {"elapsed_seconds":7761.8939982,"iteration":1779,"iteration_seconds":26.7975792,"phase":"iteration_complete","training_seconds":7315.413536899997}
STUDY_PHASE {"elapsed_seconds":7787.8695142,"iteration":1780,"iteration_seconds":25.9754768,"phase":"iteration_complete","training_seconds":7341.389013699997}
STUDY_PHASE {"elapsed_seconds":7812.8455249,"iteration":1781,"iteration_seconds":24.975976,"phase":"iteration_complete","training_seconds":7366.364989699997}
STUDY_PHASE {"elapsed_seconds":7839.4541859,"iteration":1782,"iteration_seconds":26.6086318,"phase":"iteration_complete","training_seconds":7392.973621499997}
STUDY_PHASE {"elapsed_seconds":7864.8694568,"iteration":1783,"iteration_seconds":25.415231,"phase":"iteration_complete","training_seconds":7418.388852499997}
STUDY_PHASE {"elapsed_seconds":7891.8309635,"iteration":1784,"iteration_seconds":26.9614676,"phase":"iteration_complete","training_seconds":7445.350320099997}
STUDY_PHASE {"elapsed_seconds":7917.8167521,"iteration":1785,"iteration_seconds":25.9857459,"phase":"iteration_complete","training_seconds":7471.336065999997}
STUDY_PHASE {"elapsed_seconds":7942.5959433,"iteration":1786,"iteration_seconds":24.7791535,"phase":"iteration_complete","training_seconds":7496.115219499997}
STUDY_PHASE {"elapsed_seconds":7967.785634,"iteration":1787,"iteration_seconds":25.189653,"phase":"iteration_complete","training_seconds":7521.304872499997}
STUDY_PHASE {"elapsed_seconds":7994.2664716,"iteration":1788,"iteration_seconds":26.4808024,"phase":"iteration_complete","training_seconds":7547.7856748999975}
STUDY_PHASE {"elapsed_seconds":8021.4040443,"iteration":1789,"iteration_seconds":27.1375405,"phase":"iteration_complete","training_seconds":7574.923215399997}
STUDY_PHASE {"elapsed_seconds":8047.3457548,"iteration":1790,"iteration_seconds":25.941671499999998,"phase":"iteration_complete","training_seconds":7600.864886899997}
STUDY_PHASE {"elapsed_seconds":8073.9123879,"iteration":1791,"iteration_seconds":26.5665935,"phase":"iteration_complete","training_seconds":7627.431480399997}
STUDY_PHASE {"elapsed_seconds":8099.9081973,"iteration":1792,"iteration_seconds":25.995758,"phase":"iteration_complete","training_seconds":7653.427238399997}
STUDY_PHASE {"elapsed_seconds":8125.7272685,"iteration":1793,"iteration_seconds":25.8190368,"phase":"iteration_complete","training_seconds":7679.2462751999965}
STUDY_PHASE {"elapsed_seconds":8153.1873415,"iteration":1794,"iteration_seconds":27.4600252,"phase":"iteration_complete","training_seconds":7706.7063003999965}
STUDY_PHASE {"elapsed_seconds":8179.6268884,"iteration":1795,"iteration_seconds":26.4395155,"phase":"iteration_complete","training_seconds":7733.145815899997}
STUDY_PHASE {"elapsed_seconds":8206.2704806,"iteration":1796,"iteration_seconds":26.6435469,"phase":"iteration_complete","training_seconds":7759.7893627999965}
STUDY_PHASE {"elapsed_seconds":8232.7820356,"iteration":1797,"iteration_seconds":26.5115137,"phase":"iteration_complete","training_seconds":7786.300876499997}
STUDY_PHASE {"elapsed_seconds":8258.7567987,"iteration":1798,"iteration_seconds":25.9747236,"phase":"iteration_complete","training_seconds":7812.275600099997}
STUDY_PHASE {"elapsed_seconds":8287.8988903,"iteration":1799,"iteration_seconds":29.1420471,"phase":"iteration_complete","training_seconds":7841.417647199997}
STUDY_PHASE {"elapsed_seconds":8314.3402058,"iteration":1800,"iteration_seconds":26.4412746,"phase":"iteration_complete","training_seconds":7867.858921799997}
STUDY_PHASE {"elapsed_seconds":8341.3349877,"iteration":1801,"iteration_seconds":26.9947375,"phase":"iteration_complete","training_seconds":7894.853659299997}
STUDY_PHASE {"elapsed_seconds":8367.0503926,"iteration":1802,"iteration_seconds":25.715369,"phase":"iteration_complete","training_seconds":7920.569028299997}
STUDY_PHASE {"elapsed_seconds":8393.4302959,"iteration":1803,"iteration_seconds":26.3798608,"phase":"iteration_complete","training_seconds":7946.948889099996}
STUDY_PHASE {"elapsed_seconds":8420.0826452,"iteration":1804,"iteration_seconds":26.6523184,"phase":"iteration_complete","training_seconds":7973.601207499996}
STUDY_PHASE {"elapsed_seconds":8446.0502513,"iteration":1805,"iteration_seconds":25.967567,"phase":"iteration_complete","training_seconds":7999.568774499996}
STUDY_PHASE {"elapsed_seconds":8474.429721,"iteration":1806,"iteration_seconds":28.3794349,"phase":"iteration_complete","training_seconds":8027.948209399996}
STUDY_PHASE {"elapsed_seconds":8500.4743387,"iteration":1807,"iteration_seconds":26.0445813,"phase":"iteration_complete","training_seconds":8053.992790699996}
STUDY_PHASE {"elapsed_seconds":8526.4360251,"iteration":1808,"iteration_seconds":25.961646000000002,"phase":"iteration_complete","training_seconds":8079.954436699995}
STUDY_PHASE {"elapsed_seconds":8552.4236211,"iteration":1809,"iteration_seconds":25.9875658,"phase":"iteration_complete","training_seconds":8105.942002499995}
STUDY_PHASE {"elapsed_seconds":8578.4759386,"iteration":1810,"iteration_seconds":26.052235,"phase":"iteration_complete","training_seconds":8131.9942374999955}
STUDY_PHASE {"elapsed_seconds":8604.4555369,"iteration":1811,"iteration_seconds":25.9795622,"phase":"iteration_complete","training_seconds":8157.973799699996}
STUDY_PHASE {"elapsed_seconds":8629.7234517,"iteration":1812,"iteration_seconds":25.2678769,"phase":"iteration_complete","training_seconds":8183.241676599996}
STUDY_PHASE {"elapsed_seconds":8655.7528432,"iteration":1813,"iteration_seconds":26.0293535,"phase":"iteration_complete","training_seconds":8209.271030099995}
STUDY_PHASE {"elapsed_seconds":8683.1953319,"iteration":1814,"iteration_seconds":27.4424525,"phase":"iteration_complete","training_seconds":8236.713482599995}
STUDY_PHASE {"elapsed_seconds":8708.9107875,"iteration":1815,"iteration_seconds":25.7154195,"phase":"iteration_complete","training_seconds":8262.428902099995}
STUDY_PHASE {"elapsed_seconds":8736.000228,"iteration":1816,"iteration_seconds":27.0894071,"phase":"iteration_complete","training_seconds":8289.518309199995}
STUDY_PHASE {"elapsed_seconds":8762.727622,"iteration":1817,"iteration_seconds":26.7273511,"phase":"iteration_complete","training_seconds":8316.245660299996}
STUDY_PHASE {"elapsed_seconds":8788.2153816,"iteration":1818,"iteration_seconds":25.4877188,"phase":"iteration_complete","training_seconds":8341.733379099995}
STUDY_PHASE {"elapsed_seconds":8815.5461551,"iteration":1819,"iteration_seconds":27.3307444,"phase":"iteration_complete","training_seconds":8369.064123499995}
STUDY_PHASE {"elapsed_seconds":8841.7800644,"iteration":1820,"iteration_seconds":26.2338713,"phase":"iteration_complete","training_seconds":8395.297994799996}
STUDY_PHASE {"elapsed_seconds":8867.7713814,"iteration":1821,"iteration_seconds":25.9912886,"phase":"iteration_complete","training_seconds":8421.289283399996}
STUDY_PHASE {"elapsed_seconds":8893.6114952,"iteration":1822,"iteration_seconds":25.8400742,"phase":"iteration_complete","training_seconds":8447.129357599995}
STUDY_PHASE {"elapsed_seconds":8920.4923634,"iteration":1823,"iteration_seconds":26.880836,"phase":"iteration_complete","training_seconds":8474.010193599996}
STUDY_PHASE {"elapsed_seconds":8947.4279179,"iteration":1824,"iteration_seconds":26.9355176,"phase":"iteration_complete","training_seconds":8500.945711199996}
STUDY_PHASE {"elapsed_seconds":8973.4309835,"iteration":1825,"iteration_seconds":26.0030257,"phase":"iteration_complete","training_seconds":8526.948736899996}
STUDY_PHASE {"elapsed_seconds":9000.1779206,"iteration":1826,"iteration_seconds":26.7468937,"phase":"iteration_complete","training_seconds":8553.695630599996}
STUDY_PHASE {"elapsed_seconds":9026.4733844,"iteration":1827,"iteration_seconds":26.2954111,"phase":"iteration_complete","training_seconds":8579.991041699996}
STUDY_PHASE {"elapsed_seconds":9051.8388844,"iteration":1828,"iteration_seconds":25.3654629,"phase":"iteration_complete","training_seconds":8605.356504599995}
STUDY_PHASE {"elapsed_seconds":9078.6959068,"iteration":1829,"iteration_seconds":26.8569879,"phase":"iteration_complete","training_seconds":8632.213492499995}
STUDY_PHASE {"elapsed_seconds":9103.7695327,"iteration":1830,"iteration_seconds":25.0735933,"phase":"iteration_complete","training_seconds":8657.287085799995}
STUDY_PHASE {"elapsed_seconds":9131.8465095,"iteration":1831,"iteration_seconds":28.0769447,"phase":"iteration_complete","training_seconds":8685.364030499995}
STUDY_PHASE {"elapsed_seconds":9157.6377936,"iteration":1832,"iteration_seconds":25.7912288,"phase":"iteration_complete","training_seconds":8711.155259299996}
STUDY_PHASE {"elapsed_seconds":9183.7339782,"iteration":1833,"iteration_seconds":26.0961424,"phase":"iteration_complete","training_seconds":8737.251401699996}
STUDY_PHASE {"elapsed_seconds":9210.3534809,"iteration":1834,"iteration_seconds":26.619472000000002,"phase":"iteration_complete","training_seconds":8763.870873699996}
STUDY_PHASE {"elapsed_seconds":9235.4846714,"iteration":1835,"iteration_seconds":25.1311586,"phase":"iteration_complete","training_seconds":8789.002032299995}
STUDY_PHASE {"elapsed_seconds":9262.0327657,"iteration":1836,"iteration_seconds":26.5480551,"phase":"iteration_complete","training_seconds":8815.550087399995}
STUDY_PHASE {"elapsed_seconds":9288.0877592,"iteration":1837,"iteration_seconds":26.0549557,"phase":"iteration_complete","training_seconds":8841.605043099995}
STUDY_PHASE {"elapsed_seconds":9313.5712156,"iteration":1838,"iteration_seconds":25.4834301,"phase":"iteration_complete","training_seconds":8867.088473199994}
STUDY_PHASE {"elapsed_seconds":9340.2999356,"iteration":1839,"iteration_seconds":26.7286751,"phase":"iteration_complete","training_seconds":8893.817148299993}
STUDY_PHASE {"elapsed_seconds":9366.5114369,"iteration":1840,"iteration_seconds":26.211468,"phase":"iteration_complete","training_seconds":8920.028616299993}
STUDY_PHASE {"elapsed_seconds":9392.8676904,"iteration":1841,"iteration_seconds":26.3562176,"phase":"iteration_complete","training_seconds":8946.384833899992}
STUDY_PHASE {"elapsed_seconds":9419.0758103,"iteration":1842,"iteration_seconds":26.2080781,"phase":"iteration_complete","training_seconds":8972.592911999993}
STUDY_PHASE {"elapsed_seconds":9445.1122125,"iteration":1843,"iteration_seconds":26.036363,"phase":"iteration_complete","training_seconds":8998.629274999992}
STUDY_PHASE {"elapsed_seconds":9472.0519659,"iteration":1844,"iteration_seconds":26.9397184,"phase":"iteration_complete","training_seconds":9025.568993399993}
STUDY_PHASE {"elapsed_seconds":9497.770189,"iteration":1845,"iteration_seconds":25.7181803,"phase":"iteration_complete","training_seconds":9051.287173699993}
STUDY_PHASE {"elapsed_seconds":9522.7253425,"iteration":1846,"iteration_seconds":24.9551126,"phase":"iteration_complete","training_seconds":9076.242286299994}
STUDY_PHASE {"elapsed_seconds":9549.5914196,"iteration":1847,"iteration_seconds":26.8660383,"phase":"iteration_complete","training_seconds":9103.108324599994}
STUDY_PHASE {"elapsed_seconds":9575.0030001,"iteration":1848,"iteration_seconds":25.4115383,"phase":"iteration_complete","training_seconds":9128.519862899995}
STUDY_PHASE {"elapsed_seconds":9601.9313699,"iteration":1849,"iteration_seconds":26.9283412,"phase":"iteration_complete","training_seconds":9155.448204099996}
STUDY_PHASE {"elapsed_seconds":9628.2766752,"iteration":1850,"iteration_seconds":26.3452553,"phase":"iteration_complete","training_seconds":9181.793459399996}
STUDY_PHASE {"elapsed_seconds":9653.260484,"iteration":1851,"iteration_seconds":24.9837745,"phase":"iteration_complete","training_seconds":9206.777233899997}
STUDY_PHASE {"elapsed_seconds":9680.5162841,"iteration":1852,"iteration_seconds":27.255764,"phase":"iteration_complete","training_seconds":9234.032997899996}
STUDY_PHASE {"elapsed_seconds":9706.731889,"iteration":1853,"iteration_seconds":26.2155592,"phase":"iteration_complete","training_seconds":9260.248557099996}
STUDY_PHASE {"elapsed_seconds":9733.1073472,"iteration":1854,"iteration_seconds":26.3754251,"phase":"iteration_complete","training_seconds":9286.623982199995}
STUDY_PHASE {"elapsed_seconds":9759.3188718,"iteration":1855,"iteration_seconds":26.2114924,"phase":"iteration_complete","training_seconds":9312.835474599995}
STUDY_PHASE {"elapsed_seconds":9784.3019379,"iteration":1856,"iteration_seconds":24.9830268,"phase":"iteration_complete","training_seconds":9337.818501399996}
STUDY_PHASE {"elapsed_seconds":9810.5347796,"iteration":1857,"iteration_seconds":26.2328048,"phase":"iteration_complete","training_seconds":9364.051306199995}
STUDY_PHASE {"elapsed_seconds":9837.4407598,"iteration":1858,"iteration_seconds":26.9059386,"phase":"iteration_complete","training_seconds":9390.957244799996}
STUDY_PHASE {"elapsed_seconds":9862.7590465,"iteration":1859,"iteration_seconds":25.3182513,"phase":"iteration_complete","training_seconds":9416.275496099996}
STUDY_PHASE {"elapsed_seconds":9890.3033551,"iteration":1860,"iteration_seconds":27.5442701,"phase":"iteration_complete","training_seconds":9443.819766199995}
STUDY_PHASE {"elapsed_seconds":9915.9906049,"iteration":1861,"iteration_seconds":25.6872122,"phase":"iteration_complete","training_seconds":9469.506978399995}
STUDY_PHASE {"elapsed_seconds":9942.5933339,"iteration":1862,"iteration_seconds":26.602685,"phase":"iteration_complete","training_seconds":9496.109663399995}
STUDY_PHASE {"elapsed_seconds":9969.4306716,"iteration":1863,"iteration_seconds":26.8372999,"phase":"iteration_complete","training_seconds":9522.946963299995}
STUDY_PHASE {"elapsed_seconds":9995.076081,"iteration":1864,"iteration_seconds":25.6453681,"phase":"iteration_complete","training_seconds":9548.592331399996}
STUDY_PHASE {"elapsed_seconds":10021.3597018,"iteration":1865,"iteration_seconds":26.2835787,"phase":"iteration_complete","training_seconds":9574.875910099996}
STUDY_PHASE {"elapsed_seconds":10048.106689,"iteration":1866,"iteration_seconds":26.7469383,"phase":"iteration_complete","training_seconds":9601.622848399997}
STUDY_PHASE {"elapsed_seconds":10074.2090499,"iteration":1867,"iteration_seconds":26.1023303,"phase":"iteration_complete","training_seconds":9627.725178699997}
STUDY_PHASE {"elapsed_seconds":10102.1777529,"iteration":1868,"iteration_seconds":27.9686621,"phase":"iteration_complete","training_seconds":9655.693840799997}
STUDY_PHASE {"elapsed_seconds":10128.9908887,"iteration":1869,"iteration_seconds":26.8130932,"phase":"iteration_complete","training_seconds":9682.506933999997}
STUDY_PHASE {"elapsed_seconds":10156.4817235,"iteration":1870,"iteration_seconds":27.4907998,"phase":"iteration_complete","training_seconds":9709.997733799997}
STUDY_PHASE {"elapsed_seconds":10182.508383,"iteration":1871,"iteration_seconds":26.0266169,"phase":"iteration_complete","training_seconds":9736.024350699998}
STUDY_PHASE {"elapsed_seconds":10207.941768,"iteration":1872,"iteration_seconds":25.4333519,"phase":"iteration_complete","training_seconds":9761.457702599997}
STUDY_PHASE {"elapsed_seconds":10234.6419006,"iteration":1873,"iteration_seconds":26.7001041,"phase":"iteration_complete","training_seconds":9788.157806699997}
STUDY_PHASE {"elapsed_seconds":10259.7180736,"iteration":1874,"iteration_seconds":25.0761344,"phase":"iteration_complete","training_seconds":9813.233941099998}
STUDY_PHASE {"elapsed_seconds":10288.1621168,"iteration":1875,"iteration_seconds":28.4440071,"phase":"iteration_complete","training_seconds":9841.677948199998}
STUDY_PHASE {"elapsed_seconds":10314.301585,"iteration":1876,"iteration_seconds":26.1394274,"phase":"iteration_complete","training_seconds":9867.817375599998}
STUDY_PHASE {"elapsed_seconds":10341.4355722,"iteration":1877,"iteration_seconds":27.1339537,"phase":"iteration_complete","training_seconds":9894.951329299998}
STUDY_PHASE {"elapsed_seconds":10367.2017427,"iteration":1878,"iteration_seconds":25.7660943,"phase":"iteration_complete","training_seconds":9920.717423599997}
STUDY_PHASE {"elapsed_seconds":10393.3246714,"iteration":1879,"iteration_seconds":26.1228903,"phase":"iteration_complete","training_seconds":9946.840313899997}
STUDY_PHASE {"elapsed_seconds":10420.9112737,"iteration":1880,"iteration_seconds":27.5865622,"phase":"iteration_complete","training_seconds":9974.426876099997}
STUDY_PHASE {"elapsed_seconds":10446.5172295,"iteration":1881,"iteration_seconds":25.6059112,"phase":"iteration_complete","training_seconds":10000.032787299997}
STUDY_PHASE {"elapsed_seconds":10472.2017408,"iteration":1882,"iteration_seconds":25.684481,"phase":"iteration_complete","training_seconds":10025.717268299997}
STUDY_PHASE {"elapsed_seconds":10499.0852377,"iteration":1883,"iteration_seconds":26.8834662,"phase":"iteration_complete","training_seconds":10052.600734499998}
STUDY_PHASE {"elapsed_seconds":10524.7539162,"iteration":1884,"iteration_seconds":25.6686373,"phase":"iteration_complete","training_seconds":10078.269371799997}
STUDY_PHASE {"elapsed_seconds":10550.7738523,"iteration":1885,"iteration_seconds":26.0199081,"phase":"iteration_complete","training_seconds":10104.289279899996}
STUDY_PHASE {"elapsed_seconds":10577.1554109,"iteration":1886,"iteration_seconds":26.3815175,"phase":"iteration_complete","training_seconds":10130.670797399996}
STUDY_PHASE {"elapsed_seconds":10602.6273078,"iteration":1887,"iteration_seconds":25.4718573,"phase":"iteration_complete","training_seconds":10156.142654699996}
STUDY_PHASE {"elapsed_seconds":10630.1356084,"iteration":1888,"iteration_seconds":27.5082723,"phase":"iteration_complete","training_seconds":10183.650926999995}
STUDY_PHASE {"elapsed_seconds":10655.5274602,"iteration":1889,"iteration_seconds":25.3918158,"phase":"iteration_complete","training_seconds":10209.042742799995}
STUDY_PHASE {"elapsed_seconds":10680.9011053,"iteration":1890,"iteration_seconds":25.373611,"phase":"iteration_complete","training_seconds":10234.416353799996}
STUDY_PHASE {"elapsed_seconds":10707.3530839,"iteration":1891,"iteration_seconds":26.4519294,"phase":"iteration_complete","training_seconds":10260.868283199996}
STUDY_PHASE {"elapsed_seconds":10733.7854099,"iteration":1892,"iteration_seconds":26.4322875,"phase":"iteration_complete","training_seconds":10287.300570699996}
STUDY_PHASE {"elapsed_seconds":10760.4012161,"iteration":1893,"iteration_seconds":26.615771,"phase":"iteration_complete","training_seconds":10313.916341699996}
STUDY_PHASE {"elapsed_seconds":10786.8078852,"iteration":1894,"iteration_seconds":26.406626,"phase":"iteration_complete","training_seconds":10340.322967699996}
STUDY_PHASE {"elapsed_seconds":10811.8465312,"iteration":1895,"iteration_seconds":25.0386073,"phase":"iteration_complete","training_seconds":10365.361574999997}
STUDY_PHASE {"elapsed_seconds":10838.6263418,"iteration":1896,"iteration_seconds":26.7797708,"phase":"iteration_complete","training_seconds":10392.141345799997}
STUDY_PHASE {"elapsed_seconds":10864.1251148,"iteration":1897,"iteration_seconds":25.4987393,"phase":"iteration_complete","training_seconds":10417.640085099996}
STUDY_PHASE {"elapsed_seconds":10890.2377569,"iteration":1898,"iteration_seconds":26.1126117,"phase":"iteration_complete","training_seconds":10443.752696799997}
STUDY_PHASE {"elapsed_seconds":10917.2923733,"iteration":1899,"iteration_seconds":27.0545772,"phase":"iteration_complete","training_seconds":10470.807273999997}
STUDY_PHASE {"elapsed_seconds":10942.6081139,"iteration":1900,"iteration_seconds":25.3157018,"phase":"iteration_complete","training_seconds":10496.122975799997}
STUDY_PHASE {"elapsed_seconds":10969.5985253,"iteration":1901,"iteration_seconds":26.9903732,"phase":"iteration_complete","training_seconds":10523.113348999997}
STUDY_PHASE {"elapsed_seconds":10996.184968,"iteration":1902,"iteration_seconds":26.5863915,"phase":"iteration_complete","training_seconds":10549.699740499998}
STUDY_PHASE {"elapsed_seconds":11022.4741562,"iteration":1903,"iteration_seconds":26.2891571,"phase":"iteration_complete","training_seconds":10575.988897599998}
STUDY_PHASE {"elapsed_seconds":11049.4339616,"iteration":1904,"iteration_seconds":26.9597607,"phase":"iteration_complete","training_seconds":10602.948658299998}
STUDY_PHASE {"elapsed_seconds":11074.1532642,"iteration":1905,"iteration_seconds":24.7192633,"phase":"iteration_complete","training_seconds":10627.667921599997}
STUDY_PHASE {"elapsed_seconds":11099.3198606,"iteration":1906,"iteration_seconds":25.1665618,"phase":"iteration_complete","training_seconds":10652.834483399998}
STUDY_PHASE {"elapsed_seconds":11126.4130568,"iteration":1907,"iteration_seconds":27.0931546,"phase":"iteration_complete","training_seconds":10679.927637999997}
STUDY_PHASE {"elapsed_seconds":11151.7846939,"iteration":1908,"iteration_seconds":25.3716009,"phase":"iteration_complete","training_seconds":10705.299238899997}
STUDY_PHASE {"elapsed_seconds":11177.8672369,"iteration":1909,"iteration_seconds":26.0825037,"phase":"iteration_complete","training_seconds":10731.381742599997}
STUDY_PHASE {"elapsed_seconds":11204.6990342,"iteration":1910,"iteration_seconds":26.8317594,"phase":"iteration_complete","training_seconds":10758.213501999997}
STUDY_PHASE {"elapsed_seconds":11230.1854731,"iteration":1911,"iteration_seconds":25.4863997,"phase":"iteration_complete","training_seconds":10783.699901699996}
STUDY_PHASE {"elapsed_seconds":11256.5428934,"iteration":1912,"iteration_seconds":26.3573807,"phase":"iteration_complete","training_seconds":10810.057282399996}
STUDY_PHASE {"elapsed_seconds":11281.9817701,"iteration":1913,"iteration_seconds":25.4388334,"phase":"iteration_complete","training_seconds":10835.496115799995}
STUDY_PHASE {"elapsed_seconds":11307.7658751,"iteration":1914,"iteration_seconds":25.7840644,"phase":"iteration_complete","training_seconds":10861.280180199996}
STUDY_PHASE {"elapsed_seconds":11335.4946661,"iteration":1915,"iteration_seconds":27.7287526,"phase":"iteration_complete","training_seconds":10889.008932799996}
STUDY_PHASE {"elapsed_seconds":11360.8356747,"iteration":1916,"iteration_seconds":25.3409756,"phase":"iteration_complete","training_seconds":10914.349908399996}
STUDY_PHASE {"elapsed_seconds":11386.8936071,"iteration":1917,"iteration_seconds":26.057894,"phase":"iteration_complete","training_seconds":10940.407802399995}
STUDY_PHASE {"elapsed_seconds":11413.5182034,"iteration":1918,"iteration_seconds":26.624566,"phase":"iteration_complete","training_seconds":10967.032368399996}
STUDY_PHASE {"elapsed_seconds":11439.3054354,"iteration":1919,"iteration_seconds":25.7871985,"phase":"iteration_complete","training_seconds":10992.819566899996}
STUDY_PHASE {"elapsed_seconds":11465.5502522,"iteration":1920,"iteration_seconds":26.2447806,"phase":"iteration_complete","training_seconds":11019.064347499996}
STUDY_PHASE {"elapsed_seconds":11492.2487957,"iteration":1921,"iteration_seconds":26.6984997,"phase":"iteration_complete","training_seconds":11045.762847199996}
STUDY_PHASE {"elapsed_seconds":11517.6889824,"iteration":1922,"iteration_seconds":25.440154,"phase":"iteration_complete","training_seconds":11071.203001199996}
STUDY_PHASE {"elapsed_seconds":11544.6190349,"iteration":1923,"iteration_seconds":26.9300177,"phase":"iteration_complete","training_seconds":11098.133018899996}
STUDY_PHASE {"elapsed_seconds":11570.231076,"iteration":1924,"iteration_seconds":25.6119905,"phase":"iteration_complete","training_seconds":11123.745009399996}
STUDY_PHASE {"elapsed_seconds":11595.7518225,"iteration":1925,"iteration_seconds":25.5206985,"phase":"iteration_complete","training_seconds":11149.265707899996}
STUDY_PHASE {"elapsed_seconds":11623.3522563,"iteration":1926,"iteration_seconds":27.6003948,"phase":"iteration_complete","training_seconds":11176.866102699996}
STUDY_PHASE {"elapsed_seconds":11648.8400395,"iteration":1927,"iteration_seconds":25.4877447,"phase":"iteration_complete","training_seconds":11202.353847399996}
STUDY_PHASE {"elapsed_seconds":11675.3002663,"iteration":1928,"iteration_seconds":26.4601909,"phase":"iteration_complete","training_seconds":11228.814038299995}
STUDY_PHASE {"elapsed_seconds":11702.3444062,"iteration":1929,"iteration_seconds":27.0441045,"phase":"iteration_complete","training_seconds":11255.858142799996}
STUDY_PHASE {"elapsed_seconds":11728.0483717,"iteration":1930,"iteration_seconds":25.7039207,"phase":"iteration_complete","training_seconds":11281.562063499996}
STUDY_PHASE {"elapsed_seconds":11755.6615369,"iteration":1931,"iteration_seconds":27.6131021,"phase":"iteration_complete","training_seconds":11309.175165599996}
STUDY_PHASE {"elapsed_seconds":11781.8554229,"iteration":1932,"iteration_seconds":26.1938409,"phase":"iteration_complete","training_seconds":11335.369006499996}
STUDY_PHASE {"elapsed_seconds":11807.3553117,"iteration":1933,"iteration_seconds":25.4998483,"phase":"iteration_complete","training_seconds":11360.868854799995}
STUDY_PHASE {"elapsed_seconds":11834.7008149,"iteration":1934,"iteration_seconds":27.3454706,"phase":"iteration_complete","training_seconds":11388.214325399995}
STUDY_PHASE {"elapsed_seconds":11860.2368959,"iteration":1935,"iteration_seconds":25.5360392,"phase":"iteration_complete","training_seconds":11413.750364599995}
STUDY_PHASE {"elapsed_seconds":11886.3148498,"iteration":1936,"iteration_seconds":26.0779173,"phase":"iteration_complete","training_seconds":11439.828281899994}
STUDY_PHASE {"elapsed_seconds":11913.2335761,"iteration":1937,"iteration_seconds":26.9186943,"phase":"iteration_complete","training_seconds":11466.746976199995}
STUDY_PHASE {"elapsed_seconds":11938.9253382,"iteration":1938,"iteration_seconds":25.6917249,"phase":"iteration_complete","training_seconds":11492.438701099994}
STUDY_PHASE {"elapsed_seconds":11964.8025935,"iteration":1939,"iteration_seconds":25.8772163,"phase":"iteration_complete","training_seconds":11518.315917399994}
STUDY_PHASE {"elapsed_seconds":11991.171675,"iteration":1940,"iteration_seconds":26.3690407,"phase":"iteration_complete","training_seconds":11544.684958099993}
STUDY_PHASE {"elapsed_seconds":12017.0666066,"iteration":1941,"iteration_seconds":25.8948935,"phase":"iteration_complete","training_seconds":11570.579851599994}
STUDY_PHASE {"elapsed_seconds":12043.6953227,"iteration":1942,"iteration_seconds":26.628678999999998,"phase":"iteration_complete","training_seconds":11597.208530599994}
STUDY_PHASE {"elapsed_seconds":12069.8449136,"iteration":1943,"iteration_seconds":26.1495435,"phase":"iteration_complete","training_seconds":11623.358074099993}
STUDY_PHASE {"elapsed_seconds":12096.11679,"iteration":1944,"iteration_seconds":26.2718384,"phase":"iteration_complete","training_seconds":11649.629912499993}
STUDY_PHASE {"elapsed_seconds":12123.1140508,"iteration":1945,"iteration_seconds":26.9972266,"phase":"iteration_complete","training_seconds":11676.627139099994}
STUDY_PHASE {"elapsed_seconds":12149.5891799,"iteration":1946,"iteration_seconds":26.4750972,"phase":"iteration_complete","training_seconds":11703.102236299994}
STUDY_PHASE {"elapsed_seconds":12175.7226009,"iteration":1947,"iteration_seconds":26.1333503,"phase":"iteration_complete","training_seconds":11729.235586599994}
STUDY_PHASE {"elapsed_seconds":12202.3764773,"iteration":1948,"iteration_seconds":26.6538399,"phase":"iteration_complete","training_seconds":11755.889426499994}
STUDY_PHASE {"elapsed_seconds":12228.2096114,"iteration":1949,"iteration_seconds":25.8330975,"phase":"iteration_complete","training_seconds":11781.722523999995}
STUDY_PHASE {"elapsed_seconds":12253.9051863,"iteration":1950,"iteration_seconds":25.6955373,"phase":"iteration_complete","training_seconds":11807.418061299995}
STUDY_PHASE {"elapsed_seconds":12279.415195,"iteration":1951,"iteration_seconds":25.5099683,"phase":"iteration_complete","training_seconds":11832.928029599996}
STUDY_PHASE {"elapsed_seconds":12304.9848146,"iteration":1952,"iteration_seconds":25.5695708,"phase":"iteration_complete","training_seconds":11858.497600399996}
STUDY_PHASE {"elapsed_seconds":12330.3370931,"iteration":1953,"iteration_seconds":25.3522404,"phase":"iteration_complete","training_seconds":11883.849840799996}
STUDY_PHASE {"elapsed_seconds":12355.8627695,"iteration":1954,"iteration_seconds":25.5256355,"phase":"iteration_complete","training_seconds":11909.375476299996}
STUDY_PHASE {"elapsed_seconds":12381.873293,"iteration":1955,"iteration_seconds":26.0104811,"phase":"iteration_complete","training_seconds":11935.385957399996}
STUDY_PHASE {"elapsed_seconds":12407.9818257,"iteration":1956,"iteration_seconds":26.1084991,"phase":"iteration_complete","training_seconds":11961.494456499997}
STUDY_PHASE {"elapsed_seconds":12433.8125785,"iteration":1957,"iteration_seconds":25.8307173,"phase":"iteration_complete","training_seconds":11987.325173799996}
STUDY_PHASE {"elapsed_seconds":12459.2721061,"iteration":1958,"iteration_seconds":25.4594781,"phase":"iteration_complete","training_seconds":12012.784651899996}
STUDY_PHASE {"elapsed_seconds":12484.8383001,"iteration":1959,"iteration_seconds":25.5661588,"phase":"iteration_complete","training_seconds":12038.350810699996}
STUDY_PHASE {"elapsed_seconds":12510.6945354,"iteration":1960,"iteration_seconds":25.8561941,"phase":"iteration_complete","training_seconds":12064.207004799997}
STUDY_PHASE {"elapsed_seconds":12535.7579686,"iteration":1961,"iteration_seconds":25.063403,"phase":"iteration_complete","training_seconds":12089.270407799997}
STUDY_PHASE {"elapsed_seconds":12561.5738598,"iteration":1962,"iteration_seconds":25.8158513,"phase":"iteration_complete","training_seconds":12115.086259099997}
STUDY_PHASE {"elapsed_seconds":12588.1849797,"iteration":1963,"iteration_seconds":26.6110872,"phase":"iteration_complete","training_seconds":12141.697346299998}
STUDY_PHASE {"elapsed_seconds":12613.5300984,"iteration":1964,"iteration_seconds":25.3450793,"phase":"iteration_complete","training_seconds":12167.042425599997}
STUDY_PHASE {"elapsed_seconds":12639.2296678,"iteration":1965,"iteration_seconds":25.699538,"phase":"iteration_complete","training_seconds":12192.741963599998}
STUDY_PHASE {"elapsed_seconds":12664.5523171,"iteration":1966,"iteration_seconds":25.322614,"phase":"iteration_complete","training_seconds":12218.064577599998}
STUDY_PHASE {"elapsed_seconds":12690.2061633,"iteration":1967,"iteration_seconds":25.6538116,"phase":"iteration_complete","training_seconds":12243.718389199998}
STUDY_PHASE {"elapsed_seconds":12715.1518503,"iteration":1968,"iteration_seconds":24.9456473,"phase":"iteration_complete","training_seconds":12268.664036499997}
STUDY_PHASE {"elapsed_seconds":12741.0034456,"iteration":1969,"iteration_seconds":25.8515593,"phase":"iteration_complete","training_seconds":12294.515595799996}
STUDY_PHASE {"elapsed_seconds":12765.7108424,"iteration":1970,"iteration_seconds":24.7073649,"phase":"iteration_complete","training_seconds":12319.222960699995}
STUDY_PHASE {"elapsed_seconds":12791.6852057,"iteration":1971,"iteration_seconds":25.9743252,"phase":"iteration_complete","training_seconds":12345.197285899996}
STUDY_PHASE {"elapsed_seconds":12816.828879,"iteration":1972,"iteration_seconds":25.1436378,"phase":"iteration_complete","training_seconds":12370.340923699996}
STUDY_PHASE {"elapsed_seconds":12842.4056421,"iteration":1973,"iteration_seconds":25.5767256,"phase":"iteration_complete","training_seconds":12395.917649299996}
STUDY_PHASE {"elapsed_seconds":12867.7538501,"iteration":1974,"iteration_seconds":25.3481729,"phase":"iteration_complete","training_seconds":12421.265822199995}
STUDY_PHASE {"elapsed_seconds":12893.5977031,"iteration":1975,"iteration_seconds":25.8438128,"phase":"iteration_complete","training_seconds":12447.109634999995}
STUDY_PHASE {"elapsed_seconds":12920.3990111,"iteration":1976,"iteration_seconds":26.8012734,"phase":"iteration_complete","training_seconds":12473.910908399996}
STUDY_PHASE {"elapsed_seconds":12946.0098216,"iteration":1977,"iteration_seconds":25.6107691,"phase":"iteration_complete","training_seconds":12499.521677499995}
STUDY_PHASE {"elapsed_seconds":12970.99054,"iteration":1978,"iteration_seconds":24.9806736,"phase":"iteration_complete","training_seconds":12524.502351099994}
STUDY_PHASE {"elapsed_seconds":12998.3397262,"iteration":1979,"iteration_seconds":27.3491412,"phase":"iteration_complete","training_seconds":12551.851492299995}
STUDY_PHASE {"elapsed_seconds":13023.6396842,"iteration":1980,"iteration_seconds":25.299912,"phase":"iteration_complete","training_seconds":12577.151404299995}
STUDY_PHASE {"elapsed_seconds":13048.1660909,"iteration":1981,"iteration_seconds":24.52636,"phase":"iteration_complete","training_seconds":12601.677764299995}
STUDY_PHASE {"elapsed_seconds":13075.812218,"iteration":1982,"iteration_seconds":27.6460941,"phase":"iteration_complete","training_seconds":12629.323858399996}
STUDY_PHASE {"elapsed_seconds":13102.366852,"iteration":1983,"iteration_seconds":26.5545944,"phase":"iteration_complete","training_seconds":12655.878452799996}
STUDY_PHASE {"elapsed_seconds":13128.1746115,"iteration":1984,"iteration_seconds":25.807713,"phase":"iteration_complete","training_seconds":12681.686165799996}
STUDY_PHASE {"elapsed_seconds":13154.3275868,"iteration":1985,"iteration_seconds":26.1529348,"phase":"iteration_complete","training_seconds":12707.839100599997}
STUDY_PHASE {"elapsed_seconds":13179.576412,"iteration":1986,"iteration_seconds":25.2487966,"phase":"iteration_complete","training_seconds":12733.087897199997}
STUDY_PHASE {"elapsed_seconds":13204.6961219,"iteration":1987,"iteration_seconds":25.1196737,"phase":"iteration_complete","training_seconds":12758.207570899996}
STUDY_PHASE {"elapsed_seconds":13230.1519607,"iteration":1988,"iteration_seconds":25.4557935,"phase":"iteration_complete","training_seconds":12783.663364399996}
STUDY_PHASE {"elapsed_seconds":13256.7977572,"iteration":1989,"iteration_seconds":26.6457615,"phase":"iteration_complete","training_seconds":12810.309125899996}
STUDY_PHASE {"elapsed_seconds":13282.1790612,"iteration":1990,"iteration_seconds":25.3812682,"phase":"iteration_complete","training_seconds":12835.690394099996}
STUDY_PHASE {"elapsed_seconds":13308.4168516,"iteration":1991,"iteration_seconds":26.2377471,"phase":"iteration_complete","training_seconds":12861.928141199996}
STUDY_PHASE {"elapsed_seconds":13333.991819,"iteration":1992,"iteration_seconds":25.5749221,"phase":"iteration_complete","training_seconds":12887.503063299997}
STUDY_PHASE {"elapsed_seconds":13359.7339177,"iteration":1993,"iteration_seconds":25.7420606,"phase":"iteration_complete","training_seconds":12913.245123899997}
STUDY_PHASE {"elapsed_seconds":13386.320956,"iteration":1994,"iteration_seconds":26.5869974,"phase":"iteration_complete","training_seconds":12939.832121299996}
STUDY_PHASE {"elapsed_seconds":13412.6606442,"iteration":1995,"iteration_seconds":26.3396488,"phase":"iteration_complete","training_seconds":12966.171770099996}
STUDY_PHASE {"elapsed_seconds":13439.6150291,"iteration":1996,"iteration_seconds":26.954346,"phase":"iteration_complete","training_seconds":12993.126116099997}
STUDY_PHASE {"elapsed_seconds":13465.1765865,"iteration":1997,"iteration_seconds":25.5615035,"phase":"iteration_complete","training_seconds":13018.687619599996}
STUDY_PHASE {"elapsed_seconds":13490.965208,"iteration":1998,"iteration_seconds":25.7885815,"phase":"iteration_complete","training_seconds":13044.476201099997}
STUDY_PHASE {"elapsed_seconds":13516.9450288,"iteration":1999,"iteration_seconds":25.9797935,"phase":"iteration_complete","training_seconds":13070.455994599997}
STUDY_PHASE {"elapsed_seconds":13541.9709541,"iteration":2000,"iteration_seconds":25.0258824,"phase":"iteration_complete","training_seconds":13095.481876999997}
STUDY_PHASE {"elapsed_seconds":13541.9709901,"iteration":2000,"phase":"evaluation_start"}
STUDY_PHASE {"elapsed_seconds":13807.9376305,"evaluation_seconds":532.471557,"iteration":2000,"phase":"evaluation_complete"}
2000 gap=0.005085062606665858 elapsed=13807.9
STUDY_CHECKPOINT {"iteration":2000,"payload_bytes":61718644664,"saved":"S:\\GTOpen-research\\strategic-segments-v1\\strategic-weighted112-2000-v1\\final"}
