seat0 entry mass removed=0.000001620262771236195
seat1 entry mass removed=0.0000012845353565876034
gpu: 432881 nodes, 13 levels, staging+arenas 1146.5 MB
GPU_STORAGE_MAP active=165920 missing_active=0 all_tree_missing=3430
stored AdAcJc pot=39.5: bytes=291691520 disk=false workspace=1438213480
gpu: 432881 nodes, 13 levels, staging+arenas 1212.2 MB
GPU_STORAGE_MAP active=165920 missing_active=0 all_tree_missing=3430
stored AdAc3c pot=39.5: bytes=309010704 disk=false workspace=1521219632
gpu: 432881 nodes, 13 levels, staging+arenas 1213.3 MB
stored AcKd9h pot=39.5: bytes=519811040 disk=false workspace=1526172336
gpu: 432881 nodes, 13 levels, staging+arenas 1241.7 MB
stored AcKd5h pot=39.5: bytes=532041888 disk=false workspace=1550674600
gpu: 432881 nodes, 13 levels, staging+arenas 1199.4 MB
GPU_STORAGE_MAP active=165920 missing_active=0 all_tree_missing=3430
stored AcKcQc pot=39.5: bytes=144717320 disk=false workspace=1550674600
gpu: 432881 nodes, 13 levels, staging+arenas 1211.2 MB
stored AcQdJh pot=39.5: bytes=516753328 disk=false workspace=1550674600
gpu: 432881 nodes, 13 levels, staging+arenas 1261.2 MB
stored AcQd7h pot=39.5: bytes=539686168 disk=false workspace=1570224160
gpu: 432881 nodes, 13 levels, staging+arenas 1279.3 MB
stored AcQd3h pot=39.5: bytes=547330448 disk=false workspace=1588340160
gpu: 432881 nodes, 13 levels, staging+arenas 1275.4 MB
GPU_STORAGE_MAP active=165920 missing_active=0 all_tree_missing=3430
stored AcQc4d pot=39.5: bytes=325418352 disk=false workspace=1604747808
gpu: 432881 nodes, 13 levels, staging+arenas 1236.7 MB
GPU_STORAGE_MAP active=165920 missing_active=0 all_tree_missing=3430
stored AcJd8c pot=39.5: bytes=315391456 disk=false workspace=1604747808
gpu: 432881 nodes, 13 levels, staging+arenas 1270.1 MB
GPU_STORAGE_MAP active=165920 missing_active=0 all_tree_missing=3430
stored AcJd4c pot=39.5: bytes=324506816 disk=false workspace=1608135696
gpu: 432881 nodes, 13 levels, staging+arenas 1268.6 MB
GPU_STORAGE_MAP active=165920 missing_active=0 all_tree_missing=3430
stored AcJc4d pot=39.5: bytes=324506816 disk=false workspace=1611523584
gpu: 432881 nodes, 13 levels, staging+arenas 1256.9 MB
GPU_STORAGE_MAP active=165920 missing_active=0 all_tree_missing=3430
stored AcTd7d pot=39.5: bytes=321772208 disk=false workspace=1611523584
gpu: 432881 nodes, 13 levels, staging+arenas 1278.9 MB
GPU_STORAGE_MAP active=165920 missing_active=0 all_tree_missing=3430
stored AcTd3c pot=39.5: bytes=327241424 disk=false workspace=1614911472
gpu: 432881 nodes, 13 levels, staging+arenas 1267.2 MB
stored Ac9h9d pot=39.5: bytes=544272736 disk=false workspace=1614911472
gpu: 432881 nodes, 13 levels, staging+arenas 1295.6 MB
GPU_STORAGE_MAP active=165920 missing_active=0 all_tree_missing=3430
stored Ac9d5c pot=39.5: bytes=331799104 disk=false workspace=1627420232
gpu: 432881 nodes, 13 levels, staging+arenas 1291.7 MB
GPU_STORAGE_MAP active=165920 missing_active=0 all_tree_missing=3430
stored Ac9c6c pot=39.5: bytes=156813096 disk=false workspace=1627420232
gpu: 432881 nodes, 13 levels, staging+arenas 1290.7 MB
stored Ac8d5h pot=39.5: bytes=553445872 disk=false workspace=1627420232
gpu: 432881 nodes, 13 levels, staging+arenas 1297.1 MB
GPU_STORAGE_MAP active=165920 missing_active=0 all_tree_missing=3430
stored Ac8c7c pot=39.5: bytes=157245088 disk=false workspace=1631330144
gpu: 432881 nodes, 13 levels, staging+arenas 1316.2 MB
GPU_STORAGE_MAP active=165920 missing_active=0 all_tree_missing=3430
stored Ac7d5c pot=39.5: bytes=337268320 disk=false workspace=1653481800
gpu: 432881 nodes, 13 levels, staging+arenas 1324.0 MB
GPU_STORAGE_MAP active=165920 missing_active=0 all_tree_missing=3430
stored Ac7c3d pot=39.5: bytes=339091392 disk=false workspace=1663124696
gpu: 432881 nodes, 13 levels, staging+arenas 1330.4 MB
GPU_STORAGE_MAP active=165920 missing_active=0 all_tree_missing=3430
stored Ac6d3c pot=39.5: bytes=340914464 disk=false workspace=1671334032
gpu: 432881 nodes, 13 levels, staging+arenas 1327.9 MB
stored Ac5d3h pot=39.5: bytes=570263288 disk=false workspace=1671334032
gpu: 432881 nodes, 13 levels, staging+arenas 1338.2 MB
GPU_STORAGE_MAP active=165920 missing_active=0 all_tree_missing=3430
stored Ac4d3c pot=39.5: bytes=342737536 disk=false workspace=1680976928
gpu: 432881 nodes, 13 levels, staging+arenas 1346.1 MB
GPU_STORAGE_MAP active=165920 missing_active=0 all_tree_missing=3430
stored Ac2d2c pot=39.5: bytes=344560608 disk=false workspace=1690619824
gpu: 432881 nodes, 13 levels, staging+arenas 1291.7 MB
stored KdKc4h pot=39.5: bytes=554974728 disk=false workspace=1690619824
gpu: 432881 nodes, 13 levels, staging+arenas 1277.9 MB
stored KcQd9h pot=39.5: bytes=547330448 disk=false workspace=1690619824
gpu: 432881 nodes, 13 levels, staging+arenas 1310.2 MB
stored KcQd5h pot=39.5: bytes=561090152 disk=false workspace=1690619824
gpu: 432881 nodes, 13 levels, staging+arenas 1259.8 MB
GPU_STORAGE_MAP active=165920 missing_active=0 all_tree_missing=3430
stored KcQcTd pot=39.5: bytes=321772208 disk=false workspace=1690619824
gpu: 432881 nodes, 13 levels, staging+arenas 1256.9 MB
GPU_STORAGE_MAP active=165920 missing_active=0 all_tree_missing=3430
stored KcJdTd pot=39.5: bytes=321772208 disk=false workspace=1690619824
gpu: 432881 nodes, 13 levels, staging+arenas 1302.0 MB
GPU_STORAGE_MAP active=165920 missing_active=0 all_tree_missing=3430
stored KcJd6d pot=39.5: bytes=333622176 disk=false workspace=1690619824
gpu: 432881 nodes, 13 levels, staging+arenas 1313.7 MB
GPU_STORAGE_MAP active=165920 missing_active=0 all_tree_missing=3430
stored KcJd2c pot=39.5: bytes=336356784 disk=false workspace=1690619824
gpu: 432881 nodes, 13 levels, staging+arenas 1276.1 MB
stored KcTd9h pot=39.5: bytes=548859304 disk=false workspace=1690619824
gpu: 432881 nodes, 13 levels, staging+arenas 1308.4 MB
GPU_STORAGE_MAP active=165920 missing_active=0 all_tree_missing=3430
stored KcTd5d pot=39.5: bytes=335445248 disk=false workspace=1690619824
gpu: 432881 nodes, 13 levels, staging+arenas 1300.6 MB
GPU_STORAGE_MAP active=165920 missing_active=0 all_tree_missing=3430
stored KcTc7d pot=39.5: bytes=333622176 disk=false workspace=1690619824
gpu: 432881 nodes, 13 levels, staging+arenas 1325.1 MB
GPU_STORAGE_MAP active=165920 missing_active=0 all_tree_missing=3430
stored Kc9d7d pot=39.5: bytes=340002928 disk=false workspace=1694007712
gpu: 432881 nodes, 13 levels, staging+arenas 1339.3 MB
GPU_STORAGE_MAP active=165920 missing_active=0 all_tree_missing=3430
stored Kc9d3d pot=39.5: bytes=343649072 disk=false workspace=1697395600
gpu: 432881 nodes, 13 levels, staging+arenas 1326.5 MB
stored Kc8d7h pot=39.5: bytes=570263288 disk=false workspace=1697395600
gpu: 432881 nodes, 13 levels, staging+arenas 1344.6 MB
stored Kc8d3h pot=39.5: bytes=577907568 disk=false workspace=1697395600
gpu: 432881 nodes, 13 levels, staging+arenas 1349.6 MB
stored Kc7h7d pot=39.5: bytes=580965280 disk=false workspace=1699871952
gpu: 432881 nodes, 13 levels, staging+arenas 1363.8 MB
GPU_STORAGE_MAP active=165920 missing_active=0 all_tree_missing=3430
stored Kc7d3c pot=39.5: bytes=350029824 disk=false workspace=1713814272
gpu: 432881 nodes, 13 levels, staging+arenas 1359.9 MB
GPU_STORAGE_MAP active=165920 missing_active=0 all_tree_missing=3430
stored Kc6d5c pot=39.5: bytes=349118288 disk=false workspace=1713814272
gpu: 432881 nodes, 13 levels, staging+arenas 1370.2 MB
GPU_STORAGE_MAP active=165920 missing_active=0 all_tree_missing=3430
stored Kc6c3d pot=39.5: bytes=351852896 disk=false workspace=1722023608
gpu: 432881 nodes, 13 levels, staging+arenas 1367.7 MB
GPU_STORAGE_MAP active=165920 missing_active=0 all_tree_missing=3430
stored Kc5c4d pot=39.5: bytes=350941360 disk=false workspace=1722023608
gpu: 432881 nodes, 13 levels, staging+arenas 1385.8 MB
stored Kc3h3d pot=39.5: bytes=596253840 disk=false workspace=1737663256
gpu: 432881 nodes, 13 levels, staging+arenas 1317.0 MB
GPU_STORAGE_MAP active=165920 missing_active=0 all_tree_missing=3430
stored QdQc8c pot=39.5: bytes=335445248 disk=false workspace=1737663256
gpu: 432881 nodes, 13 levels, staging+arenas 1274.0 MB
stored QcJdTh pot=39.5: bytes=545801592 disk=false workspace=1737663256
gpu: 432881 nodes, 13 levels, staging+arenas 1325.5 MB
GPU_STORAGE_MAP active=165920 missing_active=0 all_tree_missing=3430
stored QcJd6d pot=39.5: bytes=339091392 disk=false workspace=1737663256
gpu: 432881 nodes, 13 levels, staging+arenas 1337.2 MB
GPU_STORAGE_MAP active=165920 missing_active=0 all_tree_missing=3430
stored QcJd2d pot=39.5: bytes=341826000 disk=false workspace=1737663256
gpu: 432881 nodes, 13 levels, staging+arenas 1299.5 MB
stored QcTd9h pot=39.5: bytes=558032440 disk=false workspace=1737663256
gpu: 432881 nodes, 13 levels, staging+arenas 1331.9 MB
stored QcTd5h pot=39.5: bytes=571792144 disk=false workspace=1737663256
gpu: 432881 nodes, 13 levels, staging+arenas 1308.8 MB
GPU_STORAGE_MAP active=165920 missing_active=0 all_tree_missing=3430
stored QcTc8d pot=39.5: bytes=334533712 disk=false workspace=1737663256
gpu: 432881 nodes, 13 levels, staging+arenas 1348.5 MB
stored Qc9d7h pot=39.5: bytes=579436424 disk=false workspace=1737663256
gpu: 432881 nodes, 13 levels, staging+arenas 1366.7 MB
GPU_STORAGE_MAP active=165920 missing_active=0 all_tree_missing=3430
stored Qc9d3d pot=39.5: bytes=350029824 disk=false workspace=1738574792
gpu: 432881 nodes, 13 levels, staging+arenas 1345.0 MB
GPU_STORAGE_MAP active=165920 missing_active=0 all_tree_missing=3430
stored Qc8d8c pot=39.5: bytes=343649072 disk=false workspace=1738574792
gpu: 432881 nodes, 13 levels, staging+arenas 1368.1 MB
GPU_STORAGE_MAP active=165920 missing_active=0 all_tree_missing=3430
stored Qc8d4c pot=39.5: bytes=350029824 disk=false workspace=1739486328
gpu: 432881 nodes, 13 levels, staging+arenas 1376.9 MB
stored Qc7h7d pot=39.5: bytes=591667272 disk=false workspace=1739486328
gpu: 432881 nodes, 13 levels, staging+arenas 1391.2 MB
GPU_STORAGE_MAP active=165920 missing_active=0 all_tree_missing=3430
stored Qc7d3d pot=39.5: bytes=356410576 disk=false workspace=1750952296
gpu: 432881 nodes, 13 levels, staging+arenas 1391.2 MB
GPU_STORAGE_MAP active=165920 missing_active=0 all_tree_missing=3430
stored Qc6d5d pot=39.5: bytes=356410576 disk=false workspace=1750952296
gpu: 432881 nodes, 13 levels, staging+arenas 1397.5 MB
GPU_STORAGE_MAP active=165920 missing_active=0 all_tree_missing=3430
stored Qc6c3d pot=39.5: bytes=358233648 disk=false workspace=1755773744
gpu: 432881 nodes, 13 levels, staging+arenas 1399.0 MB
GPU_STORAGE_MAP active=165920 missing_active=0 all_tree_missing=3430
stored Qc5d2c pot=39.5: bytes=358233648 disk=false workspace=1760595192
gpu: 432881 nodes, 13 levels, staging+arenas 1405.4 MB
GPU_STORAGE_MAP active=165920 missing_active=0 all_tree_missing=3430
stored Qc4c2d pot=39.5: bytes=360056720 disk=false workspace=1765416640
gpu: 432881 nodes, 13 levels, staging+arenas 1318.7 MB
stored JdJc7h pot=39.5: bytes=567205576 disk=false workspace=1765416640
gpu: 432881 nodes, 13 levels, staging+arenas 1300.6 MB
GPU_STORAGE_MAP active=165920 missing_active=0 all_tree_missing=3430
stored JcTd9d pot=39.5: bytes=333622176 disk=false workspace=1765416640
gpu: 432881 nodes, 13 levels, staging+arenas 1329.0 MB
GPU_STORAGE_MAP active=165920 missing_active=0 all_tree_missing=3430
stored JcTd5c pot=39.5: bytes=340914464 disk=false workspace=1765416640
gpu: 432881 nodes, 13 levels, staging+arenas 1323.6 MB
GPU_STORAGE_MAP active=165920 missing_active=0 all_tree_missing=3430
stored JcTc7c pot=39.5: bytes=161133016 disk=false workspace=1765416640
gpu: 432881 nodes, 13 levels, staging+arenas 1341.8 MB
GPU_STORAGE_MAP active=165920 missing_active=0 all_tree_missing=3430
stored Jc9d7c pot=39.5: bytes=344560608 disk=false workspace=1765416640
gpu: 432881 nodes, 13 levels, staging+arenas 1359.9 MB
GPU_STORAGE_MAP active=165920 missing_active=0 all_tree_missing=3430
stored Jc9d3c pot=39.5: bytes=349118288 disk=false workspace=1765416640
gpu: 432881 nodes, 13 levels, staging+arenas 1347.1 MB
stored Jc8d7h pot=39.5: bytes=579436424 disk=false workspace=1765416640
gpu: 432881 nodes, 13 levels, staging+arenas 1365.2 MB
stored Jc8d3h pot=39.5: bytes=587080704 disk=false workspace=1765416640
gpu: 432881 nodes, 13 levels, staging+arenas 1370.2 MB
GPU_STORAGE_MAP active=165920 missing_active=0 all_tree_missing=3430
stored Jc7d7c pot=39.5: bytes=351852896 disk=false workspace=1765416640
gpu: 432881 nodes, 13 levels, staging+arenas 1384.4 MB
stored Jc7d2h pot=39.5: bytes=596253840 disk=false workspace=1767892992
gpu: 432881 nodes, 13 levels, staging+arenas 1386.9 MB
stored Jc6d4h pot=39.5: bytes=597782696 disk=false workspace=1770369344
gpu: 432881 nodes, 13 levels, staging+arenas 1390.8 MB
GPU_STORAGE_MAP active=165920 missing_active=0 all_tree_missing=3430
stored Jc6c2d pot=39.5: bytes=357322112 disk=false workspace=1772192416
gpu: 432881 nodes, 13 levels, staging+arenas 1392.2 MB
GPU_STORAGE_MAP active=165920 missing_active=0 all_tree_missing=3430
stored Jc5c3d pot=39.5: bytes=357322112 disk=false workspace=1772192416
gpu: 432881 nodes, 13 levels, staging+arenas 1406.4 MB
GPU_STORAGE_MAP active=165920 missing_active=0 all_tree_missing=3430
stored Jc3d3c pot=39.5: bytes=360968256 disk=false workspace=1772192416
gpu: 432881 nodes, 13 levels, staging+arenas 1336.4 MB
stored TdTc5h pot=39.5: bytes=576378712 disk=false workspace=1772192416
gpu: 432881 nodes, 13 levels, staging+arenas 1350.6 MB
GPU_STORAGE_MAP active=165920 missing_active=0 all_tree_missing=3430
stored Tc9d7d pot=39.5: bytes=347295216 disk=false workspace=1772192416
gpu: 432881 nodes, 13 levels, staging+arenas 1364.8 MB
GPU_STORAGE_MAP active=165920 missing_active=0 all_tree_missing=3430
stored Tc9d3c pot=39.5: bytes=350941360 disk=false workspace=1772192416
gpu: 432881 nodes, 13 levels, staging+arenas 1352.1 MB
stored Tc8d7h pot=39.5: bytes=582494136 disk=false workspace=1772192416
gpu: 432881 nodes, 13 levels, staging+arenas 1370.2 MB
stored Tc8d3h pot=39.5: bytes=590138416 disk=false workspace=1772192416
gpu: 432881 nodes, 13 levels, staging+arenas 1375.1 MB
GPU_STORAGE_MAP active=165920 missing_active=0 all_tree_missing=3430
stored Tc7d7c pot=39.5: bytes=353675968 disk=false workspace=1772192416
gpu: 432881 nodes, 13 levels, staging+arenas 1389.3 MB
GPU_STORAGE_MAP active=165920 missing_active=0 all_tree_missing=3430
stored Tc7d3c pot=39.5: bytes=357322112 disk=false workspace=1775580304
gpu: 432881 nodes, 13 levels, staging+arenas 1385.4 MB
GPU_STORAGE_MAP active=165920 missing_active=0 all_tree_missing=3430
stored Tc6d5c pot=39.5: bytes=356410576 disk=false workspace=1775580304
gpu: 432881 nodes, 13 levels, staging+arenas 1395.7 MB
GPU_STORAGE_MAP active=165920 missing_active=0 all_tree_missing=3430
stored Tc6c3c pot=39.5: bytes=170204848 disk=false workspace=1778056656
gpu: 432881 nodes, 13 levels, staging+arenas 1393.2 MB
GPU_STORAGE_MAP active=165920 missing_active=0 all_tree_missing=3430
stored Tc5c4d pot=39.5: bytes=358233648 disk=false workspace=1778056656
gpu: 432881 nodes, 13 levels, staging+arenas 1411.4 MB
stored Tc3h3d pot=39.5: bytes=608484688 disk=false workspace=1778056656
gpu: 432881 nodes, 13 levels, staging+arenas 1385.4 MB
GPU_STORAGE_MAP active=165920 missing_active=0 all_tree_missing=3430
stored 9d9c5c pot=39.5: bytes=356410576 disk=false workspace=1778056656
gpu: 432881 nodes, 13 levels, staging+arenas 1382.9 MB
GPU_STORAGE_MAP active=165920 missing_active=0 all_tree_missing=3430
stored 9c8d6c pot=39.5: bytes=355499040 disk=false workspace=1778056656
gpu: 432881 nodes, 13 levels, staging+arenas 1380.5 MB
GPU_STORAGE_MAP active=165920 missing_active=0 all_tree_missing=3430
stored 9c8c7d pot=39.5: bytes=354587504 disk=false workspace=1778056656
gpu: 432881 nodes, 13 levels, staging+arenas 1403.5 MB
GPU_STORAGE_MAP active=165920 missing_active=0 all_tree_missing=3430
stored 9c7d5d pot=39.5: bytes=360968256 disk=false workspace=1778968192
gpu: 432881 nodes, 13 levels, staging+arenas 1413.8 MB
GPU_STORAGE_MAP active=165920 missing_active=0 all_tree_missing=3430
stored 9c7c4d pot=39.5: bytes=363702864 disk=false workspace=1782356080
gpu: 432881 nodes, 13 levels, staging+arenas 1420.2 MB
GPU_STORAGE_MAP active=165920 missing_active=0 all_tree_missing=3430
stored 9c6d3c pot=39.5: bytes=365525936 disk=false workspace=1785743968
gpu: 432881 nodes, 13 levels, staging+arenas 1421.7 MB
stored 9c5d3h pot=39.5: bytes=613071256 disk=false workspace=1789653880
gpu: 432881 nodes, 13 levels, staging+arenas 1428.0 MB
GPU_STORAGE_MAP active=165920 missing_active=0 all_tree_missing=3430
stored 9c4d3d pot=39.5: bytes=367349008 disk=false workspace=1795386864
gpu: 432881 nodes, 13 levels, staging+arenas 1435.9 MB
GPU_STORAGE_MAP active=165920 missing_active=0 all_tree_missing=3430
stored 9c2d2c pot=39.5: bytes=369172080 disk=false workspace=1805029760
gpu: 432881 nodes, 13 levels, staging+arenas 1407.4 MB
stored 8c7d6h pot=39.5: bytes=606955832 disk=false workspace=1805029760
gpu: 432881 nodes, 13 levels, staging+arenas 1419.2 MB
stored 8c7d2h pot=39.5: bytes=611542400 disk=false workspace=1805029760
gpu: 432881 nodes, 13 levels, staging+arenas 1421.7 MB
stored 8c6d4h pot=39.5: bytes=613071256 disk=false workspace=1805029760
gpu: 432881 nodes, 13 levels, staging+arenas 1420.6 MB
stored 8c5h5d pot=39.5: bytes=611542400 disk=false workspace=1805029760
gpu: 432881 nodes, 13 levels, staging+arenas 1427.0 MB
GPU_STORAGE_MAP active=165920 missing_active=0 all_tree_missing=3430
stored 8c5c2d pot=39.5: bytes=366437472 disk=false workspace=1805029760
gpu: 432881 nodes, 13 levels, staging+arenas 1437.3 MB
stored 8c3d2h pot=39.5: bytes=619186680 disk=false workspace=1808939672
gpu: 432881 nodes, 13 levels, staging+arenas 1442.2 MB
GPU_STORAGE_MAP active=165920 missing_active=0 all_tree_missing=3430
stored 7d7c2c pot=39.5: bytes=370995152 disk=false workspace=1813239096
gpu: 432881 nodes, 13 levels, staging+arenas 1444.7 MB
stored 7c6d2h pot=39.5: bytes=623773248 disk=false workspace=1815715448
gpu: 432881 nodes, 13 levels, staging+arenas 1446.2 MB
GPU_STORAGE_MAP active=165920 missing_active=0 all_tree_missing=3430
stored 7c5d3c pot=39.5: bytes=371906688 disk=false workspace=1820536896
gpu: 432881 nodes, 13 levels, staging+arenas 1452.5 MB
stored 7c4d2h pot=39.5: bytes=626830960 disk=false workspace=1824446808
gpu: 432881 nodes, 13 levels, staging+arenas 1448.6 MB
GPU_STORAGE_MAP active=165920 missing_active=0 all_tree_missing=3430
stored 6d6c5c pot=39.5: bytes=372818224 disk=false workspace=1825358344
gpu: 432881 nodes, 13 levels, staging+arenas 1452.5 MB
stored 6c5d2h pot=39.5: bytes=626830960 disk=false workspace=1825358344
gpu: 432881 nodes, 13 levels, staging+arenas 1458.9 MB
GPU_STORAGE_MAP active=165920 missing_active=0 all_tree_missing=3430
stored 6c4d2d pot=39.5: bytes=375552832 disk=false workspace=1834479216
gpu: 432881 nodes, 13 levels, staging+arenas 1457.9 MB
stored 5d5c3h pot=39.5: bytes=628359816 disk=false workspace=1838389128
gpu: 432881 nodes, 13 levels, staging+arenas 1468.2 MB
stored 5c3h3d pot=39.5: bytes=632946384 disk=false workspace=1846208952
gpu: 432881 nodes, 13 levels, staging+arenas 1470.7 MB
stored 4c3d2h pot=39.5: bytes=634475240 disk=false workspace=1846208952
gpu: 143389 nodes, 11 levels, staging+arenas 376.6 MB
GPU_STORAGE_MAP active=52436 missing_active=0 all_tree_missing=1078
stored AdAcJc pot=93.5: bytes=85539840 disk=false workspace=1846208952
gpu: 143389 nodes, 11 levels, staging+arenas 398.1 MB
GPU_STORAGE_MAP active=52436 missing_active=0 all_tree_missing=1078
stored AdAc3c pot=93.5: bytes=90618768 disk=false workspace=1846208952
gpu: 143389 nodes, 11 levels, staging+arenas 398.4 MB
stored AcKd9h pot=93.5: bytes=152224800 disk=false workspace=1846208952
gpu: 143389 nodes, 11 levels, staging+arenas 407.7 MB
stored AcKd5h pot=93.5: bytes=155806560 disk=false workspace=1846208952
gpu: 143389 nodes, 11 levels, staging+arenas 393.9 MB
GPU_STORAGE_MAP active=52436 missing_active=0 all_tree_missing=1078
stored AcKcQc pot=93.5: bytes=42550360 disk=false workspace=1846208952
gpu: 143389 nodes, 11 levels, staging+arenas 397.8 MB
stored AcQdJh pot=93.5: bytes=151329360 disk=false workspace=1846208952
gpu: 143389 nodes, 11 levels, staging+arenas 414.2 MB
stored AcQd7h pot=93.5: bytes=158045160 disk=false workspace=1846208952
gpu: 143389 nodes, 11 levels, staging+arenas 420.1 MB
stored AcQd3h pot=93.5: bytes=160283760 disk=false workspace=1846208952
gpu: 143389 nodes, 11 levels, staging+arenas 418.8 MB
GPU_STORAGE_MAP active=52436 missing_active=0 all_tree_missing=1078
stored AcQc4d pot=93.5: bytes=95430384 disk=false workspace=1846208952
gpu: 143389 nodes, 11 levels, staging+arenas 406.1 MB
GPU_STORAGE_MAP active=52436 missing_active=0 all_tree_missing=1078
stored AcJd8c pot=93.5: bytes=92489952 disk=false workspace=1846208952
gpu: 143389 nodes, 11 levels, staging+arenas 417.0 MB
GPU_STORAGE_MAP active=52436 missing_active=0 all_tree_missing=1078
stored AcJd4c pot=93.5: bytes=95163072 disk=false workspace=1846208952
gpu: 143389 nodes, 11 levels, staging+arenas 416.5 MB
GPU_STORAGE_MAP active=52436 missing_active=0 all_tree_missing=1078
stored AcJc4d pot=93.5: bytes=95163072 disk=false workspace=1846208952
gpu: 143389 nodes, 11 levels, staging+arenas 412.7 MB
GPU_STORAGE_MAP active=52436 missing_active=0 all_tree_missing=1078
stored AcTd7d pot=93.5: bytes=94361136 disk=false workspace=1846208952
gpu: 143389 nodes, 11 levels, staging+arenas 419.9 MB
GPU_STORAGE_MAP active=52436 missing_active=0 all_tree_missing=1078
stored AcTd3c pot=93.5: bytes=95965008 disk=false workspace=1846208952
gpu: 143389 nodes, 11 levels, staging+arenas 416.0 MB
stored Ac9h9d pot=93.5: bytes=159388320 disk=false workspace=1846208952
gpu: 143389 nodes, 11 levels, staging+arenas 425.4 MB
GPU_STORAGE_MAP active=52436 missing_active=0 all_tree_missing=1078
stored Ac9d5c pot=93.5: bytes=97301568 disk=false workspace=1846208952
gpu: 143389 nodes, 11 levels, staging+arenas 424.1 MB
GPU_STORAGE_MAP active=52436 missing_active=0 all_tree_missing=1078
stored Ac9c6c pot=93.5: bytes=46106808 disk=false workspace=1846208952
gpu: 143389 nodes, 11 levels, staging+arenas 423.8 MB
stored Ac8d5h pot=93.5: bytes=162074640 disk=false workspace=1846208952
gpu: 143389 nodes, 11 levels, staging+arenas 425.9 MB
GPU_STORAGE_MAP active=52436 missing_active=0 all_tree_missing=1078
stored Ac8c7c pot=93.5: bytes=46233824 disk=false workspace=1846208952
gpu: 143389 nodes, 11 levels, staging+arenas 432.1 MB
GPU_STORAGE_MAP active=52436 missing_active=0 all_tree_missing=1078
stored Ac7d5c pot=93.5: bytes=98905440 disk=false workspace=1846208952
gpu: 143389 nodes, 11 levels, staging+arenas 434.7 MB
GPU_STORAGE_MAP active=52436 missing_active=0 all_tree_missing=1078
stored Ac7c3d pot=93.5: bytes=99440064 disk=false workspace=1846208952
gpu: 143389 nodes, 11 levels, staging+arenas 436.8 MB
GPU_STORAGE_MAP active=52436 missing_active=0 all_tree_missing=1078
stored Ac6d3c pot=93.5: bytes=99974688 disk=false workspace=1846208952
gpu: 143389 nodes, 11 levels, staging+arenas 436.0 MB
stored Ac5d3h pot=93.5: bytes=166999560 disk=false workspace=1846208952
gpu: 143389 nodes, 11 levels, staging+arenas 439.3 MB
GPU_STORAGE_MAP active=52436 missing_active=0 all_tree_missing=1078
stored Ac4d3c pot=93.5: bytes=100509312 disk=false workspace=1846208952
gpu: 143389 nodes, 11 levels, staging+arenas 441.9 MB
GPU_STORAGE_MAP active=52436 missing_active=0 all_tree_missing=1078
stored Ac2d2c pot=93.5: bytes=101043936 disk=false workspace=1846208952
gpu: 143389 nodes, 11 levels, staging+arenas 424.1 MB
stored KdKc4h pot=93.5: bytes=162522360 disk=false workspace=1846208952
gpu: 143389 nodes, 11 levels, staging+arenas 419.6 MB
stored KcQd9h pot=93.5: bytes=160283760 disk=false workspace=1846208952
gpu: 143389 nodes, 11 levels, staging+arenas 430.2 MB
stored KcQd5h pot=93.5: bytes=164313240 disk=false workspace=1846208952
gpu: 143389 nodes, 11 levels, staging+arenas 413.7 MB
GPU_STORAGE_MAP active=52436 missing_active=0 all_tree_missing=1078
stored KcQcTd pot=93.5: bytes=94361136 disk=false workspace=1846208952
gpu: 143389 nodes, 11 levels, staging+arenas 412.7 MB
GPU_STORAGE_MAP active=52436 missing_active=0 all_tree_missing=1078
stored KcJdTd pot=93.5: bytes=94361136 disk=false workspace=1846208952
gpu: 143389 nodes, 11 levels, staging+arenas 427.4 MB
GPU_STORAGE_MAP active=52436 missing_active=0 all_tree_missing=1078
stored KcJd6d pot=93.5: bytes=97836192 disk=false workspace=1846208952
gpu: 143389 nodes, 11 levels, staging+arenas 431.3 MB
GPU_STORAGE_MAP active=52436 missing_active=0 all_tree_missing=1078
stored KcJd2c pot=93.5: bytes=98638128 disk=false workspace=1846208952
gpu: 143389 nodes, 11 levels, staging+arenas 418.9 MB
stored KcTd9h pot=93.5: bytes=160731480 disk=false workspace=1846208952
gpu: 143389 nodes, 11 levels, staging+arenas 429.5 MB
GPU_STORAGE_MAP active=52436 missing_active=0 all_tree_missing=1078
stored KcTd5d pot=93.5: bytes=98370816 disk=false workspace=1846208952
gpu: 143389 nodes, 11 levels, staging+arenas 426.9 MB
GPU_STORAGE_MAP active=52436 missing_active=0 all_tree_missing=1078
stored KcTc7d pot=93.5: bytes=97836192 disk=false workspace=1846208952
gpu: 143389 nodes, 11 levels, staging+arenas 435.0 MB
GPU_STORAGE_MAP active=52436 missing_active=0 all_tree_missing=1078
stored Kc9d7d pot=93.5: bytes=99707376 disk=false workspace=1846208952
gpu: 143389 nodes, 11 levels, staging+arenas 439.6 MB
GPU_STORAGE_MAP active=52436 missing_active=0 all_tree_missing=1078
stored Kc9d3d pot=93.5: bytes=100776624 disk=false workspace=1846208952
gpu: 143389 nodes, 11 levels, staging+arenas 435.5 MB
stored Kc8d7h pot=93.5: bytes=166999560 disk=false workspace=1846208952
gpu: 143389 nodes, 11 levels, staging+arenas 441.4 MB
stored Kc8d3h pot=93.5: bytes=169238160 disk=false workspace=1846208952
gpu: 143389 nodes, 11 levels, staging+arenas 443.0 MB
stored Kc7h7d pot=93.5: bytes=170133600 disk=false workspace=1846208952
gpu: 143389 nodes, 11 levels, staging+arenas 447.7 MB
GPU_STORAGE_MAP active=52436 missing_active=0 all_tree_missing=1078
stored Kc7d3c pot=93.5: bytes=102647808 disk=false workspace=1846208952
gpu: 143389 nodes, 11 levels, staging+arenas 446.4 MB
GPU_STORAGE_MAP active=52436 missing_active=0 all_tree_missing=1078
stored Kc6d5c pot=93.5: bytes=102380496 disk=false workspace=1846208952
gpu: 143389 nodes, 11 levels, staging+arenas 449.8 MB
GPU_STORAGE_MAP active=52436 missing_active=0 all_tree_missing=1078
stored Kc6c3d pot=93.5: bytes=103182432 disk=false workspace=1846208952
gpu: 143389 nodes, 11 levels, staging+arenas 449.0 MB
GPU_STORAGE_MAP active=52436 missing_active=0 all_tree_missing=1078
stored Kc5c4d pot=93.5: bytes=102915120 disk=false workspace=1846208952
gpu: 143389 nodes, 11 levels, staging+arenas 454.9 MB
stored Kc3h3d pot=93.5: bytes=174610800 disk=false workspace=1846208952
gpu: 143389 nodes, 11 levels, staging+arenas 432.5 MB
GPU_STORAGE_MAP active=52436 missing_active=0 all_tree_missing=1078
stored QdQc8c pot=93.5: bytes=98370816 disk=false workspace=1846208952
gpu: 143389 nodes, 11 levels, staging+arenas 418.3 MB
stored QcJdTh pot=93.5: bytes=159836040 disk=false workspace=1846208952
gpu: 143389 nodes, 11 levels, staging+arenas 435.2 MB
GPU_STORAGE_MAP active=52436 missing_active=0 all_tree_missing=1078
stored QcJd6d pot=93.5: bytes=99440064 disk=false workspace=1846208952
gpu: 143389 nodes, 11 levels, staging+arenas 439.1 MB
GPU_STORAGE_MAP active=52436 missing_active=0 all_tree_missing=1078
stored QcJd2d pot=93.5: bytes=100242000 disk=false workspace=1846208952
gpu: 143389 nodes, 11 levels, staging+arenas 426.6 MB
stored QcTd9h pot=93.5: bytes=163417800 disk=false workspace=1846208952
gpu: 143389 nodes, 11 levels, staging+arenas 437.3 MB
stored QcTd5h pot=93.5: bytes=167447280 disk=false workspace=1846208952
gpu: 143389 nodes, 11 levels, staging+arenas 429.7 MB
GPU_STORAGE_MAP active=52436 missing_active=0 all_tree_missing=1078
stored QcTc8d pot=93.5: bytes=98103504 disk=false workspace=1846208952
gpu: 143389 nodes, 11 levels, staging+arenas 442.7 MB
stored Qc9d7h pot=93.5: bytes=169685880 disk=false workspace=1846208952
gpu: 143389 nodes, 11 levels, staging+arenas 448.7 MB
GPU_STORAGE_MAP active=52436 missing_active=0 all_tree_missing=1078
stored Qc9d3d pot=93.5: bytes=102647808 disk=false workspace=1846208952
gpu: 143389 nodes, 11 levels, staging+arenas 441.6 MB
GPU_STORAGE_MAP active=52436 missing_active=0 all_tree_missing=1078
stored Qc8d8c pot=93.5: bytes=100776624 disk=false workspace=1846208952
gpu: 143389 nodes, 11 levels, staging+arenas 449.2 MB
GPU_STORAGE_MAP active=52436 missing_active=0 all_tree_missing=1078
stored Qc8d4c pot=93.5: bytes=102647808 disk=false workspace=1846208952
gpu: 143389 nodes, 11 levels, staging+arenas 452.0 MB
stored Qc7h7d pot=93.5: bytes=173267640 disk=false workspace=1846208952
gpu: 143389 nodes, 11 levels, staging+arenas 456.7 MB
GPU_STORAGE_MAP active=52436 missing_active=0 all_tree_missing=1078
stored Qc7d3d pot=93.5: bytes=104518992 disk=false workspace=1846208952
gpu: 143389 nodes, 11 levels, staging+arenas 456.7 MB
GPU_STORAGE_MAP active=52436 missing_active=0 all_tree_missing=1078
stored Qc6d5d pot=93.5: bytes=104518992 disk=false workspace=1846208952
gpu: 143389 nodes, 11 levels, staging+arenas 458.8 MB
GPU_STORAGE_MAP active=52436 missing_active=0 all_tree_missing=1078
stored Qc6c3d pot=93.5: bytes=105053616 disk=false workspace=1846208952
gpu: 143389 nodes, 11 levels, staging+arenas 459.3 MB
GPU_STORAGE_MAP active=52436 missing_active=0 all_tree_missing=1078
stored Qc5d2c pot=93.5: bytes=105053616 disk=false workspace=1846208952
gpu: 143389 nodes, 11 levels, staging+arenas 461.4 MB
GPU_STORAGE_MAP active=52436 missing_active=0 all_tree_missing=1078
stored Qc4c2d pot=93.5: bytes=105588240 disk=false workspace=1846208952
gpu: 143389 nodes, 11 levels, staging+arenas 432.9 MB
stored JdJc7h pot=93.5: bytes=166104120 disk=false workspace=1846208952
gpu: 143389 nodes, 11 levels, staging+arenas 426.9 MB
GPU_STORAGE_MAP active=52436 missing_active=0 all_tree_missing=1078
stored JcTd9d pot=93.5: bytes=97836192 disk=false workspace=1846208952
gpu: 143389 nodes, 11 levels, staging+arenas 436.3 MB
GPU_STORAGE_MAP active=52436 missing_active=0 all_tree_missing=1078
stored JcTd5c pot=93.5: bytes=99974688 disk=false workspace=1846208952
gpu: 143389 nodes, 11 levels, staging+arenas 434.5 MB
GPU_STORAGE_MAP active=52436 missing_active=0 all_tree_missing=1078
stored JcTc7c pot=93.5: bytes=47376968 disk=false workspace=1846208952
gpu: 143389 nodes, 11 levels, staging+arenas 440.4 MB
GPU_STORAGE_MAP active=52436 missing_active=0 all_tree_missing=1078
stored Jc9d7c pot=93.5: bytes=101043936 disk=false workspace=1846208952
gpu: 143389 nodes, 11 levels, staging+arenas 446.4 MB
GPU_STORAGE_MAP active=52436 missing_active=0 all_tree_missing=1078
stored Jc9d3c pot=93.5: bytes=102380496 disk=false workspace=1846208952
gpu: 143389 nodes, 11 levels, staging+arenas 442.2 MB
stored Jc8d7h pot=93.5: bytes=169685880 disk=false workspace=1846208952
gpu: 143389 nodes, 11 levels, staging+arenas 448.2 MB
stored Jc8d3h pot=93.5: bytes=171924480 disk=false workspace=1846208952
gpu: 143389 nodes, 11 levels, staging+arenas 449.8 MB
GPU_STORAGE_MAP active=52436 missing_active=0 all_tree_missing=1078
stored Jc7d7c pot=93.5: bytes=103182432 disk=false workspace=1846208952
gpu: 143389 nodes, 11 levels, staging+arenas 454.4 MB
stored Jc7d2h pot=93.5: bytes=174610800 disk=false workspace=1846208952
gpu: 143389 nodes, 11 levels, staging+arenas 455.2 MB
stored Jc6d4h pot=93.5: bytes=175058520 disk=false workspace=1846208952
gpu: 143389 nodes, 11 levels, staging+arenas 456.5 MB
GPU_STORAGE_MAP active=52436 missing_active=0 all_tree_missing=1078
stored Jc6c2d pot=93.5: bytes=104786304 disk=false workspace=1846208952
gpu: 143389 nodes, 11 levels, staging+arenas 457.0 MB
GPU_STORAGE_MAP active=52436 missing_active=0 all_tree_missing=1078
stored Jc5c3d pot=93.5: bytes=104786304 disk=false workspace=1846208952
gpu: 143389 nodes, 11 levels, staging+arenas 461.7 MB
GPU_STORAGE_MAP active=52436 missing_active=0 all_tree_missing=1078
stored Jc3d3c pot=93.5: bytes=105855552 disk=false workspace=1846208952
gpu: 143389 nodes, 11 levels, staging+arenas 438.6 MB
stored TdTc5h pot=93.5: bytes=168790440 disk=false workspace=1846208952
gpu: 143389 nodes, 11 levels, staging+arenas 443.3 MB
GPU_STORAGE_MAP active=52436 missing_active=0 all_tree_missing=1078
stored Tc9d7d pot=93.5: bytes=101845872 disk=false workspace=1846208952
gpu: 143389 nodes, 11 levels, staging+arenas 448.0 MB
GPU_STORAGE_MAP active=52436 missing_active=0 all_tree_missing=1078
stored Tc9d3c pot=93.5: bytes=102915120 disk=false workspace=1846208952
gpu: 143389 nodes, 11 levels, staging+arenas 443.8 MB
stored Tc8d7h pot=93.5: bytes=170581320 disk=false workspace=1846208952
gpu: 143389 nodes, 11 levels, staging+arenas 449.8 MB
stored Tc8d3h pot=93.5: bytes=172819920 disk=false workspace=1846208952
gpu: 143389 nodes, 11 levels, staging+arenas 451.3 MB
GPU_STORAGE_MAP active=52436 missing_active=0 all_tree_missing=1078
stored Tc7d7c pot=93.5: bytes=103717056 disk=false workspace=1846208952
gpu: 143389 nodes, 11 levels, staging+arenas 456.0 MB
GPU_STORAGE_MAP active=52436 missing_active=0 all_tree_missing=1078
stored Tc7d3c pot=93.5: bytes=104786304 disk=false workspace=1846208952
gpu: 143389 nodes, 11 levels, staging+arenas 454.7 MB
GPU_STORAGE_MAP active=52436 missing_active=0 all_tree_missing=1078
stored Tc6d5c pot=93.5: bytes=104518992 disk=false workspace=1846208952
gpu: 143389 nodes, 11 levels, staging+arenas 458.1 MB
GPU_STORAGE_MAP active=52436 missing_active=0 all_tree_missing=1078
stored Tc6c3c pot=93.5: bytes=50044304 disk=false workspace=1846208952
gpu: 143389 nodes, 11 levels, staging+arenas 457.3 MB
GPU_STORAGE_MAP active=52436 missing_active=0 all_tree_missing=1078
stored Tc5c4d pot=93.5: bytes=105053616 disk=false workspace=1846208952
gpu: 143389 nodes, 11 levels, staging+arenas 463.2 MB
stored Tc3h3d pot=93.5: bytes=178192560 disk=false workspace=1846208952
gpu: 143389 nodes, 11 levels, staging+arenas 454.7 MB
GPU_STORAGE_MAP active=52436 missing_active=0 all_tree_missing=1078
stored 9d9c5c pot=93.5: bytes=104518992 disk=false workspace=1846208952
gpu: 143389 nodes, 11 levels, staging+arenas 453.9 MB
GPU_STORAGE_MAP active=52436 missing_active=0 all_tree_missing=1078
stored 9c8d6c pot=93.5: bytes=104251680 disk=false workspace=1846208952
gpu: 143389 nodes, 11 levels, staging+arenas 453.1 MB
GPU_STORAGE_MAP active=52436 missing_active=0 all_tree_missing=1078
stored 9c8c7d pot=93.5: bytes=103984368 disk=false workspace=1846208952
gpu: 143389 nodes, 11 levels, staging+arenas 460.7 MB
GPU_STORAGE_MAP active=52436 missing_active=0 all_tree_missing=1078
stored 9c7d5d pot=93.5: bytes=105855552 disk=false workspace=1846208952
gpu: 143389 nodes, 11 levels, staging+arenas 464.0 MB
GPU_STORAGE_MAP active=52436 missing_active=0 all_tree_missing=1078
stored 9c7c4d pot=93.5: bytes=106657488 disk=false workspace=1846208952
gpu: 143389 nodes, 11 levels, staging+arenas 466.1 MB
GPU_STORAGE_MAP active=52436 missing_active=0 all_tree_missing=1078
stored 9c6d3c pot=93.5: bytes=107192112 disk=false workspace=1846208952
gpu: 143389 nodes, 11 levels, staging+arenas 466.6 MB
stored 9c5d3h pot=93.5: bytes=179535720 disk=false workspace=1846208952
gpu: 143389 nodes, 11 levels, staging+arenas 468.7 MB
GPU_STORAGE_MAP active=52436 missing_active=0 all_tree_missing=1078
stored 9c4d3d pot=93.5: bytes=107726736 disk=false workspace=1846208952
gpu: 143389 nodes, 11 levels, staging+arenas 471.3 MB
GPU_STORAGE_MAP active=52436 missing_active=0 all_tree_missing=1078
stored 9c2d2c pot=93.5: bytes=108261360 disk=false workspace=1846208952
gpu: 143389 nodes, 11 levels, staging+arenas 462.0 MB
stored 8c7d6h pot=93.5: bytes=177744840 disk=false workspace=1846208952
gpu: 143389 nodes, 11 levels, staging+arenas 465.8 MB
stored 8c7d2h pot=93.5: bytes=179088000 disk=false workspace=1846208952
gpu: 143389 nodes, 11 levels, staging+arenas 466.6 MB
stored 8c6d4h pot=93.5: bytes=179535720 disk=false workspace=1846208952
gpu: 143389 nodes, 11 levels, staging+arenas 466.3 MB
stored 8c5h5d pot=93.5: bytes=179088000 disk=false workspace=1846208952
gpu: 143389 nodes, 11 levels, staging+arenas 468.4 MB
GPU_STORAGE_MAP active=52436 missing_active=0 all_tree_missing=1078
stored 8c5c2d pot=93.5: bytes=107459424 disk=false workspace=1846208952
gpu: 143389 nodes, 11 levels, staging+arenas 471.8 MB
stored 8c3d2h pot=93.5: bytes=181326600 disk=false workspace=1846208952
gpu: 143389 nodes, 11 levels, staging+arenas 473.4 MB
GPU_STORAGE_MAP active=52436 missing_active=0 all_tree_missing=1078
stored 7d7c2c pot=93.5: bytes=108795984 disk=false workspace=1846208952
gpu: 143389 nodes, 11 levels, staging+arenas 474.1 MB
stored 7c6d2h pot=93.5: bytes=182669760 disk=false workspace=1846208952
gpu: 143389 nodes, 11 levels, staging+arenas 474.6 MB
GPU_STORAGE_MAP active=52436 missing_active=0 all_tree_missing=1078
stored 7c5d3c pot=93.5: bytes=109063296 disk=false workspace=1846208952
gpu: 143389 nodes, 11 levels, staging+arenas 476.7 MB
stored 7c4d2h pot=93.5: bytes=183565200 disk=false workspace=1846208952
gpu: 143389 nodes, 11 levels, staging+arenas 475.4 MB
GPU_STORAGE_MAP active=52436 missing_active=0 all_tree_missing=1078
stored 6d6c5c pot=93.5: bytes=109330608 disk=false workspace=1846208952
gpu: 143389 nodes, 11 levels, staging+arenas 476.7 MB
stored 6c5d2h pot=93.5: bytes=183565200 disk=false workspace=1846208952
gpu: 143389 nodes, 11 levels, staging+arenas 478.8 MB
GPU_STORAGE_MAP active=52436 missing_active=0 all_tree_missing=1078
stored 6c4d2d pot=93.5: bytes=110132544 disk=false workspace=1846208952
gpu: 143389 nodes, 11 levels, staging+arenas 478.5 MB
stored 5d5c3h pot=93.5: bytes=184012920 disk=false workspace=1846208952
gpu: 143389 nodes, 11 levels, staging+arenas 481.9 MB
stored 5c3h3d pot=93.5: bytes=185356080 disk=false workspace=1846208952
gpu: 143389 nodes, 11 levels, staging+arenas 482.7 MB
stored 4c3d2h pot=93.5: bytes=185803800 disk=false workspace=1846208952
STUDY_CHECKPOINT {"iteration":1500,"payload_bytes":61718644664,"restored":"S:\\GTOpen-research\\strategic-segments-v1\\strategic-equal112-1500-v1\\final"}
STUDY_PHASE {"elapsed_seconds":179.8796055,"phase":"construction_complete"}
planned_strategy_writes=0
STUDY_PHASE {"elapsed_seconds":179.8796199,"iteration":1500,"iteration_seconds":1e-7,"phase":"iteration_complete","training_seconds":1e-7}
STUDY_PHASE {"elapsed_seconds":179.8796249,"iteration":1500,"phase":"evaluation_start"}
STUDY_PHASE {"elapsed_seconds":441.1014906,"evaluation_seconds":261.2218618,"iteration":1500,"phase":"evaluation_complete"}
1500 gap=0.007494127595808475 elapsed=441.1
STUDY_PHASE {"elapsed_seconds":466.3233526,"iteration":1501,"iteration_seconds":25.2096372,"phase":"iteration_complete","training_seconds":25.2096373}
STUDY_PHASE {"elapsed_seconds":490.5548824,"iteration":1502,"iteration_seconds":24.231501,"phase":"iteration_complete","training_seconds":49.441138300000006}
STUDY_PHASE {"elapsed_seconds":515.729555,"iteration":1503,"iteration_seconds":25.1746292,"phase":"iteration_complete","training_seconds":74.6157675}
STUDY_PHASE {"elapsed_seconds":540.9267084,"iteration":1504,"iteration_seconds":25.1971159,"phase":"iteration_complete","training_seconds":99.8128834}
STUDY_PHASE {"elapsed_seconds":565.5521988,"iteration":1505,"iteration_seconds":24.6254487,"phase":"iteration_complete","training_seconds":124.4383321}
STUDY_PHASE {"elapsed_seconds":590.9656326,"iteration":1506,"iteration_seconds":25.4133961,"phase":"iteration_complete","training_seconds":149.8517282}
STUDY_PHASE {"elapsed_seconds":616.8391261,"iteration":1507,"iteration_seconds":25.8734515,"phase":"iteration_complete","training_seconds":175.7251797}
STUDY_PHASE {"elapsed_seconds":641.7581458,"iteration":1508,"iteration_seconds":24.9189647,"phase":"iteration_complete","training_seconds":200.64414440000002}
STUDY_PHASE {"elapsed_seconds":668.3671987,"iteration":1509,"iteration_seconds":26.60902,"phase":"iteration_complete","training_seconds":227.2531644}
STUDY_PHASE {"elapsed_seconds":693.7039769,"iteration":1510,"iteration_seconds":25.3367417,"phase":"iteration_complete","training_seconds":252.5899061}
STUDY_PHASE {"elapsed_seconds":719.4155065,"iteration":1511,"iteration_seconds":25.7114898,"phase":"iteration_complete","training_seconds":278.3013959}
STUDY_PHASE {"elapsed_seconds":744.8579481,"iteration":1512,"iteration_seconds":25.4424042,"phase":"iteration_complete","training_seconds":303.7438001}
STUDY_PHASE {"elapsed_seconds":769.998271,"iteration":1513,"iteration_seconds":25.1402826,"phase":"iteration_complete","training_seconds":328.88408269999996}
STUDY_PHASE {"elapsed_seconds":796.1860444,"iteration":1514,"iteration_seconds":26.1877365,"phase":"iteration_complete","training_seconds":355.07181919999994}
STUDY_PHASE {"elapsed_seconds":821.2155607,"iteration":1515,"iteration_seconds":25.0294762,"phase":"iteration_complete","training_seconds":380.1012953999999}
STUDY_PHASE {"elapsed_seconds":846.3065345,"iteration":1516,"iteration_seconds":25.0909299,"phase":"iteration_complete","training_seconds":405.1922252999999}
STUDY_PHASE {"elapsed_seconds":870.8840674,"iteration":1517,"iteration_seconds":24.5774356,"phase":"iteration_complete","training_seconds":429.7696608999999}
STUDY_PHASE {"elapsed_seconds":895.935682,"iteration":1518,"iteration_seconds":25.0515666,"phase":"iteration_complete","training_seconds":454.8212274999999}
STUDY_PHASE {"elapsed_seconds":920.6462955,"iteration":1519,"iteration_seconds":24.7105783,"phase":"iteration_complete","training_seconds":479.5318057999999}
STUDY_PHASE {"elapsed_seconds":946.0501123,"iteration":1520,"iteration_seconds":25.4037809,"phase":"iteration_complete","training_seconds":504.93558669999993}
STUDY_PHASE {"elapsed_seconds":970.5566741,"iteration":1521,"iteration_seconds":24.5065196,"phase":"iteration_complete","training_seconds":529.4421063}
STUDY_PHASE {"elapsed_seconds":995.3156966,"iteration":1522,"iteration_seconds":24.7589799,"phase":"iteration_complete","training_seconds":554.2010862}
STUDY_PHASE {"elapsed_seconds":1020.523935,"iteration":1523,"iteration_seconds":25.2081961,"phase":"iteration_complete","training_seconds":579.4092823}
STUDY_PHASE {"elapsed_seconds":1045.0656605,"iteration":1524,"iteration_seconds":24.5416972,"phase":"iteration_complete","training_seconds":603.9509795}
STUDY_PHASE {"elapsed_seconds":1069.3058796,"iteration":1525,"iteration_seconds":24.2401744,"phase":"iteration_complete","training_seconds":628.1911539}
STUDY_PHASE {"elapsed_seconds":1094.8788951,"iteration":1526,"iteration_seconds":25.5729807,"phase":"iteration_complete","training_seconds":653.7641346}
STUDY_PHASE {"elapsed_seconds":1119.7280925,"iteration":1527,"iteration_seconds":24.8491619,"phase":"iteration_complete","training_seconds":678.6132965}
STUDY_PHASE {"elapsed_seconds":1144.4294219,"iteration":1528,"iteration_seconds":24.7012899,"phase":"iteration_complete","training_seconds":703.3145864}
STUDY_PHASE {"elapsed_seconds":1168.8112396,"iteration":1529,"iteration_seconds":24.3817886,"phase":"iteration_complete","training_seconds":727.6963750000001}
STUDY_PHASE {"elapsed_seconds":1193.4282827,"iteration":1530,"iteration_seconds":24.6170059,"phase":"iteration_complete","training_seconds":752.3133809000001}
STUDY_PHASE {"elapsed_seconds":1218.1918368,"iteration":1531,"iteration_seconds":24.7635127,"phase":"iteration_complete","training_seconds":777.0768936000001}
STUDY_PHASE {"elapsed_seconds":1243.8168771,"iteration":1532,"iteration_seconds":25.6250094,"phase":"iteration_complete","training_seconds":802.701903}
STUDY_PHASE {"elapsed_seconds":1268.6788265,"iteration":1533,"iteration_seconds":24.8619096,"phase":"iteration_complete","training_seconds":827.5638126}
STUDY_PHASE {"elapsed_seconds":1293.4569114,"iteration":1534,"iteration_seconds":24.7780468,"phase":"iteration_complete","training_seconds":852.3418594}
STUDY_PHASE {"elapsed_seconds":1318.5558307,"iteration":1535,"iteration_seconds":25.0988823,"phase":"iteration_complete","training_seconds":877.4407417}
STUDY_PHASE {"elapsed_seconds":1343.0590408,"iteration":1536,"iteration_seconds":24.503167,"phase":"iteration_complete","training_seconds":901.9439087}
STUDY_PHASE {"elapsed_seconds":1367.6246905,"iteration":1537,"iteration_seconds":24.5656117,"phase":"iteration_complete","training_seconds":926.5095203999999}
STUDY_PHASE {"elapsed_seconds":1392.6110917,"iteration":1538,"iteration_seconds":24.9863633,"phase":"iteration_complete","training_seconds":951.4958836999999}
STUDY_PHASE {"elapsed_seconds":1417.4061082,"iteration":1539,"iteration_seconds":24.7949752,"phase":"iteration_complete","training_seconds":976.2908588999999}
STUDY_PHASE {"elapsed_seconds":1441.8022052,"iteration":1540,"iteration_seconds":24.3960635,"phase":"iteration_complete","training_seconds":1000.6869223999998}
STUDY_PHASE {"elapsed_seconds":1466.9869662,"iteration":1541,"iteration_seconds":25.1847207,"phase":"iteration_complete","training_seconds":1025.8716430999998}
STUDY_PHASE {"elapsed_seconds":1492.1465648,"iteration":1542,"iteration_seconds":25.1595643,"phase":"iteration_complete","training_seconds":1051.0312073999999}
STUDY_PHASE {"elapsed_seconds":1516.9925537,"iteration":1543,"iteration_seconds":24.8459543,"phase":"iteration_complete","training_seconds":1075.8771616999998}
STUDY_PHASE {"elapsed_seconds":1542.1824466,"iteration":1544,"iteration_seconds":25.1898488,"phase":"iteration_complete","training_seconds":1101.0670104999997}
STUDY_PHASE {"elapsed_seconds":1567.5065305,"iteration":1545,"iteration_seconds":25.3240499,"phase":"iteration_complete","training_seconds":1126.3910603999998}
STUDY_PHASE {"elapsed_seconds":1594.7217172,"iteration":1546,"iteration_seconds":27.2151508,"phase":"iteration_complete","training_seconds":1153.6062111999997}
STUDY_PHASE {"elapsed_seconds":1619.8318141,"iteration":1547,"iteration_seconds":25.1100549,"phase":"iteration_complete","training_seconds":1178.7162660999998}
STUDY_PHASE {"elapsed_seconds":1646.052531,"iteration":1548,"iteration_seconds":26.2206763,"phase":"iteration_complete","training_seconds":1204.9369423999997}
STUDY_PHASE {"elapsed_seconds":1670.5771285,"iteration":1549,"iteration_seconds":24.5245571,"phase":"iteration_complete","training_seconds":1229.4614994999997}
STUDY_PHASE {"elapsed_seconds":1695.0298423,"iteration":1550,"iteration_seconds":24.452673,"phase":"iteration_complete","training_seconds":1253.9141724999997}
STUDY_PHASE {"elapsed_seconds":1719.8322244,"iteration":1551,"iteration_seconds":24.8023431,"phase":"iteration_complete","training_seconds":1278.7165155999996}
STUDY_PHASE {"elapsed_seconds":1745.00094,"iteration":1552,"iteration_seconds":25.1686775,"phase":"iteration_complete","training_seconds":1303.8851930999997}
STUDY_PHASE {"elapsed_seconds":1770.6459912,"iteration":1553,"iteration_seconds":25.6450126,"phase":"iteration_complete","training_seconds":1329.5302056999997}
STUDY_PHASE {"elapsed_seconds":1795.8098665,"iteration":1554,"iteration_seconds":25.1638348,"phase":"iteration_complete","training_seconds":1354.6940404999996}
STUDY_PHASE {"elapsed_seconds":1821.662161,"iteration":1555,"iteration_seconds":25.8522647,"phase":"iteration_complete","training_seconds":1380.5463051999996}
STUDY_PHASE {"elapsed_seconds":1846.6623839,"iteration":1556,"iteration_seconds":25.0001801,"phase":"iteration_complete","training_seconds":1405.5464852999996}
STUDY_PHASE {"elapsed_seconds":1872.3567294,"iteration":1557,"iteration_seconds":25.6943044,"phase":"iteration_complete","training_seconds":1431.2407896999996}
STUDY_PHASE {"elapsed_seconds":1897.7148531,"iteration":1558,"iteration_seconds":25.3580485,"phase":"iteration_complete","training_seconds":1456.5988381999996}
STUDY_PHASE {"elapsed_seconds":1922.5182871,"iteration":1559,"iteration_seconds":24.8033965,"phase":"iteration_complete","training_seconds":1481.4022346999996}
STUDY_PHASE {"elapsed_seconds":1946.8287582,"iteration":1560,"iteration_seconds":24.3104315,"phase":"iteration_complete","training_seconds":1505.7126661999996}
STUDY_PHASE {"elapsed_seconds":1972.2268157,"iteration":1561,"iteration_seconds":25.3980165,"phase":"iteration_complete","training_seconds":1531.1106826999996}
STUDY_PHASE {"elapsed_seconds":1997.4743655,"iteration":1562,"iteration_seconds":25.247486,"phase":"iteration_complete","training_seconds":1556.3581686999996}
STUDY_PHASE {"elapsed_seconds":2022.9374416,"iteration":1563,"iteration_seconds":25.4630465,"phase":"iteration_complete","training_seconds":1581.8212151999996}
STUDY_PHASE {"elapsed_seconds":2048.2557787,"iteration":1564,"iteration_seconds":25.3182977,"phase":"iteration_complete","training_seconds":1607.1395128999995}
STUDY_PHASE {"elapsed_seconds":2073.1762752,"iteration":1565,"iteration_seconds":24.9204604,"phase":"iteration_complete","training_seconds":1632.0599732999995}
STUDY_PHASE {"elapsed_seconds":2098.3995242,"iteration":1566,"iteration_seconds":25.2232081,"phase":"iteration_complete","training_seconds":1657.2831813999994}
STUDY_PHASE {"elapsed_seconds":2123.802535,"iteration":1567,"iteration_seconds":25.4029605,"phase":"iteration_complete","training_seconds":1682.6861418999995}
STUDY_PHASE {"elapsed_seconds":2148.205341,"iteration":1568,"iteration_seconds":24.4027582,"phase":"iteration_complete","training_seconds":1707.0889000999996}
STUDY_PHASE {"elapsed_seconds":2172.9173911,"iteration":1569,"iteration_seconds":24.7120043,"phase":"iteration_complete","training_seconds":1731.8009043999996}
STUDY_PHASE {"elapsed_seconds":2197.4963957,"iteration":1570,"iteration_seconds":24.5789642,"phase":"iteration_complete","training_seconds":1756.3798685999996}
STUDY_PHASE {"elapsed_seconds":2223.3101655,"iteration":1571,"iteration_seconds":25.8137347,"phase":"iteration_complete","training_seconds":1782.1936032999995}
STUDY_PHASE {"elapsed_seconds":2248.739241,"iteration":1572,"iteration_seconds":25.4290341,"phase":"iteration_complete","training_seconds":1807.6226373999996}
STUDY_PHASE {"elapsed_seconds":2273.3471798,"iteration":1573,"iteration_seconds":24.6078963,"phase":"iteration_complete","training_seconds":1832.2305336999996}
STUDY_PHASE {"elapsed_seconds":2298.1194468,"iteration":1574,"iteration_seconds":24.772229,"phase":"iteration_complete","training_seconds":1857.0027626999995}
STUDY_PHASE {"elapsed_seconds":2322.8205259,"iteration":1575,"iteration_seconds":24.701036,"phase":"iteration_complete","training_seconds":1881.7037986999994}
STUDY_PHASE {"elapsed_seconds":2347.0888498,"iteration":1576,"iteration_seconds":24.2682843,"phase":"iteration_complete","training_seconds":1905.9720829999994}
STUDY_PHASE {"elapsed_seconds":2373.3793616,"iteration":1577,"iteration_seconds":26.2904737,"phase":"iteration_complete","training_seconds":1932.2625566999993}
STUDY_PHASE {"elapsed_seconds":2399.0339714,"iteration":1578,"iteration_seconds":25.6545702,"phase":"iteration_complete","training_seconds":1957.9171268999994}
STUDY_PHASE {"elapsed_seconds":2424.1999733,"iteration":1579,"iteration_seconds":25.165952,"phase":"iteration_complete","training_seconds":1983.0830788999995}
STUDY_PHASE {"elapsed_seconds":2449.0955906,"iteration":1580,"iteration_seconds":24.8955787,"phase":"iteration_complete","training_seconds":2007.9786575999995}
STUDY_PHASE {"elapsed_seconds":2473.6538738,"iteration":1581,"iteration_seconds":24.5582456,"phase":"iteration_complete","training_seconds":2032.5369031999994}
STUDY_PHASE {"elapsed_seconds":2500.4405124,"iteration":1582,"iteration_seconds":26.7865994,"phase":"iteration_complete","training_seconds":2059.3235025999993}
STUDY_PHASE {"elapsed_seconds":2526.1258623,"iteration":1583,"iteration_seconds":25.6853149,"phase":"iteration_complete","training_seconds":2085.008817499999}
STUDY_PHASE {"elapsed_seconds":2551.404378,"iteration":1584,"iteration_seconds":25.2784752,"phase":"iteration_complete","training_seconds":2110.287292699999}
STUDY_PHASE {"elapsed_seconds":2576.3064499,"iteration":1585,"iteration_seconds":24.9020315,"phase":"iteration_complete","training_seconds":2135.1893241999987}
STUDY_PHASE {"elapsed_seconds":2601.4337488,"iteration":1586,"iteration_seconds":25.1272642,"phase":"iteration_complete","training_seconds":2160.3165883999986}
STUDY_PHASE {"elapsed_seconds":2626.8963251,"iteration":1587,"iteration_seconds":25.4625371,"phase":"iteration_complete","training_seconds":2185.779125499999}
STUDY_PHASE {"elapsed_seconds":2652.1135365,"iteration":1588,"iteration_seconds":25.2171707,"phase":"iteration_complete","training_seconds":2210.996296199999}
STUDY_PHASE {"elapsed_seconds":2677.8680739,"iteration":1589,"iteration_seconds":25.7545013,"phase":"iteration_complete","training_seconds":2236.750797499999}
STUDY_PHASE {"elapsed_seconds":2703.0416244,"iteration":1590,"iteration_seconds":25.1735107,"phase":"iteration_complete","training_seconds":2261.924308199999}
STUDY_PHASE {"elapsed_seconds":2727.7724265,"iteration":1591,"iteration_seconds":24.7307593,"phase":"iteration_complete","training_seconds":2286.655067499999}
STUDY_PHASE {"elapsed_seconds":2752.5624829,"iteration":1592,"iteration_seconds":24.790026,"phase":"iteration_complete","training_seconds":2311.445093499999}
STUDY_PHASE {"elapsed_seconds":2777.6375023,"iteration":1593,"iteration_seconds":25.0749916,"phase":"iteration_complete","training_seconds":2336.520085099999}
STUDY_PHASE {"elapsed_seconds":2803.0453284,"iteration":1594,"iteration_seconds":25.407784499999998,"phase":"iteration_complete","training_seconds":2361.927869599999}
STUDY_PHASE {"elapsed_seconds":2828.0645869,"iteration":1595,"iteration_seconds":25.0192155,"phase":"iteration_complete","training_seconds":2386.947085099999}
STUDY_PHASE {"elapsed_seconds":2852.8121278,"iteration":1596,"iteration_seconds":24.7475046,"phase":"iteration_complete","training_seconds":2411.694589699999}
STUDY_PHASE {"elapsed_seconds":2878.5107918,"iteration":1597,"iteration_seconds":25.6986253,"phase":"iteration_complete","training_seconds":2437.393214999999}
STUDY_PHASE {"elapsed_seconds":2903.9710222,"iteration":1598,"iteration_seconds":25.4601908,"phase":"iteration_complete","training_seconds":2462.853405799999}
STUDY_PHASE {"elapsed_seconds":2929.2368387,"iteration":1599,"iteration_seconds":25.2657611,"phase":"iteration_complete","training_seconds":2488.119166899999}
STUDY_PHASE {"elapsed_seconds":2953.9506187,"iteration":1600,"iteration_seconds":24.7137323,"phase":"iteration_complete","training_seconds":2512.8328991999992}
STUDY_PHASE {"elapsed_seconds":2978.7174159,"iteration":1601,"iteration_seconds":24.7667586,"phase":"iteration_complete","training_seconds":2537.599657799999}
STUDY_PHASE {"elapsed_seconds":3004.0409844,"iteration":1602,"iteration_seconds":25.3235269,"phase":"iteration_complete","training_seconds":2562.923184699999}
STUDY_PHASE {"elapsed_seconds":3028.8078612,"iteration":1603,"iteration_seconds":24.766833300000002,"phase":"iteration_complete","training_seconds":2587.6900179999993}
STUDY_PHASE {"elapsed_seconds":3053.404179,"iteration":1604,"iteration_seconds":24.5962811,"phase":"iteration_complete","training_seconds":2612.2862990999993}
STUDY_PHASE {"elapsed_seconds":3078.8445497,"iteration":1605,"iteration_seconds":25.4403344,"phase":"iteration_complete","training_seconds":2637.7266334999995}
STUDY_PHASE {"elapsed_seconds":3104.3501767,"iteration":1606,"iteration_seconds":25.5055845,"phase":"iteration_complete","training_seconds":2663.2322179999996}
STUDY_PHASE {"elapsed_seconds":3129.0643776,"iteration":1607,"iteration_seconds":24.714169599999998,"phase":"iteration_complete","training_seconds":2687.9463875999995}
STUDY_PHASE {"elapsed_seconds":3157.4598269,"iteration":1608,"iteration_seconds":28.3954069,"phase":"iteration_complete","training_seconds":2716.3417944999997}
STUDY_PHASE {"elapsed_seconds":3188.3537534,"iteration":1609,"iteration_seconds":30.8938776,"phase":"iteration_complete","training_seconds":2747.2356720999996}
STUDY_PHASE {"elapsed_seconds":3217.5088334,"iteration":1610,"iteration_seconds":29.1550246,"phase":"iteration_complete","training_seconds":2776.3906967}
STUDY_PHASE {"elapsed_seconds":3246.6245599,"iteration":1611,"iteration_seconds":29.1156846,"phase":"iteration_complete","training_seconds":2805.5063812999997}
STUDY_PHASE {"elapsed_seconds":3275.0341984,"iteration":1612,"iteration_seconds":28.4095939,"phase":"iteration_complete","training_seconds":2833.9159751999996}
STUDY_PHASE {"elapsed_seconds":3304.2687102,"iteration":1613,"iteration_seconds":29.2344493,"phase":"iteration_complete","training_seconds":2863.1504244999996}
STUDY_PHASE {"elapsed_seconds":3332.5499004,"iteration":1614,"iteration_seconds":28.2811449,"phase":"iteration_complete","training_seconds":2891.4315693999997}
STUDY_PHASE {"elapsed_seconds":3360.673026,"iteration":1615,"iteration_seconds":28.1230797,"phase":"iteration_complete","training_seconds":2919.5546490999996}
STUDY_PHASE {"elapsed_seconds":3388.5045967,"iteration":1616,"iteration_seconds":27.8315294,"phase":"iteration_complete","training_seconds":2947.3861784999995}
STUDY_PHASE {"elapsed_seconds":3418.6002426,"iteration":1617,"iteration_seconds":30.0955992,"phase":"iteration_complete","training_seconds":2977.4817776999994}
STUDY_PHASE {"elapsed_seconds":3449.07118,"iteration":1618,"iteration_seconds":30.470894,"phase":"iteration_complete","training_seconds":3007.9526716999994}
STUDY_PHASE {"elapsed_seconds":3478.7020153,"iteration":1619,"iteration_seconds":29.6307824,"phase":"iteration_complete","training_seconds":3037.5834540999995}
STUDY_PHASE {"elapsed_seconds":3507.058592,"iteration":1620,"iteration_seconds":28.3565266,"phase":"iteration_complete","training_seconds":3065.9399806999995}
STUDY_PHASE {"elapsed_seconds":3536.7537858,"iteration":1621,"iteration_seconds":29.6951451,"phase":"iteration_complete","training_seconds":3095.6351257999995}
STUDY_PHASE {"elapsed_seconds":3563.3838575,"iteration":1622,"iteration_seconds":26.6300329,"phase":"iteration_complete","training_seconds":3122.2651586999996}
STUDY_PHASE {"elapsed_seconds":3588.9855865,"iteration":1623,"iteration_seconds":25.6016979,"phase":"iteration_complete","training_seconds":3147.8668565999997}
STUDY_PHASE {"elapsed_seconds":3615.7586636,"iteration":1624,"iteration_seconds":26.7730426,"phase":"iteration_complete","training_seconds":3174.6398991999995}
STUDY_PHASE {"elapsed_seconds":3642.9414515,"iteration":1625,"iteration_seconds":27.1827504,"phase":"iteration_complete","training_seconds":3201.8226495999993}
STUDY_PHASE {"elapsed_seconds":3669.3240442,"iteration":1626,"iteration_seconds":26.3825532,"phase":"iteration_complete","training_seconds":3228.2052027999994}
STUDY_PHASE {"elapsed_seconds":3694.8841723,"iteration":1627,"iteration_seconds":25.5600549,"phase":"iteration_complete","training_seconds":3253.7652576999994}
STUDY_PHASE {"elapsed_seconds":3720.5662559,"iteration":1628,"iteration_seconds":25.6820424,"phase":"iteration_complete","training_seconds":3279.4473000999997}
STUDY_PHASE {"elapsed_seconds":3747.0150509,"iteration":1629,"iteration_seconds":26.4487673,"phase":"iteration_complete","training_seconds":3305.8960673999995}
STUDY_PHASE {"elapsed_seconds":3773.374263,"iteration":1630,"iteration_seconds":26.3591712,"phase":"iteration_complete","training_seconds":3332.2552385999998}
STUDY_PHASE {"elapsed_seconds":3799.3176539,"iteration":1631,"iteration_seconds":25.9433495,"phase":"iteration_complete","training_seconds":3358.1985880999996}
STUDY_PHASE {"elapsed_seconds":3825.9635923,"iteration":1632,"iteration_seconds":26.6458998,"phase":"iteration_complete","training_seconds":3384.8444878999994}
STUDY_PHASE {"elapsed_seconds":3851.4668506,"iteration":1633,"iteration_seconds":25.5032193,"phase":"iteration_complete","training_seconds":3410.3477071999996}
STUDY_PHASE {"elapsed_seconds":3877.1501583,"iteration":1634,"iteration_seconds":25.683266,"phase":"iteration_complete","training_seconds":3436.0309731999996}
STUDY_PHASE {"elapsed_seconds":3904.6128249,"iteration":1635,"iteration_seconds":27.4626149,"phase":"iteration_complete","training_seconds":3463.4935880999997}
STUDY_PHASE {"elapsed_seconds":3934.1591387,"iteration":1636,"iteration_seconds":29.5462748,"phase":"iteration_complete","training_seconds":3493.0398628999997}
STUDY_PHASE {"elapsed_seconds":3960.4302662,"iteration":1637,"iteration_seconds":26.2710762,"phase":"iteration_complete","training_seconds":3519.3109391}
STUDY_PHASE {"elapsed_seconds":3987.2610313,"iteration":1638,"iteration_seconds":26.830725,"phase":"iteration_complete","training_seconds":3546.1416640999996}
STUDY_PHASE {"elapsed_seconds":4015.7189978,"iteration":1639,"iteration_seconds":28.4579251,"phase":"iteration_complete","training_seconds":3574.5995891999996}
STUDY_PHASE {"elapsed_seconds":4042.8539434,"iteration":1640,"iteration_seconds":27.1349016,"phase":"iteration_complete","training_seconds":3601.7344907999995}
STUDY_PHASE {"elapsed_seconds":4069.9138302,"iteration":1641,"iteration_seconds":27.0598435,"phase":"iteration_complete","training_seconds":3628.7943342999997}
STUDY_PHASE {"elapsed_seconds":4097.1527963,"iteration":1642,"iteration_seconds":27.2389179,"phase":"iteration_complete","training_seconds":3656.0332522}
STUDY_PHASE {"elapsed_seconds":4124.8798623,"iteration":1643,"iteration_seconds":27.7270275,"phase":"iteration_complete","training_seconds":3683.7602797}
STUDY_PHASE {"elapsed_seconds":4152.020364,"iteration":1644,"iteration_seconds":27.1404596,"phase":"iteration_complete","training_seconds":3710.9007393}
STUDY_PHASE {"elapsed_seconds":4179.0045045,"iteration":1645,"iteration_seconds":26.9841016,"phase":"iteration_complete","training_seconds":3737.8848409}
STUDY_PHASE {"elapsed_seconds":4205.2025964,"iteration":1646,"iteration_seconds":26.1980537,"phase":"iteration_complete","training_seconds":3764.0828946}
STUDY_PHASE {"elapsed_seconds":4231.8913661,"iteration":1647,"iteration_seconds":26.6887252,"phase":"iteration_complete","training_seconds":3790.7716198000003}
STUDY_PHASE {"elapsed_seconds":4261.1661365,"iteration":1648,"iteration_seconds":29.2747289,"phase":"iteration_complete","training_seconds":3820.0463487}
STUDY_PHASE {"elapsed_seconds":4290.2660642,"iteration":1649,"iteration_seconds":29.0998855,"phase":"iteration_complete","training_seconds":3849.1462342}
STUDY_PHASE {"elapsed_seconds":4319.4739658,"iteration":1650,"iteration_seconds":29.2078443,"phase":"iteration_complete","training_seconds":3878.3540785}
STUDY_PHASE {"elapsed_seconds":4349.2154758,"iteration":1651,"iteration_seconds":29.7414638,"phase":"iteration_complete","training_seconds":3908.0955423}
STUDY_PHASE {"elapsed_seconds":4378.0513424,"iteration":1652,"iteration_seconds":28.8358151,"phase":"iteration_complete","training_seconds":3936.9313574000003}
STUDY_PHASE {"elapsed_seconds":4405.6846272,"iteration":1653,"iteration_seconds":27.6332552,"phase":"iteration_complete","training_seconds":3964.5646126}
STUDY_PHASE {"elapsed_seconds":4435.7289904,"iteration":1654,"iteration_seconds":30.0443241,"phase":"iteration_complete","training_seconds":3994.6089367}
STUDY_PHASE {"elapsed_seconds":4461.9011696,"iteration":1655,"iteration_seconds":26.1721391,"phase":"iteration_complete","training_seconds":4020.7810758}
STUDY_PHASE {"elapsed_seconds":4488.8949004,"iteration":1656,"iteration_seconds":26.993695,"phase":"iteration_complete","training_seconds":4047.7747708}
STUDY_PHASE {"elapsed_seconds":4517.9969489,"iteration":1657,"iteration_seconds":29.1020071,"phase":"iteration_complete","training_seconds":4076.8767779}
STUDY_PHASE {"elapsed_seconds":4548.2916072,"iteration":1658,"iteration_seconds":30.2946126,"phase":"iteration_complete","training_seconds":4107.1713905}
STUDY_PHASE {"elapsed_seconds":4577.7530623,"iteration":1659,"iteration_seconds":29.4614155,"phase":"iteration_complete","training_seconds":4136.632806}
STUDY_PHASE {"elapsed_seconds":4606.131133,"iteration":1660,"iteration_seconds":28.3780346,"phase":"iteration_complete","training_seconds":4165.0108406}
STUDY_PHASE {"elapsed_seconds":4635.1057439,"iteration":1661,"iteration_seconds":28.9745675,"phase":"iteration_complete","training_seconds":4193.9854081}
STUDY_PHASE {"elapsed_seconds":4664.3751766,"iteration":1662,"iteration_seconds":29.2693917,"phase":"iteration_complete","training_seconds":4223.2547998}
STUDY_PHASE {"elapsed_seconds":4693.3538075,"iteration":1663,"iteration_seconds":28.9785894,"phase":"iteration_complete","training_seconds":4252.2333892}
STUDY_PHASE {"elapsed_seconds":4723.1181039,"iteration":1664,"iteration_seconds":29.7642554,"phase":"iteration_complete","training_seconds":4281.9976446}
STUDY_PHASE {"elapsed_seconds":4752.3449019,"iteration":1665,"iteration_seconds":29.2267552,"phase":"iteration_complete","training_seconds":4311.2243998}
STUDY_PHASE {"elapsed_seconds":4781.3800619,"iteration":1666,"iteration_seconds":29.0350981,"phase":"iteration_complete","training_seconds":4340.2594979000005}
STUDY_PHASE {"elapsed_seconds":4810.310987,"iteration":1667,"iteration_seconds":28.9308747,"phase":"iteration_complete","training_seconds":4369.1903726}
STUDY_PHASE {"elapsed_seconds":4838.8411608,"iteration":1668,"iteration_seconds":28.5301308,"phase":"iteration_complete","training_seconds":4397.7205034}
STUDY_PHASE {"elapsed_seconds":4868.2967378,"iteration":1669,"iteration_seconds":29.4555212,"phase":"iteration_complete","training_seconds":4427.176024599999}
STUDY_PHASE {"elapsed_seconds":4897.507678,"iteration":1670,"iteration_seconds":29.2109053,"phase":"iteration_complete","training_seconds":4456.3869299}
STUDY_PHASE {"elapsed_seconds":4926.84004,"iteration":1671,"iteration_seconds":29.3323164,"phase":"iteration_complete","training_seconds":4485.7192463}
STUDY_PHASE {"elapsed_seconds":4956.415212,"iteration":1672,"iteration_seconds":29.5751251,"phase":"iteration_complete","training_seconds":4515.2943714}
STUDY_PHASE {"elapsed_seconds":4986.3220324,"iteration":1673,"iteration_seconds":29.9067728,"phase":"iteration_complete","training_seconds":4545.2011442}
STUDY_PHASE {"elapsed_seconds":5016.2909599,"iteration":1674,"iteration_seconds":29.9688819,"phase":"iteration_complete","training_seconds":4575.1700261000005}
STUDY_PHASE {"elapsed_seconds":5045.054419,"iteration":1675,"iteration_seconds":28.763416,"phase":"iteration_complete","training_seconds":4603.9334421}
STUDY_PHASE {"elapsed_seconds":5073.8265264,"iteration":1676,"iteration_seconds":28.7720649,"phase":"iteration_complete","training_seconds":4632.705507000001}
STUDY_PHASE {"elapsed_seconds":5104.2692262,"iteration":1677,"iteration_seconds":30.4426569,"phase":"iteration_complete","training_seconds":4663.1481639}
STUDY_PHASE {"elapsed_seconds":5132.704529,"iteration":1678,"iteration_seconds":28.4352568,"phase":"iteration_complete","training_seconds":4691.583420700001}
STUDY_PHASE {"elapsed_seconds":5162.0209417,"iteration":1679,"iteration_seconds":29.3163669,"phase":"iteration_complete","training_seconds":4720.8997876}
STUDY_PHASE {"elapsed_seconds":5190.7898581,"iteration":1680,"iteration_seconds":28.7688765,"phase":"iteration_complete","training_seconds":4749.668664100001}
STUDY_PHASE {"elapsed_seconds":5220.0800186,"iteration":1681,"iteration_seconds":29.2901133,"phase":"iteration_complete","training_seconds":4778.9587774}
STUDY_PHASE {"elapsed_seconds":5248.3748679,"iteration":1682,"iteration_seconds":28.2948049,"phase":"iteration_complete","training_seconds":4807.2535823}
STUDY_PHASE {"elapsed_seconds":5277.5966953,"iteration":1683,"iteration_seconds":29.2217838,"phase":"iteration_complete","training_seconds":4836.4753660999995}
STUDY_PHASE {"elapsed_seconds":5306.2260375,"iteration":1684,"iteration_seconds":28.6292388,"phase":"iteration_complete","training_seconds":4865.1046049}
STUDY_PHASE {"elapsed_seconds":5336.8687464,"iteration":1685,"iteration_seconds":30.642667199999998,"phase":"iteration_complete","training_seconds":4895.7472720999995}
STUDY_PHASE {"elapsed_seconds":5365.4611852,"iteration":1686,"iteration_seconds":28.5923944,"phase":"iteration_complete","training_seconds":4924.339666499999}
STUDY_PHASE {"elapsed_seconds":5394.4528482,"iteration":1687,"iteration_seconds":28.99162,"phase":"iteration_complete","training_seconds":4953.331286499999}
STUDY_PHASE {"elapsed_seconds":5424.2055846,"iteration":1688,"iteration_seconds":29.7526902,"phase":"iteration_complete","training_seconds":4983.083976699999}
STUDY_PHASE {"elapsed_seconds":5453.0599623,"iteration":1689,"iteration_seconds":28.8543326,"phase":"iteration_complete","training_seconds":5011.938309299999}
STUDY_PHASE {"elapsed_seconds":5481.5206427,"iteration":1690,"iteration_seconds":28.4606191,"phase":"iteration_complete","training_seconds":5040.398928399999}
STUDY_PHASE {"elapsed_seconds":5510.7124631,"iteration":1691,"iteration_seconds":29.1917435,"phase":"iteration_complete","training_seconds":5069.590671899999}
STUDY_PHASE {"elapsed_seconds":5539.4752434,"iteration":1692,"iteration_seconds":28.7627311,"phase":"iteration_complete","training_seconds":5098.353402999998}
STUDY_PHASE {"elapsed_seconds":5568.3138126,"iteration":1693,"iteration_seconds":28.8385276,"phase":"iteration_complete","training_seconds":5127.191930599998}
STUDY_PHASE {"elapsed_seconds":5596.8792796,"iteration":1694,"iteration_seconds":28.5653948,"phase":"iteration_complete","training_seconds":5155.757325399998}
STUDY_PHASE {"elapsed_seconds":5625.2561654,"iteration":1695,"iteration_seconds":28.3768422,"phase":"iteration_complete","training_seconds":5184.134167599998}
STUDY_PHASE {"elapsed_seconds":5654.116621,"iteration":1696,"iteration_seconds":28.8604136,"phase":"iteration_complete","training_seconds":5212.994581199999}
STUDY_PHASE {"elapsed_seconds":5682.4444089,"iteration":1697,"iteration_seconds":28.3277381,"phase":"iteration_complete","training_seconds":5241.3223192999985}
STUDY_PHASE {"elapsed_seconds":5712.4146931,"iteration":1698,"iteration_seconds":29.9702445,"phase":"iteration_complete","training_seconds":5271.292563799999}
STUDY_PHASE {"elapsed_seconds":5738.6957776,"iteration":1699,"iteration_seconds":26.2810456,"phase":"iteration_complete","training_seconds":5297.5736093999985}
STUDY_PHASE {"elapsed_seconds":5763.645398,"iteration":1700,"iteration_seconds":24.9495782,"phase":"iteration_complete","training_seconds":5322.523187599999}
STUDY_PHASE {"elapsed_seconds":5788.4193047,"iteration":1701,"iteration_seconds":24.7738698,"phase":"iteration_complete","training_seconds":5347.297057399999}
STUDY_PHASE {"elapsed_seconds":5819.4953928,"iteration":1702,"iteration_seconds":31.0760427,"phase":"iteration_complete","training_seconds":5378.373100099999}
STUDY_PHASE {"elapsed_seconds":5854.1970803,"iteration":1703,"iteration_seconds":34.7016405,"phase":"iteration_complete","training_seconds":5413.074740599999}
STUDY_PHASE {"elapsed_seconds":5883.6562469,"iteration":1704,"iteration_seconds":29.459126,"phase":"iteration_complete","training_seconds":5442.533866599999}
STUDY_PHASE {"elapsed_seconds":5912.2415055,"iteration":1705,"iteration_seconds":28.5852182,"phase":"iteration_complete","training_seconds":5471.119084799999}
STUDY_PHASE {"elapsed_seconds":5941.8283961,"iteration":1706,"iteration_seconds":29.5868584,"phase":"iteration_complete","training_seconds":5500.705943199999}
STUDY_PHASE {"elapsed_seconds":5975.324419,"iteration":1707,"iteration_seconds":33.4959703,"phase":"iteration_complete","training_seconds":5534.201913499999}
STUDY_PHASE {"elapsed_seconds":6006.4916367,"iteration":1708,"iteration_seconds":31.1671777,"phase":"iteration_complete","training_seconds":5565.369091199999}
STUDY_PHASE {"elapsed_seconds":6037.9467684,"iteration":1709,"iteration_seconds":31.455089,"phase":"iteration_complete","training_seconds":5596.824180199999}
STUDY_PHASE {"elapsed_seconds":6068.6101162,"iteration":1710,"iteration_seconds":30.6632839,"phase":"iteration_complete","training_seconds":5627.4874641}
STUDY_PHASE {"elapsed_seconds":6099.5456443,"iteration":1711,"iteration_seconds":30.9354758,"phase":"iteration_complete","training_seconds":5658.4229399}
STUDY_PHASE {"elapsed_seconds":6140.9209409,"iteration":1712,"iteration_seconds":41.3752605,"phase":"iteration_complete","training_seconds":5699.7982004}
STUDY_PHASE {"elapsed_seconds":6175.6420602,"iteration":1713,"iteration_seconds":34.7210713,"phase":"iteration_complete","training_seconds":5734.5192717}
STUDY_PHASE {"elapsed_seconds":6210.1683103,"iteration":1714,"iteration_seconds":34.5262056,"phase":"iteration_complete","training_seconds":5769.0454773}
STUDY_PHASE {"elapsed_seconds":6245.1731614,"iteration":1715,"iteration_seconds":35.0048079,"phase":"iteration_complete","training_seconds":5804.0502852}
STUDY_PHASE {"elapsed_seconds":6279.6616886,"iteration":1716,"iteration_seconds":34.4884859,"phase":"iteration_complete","training_seconds":5838.5387711}
STUDY_PHASE {"elapsed_seconds":6314.09068,"iteration":1717,"iteration_seconds":34.4289502,"phase":"iteration_complete","training_seconds":5872.9677213}
STUDY_PHASE {"elapsed_seconds":6348.2220525,"iteration":1718,"iteration_seconds":34.1313317,"phase":"iteration_complete","training_seconds":5907.099053000001}
STUDY_PHASE {"elapsed_seconds":6382.4109369,"iteration":1719,"iteration_seconds":34.1888361,"phase":"iteration_complete","training_seconds":5941.287889100001}
STUDY_PHASE {"elapsed_seconds":6417.0268582,"iteration":1720,"iteration_seconds":34.6158711,"phase":"iteration_complete","training_seconds":5975.903760200001}
STUDY_PHASE {"elapsed_seconds":6450.973574,"iteration":1721,"iteration_seconds":33.9466649,"phase":"iteration_complete","training_seconds":6009.8504251}
STUDY_PHASE {"elapsed_seconds":6485.7396172,"iteration":1722,"iteration_seconds":34.7660105,"phase":"iteration_complete","training_seconds":6044.616435600001}
STUDY_PHASE {"elapsed_seconds":6520.3533173,"iteration":1723,"iteration_seconds":34.6136428,"phase":"iteration_complete","training_seconds":6079.230078400001}
STUDY_PHASE {"elapsed_seconds":6554.5193009,"iteration":1724,"iteration_seconds":34.1659417,"phase":"iteration_complete","training_seconds":6113.396020100001}
STUDY_PHASE {"elapsed_seconds":6588.5578111,"iteration":1725,"iteration_seconds":34.0384612,"phase":"iteration_complete","training_seconds":6147.434481300001}
STUDY_PHASE {"elapsed_seconds":6621.4853945,"iteration":1726,"iteration_seconds":32.9275404,"phase":"iteration_complete","training_seconds":6180.362021700001}
STUDY_PHASE {"elapsed_seconds":6659.2463785,"iteration":1727,"iteration_seconds":37.7609422,"phase":"iteration_complete","training_seconds":6218.1229639}
STUDY_PHASE {"elapsed_seconds":6692.7911294,"iteration":1728,"iteration_seconds":33.544708,"phase":"iteration_complete","training_seconds":6251.667671900001}
STUDY_PHASE {"elapsed_seconds":6726.6067485,"iteration":1729,"iteration_seconds":33.8155776,"phase":"iteration_complete","training_seconds":6285.483249500001}
STUDY_PHASE {"elapsed_seconds":6760.4812444,"iteration":1730,"iteration_seconds":33.8744537,"phase":"iteration_complete","training_seconds":6319.357703200001}
STUDY_PHASE {"elapsed_seconds":6794.4158834,"iteration":1731,"iteration_seconds":33.9345896,"phase":"iteration_complete","training_seconds":6353.292292800002}
STUDY_PHASE {"elapsed_seconds":6827.6930815,"iteration":1732,"iteration_seconds":33.2771426,"phase":"iteration_complete","training_seconds":6386.569435400002}
STUDY_PHASE {"elapsed_seconds":6861.7578287,"iteration":1733,"iteration_seconds":34.0646987,"phase":"iteration_complete","training_seconds":6420.634134100002}
STUDY_PHASE {"elapsed_seconds":6895.4540873,"iteration":1734,"iteration_seconds":33.6962083,"phase":"iteration_complete","training_seconds":6454.330342400001}
STUDY_PHASE {"elapsed_seconds":6929.3711797,"iteration":1735,"iteration_seconds":33.9170384,"phase":"iteration_complete","training_seconds":6488.247380800001}
STUDY_PHASE {"elapsed_seconds":6963.217632,"iteration":1736,"iteration_seconds":33.8463997,"phase":"iteration_complete","training_seconds":6522.093780500001}
STUDY_PHASE {"elapsed_seconds":6996.1708014,"iteration":1737,"iteration_seconds":32.9531303,"phase":"iteration_complete","training_seconds":6555.046910800002}
STUDY_PHASE {"elapsed_seconds":7028.9608094,"iteration":1738,"iteration_seconds":32.7899542,"phase":"iteration_complete","training_seconds":6587.836865000001}
STUDY_PHASE {"elapsed_seconds":7063.3159718,"iteration":1739,"iteration_seconds":34.355121,"phase":"iteration_complete","training_seconds":6622.191986000001}
STUDY_PHASE {"elapsed_seconds":7096.1899733,"iteration":1740,"iteration_seconds":32.8739632,"phase":"iteration_complete","training_seconds":6655.0659492}
STUDY_PHASE {"elapsed_seconds":7129.0124771,"iteration":1741,"iteration_seconds":32.8224473,"phase":"iteration_complete","training_seconds":6687.8883965}
STUDY_PHASE {"elapsed_seconds":7161.8244157,"iteration":1742,"iteration_seconds":32.8118957,"phase":"iteration_complete","training_seconds":6720.7002922}
STUDY_PHASE {"elapsed_seconds":7197.7605336,"iteration":1743,"iteration_seconds":35.9360595,"phase":"iteration_complete","training_seconds":6756.6363517}
STUDY_PHASE {"elapsed_seconds":7231.7477328,"iteration":1744,"iteration_seconds":33.9871533,"phase":"iteration_complete","training_seconds":6790.623505}
STUDY_PHASE {"elapsed_seconds":7266.468154,"iteration":1745,"iteration_seconds":34.7203774,"phase":"iteration_complete","training_seconds":6825.3438823999995}
STUDY_PHASE {"elapsed_seconds":7300.2245276,"iteration":1746,"iteration_seconds":33.7563309,"phase":"iteration_complete","training_seconds":6859.100213299999}
STUDY_PHASE {"elapsed_seconds":7333.7565839,"iteration":1747,"iteration_seconds":33.5319796,"phase":"iteration_complete","training_seconds":6892.6321929}
STUDY_PHASE {"elapsed_seconds":7367.51213,"iteration":1748,"iteration_seconds":33.7554907,"phase":"iteration_complete","training_seconds":6926.3876836}
STUDY_PHASE {"elapsed_seconds":7400.7321267,"iteration":1749,"iteration_seconds":33.2199524,"phase":"iteration_complete","training_seconds":6959.607636}
STUDY_PHASE {"elapsed_seconds":7433.4287768,"iteration":1750,"iteration_seconds":32.6965884,"phase":"iteration_complete","training_seconds":6992.3042244}
STUDY_PHASE {"elapsed_seconds":7465.5521833,"iteration":1751,"iteration_seconds":32.1233614,"phase":"iteration_complete","training_seconds":7024.4275858}
STUDY_PHASE {"elapsed_seconds":7501.2298887,"iteration":1752,"iteration_seconds":35.6776366,"phase":"iteration_complete","training_seconds":7060.1052224000005}
STUDY_PHASE {"elapsed_seconds":7538.4898363,"iteration":1753,"iteration_seconds":37.2598862,"phase":"iteration_complete","training_seconds":7097.365108600001}
STUDY_PHASE {"elapsed_seconds":7571.6099716,"iteration":1754,"iteration_seconds":33.1200925,"phase":"iteration_complete","training_seconds":7130.485201100001}
STUDY_PHASE {"elapsed_seconds":7602.9853848,"iteration":1755,"iteration_seconds":31.3753727,"phase":"iteration_complete","training_seconds":7161.8605738000015}
STUDY_PHASE {"elapsed_seconds":7635.7742337,"iteration":1756,"iteration_seconds":32.7888061,"phase":"iteration_complete","training_seconds":7194.649379900002}
STUDY_PHASE {"elapsed_seconds":7666.3632557,"iteration":1757,"iteration_seconds":30.5889716,"phase":"iteration_complete","training_seconds":7225.238351500002}
STUDY_PHASE {"elapsed_seconds":7698.4269972,"iteration":1758,"iteration_seconds":32.0636996,"phase":"iteration_complete","training_seconds":7257.302051100002}
STUDY_PHASE {"elapsed_seconds":7729.807044,"iteration":1759,"iteration_seconds":31.3799839,"phase":"iteration_complete","training_seconds":7288.6820350000025}
STUDY_PHASE {"elapsed_seconds":7759.8722246,"iteration":1760,"iteration_seconds":30.065137,"phase":"iteration_complete","training_seconds":7318.747172000002}
STUDY_PHASE {"elapsed_seconds":7789.9954567,"iteration":1761,"iteration_seconds":30.1231911,"phase":"iteration_complete","training_seconds":7348.870363100003}
STUDY_PHASE {"elapsed_seconds":7823.3452359,"iteration":1762,"iteration_seconds":33.3497376,"phase":"iteration_complete","training_seconds":7382.220100700002}
STUDY_PHASE {"elapsed_seconds":7855.1905456,"iteration":1763,"iteration_seconds":31.8452392,"phase":"iteration_complete","training_seconds":7414.065339900002}
STUDY_PHASE {"elapsed_seconds":7888.3828357,"iteration":1764,"iteration_seconds":33.1922355,"phase":"iteration_complete","training_seconds":7447.257575400002}
STUDY_PHASE {"elapsed_seconds":7923.4698518,"iteration":1765,"iteration_seconds":35.0869729,"phase":"iteration_complete","training_seconds":7482.344548300001}
STUDY_PHASE {"elapsed_seconds":7956.4877289,"iteration":1766,"iteration_seconds":33.0178018,"phase":"iteration_complete","training_seconds":7515.362350100001}
STUDY_PHASE {"elapsed_seconds":7989.0163145,"iteration":1767,"iteration_seconds":32.5285357,"phase":"iteration_complete","training_seconds":7547.890885800001}
STUDY_PHASE {"elapsed_seconds":8021.7366706,"iteration":1768,"iteration_seconds":32.7203163,"phase":"iteration_complete","training_seconds":7580.611202100002}
STUDY_PHASE {"elapsed_seconds":8055.0260935,"iteration":1769,"iteration_seconds":33.2893778,"phase":"iteration_complete","training_seconds":7613.9005799000015}
STUDY_PHASE {"elapsed_seconds":8091.4783381,"iteration":1770,"iteration_seconds":36.452205,"phase":"iteration_complete","training_seconds":7650.352784900001}
STUDY_PHASE {"elapsed_seconds":8128.5996351,"iteration":1771,"iteration_seconds":37.1212441,"phase":"iteration_complete","training_seconds":7687.474029000001}
STUDY_PHASE {"elapsed_seconds":8160.4748947,"iteration":1772,"iteration_seconds":31.8752094,"phase":"iteration_complete","training_seconds":7719.349238400001}
STUDY_PHASE {"elapsed_seconds":8191.4663037,"iteration":1773,"iteration_seconds":30.9913581,"phase":"iteration_complete","training_seconds":7750.340596500001}
STUDY_PHASE {"elapsed_seconds":8224.861632,"iteration":1774,"iteration_seconds":33.3952868,"phase":"iteration_complete","training_seconds":7783.735883300001}
STUDY_PHASE {"elapsed_seconds":8257.9757187,"iteration":1775,"iteration_seconds":33.1139323,"phase":"iteration_complete","training_seconds":7816.8498156000005}
STUDY_PHASE {"elapsed_seconds":8290.5260953,"iteration":1776,"iteration_seconds":32.5503241,"phase":"iteration_complete","training_seconds":7849.4001397}
STUDY_PHASE {"elapsed_seconds":8323.9128684,"iteration":1777,"iteration_seconds":33.3867265,"phase":"iteration_complete","training_seconds":7882.7868662}
STUDY_PHASE {"elapsed_seconds":8357.0597165,"iteration":1778,"iteration_seconds":33.1468064,"phase":"iteration_complete","training_seconds":7915.9336726}
STUDY_PHASE {"elapsed_seconds":8390.7292004,"iteration":1779,"iteration_seconds":33.6694386,"phase":"iteration_complete","training_seconds":7949.6031112}
STUDY_PHASE {"elapsed_seconds":8424.9660767,"iteration":1780,"iteration_seconds":34.2368225,"phase":"iteration_complete","training_seconds":7983.8399337}
STUDY_PHASE {"elapsed_seconds":8458.797605,"iteration":1781,"iteration_seconds":33.831474299999996,"phase":"iteration_complete","training_seconds":8017.671408}
STUDY_PHASE {"elapsed_seconds":8492.3009964,"iteration":1782,"iteration_seconds":33.5033541,"phase":"iteration_complete","training_seconds":8051.1747621}
STUDY_PHASE {"elapsed_seconds":8525.250877,"iteration":1783,"iteration_seconds":32.9498118,"phase":"iteration_complete","training_seconds":8084.1245739000005}
STUDY_PHASE {"elapsed_seconds":8558.72966,"iteration":1784,"iteration_seconds":33.4787517,"phase":"iteration_complete","training_seconds":8117.603325600001}
STUDY_PHASE {"elapsed_seconds":8592.567308,"iteration":1785,"iteration_seconds":33.8376004,"phase":"iteration_complete","training_seconds":8151.440926000001}
STUDY_PHASE {"elapsed_seconds":8626.1484965,"iteration":1786,"iteration_seconds":33.5811392,"phase":"iteration_complete","training_seconds":8185.022065200001}
STUDY_PHASE {"elapsed_seconds":8659.4733964,"iteration":1787,"iteration_seconds":33.3248474,"phase":"iteration_complete","training_seconds":8218.3469126}
STUDY_PHASE {"elapsed_seconds":8692.6724652,"iteration":1788,"iteration_seconds":33.1990144,"phase":"iteration_complete","training_seconds":8251.545927}
STUDY_PHASE {"elapsed_seconds":8726.1263163,"iteration":1789,"iteration_seconds":33.4537946,"phase":"iteration_complete","training_seconds":8284.9997216}
STUDY_PHASE {"elapsed_seconds":8760.9903497,"iteration":1790,"iteration_seconds":34.8639821,"phase":"iteration_complete","training_seconds":8319.863703699999}
STUDY_PHASE {"elapsed_seconds":8794.789453,"iteration":1791,"iteration_seconds":33.7990619,"phase":"iteration_complete","training_seconds":8353.662765599998}
STUDY_PHASE {"elapsed_seconds":8828.0011601,"iteration":1792,"iteration_seconds":33.2116583,"phase":"iteration_complete","training_seconds":8386.874423899999}
STUDY_PHASE {"elapsed_seconds":8861.2321028,"iteration":1793,"iteration_seconds":33.2309109,"phase":"iteration_complete","training_seconds":8420.105334799999}
STUDY_PHASE {"elapsed_seconds":8894.5679073,"iteration":1794,"iteration_seconds":33.3357486,"phase":"iteration_complete","training_seconds":8453.4410834}
STUDY_PHASE {"elapsed_seconds":8927.7689533,"iteration":1795,"iteration_seconds":33.2010078,"phase":"iteration_complete","training_seconds":8486.6420912}
STUDY_PHASE {"elapsed_seconds":8961.7147409,"iteration":1796,"iteration_seconds":33.9457478,"phase":"iteration_complete","training_seconds":8520.587839}
STUDY_PHASE {"elapsed_seconds":8995.8231109,"iteration":1797,"iteration_seconds":34.1083282,"phase":"iteration_complete","training_seconds":8554.6961672}
STUDY_PHASE {"elapsed_seconds":9029.4175393,"iteration":1798,"iteration_seconds":33.5943872,"phase":"iteration_complete","training_seconds":8588.2905544}
STUDY_PHASE {"elapsed_seconds":9063.5708435,"iteration":1799,"iteration_seconds":34.1532577,"phase":"iteration_complete","training_seconds":8622.4438121}
STUDY_PHASE {"elapsed_seconds":9097.5747901,"iteration":1800,"iteration_seconds":34.0038971,"phase":"iteration_complete","training_seconds":8656.4477092}
STUDY_PHASE {"elapsed_seconds":9132.6004988,"iteration":1801,"iteration_seconds":35.0256153,"phase":"iteration_complete","training_seconds":8691.473324499999}
STUDY_PHASE {"elapsed_seconds":9167.0692446,"iteration":1802,"iteration_seconds":34.4687008,"phase":"iteration_complete","training_seconds":8725.942025299999}
STUDY_PHASE {"elapsed_seconds":9201.5252482,"iteration":1803,"iteration_seconds":34.4559552,"phase":"iteration_complete","training_seconds":8760.397980499998}
STUDY_PHASE {"elapsed_seconds":9236.9323921,"iteration":1804,"iteration_seconds":35.407088,"phase":"iteration_complete","training_seconds":8795.805068499998}
STUDY_PHASE {"elapsed_seconds":9270.0231538,"iteration":1805,"iteration_seconds":33.0907179,"phase":"iteration_complete","training_seconds":8828.895786399999}
STUDY_PHASE {"elapsed_seconds":9303.6906183,"iteration":1806,"iteration_seconds":33.6674235,"phase":"iteration_complete","training_seconds":8862.563209899998}
STUDY_PHASE {"elapsed_seconds":9337.4412731,"iteration":1807,"iteration_seconds":33.7506144,"phase":"iteration_complete","training_seconds":8896.313824299998}
STUDY_PHASE {"elapsed_seconds":9370.9163707,"iteration":1808,"iteration_seconds":33.4750548,"phase":"iteration_complete","training_seconds":8929.788879099997}
STUDY_PHASE {"elapsed_seconds":9404.7655606,"iteration":1809,"iteration_seconds":33.8491465,"phase":"iteration_complete","training_seconds":8963.638025599997}
STUDY_PHASE {"elapsed_seconds":9438.1714889,"iteration":1810,"iteration_seconds":33.405874,"phase":"iteration_complete","training_seconds":8997.043899599998}
STUDY_PHASE {"elapsed_seconds":9472.1740256,"iteration":1811,"iteration_seconds":34.0024924,"phase":"iteration_complete","training_seconds":9031.046391999998}
STUDY_PHASE {"elapsed_seconds":9506.9425801,"iteration":1812,"iteration_seconds":34.7685058,"phase":"iteration_complete","training_seconds":9065.814897799999}
STUDY_PHASE {"elapsed_seconds":9542.6433767,"iteration":1813,"iteration_seconds":35.7007401,"phase":"iteration_complete","training_seconds":9101.515637899998}
STUDY_PHASE {"elapsed_seconds":9575.889473,"iteration":1814,"iteration_seconds":33.2460353,"phase":"iteration_complete","training_seconds":9134.761673199999}
STUDY_PHASE {"elapsed_seconds":9609.8312346,"iteration":1815,"iteration_seconds":33.9417105,"phase":"iteration_complete","training_seconds":9168.703383699998}
STUDY_PHASE {"elapsed_seconds":9643.6788533,"iteration":1816,"iteration_seconds":33.8475742,"phase":"iteration_complete","training_seconds":9202.550957899997}
STUDY_PHASE {"elapsed_seconds":9677.231904,"iteration":1817,"iteration_seconds":33.5530067,"phase":"iteration_complete","training_seconds":9236.103964599997}
STUDY_PHASE {"elapsed_seconds":9710.4671195,"iteration":1818,"iteration_seconds":33.2351725,"phase":"iteration_complete","training_seconds":9269.339137099998}
STUDY_PHASE {"elapsed_seconds":9743.6600965,"iteration":1819,"iteration_seconds":33.1929214,"phase":"iteration_complete","training_seconds":9302.532058499997}
STUDY_PHASE {"elapsed_seconds":9776.7320233,"iteration":1820,"iteration_seconds":33.0718861,"phase":"iteration_complete","training_seconds":9335.603944599998}
STUDY_PHASE {"elapsed_seconds":9809.6123056,"iteration":1821,"iteration_seconds":32.8802382,"phase":"iteration_complete","training_seconds":9368.484182799997}
STUDY_PHASE {"elapsed_seconds":9842.3788514,"iteration":1822,"iteration_seconds":32.7664992,"phase":"iteration_complete","training_seconds":9401.250681999998}
STUDY_PHASE {"elapsed_seconds":9874.9218022,"iteration":1823,"iteration_seconds":32.5429053,"phase":"iteration_complete","training_seconds":9433.793587299999}
STUDY_PHASE {"elapsed_seconds":9908.0075136,"iteration":1824,"iteration_seconds":33.0856493,"phase":"iteration_complete","training_seconds":9466.879236599998}
STUDY_PHASE {"elapsed_seconds":9941.314082,"iteration":1825,"iteration_seconds":33.306518,"phase":"iteration_complete","training_seconds":9500.185754599997}
STUDY_PHASE {"elapsed_seconds":9976.4199136,"iteration":1826,"iteration_seconds":35.1057708,"phase":"iteration_complete","training_seconds":9535.291525399998}
STUDY_PHASE {"elapsed_seconds":10010.2631522,"iteration":1827,"iteration_seconds":33.8432015,"phase":"iteration_complete","training_seconds":9569.134726899998}
STUDY_PHASE {"elapsed_seconds":10043.5382543,"iteration":1828,"iteration_seconds":33.2750548,"phase":"iteration_complete","training_seconds":9602.409781699998}
STUDY_PHASE {"elapsed_seconds":10078.2038175,"iteration":1829,"iteration_seconds":34.6655205,"phase":"iteration_complete","training_seconds":9637.075302199999}
STUDY_PHASE {"elapsed_seconds":10112.0637397,"iteration":1830,"iteration_seconds":33.859874,"phase":"iteration_complete","training_seconds":9670.935176199999}
STUDY_PHASE {"elapsed_seconds":10145.8470128,"iteration":1831,"iteration_seconds":33.7832227,"phase":"iteration_complete","training_seconds":9704.718398899999}
STUDY_PHASE {"elapsed_seconds":10180.7730046,"iteration":1832,"iteration_seconds":34.9259451,"phase":"iteration_complete","training_seconds":9739.644343999998}
STUDY_PHASE {"elapsed_seconds":10217.1120988,"iteration":1833,"iteration_seconds":36.3390416,"phase":"iteration_complete","training_seconds":9775.983385599999}
STUDY_PHASE {"elapsed_seconds":10252.1928901,"iteration":1834,"iteration_seconds":35.0807504,"phase":"iteration_complete","training_seconds":9811.064135999999}
STUDY_PHASE {"elapsed_seconds":10285.7309056,"iteration":1835,"iteration_seconds":33.5379737,"phase":"iteration_complete","training_seconds":9844.6021097}
STUDY_PHASE {"elapsed_seconds":10318.0332103,"iteration":1836,"iteration_seconds":32.3022617,"phase":"iteration_complete","training_seconds":9876.9043714}
STUDY_PHASE {"elapsed_seconds":10355.6511994,"iteration":1837,"iteration_seconds":37.617946,"phase":"iteration_complete","training_seconds":9914.5223174}
STUDY_PHASE {"elapsed_seconds":10392.4807106,"iteration":1838,"iteration_seconds":36.829468,"phase":"iteration_complete","training_seconds":9951.3517854}
STUDY_PHASE {"elapsed_seconds":10426.4091683,"iteration":1839,"iteration_seconds":33.9283759,"phase":"iteration_complete","training_seconds":9985.280161300001}
STUDY_PHASE {"elapsed_seconds":10460.5406741,"iteration":1840,"iteration_seconds":34.1314635,"phase":"iteration_complete","training_seconds":10019.411624800001}
STUDY_PHASE {"elapsed_seconds":10494.4534798,"iteration":1841,"iteration_seconds":33.912762,"phase":"iteration_complete","training_seconds":10053.3243868}
STUDY_PHASE {"elapsed_seconds":10529.3039799,"iteration":1842,"iteration_seconds":34.8504601,"phase":"iteration_complete","training_seconds":10088.174846900001}
STUDY_PHASE {"elapsed_seconds":10562.8334375,"iteration":1843,"iteration_seconds":33.5294213,"phase":"iteration_complete","training_seconds":10121.704268200001}
STUDY_PHASE {"elapsed_seconds":10594.1011398,"iteration":1844,"iteration_seconds":31.2676429,"phase":"iteration_complete","training_seconds":10152.971911100001}
STUDY_PHASE {"elapsed_seconds":10626.0936629,"iteration":1845,"iteration_seconds":31.9924833,"phase":"iteration_complete","training_seconds":10184.964394400002}
STUDY_PHASE {"elapsed_seconds":10663.5770824,"iteration":1846,"iteration_seconds":37.4833821,"phase":"iteration_complete","training_seconds":10222.447776500001}
STUDY_PHASE {"elapsed_seconds":10699.0977283,"iteration":1847,"iteration_seconds":35.5206014,"phase":"iteration_complete","training_seconds":10257.9683779}
STUDY_PHASE {"elapsed_seconds":10730.1861842,"iteration":1848,"iteration_seconds":31.0884109,"phase":"iteration_complete","training_seconds":10289.0567888}
STUDY_PHASE {"elapsed_seconds":10765.3552094,"iteration":1849,"iteration_seconds":35.1689809,"phase":"iteration_complete","training_seconds":10324.2257697}
STUDY_PHASE {"elapsed_seconds":10798.6990701,"iteration":1850,"iteration_seconds":33.3438079,"phase":"iteration_complete","training_seconds":10357.569577600001}
STUDY_PHASE {"elapsed_seconds":10832.9179762,"iteration":1851,"iteration_seconds":34.2188744,"phase":"iteration_complete","training_seconds":10391.788452}
STUDY_PHASE {"elapsed_seconds":10866.7660634,"iteration":1852,"iteration_seconds":33.8480365,"phase":"iteration_complete","training_seconds":10425.6364885}
STUDY_PHASE {"elapsed_seconds":10900.9068476,"iteration":1853,"iteration_seconds":34.1407414,"phase":"iteration_complete","training_seconds":10459.7772299}
STUDY_PHASE {"elapsed_seconds":10934.7635518,"iteration":1854,"iteration_seconds":33.8565971,"phase":"iteration_complete","training_seconds":10493.633827000001}
STUDY_PHASE {"elapsed_seconds":10968.3336187,"iteration":1855,"iteration_seconds":33.5700209,"phase":"iteration_complete","training_seconds":10527.203847900002}
STUDY_PHASE {"elapsed_seconds":10999.3830582,"iteration":1856,"iteration_seconds":31.0493972,"phase":"iteration_complete","training_seconds":10558.253245100002}
STUDY_PHASE {"elapsed_seconds":11030.1949499,"iteration":1857,"iteration_seconds":30.8118498,"phase":"iteration_complete","training_seconds":10589.065094900003}
STUDY_PHASE {"elapsed_seconds":11059.8745418,"iteration":1858,"iteration_seconds":29.6795515,"phase":"iteration_complete","training_seconds":10618.744646400002}
STUDY_PHASE {"elapsed_seconds":11088.756799,"iteration":1859,"iteration_seconds":28.8821963,"phase":"iteration_complete","training_seconds":10647.626842700001}
STUDY_PHASE {"elapsed_seconds":11118.3761071,"iteration":1860,"iteration_seconds":29.6192671,"phase":"iteration_complete","training_seconds":10677.246109800002}
STUDY_PHASE {"elapsed_seconds":11147.2555444,"iteration":1861,"iteration_seconds":28.8793689,"phase":"iteration_complete","training_seconds":10706.125478700002}
STUDY_PHASE {"elapsed_seconds":11177.229981,"iteration":1862,"iteration_seconds":29.9743954,"phase":"iteration_complete","training_seconds":10736.099874100002}
STUDY_PHASE {"elapsed_seconds":11204.2893804,"iteration":1863,"iteration_seconds":27.0593653,"phase":"iteration_complete","training_seconds":10763.159239400002}
STUDY_PHASE {"elapsed_seconds":11231.0961387,"iteration":1864,"iteration_seconds":26.806722,"phase":"iteration_complete","training_seconds":10789.965961400001}
STUDY_PHASE {"elapsed_seconds":11257.2889069,"iteration":1865,"iteration_seconds":26.1927303,"phase":"iteration_complete","training_seconds":10816.1586917}
STUDY_PHASE {"elapsed_seconds":11283.8796728,"iteration":1866,"iteration_seconds":26.5907193,"phase":"iteration_complete","training_seconds":10842.749411}
STUDY_PHASE {"elapsed_seconds":11310.7516765,"iteration":1867,"iteration_seconds":26.8719646,"phase":"iteration_complete","training_seconds":10869.621375600002}
STUDY_PHASE {"elapsed_seconds":11337.458905,"iteration":1868,"iteration_seconds":26.7071802,"phase":"iteration_complete","training_seconds":10896.3285558}
STUDY_PHASE {"elapsed_seconds":11363.8852174,"iteration":1869,"iteration_seconds":26.4262708,"phase":"iteration_complete","training_seconds":10922.754826600001}
STUDY_PHASE {"elapsed_seconds":11390.0067897,"iteration":1870,"iteration_seconds":26.1215325,"phase":"iteration_complete","training_seconds":10948.8763591}
STUDY_PHASE {"elapsed_seconds":11416.2355207,"iteration":1871,"iteration_seconds":26.2286883,"phase":"iteration_complete","training_seconds":10975.1050474}
STUDY_PHASE {"elapsed_seconds":11443.1234181,"iteration":1872,"iteration_seconds":26.8878534,"phase":"iteration_complete","training_seconds":11001.9929008}
STUDY_PHASE {"elapsed_seconds":11469.5970362,"iteration":1873,"iteration_seconds":26.4735697,"phase":"iteration_complete","training_seconds":11028.4664705}
STUDY_PHASE {"elapsed_seconds":11499.6460216,"iteration":1874,"iteration_seconds":30.0489524,"phase":"iteration_complete","training_seconds":11058.5154229}
STUDY_PHASE {"elapsed_seconds":11529.9624423,"iteration":1875,"iteration_seconds":30.3163805,"phase":"iteration_complete","training_seconds":11088.8318034}
STUDY_PHASE {"elapsed_seconds":11562.079129,"iteration":1876,"iteration_seconds":32.1166453,"phase":"iteration_complete","training_seconds":11120.9484487}
STUDY_PHASE {"elapsed_seconds":11590.0950533,"iteration":1877,"iteration_seconds":28.0158711,"phase":"iteration_complete","training_seconds":11148.964319800001}
STUDY_PHASE {"elapsed_seconds":11619.1335649,"iteration":1878,"iteration_seconds":29.0384716,"phase":"iteration_complete","training_seconds":11178.002791400002}
STUDY_PHASE {"elapsed_seconds":11647.9523007,"iteration":1879,"iteration_seconds":28.8186975,"phase":"iteration_complete","training_seconds":11206.821488900003}
STUDY_PHASE {"elapsed_seconds":11676.5902162,"iteration":1880,"iteration_seconds":28.6378517,"phase":"iteration_complete","training_seconds":11235.459340600002}
STUDY_PHASE {"elapsed_seconds":11705.6552264,"iteration":1881,"iteration_seconds":29.0649649,"phase":"iteration_complete","training_seconds":11264.524305500003}
STUDY_PHASE {"elapsed_seconds":11734.528855,"iteration":1882,"iteration_seconds":28.8735738,"phase":"iteration_complete","training_seconds":11293.397879300002}
STUDY_PHASE {"elapsed_seconds":11763.3524595,"iteration":1883,"iteration_seconds":28.82356,"phase":"iteration_complete","training_seconds":11322.221439300003}
STUDY_PHASE {"elapsed_seconds":11792.2725876,"iteration":1884,"iteration_seconds":28.9200843,"phase":"iteration_complete","training_seconds":11351.141523600003}
STUDY_PHASE {"elapsed_seconds":11820.5293913,"iteration":1885,"iteration_seconds":28.256762,"phase":"iteration_complete","training_seconds":11379.398285600004}
STUDY_PHASE {"elapsed_seconds":11848.9730973,"iteration":1886,"iteration_seconds":28.4436639,"phase":"iteration_complete","training_seconds":11407.841949500003}
STUDY_PHASE {"elapsed_seconds":11877.7140076,"iteration":1887,"iteration_seconds":28.7408699,"phase":"iteration_complete","training_seconds":11436.582819400004}
STUDY_PHASE {"elapsed_seconds":11908.8401214,"iteration":1888,"iteration_seconds":31.1260748,"phase":"iteration_complete","training_seconds":11467.708894200005}
STUDY_PHASE {"elapsed_seconds":11938.08448,"iteration":1889,"iteration_seconds":29.2443051,"phase":"iteration_complete","training_seconds":11496.953199300004}
STUDY_PHASE {"elapsed_seconds":11965.7307993,"iteration":1890,"iteration_seconds":27.6462799,"phase":"iteration_complete","training_seconds":11524.599479200004}
STUDY_PHASE {"elapsed_seconds":11994.2314928,"iteration":1891,"iteration_seconds":28.5006497,"phase":"iteration_complete","training_seconds":11553.100128900003}
STUDY_PHASE {"elapsed_seconds":12023.3754771,"iteration":1892,"iteration_seconds":29.1439417,"phase":"iteration_complete","training_seconds":11582.244070600003}
STUDY_PHASE {"elapsed_seconds":12052.2098286,"iteration":1893,"iteration_seconds":28.8343103,"phase":"iteration_complete","training_seconds":11611.078380900004}
STUDY_PHASE {"elapsed_seconds":12081.272499,"iteration":1894,"iteration_seconds":29.0626242,"phase":"iteration_complete","training_seconds":11640.141005100004}
STUDY_PHASE {"elapsed_seconds":12109.9840848,"iteration":1895,"iteration_seconds":28.7115394,"phase":"iteration_complete","training_seconds":11668.852544500003}
STUDY_PHASE {"elapsed_seconds":12138.9619614,"iteration":1896,"iteration_seconds":28.9778363,"phase":"iteration_complete","training_seconds":11697.830380800004}
STUDY_PHASE {"elapsed_seconds":12168.3266048,"iteration":1897,"iteration_seconds":29.3646019,"phase":"iteration_complete","training_seconds":11727.194982700004}
STUDY_PHASE {"elapsed_seconds":12197.3528736,"iteration":1898,"iteration_seconds":29.0262281,"phase":"iteration_complete","training_seconds":11756.221210800004}
STUDY_PHASE {"elapsed_seconds":12226.3193608,"iteration":1899,"iteration_seconds":28.9664349,"phase":"iteration_complete","training_seconds":11785.187645700003}
STUDY_PHASE {"elapsed_seconds":12255.7243638,"iteration":1900,"iteration_seconds":29.404961,"phase":"iteration_complete","training_seconds":11814.592606700004}
STUDY_PHASE {"elapsed_seconds":12284.4551002,"iteration":1901,"iteration_seconds":28.730693,"phase":"iteration_complete","training_seconds":11843.323299700003}
STUDY_PHASE {"elapsed_seconds":12313.9131325,"iteration":1902,"iteration_seconds":29.4579906,"phase":"iteration_complete","training_seconds":11872.781290300003}
STUDY_PHASE {"elapsed_seconds":12343.6217761,"iteration":1903,"iteration_seconds":29.7086011,"phase":"iteration_complete","training_seconds":11902.489891400002}
STUDY_PHASE {"elapsed_seconds":12372.9330804,"iteration":1904,"iteration_seconds":29.3112631,"phase":"iteration_complete","training_seconds":11931.801154500003}
STUDY_PHASE {"elapsed_seconds":12402.2634896,"iteration":1905,"iteration_seconds":29.3303617,"phase":"iteration_complete","training_seconds":11961.131516200003}
STUDY_PHASE {"elapsed_seconds":12431.7677066,"iteration":1906,"iteration_seconds":29.5041695,"phase":"iteration_complete","training_seconds":11990.635685700003}
STUDY_PHASE {"elapsed_seconds":12461.5994438,"iteration":1907,"iteration_seconds":29.8316959,"phase":"iteration_complete","training_seconds":12020.467381600003}
STUDY_PHASE {"elapsed_seconds":12489.8902978,"iteration":1908,"iteration_seconds":28.2908077,"phase":"iteration_complete","training_seconds":12048.758189300002}
STUDY_PHASE {"elapsed_seconds":12519.3082667,"iteration":1909,"iteration_seconds":29.4179263,"phase":"iteration_complete","training_seconds":12078.176115600003}
STUDY_PHASE {"elapsed_seconds":12548.9075167,"iteration":1910,"iteration_seconds":29.5992076,"phase":"iteration_complete","training_seconds":12107.775323200003}
STUDY_PHASE {"elapsed_seconds":12579.2037762,"iteration":1911,"iteration_seconds":30.2962089,"phase":"iteration_complete","training_seconds":12138.071532100003}
STUDY_PHASE {"elapsed_seconds":12608.967127,"iteration":1912,"iteration_seconds":29.7633034,"phase":"iteration_complete","training_seconds":12167.834835500002}
STUDY_PHASE {"elapsed_seconds":12638.0367487,"iteration":1913,"iteration_seconds":29.0695753,"phase":"iteration_complete","training_seconds":12196.904410800002}
STUDY_PHASE {"elapsed_seconds":12668.4762108,"iteration":1914,"iteration_seconds":30.439421,"phase":"iteration_complete","training_seconds":12227.3438318}
STUDY_PHASE {"elapsed_seconds":12695.7021412,"iteration":1915,"iteration_seconds":27.2258453,"phase":"iteration_complete","training_seconds":12254.5696771}
STUDY_PHASE {"elapsed_seconds":12722.2602465,"iteration":1916,"iteration_seconds":26.5580773,"phase":"iteration_complete","training_seconds":12281.1277544}
STUDY_PHASE {"elapsed_seconds":12749.3997338,"iteration":1917,"iteration_seconds":27.1394416,"phase":"iteration_complete","training_seconds":12308.267196}
STUDY_PHASE {"elapsed_seconds":12779.941743,"iteration":1918,"iteration_seconds":30.5419722,"phase":"iteration_complete","training_seconds":12338.809168200001}
STUDY_PHASE {"elapsed_seconds":12808.8872491,"iteration":1919,"iteration_seconds":28.9454669,"phase":"iteration_complete","training_seconds":12367.754635100002}
STUDY_PHASE {"elapsed_seconds":12838.6896754,"iteration":1920,"iteration_seconds":29.8023844,"phase":"iteration_complete","training_seconds":12397.557019500002}
STUDY_PHASE {"elapsed_seconds":12871.1129273,"iteration":1921,"iteration_seconds":32.4232114,"phase":"iteration_complete","training_seconds":12429.980230900002}
STUDY_PHASE {"elapsed_seconds":12902.0497806,"iteration":1922,"iteration_seconds":30.9368085,"phase":"iteration_complete","training_seconds":12460.917039400003}
STUDY_PHASE {"elapsed_seconds":12932.3251689,"iteration":1923,"iteration_seconds":30.2753461,"phase":"iteration_complete","training_seconds":12491.192385500002}
STUDY_PHASE {"elapsed_seconds":12961.518209,"iteration":1924,"iteration_seconds":29.1929977,"phase":"iteration_complete","training_seconds":12520.385383200002}
STUDY_PHASE {"elapsed_seconds":12991.37201,"iteration":1925,"iteration_seconds":29.8537622,"phase":"iteration_complete","training_seconds":12550.239145400003}
STUDY_PHASE {"elapsed_seconds":13020.7077909,"iteration":1926,"iteration_seconds":29.335729,"phase":"iteration_complete","training_seconds":12579.574874400003}
STUDY_PHASE {"elapsed_seconds":13049.4826272,"iteration":1927,"iteration_seconds":28.7747965,"phase":"iteration_complete","training_seconds":12608.349670900003}
STUDY_PHASE {"elapsed_seconds":13079.0022211,"iteration":1928,"iteration_seconds":29.5195531,"phase":"iteration_complete","training_seconds":12637.869224000004}
STUDY_PHASE {"elapsed_seconds":13110.1440233,"iteration":1929,"iteration_seconds":31.1417551,"phase":"iteration_complete","training_seconds":12669.010979100003}
STUDY_PHASE {"elapsed_seconds":13139.4582308,"iteration":1930,"iteration_seconds":29.3141651,"phase":"iteration_complete","training_seconds":12698.325144200004}
STUDY_PHASE {"elapsed_seconds":13167.7602335,"iteration":1931,"iteration_seconds":28.3019379,"phase":"iteration_complete","training_seconds":12726.627082100003}
STUDY_PHASE {"elapsed_seconds":13196.5030101,"iteration":1932,"iteration_seconds":28.7427204,"phase":"iteration_complete","training_seconds":12755.369802500003}
STUDY_PHASE {"elapsed_seconds":13227.3964051,"iteration":1933,"iteration_seconds":30.8933489,"phase":"iteration_complete","training_seconds":12786.263151400002}
STUDY_PHASE {"elapsed_seconds":13255.6806827,"iteration":1934,"iteration_seconds":28.2842265,"phase":"iteration_complete","training_seconds":12814.547377900002}
STUDY_PHASE {"elapsed_seconds":13285.0232809,"iteration":1935,"iteration_seconds":29.3425475,"phase":"iteration_complete","training_seconds":12843.889925400003}
STUDY_PHASE {"elapsed_seconds":13313.5810092,"iteration":1936,"iteration_seconds":28.5576798,"phase":"iteration_complete","training_seconds":12872.447605200003}
STUDY_PHASE {"elapsed_seconds":13342.52155,"iteration":1937,"iteration_seconds":28.9404929,"phase":"iteration_complete","training_seconds":12901.388098100002}
STUDY_PHASE {"elapsed_seconds":13370.3456657,"iteration":1938,"iteration_seconds":27.8240723,"phase":"iteration_complete","training_seconds":12929.212170400002}
STUDY_PHASE {"elapsed_seconds":13400.6062891,"iteration":1939,"iteration_seconds":30.2605817,"phase":"iteration_complete","training_seconds":12959.472752100002}
STUDY_PHASE {"elapsed_seconds":13430.4408563,"iteration":1940,"iteration_seconds":29.8345179,"phase":"iteration_complete","training_seconds":12989.307270000003}
STUDY_PHASE {"elapsed_seconds":13459.6290946,"iteration":1941,"iteration_seconds":29.1881964,"phase":"iteration_complete","training_seconds":13018.495466400003}
STUDY_PHASE {"elapsed_seconds":13488.7678038,"iteration":1942,"iteration_seconds":29.1386639,"phase":"iteration_complete","training_seconds":13047.634130300003}
STUDY_PHASE {"elapsed_seconds":13518.0828303,"iteration":1943,"iteration_seconds":29.3149836,"phase":"iteration_complete","training_seconds":13076.949113900002}
STUDY_PHASE {"elapsed_seconds":13547.7126086,"iteration":1944,"iteration_seconds":29.629747,"phase":"iteration_complete","training_seconds":13106.578860900003}
STUDY_PHASE {"elapsed_seconds":13577.7471896,"iteration":1945,"iteration_seconds":30.0345392,"phase":"iteration_complete","training_seconds":13136.613400100003}
STUDY_PHASE {"elapsed_seconds":13607.6518292,"iteration":1946,"iteration_seconds":29.9045965,"phase":"iteration_complete","training_seconds":13166.517996600003}
STUDY_PHASE {"elapsed_seconds":13636.8421994,"iteration":1947,"iteration_seconds":29.1903269,"phase":"iteration_complete","training_seconds":13195.708323500003}
STUDY_PHASE {"elapsed_seconds":13666.6609857,"iteration":1948,"iteration_seconds":29.8187376,"phase":"iteration_complete","training_seconds":13225.527061100003}
STUDY_PHASE {"elapsed_seconds":13696.5136206,"iteration":1949,"iteration_seconds":29.8525808,"phase":"iteration_complete","training_seconds":13255.379641900003}
STUDY_PHASE {"elapsed_seconds":13726.7098984,"iteration":1950,"iteration_seconds":30.1962245,"phase":"iteration_complete","training_seconds":13285.575866400002}
STUDY_PHASE {"elapsed_seconds":13756.6774247,"iteration":1951,"iteration_seconds":29.9674854,"phase":"iteration_complete","training_seconds":13315.543351800003}
STUDY_PHASE {"elapsed_seconds":13785.441639,"iteration":1952,"iteration_seconds":28.7641622,"phase":"iteration_complete","training_seconds":13344.307514000002}
STUDY_PHASE {"elapsed_seconds":13816.7442521,"iteration":1953,"iteration_seconds":31.3025682,"phase":"iteration_complete","training_seconds":13375.610082200003}
STUDY_PHASE {"elapsed_seconds":13846.2912114,"iteration":1954,"iteration_seconds":29.546912,"phase":"iteration_complete","training_seconds":13405.156994200002}
STUDY_PHASE {"elapsed_seconds":13875.9335475,"iteration":1955,"iteration_seconds":29.6422908,"phase":"iteration_complete","training_seconds":13434.799285000003}
STUDY_PHASE {"elapsed_seconds":13905.2624883,"iteration":1956,"iteration_seconds":29.3287775,"phase":"iteration_complete","training_seconds":13464.128062500004}
STUDY_PHASE {"elapsed_seconds":13934.2570636,"iteration":1957,"iteration_seconds":28.9945307,"phase":"iteration_complete","training_seconds":13493.122593200003}
STUDY_PHASE {"elapsed_seconds":13963.7905989,"iteration":1958,"iteration_seconds":29.5334938,"phase":"iteration_complete","training_seconds":13522.656087000003}
STUDY_PHASE {"elapsed_seconds":13994.2092802,"iteration":1959,"iteration_seconds":30.4186395,"phase":"iteration_complete","training_seconds":13553.074726500003}
STUDY_PHASE {"elapsed_seconds":14024.1528479,"iteration":1960,"iteration_seconds":29.9435255,"phase":"iteration_complete","training_seconds":13583.018252000003}
STUDY_PHASE {"elapsed_seconds":14057.1119281,"iteration":1961,"iteration_seconds":32.9590424,"phase":"iteration_complete","training_seconds":13615.977294400003}
STUDY_PHASE {"elapsed_seconds":14089.0865244,"iteration":1962,"iteration_seconds":31.9745608,"phase":"iteration_complete","training_seconds":13647.951855200003}
STUDY_PHASE {"elapsed_seconds":14126.2647481,"iteration":1963,"iteration_seconds":37.1781863,"phase":"iteration_complete","training_seconds":13685.130041500002}
STUDY_PHASE {"elapsed_seconds":14157.0801375,"iteration":1964,"iteration_seconds":30.8153433,"phase":"iteration_complete","training_seconds":13715.945384800003}
STUDY_PHASE {"elapsed_seconds":14188.8986321,"iteration":1965,"iteration_seconds":31.8184404,"phase":"iteration_complete","training_seconds":13747.763825200003}
STUDY_PHASE {"elapsed_seconds":14221.3545592,"iteration":1966,"iteration_seconds":32.4558873,"phase":"iteration_complete","training_seconds":13780.219712500004}
STUDY_PHASE {"elapsed_seconds":14252.5850561,"iteration":1967,"iteration_seconds":31.2304448,"phase":"iteration_complete","training_seconds":13811.450157300003}
STUDY_PHASE {"elapsed_seconds":14283.3409006,"iteration":1968,"iteration_seconds":30.755803,"phase":"iteration_complete","training_seconds":13842.205960300003}
STUDY_PHASE {"elapsed_seconds":14313.8258072,"iteration":1969,"iteration_seconds":30.4848554,"phase":"iteration_complete","training_seconds":13872.690815700003}
STUDY_PHASE {"elapsed_seconds":14347.1967918,"iteration":1970,"iteration_seconds":33.3709403,"phase":"iteration_complete","training_seconds":13906.061756000003}
STUDY_PHASE {"elapsed_seconds":14374.7097432,"iteration":1971,"iteration_seconds":27.512907,"phase":"iteration_complete","training_seconds":13933.574663000003}
STUDY_PHASE {"elapsed_seconds":14401.6437994,"iteration":1972,"iteration_seconds":26.9340097,"phase":"iteration_complete","training_seconds":13960.508672700003}
STUDY_PHASE {"elapsed_seconds":14428.5463125,"iteration":1973,"iteration_seconds":26.9024711,"phase":"iteration_complete","training_seconds":13987.411143800004}
STUDY_PHASE {"elapsed_seconds":14455.8093835,"iteration":1974,"iteration_seconds":27.2630236,"phase":"iteration_complete","training_seconds":14014.674167400004}
STUDY_PHASE {"elapsed_seconds":14483.2411864,"iteration":1975,"iteration_seconds":27.4317532,"phase":"iteration_complete","training_seconds":14042.105920600005}
STUDY_PHASE {"elapsed_seconds":14510.2231874,"iteration":1976,"iteration_seconds":26.9819416,"phase":"iteration_complete","training_seconds":14069.087862200004}
STUDY_PHASE {"elapsed_seconds":14537.3515486,"iteration":1977,"iteration_seconds":27.1283245,"phase":"iteration_complete","training_seconds":14096.216186700003}
STUDY_PHASE {"elapsed_seconds":14564.7171901,"iteration":1978,"iteration_seconds":27.3656011,"phase":"iteration_complete","training_seconds":14123.581787800003}
STUDY_PHASE {"elapsed_seconds":14591.6962106,"iteration":1979,"iteration_seconds":26.9789103,"phase":"iteration_complete","training_seconds":14150.560698100004}
STUDY_PHASE {"elapsed_seconds":14625.1889399,"iteration":1980,"iteration_seconds":33.4926852,"phase":"iteration_complete","training_seconds":14184.053383300004}
STUDY_PHASE {"elapsed_seconds":14657.4043696,"iteration":1981,"iteration_seconds":32.2153785,"phase":"iteration_complete","training_seconds":14216.268761800004}
STUDY_PHASE {"elapsed_seconds":14688.877485,"iteration":1982,"iteration_seconds":31.4730571,"phase":"iteration_complete","training_seconds":14247.741818900004}
STUDY_PHASE {"elapsed_seconds":14720.2005051,"iteration":1983,"iteration_seconds":31.3229635,"phase":"iteration_complete","training_seconds":14279.064782400004}
STUDY_PHASE {"elapsed_seconds":14752.1920269,"iteration":1984,"iteration_seconds":31.9914742,"phase":"iteration_complete","training_seconds":14311.056256600004}
STUDY_PHASE {"elapsed_seconds":14782.8514392,"iteration":1985,"iteration_seconds":30.6593701,"phase":"iteration_complete","training_seconds":14341.715626700005}
STUDY_PHASE {"elapsed_seconds":14814.4342011,"iteration":1986,"iteration_seconds":31.5827137,"phase":"iteration_complete","training_seconds":14373.298340400004}
STUDY_PHASE {"elapsed_seconds":14846.5241939,"iteration":1987,"iteration_seconds":32.0899396,"phase":"iteration_complete","training_seconds":14405.388280000005}
STUDY_PHASE {"elapsed_seconds":14877.1159119,"iteration":1988,"iteration_seconds":30.5916706,"phase":"iteration_complete","training_seconds":14435.979950600005}
STUDY_PHASE {"elapsed_seconds":14908.3856815,"iteration":1989,"iteration_seconds":31.2697195,"phase":"iteration_complete","training_seconds":14467.249670100005}
STUDY_PHASE {"elapsed_seconds":14939.8818227,"iteration":1990,"iteration_seconds":31.4960949,"phase":"iteration_complete","training_seconds":14498.745765000005}
STUDY_PHASE {"elapsed_seconds":14970.282443,"iteration":1991,"iteration_seconds":30.4005781,"phase":"iteration_complete","training_seconds":14529.146343100005}
STUDY_PHASE {"elapsed_seconds":15002.2817955,"iteration":1992,"iteration_seconds":31.9993017,"phase":"iteration_complete","training_seconds":14561.145644800004}
STUDY_PHASE {"elapsed_seconds":15035.6941109,"iteration":1993,"iteration_seconds":33.4122659,"phase":"iteration_complete","training_seconds":14594.557910700005}
STUDY_PHASE {"elapsed_seconds":15070.7226705,"iteration":1994,"iteration_seconds":35.028526,"phase":"iteration_complete","training_seconds":14629.586436700005}
STUDY_PHASE {"elapsed_seconds":15103.7925238,"iteration":1995,"iteration_seconds":33.0698039,"phase":"iteration_complete","training_seconds":14662.656240600005}
STUDY_PHASE {"elapsed_seconds":15138.441366,"iteration":1996,"iteration_seconds":34.6487937,"phase":"iteration_complete","training_seconds":14697.305034300005}
STUDY_PHASE {"elapsed_seconds":15172.69337,"iteration":1997,"iteration_seconds":34.2519593,"phase":"iteration_complete","training_seconds":14731.556993600005}
STUDY_PHASE {"elapsed_seconds":15205.3376614,"iteration":1998,"iteration_seconds":32.6442356,"phase":"iteration_complete","training_seconds":14764.201229200005}
STUDY_PHASE {"elapsed_seconds":15236.6746281,"iteration":1999,"iteration_seconds":31.3369165,"phase":"iteration_complete","training_seconds":14795.538145700006}
STUDY_PHASE {"elapsed_seconds":15266.3573923,"iteration":2000,"iteration_seconds":29.6827136,"phase":"iteration_complete","training_seconds":14825.220859300005}
STUDY_PHASE {"elapsed_seconds":15266.3574342,"iteration":2000,"phase":"evaluation_start"}
STUDY_PHASE {"elapsed_seconds":15545.8809736,"evaluation_seconds":540.7453948,"iteration":2000,"phase":"evaluation_complete"}
2000 gap=0.004633601402780574 elapsed=15545.9
STUDY_CHECKPOINT {"iteration":2000,"payload_bytes":61718644664,"saved":"S:\\GTOpen-research\\strategic-segments-v1\\strategic-equal112-2000-v1\\final"}
