seat0 entry mass removed=0.000001620262771236195
seat1 entry mass removed=0.0000012845353565876034
gpu: 432881 nodes, 13 levels, staging+arenas 1146.5 MB
GPU_STORAGE_MAP active=165920 missing_active=0 all_tree_missing=3430
stored AdAcJc pot=39.5: bytes=291691520 disk=false workspace=1438213480
gpu: 432881 nodes, 13 levels, staging+arenas 1212.2 MB
GPU_STORAGE_MAP active=165920 missing_active=0 all_tree_missing=3430
stored AdAc3c pot=39.5: bytes=309010704 disk=false workspace=1521219632
gpu: 432881 nodes, 13 levels, staging+arenas 1213.3 MB
stored AcKd9h pot=39.5: bytes=519811040 disk=false workspace=1526172336
gpu: 432881 nodes, 13 levels, staging+arenas 1241.7 MB
stored AcKd5h pot=39.5: bytes=532041888 disk=false workspace=1550674600
gpu: 432881 nodes, 13 levels, staging+arenas 1199.4 MB
GPU_STORAGE_MAP active=165920 missing_active=0 all_tree_missing=3430
stored AcKcQc pot=39.5: bytes=144717320 disk=false workspace=1550674600
gpu: 432881 nodes, 13 levels, staging+arenas 1211.2 MB
stored AcQdJh pot=39.5: bytes=516753328 disk=false workspace=1550674600
gpu: 432881 nodes, 13 levels, staging+arenas 1261.2 MB
stored AcQd7h pot=39.5: bytes=539686168 disk=false workspace=1570224160
gpu: 432881 nodes, 13 levels, staging+arenas 1279.3 MB
stored AcQd3h pot=39.5: bytes=547330448 disk=false workspace=1588340160
gpu: 432881 nodes, 13 levels, staging+arenas 1275.4 MB
GPU_STORAGE_MAP active=165920 missing_active=0 all_tree_missing=3430
stored AcQc4d pot=39.5: bytes=325418352 disk=false workspace=1604747808
gpu: 432881 nodes, 13 levels, staging+arenas 1236.7 MB
GPU_STORAGE_MAP active=165920 missing_active=0 all_tree_missing=3430
stored AcJd8c pot=39.5: bytes=315391456 disk=false workspace=1604747808
gpu: 432881 nodes, 13 levels, staging+arenas 1270.1 MB
GPU_STORAGE_MAP active=165920 missing_active=0 all_tree_missing=3430
stored AcJd4c pot=39.5: bytes=324506816 disk=false workspace=1608135696
gpu: 432881 nodes, 13 levels, staging+arenas 1268.6 MB
GPU_STORAGE_MAP active=165920 missing_active=0 all_tree_missing=3430
stored AcJc4d pot=39.5: bytes=324506816 disk=false workspace=1611523584
gpu: 432881 nodes, 13 levels, staging+arenas 1256.9 MB
GPU_STORAGE_MAP active=165920 missing_active=0 all_tree_missing=3430
stored AcTd7d pot=39.5: bytes=321772208 disk=false workspace=1611523584
gpu: 432881 nodes, 13 levels, staging+arenas 1278.9 MB
GPU_STORAGE_MAP active=165920 missing_active=0 all_tree_missing=3430
stored AcTd3c pot=39.5: bytes=327241424 disk=false workspace=1614911472
gpu: 432881 nodes, 13 levels, staging+arenas 1267.2 MB
stored Ac9h9d pot=39.5: bytes=544272736 disk=false workspace=1614911472
gpu: 432881 nodes, 13 levels, staging+arenas 1295.6 MB
GPU_STORAGE_MAP active=165920 missing_active=0 all_tree_missing=3430
stored Ac9d5c pot=39.5: bytes=331799104 disk=false workspace=1627420232
gpu: 432881 nodes, 13 levels, staging+arenas 1291.7 MB
GPU_STORAGE_MAP active=165920 missing_active=0 all_tree_missing=3430
stored Ac9c6c pot=39.5: bytes=156813096 disk=false workspace=1627420232
gpu: 432881 nodes, 13 levels, staging+arenas 1290.7 MB
stored Ac8d5h pot=39.5: bytes=553445872 disk=false workspace=1627420232
gpu: 432881 nodes, 13 levels, staging+arenas 1297.1 MB
GPU_STORAGE_MAP active=165920 missing_active=0 all_tree_missing=3430
stored Ac8c7c pot=39.5: bytes=157245088 disk=false workspace=1631330144
gpu: 432881 nodes, 13 levels, staging+arenas 1316.2 MB
GPU_STORAGE_MAP active=165920 missing_active=0 all_tree_missing=3430
stored Ac7d5c pot=39.5: bytes=337268320 disk=false workspace=1653481800
gpu: 432881 nodes, 13 levels, staging+arenas 1324.0 MB
GPU_STORAGE_MAP active=165920 missing_active=0 all_tree_missing=3430
stored Ac7c3d pot=39.5: bytes=339091392 disk=false workspace=1663124696
gpu: 432881 nodes, 13 levels, staging+arenas 1330.4 MB
GPU_STORAGE_MAP active=165920 missing_active=0 all_tree_missing=3430
stored Ac6d3c pot=39.5: bytes=340914464 disk=false workspace=1671334032
gpu: 432881 nodes, 13 levels, staging+arenas 1327.9 MB
stored Ac5d3h pot=39.5: bytes=570263288 disk=false workspace=1671334032
gpu: 432881 nodes, 13 levels, staging+arenas 1338.2 MB
GPU_STORAGE_MAP active=165920 missing_active=0 all_tree_missing=3430
stored Ac4d3c pot=39.5: bytes=342737536 disk=false workspace=1680976928
gpu: 432881 nodes, 13 levels, staging+arenas 1346.1 MB
GPU_STORAGE_MAP active=165920 missing_active=0 all_tree_missing=3430
stored Ac2d2c pot=39.5: bytes=344560608 disk=false workspace=1690619824
gpu: 432881 nodes, 13 levels, staging+arenas 1291.7 MB
stored KdKc4h pot=39.5: bytes=554974728 disk=false workspace=1690619824
gpu: 432881 nodes, 13 levels, staging+arenas 1277.9 MB
stored KcQd9h pot=39.5: bytes=547330448 disk=false workspace=1690619824
gpu: 432881 nodes, 13 levels, staging+arenas 1310.2 MB
stored KcQd5h pot=39.5: bytes=561090152 disk=false workspace=1690619824
gpu: 432881 nodes, 13 levels, staging+arenas 1259.8 MB
GPU_STORAGE_MAP active=165920 missing_active=0 all_tree_missing=3430
stored KcQcTd pot=39.5: bytes=321772208 disk=false workspace=1690619824
gpu: 432881 nodes, 13 levels, staging+arenas 1256.9 MB
GPU_STORAGE_MAP active=165920 missing_active=0 all_tree_missing=3430
stored KcJdTd pot=39.5: bytes=321772208 disk=false workspace=1690619824
gpu: 432881 nodes, 13 levels, staging+arenas 1302.0 MB
GPU_STORAGE_MAP active=165920 missing_active=0 all_tree_missing=3430
stored KcJd6d pot=39.5: bytes=333622176 disk=false workspace=1690619824
gpu: 432881 nodes, 13 levels, staging+arenas 1313.7 MB
GPU_STORAGE_MAP active=165920 missing_active=0 all_tree_missing=3430
stored KcJd2c pot=39.5: bytes=336356784 disk=false workspace=1690619824
gpu: 432881 nodes, 13 levels, staging+arenas 1276.1 MB
stored KcTd9h pot=39.5: bytes=548859304 disk=false workspace=1690619824
gpu: 432881 nodes, 13 levels, staging+arenas 1308.4 MB
GPU_STORAGE_MAP active=165920 missing_active=0 all_tree_missing=3430
stored KcTd5d pot=39.5: bytes=335445248 disk=false workspace=1690619824
gpu: 432881 nodes, 13 levels, staging+arenas 1300.6 MB
GPU_STORAGE_MAP active=165920 missing_active=0 all_tree_missing=3430
stored KcTc7d pot=39.5: bytes=333622176 disk=false workspace=1690619824
gpu: 432881 nodes, 13 levels, staging+arenas 1325.1 MB
GPU_STORAGE_MAP active=165920 missing_active=0 all_tree_missing=3430
stored Kc9d7d pot=39.5: bytes=340002928 disk=false workspace=1694007712
gpu: 432881 nodes, 13 levels, staging+arenas 1339.3 MB
GPU_STORAGE_MAP active=165920 missing_active=0 all_tree_missing=3430
stored Kc9d3d pot=39.5: bytes=343649072 disk=false workspace=1697395600
gpu: 432881 nodes, 13 levels, staging+arenas 1326.5 MB
stored Kc8d7h pot=39.5: bytes=570263288 disk=false workspace=1697395600
gpu: 432881 nodes, 13 levels, staging+arenas 1344.6 MB
stored Kc8d3h pot=39.5: bytes=577907568 disk=false workspace=1697395600
gpu: 432881 nodes, 13 levels, staging+arenas 1349.6 MB
stored Kc7h7d pot=39.5: bytes=580965280 disk=false workspace=1699871952
gpu: 432881 nodes, 13 levels, staging+arenas 1363.8 MB
GPU_STORAGE_MAP active=165920 missing_active=0 all_tree_missing=3430
stored Kc7d3c pot=39.5: bytes=350029824 disk=false workspace=1713814272
gpu: 432881 nodes, 13 levels, staging+arenas 1359.9 MB
GPU_STORAGE_MAP active=165920 missing_active=0 all_tree_missing=3430
stored Kc6d5c pot=39.5: bytes=349118288 disk=false workspace=1713814272
gpu: 432881 nodes, 13 levels, staging+arenas 1370.2 MB
GPU_STORAGE_MAP active=165920 missing_active=0 all_tree_missing=3430
stored Kc6c3d pot=39.5: bytes=351852896 disk=false workspace=1722023608
gpu: 432881 nodes, 13 levels, staging+arenas 1367.7 MB
GPU_STORAGE_MAP active=165920 missing_active=0 all_tree_missing=3430
stored Kc5c4d pot=39.5: bytes=350941360 disk=false workspace=1722023608
gpu: 432881 nodes, 13 levels, staging+arenas 1385.8 MB
stored Kc3h3d pot=39.5: bytes=596253840 disk=false workspace=1737663256
gpu: 432881 nodes, 13 levels, staging+arenas 1317.0 MB
GPU_STORAGE_MAP active=165920 missing_active=0 all_tree_missing=3430
stored QdQc8c pot=39.5: bytes=335445248 disk=false workspace=1737663256
gpu: 432881 nodes, 13 levels, staging+arenas 1274.0 MB
stored QcJdTh pot=39.5: bytes=545801592 disk=false workspace=1737663256
gpu: 432881 nodes, 13 levels, staging+arenas 1325.5 MB
GPU_STORAGE_MAP active=165920 missing_active=0 all_tree_missing=3430
stored QcJd6d pot=39.5: bytes=339091392 disk=false workspace=1737663256
gpu: 432881 nodes, 13 levels, staging+arenas 1337.2 MB
GPU_STORAGE_MAP active=165920 missing_active=0 all_tree_missing=3430
stored QcJd2d pot=39.5: bytes=341826000 disk=false workspace=1737663256
gpu: 432881 nodes, 13 levels, staging+arenas 1299.5 MB
stored QcTd9h pot=39.5: bytes=558032440 disk=false workspace=1737663256
gpu: 432881 nodes, 13 levels, staging+arenas 1331.9 MB
stored QcTd5h pot=39.5: bytes=571792144 disk=false workspace=1737663256
gpu: 432881 nodes, 13 levels, staging+arenas 1308.8 MB
GPU_STORAGE_MAP active=165920 missing_active=0 all_tree_missing=3430
stored QcTc8d pot=39.5: bytes=334533712 disk=false workspace=1737663256
gpu: 432881 nodes, 13 levels, staging+arenas 1348.5 MB
stored Qc9d7h pot=39.5: bytes=579436424 disk=false workspace=1737663256
gpu: 432881 nodes, 13 levels, staging+arenas 1366.7 MB
GPU_STORAGE_MAP active=165920 missing_active=0 all_tree_missing=3430
stored Qc9d3d pot=39.5: bytes=350029824 disk=false workspace=1738574792
gpu: 432881 nodes, 13 levels, staging+arenas 1345.0 MB
GPU_STORAGE_MAP active=165920 missing_active=0 all_tree_missing=3430
stored Qc8d8c pot=39.5: bytes=343649072 disk=false workspace=1738574792
gpu: 432881 nodes, 13 levels, staging+arenas 1368.1 MB
GPU_STORAGE_MAP active=165920 missing_active=0 all_tree_missing=3430
stored Qc8d4c pot=39.5: bytes=350029824 disk=false workspace=1739486328
gpu: 432881 nodes, 13 levels, staging+arenas 1376.9 MB
stored Qc7h7d pot=39.5: bytes=591667272 disk=false workspace=1739486328
gpu: 432881 nodes, 13 levels, staging+arenas 1391.2 MB
GPU_STORAGE_MAP active=165920 missing_active=0 all_tree_missing=3430
stored Qc7d3d pot=39.5: bytes=356410576 disk=false workspace=1750952296
gpu: 432881 nodes, 13 levels, staging+arenas 1391.2 MB
GPU_STORAGE_MAP active=165920 missing_active=0 all_tree_missing=3430
stored Qc6d5d pot=39.5: bytes=356410576 disk=false workspace=1750952296
gpu: 432881 nodes, 13 levels, staging+arenas 1397.5 MB
GPU_STORAGE_MAP active=165920 missing_active=0 all_tree_missing=3430
stored Qc6c3d pot=39.5: bytes=358233648 disk=false workspace=1755773744
gpu: 432881 nodes, 13 levels, staging+arenas 1399.0 MB
GPU_STORAGE_MAP active=165920 missing_active=0 all_tree_missing=3430
stored Qc5d2c pot=39.5: bytes=358233648 disk=false workspace=1760595192
gpu: 432881 nodes, 13 levels, staging+arenas 1405.4 MB
GPU_STORAGE_MAP active=165920 missing_active=0 all_tree_missing=3430
stored Qc4c2d pot=39.5: bytes=360056720 disk=false workspace=1765416640
gpu: 432881 nodes, 13 levels, staging+arenas 1318.7 MB
stored JdJc7h pot=39.5: bytes=567205576 disk=false workspace=1765416640
gpu: 432881 nodes, 13 levels, staging+arenas 1300.6 MB
GPU_STORAGE_MAP active=165920 missing_active=0 all_tree_missing=3430
stored JcTd9d pot=39.5: bytes=333622176 disk=false workspace=1765416640
gpu: 432881 nodes, 13 levels, staging+arenas 1329.0 MB
GPU_STORAGE_MAP active=165920 missing_active=0 all_tree_missing=3430
stored JcTd5c pot=39.5: bytes=340914464 disk=false workspace=1765416640
gpu: 432881 nodes, 13 levels, staging+arenas 1323.6 MB
GPU_STORAGE_MAP active=165920 missing_active=0 all_tree_missing=3430
stored JcTc7c pot=39.5: bytes=161133016 disk=false workspace=1765416640
gpu: 432881 nodes, 13 levels, staging+arenas 1341.8 MB
GPU_STORAGE_MAP active=165920 missing_active=0 all_tree_missing=3430
stored Jc9d7c pot=39.5: bytes=344560608 disk=false workspace=1765416640
gpu: 432881 nodes, 13 levels, staging+arenas 1359.9 MB
GPU_STORAGE_MAP active=165920 missing_active=0 all_tree_missing=3430
stored Jc9d3c pot=39.5: bytes=349118288 disk=false workspace=1765416640
gpu: 432881 nodes, 13 levels, staging+arenas 1347.1 MB
stored Jc8d7h pot=39.5: bytes=579436424 disk=false workspace=1765416640
gpu: 432881 nodes, 13 levels, staging+arenas 1365.2 MB
stored Jc8d3h pot=39.5: bytes=587080704 disk=false workspace=1765416640
gpu: 432881 nodes, 13 levels, staging+arenas 1370.2 MB
GPU_STORAGE_MAP active=165920 missing_active=0 all_tree_missing=3430
stored Jc7d7c pot=39.5: bytes=351852896 disk=false workspace=1765416640
gpu: 432881 nodes, 13 levels, staging+arenas 1384.4 MB
stored Jc7d2h pot=39.5: bytes=596253840 disk=false workspace=1767892992
gpu: 432881 nodes, 13 levels, staging+arenas 1386.9 MB
stored Jc6d4h pot=39.5: bytes=597782696 disk=false workspace=1770369344
gpu: 432881 nodes, 13 levels, staging+arenas 1390.8 MB
GPU_STORAGE_MAP active=165920 missing_active=0 all_tree_missing=3430
stored Jc6c2d pot=39.5: bytes=357322112 disk=false workspace=1772192416
gpu: 432881 nodes, 13 levels, staging+arenas 1392.2 MB
GPU_STORAGE_MAP active=165920 missing_active=0 all_tree_missing=3430
stored Jc5c3d pot=39.5: bytes=357322112 disk=false workspace=1772192416
gpu: 432881 nodes, 13 levels, staging+arenas 1406.4 MB
GPU_STORAGE_MAP active=165920 missing_active=0 all_tree_missing=3430
stored Jc3d3c pot=39.5: bytes=360968256 disk=false workspace=1772192416
gpu: 432881 nodes, 13 levels, staging+arenas 1336.4 MB
stored TdTc5h pot=39.5: bytes=576378712 disk=false workspace=1772192416
gpu: 432881 nodes, 13 levels, staging+arenas 1350.6 MB
GPU_STORAGE_MAP active=165920 missing_active=0 all_tree_missing=3430
stored Tc9d7d pot=39.5: bytes=347295216 disk=false workspace=1772192416
gpu: 432881 nodes, 13 levels, staging+arenas 1364.8 MB
GPU_STORAGE_MAP active=165920 missing_active=0 all_tree_missing=3430
stored Tc9d3c pot=39.5: bytes=350941360 disk=false workspace=1772192416
gpu: 432881 nodes, 13 levels, staging+arenas 1352.1 MB
stored Tc8d7h pot=39.5: bytes=582494136 disk=false workspace=1772192416
gpu: 432881 nodes, 13 levels, staging+arenas 1370.2 MB
stored Tc8d3h pot=39.5: bytes=590138416 disk=false workspace=1772192416
gpu: 432881 nodes, 13 levels, staging+arenas 1375.1 MB
GPU_STORAGE_MAP active=165920 missing_active=0 all_tree_missing=3430
stored Tc7d7c pot=39.5: bytes=353675968 disk=false workspace=1772192416
gpu: 432881 nodes, 13 levels, staging+arenas 1389.3 MB
GPU_STORAGE_MAP active=165920 missing_active=0 all_tree_missing=3430
stored Tc7d3c pot=39.5: bytes=357322112 disk=false workspace=1775580304
gpu: 432881 nodes, 13 levels, staging+arenas 1385.4 MB
GPU_STORAGE_MAP active=165920 missing_active=0 all_tree_missing=3430
stored Tc6d5c pot=39.5: bytes=356410576 disk=false workspace=1775580304
gpu: 432881 nodes, 13 levels, staging+arenas 1395.7 MB
GPU_STORAGE_MAP active=165920 missing_active=0 all_tree_missing=3430
stored Tc6c3c pot=39.5: bytes=170204848 disk=false workspace=1778056656
gpu: 432881 nodes, 13 levels, staging+arenas 1393.2 MB
GPU_STORAGE_MAP active=165920 missing_active=0 all_tree_missing=3430
stored Tc5c4d pot=39.5: bytes=358233648 disk=false workspace=1778056656
gpu: 432881 nodes, 13 levels, staging+arenas 1411.4 MB
stored Tc3h3d pot=39.5: bytes=608484688 disk=false workspace=1778056656
gpu: 432881 nodes, 13 levels, staging+arenas 1385.4 MB
GPU_STORAGE_MAP active=165920 missing_active=0 all_tree_missing=3430
stored 9d9c5c pot=39.5: bytes=356410576 disk=false workspace=1778056656
gpu: 432881 nodes, 13 levels, staging+arenas 1382.9 MB
GPU_STORAGE_MAP active=165920 missing_active=0 all_tree_missing=3430
stored 9c8d6c pot=39.5: bytes=355499040 disk=false workspace=1778056656
gpu: 432881 nodes, 13 levels, staging+arenas 1380.5 MB
GPU_STORAGE_MAP active=165920 missing_active=0 all_tree_missing=3430
stored 9c8c7d pot=39.5: bytes=354587504 disk=false workspace=1778056656
gpu: 432881 nodes, 13 levels, staging+arenas 1403.5 MB
GPU_STORAGE_MAP active=165920 missing_active=0 all_tree_missing=3430
stored 9c7d5d pot=39.5: bytes=360968256 disk=false workspace=1778968192
gpu: 432881 nodes, 13 levels, staging+arenas 1413.8 MB
GPU_STORAGE_MAP active=165920 missing_active=0 all_tree_missing=3430
stored 9c7c4d pot=39.5: bytes=363702864 disk=false workspace=1782356080
gpu: 432881 nodes, 13 levels, staging+arenas 1420.2 MB
GPU_STORAGE_MAP active=165920 missing_active=0 all_tree_missing=3430
stored 9c6d3c pot=39.5: bytes=365525936 disk=false workspace=1785743968
gpu: 432881 nodes, 13 levels, staging+arenas 1421.7 MB
stored 9c5d3h pot=39.5: bytes=613071256 disk=false workspace=1789653880
gpu: 432881 nodes, 13 levels, staging+arenas 1428.0 MB
GPU_STORAGE_MAP active=165920 missing_active=0 all_tree_missing=3430
stored 9c4d3d pot=39.5: bytes=367349008 disk=false workspace=1795386864
gpu: 432881 nodes, 13 levels, staging+arenas 1435.9 MB
GPU_STORAGE_MAP active=165920 missing_active=0 all_tree_missing=3430
stored 9c2d2c pot=39.5: bytes=369172080 disk=false workspace=1805029760
gpu: 432881 nodes, 13 levels, staging+arenas 1407.4 MB
stored 8c7d6h pot=39.5: bytes=606955832 disk=false workspace=1805029760
gpu: 432881 nodes, 13 levels, staging+arenas 1419.2 MB
stored 8c7d2h pot=39.5: bytes=611542400 disk=false workspace=1805029760
gpu: 432881 nodes, 13 levels, staging+arenas 1421.7 MB
stored 8c6d4h pot=39.5: bytes=613071256 disk=false workspace=1805029760
gpu: 432881 nodes, 13 levels, staging+arenas 1420.6 MB
stored 8c5h5d pot=39.5: bytes=611542400 disk=false workspace=1805029760
gpu: 432881 nodes, 13 levels, staging+arenas 1427.0 MB
GPU_STORAGE_MAP active=165920 missing_active=0 all_tree_missing=3430
stored 8c5c2d pot=39.5: bytes=366437472 disk=false workspace=1805029760
gpu: 432881 nodes, 13 levels, staging+arenas 1437.3 MB
stored 8c3d2h pot=39.5: bytes=619186680 disk=false workspace=1808939672
gpu: 432881 nodes, 13 levels, staging+arenas 1442.2 MB
GPU_STORAGE_MAP active=165920 missing_active=0 all_tree_missing=3430
stored 7d7c2c pot=39.5: bytes=370995152 disk=false workspace=1813239096
gpu: 432881 nodes, 13 levels, staging+arenas 1444.7 MB
stored 7c6d2h pot=39.5: bytes=623773248 disk=false workspace=1815715448
gpu: 432881 nodes, 13 levels, staging+arenas 1446.2 MB
GPU_STORAGE_MAP active=165920 missing_active=0 all_tree_missing=3430
stored 7c5d3c pot=39.5: bytes=371906688 disk=false workspace=1820536896
gpu: 432881 nodes, 13 levels, staging+arenas 1452.5 MB
stored 7c4d2h pot=39.5: bytes=626830960 disk=false workspace=1824446808
gpu: 432881 nodes, 13 levels, staging+arenas 1448.6 MB
GPU_STORAGE_MAP active=165920 missing_active=0 all_tree_missing=3430
stored 6d6c5c pot=39.5: bytes=372818224 disk=false workspace=1825358344
gpu: 432881 nodes, 13 levels, staging+arenas 1452.5 MB
stored 6c5d2h pot=39.5: bytes=626830960 disk=false workspace=1825358344
gpu: 432881 nodes, 13 levels, staging+arenas 1458.9 MB
GPU_STORAGE_MAP active=165920 missing_active=0 all_tree_missing=3430
stored 6c4d2d pot=39.5: bytes=375552832 disk=false workspace=1834479216
gpu: 432881 nodes, 13 levels, staging+arenas 1457.9 MB
stored 5d5c3h pot=39.5: bytes=628359816 disk=false workspace=1838389128
gpu: 432881 nodes, 13 levels, staging+arenas 1468.2 MB
stored 5c3h3d pot=39.5: bytes=632946384 disk=false workspace=1846208952
gpu: 432881 nodes, 13 levels, staging+arenas 1470.7 MB
stored 4c3d2h pot=39.5: bytes=634475240 disk=false workspace=1846208952
gpu: 143389 nodes, 11 levels, staging+arenas 376.6 MB
GPU_STORAGE_MAP active=52436 missing_active=0 all_tree_missing=1078
stored AdAcJc pot=93.5: bytes=85539840 disk=false workspace=1846208952
gpu: 143389 nodes, 11 levels, staging+arenas 398.1 MB
GPU_STORAGE_MAP active=52436 missing_active=0 all_tree_missing=1078
stored AdAc3c pot=93.5: bytes=90618768 disk=false workspace=1846208952
gpu: 143389 nodes, 11 levels, staging+arenas 398.4 MB
stored AcKd9h pot=93.5: bytes=152224800 disk=false workspace=1846208952
gpu: 143389 nodes, 11 levels, staging+arenas 407.7 MB
stored AcKd5h pot=93.5: bytes=155806560 disk=false workspace=1846208952
gpu: 143389 nodes, 11 levels, staging+arenas 393.9 MB
GPU_STORAGE_MAP active=52436 missing_active=0 all_tree_missing=1078
stored AcKcQc pot=93.5: bytes=42550360 disk=false workspace=1846208952
gpu: 143389 nodes, 11 levels, staging+arenas 397.8 MB
stored AcQdJh pot=93.5: bytes=151329360 disk=false workspace=1846208952
gpu: 143389 nodes, 11 levels, staging+arenas 414.2 MB
stored AcQd7h pot=93.5: bytes=158045160 disk=false workspace=1846208952
gpu: 143389 nodes, 11 levels, staging+arenas 420.1 MB
stored AcQd3h pot=93.5: bytes=160283760 disk=false workspace=1846208952
gpu: 143389 nodes, 11 levels, staging+arenas 418.8 MB
GPU_STORAGE_MAP active=52436 missing_active=0 all_tree_missing=1078
stored AcQc4d pot=93.5: bytes=95430384 disk=false workspace=1846208952
gpu: 143389 nodes, 11 levels, staging+arenas 406.1 MB
GPU_STORAGE_MAP active=52436 missing_active=0 all_tree_missing=1078
stored AcJd8c pot=93.5: bytes=92489952 disk=false workspace=1846208952
gpu: 143389 nodes, 11 levels, staging+arenas 417.0 MB
GPU_STORAGE_MAP active=52436 missing_active=0 all_tree_missing=1078
stored AcJd4c pot=93.5: bytes=95163072 disk=false workspace=1846208952
gpu: 143389 nodes, 11 levels, staging+arenas 416.5 MB
GPU_STORAGE_MAP active=52436 missing_active=0 all_tree_missing=1078
stored AcJc4d pot=93.5: bytes=95163072 disk=false workspace=1846208952
gpu: 143389 nodes, 11 levels, staging+arenas 412.7 MB
GPU_STORAGE_MAP active=52436 missing_active=0 all_tree_missing=1078
stored AcTd7d pot=93.5: bytes=94361136 disk=false workspace=1846208952
gpu: 143389 nodes, 11 levels, staging+arenas 419.9 MB
GPU_STORAGE_MAP active=52436 missing_active=0 all_tree_missing=1078
stored AcTd3c pot=93.5: bytes=95965008 disk=false workspace=1846208952
gpu: 143389 nodes, 11 levels, staging+arenas 416.0 MB
stored Ac9h9d pot=93.5: bytes=159388320 disk=false workspace=1846208952
gpu: 143389 nodes, 11 levels, staging+arenas 425.4 MB
GPU_STORAGE_MAP active=52436 missing_active=0 all_tree_missing=1078
stored Ac9d5c pot=93.5: bytes=97301568 disk=false workspace=1846208952
gpu: 143389 nodes, 11 levels, staging+arenas 424.1 MB
GPU_STORAGE_MAP active=52436 missing_active=0 all_tree_missing=1078
stored Ac9c6c pot=93.5: bytes=46106808 disk=false workspace=1846208952
gpu: 143389 nodes, 11 levels, staging+arenas 423.8 MB
stored Ac8d5h pot=93.5: bytes=162074640 disk=false workspace=1846208952
gpu: 143389 nodes, 11 levels, staging+arenas 425.9 MB
GPU_STORAGE_MAP active=52436 missing_active=0 all_tree_missing=1078
stored Ac8c7c pot=93.5: bytes=46233824 disk=false workspace=1846208952
gpu: 143389 nodes, 11 levels, staging+arenas 432.1 MB
GPU_STORAGE_MAP active=52436 missing_active=0 all_tree_missing=1078
stored Ac7d5c pot=93.5: bytes=98905440 disk=false workspace=1846208952
gpu: 143389 nodes, 11 levels, staging+arenas 434.7 MB
GPU_STORAGE_MAP active=52436 missing_active=0 all_tree_missing=1078
stored Ac7c3d pot=93.5: bytes=99440064 disk=false workspace=1846208952
gpu: 143389 nodes, 11 levels, staging+arenas 436.8 MB
GPU_STORAGE_MAP active=52436 missing_active=0 all_tree_missing=1078
stored Ac6d3c pot=93.5: bytes=99974688 disk=false workspace=1846208952
gpu: 143389 nodes, 11 levels, staging+arenas 436.0 MB
stored Ac5d3h pot=93.5: bytes=166999560 disk=false workspace=1846208952
gpu: 143389 nodes, 11 levels, staging+arenas 439.3 MB
GPU_STORAGE_MAP active=52436 missing_active=0 all_tree_missing=1078
stored Ac4d3c pot=93.5: bytes=100509312 disk=false workspace=1846208952
gpu: 143389 nodes, 11 levels, staging+arenas 441.9 MB
GPU_STORAGE_MAP active=52436 missing_active=0 all_tree_missing=1078
stored Ac2d2c pot=93.5: bytes=101043936 disk=false workspace=1846208952
gpu: 143389 nodes, 11 levels, staging+arenas 424.1 MB
stored KdKc4h pot=93.5: bytes=162522360 disk=false workspace=1846208952
gpu: 143389 nodes, 11 levels, staging+arenas 419.6 MB
stored KcQd9h pot=93.5: bytes=160283760 disk=false workspace=1846208952
gpu: 143389 nodes, 11 levels, staging+arenas 430.2 MB
stored KcQd5h pot=93.5: bytes=164313240 disk=false workspace=1846208952
gpu: 143389 nodes, 11 levels, staging+arenas 413.7 MB
GPU_STORAGE_MAP active=52436 missing_active=0 all_tree_missing=1078
stored KcQcTd pot=93.5: bytes=94361136 disk=false workspace=1846208952
gpu: 143389 nodes, 11 levels, staging+arenas 412.7 MB
GPU_STORAGE_MAP active=52436 missing_active=0 all_tree_missing=1078
stored KcJdTd pot=93.5: bytes=94361136 disk=false workspace=1846208952
gpu: 143389 nodes, 11 levels, staging+arenas 427.4 MB
GPU_STORAGE_MAP active=52436 missing_active=0 all_tree_missing=1078
stored KcJd6d pot=93.5: bytes=97836192 disk=false workspace=1846208952
gpu: 143389 nodes, 11 levels, staging+arenas 431.3 MB
GPU_STORAGE_MAP active=52436 missing_active=0 all_tree_missing=1078
stored KcJd2c pot=93.5: bytes=98638128 disk=false workspace=1846208952
gpu: 143389 nodes, 11 levels, staging+arenas 418.9 MB
stored KcTd9h pot=93.5: bytes=160731480 disk=false workspace=1846208952
gpu: 143389 nodes, 11 levels, staging+arenas 429.5 MB
GPU_STORAGE_MAP active=52436 missing_active=0 all_tree_missing=1078
stored KcTd5d pot=93.5: bytes=98370816 disk=false workspace=1846208952
gpu: 143389 nodes, 11 levels, staging+arenas 426.9 MB
GPU_STORAGE_MAP active=52436 missing_active=0 all_tree_missing=1078
stored KcTc7d pot=93.5: bytes=97836192 disk=false workspace=1846208952
gpu: 143389 nodes, 11 levels, staging+arenas 435.0 MB
GPU_STORAGE_MAP active=52436 missing_active=0 all_tree_missing=1078
stored Kc9d7d pot=93.5: bytes=99707376 disk=false workspace=1846208952
gpu: 143389 nodes, 11 levels, staging+arenas 439.6 MB
GPU_STORAGE_MAP active=52436 missing_active=0 all_tree_missing=1078
stored Kc9d3d pot=93.5: bytes=100776624 disk=false workspace=1846208952
gpu: 143389 nodes, 11 levels, staging+arenas 435.5 MB
stored Kc8d7h pot=93.5: bytes=166999560 disk=false workspace=1846208952
gpu: 143389 nodes, 11 levels, staging+arenas 441.4 MB
stored Kc8d3h pot=93.5: bytes=169238160 disk=false workspace=1846208952
gpu: 143389 nodes, 11 levels, staging+arenas 443.0 MB
stored Kc7h7d pot=93.5: bytes=170133600 disk=false workspace=1846208952
gpu: 143389 nodes, 11 levels, staging+arenas 447.7 MB
GPU_STORAGE_MAP active=52436 missing_active=0 all_tree_missing=1078
stored Kc7d3c pot=93.5: bytes=102647808 disk=false workspace=1846208952
gpu: 143389 nodes, 11 levels, staging+arenas 446.4 MB
GPU_STORAGE_MAP active=52436 missing_active=0 all_tree_missing=1078
stored Kc6d5c pot=93.5: bytes=102380496 disk=false workspace=1846208952
gpu: 143389 nodes, 11 levels, staging+arenas 449.8 MB
GPU_STORAGE_MAP active=52436 missing_active=0 all_tree_missing=1078
stored Kc6c3d pot=93.5: bytes=103182432 disk=false workspace=1846208952
gpu: 143389 nodes, 11 levels, staging+arenas 449.0 MB
GPU_STORAGE_MAP active=52436 missing_active=0 all_tree_missing=1078
stored Kc5c4d pot=93.5: bytes=102915120 disk=false workspace=1846208952
gpu: 143389 nodes, 11 levels, staging+arenas 454.9 MB
stored Kc3h3d pot=93.5: bytes=174610800 disk=false workspace=1846208952
gpu: 143389 nodes, 11 levels, staging+arenas 432.5 MB
GPU_STORAGE_MAP active=52436 missing_active=0 all_tree_missing=1078
stored QdQc8c pot=93.5: bytes=98370816 disk=false workspace=1846208952
gpu: 143389 nodes, 11 levels, staging+arenas 418.3 MB
stored QcJdTh pot=93.5: bytes=159836040 disk=false workspace=1846208952
gpu: 143389 nodes, 11 levels, staging+arenas 435.2 MB
GPU_STORAGE_MAP active=52436 missing_active=0 all_tree_missing=1078
stored QcJd6d pot=93.5: bytes=99440064 disk=false workspace=1846208952
gpu: 143389 nodes, 11 levels, staging+arenas 439.1 MB
GPU_STORAGE_MAP active=52436 missing_active=0 all_tree_missing=1078
stored QcJd2d pot=93.5: bytes=100242000 disk=false workspace=1846208952
gpu: 143389 nodes, 11 levels, staging+arenas 426.6 MB
stored QcTd9h pot=93.5: bytes=163417800 disk=false workspace=1846208952
gpu: 143389 nodes, 11 levels, staging+arenas 437.3 MB
stored QcTd5h pot=93.5: bytes=167447280 disk=false workspace=1846208952
gpu: 143389 nodes, 11 levels, staging+arenas 429.7 MB
GPU_STORAGE_MAP active=52436 missing_active=0 all_tree_missing=1078
stored QcTc8d pot=93.5: bytes=98103504 disk=false workspace=1846208952
gpu: 143389 nodes, 11 levels, staging+arenas 442.7 MB
stored Qc9d7h pot=93.5: bytes=169685880 disk=false workspace=1846208952
gpu: 143389 nodes, 11 levels, staging+arenas 448.7 MB
GPU_STORAGE_MAP active=52436 missing_active=0 all_tree_missing=1078
stored Qc9d3d pot=93.5: bytes=102647808 disk=false workspace=1846208952
gpu: 143389 nodes, 11 levels, staging+arenas 441.6 MB
GPU_STORAGE_MAP active=52436 missing_active=0 all_tree_missing=1078
stored Qc8d8c pot=93.5: bytes=100776624 disk=false workspace=1846208952
gpu: 143389 nodes, 11 levels, staging+arenas 449.2 MB
GPU_STORAGE_MAP active=52436 missing_active=0 all_tree_missing=1078
stored Qc8d4c pot=93.5: bytes=102647808 disk=false workspace=1846208952
gpu: 143389 nodes, 11 levels, staging+arenas 452.0 MB
stored Qc7h7d pot=93.5: bytes=173267640 disk=false workspace=1846208952
gpu: 143389 nodes, 11 levels, staging+arenas 456.7 MB
GPU_STORAGE_MAP active=52436 missing_active=0 all_tree_missing=1078
stored Qc7d3d pot=93.5: bytes=104518992 disk=false workspace=1846208952
gpu: 143389 nodes, 11 levels, staging+arenas 456.7 MB
GPU_STORAGE_MAP active=52436 missing_active=0 all_tree_missing=1078
stored Qc6d5d pot=93.5: bytes=104518992 disk=false workspace=1846208952
gpu: 143389 nodes, 11 levels, staging+arenas 458.8 MB
GPU_STORAGE_MAP active=52436 missing_active=0 all_tree_missing=1078
stored Qc6c3d pot=93.5: bytes=105053616 disk=false workspace=1846208952
gpu: 143389 nodes, 11 levels, staging+arenas 459.3 MB
GPU_STORAGE_MAP active=52436 missing_active=0 all_tree_missing=1078
stored Qc5d2c pot=93.5: bytes=105053616 disk=false workspace=1846208952
gpu: 143389 nodes, 11 levels, staging+arenas 461.4 MB
GPU_STORAGE_MAP active=52436 missing_active=0 all_tree_missing=1078
stored Qc4c2d pot=93.5: bytes=105588240 disk=false workspace=1846208952
gpu: 143389 nodes, 11 levels, staging+arenas 432.9 MB
stored JdJc7h pot=93.5: bytes=166104120 disk=false workspace=1846208952
gpu: 143389 nodes, 11 levels, staging+arenas 426.9 MB
GPU_STORAGE_MAP active=52436 missing_active=0 all_tree_missing=1078
stored JcTd9d pot=93.5: bytes=97836192 disk=false workspace=1846208952
gpu: 143389 nodes, 11 levels, staging+arenas 436.3 MB
GPU_STORAGE_MAP active=52436 missing_active=0 all_tree_missing=1078
stored JcTd5c pot=93.5: bytes=99974688 disk=false workspace=1846208952
gpu: 143389 nodes, 11 levels, staging+arenas 434.5 MB
GPU_STORAGE_MAP active=52436 missing_active=0 all_tree_missing=1078
stored JcTc7c pot=93.5: bytes=47376968 disk=false workspace=1846208952
gpu: 143389 nodes, 11 levels, staging+arenas 440.4 MB
GPU_STORAGE_MAP active=52436 missing_active=0 all_tree_missing=1078
stored Jc9d7c pot=93.5: bytes=101043936 disk=false workspace=1846208952
gpu: 143389 nodes, 11 levels, staging+arenas 446.4 MB
GPU_STORAGE_MAP active=52436 missing_active=0 all_tree_missing=1078
stored Jc9d3c pot=93.5: bytes=102380496 disk=false workspace=1846208952
gpu: 143389 nodes, 11 levels, staging+arenas 442.2 MB
stored Jc8d7h pot=93.5: bytes=169685880 disk=false workspace=1846208952
gpu: 143389 nodes, 11 levels, staging+arenas 448.2 MB
stored Jc8d3h pot=93.5: bytes=171924480 disk=false workspace=1846208952
gpu: 143389 nodes, 11 levels, staging+arenas 449.8 MB
GPU_STORAGE_MAP active=52436 missing_active=0 all_tree_missing=1078
stored Jc7d7c pot=93.5: bytes=103182432 disk=false workspace=1846208952
gpu: 143389 nodes, 11 levels, staging+arenas 454.4 MB
stored Jc7d2h pot=93.5: bytes=174610800 disk=false workspace=1846208952
gpu: 143389 nodes, 11 levels, staging+arenas 455.2 MB
stored Jc6d4h pot=93.5: bytes=175058520 disk=false workspace=1846208952
gpu: 143389 nodes, 11 levels, staging+arenas 456.5 MB
GPU_STORAGE_MAP active=52436 missing_active=0 all_tree_missing=1078
stored Jc6c2d pot=93.5: bytes=104786304 disk=false workspace=1846208952
gpu: 143389 nodes, 11 levels, staging+arenas 457.0 MB
GPU_STORAGE_MAP active=52436 missing_active=0 all_tree_missing=1078
stored Jc5c3d pot=93.5: bytes=104786304 disk=false workspace=1846208952
gpu: 143389 nodes, 11 levels, staging+arenas 461.7 MB
GPU_STORAGE_MAP active=52436 missing_active=0 all_tree_missing=1078
stored Jc3d3c pot=93.5: bytes=105855552 disk=false workspace=1846208952
gpu: 143389 nodes, 11 levels, staging+arenas 438.6 MB
stored TdTc5h pot=93.5: bytes=168790440 disk=false workspace=1846208952
gpu: 143389 nodes, 11 levels, staging+arenas 443.3 MB
GPU_STORAGE_MAP active=52436 missing_active=0 all_tree_missing=1078
stored Tc9d7d pot=93.5: bytes=101845872 disk=false workspace=1846208952
gpu: 143389 nodes, 11 levels, staging+arenas 448.0 MB
GPU_STORAGE_MAP active=52436 missing_active=0 all_tree_missing=1078
stored Tc9d3c pot=93.5: bytes=102915120 disk=false workspace=1846208952
gpu: 143389 nodes, 11 levels, staging+arenas 443.8 MB
stored Tc8d7h pot=93.5: bytes=170581320 disk=false workspace=1846208952
gpu: 143389 nodes, 11 levels, staging+arenas 449.8 MB
stored Tc8d3h pot=93.5: bytes=172819920 disk=false workspace=1846208952
gpu: 143389 nodes, 11 levels, staging+arenas 451.3 MB
GPU_STORAGE_MAP active=52436 missing_active=0 all_tree_missing=1078
stored Tc7d7c pot=93.5: bytes=103717056 disk=false workspace=1846208952
gpu: 143389 nodes, 11 levels, staging+arenas 456.0 MB
GPU_STORAGE_MAP active=52436 missing_active=0 all_tree_missing=1078
stored Tc7d3c pot=93.5: bytes=104786304 disk=false workspace=1846208952
gpu: 143389 nodes, 11 levels, staging+arenas 454.7 MB
GPU_STORAGE_MAP active=52436 missing_active=0 all_tree_missing=1078
stored Tc6d5c pot=93.5: bytes=104518992 disk=false workspace=1846208952
gpu: 143389 nodes, 11 levels, staging+arenas 458.1 MB
GPU_STORAGE_MAP active=52436 missing_active=0 all_tree_missing=1078
stored Tc6c3c pot=93.5: bytes=50044304 disk=false workspace=1846208952
gpu: 143389 nodes, 11 levels, staging+arenas 457.3 MB
GPU_STORAGE_MAP active=52436 missing_active=0 all_tree_missing=1078
stored Tc5c4d pot=93.5: bytes=105053616 disk=false workspace=1846208952
gpu: 143389 nodes, 11 levels, staging+arenas 463.2 MB
stored Tc3h3d pot=93.5: bytes=178192560 disk=false workspace=1846208952
gpu: 143389 nodes, 11 levels, staging+arenas 454.7 MB
GPU_STORAGE_MAP active=52436 missing_active=0 all_tree_missing=1078
stored 9d9c5c pot=93.5: bytes=104518992 disk=false workspace=1846208952
gpu: 143389 nodes, 11 levels, staging+arenas 453.9 MB
GPU_STORAGE_MAP active=52436 missing_active=0 all_tree_missing=1078
stored 9c8d6c pot=93.5: bytes=104251680 disk=false workspace=1846208952
gpu: 143389 nodes, 11 levels, staging+arenas 453.1 MB
GPU_STORAGE_MAP active=52436 missing_active=0 all_tree_missing=1078
stored 9c8c7d pot=93.5: bytes=103984368 disk=false workspace=1846208952
gpu: 143389 nodes, 11 levels, staging+arenas 460.7 MB
GPU_STORAGE_MAP active=52436 missing_active=0 all_tree_missing=1078
stored 9c7d5d pot=93.5: bytes=105855552 disk=false workspace=1846208952
gpu: 143389 nodes, 11 levels, staging+arenas 464.0 MB
GPU_STORAGE_MAP active=52436 missing_active=0 all_tree_missing=1078
stored 9c7c4d pot=93.5: bytes=106657488 disk=false workspace=1846208952
gpu: 143389 nodes, 11 levels, staging+arenas 466.1 MB
GPU_STORAGE_MAP active=52436 missing_active=0 all_tree_missing=1078
stored 9c6d3c pot=93.5: bytes=107192112 disk=false workspace=1846208952
gpu: 143389 nodes, 11 levels, staging+arenas 466.6 MB
stored 9c5d3h pot=93.5: bytes=179535720 disk=false workspace=1846208952
gpu: 143389 nodes, 11 levels, staging+arenas 468.7 MB
GPU_STORAGE_MAP active=52436 missing_active=0 all_tree_missing=1078
stored 9c4d3d pot=93.5: bytes=107726736 disk=false workspace=1846208952
gpu: 143389 nodes, 11 levels, staging+arenas 471.3 MB
GPU_STORAGE_MAP active=52436 missing_active=0 all_tree_missing=1078
stored 9c2d2c pot=93.5: bytes=108261360 disk=false workspace=1846208952
gpu: 143389 nodes, 11 levels, staging+arenas 462.0 MB
stored 8c7d6h pot=93.5: bytes=177744840 disk=false workspace=1846208952
gpu: 143389 nodes, 11 levels, staging+arenas 465.8 MB
stored 8c7d2h pot=93.5: bytes=179088000 disk=false workspace=1846208952
gpu: 143389 nodes, 11 levels, staging+arenas 466.6 MB
stored 8c6d4h pot=93.5: bytes=179535720 disk=false workspace=1846208952
gpu: 143389 nodes, 11 levels, staging+arenas 466.3 MB
stored 8c5h5d pot=93.5: bytes=179088000 disk=false workspace=1846208952
gpu: 143389 nodes, 11 levels, staging+arenas 468.4 MB
GPU_STORAGE_MAP active=52436 missing_active=0 all_tree_missing=1078
stored 8c5c2d pot=93.5: bytes=107459424 disk=false workspace=1846208952
gpu: 143389 nodes, 11 levels, staging+arenas 471.8 MB
stored 8c3d2h pot=93.5: bytes=181326600 disk=false workspace=1846208952
gpu: 143389 nodes, 11 levels, staging+arenas 473.4 MB
GPU_STORAGE_MAP active=52436 missing_active=0 all_tree_missing=1078
stored 7d7c2c pot=93.5: bytes=108795984 disk=false workspace=1846208952
gpu: 143389 nodes, 11 levels, staging+arenas 474.1 MB
stored 7c6d2h pot=93.5: bytes=182669760 disk=false workspace=1846208952
gpu: 143389 nodes, 11 levels, staging+arenas 474.6 MB
GPU_STORAGE_MAP active=52436 missing_active=0 all_tree_missing=1078
stored 7c5d3c pot=93.5: bytes=109063296 disk=false workspace=1846208952
gpu: 143389 nodes, 11 levels, staging+arenas 476.7 MB
stored 7c4d2h pot=93.5: bytes=183565200 disk=false workspace=1846208952
gpu: 143389 nodes, 11 levels, staging+arenas 475.4 MB
GPU_STORAGE_MAP active=52436 missing_active=0 all_tree_missing=1078
stored 6d6c5c pot=93.5: bytes=109330608 disk=false workspace=1846208952
gpu: 143389 nodes, 11 levels, staging+arenas 476.7 MB
stored 6c5d2h pot=93.5: bytes=183565200 disk=false workspace=1846208952
gpu: 143389 nodes, 11 levels, staging+arenas 478.8 MB
GPU_STORAGE_MAP active=52436 missing_active=0 all_tree_missing=1078
stored 6c4d2d pot=93.5: bytes=110132544 disk=false workspace=1846208952
gpu: 143389 nodes, 11 levels, staging+arenas 478.5 MB
stored 5d5c3h pot=93.5: bytes=184012920 disk=false workspace=1846208952
gpu: 143389 nodes, 11 levels, staging+arenas 481.9 MB
stored 5c3h3d pot=93.5: bytes=185356080 disk=false workspace=1846208952
gpu: 143389 nodes, 11 levels, staging+arenas 482.7 MB
stored 4c3d2h pot=93.5: bytes=185803800 disk=false workspace=1846208952
STUDY_CHECKPOINT {"iteration":500,"payload_bytes":61718644664,"restored":"S:\\GTOpen-research\\strategic-segments-v1\\strategic-equal112-500-v1\\final"}
STUDY_PHASE {"elapsed_seconds":190.943403,"phase":"construction_complete"}
planned_strategy_writes=0
STUDY_PHASE {"elapsed_seconds":190.9439515,"iteration":500,"iteration_seconds":0.0,"phase":"iteration_complete","training_seconds":0.0}
STUDY_PHASE {"elapsed_seconds":190.9439643,"iteration":500,"phase":"evaluation_start"}
STUDY_PHASE {"elapsed_seconds":471.6893559,"evaluation_seconds":280.745384,"iteration":500,"phase":"evaluation_complete"}
500 gap=0.05121835034060229 elapsed=471.7
STUDY_PHASE {"elapsed_seconds":499.8655521,"iteration":501,"iteration_seconds":28.1725256,"phase":"iteration_complete","training_seconds":28.1725256}
STUDY_PHASE {"elapsed_seconds":531.5985233,"iteration":502,"iteration_seconds":31.7329144,"phase":"iteration_complete","training_seconds":59.90544}
STUDY_PHASE {"elapsed_seconds":559.889668,"iteration":503,"iteration_seconds":28.2911076,"phase":"iteration_complete","training_seconds":88.1965476}
STUDY_PHASE {"elapsed_seconds":591.0738995,"iteration":504,"iteration_seconds":31.1841926,"phase":"iteration_complete","training_seconds":119.3807402}
STUDY_PHASE {"elapsed_seconds":619.0663496,"iteration":505,"iteration_seconds":27.9923902,"phase":"iteration_complete","training_seconds":147.3731304}
STUDY_PHASE {"elapsed_seconds":648.5541732,"iteration":506,"iteration_seconds":29.487773400000002,"phase":"iteration_complete","training_seconds":176.86090380000002}
STUDY_PHASE {"elapsed_seconds":676.8080289,"iteration":507,"iteration_seconds":28.2538208,"phase":"iteration_complete","training_seconds":205.11472460000002}
STUDY_PHASE {"elapsed_seconds":706.2447896,"iteration":508,"iteration_seconds":29.4367108,"phase":"iteration_complete","training_seconds":234.5514354}
STUDY_PHASE {"elapsed_seconds":734.7925057,"iteration":509,"iteration_seconds":28.5476744,"phase":"iteration_complete","training_seconds":263.0991098}
STUDY_PHASE {"elapsed_seconds":764.8715958,"iteration":510,"iteration_seconds":30.0790546,"phase":"iteration_complete","training_seconds":293.1781644}
STUDY_PHASE {"elapsed_seconds":794.8485412,"iteration":511,"iteration_seconds":29.9769021,"phase":"iteration_complete","training_seconds":323.15506650000003}
STUDY_PHASE {"elapsed_seconds":823.2161857,"iteration":512,"iteration_seconds":28.367593,"phase":"iteration_complete","training_seconds":351.52265950000003}
STUDY_PHASE {"elapsed_seconds":854.9581114,"iteration":513,"iteration_seconds":31.7418889,"phase":"iteration_complete","training_seconds":383.2645484}
STUDY_PHASE {"elapsed_seconds":884.6597469,"iteration":514,"iteration_seconds":29.7015932,"phase":"iteration_complete","training_seconds":412.9661416}
STUDY_PHASE {"elapsed_seconds":916.4366238,"iteration":515,"iteration_seconds":31.776832,"phase":"iteration_complete","training_seconds":444.7429736}
STUDY_PHASE {"elapsed_seconds":947.429778,"iteration":516,"iteration_seconds":30.9931122,"phase":"iteration_complete","training_seconds":475.7360858}
STUDY_PHASE {"elapsed_seconds":978.4185661,"iteration":517,"iteration_seconds":30.988738,"phase":"iteration_complete","training_seconds":506.7248238}
STUDY_PHASE {"elapsed_seconds":1009.5967413,"iteration":518,"iteration_seconds":31.1781158,"phase":"iteration_complete","training_seconds":537.9029396000001}
STUDY_PHASE {"elapsed_seconds":1040.2833713,"iteration":519,"iteration_seconds":30.6865878,"phase":"iteration_complete","training_seconds":568.5895274000001}
STUDY_PHASE {"elapsed_seconds":1072.0144503,"iteration":520,"iteration_seconds":31.7310465,"phase":"iteration_complete","training_seconds":600.3205739000001}
STUDY_PHASE {"elapsed_seconds":1101.3936054,"iteration":521,"iteration_seconds":29.3790837,"phase":"iteration_complete","training_seconds":629.6996576000001}
STUDY_PHASE {"elapsed_seconds":1132.3164897,"iteration":522,"iteration_seconds":30.9228384,"phase":"iteration_complete","training_seconds":660.6224960000002}
STUDY_PHASE {"elapsed_seconds":1159.9226177,"iteration":523,"iteration_seconds":27.6060812,"phase":"iteration_complete","training_seconds":688.2285772000001}
STUDY_PHASE {"elapsed_seconds":1191.1733925,"iteration":524,"iteration_seconds":31.2507288,"phase":"iteration_complete","training_seconds":719.4793060000002}
STUDY_PHASE {"elapsed_seconds":1220.7446303,"iteration":525,"iteration_seconds":29.5711934,"phase":"iteration_complete","training_seconds":749.0504994000001}
STUDY_PHASE {"elapsed_seconds":1250.4052261,"iteration":526,"iteration_seconds":29.6605637,"phase":"iteration_complete","training_seconds":778.7110631000002}
STUDY_PHASE {"elapsed_seconds":1280.1636535,"iteration":527,"iteration_seconds":29.758374,"phase":"iteration_complete","training_seconds":808.4694371000002}
STUDY_PHASE {"elapsed_seconds":1308.3000161,"iteration":528,"iteration_seconds":28.1363216,"phase":"iteration_complete","training_seconds":836.6057587000001}
STUDY_PHASE {"elapsed_seconds":1338.3676214,"iteration":529,"iteration_seconds":30.0675546,"phase":"iteration_complete","training_seconds":866.6733133000001}
STUDY_PHASE {"elapsed_seconds":1366.9352596,"iteration":530,"iteration_seconds":28.5675959,"phase":"iteration_complete","training_seconds":895.2409092000001}
STUDY_PHASE {"elapsed_seconds":1397.1874024,"iteration":531,"iteration_seconds":30.2521051,"phase":"iteration_complete","training_seconds":925.4930143000001}
STUDY_PHASE {"elapsed_seconds":1426.4213633,"iteration":532,"iteration_seconds":29.2339227,"phase":"iteration_complete","training_seconds":954.7269370000001}
STUDY_PHASE {"elapsed_seconds":1456.5250108,"iteration":533,"iteration_seconds":30.103618,"phase":"iteration_complete","training_seconds":984.8305550000001}
STUDY_PHASE {"elapsed_seconds":1485.7084695,"iteration":534,"iteration_seconds":29.1834102,"phase":"iteration_complete","training_seconds":1014.0139652000001}
STUDY_PHASE {"elapsed_seconds":1513.991178,"iteration":535,"iteration_seconds":28.2826665,"phase":"iteration_complete","training_seconds":1042.2966317}
STUDY_PHASE {"elapsed_seconds":1544.822093,"iteration":536,"iteration_seconds":30.83084,"phase":"iteration_complete","training_seconds":1073.1274717000001}
STUDY_PHASE {"elapsed_seconds":1573.345437,"iteration":537,"iteration_seconds":28.5232965,"phase":"iteration_complete","training_seconds":1101.6507682000001}
STUDY_PHASE {"elapsed_seconds":1602.819038,"iteration":538,"iteration_seconds":29.4735573,"phase":"iteration_complete","training_seconds":1131.1243255000002}
STUDY_PHASE {"elapsed_seconds":1630.9442606,"iteration":539,"iteration_seconds":28.1251808,"phase":"iteration_complete","training_seconds":1159.2495063000001}
STUDY_PHASE {"elapsed_seconds":1659.7180226,"iteration":540,"iteration_seconds":28.773723,"phase":"iteration_complete","training_seconds":1188.0232293000001}
STUDY_PHASE {"elapsed_seconds":1688.4646048,"iteration":541,"iteration_seconds":28.7465389,"phase":"iteration_complete","training_seconds":1216.7697682}
STUDY_PHASE {"elapsed_seconds":1717.7307635,"iteration":542,"iteration_seconds":29.2661255,"phase":"iteration_complete","training_seconds":1246.0358937}
STUDY_PHASE {"elapsed_seconds":1745.324998,"iteration":543,"iteration_seconds":27.5941981,"phase":"iteration_complete","training_seconds":1273.6300918000002}
STUDY_PHASE {"elapsed_seconds":1771.7340834,"iteration":544,"iteration_seconds":26.4090433,"phase":"iteration_complete","training_seconds":1300.0391351}
STUDY_PHASE {"elapsed_seconds":1799.0037214,"iteration":545,"iteration_seconds":27.2695973,"phase":"iteration_complete","training_seconds":1327.3087324}
STUDY_PHASE {"elapsed_seconds":1824.766351,"iteration":546,"iteration_seconds":25.7625822,"phase":"iteration_complete","training_seconds":1353.0713146}
STUDY_PHASE {"elapsed_seconds":1850.4151849,"iteration":547,"iteration_seconds":25.6487929,"phase":"iteration_complete","training_seconds":1378.7201075}
STUDY_PHASE {"elapsed_seconds":1877.9962703,"iteration":548,"iteration_seconds":27.5810451,"phase":"iteration_complete","training_seconds":1406.3011526}
STUDY_PHASE {"elapsed_seconds":1903.822428,"iteration":549,"iteration_seconds":25.8261085,"phase":"iteration_complete","training_seconds":1432.1272611}
STUDY_PHASE {"elapsed_seconds":1930.8180793,"iteration":550,"iteration_seconds":26.9956042,"phase":"iteration_complete","training_seconds":1459.1228652999998}
STUDY_PHASE {"elapsed_seconds":1957.0059414,"iteration":551,"iteration_seconds":26.1878191,"phase":"iteration_complete","training_seconds":1485.3106844}
STUDY_PHASE {"elapsed_seconds":1982.2881933,"iteration":552,"iteration_seconds":25.2822063,"phase":"iteration_complete","training_seconds":1510.5928907}
STUDY_PHASE {"elapsed_seconds":2009.167507,"iteration":553,"iteration_seconds":26.8792765,"phase":"iteration_complete","training_seconds":1537.4721672}
STUDY_PHASE {"elapsed_seconds":2034.985756,"iteration":554,"iteration_seconds":25.8182091,"phase":"iteration_complete","training_seconds":1563.2903763000002}
STUDY_PHASE {"elapsed_seconds":2061.5661991,"iteration":555,"iteration_seconds":26.5803977,"phase":"iteration_complete","training_seconds":1589.8707740000002}
STUDY_PHASE {"elapsed_seconds":2088.4524404,"iteration":556,"iteration_seconds":26.8861974,"phase":"iteration_complete","training_seconds":1616.7569714}
STUDY_PHASE {"elapsed_seconds":2115.1468219,"iteration":557,"iteration_seconds":26.6943431,"phase":"iteration_complete","training_seconds":1643.4513145}
STUDY_PHASE {"elapsed_seconds":2142.9427456,"iteration":558,"iteration_seconds":27.7958836,"phase":"iteration_complete","training_seconds":1671.2471981}
STUDY_PHASE {"elapsed_seconds":2169.334934,"iteration":559,"iteration_seconds":26.3921453,"phase":"iteration_complete","training_seconds":1697.6393434000001}
STUDY_PHASE {"elapsed_seconds":2196.1517304,"iteration":560,"iteration_seconds":26.8167561,"phase":"iteration_complete","training_seconds":1724.4560995000002}
STUDY_PHASE {"elapsed_seconds":2223.760725,"iteration":561,"iteration_seconds":27.6089538,"phase":"iteration_complete","training_seconds":1752.0650533000003}
STUDY_PHASE {"elapsed_seconds":2249.811095,"iteration":562,"iteration_seconds":26.0503274,"phase":"iteration_complete","training_seconds":1778.1153807000003}
STUDY_PHASE {"elapsed_seconds":2278.4971355,"iteration":563,"iteration_seconds":28.6859978,"phase":"iteration_complete","training_seconds":1806.8013785000003}
STUDY_PHASE {"elapsed_seconds":2304.6648142,"iteration":564,"iteration_seconds":26.1676381,"phase":"iteration_complete","training_seconds":1832.9690166000003}
STUDY_PHASE {"elapsed_seconds":2330.6241414,"iteration":565,"iteration_seconds":25.9592865,"phase":"iteration_complete","training_seconds":1858.9283031000002}
STUDY_PHASE {"elapsed_seconds":2358.9657107,"iteration":566,"iteration_seconds":28.341533,"phase":"iteration_complete","training_seconds":1887.2698361000002}
STUDY_PHASE {"elapsed_seconds":2384.952619,"iteration":567,"iteration_seconds":25.9868671,"phase":"iteration_complete","training_seconds":1913.2567032000002}
STUDY_PHASE {"elapsed_seconds":2416.1585114,"iteration":568,"iteration_seconds":31.2058371,"phase":"iteration_complete","training_seconds":1944.4625403000002}
STUDY_PHASE {"elapsed_seconds":2446.1203533,"iteration":569,"iteration_seconds":29.9617891,"phase":"iteration_complete","training_seconds":1974.4243294000003}
STUDY_PHASE {"elapsed_seconds":2475.5320053,"iteration":570,"iteration_seconds":29.4116072,"phase":"iteration_complete","training_seconds":2003.8359366000002}
STUDY_PHASE {"elapsed_seconds":2504.5538269,"iteration":571,"iteration_seconds":29.0217801,"phase":"iteration_complete","training_seconds":2032.8577167000003}
STUDY_PHASE {"elapsed_seconds":2532.8443806,"iteration":572,"iteration_seconds":28.2905123,"phase":"iteration_complete","training_seconds":2061.1482290000004}
STUDY_PHASE {"elapsed_seconds":2562.1338167,"iteration":573,"iteration_seconds":29.2893842,"phase":"iteration_complete","training_seconds":2090.4376132}
STUDY_PHASE {"elapsed_seconds":2589.8050933,"iteration":574,"iteration_seconds":27.6712355,"phase":"iteration_complete","training_seconds":2118.1088487}
STUDY_PHASE {"elapsed_seconds":2617.8607705,"iteration":575,"iteration_seconds":28.0556366,"phase":"iteration_complete","training_seconds":2146.1644853000003}
STUDY_PHASE {"elapsed_seconds":2646.7739373,"iteration":576,"iteration_seconds":28.9131163,"phase":"iteration_complete","training_seconds":2175.0776016000004}
STUDY_PHASE {"elapsed_seconds":2675.7606779,"iteration":577,"iteration_seconds":28.9866991,"phase":"iteration_complete","training_seconds":2204.0643007000003}
STUDY_PHASE {"elapsed_seconds":2704.5594475,"iteration":578,"iteration_seconds":28.7987257,"phase":"iteration_complete","training_seconds":2232.8630264000003}
STUDY_PHASE {"elapsed_seconds":2733.6807527,"iteration":579,"iteration_seconds":29.121252,"phase":"iteration_complete","training_seconds":2261.9842784}
STUDY_PHASE {"elapsed_seconds":2763.4178557,"iteration":580,"iteration_seconds":29.7370627,"phase":"iteration_complete","training_seconds":2291.7213411000002}
STUDY_PHASE {"elapsed_seconds":2795.0389913,"iteration":581,"iteration_seconds":31.6210789,"phase":"iteration_complete","training_seconds":2323.3424200000004}
STUDY_PHASE {"elapsed_seconds":2824.0685066,"iteration":582,"iteration_seconds":29.0294721,"phase":"iteration_complete","training_seconds":2352.3718921000004}
STUDY_PHASE {"elapsed_seconds":2854.3743193,"iteration":583,"iteration_seconds":30.3057738,"phase":"iteration_complete","training_seconds":2382.6776659000006}
STUDY_PHASE {"elapsed_seconds":2882.9484401,"iteration":584,"iteration_seconds":28.5740767,"phase":"iteration_complete","training_seconds":2411.251742600001}
STUDY_PHASE {"elapsed_seconds":2910.2161052,"iteration":585,"iteration_seconds":27.2676178,"phase":"iteration_complete","training_seconds":2438.519360400001}
STUDY_PHASE {"elapsed_seconds":2941.727425,"iteration":586,"iteration_seconds":31.511286,"phase":"iteration_complete","training_seconds":2470.030646400001}
STUDY_PHASE {"elapsed_seconds":2970.8686719,"iteration":587,"iteration_seconds":29.1412129,"phase":"iteration_complete","training_seconds":2499.171859300001}
STUDY_PHASE {"elapsed_seconds":3000.9228379,"iteration":588,"iteration_seconds":30.0541296,"phase":"iteration_complete","training_seconds":2529.225988900001}
STUDY_PHASE {"elapsed_seconds":3028.8550662,"iteration":589,"iteration_seconds":27.9321861,"phase":"iteration_complete","training_seconds":2557.158175000001}
STUDY_PHASE {"elapsed_seconds":3056.7128893,"iteration":590,"iteration_seconds":27.8577829,"phase":"iteration_complete","training_seconds":2585.015957900001}
STUDY_PHASE {"elapsed_seconds":3085.5180372,"iteration":591,"iteration_seconds":28.8051059,"phase":"iteration_complete","training_seconds":2613.821063800001}
STUDY_PHASE {"elapsed_seconds":3113.9309223,"iteration":592,"iteration_seconds":28.4128439,"phase":"iteration_complete","training_seconds":2642.233907700001}
STUDY_PHASE {"elapsed_seconds":3141.1618601,"iteration":593,"iteration_seconds":27.230897,"phase":"iteration_complete","training_seconds":2669.464804700001}
STUDY_PHASE {"elapsed_seconds":3168.6786603,"iteration":594,"iteration_seconds":27.5167502,"phase":"iteration_complete","training_seconds":2696.981554900001}
STUDY_PHASE {"elapsed_seconds":3196.7672099,"iteration":595,"iteration_seconds":28.0885011,"phase":"iteration_complete","training_seconds":2725.070056000001}
STUDY_PHASE {"elapsed_seconds":3225.3694883,"iteration":596,"iteration_seconds":28.6022378,"phase":"iteration_complete","training_seconds":2753.6722938000007}
STUDY_PHASE {"elapsed_seconds":3254.3525758,"iteration":597,"iteration_seconds":28.9830434,"phase":"iteration_complete","training_seconds":2782.6553372000008}
STUDY_PHASE {"elapsed_seconds":3282.7916783,"iteration":598,"iteration_seconds":28.4390468,"phase":"iteration_complete","training_seconds":2811.094384000001}
STUDY_PHASE {"elapsed_seconds":3310.9826726,"iteration":599,"iteration_seconds":28.1909491,"phase":"iteration_complete","training_seconds":2839.285333100001}
STUDY_PHASE {"elapsed_seconds":3338.8085519,"iteration":600,"iteration_seconds":27.825805,"phase":"iteration_complete","training_seconds":2867.111138100001}
STUDY_PHASE {"elapsed_seconds":3367.805632,"iteration":601,"iteration_seconds":28.9970411,"phase":"iteration_complete","training_seconds":2896.108179200001}
STUDY_PHASE {"elapsed_seconds":3396.6989154,"iteration":602,"iteration_seconds":28.893235,"phase":"iteration_complete","training_seconds":2925.001414200001}
STUDY_PHASE {"elapsed_seconds":3425.2351543,"iteration":603,"iteration_seconds":28.5361986,"phase":"iteration_complete","training_seconds":2953.5376128000007}
STUDY_PHASE {"elapsed_seconds":3453.8215382,"iteration":604,"iteration_seconds":28.586347,"phase":"iteration_complete","training_seconds":2982.1239598000006}
STUDY_PHASE {"elapsed_seconds":3482.1925225,"iteration":605,"iteration_seconds":28.37094,"phase":"iteration_complete","training_seconds":3010.4948998000004}
STUDY_PHASE {"elapsed_seconds":3511.1156969,"iteration":606,"iteration_seconds":28.9231323,"phase":"iteration_complete","training_seconds":3039.4180321000003}
STUDY_PHASE {"elapsed_seconds":3539.9994877,"iteration":607,"iteration_seconds":28.8837485,"phase":"iteration_complete","training_seconds":3068.3017806000003}
STUDY_PHASE {"elapsed_seconds":3568.7274772,"iteration":608,"iteration_seconds":28.7279481,"phase":"iteration_complete","training_seconds":3097.0297287000003}
STUDY_PHASE {"elapsed_seconds":3598.0171416,"iteration":609,"iteration_seconds":29.2896202,"phase":"iteration_complete","training_seconds":3126.3193489000005}
STUDY_PHASE {"elapsed_seconds":3626.5992564,"iteration":610,"iteration_seconds":28.582072,"phase":"iteration_complete","training_seconds":3154.9014209000006}
STUDY_PHASE {"elapsed_seconds":3654.5123904,"iteration":611,"iteration_seconds":27.9130917,"phase":"iteration_complete","training_seconds":3182.814512600001}
STUDY_PHASE {"elapsed_seconds":3681.8838642,"iteration":612,"iteration_seconds":27.3714322,"phase":"iteration_complete","training_seconds":3210.185944800001}
STUDY_PHASE {"elapsed_seconds":3710.9197905,"iteration":613,"iteration_seconds":29.0358823,"phase":"iteration_complete","training_seconds":3239.221827100001}
STUDY_PHASE {"elapsed_seconds":3739.6536855,"iteration":614,"iteration_seconds":28.733857,"phase":"iteration_complete","training_seconds":3267.9556841000012}
STUDY_PHASE {"elapsed_seconds":3767.3637613,"iteration":615,"iteration_seconds":27.7100337,"phase":"iteration_complete","training_seconds":3295.6657178000014}
STUDY_PHASE {"elapsed_seconds":3795.4488112,"iteration":616,"iteration_seconds":28.085009,"phase":"iteration_complete","training_seconds":3323.7507268000013}
STUDY_PHASE {"elapsed_seconds":3825.2195786,"iteration":617,"iteration_seconds":29.7707272,"phase":"iteration_complete","training_seconds":3353.521454000001}
STUDY_PHASE {"elapsed_seconds":3853.506959,"iteration":618,"iteration_seconds":28.2873176,"phase":"iteration_complete","training_seconds":3381.808771600001}
STUDY_PHASE {"elapsed_seconds":3881.1046332,"iteration":619,"iteration_seconds":27.5976332,"phase":"iteration_complete","training_seconds":3409.406404800001}
STUDY_PHASE {"elapsed_seconds":3912.3069613,"iteration":620,"iteration_seconds":31.2022861,"phase":"iteration_complete","training_seconds":3440.608690900001}
STUDY_PHASE {"elapsed_seconds":3942.0915652,"iteration":621,"iteration_seconds":29.7845535,"phase":"iteration_complete","training_seconds":3470.393244400001}
STUDY_PHASE {"elapsed_seconds":3970.6635042,"iteration":622,"iteration_seconds":28.5718944,"phase":"iteration_complete","training_seconds":3498.965138800001}
STUDY_PHASE {"elapsed_seconds":3998.3151364,"iteration":623,"iteration_seconds":27.651593,"phase":"iteration_complete","training_seconds":3526.616731800001}
STUDY_PHASE {"elapsed_seconds":4027.4608194,"iteration":624,"iteration_seconds":29.1456183,"phase":"iteration_complete","training_seconds":3555.762350100001}
STUDY_PHASE {"elapsed_seconds":4056.2578929,"iteration":625,"iteration_seconds":28.7970304,"phase":"iteration_complete","training_seconds":3584.559380500001}
STUDY_PHASE {"elapsed_seconds":4085.2966646,"iteration":626,"iteration_seconds":29.0387292,"phase":"iteration_complete","training_seconds":3613.5981097000013}
STUDY_PHASE {"elapsed_seconds":4114.0442257,"iteration":627,"iteration_seconds":28.7475181,"phase":"iteration_complete","training_seconds":3642.3456278000012}
STUDY_PHASE {"elapsed_seconds":4142.8244176,"iteration":628,"iteration_seconds":28.7801513,"phase":"iteration_complete","training_seconds":3671.125779100001}
STUDY_PHASE {"elapsed_seconds":4171.7938818,"iteration":629,"iteration_seconds":28.9694287,"phase":"iteration_complete","training_seconds":3700.0952078000014}
STUDY_PHASE {"elapsed_seconds":4200.9777262,"iteration":630,"iteration_seconds":29.1838043,"phase":"iteration_complete","training_seconds":3729.279012100001}
STUDY_PHASE {"elapsed_seconds":4230.1148611,"iteration":631,"iteration_seconds":29.1370927,"phase":"iteration_complete","training_seconds":3758.416104800001}
STUDY_PHASE {"elapsed_seconds":4258.5418647,"iteration":632,"iteration_seconds":28.4269599,"phase":"iteration_complete","training_seconds":3786.843064700001}
STUDY_PHASE {"elapsed_seconds":4287.4782981,"iteration":633,"iteration_seconds":28.9363859,"phase":"iteration_complete","training_seconds":3815.779450600001}
STUDY_PHASE {"elapsed_seconds":4316.4507162,"iteration":634,"iteration_seconds":28.9723794,"phase":"iteration_complete","training_seconds":3844.751830000001}
STUDY_PHASE {"elapsed_seconds":4344.6525853,"iteration":635,"iteration_seconds":28.2018269,"phase":"iteration_complete","training_seconds":3872.953656900001}
STUDY_PHASE {"elapsed_seconds":4375.3774366,"iteration":636,"iteration_seconds":30.7247929,"phase":"iteration_complete","training_seconds":3903.678449800001}
STUDY_PHASE {"elapsed_seconds":4404.2026511,"iteration":637,"iteration_seconds":28.8251717,"phase":"iteration_complete","training_seconds":3932.503621500001}
STUDY_PHASE {"elapsed_seconds":4434.3660353,"iteration":638,"iteration_seconds":30.1633421,"phase":"iteration_complete","training_seconds":3962.666963600001}
STUDY_PHASE {"elapsed_seconds":4463.1706871,"iteration":639,"iteration_seconds":28.8046029,"phase":"iteration_complete","training_seconds":3991.4715665000012}
STUDY_PHASE {"elapsed_seconds":4491.1041192,"iteration":640,"iteration_seconds":27.93338,"phase":"iteration_complete","training_seconds":4019.404946500001}
STUDY_PHASE {"elapsed_seconds":4519.2934752,"iteration":641,"iteration_seconds":28.1893136,"phase":"iteration_complete","training_seconds":4047.594260100001}
STUDY_PHASE {"elapsed_seconds":4548.1176147,"iteration":642,"iteration_seconds":28.8240972,"phase":"iteration_complete","training_seconds":4076.418357300001}
STUDY_PHASE {"elapsed_seconds":4577.4158925,"iteration":643,"iteration_seconds":29.2982296,"phase":"iteration_complete","training_seconds":4105.716586900001}
STUDY_PHASE {"elapsed_seconds":4606.7694948,"iteration":644,"iteration_seconds":29.3535599,"phase":"iteration_complete","training_seconds":4135.070146800001}
STUDY_PHASE {"elapsed_seconds":4635.1847321,"iteration":645,"iteration_seconds":28.415181,"phase":"iteration_complete","training_seconds":4163.485327800001}
STUDY_PHASE {"elapsed_seconds":4665.101036,"iteration":646,"iteration_seconds":29.9162582,"phase":"iteration_complete","training_seconds":4193.401586000001}
STUDY_PHASE {"elapsed_seconds":4694.9326165,"iteration":647,"iteration_seconds":29.8315358,"phase":"iteration_complete","training_seconds":4223.233121800001}
STUDY_PHASE {"elapsed_seconds":4724.0487018,"iteration":648,"iteration_seconds":29.1160298,"phase":"iteration_complete","training_seconds":4252.349151600001}
STUDY_PHASE {"elapsed_seconds":4753.0861649,"iteration":649,"iteration_seconds":29.037417,"phase":"iteration_complete","training_seconds":4281.386568600001}
STUDY_PHASE {"elapsed_seconds":4782.3746131,"iteration":650,"iteration_seconds":29.2884073,"phase":"iteration_complete","training_seconds":4310.6749759}
STUDY_PHASE {"elapsed_seconds":4811.6717027,"iteration":651,"iteration_seconds":29.2970489,"phase":"iteration_complete","training_seconds":4339.9720248}
STUDY_PHASE {"elapsed_seconds":4840.4938366,"iteration":652,"iteration_seconds":28.8220905,"phase":"iteration_complete","training_seconds":4368.7941153}
STUDY_PHASE {"elapsed_seconds":4871.8891346,"iteration":653,"iteration_seconds":31.3952584,"phase":"iteration_complete","training_seconds":4400.1893737}
STUDY_PHASE {"elapsed_seconds":4901.0802972,"iteration":654,"iteration_seconds":29.1911124,"phase":"iteration_complete","training_seconds":4429.3804861}
STUDY_PHASE {"elapsed_seconds":4930.770478,"iteration":655,"iteration_seconds":29.6901383,"phase":"iteration_complete","training_seconds":4459.0706244}
STUDY_PHASE {"elapsed_seconds":4960.3474785,"iteration":656,"iteration_seconds":29.5769626,"phase":"iteration_complete","training_seconds":4488.647587}
STUDY_PHASE {"elapsed_seconds":4989.4113473,"iteration":657,"iteration_seconds":29.0638173,"phase":"iteration_complete","training_seconds":4517.7114043}
STUDY_PHASE {"elapsed_seconds":5017.6917085,"iteration":658,"iteration_seconds":28.2803188,"phase":"iteration_complete","training_seconds":4545.9917231}
STUDY_PHASE {"elapsed_seconds":5046.9424209,"iteration":659,"iteration_seconds":29.2506663,"phase":"iteration_complete","training_seconds":4575.2423894}
STUDY_PHASE {"elapsed_seconds":5077.0792452,"iteration":660,"iteration_seconds":30.136763,"phase":"iteration_complete","training_seconds":4605.379152400001}
STUDY_PHASE {"elapsed_seconds":5106.2956487,"iteration":661,"iteration_seconds":29.2163621,"phase":"iteration_complete","training_seconds":4634.595514500001}
STUDY_PHASE {"elapsed_seconds":5134.2595266,"iteration":662,"iteration_seconds":27.9637654,"phase":"iteration_complete","training_seconds":4662.559279900001}
STUDY_PHASE {"elapsed_seconds":5162.5952492,"iteration":663,"iteration_seconds":28.3356766,"phase":"iteration_complete","training_seconds":4690.8949565}
STUDY_PHASE {"elapsed_seconds":5190.4832614,"iteration":664,"iteration_seconds":27.8879679,"phase":"iteration_complete","training_seconds":4718.7829244}
STUDY_PHASE {"elapsed_seconds":5218.0551254,"iteration":665,"iteration_seconds":27.571824,"phase":"iteration_complete","training_seconds":4746.3547484}
STUDY_PHASE {"elapsed_seconds":5246.4211861,"iteration":666,"iteration_seconds":28.366025,"phase":"iteration_complete","training_seconds":4774.7207734}
STUDY_PHASE {"elapsed_seconds":5274.4255067,"iteration":667,"iteration_seconds":28.0042801,"phase":"iteration_complete","training_seconds":4802.7250535}
STUDY_PHASE {"elapsed_seconds":5303.0067062,"iteration":668,"iteration_seconds":28.5811523,"phase":"iteration_complete","training_seconds":4831.3062058000005}
STUDY_PHASE {"elapsed_seconds":5331.04427,"iteration":669,"iteration_seconds":28.0375228,"phase":"iteration_complete","training_seconds":4859.343728600001}
STUDY_PHASE {"elapsed_seconds":5359.2421094,"iteration":670,"iteration_seconds":28.1977972,"phase":"iteration_complete","training_seconds":4887.541525800001}
STUDY_PHASE {"elapsed_seconds":5387.4392934,"iteration":671,"iteration_seconds":28.1971288,"phase":"iteration_complete","training_seconds":4915.738654600002}
STUDY_PHASE {"elapsed_seconds":5415.0333242,"iteration":672,"iteration_seconds":27.5939883,"phase":"iteration_complete","training_seconds":4943.332642900002}
STUDY_PHASE {"elapsed_seconds":5442.8821006,"iteration":673,"iteration_seconds":27.8486648,"phase":"iteration_complete","training_seconds":4971.1813077000015}
STUDY_PHASE {"elapsed_seconds":5470.7610903,"iteration":674,"iteration_seconds":27.878946,"phase":"iteration_complete","training_seconds":4999.060253700001}
STUDY_PHASE {"elapsed_seconds":5498.7965926,"iteration":675,"iteration_seconds":28.0354606,"phase":"iteration_complete","training_seconds":5027.095714300001}
STUDY_PHASE {"elapsed_seconds":5527.227784,"iteration":676,"iteration_seconds":28.4311446,"phase":"iteration_complete","training_seconds":5055.526858900002}
STUDY_PHASE {"elapsed_seconds":5556.5483955,"iteration":677,"iteration_seconds":29.3205714,"phase":"iteration_complete","training_seconds":5084.847430300001}
STUDY_PHASE {"elapsed_seconds":5585.2259571,"iteration":678,"iteration_seconds":28.6775166,"phase":"iteration_complete","training_seconds":5113.524946900001}
STUDY_PHASE {"elapsed_seconds":5613.5022311,"iteration":679,"iteration_seconds":28.2762208,"phase":"iteration_complete","training_seconds":5141.801167700001}
STUDY_PHASE {"elapsed_seconds":5641.503695,"iteration":680,"iteration_seconds":28.0014232,"phase":"iteration_complete","training_seconds":5169.802590900002}
STUDY_PHASE {"elapsed_seconds":5669.8969258,"iteration":681,"iteration_seconds":28.3931792,"phase":"iteration_complete","training_seconds":5198.195770100002}
STUDY_PHASE {"elapsed_seconds":5698.3217737,"iteration":682,"iteration_seconds":28.4248033,"phase":"iteration_complete","training_seconds":5226.620573400002}
STUDY_PHASE {"elapsed_seconds":5727.2773647,"iteration":683,"iteration_seconds":28.955538,"phase":"iteration_complete","training_seconds":5255.576111400002}
STUDY_PHASE {"elapsed_seconds":5755.3628689,"iteration":684,"iteration_seconds":28.085463,"phase":"iteration_complete","training_seconds":5283.661574400003}
STUDY_PHASE {"elapsed_seconds":5784.4699229,"iteration":685,"iteration_seconds":29.1070047,"phase":"iteration_complete","training_seconds":5312.768579100003}
STUDY_PHASE {"elapsed_seconds":5813.2063218,"iteration":686,"iteration_seconds":28.7363661,"phase":"iteration_complete","training_seconds":5341.504945200003}
STUDY_PHASE {"elapsed_seconds":5840.4334325,"iteration":687,"iteration_seconds":27.2270704,"phase":"iteration_complete","training_seconds":5368.732015600003}
STUDY_PHASE {"elapsed_seconds":5869.4807991,"iteration":688,"iteration_seconds":29.0473306,"phase":"iteration_complete","training_seconds":5397.779346200004}
STUDY_PHASE {"elapsed_seconds":5897.5771453,"iteration":689,"iteration_seconds":28.0963019,"phase":"iteration_complete","training_seconds":5425.875648100004}
STUDY_PHASE {"elapsed_seconds":5927.1681624,"iteration":690,"iteration_seconds":29.5909655,"phase":"iteration_complete","training_seconds":5455.466613600003}
STUDY_PHASE {"elapsed_seconds":5955.5211994,"iteration":691,"iteration_seconds":28.3529781,"phase":"iteration_complete","training_seconds":5483.819591700003}
STUDY_PHASE {"elapsed_seconds":5983.52993,"iteration":692,"iteration_seconds":28.0086934,"phase":"iteration_complete","training_seconds":5511.828285100003}
STUDY_PHASE {"elapsed_seconds":6012.3912744,"iteration":693,"iteration_seconds":28.8612952,"phase":"iteration_complete","training_seconds":5540.689580300003}
STUDY_PHASE {"elapsed_seconds":6040.5710281,"iteration":694,"iteration_seconds":28.1797133,"phase":"iteration_complete","training_seconds":5568.869293600003}
STUDY_PHASE {"elapsed_seconds":6068.4308991,"iteration":695,"iteration_seconds":27.8598293,"phase":"iteration_complete","training_seconds":5596.729122900004}
STUDY_PHASE {"elapsed_seconds":6096.376941,"iteration":696,"iteration_seconds":27.9460007,"phase":"iteration_complete","training_seconds":5624.675123600004}
STUDY_PHASE {"elapsed_seconds":6124.5300192,"iteration":697,"iteration_seconds":28.1530359,"phase":"iteration_complete","training_seconds":5652.8281595000035}
STUDY_PHASE {"elapsed_seconds":6152.5606007,"iteration":698,"iteration_seconds":28.0305391,"phase":"iteration_complete","training_seconds":5680.858698600004}
STUDY_PHASE {"elapsed_seconds":6180.9570556,"iteration":699,"iteration_seconds":28.396338,"phase":"iteration_complete","training_seconds":5709.255036600003}
STUDY_PHASE {"elapsed_seconds":6209.3854325,"iteration":700,"iteration_seconds":28.4283454,"phase":"iteration_complete","training_seconds":5737.683382000003}
STUDY_PHASE {"elapsed_seconds":6237.1072746,"iteration":701,"iteration_seconds":27.7217928,"phase":"iteration_complete","training_seconds":5765.405174800003}
STUDY_PHASE {"elapsed_seconds":6265.8739052,"iteration":702,"iteration_seconds":28.7665918,"phase":"iteration_complete","training_seconds":5794.171766600003}
STUDY_PHASE {"elapsed_seconds":6294.1973571,"iteration":703,"iteration_seconds":28.3234107,"phase":"iteration_complete","training_seconds":5822.495177300003}
STUDY_PHASE {"elapsed_seconds":6321.8222048,"iteration":704,"iteration_seconds":27.6248041,"phase":"iteration_complete","training_seconds":5850.119981400003}
STUDY_PHASE {"elapsed_seconds":6349.8716027,"iteration":705,"iteration_seconds":28.0493494,"phase":"iteration_complete","training_seconds":5878.169330800003}
STUDY_PHASE {"elapsed_seconds":6376.964921,"iteration":706,"iteration_seconds":27.0932765,"phase":"iteration_complete","training_seconds":5905.262607300003}
STUDY_PHASE {"elapsed_seconds":6404.7781276,"iteration":707,"iteration_seconds":27.8131661,"phase":"iteration_complete","training_seconds":5933.075773400003}
STUDY_PHASE {"elapsed_seconds":6433.0150549,"iteration":708,"iteration_seconds":28.2368842,"phase":"iteration_complete","training_seconds":5961.312657600002}
STUDY_PHASE {"elapsed_seconds":6460.8299381,"iteration":709,"iteration_seconds":27.814843,"phase":"iteration_complete","training_seconds":5989.127500600002}
STUDY_PHASE {"elapsed_seconds":6489.5626606,"iteration":710,"iteration_seconds":28.7326805,"phase":"iteration_complete","training_seconds":6017.860181100003}
STUDY_PHASE {"elapsed_seconds":6517.1644399,"iteration":711,"iteration_seconds":27.6017356,"phase":"iteration_complete","training_seconds":6045.461916700003}
STUDY_PHASE {"elapsed_seconds":6545.058837,"iteration":712,"iteration_seconds":27.8943576,"phase":"iteration_complete","training_seconds":6073.356274300003}
STUDY_PHASE {"elapsed_seconds":6573.6864077,"iteration":713,"iteration_seconds":28.6275329,"phase":"iteration_complete","training_seconds":6101.983807200003}
STUDY_PHASE {"elapsed_seconds":6601.9208675,"iteration":714,"iteration_seconds":28.234415,"phase":"iteration_complete","training_seconds":6130.218222200003}
STUDY_PHASE {"elapsed_seconds":6629.8544898,"iteration":715,"iteration_seconds":27.9335816,"phase":"iteration_complete","training_seconds":6158.151803800003}
STUDY_PHASE {"elapsed_seconds":6657.6444246,"iteration":716,"iteration_seconds":27.7898906,"phase":"iteration_complete","training_seconds":6185.941694400003}
STUDY_PHASE {"elapsed_seconds":6686.3447816,"iteration":717,"iteration_seconds":28.7003029,"phase":"iteration_complete","training_seconds":6214.641997300003}
STUDY_PHASE {"elapsed_seconds":6714.2567802,"iteration":718,"iteration_seconds":27.9119505,"phase":"iteration_complete","training_seconds":6242.553947800003}
STUDY_PHASE {"elapsed_seconds":6742.8628667,"iteration":719,"iteration_seconds":28.6060478,"phase":"iteration_complete","training_seconds":6271.159995600003}
STUDY_PHASE {"elapsed_seconds":6772.0227027,"iteration":720,"iteration_seconds":29.1597902,"phase":"iteration_complete","training_seconds":6300.319785800003}
STUDY_PHASE {"elapsed_seconds":6799.5387019,"iteration":721,"iteration_seconds":27.5159578,"phase":"iteration_complete","training_seconds":6327.835743600003}
STUDY_PHASE {"elapsed_seconds":6828.0094066,"iteration":722,"iteration_seconds":28.4706519,"phase":"iteration_complete","training_seconds":6356.306395500003}
STUDY_PHASE {"elapsed_seconds":6856.5399738,"iteration":723,"iteration_seconds":28.530526000000002,"phase":"iteration_complete","training_seconds":6384.836921500003}
STUDY_PHASE {"elapsed_seconds":6885.7599624,"iteration":724,"iteration_seconds":29.2199465,"phase":"iteration_complete","training_seconds":6414.056868000003}
STUDY_PHASE {"elapsed_seconds":6913.6500503,"iteration":725,"iteration_seconds":27.8899928,"phase":"iteration_complete","training_seconds":6441.946860800003}
STUDY_PHASE {"elapsed_seconds":6943.6785746,"iteration":726,"iteration_seconds":30.028445,"phase":"iteration_complete","training_seconds":6471.975305800003}
STUDY_PHASE {"elapsed_seconds":6971.8605492,"iteration":727,"iteration_seconds":28.1819335,"phase":"iteration_complete","training_seconds":6500.157239300003}
STUDY_PHASE {"elapsed_seconds":7000.0294669,"iteration":728,"iteration_seconds":28.1688671,"phase":"iteration_complete","training_seconds":6528.3261064000035}
STUDY_PHASE {"elapsed_seconds":7027.4009035,"iteration":729,"iteration_seconds":27.3713948,"phase":"iteration_complete","training_seconds":6555.697501200004}
STUDY_PHASE {"elapsed_seconds":7054.7294029,"iteration":730,"iteration_seconds":27.3284565,"phase":"iteration_complete","training_seconds":6583.025957700004}
STUDY_PHASE {"elapsed_seconds":7082.3666975,"iteration":731,"iteration_seconds":27.6372528,"phase":"iteration_complete","training_seconds":6610.663210500004}
STUDY_PHASE {"elapsed_seconds":7110.340403,"iteration":732,"iteration_seconds":27.9736642,"phase":"iteration_complete","training_seconds":6638.636874700004}
STUDY_PHASE {"elapsed_seconds":7138.6661661,"iteration":733,"iteration_seconds":28.3257285,"phase":"iteration_complete","training_seconds":6666.962603200004}
STUDY_PHASE {"elapsed_seconds":7167.1190708,"iteration":734,"iteration_seconds":28.4528625,"phase":"iteration_complete","training_seconds":6695.4154657000045}
STUDY_PHASE {"elapsed_seconds":7195.1282908,"iteration":735,"iteration_seconds":28.0091778,"phase":"iteration_complete","training_seconds":6723.424643500004}
STUDY_PHASE {"elapsed_seconds":7222.5273099,"iteration":736,"iteration_seconds":27.3989771,"phase":"iteration_complete","training_seconds":6750.823620600004}
STUDY_PHASE {"elapsed_seconds":7250.7217787,"iteration":737,"iteration_seconds":28.1944203,"phase":"iteration_complete","training_seconds":6779.018040900004}
STUDY_PHASE {"elapsed_seconds":7279.4755163,"iteration":738,"iteration_seconds":28.7536965,"phase":"iteration_complete","training_seconds":6807.771737400004}
STUDY_PHASE {"elapsed_seconds":7307.8491043,"iteration":739,"iteration_seconds":28.3735531,"phase":"iteration_complete","training_seconds":6836.145290500004}
STUDY_PHASE {"elapsed_seconds":7335.264067,"iteration":740,"iteration_seconds":27.4149228,"phase":"iteration_complete","training_seconds":6863.560213300004}
STUDY_PHASE {"elapsed_seconds":7362.7852328,"iteration":741,"iteration_seconds":27.5211197,"phase":"iteration_complete","training_seconds":6891.081333000004}
STUDY_PHASE {"elapsed_seconds":7390.5973914,"iteration":742,"iteration_seconds":27.8121154,"phase":"iteration_complete","training_seconds":6918.893448400004}
STUDY_PHASE {"elapsed_seconds":7418.8186494,"iteration":743,"iteration_seconds":28.2212009,"phase":"iteration_complete","training_seconds":6947.114649300004}
STUDY_PHASE {"elapsed_seconds":7446.5092171,"iteration":744,"iteration_seconds":27.6905261,"phase":"iteration_complete","training_seconds":6974.805175400004}
STUDY_PHASE {"elapsed_seconds":7475.2399649,"iteration":745,"iteration_seconds":28.7307069,"phase":"iteration_complete","training_seconds":7003.535882300004}
STUDY_PHASE {"elapsed_seconds":7503.8130647,"iteration":746,"iteration_seconds":28.5730664,"phase":"iteration_complete","training_seconds":7032.1089487000045}
STUDY_PHASE {"elapsed_seconds":7533.5066913,"iteration":747,"iteration_seconds":29.6935846,"phase":"iteration_complete","training_seconds":7061.802533300004}
STUDY_PHASE {"elapsed_seconds":7562.0524836,"iteration":748,"iteration_seconds":28.5457523,"phase":"iteration_complete","training_seconds":7090.348285600004}
STUDY_PHASE {"elapsed_seconds":7590.085665,"iteration":749,"iteration_seconds":28.033128,"phase":"iteration_complete","training_seconds":7118.381413600004}
STUDY_PHASE {"elapsed_seconds":7617.9854334,"iteration":750,"iteration_seconds":27.8997272,"phase":"iteration_complete","training_seconds":7146.281140800003}
STUDY_PHASE {"elapsed_seconds":7645.7498744,"iteration":751,"iteration_seconds":27.7643494,"phase":"iteration_complete","training_seconds":7174.045490200004}
STUDY_PHASE {"elapsed_seconds":7675.5868977,"iteration":752,"iteration_seconds":29.8369789,"phase":"iteration_complete","training_seconds":7203.882469100004}
STUDY_PHASE {"elapsed_seconds":7703.8292501,"iteration":753,"iteration_seconds":28.2423162,"phase":"iteration_complete","training_seconds":7232.124785300003}
STUDY_PHASE {"elapsed_seconds":7731.3179251,"iteration":754,"iteration_seconds":27.4886299,"phase":"iteration_complete","training_seconds":7259.613415200003}
STUDY_PHASE {"elapsed_seconds":7758.51875,"iteration":755,"iteration_seconds":27.200773,"phase":"iteration_complete","training_seconds":7286.814188200003}
STUDY_PHASE {"elapsed_seconds":7786.0703691,"iteration":756,"iteration_seconds":27.5515793,"phase":"iteration_complete","training_seconds":7314.365767500003}
STUDY_PHASE {"elapsed_seconds":7813.4424309,"iteration":757,"iteration_seconds":27.3720183,"phase":"iteration_complete","training_seconds":7341.737785800003}
STUDY_PHASE {"elapsed_seconds":7841.1902394,"iteration":758,"iteration_seconds":27.7477656,"phase":"iteration_complete","training_seconds":7369.485551400003}
STUDY_PHASE {"elapsed_seconds":7868.274735,"iteration":759,"iteration_seconds":27.0844623,"phase":"iteration_complete","training_seconds":7396.570013700003}
STUDY_PHASE {"elapsed_seconds":7895.8817942,"iteration":760,"iteration_seconds":27.6070185,"phase":"iteration_complete","training_seconds":7424.177032200003}
STUDY_PHASE {"elapsed_seconds":7923.7906944,"iteration":761,"iteration_seconds":27.9088512,"phase":"iteration_complete","training_seconds":7452.085883400003}
STUDY_PHASE {"elapsed_seconds":7951.1885847,"iteration":762,"iteration_seconds":27.3978464,"phase":"iteration_complete","training_seconds":7479.483729800003}
STUDY_PHASE {"elapsed_seconds":7979.2069123,"iteration":763,"iteration_seconds":28.0182892,"phase":"iteration_complete","training_seconds":7507.502019000003}
STUDY_PHASE {"elapsed_seconds":8007.4050825,"iteration":764,"iteration_seconds":28.1981283,"phase":"iteration_complete","training_seconds":7535.700147300003}
STUDY_PHASE {"elapsed_seconds":8034.7668938,"iteration":765,"iteration_seconds":27.3617705,"phase":"iteration_complete","training_seconds":7563.061917800002}
STUDY_PHASE {"elapsed_seconds":8062.86071,"iteration":766,"iteration_seconds":28.0937751,"phase":"iteration_complete","training_seconds":7591.155692900003}
STUDY_PHASE {"elapsed_seconds":8090.4753306,"iteration":767,"iteration_seconds":27.6145805,"phase":"iteration_complete","training_seconds":7618.770273400002}
STUDY_PHASE {"elapsed_seconds":8118.2348423,"iteration":768,"iteration_seconds":27.7594722,"phase":"iteration_complete","training_seconds":7646.529745600003}
STUDY_PHASE {"elapsed_seconds":8147.2630684,"iteration":769,"iteration_seconds":29.0281856,"phase":"iteration_complete","training_seconds":7675.557931200003}
STUDY_PHASE {"elapsed_seconds":8175.4158525,"iteration":770,"iteration_seconds":28.1527428,"phase":"iteration_complete","training_seconds":7703.710674000003}
STUDY_PHASE {"elapsed_seconds":8204.3894841,"iteration":771,"iteration_seconds":28.9735897,"phase":"iteration_complete","training_seconds":7732.684263700003}
STUDY_PHASE {"elapsed_seconds":8233.2762329,"iteration":772,"iteration_seconds":28.8865479,"phase":"iteration_complete","training_seconds":7761.570811600002}
STUDY_PHASE {"elapsed_seconds":8261.8007606,"iteration":773,"iteration_seconds":28.5244829,"phase":"iteration_complete","training_seconds":7790.095294500003}
STUDY_PHASE {"elapsed_seconds":8290.9811584,"iteration":774,"iteration_seconds":29.1803532,"phase":"iteration_complete","training_seconds":7819.275647700003}
STUDY_PHASE {"elapsed_seconds":8320.1503616,"iteration":775,"iteration_seconds":29.1691621,"phase":"iteration_complete","training_seconds":7848.444809800003}
STUDY_PHASE {"elapsed_seconds":8349.6320079,"iteration":776,"iteration_seconds":29.4816055,"phase":"iteration_complete","training_seconds":7877.926415300003}
STUDY_PHASE {"elapsed_seconds":8379.3191196,"iteration":777,"iteration_seconds":29.6870634,"phase":"iteration_complete","training_seconds":7907.613478700003}
STUDY_PHASE {"elapsed_seconds":8407.7435154,"iteration":778,"iteration_seconds":28.4243541,"phase":"iteration_complete","training_seconds":7936.037832800002}
STUDY_PHASE {"elapsed_seconds":8436.6643861,"iteration":779,"iteration_seconds":28.9208277,"phase":"iteration_complete","training_seconds":7964.958660500002}
STUDY_PHASE {"elapsed_seconds":8465.1300945,"iteration":780,"iteration_seconds":28.4656542,"phase":"iteration_complete","training_seconds":7993.4243147000025}
STUDY_PHASE {"elapsed_seconds":8494.3820172,"iteration":781,"iteration_seconds":29.2518828,"phase":"iteration_complete","training_seconds":8022.676197500003}
STUDY_PHASE {"elapsed_seconds":8523.1562202,"iteration":782,"iteration_seconds":28.774161499999998,"phase":"iteration_complete","training_seconds":8051.450359000003}
STUDY_PHASE {"elapsed_seconds":8551.8744993,"iteration":783,"iteration_seconds":28.7182393,"phase":"iteration_complete","training_seconds":8080.168598300003}
STUDY_PHASE {"elapsed_seconds":8582.127836,"iteration":784,"iteration_seconds":30.253294,"phase":"iteration_complete","training_seconds":8110.4218923000035}
STUDY_PHASE {"elapsed_seconds":8612.3975669,"iteration":785,"iteration_seconds":30.2696831,"phase":"iteration_complete","training_seconds":8140.691575400004}
STUDY_PHASE {"elapsed_seconds":8642.47182,"iteration":786,"iteration_seconds":30.0742042,"phase":"iteration_complete","training_seconds":8170.765779600004}
STUDY_PHASE {"elapsed_seconds":8672.2690191,"iteration":787,"iteration_seconds":29.7971499,"phase":"iteration_complete","training_seconds":8200.562929500004}
STUDY_PHASE {"elapsed_seconds":8702.0166125,"iteration":788,"iteration_seconds":29.7475502,"phase":"iteration_complete","training_seconds":8230.310479700003}
STUDY_PHASE {"elapsed_seconds":8731.3119375,"iteration":789,"iteration_seconds":29.295252,"phase":"iteration_complete","training_seconds":8259.605731700003}
STUDY_PHASE {"elapsed_seconds":8760.5850755,"iteration":790,"iteration_seconds":29.2730878,"phase":"iteration_complete","training_seconds":8288.878819500003}
STUDY_PHASE {"elapsed_seconds":8789.9186721,"iteration":791,"iteration_seconds":29.3335452,"phase":"iteration_complete","training_seconds":8318.212364700003}
STUDY_PHASE {"elapsed_seconds":8819.0258882,"iteration":792,"iteration_seconds":29.1071639,"phase":"iteration_complete","training_seconds":8347.319528600003}
STUDY_PHASE {"elapsed_seconds":8848.0050798,"iteration":793,"iteration_seconds":28.9791502,"phase":"iteration_complete","training_seconds":8376.298678800003}
STUDY_PHASE {"elapsed_seconds":8876.6702439,"iteration":794,"iteration_seconds":28.6651234,"phase":"iteration_complete","training_seconds":8404.963802200004}
STUDY_PHASE {"elapsed_seconds":8906.7519954,"iteration":795,"iteration_seconds":30.0816967,"phase":"iteration_complete","training_seconds":8435.045498900003}
STUDY_PHASE {"elapsed_seconds":8935.4695072,"iteration":796,"iteration_seconds":28.7174679,"phase":"iteration_complete","training_seconds":8463.762966800003}
STUDY_PHASE {"elapsed_seconds":8965.0537785,"iteration":797,"iteration_seconds":29.5842305,"phase":"iteration_complete","training_seconds":8493.347197300003}
STUDY_PHASE {"elapsed_seconds":8993.8741096,"iteration":798,"iteration_seconds":28.8202904,"phase":"iteration_complete","training_seconds":8522.167487700004}
STUDY_PHASE {"elapsed_seconds":9022.0142406,"iteration":799,"iteration_seconds":28.1399836,"phase":"iteration_complete","training_seconds":8550.307471300004}
STUDY_PHASE {"elapsed_seconds":9051.2475042,"iteration":800,"iteration_seconds":29.2332228,"phase":"iteration_complete","training_seconds":8579.540694100004}
STUDY_PHASE {"elapsed_seconds":9081.2087808,"iteration":801,"iteration_seconds":29.9612312,"phase":"iteration_complete","training_seconds":8609.501925300005}
STUDY_PHASE {"elapsed_seconds":9110.0324614,"iteration":802,"iteration_seconds":28.8236426,"phase":"iteration_complete","training_seconds":8638.325567900005}
STUDY_PHASE {"elapsed_seconds":9138.3749565,"iteration":803,"iteration_seconds":28.3424489,"phase":"iteration_complete","training_seconds":8666.668016800006}
STUDY_PHASE {"elapsed_seconds":9168.0600745,"iteration":804,"iteration_seconds":29.6850739,"phase":"iteration_complete","training_seconds":8696.353090700006}
STUDY_PHASE {"elapsed_seconds":9198.0064912,"iteration":805,"iteration_seconds":29.9463744,"phase":"iteration_complete","training_seconds":8726.299465100006}
STUDY_PHASE {"elapsed_seconds":9226.0578768,"iteration":806,"iteration_seconds":28.0513443,"phase":"iteration_complete","training_seconds":8754.350809400006}
STUDY_PHASE {"elapsed_seconds":9255.6343951,"iteration":807,"iteration_seconds":29.5764802,"phase":"iteration_complete","training_seconds":8783.927289600006}
STUDY_PHASE {"elapsed_seconds":9284.8814754,"iteration":808,"iteration_seconds":29.2470372,"phase":"iteration_complete","training_seconds":8813.174326800006}
STUDY_PHASE {"elapsed_seconds":9315.3312087,"iteration":809,"iteration_seconds":30.4496907,"phase":"iteration_complete","training_seconds":8843.624017500006}
STUDY_PHASE {"elapsed_seconds":9343.2655714,"iteration":810,"iteration_seconds":27.9343167,"phase":"iteration_complete","training_seconds":8871.558334200006}
STUDY_PHASE {"elapsed_seconds":9372.3641695,"iteration":811,"iteration_seconds":29.0985561,"phase":"iteration_complete","training_seconds":8900.656890300006}
STUDY_PHASE {"elapsed_seconds":9402.6279544,"iteration":812,"iteration_seconds":30.2637353,"phase":"iteration_complete","training_seconds":8930.920625600005}
STUDY_PHASE {"elapsed_seconds":9432.8055795,"iteration":813,"iteration_seconds":30.1775833,"phase":"iteration_complete","training_seconds":8961.098208900004}
STUDY_PHASE {"elapsed_seconds":9461.5612372,"iteration":814,"iteration_seconds":28.755607,"phase":"iteration_complete","training_seconds":8989.853815900004}
STUDY_PHASE {"elapsed_seconds":9491.9380015,"iteration":815,"iteration_seconds":30.3767228,"phase":"iteration_complete","training_seconds":9020.230538700003}
STUDY_PHASE {"elapsed_seconds":9523.7668832,"iteration":816,"iteration_seconds":31.8288115,"phase":"iteration_complete","training_seconds":9052.059350200003}
STUDY_PHASE {"elapsed_seconds":9555.4909383,"iteration":817,"iteration_seconds":31.7239973,"phase":"iteration_complete","training_seconds":9083.783347500002}
STUDY_PHASE {"elapsed_seconds":9586.9522767,"iteration":818,"iteration_seconds":31.4612981,"phase":"iteration_complete","training_seconds":9115.244645600002}
STUDY_PHASE {"elapsed_seconds":9617.5543375,"iteration":819,"iteration_seconds":30.6020076,"phase":"iteration_complete","training_seconds":9145.846653200002}
STUDY_PHASE {"elapsed_seconds":9648.5196079,"iteration":820,"iteration_seconds":30.9652283,"phase":"iteration_complete","training_seconds":9176.811881500002}
STUDY_PHASE {"elapsed_seconds":9679.6224168,"iteration":821,"iteration_seconds":31.102762,"phase":"iteration_complete","training_seconds":9207.914643500002}
STUDY_PHASE {"elapsed_seconds":9710.5863742,"iteration":822,"iteration_seconds":30.9639168,"phase":"iteration_complete","training_seconds":9238.878560300001}
STUDY_PHASE {"elapsed_seconds":9741.1299652,"iteration":823,"iteration_seconds":30.5435494,"phase":"iteration_complete","training_seconds":9269.4221097}
STUDY_PHASE {"elapsed_seconds":9772.4335415,"iteration":824,"iteration_seconds":31.3035358,"phase":"iteration_complete","training_seconds":9300.7256455}
STUDY_PHASE {"elapsed_seconds":9803.8941294,"iteration":825,"iteration_seconds":31.4605374,"phase":"iteration_complete","training_seconds":9332.1861829}
STUDY_PHASE {"elapsed_seconds":9835.4212833,"iteration":826,"iteration_seconds":31.5270991,"phase":"iteration_complete","training_seconds":9363.713282}
STUDY_PHASE {"elapsed_seconds":9865.2324133,"iteration":827,"iteration_seconds":29.8110781,"phase":"iteration_complete","training_seconds":9393.5243601}
STUDY_PHASE {"elapsed_seconds":9895.998522,"iteration":828,"iteration_seconds":30.7660555,"phase":"iteration_complete","training_seconds":9424.2904156}
STUDY_PHASE {"elapsed_seconds":9925.8808992,"iteration":829,"iteration_seconds":29.8823302,"phase":"iteration_complete","training_seconds":9454.1727458}
STUDY_PHASE {"elapsed_seconds":9955.5206787,"iteration":830,"iteration_seconds":29.6397267,"phase":"iteration_complete","training_seconds":9483.8124725}
STUDY_PHASE {"elapsed_seconds":9986.5646499,"iteration":831,"iteration_seconds":31.0439316,"phase":"iteration_complete","training_seconds":9514.856404099999}
STUDY_PHASE {"elapsed_seconds":10016.9163162,"iteration":832,"iteration_seconds":30.3516121,"phase":"iteration_complete","training_seconds":9545.208016199998}
STUDY_PHASE {"elapsed_seconds":10046.7344916,"iteration":833,"iteration_seconds":29.8181226,"phase":"iteration_complete","training_seconds":9575.026138799998}
STUDY_PHASE {"elapsed_seconds":10078.5710263,"iteration":834,"iteration_seconds":31.8364894,"phase":"iteration_complete","training_seconds":9606.862628199999}
STUDY_PHASE {"elapsed_seconds":10110.0948737,"iteration":835,"iteration_seconds":31.5237932,"phase":"iteration_complete","training_seconds":9638.386421399999}
STUDY_PHASE {"elapsed_seconds":10142.359208,"iteration":836,"iteration_seconds":32.2642769,"phase":"iteration_complete","training_seconds":9670.650698299998}
STUDY_PHASE {"elapsed_seconds":10173.4020478,"iteration":837,"iteration_seconds":31.0428011,"phase":"iteration_complete","training_seconds":9701.693499399998}
STUDY_PHASE {"elapsed_seconds":10207.4644753,"iteration":838,"iteration_seconds":34.062385,"phase":"iteration_complete","training_seconds":9735.755884399998}
STUDY_PHASE {"elapsed_seconds":10239.601525,"iteration":839,"iteration_seconds":32.1369998,"phase":"iteration_complete","training_seconds":9767.892884199997}
STUDY_PHASE {"elapsed_seconds":10272.8050627,"iteration":840,"iteration_seconds":33.2034853,"phase":"iteration_complete","training_seconds":9801.096369499997}
STUDY_PHASE {"elapsed_seconds":10304.9091942,"iteration":841,"iteration_seconds":32.1040788,"phase":"iteration_complete","training_seconds":9833.200448299996}
STUDY_PHASE {"elapsed_seconds":10336.3067241,"iteration":842,"iteration_seconds":31.3974256,"phase":"iteration_complete","training_seconds":9864.597873899997}
STUDY_PHASE {"elapsed_seconds":10366.7970365,"iteration":843,"iteration_seconds":30.490261,"phase":"iteration_complete","training_seconds":9895.088134899997}
STUDY_PHASE {"elapsed_seconds":10394.707949,"iteration":844,"iteration_seconds":27.9108617,"phase":"iteration_complete","training_seconds":9922.998996599998}
STUDY_PHASE {"elapsed_seconds":10423.4743271,"iteration":845,"iteration_seconds":28.7663389,"phase":"iteration_complete","training_seconds":9951.765335499998}
STUDY_PHASE {"elapsed_seconds":10452.9341193,"iteration":846,"iteration_seconds":29.459751699999998,"phase":"iteration_complete","training_seconds":9981.225087199999}
STUDY_PHASE {"elapsed_seconds":10481.118703,"iteration":847,"iteration_seconds":28.1845461,"phase":"iteration_complete","training_seconds":10009.409633299998}
STUDY_PHASE {"elapsed_seconds":10511.4880862,"iteration":848,"iteration_seconds":30.3693437,"phase":"iteration_complete","training_seconds":10039.778976999998}
STUDY_PHASE {"elapsed_seconds":10540.0965988,"iteration":849,"iteration_seconds":28.608429,"phase":"iteration_complete","training_seconds":10068.387405999998}
STUDY_PHASE {"elapsed_seconds":10569.3706215,"iteration":850,"iteration_seconds":29.2739703,"phase":"iteration_complete","training_seconds":10097.661376299999}
STUDY_PHASE {"elapsed_seconds":10597.2913979,"iteration":851,"iteration_seconds":27.9207207,"phase":"iteration_complete","training_seconds":10125.582096999999}
STUDY_PHASE {"elapsed_seconds":10625.5730753,"iteration":852,"iteration_seconds":28.2816378,"phase":"iteration_complete","training_seconds":10153.8637348}
STUDY_PHASE {"elapsed_seconds":10653.5715214,"iteration":853,"iteration_seconds":27.9983952,"phase":"iteration_complete","training_seconds":10181.86213}
STUDY_PHASE {"elapsed_seconds":10681.8752409,"iteration":854,"iteration_seconds":28.3036862,"phase":"iteration_complete","training_seconds":10210.1658162}
STUDY_PHASE {"elapsed_seconds":10710.2322516,"iteration":855,"iteration_seconds":28.3569627,"phase":"iteration_complete","training_seconds":10238.5227789}
STUDY_PHASE {"elapsed_seconds":10739.3158028,"iteration":856,"iteration_seconds":29.0835079,"phase":"iteration_complete","training_seconds":10267.6062868}
STUDY_PHASE {"elapsed_seconds":10767.1258346,"iteration":857,"iteration_seconds":27.8099831,"phase":"iteration_complete","training_seconds":10295.4162699}
STUDY_PHASE {"elapsed_seconds":10794.7176481,"iteration":858,"iteration_seconds":27.5917714,"phase":"iteration_complete","training_seconds":10323.008041300001}
STUDY_PHASE {"elapsed_seconds":10822.2184905,"iteration":859,"iteration_seconds":27.5008005,"phase":"iteration_complete","training_seconds":10350.508841800001}
STUDY_PHASE {"elapsed_seconds":10849.8415931,"iteration":860,"iteration_seconds":27.6230605,"phase":"iteration_complete","training_seconds":10378.131902300001}
STUDY_PHASE {"elapsed_seconds":10877.7002665,"iteration":861,"iteration_seconds":27.8586318,"phase":"iteration_complete","training_seconds":10405.990534100001}
STUDY_PHASE {"elapsed_seconds":10905.7923717,"iteration":862,"iteration_seconds":28.0920639,"phase":"iteration_complete","training_seconds":10434.082598}
STUDY_PHASE {"elapsed_seconds":10933.0219823,"iteration":863,"iteration_seconds":27.2295697,"phase":"iteration_complete","training_seconds":10461.312167700002}
STUDY_PHASE {"elapsed_seconds":10961.0469931,"iteration":864,"iteration_seconds":28.0249685,"phase":"iteration_complete","training_seconds":10489.337136200002}
STUDY_PHASE {"elapsed_seconds":10988.9554711,"iteration":865,"iteration_seconds":27.9084311,"phase":"iteration_complete","training_seconds":10517.245567300002}
STUDY_PHASE {"elapsed_seconds":11016.4596573,"iteration":866,"iteration_seconds":27.5041226,"phase":"iteration_complete","training_seconds":10544.749689900002}
STUDY_PHASE {"elapsed_seconds":11044.8106541,"iteration":867,"iteration_seconds":28.350956,"phase":"iteration_complete","training_seconds":10573.100645900002}
STUDY_PHASE {"elapsed_seconds":11072.6112141,"iteration":868,"iteration_seconds":27.80052,"phase":"iteration_complete","training_seconds":10600.901165900003}
STUDY_PHASE {"elapsed_seconds":11101.8378997,"iteration":869,"iteration_seconds":29.2266445,"phase":"iteration_complete","training_seconds":10630.127810400003}
STUDY_PHASE {"elapsed_seconds":11130.4343637,"iteration":870,"iteration_seconds":28.5964115,"phase":"iteration_complete","training_seconds":10658.724221900004}
STUDY_PHASE {"elapsed_seconds":11158.3963545,"iteration":871,"iteration_seconds":27.9619379,"phase":"iteration_complete","training_seconds":10686.686159800003}
STUDY_PHASE {"elapsed_seconds":11186.2477008,"iteration":872,"iteration_seconds":27.8513037,"phase":"iteration_complete","training_seconds":10714.537463500003}
STUDY_PHASE {"elapsed_seconds":11214.1130323,"iteration":873,"iteration_seconds":27.8652894,"phase":"iteration_complete","training_seconds":10742.402752900003}
STUDY_PHASE {"elapsed_seconds":11241.9838483,"iteration":874,"iteration_seconds":27.8707738,"phase":"iteration_complete","training_seconds":10770.273526700003}
STUDY_PHASE {"elapsed_seconds":11270.0584902,"iteration":875,"iteration_seconds":28.0746013,"phase":"iteration_complete","training_seconds":10798.348128000003}
STUDY_PHASE {"elapsed_seconds":11301.7287807,"iteration":876,"iteration_seconds":31.6702574,"phase":"iteration_complete","training_seconds":10830.018385400002}
STUDY_PHASE {"elapsed_seconds":11331.4238954,"iteration":877,"iteration_seconds":29.6950733,"phase":"iteration_complete","training_seconds":10859.713458700002}
STUDY_PHASE {"elapsed_seconds":11361.0868507,"iteration":878,"iteration_seconds":29.6629037,"phase":"iteration_complete","training_seconds":10889.376362400002}
STUDY_PHASE {"elapsed_seconds":11391.6059045,"iteration":879,"iteration_seconds":30.519014,"phase":"iteration_complete","training_seconds":10919.895376400002}
STUDY_PHASE {"elapsed_seconds":11423.6184812,"iteration":880,"iteration_seconds":32.0125347,"phase":"iteration_complete","training_seconds":10951.907911100001}
STUDY_PHASE {"elapsed_seconds":11454.8168098,"iteration":881,"iteration_seconds":31.1982823,"phase":"iteration_complete","training_seconds":10983.1061934}
STUDY_PHASE {"elapsed_seconds":11484.899069,"iteration":882,"iteration_seconds":30.0822117,"phase":"iteration_complete","training_seconds":11013.188405100002}
STUDY_PHASE {"elapsed_seconds":11514.4129304,"iteration":883,"iteration_seconds":29.5138176,"phase":"iteration_complete","training_seconds":11042.702222700002}
STUDY_PHASE {"elapsed_seconds":11543.8070627,"iteration":884,"iteration_seconds":29.3940927,"phase":"iteration_complete","training_seconds":11072.096315400002}
STUDY_PHASE {"elapsed_seconds":11573.508717,"iteration":885,"iteration_seconds":29.7016054,"phase":"iteration_complete","training_seconds":11101.797920800002}
STUDY_PHASE {"elapsed_seconds":11603.3701259,"iteration":886,"iteration_seconds":29.8613666,"phase":"iteration_complete","training_seconds":11131.659287400002}
STUDY_PHASE {"elapsed_seconds":11635.6790515,"iteration":887,"iteration_seconds":32.3088836,"phase":"iteration_complete","training_seconds":11163.968171000002}
STUDY_PHASE {"elapsed_seconds":11666.5758407,"iteration":888,"iteration_seconds":30.8967476,"phase":"iteration_complete","training_seconds":11194.864918600002}
STUDY_PHASE {"elapsed_seconds":11697.9004581,"iteration":889,"iteration_seconds":31.324577,"phase":"iteration_complete","training_seconds":11226.189495600001}
STUDY_PHASE {"elapsed_seconds":11729.4310456,"iteration":890,"iteration_seconds":31.5305459,"phase":"iteration_complete","training_seconds":11257.7200415}
STUDY_PHASE {"elapsed_seconds":11761.9643767,"iteration":891,"iteration_seconds":32.5332862,"phase":"iteration_complete","training_seconds":11290.2533277}
STUDY_PHASE {"elapsed_seconds":11794.1417696,"iteration":892,"iteration_seconds":32.1773423,"phase":"iteration_complete","training_seconds":11322.43067}
STUDY_PHASE {"elapsed_seconds":11827.2776886,"iteration":893,"iteration_seconds":33.1358668,"phase":"iteration_complete","training_seconds":11355.566536799999}
STUDY_PHASE {"elapsed_seconds":11858.8000406,"iteration":894,"iteration_seconds":31.5223016,"phase":"iteration_complete","training_seconds":11387.088838399999}
STUDY_PHASE {"elapsed_seconds":11889.0009942,"iteration":895,"iteration_seconds":30.2008951,"phase":"iteration_complete","training_seconds":11417.2897335}
STUDY_PHASE {"elapsed_seconds":11917.0479868,"iteration":896,"iteration_seconds":28.0469415,"phase":"iteration_complete","training_seconds":11445.336675}
STUDY_PHASE {"elapsed_seconds":11947.4406378,"iteration":897,"iteration_seconds":30.3926118,"phase":"iteration_complete","training_seconds":11475.7292868}
STUDY_PHASE {"elapsed_seconds":11976.9932676,"iteration":898,"iteration_seconds":29.5525866,"phase":"iteration_complete","training_seconds":11505.281873400001}
STUDY_PHASE {"elapsed_seconds":12006.5948906,"iteration":899,"iteration_seconds":29.6015859,"phase":"iteration_complete","training_seconds":11534.883459300001}
STUDY_PHASE {"elapsed_seconds":12037.5111038,"iteration":900,"iteration_seconds":30.9161687,"phase":"iteration_complete","training_seconds":11565.799628}
STUDY_PHASE {"elapsed_seconds":12068.8368309,"iteration":901,"iteration_seconds":31.3256668,"phase":"iteration_complete","training_seconds":11597.1252948}
STUDY_PHASE {"elapsed_seconds":12099.1577911,"iteration":902,"iteration_seconds":30.3209144,"phase":"iteration_complete","training_seconds":11627.4462092}
STUDY_PHASE {"elapsed_seconds":12129.4741431,"iteration":903,"iteration_seconds":30.316294,"phase":"iteration_complete","training_seconds":11657.7625032}
STUDY_PHASE {"elapsed_seconds":12159.3508321,"iteration":904,"iteration_seconds":29.8766551,"phase":"iteration_complete","training_seconds":11687.6391583}
STUDY_PHASE {"elapsed_seconds":12187.0551638,"iteration":905,"iteration_seconds":27.704275,"phase":"iteration_complete","training_seconds":11715.3434333}
STUDY_PHASE {"elapsed_seconds":12215.1442293,"iteration":906,"iteration_seconds":28.0890254,"phase":"iteration_complete","training_seconds":11743.432458700001}
STUDY_PHASE {"elapsed_seconds":12243.0058531,"iteration":907,"iteration_seconds":27.8615647,"phase":"iteration_complete","training_seconds":11771.294023400002}
STUDY_PHASE {"elapsed_seconds":12270.7653129,"iteration":908,"iteration_seconds":27.7594149,"phase":"iteration_complete","training_seconds":11799.053438300001}
STUDY_PHASE {"elapsed_seconds":12298.6081847,"iteration":909,"iteration_seconds":27.8428354,"phase":"iteration_complete","training_seconds":11826.896273700002}
STUDY_PHASE {"elapsed_seconds":12326.6049577,"iteration":910,"iteration_seconds":27.9967061,"phase":"iteration_complete","training_seconds":11854.892979800003}
STUDY_PHASE {"elapsed_seconds":12356.337349,"iteration":911,"iteration_seconds":29.7323538,"phase":"iteration_complete","training_seconds":11884.625333600003}
STUDY_PHASE {"elapsed_seconds":12384.01828,"iteration":912,"iteration_seconds":27.6808901,"phase":"iteration_complete","training_seconds":11912.306223700003}
STUDY_PHASE {"elapsed_seconds":12411.5477599,"iteration":913,"iteration_seconds":27.5294415,"phase":"iteration_complete","training_seconds":11939.835665200004}
STUDY_PHASE {"elapsed_seconds":12439.9085274,"iteration":914,"iteration_seconds":28.360728,"phase":"iteration_complete","training_seconds":11968.196393200004}
STUDY_PHASE {"elapsed_seconds":12468.1015022,"iteration":915,"iteration_seconds":28.192927,"phase":"iteration_complete","training_seconds":11996.389320200004}
STUDY_PHASE {"elapsed_seconds":12498.5425789,"iteration":916,"iteration_seconds":30.4410115,"phase":"iteration_complete","training_seconds":12026.830331700003}
STUDY_PHASE {"elapsed_seconds":12526.6055969,"iteration":917,"iteration_seconds":28.0629687,"phase":"iteration_complete","training_seconds":12054.893300400003}
STUDY_PHASE {"elapsed_seconds":12556.2327773,"iteration":918,"iteration_seconds":29.627140400000002,"phase":"iteration_complete","training_seconds":12084.520440800003}
STUDY_PHASE {"elapsed_seconds":12586.7849825,"iteration":919,"iteration_seconds":30.552161,"phase":"iteration_complete","training_seconds":12115.072601800002}
STUDY_PHASE {"elapsed_seconds":12617.5429856,"iteration":920,"iteration_seconds":30.7579473,"phase":"iteration_complete","training_seconds":12145.830549100003}
STUDY_PHASE {"elapsed_seconds":12649.3283896,"iteration":921,"iteration_seconds":31.7853532,"phase":"iteration_complete","training_seconds":12177.615902300004}
STUDY_PHASE {"elapsed_seconds":12682.1915147,"iteration":922,"iteration_seconds":32.8630819,"phase":"iteration_complete","training_seconds":12210.478984200003}
STUDY_PHASE {"elapsed_seconds":12713.2126982,"iteration":923,"iteration_seconds":31.0211359,"phase":"iteration_complete","training_seconds":12241.500120100003}
STUDY_PHASE {"elapsed_seconds":12744.8354683,"iteration":924,"iteration_seconds":31.6227258,"phase":"iteration_complete","training_seconds":12273.122845900003}
STUDY_PHASE {"elapsed_seconds":12773.141732,"iteration":925,"iteration_seconds":28.306221,"phase":"iteration_complete","training_seconds":12301.429066900004}
STUDY_PHASE {"elapsed_seconds":12800.8921873,"iteration":926,"iteration_seconds":27.7504245,"phase":"iteration_complete","training_seconds":12329.179491400004}
STUDY_PHASE {"elapsed_seconds":12827.9764948,"iteration":927,"iteration_seconds":27.0842669,"phase":"iteration_complete","training_seconds":12356.263758300003}
STUDY_PHASE {"elapsed_seconds":12855.0260849,"iteration":928,"iteration_seconds":27.0495497,"phase":"iteration_complete","training_seconds":12383.313308000003}
STUDY_PHASE {"elapsed_seconds":12882.5260462,"iteration":929,"iteration_seconds":27.4999165,"phase":"iteration_complete","training_seconds":12410.813224500003}
STUDY_PHASE {"elapsed_seconds":12910.8091985,"iteration":930,"iteration_seconds":28.2831101,"phase":"iteration_complete","training_seconds":12439.096334600003}
STUDY_PHASE {"elapsed_seconds":12938.7192564,"iteration":931,"iteration_seconds":27.9100016,"phase":"iteration_complete","training_seconds":12467.006336200002}
STUDY_PHASE {"elapsed_seconds":12966.7812503,"iteration":932,"iteration_seconds":28.0619441,"phase":"iteration_complete","training_seconds":12495.068280300002}
STUDY_PHASE {"elapsed_seconds":12994.3505459,"iteration":933,"iteration_seconds":27.5692529,"phase":"iteration_complete","training_seconds":12522.637533200003}
STUDY_PHASE {"elapsed_seconds":13022.4077494,"iteration":934,"iteration_seconds":28.0571614,"phase":"iteration_complete","training_seconds":12550.694694600003}
STUDY_PHASE {"elapsed_seconds":13049.7526342,"iteration":935,"iteration_seconds":27.3448444,"phase":"iteration_complete","training_seconds":12578.039539000003}
STUDY_PHASE {"elapsed_seconds":13077.0421132,"iteration":936,"iteration_seconds":27.2894287,"phase":"iteration_complete","training_seconds":12605.328967700003}
STUDY_PHASE {"elapsed_seconds":13104.8424375,"iteration":937,"iteration_seconds":27.8002823,"phase":"iteration_complete","training_seconds":12633.129250000004}
STUDY_PHASE {"elapsed_seconds":13134.7034618,"iteration":938,"iteration_seconds":29.860989,"phase":"iteration_complete","training_seconds":12662.990239000004}
STUDY_PHASE {"elapsed_seconds":13162.833813,"iteration":939,"iteration_seconds":28.1303119,"phase":"iteration_complete","training_seconds":12691.120550900005}
STUDY_PHASE {"elapsed_seconds":13193.3987421,"iteration":940,"iteration_seconds":30.5648818,"phase":"iteration_complete","training_seconds":12721.685432700006}
STUDY_PHASE {"elapsed_seconds":13223.1868176,"iteration":941,"iteration_seconds":29.7880343,"phase":"iteration_complete","training_seconds":12751.473467000005}
STUDY_PHASE {"elapsed_seconds":13252.9404468,"iteration":942,"iteration_seconds":29.7535837,"phase":"iteration_complete","training_seconds":12781.227050700005}
STUDY_PHASE {"elapsed_seconds":13286.3334165,"iteration":943,"iteration_seconds":33.3929009,"phase":"iteration_complete","training_seconds":12814.619951600005}
STUDY_PHASE {"elapsed_seconds":13317.7126737,"iteration":944,"iteration_seconds":31.3792101,"phase":"iteration_complete","training_seconds":12845.999161700005}
STUDY_PHASE {"elapsed_seconds":13348.4405696,"iteration":945,"iteration_seconds":30.7278462,"phase":"iteration_complete","training_seconds":12876.727007900005}
STUDY_PHASE {"elapsed_seconds":13376.7337227,"iteration":946,"iteration_seconds":28.2930991,"phase":"iteration_complete","training_seconds":12905.020107000004}
STUDY_PHASE {"elapsed_seconds":13404.8171127,"iteration":947,"iteration_seconds":28.0833472,"phase":"iteration_complete","training_seconds":12933.103454200003}
STUDY_PHASE {"elapsed_seconds":13432.5793764,"iteration":948,"iteration_seconds":27.762217,"phase":"iteration_complete","training_seconds":12960.865671200003}
STUDY_PHASE {"elapsed_seconds":13460.4379806,"iteration":949,"iteration_seconds":27.8585542,"phase":"iteration_complete","training_seconds":12988.724225400003}
STUDY_PHASE {"elapsed_seconds":13489.6086379,"iteration":950,"iteration_seconds":29.1706175,"phase":"iteration_complete","training_seconds":13017.894842900003}
STUDY_PHASE {"elapsed_seconds":13517.6119083,"iteration":951,"iteration_seconds":28.0032182,"phase":"iteration_complete","training_seconds":13045.898061100002}
STUDY_PHASE {"elapsed_seconds":13547.6317287,"iteration":952,"iteration_seconds":30.0197774,"phase":"iteration_complete","training_seconds":13075.917838500003}
STUDY_PHASE {"elapsed_seconds":13578.6117539,"iteration":953,"iteration_seconds":30.9799746,"phase":"iteration_complete","training_seconds":13106.897813100004}
STUDY_PHASE {"elapsed_seconds":13610.1961463,"iteration":954,"iteration_seconds":31.5843506,"phase":"iteration_complete","training_seconds":13138.482163700004}
STUDY_PHASE {"elapsed_seconds":13640.9947495,"iteration":955,"iteration_seconds":30.7985605,"phase":"iteration_complete","training_seconds":13169.280724200004}
STUDY_PHASE {"elapsed_seconds":13673.9046715,"iteration":956,"iteration_seconds":32.9098726,"phase":"iteration_complete","training_seconds":13202.190596800003}
STUDY_PHASE {"elapsed_seconds":13705.6126621,"iteration":957,"iteration_seconds":31.7079455,"phase":"iteration_complete","training_seconds":13233.898542300003}
STUDY_PHASE {"elapsed_seconds":13735.9313565,"iteration":958,"iteration_seconds":30.318645,"phase":"iteration_complete","training_seconds":13264.217187300002}
STUDY_PHASE {"elapsed_seconds":13764.492243,"iteration":959,"iteration_seconds":28.5608401,"phase":"iteration_complete","training_seconds":13292.778027400003}
STUDY_PHASE {"elapsed_seconds":13793.3128279,"iteration":960,"iteration_seconds":28.8205439,"phase":"iteration_complete","training_seconds":13321.598571300003}
STUDY_PHASE {"elapsed_seconds":13822.1857645,"iteration":961,"iteration_seconds":28.8728005,"phase":"iteration_complete","training_seconds":13350.471371800002}
STUDY_PHASE {"elapsed_seconds":13851.7424701,"iteration":962,"iteration_seconds":29.5566642,"phase":"iteration_complete","training_seconds":13380.028036000002}
STUDY_PHASE {"elapsed_seconds":13880.7623301,"iteration":963,"iteration_seconds":29.019819,"phase":"iteration_complete","training_seconds":13409.047855}
STUDY_PHASE {"elapsed_seconds":13910.3546952,"iteration":964,"iteration_seconds":29.5923246,"phase":"iteration_complete","training_seconds":13438.640179600001}
STUDY_PHASE {"elapsed_seconds":13940.1639264,"iteration":965,"iteration_seconds":29.8091922,"phase":"iteration_complete","training_seconds":13468.449371800001}
STUDY_PHASE {"elapsed_seconds":13970.0934289,"iteration":966,"iteration_seconds":29.9294696,"phase":"iteration_complete","training_seconds":13498.378841400001}
STUDY_PHASE {"elapsed_seconds":14001.0686909,"iteration":967,"iteration_seconds":30.9751452,"phase":"iteration_complete","training_seconds":13529.353986600001}
STUDY_PHASE {"elapsed_seconds":14032.6238144,"iteration":968,"iteration_seconds":31.5550688,"phase":"iteration_complete","training_seconds":13560.909055400001}
STUDY_PHASE {"elapsed_seconds":14062.4858408,"iteration":969,"iteration_seconds":29.8619874,"phase":"iteration_complete","training_seconds":13590.771042800001}
STUDY_PHASE {"elapsed_seconds":14093.3010377,"iteration":970,"iteration_seconds":30.8151547,"phase":"iteration_complete","training_seconds":13621.5861975}
STUDY_PHASE {"elapsed_seconds":14122.4468922,"iteration":971,"iteration_seconds":29.1458082,"phase":"iteration_complete","training_seconds":13650.732005700002}
STUDY_PHASE {"elapsed_seconds":14153.3462455,"iteration":972,"iteration_seconds":30.8992564,"phase":"iteration_complete","training_seconds":13681.631262100002}
STUDY_PHASE {"elapsed_seconds":14185.2151739,"iteration":973,"iteration_seconds":31.8688817,"phase":"iteration_complete","training_seconds":13713.500143800002}
STUDY_PHASE {"elapsed_seconds":14216.7567077,"iteration":974,"iteration_seconds":31.5414799,"phase":"iteration_complete","training_seconds":13745.0416237}
STUDY_PHASE {"elapsed_seconds":14248.4716376,"iteration":975,"iteration_seconds":31.714888,"phase":"iteration_complete","training_seconds":13776.756511700001}
STUDY_PHASE {"elapsed_seconds":14277.6415434,"iteration":976,"iteration_seconds":29.1698681,"phase":"iteration_complete","training_seconds":13805.926379800001}
STUDY_PHASE {"elapsed_seconds":14307.2803905,"iteration":977,"iteration_seconds":29.638805,"phase":"iteration_complete","training_seconds":13835.565184800002}
STUDY_PHASE {"elapsed_seconds":14337.8599636,"iteration":978,"iteration_seconds":30.5795198,"phase":"iteration_complete","training_seconds":13866.144704600001}
STUDY_PHASE {"elapsed_seconds":14368.1649352,"iteration":979,"iteration_seconds":30.3049291,"phase":"iteration_complete","training_seconds":13896.449633700002}
STUDY_PHASE {"elapsed_seconds":14400.2281676,"iteration":980,"iteration_seconds":32.0631789,"phase":"iteration_complete","training_seconds":13928.512812600002}
STUDY_PHASE {"elapsed_seconds":14432.0541213,"iteration":981,"iteration_seconds":31.8259003,"phase":"iteration_complete","training_seconds":13960.338712900002}
STUDY_PHASE {"elapsed_seconds":14462.5880999,"iteration":982,"iteration_seconds":30.533946,"phase":"iteration_complete","training_seconds":13990.872658900002}
STUDY_PHASE {"elapsed_seconds":14495.2208855,"iteration":983,"iteration_seconds":32.6327535,"phase":"iteration_complete","training_seconds":14023.505412400002}
STUDY_PHASE {"elapsed_seconds":14526.9132301,"iteration":984,"iteration_seconds":31.6922924,"phase":"iteration_complete","training_seconds":14055.1977048}
STUDY_PHASE {"elapsed_seconds":14558.576923,"iteration":985,"iteration_seconds":31.6636352,"phase":"iteration_complete","training_seconds":14086.861340000001}
STUDY_PHASE {"elapsed_seconds":14588.2439557,"iteration":986,"iteration_seconds":29.6669893,"phase":"iteration_complete","training_seconds":14116.528329300001}
STUDY_PHASE {"elapsed_seconds":14617.8537111,"iteration":987,"iteration_seconds":29.6097126,"phase":"iteration_complete","training_seconds":14146.138041900002}
STUDY_PHASE {"elapsed_seconds":14648.1996194,"iteration":988,"iteration_seconds":30.3458656,"phase":"iteration_complete","training_seconds":14176.483907500002}
STUDY_PHASE {"elapsed_seconds":14678.9892332,"iteration":989,"iteration_seconds":30.7895824,"phase":"iteration_complete","training_seconds":14207.273489900002}
STUDY_PHASE {"elapsed_seconds":14708.8852361,"iteration":990,"iteration_seconds":29.8959552,"phase":"iteration_complete","training_seconds":14237.169445100002}
STUDY_PHASE {"elapsed_seconds":14739.1362741,"iteration":991,"iteration_seconds":30.2509957,"phase":"iteration_complete","training_seconds":14267.420440800002}
STUDY_PHASE {"elapsed_seconds":14769.6759886,"iteration":992,"iteration_seconds":30.539657,"phase":"iteration_complete","training_seconds":14297.960097800002}
STUDY_PHASE {"elapsed_seconds":14799.5797429,"iteration":993,"iteration_seconds":29.9037126,"phase":"iteration_complete","training_seconds":14327.863810400002}
STUDY_PHASE {"elapsed_seconds":14828.4987234,"iteration":994,"iteration_seconds":28.918928,"phase":"iteration_complete","training_seconds":14356.782738400001}
STUDY_PHASE {"elapsed_seconds":14857.2856609,"iteration":995,"iteration_seconds":28.7868872,"phase":"iteration_complete","training_seconds":14385.569625600001}
STUDY_PHASE {"elapsed_seconds":14888.9510269,"iteration":996,"iteration_seconds":31.6653218,"phase":"iteration_complete","training_seconds":14417.2349474}
STUDY_PHASE {"elapsed_seconds":14919.4581815,"iteration":997,"iteration_seconds":30.5070988,"phase":"iteration_complete","training_seconds":14447.742046200001}
STUDY_PHASE {"elapsed_seconds":14949.5734873,"iteration":998,"iteration_seconds":30.1152577,"phase":"iteration_complete","training_seconds":14477.8573039}
STUDY_PHASE {"elapsed_seconds":14977.8440803,"iteration":999,"iteration_seconds":28.2705528,"phase":"iteration_complete","training_seconds":14506.1278567}
STUDY_PHASE {"elapsed_seconds":15006.0770648,"iteration":1000,"iteration_seconds":28.2329451,"phase":"iteration_complete","training_seconds":14534.360801800001}
STUDY_PHASE {"elapsed_seconds":15006.0771134,"iteration":1000,"phase":"evaluation_start"}
STUDY_PHASE {"elapsed_seconds":15285.0494368,"evaluation_seconds":559.7177019000001,"iteration":1000,"phase":"evaluation_complete"}
1000 gap=0.014995970617692755 elapsed=15285.0
STUDY_CHECKPOINT {"iteration":1000,"payload_bytes":61718644664,"saved":"S:\\GTOpen-research\\strategic-segments-v1\\strategic-equal112-1000-v1\\final"}
