seat0 entry mass removed=0.000001620262771236195
seat1 entry mass removed=0.0000012845353565876034
gpu: 432881 nodes, 13 levels, staging+arenas 1146.5 MB
GPU_STORAGE_MAP active=165920 missing_active=0 all_tree_missing=3430
stored AdAcJc pot=39.5: bytes=291691520 disk=false workspace=1438213480
gpu: 432881 nodes, 13 levels, staging+arenas 1212.2 MB
GPU_STORAGE_MAP active=165920 missing_active=0 all_tree_missing=3430
stored AdAc3c pot=39.5: bytes=309010704 disk=false workspace=1521219632
gpu: 432881 nodes, 13 levels, staging+arenas 1213.3 MB
stored AcKd9h pot=39.5: bytes=519811040 disk=false workspace=1526172336
gpu: 432881 nodes, 13 levels, staging+arenas 1241.7 MB
stored AcKd5h pot=39.5: bytes=532041888 disk=false workspace=1550674600
gpu: 432881 nodes, 13 levels, staging+arenas 1199.4 MB
GPU_STORAGE_MAP active=165920 missing_active=0 all_tree_missing=3430
stored AcKcQc pot=39.5: bytes=144717320 disk=false workspace=1550674600
gpu: 432881 nodes, 13 levels, staging+arenas 1211.2 MB
stored AcQdJh pot=39.5: bytes=516753328 disk=false workspace=1550674600
gpu: 432881 nodes, 13 levels, staging+arenas 1261.2 MB
stored AcQd7h pot=39.5: bytes=539686168 disk=false workspace=1570224160
gpu: 432881 nodes, 13 levels, staging+arenas 1279.3 MB
stored AcQd3h pot=39.5: bytes=547330448 disk=false workspace=1588340160
gpu: 432881 nodes, 13 levels, staging+arenas 1275.4 MB
GPU_STORAGE_MAP active=165920 missing_active=0 all_tree_missing=3430
stored AcQc4d pot=39.5: bytes=325418352 disk=false workspace=1604747808
gpu: 432881 nodes, 13 levels, staging+arenas 1236.7 MB
GPU_STORAGE_MAP active=165920 missing_active=0 all_tree_missing=3430
stored AcJd8c pot=39.5: bytes=315391456 disk=false workspace=1604747808
gpu: 432881 nodes, 13 levels, staging+arenas 1270.1 MB
GPU_STORAGE_MAP active=165920 missing_active=0 all_tree_missing=3430
stored AcJd4c pot=39.5: bytes=324506816 disk=false workspace=1608135696
gpu: 432881 nodes, 13 levels, staging+arenas 1268.6 MB
GPU_STORAGE_MAP active=165920 missing_active=0 all_tree_missing=3430
stored AcJc4d pot=39.5: bytes=324506816 disk=false workspace=1611523584
gpu: 432881 nodes, 13 levels, staging+arenas 1256.9 MB
GPU_STORAGE_MAP active=165920 missing_active=0 all_tree_missing=3430
stored AcTd7d pot=39.5: bytes=321772208 disk=false workspace=1611523584
gpu: 432881 nodes, 13 levels, staging+arenas 1278.9 MB
GPU_STORAGE_MAP active=165920 missing_active=0 all_tree_missing=3430
stored AcTd3c pot=39.5: bytes=327241424 disk=false workspace=1614911472
gpu: 432881 nodes, 13 levels, staging+arenas 1267.2 MB
stored Ac9h9d pot=39.5: bytes=544272736 disk=false workspace=1614911472
gpu: 432881 nodes, 13 levels, staging+arenas 1295.6 MB
GPU_STORAGE_MAP active=165920 missing_active=0 all_tree_missing=3430
stored Ac9d5c pot=39.5: bytes=331799104 disk=false workspace=1627420232
gpu: 432881 nodes, 13 levels, staging+arenas 1291.7 MB
GPU_STORAGE_MAP active=165920 missing_active=0 all_tree_missing=3430
stored Ac9c6c pot=39.5: bytes=156813096 disk=false workspace=1627420232
gpu: 432881 nodes, 13 levels, staging+arenas 1290.7 MB
stored Ac8d5h pot=39.5: bytes=553445872 disk=false workspace=1627420232
gpu: 432881 nodes, 13 levels, staging+arenas 1297.1 MB
GPU_STORAGE_MAP active=165920 missing_active=0 all_tree_missing=3430
stored Ac8c7c pot=39.5: bytes=157245088 disk=false workspace=1631330144
gpu: 432881 nodes, 13 levels, staging+arenas 1316.2 MB
GPU_STORAGE_MAP active=165920 missing_active=0 all_tree_missing=3430
stored Ac7d5c pot=39.5: bytes=337268320 disk=false workspace=1653481800
gpu: 432881 nodes, 13 levels, staging+arenas 1324.0 MB
GPU_STORAGE_MAP active=165920 missing_active=0 all_tree_missing=3430
stored Ac7c3d pot=39.5: bytes=339091392 disk=false workspace=1663124696
gpu: 432881 nodes, 13 levels, staging+arenas 1330.4 MB
GPU_STORAGE_MAP active=165920 missing_active=0 all_tree_missing=3430
stored Ac6d3c pot=39.5: bytes=340914464 disk=false workspace=1671334032
gpu: 432881 nodes, 13 levels, staging+arenas 1327.9 MB
stored Ac5d3h pot=39.5: bytes=570263288 disk=false workspace=1671334032
gpu: 432881 nodes, 13 levels, staging+arenas 1338.2 MB
GPU_STORAGE_MAP active=165920 missing_active=0 all_tree_missing=3430
stored Ac4d3c pot=39.5: bytes=342737536 disk=false workspace=1680976928
gpu: 432881 nodes, 13 levels, staging+arenas 1346.1 MB
GPU_STORAGE_MAP active=165920 missing_active=0 all_tree_missing=3430
stored Ac2d2c pot=39.5: bytes=344560608 disk=false workspace=1690619824
gpu: 432881 nodes, 13 levels, staging+arenas 1291.7 MB
stored KdKc4h pot=39.5: bytes=554974728 disk=false workspace=1690619824
gpu: 432881 nodes, 13 levels, staging+arenas 1277.9 MB
stored KcQd9h pot=39.5: bytes=547330448 disk=false workspace=1690619824
gpu: 432881 nodes, 13 levels, staging+arenas 1310.2 MB
stored KcQd5h pot=39.5: bytes=561090152 disk=false workspace=1690619824
gpu: 432881 nodes, 13 levels, staging+arenas 1259.8 MB
GPU_STORAGE_MAP active=165920 missing_active=0 all_tree_missing=3430
stored KcQcTd pot=39.5: bytes=321772208 disk=false workspace=1690619824
gpu: 432881 nodes, 13 levels, staging+arenas 1256.9 MB
GPU_STORAGE_MAP active=165920 missing_active=0 all_tree_missing=3430
stored KcJdTd pot=39.5: bytes=321772208 disk=false workspace=1690619824
gpu: 432881 nodes, 13 levels, staging+arenas 1302.0 MB
GPU_STORAGE_MAP active=165920 missing_active=0 all_tree_missing=3430
stored KcJd6d pot=39.5: bytes=333622176 disk=false workspace=1690619824
gpu: 432881 nodes, 13 levels, staging+arenas 1313.7 MB
GPU_STORAGE_MAP active=165920 missing_active=0 all_tree_missing=3430
stored KcJd2c pot=39.5: bytes=336356784 disk=false workspace=1690619824
gpu: 432881 nodes, 13 levels, staging+arenas 1276.1 MB
stored KcTd9h pot=39.5: bytes=548859304 disk=false workspace=1690619824
gpu: 432881 nodes, 13 levels, staging+arenas 1308.4 MB
GPU_STORAGE_MAP active=165920 missing_active=0 all_tree_missing=3430
stored KcTd5d pot=39.5: bytes=335445248 disk=false workspace=1690619824
gpu: 432881 nodes, 13 levels, staging+arenas 1300.6 MB
GPU_STORAGE_MAP active=165920 missing_active=0 all_tree_missing=3430
stored KcTc7d pot=39.5: bytes=333622176 disk=false workspace=1690619824
gpu: 432881 nodes, 13 levels, staging+arenas 1325.1 MB
GPU_STORAGE_MAP active=165920 missing_active=0 all_tree_missing=3430
stored Kc9d7d pot=39.5: bytes=340002928 disk=false workspace=1694007712
gpu: 432881 nodes, 13 levels, staging+arenas 1339.3 MB
GPU_STORAGE_MAP active=165920 missing_active=0 all_tree_missing=3430
stored Kc9d3d pot=39.5: bytes=343649072 disk=false workspace=1697395600
gpu: 432881 nodes, 13 levels, staging+arenas 1326.5 MB
stored Kc8d7h pot=39.5: bytes=570263288 disk=false workspace=1697395600
gpu: 432881 nodes, 13 levels, staging+arenas 1344.6 MB
stored Kc8d3h pot=39.5: bytes=577907568 disk=false workspace=1697395600
gpu: 432881 nodes, 13 levels, staging+arenas 1349.6 MB
stored Kc7h7d pot=39.5: bytes=580965280 disk=false workspace=1699871952
gpu: 432881 nodes, 13 levels, staging+arenas 1363.8 MB
GPU_STORAGE_MAP active=165920 missing_active=0 all_tree_missing=3430
stored Kc7d3c pot=39.5: bytes=350029824 disk=false workspace=1713814272
gpu: 432881 nodes, 13 levels, staging+arenas 1359.9 MB
GPU_STORAGE_MAP active=165920 missing_active=0 all_tree_missing=3430
stored Kc6d5c pot=39.5: bytes=349118288 disk=false workspace=1713814272
gpu: 432881 nodes, 13 levels, staging+arenas 1370.2 MB
GPU_STORAGE_MAP active=165920 missing_active=0 all_tree_missing=3430
stored Kc6c3d pot=39.5: bytes=351852896 disk=false workspace=1722023608
gpu: 432881 nodes, 13 levels, staging+arenas 1367.7 MB
GPU_STORAGE_MAP active=165920 missing_active=0 all_tree_missing=3430
stored Kc5c4d pot=39.5: bytes=350941360 disk=false workspace=1722023608
gpu: 432881 nodes, 13 levels, staging+arenas 1385.8 MB
stored Kc3h3d pot=39.5: bytes=596253840 disk=false workspace=1737663256
gpu: 432881 nodes, 13 levels, staging+arenas 1317.0 MB
GPU_STORAGE_MAP active=165920 missing_active=0 all_tree_missing=3430
stored QdQc8c pot=39.5: bytes=335445248 disk=false workspace=1737663256
gpu: 432881 nodes, 13 levels, staging+arenas 1274.0 MB
stored QcJdTh pot=39.5: bytes=545801592 disk=false workspace=1737663256
gpu: 432881 nodes, 13 levels, staging+arenas 1325.5 MB
GPU_STORAGE_MAP active=165920 missing_active=0 all_tree_missing=3430
stored QcJd6d pot=39.5: bytes=339091392 disk=false workspace=1737663256
gpu: 432881 nodes, 13 levels, staging+arenas 1337.2 MB
GPU_STORAGE_MAP active=165920 missing_active=0 all_tree_missing=3430
stored QcJd2d pot=39.5: bytes=341826000 disk=false workspace=1737663256
gpu: 432881 nodes, 13 levels, staging+arenas 1299.5 MB
stored QcTd9h pot=39.5: bytes=558032440 disk=false workspace=1737663256
gpu: 432881 nodes, 13 levels, staging+arenas 1331.9 MB
stored QcTd5h pot=39.5: bytes=571792144 disk=false workspace=1737663256
gpu: 432881 nodes, 13 levels, staging+arenas 1308.8 MB
GPU_STORAGE_MAP active=165920 missing_active=0 all_tree_missing=3430
stored QcTc8d pot=39.5: bytes=334533712 disk=false workspace=1737663256
gpu: 432881 nodes, 13 levels, staging+arenas 1348.5 MB
stored Qc9d7h pot=39.5: bytes=579436424 disk=false workspace=1737663256
gpu: 432881 nodes, 13 levels, staging+arenas 1366.7 MB
GPU_STORAGE_MAP active=165920 missing_active=0 all_tree_missing=3430
stored Qc9d3d pot=39.5: bytes=350029824 disk=false workspace=1738574792
gpu: 432881 nodes, 13 levels, staging+arenas 1345.0 MB
GPU_STORAGE_MAP active=165920 missing_active=0 all_tree_missing=3430
stored Qc8d8c pot=39.5: bytes=343649072 disk=false workspace=1738574792
gpu: 432881 nodes, 13 levels, staging+arenas 1368.1 MB
GPU_STORAGE_MAP active=165920 missing_active=0 all_tree_missing=3430
stored Qc8d4c pot=39.5: bytes=350029824 disk=false workspace=1739486328
gpu: 432881 nodes, 13 levels, staging+arenas 1376.9 MB
stored Qc7h7d pot=39.5: bytes=591667272 disk=false workspace=1739486328
gpu: 432881 nodes, 13 levels, staging+arenas 1391.2 MB
GPU_STORAGE_MAP active=165920 missing_active=0 all_tree_missing=3430
stored Qc7d3d pot=39.5: bytes=356410576 disk=false workspace=1750952296
gpu: 432881 nodes, 13 levels, staging+arenas 1391.2 MB
GPU_STORAGE_MAP active=165920 missing_active=0 all_tree_missing=3430
stored Qc6d5d pot=39.5: bytes=356410576 disk=false workspace=1750952296
gpu: 432881 nodes, 13 levels, staging+arenas 1397.5 MB
GPU_STORAGE_MAP active=165920 missing_active=0 all_tree_missing=3430
stored Qc6c3d pot=39.5: bytes=358233648 disk=false workspace=1755773744
gpu: 432881 nodes, 13 levels, staging+arenas 1399.0 MB
GPU_STORAGE_MAP active=165920 missing_active=0 all_tree_missing=3430
stored Qc5d2c pot=39.5: bytes=358233648 disk=false workspace=1760595192
gpu: 432881 nodes, 13 levels, staging+arenas 1405.4 MB
GPU_STORAGE_MAP active=165920 missing_active=0 all_tree_missing=3430
stored Qc4c2d pot=39.5: bytes=360056720 disk=false workspace=1765416640
gpu: 432881 nodes, 13 levels, staging+arenas 1318.7 MB
stored JdJc7h pot=39.5: bytes=567205576 disk=false workspace=1765416640
gpu: 432881 nodes, 13 levels, staging+arenas 1300.6 MB
GPU_STORAGE_MAP active=165920 missing_active=0 all_tree_missing=3430
stored JcTd9d pot=39.5: bytes=333622176 disk=false workspace=1765416640
gpu: 432881 nodes, 13 levels, staging+arenas 1329.0 MB
GPU_STORAGE_MAP active=165920 missing_active=0 all_tree_missing=3430
stored JcTd5c pot=39.5: bytes=340914464 disk=false workspace=1765416640
gpu: 432881 nodes, 13 levels, staging+arenas 1323.6 MB
GPU_STORAGE_MAP active=165920 missing_active=0 all_tree_missing=3430
stored JcTc7c pot=39.5: bytes=161133016 disk=false workspace=1765416640
gpu: 432881 nodes, 13 levels, staging+arenas 1341.8 MB
GPU_STORAGE_MAP active=165920 missing_active=0 all_tree_missing=3430
stored Jc9d7c pot=39.5: bytes=344560608 disk=false workspace=1765416640
gpu: 432881 nodes, 13 levels, staging+arenas 1359.9 MB
GPU_STORAGE_MAP active=165920 missing_active=0 all_tree_missing=3430
stored Jc9d3c pot=39.5: bytes=349118288 disk=false workspace=1765416640
gpu: 432881 nodes, 13 levels, staging+arenas 1347.1 MB
stored Jc8d7h pot=39.5: bytes=579436424 disk=false workspace=1765416640
gpu: 432881 nodes, 13 levels, staging+arenas 1365.2 MB
stored Jc8d3h pot=39.5: bytes=587080704 disk=false workspace=1765416640
gpu: 432881 nodes, 13 levels, staging+arenas 1370.2 MB
GPU_STORAGE_MAP active=165920 missing_active=0 all_tree_missing=3430
stored Jc7d7c pot=39.5: bytes=351852896 disk=false workspace=1765416640
gpu: 432881 nodes, 13 levels, staging+arenas 1384.4 MB
stored Jc7d2h pot=39.5: bytes=596253840 disk=false workspace=1767892992
gpu: 432881 nodes, 13 levels, staging+arenas 1386.9 MB
stored Jc6d4h pot=39.5: bytes=597782696 disk=false workspace=1770369344
gpu: 432881 nodes, 13 levels, staging+arenas 1390.8 MB
GPU_STORAGE_MAP active=165920 missing_active=0 all_tree_missing=3430
stored Jc6c2d pot=39.5: bytes=357322112 disk=false workspace=1772192416
gpu: 432881 nodes, 13 levels, staging+arenas 1392.2 MB
GPU_STORAGE_MAP active=165920 missing_active=0 all_tree_missing=3430
stored Jc5c3d pot=39.5: bytes=357322112 disk=false workspace=1772192416
gpu: 432881 nodes, 13 levels, staging+arenas 1406.4 MB
GPU_STORAGE_MAP active=165920 missing_active=0 all_tree_missing=3430
stored Jc3d3c pot=39.5: bytes=360968256 disk=false workspace=1772192416
gpu: 432881 nodes, 13 levels, staging+arenas 1336.4 MB
stored TdTc5h pot=39.5: bytes=576378712 disk=false workspace=1772192416
gpu: 432881 nodes, 13 levels, staging+arenas 1350.6 MB
GPU_STORAGE_MAP active=165920 missing_active=0 all_tree_missing=3430
stored Tc9d7d pot=39.5: bytes=347295216 disk=false workspace=1772192416
gpu: 432881 nodes, 13 levels, staging+arenas 1364.8 MB
GPU_STORAGE_MAP active=165920 missing_active=0 all_tree_missing=3430
stored Tc9d3c pot=39.5: bytes=350941360 disk=false workspace=1772192416
gpu: 432881 nodes, 13 levels, staging+arenas 1352.1 MB
stored Tc8d7h pot=39.5: bytes=582494136 disk=false workspace=1772192416
gpu: 432881 nodes, 13 levels, staging+arenas 1370.2 MB
stored Tc8d3h pot=39.5: bytes=590138416 disk=false workspace=1772192416
gpu: 432881 nodes, 13 levels, staging+arenas 1375.1 MB
GPU_STORAGE_MAP active=165920 missing_active=0 all_tree_missing=3430
stored Tc7d7c pot=39.5: bytes=353675968 disk=false workspace=1772192416
gpu: 432881 nodes, 13 levels, staging+arenas 1389.3 MB
GPU_STORAGE_MAP active=165920 missing_active=0 all_tree_missing=3430
stored Tc7d3c pot=39.5: bytes=357322112 disk=false workspace=1775580304
gpu: 432881 nodes, 13 levels, staging+arenas 1385.4 MB
GPU_STORAGE_MAP active=165920 missing_active=0 all_tree_missing=3430
stored Tc6d5c pot=39.5: bytes=356410576 disk=false workspace=1775580304
gpu: 432881 nodes, 13 levels, staging+arenas 1395.7 MB
GPU_STORAGE_MAP active=165920 missing_active=0 all_tree_missing=3430
stored Tc6c3c pot=39.5: bytes=170204848 disk=false workspace=1778056656
gpu: 432881 nodes, 13 levels, staging+arenas 1393.2 MB
GPU_STORAGE_MAP active=165920 missing_active=0 all_tree_missing=3430
stored Tc5c4d pot=39.5: bytes=358233648 disk=false workspace=1778056656
gpu: 432881 nodes, 13 levels, staging+arenas 1411.4 MB
stored Tc3h3d pot=39.5: bytes=608484688 disk=false workspace=1778056656
gpu: 432881 nodes, 13 levels, staging+arenas 1385.4 MB
GPU_STORAGE_MAP active=165920 missing_active=0 all_tree_missing=3430
stored 9d9c5c pot=39.5: bytes=356410576 disk=false workspace=1778056656
gpu: 432881 nodes, 13 levels, staging+arenas 1382.9 MB
GPU_STORAGE_MAP active=165920 missing_active=0 all_tree_missing=3430
stored 9c8d6c pot=39.5: bytes=355499040 disk=false workspace=1778056656
gpu: 432881 nodes, 13 levels, staging+arenas 1380.5 MB
GPU_STORAGE_MAP active=165920 missing_active=0 all_tree_missing=3430
stored 9c8c7d pot=39.5: bytes=354587504 disk=false workspace=1778056656
gpu: 432881 nodes, 13 levels, staging+arenas 1403.5 MB
GPU_STORAGE_MAP active=165920 missing_active=0 all_tree_missing=3430
stored 9c7d5d pot=39.5: bytes=360968256 disk=false workspace=1778968192
gpu: 432881 nodes, 13 levels, staging+arenas 1413.8 MB
GPU_STORAGE_MAP active=165920 missing_active=0 all_tree_missing=3430
stored 9c7c4d pot=39.5: bytes=363702864 disk=false workspace=1782356080
gpu: 432881 nodes, 13 levels, staging+arenas 1420.2 MB
GPU_STORAGE_MAP active=165920 missing_active=0 all_tree_missing=3430
stored 9c6d3c pot=39.5: bytes=365525936 disk=false workspace=1785743968
gpu: 432881 nodes, 13 levels, staging+arenas 1421.7 MB
stored 9c5d3h pot=39.5: bytes=613071256 disk=false workspace=1789653880
gpu: 432881 nodes, 13 levels, staging+arenas 1428.0 MB
GPU_STORAGE_MAP active=165920 missing_active=0 all_tree_missing=3430
stored 9c4d3d pot=39.5: bytes=367349008 disk=false workspace=1795386864
gpu: 432881 nodes, 13 levels, staging+arenas 1435.9 MB
GPU_STORAGE_MAP active=165920 missing_active=0 all_tree_missing=3430
stored 9c2d2c pot=39.5: bytes=369172080 disk=false workspace=1805029760
gpu: 432881 nodes, 13 levels, staging+arenas 1407.4 MB
stored 8c7d6h pot=39.5: bytes=606955832 disk=false workspace=1805029760
gpu: 432881 nodes, 13 levels, staging+arenas 1419.2 MB
stored 8c7d2h pot=39.5: bytes=611542400 disk=false workspace=1805029760
gpu: 432881 nodes, 13 levels, staging+arenas 1421.7 MB
stored 8c6d4h pot=39.5: bytes=613071256 disk=false workspace=1805029760
gpu: 432881 nodes, 13 levels, staging+arenas 1420.6 MB
stored 8c5h5d pot=39.5: bytes=611542400 disk=false workspace=1805029760
gpu: 432881 nodes, 13 levels, staging+arenas 1427.0 MB
GPU_STORAGE_MAP active=165920 missing_active=0 all_tree_missing=3430
stored 8c5c2d pot=39.5: bytes=366437472 disk=false workspace=1805029760
gpu: 432881 nodes, 13 levels, staging+arenas 1437.3 MB
stored 8c3d2h pot=39.5: bytes=619186680 disk=false workspace=1808939672
gpu: 432881 nodes, 13 levels, staging+arenas 1442.2 MB
GPU_STORAGE_MAP active=165920 missing_active=0 all_tree_missing=3430
stored 7d7c2c pot=39.5: bytes=370995152 disk=false workspace=1813239096
gpu: 432881 nodes, 13 levels, staging+arenas 1444.7 MB
stored 7c6d2h pot=39.5: bytes=623773248 disk=false workspace=1815715448
gpu: 432881 nodes, 13 levels, staging+arenas 1446.2 MB
GPU_STORAGE_MAP active=165920 missing_active=0 all_tree_missing=3430
stored 7c5d3c pot=39.5: bytes=371906688 disk=false workspace=1820536896
gpu: 432881 nodes, 13 levels, staging+arenas 1452.5 MB
stored 7c4d2h pot=39.5: bytes=626830960 disk=false workspace=1824446808
gpu: 432881 nodes, 13 levels, staging+arenas 1448.6 MB
GPU_STORAGE_MAP active=165920 missing_active=0 all_tree_missing=3430
stored 6d6c5c pot=39.5: bytes=372818224 disk=false workspace=1825358344
gpu: 432881 nodes, 13 levels, staging+arenas 1452.5 MB
stored 6c5d2h pot=39.5: bytes=626830960 disk=false workspace=1825358344
gpu: 432881 nodes, 13 levels, staging+arenas 1458.9 MB
GPU_STORAGE_MAP active=165920 missing_active=0 all_tree_missing=3430
stored 6c4d2d pot=39.5: bytes=375552832 disk=false workspace=1834479216
gpu: 432881 nodes, 13 levels, staging+arenas 1457.9 MB
stored 5d5c3h pot=39.5: bytes=628359816 disk=false workspace=1838389128
gpu: 432881 nodes, 13 levels, staging+arenas 1468.2 MB
stored 5c3h3d pot=39.5: bytes=632946384 disk=false workspace=1846208952
gpu: 432881 nodes, 13 levels, staging+arenas 1470.7 MB
stored 4c3d2h pot=39.5: bytes=634475240 disk=false workspace=1846208952
gpu: 143389 nodes, 11 levels, staging+arenas 376.6 MB
GPU_STORAGE_MAP active=52436 missing_active=0 all_tree_missing=1078
stored AdAcJc pot=93.5: bytes=85539840 disk=false workspace=1846208952
gpu: 143389 nodes, 11 levels, staging+arenas 398.1 MB
GPU_STORAGE_MAP active=52436 missing_active=0 all_tree_missing=1078
stored AdAc3c pot=93.5: bytes=90618768 disk=false workspace=1846208952
gpu: 143389 nodes, 11 levels, staging+arenas 398.4 MB
stored AcKd9h pot=93.5: bytes=152224800 disk=false workspace=1846208952
gpu: 143389 nodes, 11 levels, staging+arenas 407.7 MB
stored AcKd5h pot=93.5: bytes=155806560 disk=false workspace=1846208952
gpu: 143389 nodes, 11 levels, staging+arenas 393.9 MB
GPU_STORAGE_MAP active=52436 missing_active=0 all_tree_missing=1078
stored AcKcQc pot=93.5: bytes=42550360 disk=false workspace=1846208952
gpu: 143389 nodes, 11 levels, staging+arenas 397.8 MB
stored AcQdJh pot=93.5: bytes=151329360 disk=false workspace=1846208952
gpu: 143389 nodes, 11 levels, staging+arenas 414.2 MB
stored AcQd7h pot=93.5: bytes=158045160 disk=false workspace=1846208952
gpu: 143389 nodes, 11 levels, staging+arenas 420.1 MB
stored AcQd3h pot=93.5: bytes=160283760 disk=false workspace=1846208952
gpu: 143389 nodes, 11 levels, staging+arenas 418.8 MB
GPU_STORAGE_MAP active=52436 missing_active=0 all_tree_missing=1078
stored AcQc4d pot=93.5: bytes=95430384 disk=false workspace=1846208952
gpu: 143389 nodes, 11 levels, staging+arenas 406.1 MB
GPU_STORAGE_MAP active=52436 missing_active=0 all_tree_missing=1078
stored AcJd8c pot=93.5: bytes=92489952 disk=false workspace=1846208952
gpu: 143389 nodes, 11 levels, staging+arenas 417.0 MB
GPU_STORAGE_MAP active=52436 missing_active=0 all_tree_missing=1078
stored AcJd4c pot=93.5: bytes=95163072 disk=false workspace=1846208952
gpu: 143389 nodes, 11 levels, staging+arenas 416.5 MB
GPU_STORAGE_MAP active=52436 missing_active=0 all_tree_missing=1078
stored AcJc4d pot=93.5: bytes=95163072 disk=false workspace=1846208952
gpu: 143389 nodes, 11 levels, staging+arenas 412.7 MB
GPU_STORAGE_MAP active=52436 missing_active=0 all_tree_missing=1078
stored AcTd7d pot=93.5: bytes=94361136 disk=false workspace=1846208952
gpu: 143389 nodes, 11 levels, staging+arenas 419.9 MB
GPU_STORAGE_MAP active=52436 missing_active=0 all_tree_missing=1078
stored AcTd3c pot=93.5: bytes=95965008 disk=false workspace=1846208952
gpu: 143389 nodes, 11 levels, staging+arenas 416.0 MB
stored Ac9h9d pot=93.5: bytes=159388320 disk=false workspace=1846208952
gpu: 143389 nodes, 11 levels, staging+arenas 425.4 MB
GPU_STORAGE_MAP active=52436 missing_active=0 all_tree_missing=1078
stored Ac9d5c pot=93.5: bytes=97301568 disk=false workspace=1846208952
gpu: 143389 nodes, 11 levels, staging+arenas 424.1 MB
GPU_STORAGE_MAP active=52436 missing_active=0 all_tree_missing=1078
stored Ac9c6c pot=93.5: bytes=46106808 disk=false workspace=1846208952
gpu: 143389 nodes, 11 levels, staging+arenas 423.8 MB
stored Ac8d5h pot=93.5: bytes=162074640 disk=false workspace=1846208952
gpu: 143389 nodes, 11 levels, staging+arenas 425.9 MB
GPU_STORAGE_MAP active=52436 missing_active=0 all_tree_missing=1078
stored Ac8c7c pot=93.5: bytes=46233824 disk=false workspace=1846208952
gpu: 143389 nodes, 11 levels, staging+arenas 432.1 MB
GPU_STORAGE_MAP active=52436 missing_active=0 all_tree_missing=1078
stored Ac7d5c pot=93.5: bytes=98905440 disk=false workspace=1846208952
gpu: 143389 nodes, 11 levels, staging+arenas 434.7 MB
GPU_STORAGE_MAP active=52436 missing_active=0 all_tree_missing=1078
stored Ac7c3d pot=93.5: bytes=99440064 disk=false workspace=1846208952
gpu: 143389 nodes, 11 levels, staging+arenas 436.8 MB
GPU_STORAGE_MAP active=52436 missing_active=0 all_tree_missing=1078
stored Ac6d3c pot=93.5: bytes=99974688 disk=false workspace=1846208952
gpu: 143389 nodes, 11 levels, staging+arenas 436.0 MB
stored Ac5d3h pot=93.5: bytes=166999560 disk=false workspace=1846208952
gpu: 143389 nodes, 11 levels, staging+arenas 439.3 MB
GPU_STORAGE_MAP active=52436 missing_active=0 all_tree_missing=1078
stored Ac4d3c pot=93.5: bytes=100509312 disk=false workspace=1846208952
gpu: 143389 nodes, 11 levels, staging+arenas 441.9 MB
GPU_STORAGE_MAP active=52436 missing_active=0 all_tree_missing=1078
stored Ac2d2c pot=93.5: bytes=101043936 disk=false workspace=1846208952
gpu: 143389 nodes, 11 levels, staging+arenas 424.1 MB
stored KdKc4h pot=93.5: bytes=162522360 disk=false workspace=1846208952
gpu: 143389 nodes, 11 levels, staging+arenas 419.6 MB
stored KcQd9h pot=93.5: bytes=160283760 disk=false workspace=1846208952
gpu: 143389 nodes, 11 levels, staging+arenas 430.2 MB
stored KcQd5h pot=93.5: bytes=164313240 disk=false workspace=1846208952
gpu: 143389 nodes, 11 levels, staging+arenas 413.7 MB
GPU_STORAGE_MAP active=52436 missing_active=0 all_tree_missing=1078
stored KcQcTd pot=93.5: bytes=94361136 disk=false workspace=1846208952
gpu: 143389 nodes, 11 levels, staging+arenas 412.7 MB
GPU_STORAGE_MAP active=52436 missing_active=0 all_tree_missing=1078
stored KcJdTd pot=93.5: bytes=94361136 disk=false workspace=1846208952
gpu: 143389 nodes, 11 levels, staging+arenas 427.4 MB
GPU_STORAGE_MAP active=52436 missing_active=0 all_tree_missing=1078
stored KcJd6d pot=93.5: bytes=97836192 disk=false workspace=1846208952
gpu: 143389 nodes, 11 levels, staging+arenas 431.3 MB
GPU_STORAGE_MAP active=52436 missing_active=0 all_tree_missing=1078
stored KcJd2c pot=93.5: bytes=98638128 disk=false workspace=1846208952
gpu: 143389 nodes, 11 levels, staging+arenas 418.9 MB
stored KcTd9h pot=93.5: bytes=160731480 disk=false workspace=1846208952
gpu: 143389 nodes, 11 levels, staging+arenas 429.5 MB
GPU_STORAGE_MAP active=52436 missing_active=0 all_tree_missing=1078
stored KcTd5d pot=93.5: bytes=98370816 disk=false workspace=1846208952
gpu: 143389 nodes, 11 levels, staging+arenas 426.9 MB
GPU_STORAGE_MAP active=52436 missing_active=0 all_tree_missing=1078
stored KcTc7d pot=93.5: bytes=97836192 disk=false workspace=1846208952
gpu: 143389 nodes, 11 levels, staging+arenas 435.0 MB
GPU_STORAGE_MAP active=52436 missing_active=0 all_tree_missing=1078
stored Kc9d7d pot=93.5: bytes=99707376 disk=false workspace=1846208952
gpu: 143389 nodes, 11 levels, staging+arenas 439.6 MB
GPU_STORAGE_MAP active=52436 missing_active=0 all_tree_missing=1078
stored Kc9d3d pot=93.5: bytes=100776624 disk=false workspace=1846208952
gpu: 143389 nodes, 11 levels, staging+arenas 435.5 MB
stored Kc8d7h pot=93.5: bytes=166999560 disk=false workspace=1846208952
gpu: 143389 nodes, 11 levels, staging+arenas 441.4 MB
stored Kc8d3h pot=93.5: bytes=169238160 disk=false workspace=1846208952
gpu: 143389 nodes, 11 levels, staging+arenas 443.0 MB
stored Kc7h7d pot=93.5: bytes=170133600 disk=false workspace=1846208952
gpu: 143389 nodes, 11 levels, staging+arenas 447.7 MB
GPU_STORAGE_MAP active=52436 missing_active=0 all_tree_missing=1078
stored Kc7d3c pot=93.5: bytes=102647808 disk=false workspace=1846208952
gpu: 143389 nodes, 11 levels, staging+arenas 446.4 MB
GPU_STORAGE_MAP active=52436 missing_active=0 all_tree_missing=1078
stored Kc6d5c pot=93.5: bytes=102380496 disk=false workspace=1846208952
gpu: 143389 nodes, 11 levels, staging+arenas 449.8 MB
GPU_STORAGE_MAP active=52436 missing_active=0 all_tree_missing=1078
stored Kc6c3d pot=93.5: bytes=103182432 disk=false workspace=1846208952
gpu: 143389 nodes, 11 levels, staging+arenas 449.0 MB
GPU_STORAGE_MAP active=52436 missing_active=0 all_tree_missing=1078
stored Kc5c4d pot=93.5: bytes=102915120 disk=false workspace=1846208952
gpu: 143389 nodes, 11 levels, staging+arenas 454.9 MB
stored Kc3h3d pot=93.5: bytes=174610800 disk=false workspace=1846208952
gpu: 143389 nodes, 11 levels, staging+arenas 432.5 MB
GPU_STORAGE_MAP active=52436 missing_active=0 all_tree_missing=1078
stored QdQc8c pot=93.5: bytes=98370816 disk=false workspace=1846208952
gpu: 143389 nodes, 11 levels, staging+arenas 418.3 MB
stored QcJdTh pot=93.5: bytes=159836040 disk=false workspace=1846208952
gpu: 143389 nodes, 11 levels, staging+arenas 435.2 MB
GPU_STORAGE_MAP active=52436 missing_active=0 all_tree_missing=1078
stored QcJd6d pot=93.5: bytes=99440064 disk=false workspace=1846208952
gpu: 143389 nodes, 11 levels, staging+arenas 439.1 MB
GPU_STORAGE_MAP active=52436 missing_active=0 all_tree_missing=1078
stored QcJd2d pot=93.5: bytes=100242000 disk=false workspace=1846208952
gpu: 143389 nodes, 11 levels, staging+arenas 426.6 MB
stored QcTd9h pot=93.5: bytes=163417800 disk=false workspace=1846208952
gpu: 143389 nodes, 11 levels, staging+arenas 437.3 MB
stored QcTd5h pot=93.5: bytes=167447280 disk=false workspace=1846208952
gpu: 143389 nodes, 11 levels, staging+arenas 429.7 MB
GPU_STORAGE_MAP active=52436 missing_active=0 all_tree_missing=1078
stored QcTc8d pot=93.5: bytes=98103504 disk=false workspace=1846208952
gpu: 143389 nodes, 11 levels, staging+arenas 442.7 MB
stored Qc9d7h pot=93.5: bytes=169685880 disk=false workspace=1846208952
gpu: 143389 nodes, 11 levels, staging+arenas 448.7 MB
GPU_STORAGE_MAP active=52436 missing_active=0 all_tree_missing=1078
stored Qc9d3d pot=93.5: bytes=102647808 disk=false workspace=1846208952
gpu: 143389 nodes, 11 levels, staging+arenas 441.6 MB
GPU_STORAGE_MAP active=52436 missing_active=0 all_tree_missing=1078
stored Qc8d8c pot=93.5: bytes=100776624 disk=false workspace=1846208952
gpu: 143389 nodes, 11 levels, staging+arenas 449.2 MB
GPU_STORAGE_MAP active=52436 missing_active=0 all_tree_missing=1078
stored Qc8d4c pot=93.5: bytes=102647808 disk=false workspace=1846208952
gpu: 143389 nodes, 11 levels, staging+arenas 452.0 MB
stored Qc7h7d pot=93.5: bytes=173267640 disk=false workspace=1846208952
gpu: 143389 nodes, 11 levels, staging+arenas 456.7 MB
GPU_STORAGE_MAP active=52436 missing_active=0 all_tree_missing=1078
stored Qc7d3d pot=93.5: bytes=104518992 disk=false workspace=1846208952
gpu: 143389 nodes, 11 levels, staging+arenas 456.7 MB
GPU_STORAGE_MAP active=52436 missing_active=0 all_tree_missing=1078
stored Qc6d5d pot=93.5: bytes=104518992 disk=false workspace=1846208952
gpu: 143389 nodes, 11 levels, staging+arenas 458.8 MB
GPU_STORAGE_MAP active=52436 missing_active=0 all_tree_missing=1078
stored Qc6c3d pot=93.5: bytes=105053616 disk=false workspace=1846208952
gpu: 143389 nodes, 11 levels, staging+arenas 459.3 MB
GPU_STORAGE_MAP active=52436 missing_active=0 all_tree_missing=1078
stored Qc5d2c pot=93.5: bytes=105053616 disk=false workspace=1846208952
gpu: 143389 nodes, 11 levels, staging+arenas 461.4 MB
GPU_STORAGE_MAP active=52436 missing_active=0 all_tree_missing=1078
stored Qc4c2d pot=93.5: bytes=105588240 disk=false workspace=1846208952
gpu: 143389 nodes, 11 levels, staging+arenas 432.9 MB
stored JdJc7h pot=93.5: bytes=166104120 disk=false workspace=1846208952
gpu: 143389 nodes, 11 levels, staging+arenas 426.9 MB
GPU_STORAGE_MAP active=52436 missing_active=0 all_tree_missing=1078
stored JcTd9d pot=93.5: bytes=97836192 disk=false workspace=1846208952
gpu: 143389 nodes, 11 levels, staging+arenas 436.3 MB
GPU_STORAGE_MAP active=52436 missing_active=0 all_tree_missing=1078
stored JcTd5c pot=93.5: bytes=99974688 disk=false workspace=1846208952
gpu: 143389 nodes, 11 levels, staging+arenas 434.5 MB
GPU_STORAGE_MAP active=52436 missing_active=0 all_tree_missing=1078
stored JcTc7c pot=93.5: bytes=47376968 disk=false workspace=1846208952
gpu: 143389 nodes, 11 levels, staging+arenas 440.4 MB
GPU_STORAGE_MAP active=52436 missing_active=0 all_tree_missing=1078
stored Jc9d7c pot=93.5: bytes=101043936 disk=false workspace=1846208952
gpu: 143389 nodes, 11 levels, staging+arenas 446.4 MB
GPU_STORAGE_MAP active=52436 missing_active=0 all_tree_missing=1078
stored Jc9d3c pot=93.5: bytes=102380496 disk=false workspace=1846208952
gpu: 143389 nodes, 11 levels, staging+arenas 442.2 MB
stored Jc8d7h pot=93.5: bytes=169685880 disk=false workspace=1846208952
gpu: 143389 nodes, 11 levels, staging+arenas 448.2 MB
stored Jc8d3h pot=93.5: bytes=171924480 disk=false workspace=1846208952
gpu: 143389 nodes, 11 levels, staging+arenas 449.8 MB
GPU_STORAGE_MAP active=52436 missing_active=0 all_tree_missing=1078
stored Jc7d7c pot=93.5: bytes=103182432 disk=false workspace=1846208952
gpu: 143389 nodes, 11 levels, staging+arenas 454.4 MB
stored Jc7d2h pot=93.5: bytes=174610800 disk=false workspace=1846208952
gpu: 143389 nodes, 11 levels, staging+arenas 455.2 MB
stored Jc6d4h pot=93.5: bytes=175058520 disk=false workspace=1846208952
gpu: 143389 nodes, 11 levels, staging+arenas 456.5 MB
GPU_STORAGE_MAP active=52436 missing_active=0 all_tree_missing=1078
stored Jc6c2d pot=93.5: bytes=104786304 disk=false workspace=1846208952
gpu: 143389 nodes, 11 levels, staging+arenas 457.0 MB
GPU_STORAGE_MAP active=52436 missing_active=0 all_tree_missing=1078
stored Jc5c3d pot=93.5: bytes=104786304 disk=false workspace=1846208952
gpu: 143389 nodes, 11 levels, staging+arenas 461.7 MB
GPU_STORAGE_MAP active=52436 missing_active=0 all_tree_missing=1078
stored Jc3d3c pot=93.5: bytes=105855552 disk=false workspace=1846208952
gpu: 143389 nodes, 11 levels, staging+arenas 438.6 MB
stored TdTc5h pot=93.5: bytes=168790440 disk=false workspace=1846208952
gpu: 143389 nodes, 11 levels, staging+arenas 443.3 MB
GPU_STORAGE_MAP active=52436 missing_active=0 all_tree_missing=1078
stored Tc9d7d pot=93.5: bytes=101845872 disk=false workspace=1846208952
gpu: 143389 nodes, 11 levels, staging+arenas 448.0 MB
GPU_STORAGE_MAP active=52436 missing_active=0 all_tree_missing=1078
stored Tc9d3c pot=93.5: bytes=102915120 disk=false workspace=1846208952
gpu: 143389 nodes, 11 levels, staging+arenas 443.8 MB
stored Tc8d7h pot=93.5: bytes=170581320 disk=false workspace=1846208952
gpu: 143389 nodes, 11 levels, staging+arenas 449.8 MB
stored Tc8d3h pot=93.5: bytes=172819920 disk=false workspace=1846208952
gpu: 143389 nodes, 11 levels, staging+arenas 451.3 MB
GPU_STORAGE_MAP active=52436 missing_active=0 all_tree_missing=1078
stored Tc7d7c pot=93.5: bytes=103717056 disk=false workspace=1846208952
gpu: 143389 nodes, 11 levels, staging+arenas 456.0 MB
GPU_STORAGE_MAP active=52436 missing_active=0 all_tree_missing=1078
stored Tc7d3c pot=93.5: bytes=104786304 disk=false workspace=1846208952
gpu: 143389 nodes, 11 levels, staging+arenas 454.7 MB
GPU_STORAGE_MAP active=52436 missing_active=0 all_tree_missing=1078
stored Tc6d5c pot=93.5: bytes=104518992 disk=false workspace=1846208952
gpu: 143389 nodes, 11 levels, staging+arenas 458.1 MB
GPU_STORAGE_MAP active=52436 missing_active=0 all_tree_missing=1078
stored Tc6c3c pot=93.5: bytes=50044304 disk=false workspace=1846208952
gpu: 143389 nodes, 11 levels, staging+arenas 457.3 MB
GPU_STORAGE_MAP active=52436 missing_active=0 all_tree_missing=1078
stored Tc5c4d pot=93.5: bytes=105053616 disk=false workspace=1846208952
gpu: 143389 nodes, 11 levels, staging+arenas 463.2 MB
stored Tc3h3d pot=93.5: bytes=178192560 disk=false workspace=1846208952
gpu: 143389 nodes, 11 levels, staging+arenas 454.7 MB
GPU_STORAGE_MAP active=52436 missing_active=0 all_tree_missing=1078
stored 9d9c5c pot=93.5: bytes=104518992 disk=false workspace=1846208952
gpu: 143389 nodes, 11 levels, staging+arenas 453.9 MB
GPU_STORAGE_MAP active=52436 missing_active=0 all_tree_missing=1078
stored 9c8d6c pot=93.5: bytes=104251680 disk=false workspace=1846208952
gpu: 143389 nodes, 11 levels, staging+arenas 453.1 MB
GPU_STORAGE_MAP active=52436 missing_active=0 all_tree_missing=1078
stored 9c8c7d pot=93.5: bytes=103984368 disk=false workspace=1846208952
gpu: 143389 nodes, 11 levels, staging+arenas 460.7 MB
GPU_STORAGE_MAP active=52436 missing_active=0 all_tree_missing=1078
stored 9c7d5d pot=93.5: bytes=105855552 disk=false workspace=1846208952
gpu: 143389 nodes, 11 levels, staging+arenas 464.0 MB
GPU_STORAGE_MAP active=52436 missing_active=0 all_tree_missing=1078
stored 9c7c4d pot=93.5: bytes=106657488 disk=false workspace=1846208952
gpu: 143389 nodes, 11 levels, staging+arenas 466.1 MB
GPU_STORAGE_MAP active=52436 missing_active=0 all_tree_missing=1078
stored 9c6d3c pot=93.5: bytes=107192112 disk=false workspace=1846208952
gpu: 143389 nodes, 11 levels, staging+arenas 466.6 MB
stored 9c5d3h pot=93.5: bytes=179535720 disk=false workspace=1846208952
gpu: 143389 nodes, 11 levels, staging+arenas 468.7 MB
GPU_STORAGE_MAP active=52436 missing_active=0 all_tree_missing=1078
stored 9c4d3d pot=93.5: bytes=107726736 disk=false workspace=1846208952
gpu: 143389 nodes, 11 levels, staging+arenas 471.3 MB
GPU_STORAGE_MAP active=52436 missing_active=0 all_tree_missing=1078
stored 9c2d2c pot=93.5: bytes=108261360 disk=false workspace=1846208952
gpu: 143389 nodes, 11 levels, staging+arenas 462.0 MB
stored 8c7d6h pot=93.5: bytes=177744840 disk=false workspace=1846208952
gpu: 143389 nodes, 11 levels, staging+arenas 465.8 MB
stored 8c7d2h pot=93.5: bytes=179088000 disk=false workspace=1846208952
gpu: 143389 nodes, 11 levels, staging+arenas 466.6 MB
stored 8c6d4h pot=93.5: bytes=179535720 disk=false workspace=1846208952
gpu: 143389 nodes, 11 levels, staging+arenas 466.3 MB
stored 8c5h5d pot=93.5: bytes=179088000 disk=false workspace=1846208952
gpu: 143389 nodes, 11 levels, staging+arenas 468.4 MB
GPU_STORAGE_MAP active=52436 missing_active=0 all_tree_missing=1078
stored 8c5c2d pot=93.5: bytes=107459424 disk=false workspace=1846208952
gpu: 143389 nodes, 11 levels, staging+arenas 471.8 MB
stored 8c3d2h pot=93.5: bytes=181326600 disk=false workspace=1846208952
gpu: 143389 nodes, 11 levels, staging+arenas 473.4 MB
GPU_STORAGE_MAP active=52436 missing_active=0 all_tree_missing=1078
stored 7d7c2c pot=93.5: bytes=108795984 disk=false workspace=1846208952
gpu: 143389 nodes, 11 levels, staging+arenas 474.1 MB
stored 7c6d2h pot=93.5: bytes=182669760 disk=false workspace=1846208952
gpu: 143389 nodes, 11 levels, staging+arenas 474.6 MB
GPU_STORAGE_MAP active=52436 missing_active=0 all_tree_missing=1078
stored 7c5d3c pot=93.5: bytes=109063296 disk=false workspace=1846208952
gpu: 143389 nodes, 11 levels, staging+arenas 476.7 MB
stored 7c4d2h pot=93.5: bytes=183565200 disk=false workspace=1846208952
gpu: 143389 nodes, 11 levels, staging+arenas 475.4 MB
GPU_STORAGE_MAP active=52436 missing_active=0 all_tree_missing=1078
stored 6d6c5c pot=93.5: bytes=109330608 disk=false workspace=1846208952
gpu: 143389 nodes, 11 levels, staging+arenas 476.7 MB
stored 6c5d2h pot=93.5: bytes=183565200 disk=false workspace=1846208952
gpu: 143389 nodes, 11 levels, staging+arenas 478.8 MB
GPU_STORAGE_MAP active=52436 missing_active=0 all_tree_missing=1078
stored 6c4d2d pot=93.5: bytes=110132544 disk=false workspace=1846208952
gpu: 143389 nodes, 11 levels, staging+arenas 478.5 MB
stored 5d5c3h pot=93.5: bytes=184012920 disk=false workspace=1846208952
gpu: 143389 nodes, 11 levels, staging+arenas 481.9 MB
stored 5c3h3d pot=93.5: bytes=185356080 disk=false workspace=1846208952
gpu: 143389 nodes, 11 levels, staging+arenas 482.7 MB
stored 4c3d2h pot=93.5: bytes=185803800 disk=false workspace=1846208952
STUDY_CHECKPOINT {"iteration":1000,"payload_bytes":61718644664,"restored":"S:\\GTOpen-research\\strategic-segments-v1\\strategic-equal112-1000-v1\\final"}
STUDY_PHASE {"elapsed_seconds":192.1015681,"phase":"construction_complete"}
planned_strategy_writes=0
STUDY_PHASE {"elapsed_seconds":192.1020501,"iteration":1000,"iteration_seconds":0.0,"phase":"iteration_complete","training_seconds":0.0}
STUDY_PHASE {"elapsed_seconds":192.1020609,"iteration":1000,"phase":"evaluation_start"}
STUDY_PHASE {"elapsed_seconds":460.3925174,"evaluation_seconds":268.2904501,"iteration":1000,"phase":"evaluation_complete"}
1000 gap=0.014995970617692755 elapsed=460.4
STUDY_PHASE {"elapsed_seconds":487.8656928,"iteration":1001,"iteration_seconds":27.4607369,"phase":"iteration_complete","training_seconds":27.4607369}
STUDY_PHASE {"elapsed_seconds":515.713096,"iteration":1002,"iteration_seconds":27.8471154,"phase":"iteration_complete","training_seconds":55.3078523}
STUDY_PHASE {"elapsed_seconds":543.6138875,"iteration":1003,"iteration_seconds":27.9007532,"phase":"iteration_complete","training_seconds":83.2086055}
STUDY_PHASE {"elapsed_seconds":573.294879,"iteration":1004,"iteration_seconds":29.6809475,"phase":"iteration_complete","training_seconds":112.889553}
STUDY_PHASE {"elapsed_seconds":600.6630773,"iteration":1005,"iteration_seconds":27.3681593,"phase":"iteration_complete","training_seconds":140.2577123}
STUDY_PHASE {"elapsed_seconds":628.6570716,"iteration":1006,"iteration_seconds":27.9939507,"phase":"iteration_complete","training_seconds":168.251663}
STUDY_PHASE {"elapsed_seconds":657.5095524,"iteration":1007,"iteration_seconds":28.8524326,"phase":"iteration_complete","training_seconds":197.1040956}
STUDY_PHASE {"elapsed_seconds":685.2952548,"iteration":1008,"iteration_seconds":27.7856608,"phase":"iteration_complete","training_seconds":224.88975639999998}
STUDY_PHASE {"elapsed_seconds":713.3019311,"iteration":1009,"iteration_seconds":28.0066348,"phase":"iteration_complete","training_seconds":252.89639119999998}
STUDY_PHASE {"elapsed_seconds":742.635943,"iteration":1010,"iteration_seconds":29.3339715,"phase":"iteration_complete","training_seconds":282.2303627}
STUDY_PHASE {"elapsed_seconds":772.7652732,"iteration":1011,"iteration_seconds":30.1292865,"phase":"iteration_complete","training_seconds":312.3596492}
STUDY_PHASE {"elapsed_seconds":800.7799725,"iteration":1012,"iteration_seconds":28.0146577,"phase":"iteration_complete","training_seconds":340.37430689999997}
STUDY_PHASE {"elapsed_seconds":831.0391714,"iteration":1013,"iteration_seconds":30.2591552,"phase":"iteration_complete","training_seconds":370.6334621}
STUDY_PHASE {"elapsed_seconds":858.590142,"iteration":1014,"iteration_seconds":27.550926,"phase":"iteration_complete","training_seconds":398.1843881}
STUDY_PHASE {"elapsed_seconds":884.3189271,"iteration":1015,"iteration_seconds":25.7287494,"phase":"iteration_complete","training_seconds":423.9131375}
STUDY_PHASE {"elapsed_seconds":911.2083988,"iteration":1016,"iteration_seconds":26.8894243,"phase":"iteration_complete","training_seconds":450.80256180000003}
STUDY_PHASE {"elapsed_seconds":937.6411874,"iteration":1017,"iteration_seconds":26.4327395,"phase":"iteration_complete","training_seconds":477.23530130000006}
STUDY_PHASE {"elapsed_seconds":963.6320491,"iteration":1018,"iteration_seconds":25.990819600000002,"phase":"iteration_complete","training_seconds":503.22612090000007}
STUDY_PHASE {"elapsed_seconds":989.5514715,"iteration":1019,"iteration_seconds":25.9193765,"phase":"iteration_complete","training_seconds":529.1454974000001}
STUDY_PHASE {"elapsed_seconds":1017.5650597,"iteration":1020,"iteration_seconds":28.0135464,"phase":"iteration_complete","training_seconds":557.1590438000001}
STUDY_PHASE {"elapsed_seconds":1044.0846348,"iteration":1021,"iteration_seconds":26.5195293,"phase":"iteration_complete","training_seconds":583.6785731000001}
STUDY_PHASE {"elapsed_seconds":1068.6136323,"iteration":1022,"iteration_seconds":24.5289588,"phase":"iteration_complete","training_seconds":608.2075319000002}
STUDY_PHASE {"elapsed_seconds":1092.2565503,"iteration":1023,"iteration_seconds":23.6428805,"phase":"iteration_complete","training_seconds":631.8504124000002}
STUDY_PHASE {"elapsed_seconds":1118.0596482,"iteration":1024,"iteration_seconds":25.8030604,"phase":"iteration_complete","training_seconds":657.6534728000003}
STUDY_PHASE {"elapsed_seconds":1142.4058157,"iteration":1025,"iteration_seconds":24.3461354,"phase":"iteration_complete","training_seconds":681.9996082000002}
STUDY_PHASE {"elapsed_seconds":1165.913488,"iteration":1026,"iteration_seconds":23.5076408,"phase":"iteration_complete","training_seconds":705.5072490000002}
STUDY_PHASE {"elapsed_seconds":1189.4235305,"iteration":1027,"iteration_seconds":23.510007,"phase":"iteration_complete","training_seconds":729.0172560000002}
STUDY_PHASE {"elapsed_seconds":1213.7267295,"iteration":1028,"iteration_seconds":24.3031617,"phase":"iteration_complete","training_seconds":753.3204177000002}
STUDY_PHASE {"elapsed_seconds":1240.694518,"iteration":1029,"iteration_seconds":26.967713,"phase":"iteration_complete","training_seconds":780.2881307000002}
STUDY_PHASE {"elapsed_seconds":1267.310164,"iteration":1030,"iteration_seconds":26.6156029,"phase":"iteration_complete","training_seconds":806.9037336000002}
STUDY_PHASE {"elapsed_seconds":1293.2392837,"iteration":1031,"iteration_seconds":25.9290757,"phase":"iteration_complete","training_seconds":832.8328093000002}
STUDY_PHASE {"elapsed_seconds":1321.1641904,"iteration":1032,"iteration_seconds":27.924864,"phase":"iteration_complete","training_seconds":860.7576733000002}
STUDY_PHASE {"elapsed_seconds":1349.0985477,"iteration":1033,"iteration_seconds":27.934314,"phase":"iteration_complete","training_seconds":888.6919873000002}
STUDY_PHASE {"elapsed_seconds":1377.2154384,"iteration":1034,"iteration_seconds":28.1168491,"phase":"iteration_complete","training_seconds":916.8088364000001}
STUDY_PHASE {"elapsed_seconds":1405.5360194,"iteration":1035,"iteration_seconds":28.3205396,"phase":"iteration_complete","training_seconds":945.1293760000001}
STUDY_PHASE {"elapsed_seconds":1435.4045732,"iteration":1036,"iteration_seconds":29.8685082,"phase":"iteration_complete","training_seconds":974.9978842}
STUDY_PHASE {"elapsed_seconds":1463.670129,"iteration":1037,"iteration_seconds":28.2654786,"phase":"iteration_complete","training_seconds":1003.2633628000001}
STUDY_PHASE {"elapsed_seconds":1491.5935515,"iteration":1038,"iteration_seconds":27.9233804,"phase":"iteration_complete","training_seconds":1031.1867432000001}
STUDY_PHASE {"elapsed_seconds":1520.787336,"iteration":1039,"iteration_seconds":29.1937331,"phase":"iteration_complete","training_seconds":1060.3804763}
STUDY_PHASE {"elapsed_seconds":1550.232939,"iteration":1040,"iteration_seconds":29.4455534,"phase":"iteration_complete","training_seconds":1089.8260297000002}
STUDY_PHASE {"elapsed_seconds":1580.1327836,"iteration":1041,"iteration_seconds":29.8998,"phase":"iteration_complete","training_seconds":1119.7258297}
STUDY_PHASE {"elapsed_seconds":1609.8661826,"iteration":1042,"iteration_seconds":29.733341,"phase":"iteration_complete","training_seconds":1149.4591707000002}
STUDY_PHASE {"elapsed_seconds":1639.5474918,"iteration":1043,"iteration_seconds":29.6812606,"phase":"iteration_complete","training_seconds":1179.1404313000003}
STUDY_PHASE {"elapsed_seconds":1668.8608191,"iteration":1044,"iteration_seconds":29.3132733,"phase":"iteration_complete","training_seconds":1208.4537046000003}
STUDY_PHASE {"elapsed_seconds":1699.0400793,"iteration":1045,"iteration_seconds":30.1791601,"phase":"iteration_complete","training_seconds":1238.6328647000003}
STUDY_PHASE {"elapsed_seconds":1727.6790195,"iteration":1046,"iteration_seconds":28.6388943,"phase":"iteration_complete","training_seconds":1267.2717590000002}
STUDY_PHASE {"elapsed_seconds":1756.9511994,"iteration":1047,"iteration_seconds":29.2721382,"phase":"iteration_complete","training_seconds":1296.5438972000002}
STUDY_PHASE {"elapsed_seconds":1785.7415634,"iteration":1048,"iteration_seconds":28.7903218,"phase":"iteration_complete","training_seconds":1325.334219}
STUDY_PHASE {"elapsed_seconds":1814.2710713,"iteration":1049,"iteration_seconds":28.5294652,"phase":"iteration_complete","training_seconds":1353.8636842}
STUDY_PHASE {"elapsed_seconds":1843.4610601,"iteration":1050,"iteration_seconds":29.1899379,"phase":"iteration_complete","training_seconds":1383.0536221}
STUDY_PHASE {"elapsed_seconds":1873.5405299,"iteration":1051,"iteration_seconds":30.0794274,"phase":"iteration_complete","training_seconds":1413.1330495}
STUDY_PHASE {"elapsed_seconds":1905.312867,"iteration":1052,"iteration_seconds":31.7722902,"phase":"iteration_complete","training_seconds":1444.9053397}
STUDY_PHASE {"elapsed_seconds":1935.9717978,"iteration":1053,"iteration_seconds":30.6588806,"phase":"iteration_complete","training_seconds":1475.5642203}
STUDY_PHASE {"elapsed_seconds":1967.6667531,"iteration":1054,"iteration_seconds":31.6949136,"phase":"iteration_complete","training_seconds":1507.2591339}
STUDY_PHASE {"elapsed_seconds":1999.9034874,"iteration":1055,"iteration_seconds":32.236689,"phase":"iteration_complete","training_seconds":1539.4958229000001}
STUDY_PHASE {"elapsed_seconds":2030.8288808,"iteration":1056,"iteration_seconds":30.9253474,"phase":"iteration_complete","training_seconds":1570.4211703}
STUDY_PHASE {"elapsed_seconds":2062.0379211,"iteration":1057,"iteration_seconds":31.2089992,"phase":"iteration_complete","training_seconds":1601.6301695000002}
STUDY_PHASE {"elapsed_seconds":2091.2645582,"iteration":1058,"iteration_seconds":29.2265962,"phase":"iteration_complete","training_seconds":1630.8567657}
STUDY_PHASE {"elapsed_seconds":2119.5377291,"iteration":1059,"iteration_seconds":28.2731281,"phase":"iteration_complete","training_seconds":1659.1298938}
STUDY_PHASE {"elapsed_seconds":2147.333901,"iteration":1060,"iteration_seconds":27.796128799999998,"phase":"iteration_complete","training_seconds":1686.9260226}
STUDY_PHASE {"elapsed_seconds":2175.6326066,"iteration":1061,"iteration_seconds":28.2986625,"phase":"iteration_complete","training_seconds":1715.2246851}
STUDY_PHASE {"elapsed_seconds":2202.6862987,"iteration":1062,"iteration_seconds":27.0536496,"phase":"iteration_complete","training_seconds":1742.2783347}
STUDY_PHASE {"elapsed_seconds":2230.7770512,"iteration":1063,"iteration_seconds":28.0906975,"phase":"iteration_complete","training_seconds":1770.3690322}
STUDY_PHASE {"elapsed_seconds":2259.6583928,"iteration":1064,"iteration_seconds":28.8813003,"phase":"iteration_complete","training_seconds":1799.2503325}
STUDY_PHASE {"elapsed_seconds":2287.4284674,"iteration":1065,"iteration_seconds":27.7700326,"phase":"iteration_complete","training_seconds":1827.0203651}
STUDY_PHASE {"elapsed_seconds":2316.2530736,"iteration":1066,"iteration_seconds":28.8245627,"phase":"iteration_complete","training_seconds":1855.8449277999998}
STUDY_PHASE {"elapsed_seconds":2345.2210617,"iteration":1067,"iteration_seconds":28.9679454,"phase":"iteration_complete","training_seconds":1884.8128731999998}
STUDY_PHASE {"elapsed_seconds":2373.0732827,"iteration":1068,"iteration_seconds":27.8521895,"phase":"iteration_complete","training_seconds":1912.6650626999997}
STUDY_PHASE {"elapsed_seconds":2401.6460209,"iteration":1069,"iteration_seconds":28.5726896,"phase":"iteration_complete","training_seconds":1941.2377522999998}
STUDY_PHASE {"elapsed_seconds":2430.0642475,"iteration":1070,"iteration_seconds":28.4181761,"phase":"iteration_complete","training_seconds":1969.6559283999998}
STUDY_PHASE {"elapsed_seconds":2457.6788953,"iteration":1071,"iteration_seconds":27.6146058,"phase":"iteration_complete","training_seconds":1997.2705341999997}
STUDY_PHASE {"elapsed_seconds":2485.4487382,"iteration":1072,"iteration_seconds":27.7697988,"phase":"iteration_complete","training_seconds":2025.0403329999997}
STUDY_PHASE {"elapsed_seconds":2514.2067597,"iteration":1073,"iteration_seconds":28.7579697,"phase":"iteration_complete","training_seconds":2053.7983026999996}
STUDY_PHASE {"elapsed_seconds":2542.9256533,"iteration":1074,"iteration_seconds":28.7188505,"phase":"iteration_complete","training_seconds":2082.5171531999995}
STUDY_PHASE {"elapsed_seconds":2571.6152663,"iteration":1075,"iteration_seconds":28.6895655,"phase":"iteration_complete","training_seconds":2111.2067186999993}
STUDY_PHASE {"elapsed_seconds":2599.8495975,"iteration":1076,"iteration_seconds":28.2342785,"phase":"iteration_complete","training_seconds":2139.4409971999994}
STUDY_PHASE {"elapsed_seconds":2629.0001174,"iteration":1077,"iteration_seconds":29.1504656,"phase":"iteration_complete","training_seconds":2168.5914627999996}
STUDY_PHASE {"elapsed_seconds":2657.6713563,"iteration":1078,"iteration_seconds":28.6711799,"phase":"iteration_complete","training_seconds":2197.2626426999996}
STUDY_PHASE {"elapsed_seconds":2685.3989852,"iteration":1079,"iteration_seconds":27.7275785,"phase":"iteration_complete","training_seconds":2224.9902211999997}
STUDY_PHASE {"elapsed_seconds":2712.9529021,"iteration":1080,"iteration_seconds":27.5538696,"phase":"iteration_complete","training_seconds":2252.5440907999996}
STUDY_PHASE {"elapsed_seconds":2740.9977524,"iteration":1081,"iteration_seconds":28.0447959,"phase":"iteration_complete","training_seconds":2280.5888866999994}
STUDY_PHASE {"elapsed_seconds":2768.9009171,"iteration":1082,"iteration_seconds":27.9031155,"phase":"iteration_complete","training_seconds":2308.492002199999}
STUDY_PHASE {"elapsed_seconds":2796.2162919,"iteration":1083,"iteration_seconds":27.3153296,"phase":"iteration_complete","training_seconds":2335.8073317999992}
STUDY_PHASE {"elapsed_seconds":2825.1076977,"iteration":1084,"iteration_seconds":28.8913543,"phase":"iteration_complete","training_seconds":2364.698686099999}
STUDY_PHASE {"elapsed_seconds":2853.667736,"iteration":1085,"iteration_seconds":28.55999,"phase":"iteration_complete","training_seconds":2393.2586760999993}
STUDY_PHASE {"elapsed_seconds":2881.7978856,"iteration":1086,"iteration_seconds":28.1301058,"phase":"iteration_complete","training_seconds":2421.3887818999992}
STUDY_PHASE {"elapsed_seconds":2910.0870168,"iteration":1087,"iteration_seconds":28.2890803,"phase":"iteration_complete","training_seconds":2449.6778621999993}
STUDY_PHASE {"elapsed_seconds":2938.4750407,"iteration":1088,"iteration_seconds":28.3879756,"phase":"iteration_complete","training_seconds":2478.0658377999994}
STUDY_PHASE {"elapsed_seconds":2967.3197535,"iteration":1089,"iteration_seconds":28.8446624,"phase":"iteration_complete","training_seconds":2506.910500199999}
STUDY_PHASE {"elapsed_seconds":2995.9377154,"iteration":1090,"iteration_seconds":28.6177911,"phase":"iteration_complete","training_seconds":2535.528291299999}
STUDY_PHASE {"elapsed_seconds":3024.8181761,"iteration":1091,"iteration_seconds":28.8804173,"phase":"iteration_complete","training_seconds":2564.408708599999}
STUDY_PHASE {"elapsed_seconds":3052.1831535,"iteration":1092,"iteration_seconds":27.3649278,"phase":"iteration_complete","training_seconds":2591.773636399999}
STUDY_PHASE {"elapsed_seconds":3080.4254313,"iteration":1093,"iteration_seconds":28.24223,"phase":"iteration_complete","training_seconds":2620.0158663999987}
STUDY_PHASE {"elapsed_seconds":3108.8609314,"iteration":1094,"iteration_seconds":28.4354555,"phase":"iteration_complete","training_seconds":2648.4513218999987}
STUDY_PHASE {"elapsed_seconds":3137.0260548,"iteration":1095,"iteration_seconds":28.1650696,"phase":"iteration_complete","training_seconds":2676.616391499999}
STUDY_PHASE {"elapsed_seconds":3165.9639804,"iteration":1096,"iteration_seconds":28.9378818,"phase":"iteration_complete","training_seconds":2705.554273299999}
STUDY_PHASE {"elapsed_seconds":3194.9909201,"iteration":1097,"iteration_seconds":29.0269052,"phase":"iteration_complete","training_seconds":2734.5811784999987}
STUDY_PHASE {"elapsed_seconds":3222.4724203,"iteration":1098,"iteration_seconds":27.4814653,"phase":"iteration_complete","training_seconds":2762.0626437999986}
STUDY_PHASE {"elapsed_seconds":3250.5674222,"iteration":1099,"iteration_seconds":28.0949271,"phase":"iteration_complete","training_seconds":2790.1575708999985}
STUDY_PHASE {"elapsed_seconds":3278.6814296,"iteration":1100,"iteration_seconds":28.1139555,"phase":"iteration_complete","training_seconds":2818.2715263999985}
STUDY_PHASE {"elapsed_seconds":3307.0743608,"iteration":1101,"iteration_seconds":28.3928859,"phase":"iteration_complete","training_seconds":2846.6644122999983}
STUDY_PHASE {"elapsed_seconds":3336.105961,"iteration":1102,"iteration_seconds":29.0315419,"phase":"iteration_complete","training_seconds":2875.695954199998}
STUDY_PHASE {"elapsed_seconds":3364.0297506,"iteration":1103,"iteration_seconds":27.9237396,"phase":"iteration_complete","training_seconds":2903.619693799998}
STUDY_PHASE {"elapsed_seconds":3392.0695299,"iteration":1104,"iteration_seconds":28.0397384,"phase":"iteration_complete","training_seconds":2931.659432199998}
STUDY_PHASE {"elapsed_seconds":3420.0853926,"iteration":1105,"iteration_seconds":28.0158194,"phase":"iteration_complete","training_seconds":2959.675251599998}
STUDY_PHASE {"elapsed_seconds":3448.2501179,"iteration":1106,"iteration_seconds":28.1646736,"phase":"iteration_complete","training_seconds":2987.8399251999977}
STUDY_PHASE {"elapsed_seconds":3476.4159006,"iteration":1107,"iteration_seconds":28.1657355,"phase":"iteration_complete","training_seconds":3016.005660699998}
STUDY_PHASE {"elapsed_seconds":3505.2893888,"iteration":1108,"iteration_seconds":28.8734438,"phase":"iteration_complete","training_seconds":3044.879104499998}
STUDY_PHASE {"elapsed_seconds":3534.1349074,"iteration":1109,"iteration_seconds":28.8454808,"phase":"iteration_complete","training_seconds":3073.724585299998}
STUDY_PHASE {"elapsed_seconds":3562.3495306,"iteration":1110,"iteration_seconds":28.2145803,"phase":"iteration_complete","training_seconds":3101.939165599998}
STUDY_PHASE {"elapsed_seconds":3590.9956138,"iteration":1111,"iteration_seconds":28.6460269,"phase":"iteration_complete","training_seconds":3130.585192499998}
STUDY_PHASE {"elapsed_seconds":3618.3839123,"iteration":1112,"iteration_seconds":27.3882575,"phase":"iteration_complete","training_seconds":3157.9734499999977}
STUDY_PHASE {"elapsed_seconds":3646.8282532,"iteration":1113,"iteration_seconds":28.4443038,"phase":"iteration_complete","training_seconds":3186.4177537999976}
STUDY_PHASE {"elapsed_seconds":3675.0164919,"iteration":1114,"iteration_seconds":28.1881956,"phase":"iteration_complete","training_seconds":3214.605949399998}
STUDY_PHASE {"elapsed_seconds":3703.4384651,"iteration":1115,"iteration_seconds":28.4219298,"phase":"iteration_complete","training_seconds":3243.0278791999976}
STUDY_PHASE {"elapsed_seconds":3731.106438,"iteration":1116,"iteration_seconds":27.6679329,"phase":"iteration_complete","training_seconds":3270.6958120999975}
STUDY_PHASE {"elapsed_seconds":3759.3208996,"iteration":1117,"iteration_seconds":28.214417,"phase":"iteration_complete","training_seconds":3298.9102290999977}
STUDY_PHASE {"elapsed_seconds":3788.0860643,"iteration":1118,"iteration_seconds":28.7651103,"phase":"iteration_complete","training_seconds":3327.6753393999975}
STUDY_PHASE {"elapsed_seconds":3816.3568644,"iteration":1119,"iteration_seconds":28.2707334,"phase":"iteration_complete","training_seconds":3355.9460727999976}
STUDY_PHASE {"elapsed_seconds":3844.4424649,"iteration":1120,"iteration_seconds":28.0855444,"phase":"iteration_complete","training_seconds":3384.0316171999975}
STUDY_PHASE {"elapsed_seconds":3872.9477431,"iteration":1121,"iteration_seconds":28.505223,"phase":"iteration_complete","training_seconds":3412.5368401999976}
STUDY_PHASE {"elapsed_seconds":3900.6682711,"iteration":1122,"iteration_seconds":27.7204864,"phase":"iteration_complete","training_seconds":3440.2573265999977}
STUDY_PHASE {"elapsed_seconds":3930.2247211,"iteration":1123,"iteration_seconds":29.5564042,"phase":"iteration_complete","training_seconds":3469.8137307999978}
STUDY_PHASE {"elapsed_seconds":3960.3129926,"iteration":1124,"iteration_seconds":30.0882296,"phase":"iteration_complete","training_seconds":3499.9019603999977}
STUDY_PHASE {"elapsed_seconds":3988.0640145,"iteration":1125,"iteration_seconds":27.750973899999998,"phase":"iteration_complete","training_seconds":3527.652934299998}
STUDY_PHASE {"elapsed_seconds":4016.9567367,"iteration":1126,"iteration_seconds":28.8926784,"phase":"iteration_complete","training_seconds":3556.545612699998}
STUDY_PHASE {"elapsed_seconds":4047.1235656,"iteration":1127,"iteration_seconds":30.1667734,"phase":"iteration_complete","training_seconds":3586.7123860999977}
STUDY_PHASE {"elapsed_seconds":4078.0590893,"iteration":1128,"iteration_seconds":30.9354823,"phase":"iteration_complete","training_seconds":3617.6478683999976}
STUDY_PHASE {"elapsed_seconds":4107.8861392,"iteration":1129,"iteration_seconds":29.8269986,"phase":"iteration_complete","training_seconds":3647.4748669999976}
STUDY_PHASE {"elapsed_seconds":4137.949439,"iteration":1130,"iteration_seconds":30.0632576,"phase":"iteration_complete","training_seconds":3677.5381245999974}
STUDY_PHASE {"elapsed_seconds":4166.2768348,"iteration":1131,"iteration_seconds":28.3273528,"phase":"iteration_complete","training_seconds":3705.8654773999974}
STUDY_PHASE {"elapsed_seconds":4195.4674214,"iteration":1132,"iteration_seconds":29.1905486,"phase":"iteration_complete","training_seconds":3735.0560259999975}
STUDY_PHASE {"elapsed_seconds":4223.5411099,"iteration":1133,"iteration_seconds":28.0736361,"phase":"iteration_complete","training_seconds":3763.1296620999974}
STUDY_PHASE {"elapsed_seconds":4252.9821266,"iteration":1134,"iteration_seconds":29.4409815,"phase":"iteration_complete","training_seconds":3792.5706435999973}
STUDY_PHASE {"elapsed_seconds":4280.7551697,"iteration":1135,"iteration_seconds":27.7729977,"phase":"iteration_complete","training_seconds":3820.343641299997}
STUDY_PHASE {"elapsed_seconds":4308.8391405,"iteration":1136,"iteration_seconds":28.0839366,"phase":"iteration_complete","training_seconds":3848.4275778999972}
STUDY_PHASE {"elapsed_seconds":4336.4190613,"iteration":1137,"iteration_seconds":27.5798712,"phase":"iteration_complete","training_seconds":3876.0074490999973}
STUDY_PHASE {"elapsed_seconds":4364.3280298,"iteration":1138,"iteration_seconds":27.9089262,"phase":"iteration_complete","training_seconds":3903.9163752999975}
STUDY_PHASE {"elapsed_seconds":4393.0030103,"iteration":1139,"iteration_seconds":28.6749393,"phase":"iteration_complete","training_seconds":3932.5913145999975}
STUDY_PHASE {"elapsed_seconds":4421.3538782,"iteration":1140,"iteration_seconds":28.3508281,"phase":"iteration_complete","training_seconds":3960.9421426999975}
STUDY_PHASE {"elapsed_seconds":4449.594427,"iteration":1141,"iteration_seconds":28.2405069,"phase":"iteration_complete","training_seconds":3989.1826495999976}
STUDY_PHASE {"elapsed_seconds":4477.1645352,"iteration":1142,"iteration_seconds":27.5700652,"phase":"iteration_complete","training_seconds":4016.7527147999976}
STUDY_PHASE {"elapsed_seconds":4505.6574669,"iteration":1143,"iteration_seconds":28.4928903,"phase":"iteration_complete","training_seconds":4045.2456050999976}
STUDY_PHASE {"elapsed_seconds":4533.7962419,"iteration":1144,"iteration_seconds":28.1387352,"phase":"iteration_complete","training_seconds":4073.384340299998}
STUDY_PHASE {"elapsed_seconds":4562.2041806,"iteration":1145,"iteration_seconds":28.4079025,"phase":"iteration_complete","training_seconds":4101.792242799997}
STUDY_PHASE {"elapsed_seconds":4590.2861327,"iteration":1146,"iteration_seconds":28.081888,"phase":"iteration_complete","training_seconds":4129.874130799997}
STUDY_PHASE {"elapsed_seconds":4619.2958943,"iteration":1147,"iteration_seconds":29.0097203,"phase":"iteration_complete","training_seconds":4158.883851099997}
STUDY_PHASE {"elapsed_seconds":4647.0792885,"iteration":1148,"iteration_seconds":27.7833545,"phase":"iteration_complete","training_seconds":4186.667205599997}
STUDY_PHASE {"elapsed_seconds":4675.5850233,"iteration":1149,"iteration_seconds":28.5057029,"phase":"iteration_complete","training_seconds":4215.172908499997}
STUDY_PHASE {"elapsed_seconds":4704.0356143,"iteration":1150,"iteration_seconds":28.4505495,"phase":"iteration_complete","training_seconds":4243.623457999997}
STUDY_PHASE {"elapsed_seconds":4732.1867549,"iteration":1151,"iteration_seconds":28.1510993,"phase":"iteration_complete","training_seconds":4271.7745572999975}
STUDY_PHASE {"elapsed_seconds":4760.2582369,"iteration":1152,"iteration_seconds":28.0714439,"phase":"iteration_complete","training_seconds":4299.846001199998}
STUDY_PHASE {"elapsed_seconds":4787.8306249,"iteration":1153,"iteration_seconds":27.5723486,"phase":"iteration_complete","training_seconds":4327.4183497999975}
STUDY_PHASE {"elapsed_seconds":4815.8030644,"iteration":1154,"iteration_seconds":27.9723962,"phase":"iteration_complete","training_seconds":4355.390745999997}
STUDY_PHASE {"elapsed_seconds":4844.3432613,"iteration":1155,"iteration_seconds":28.5401614,"phase":"iteration_complete","training_seconds":4383.9309073999975}
STUDY_PHASE {"elapsed_seconds":4873.5833601,"iteration":1156,"iteration_seconds":29.2400554,"phase":"iteration_complete","training_seconds":4413.170962799997}
STUDY_PHASE {"elapsed_seconds":4902.0670345,"iteration":1157,"iteration_seconds":28.4836323,"phase":"iteration_complete","training_seconds":4441.654595099997}
STUDY_PHASE {"elapsed_seconds":4930.7455314,"iteration":1158,"iteration_seconds":28.6784439,"phase":"iteration_complete","training_seconds":4470.333038999997}
STUDY_PHASE {"elapsed_seconds":4959.173701,"iteration":1159,"iteration_seconds":28.4281193,"phase":"iteration_complete","training_seconds":4498.761158299997}
STUDY_PHASE {"elapsed_seconds":4987.838736,"iteration":1160,"iteration_seconds":28.6649916,"phase":"iteration_complete","training_seconds":4527.426149899997}
STUDY_PHASE {"elapsed_seconds":5016.4349609,"iteration":1161,"iteration_seconds":28.5961733,"phase":"iteration_complete","training_seconds":4556.022323199997}
STUDY_PHASE {"elapsed_seconds":5044.9346569,"iteration":1162,"iteration_seconds":28.4995589,"phase":"iteration_complete","training_seconds":4584.521882099997}
STUDY_PHASE {"elapsed_seconds":5075.8127794,"iteration":1163,"iteration_seconds":30.8780817,"phase":"iteration_complete","training_seconds":4615.399963799997}
STUDY_PHASE {"elapsed_seconds":5105.5317424,"iteration":1164,"iteration_seconds":29.7189024,"phase":"iteration_complete","training_seconds":4645.118866199997}
STUDY_PHASE {"elapsed_seconds":5134.4415219,"iteration":1165,"iteration_seconds":28.9097365,"phase":"iteration_complete","training_seconds":4674.028602699997}
STUDY_PHASE {"elapsed_seconds":5163.2332401,"iteration":1166,"iteration_seconds":28.7916689,"phase":"iteration_complete","training_seconds":4702.820271599997}
STUDY_PHASE {"elapsed_seconds":5191.3243443,"iteration":1167,"iteration_seconds":28.0910627,"phase":"iteration_complete","training_seconds":4730.911334299997}
STUDY_PHASE {"elapsed_seconds":5219.5919284,"iteration":1168,"iteration_seconds":28.267524,"phase":"iteration_complete","training_seconds":4759.178858299997}
STUDY_PHASE {"elapsed_seconds":5247.8033535,"iteration":1169,"iteration_seconds":28.2112578,"phase":"iteration_complete","training_seconds":4787.390116099997}
STUDY_PHASE {"elapsed_seconds":5275.9252305,"iteration":1170,"iteration_seconds":28.1218409,"phase":"iteration_complete","training_seconds":4815.511956999997}
STUDY_PHASE {"elapsed_seconds":5303.1187015,"iteration":1171,"iteration_seconds":27.1933726,"phase":"iteration_complete","training_seconds":4842.705329599997}
STUDY_PHASE {"elapsed_seconds":5331.3330737,"iteration":1172,"iteration_seconds":28.2143278,"phase":"iteration_complete","training_seconds":4870.919657399997}
STUDY_PHASE {"elapsed_seconds":5359.4242533,"iteration":1173,"iteration_seconds":28.0911394,"phase":"iteration_complete","training_seconds":4899.0107967999975}
STUDY_PHASE {"elapsed_seconds":5386.9648691,"iteration":1174,"iteration_seconds":27.5405692,"phase":"iteration_complete","training_seconds":4926.551365999998}
STUDY_PHASE {"elapsed_seconds":5415.6280166,"iteration":1175,"iteration_seconds":28.6631013,"phase":"iteration_complete","training_seconds":4955.2144672999975}
STUDY_PHASE {"elapsed_seconds":5444.0033737,"iteration":1176,"iteration_seconds":28.3753166,"phase":"iteration_complete","training_seconds":4983.589783899997}
STUDY_PHASE {"elapsed_seconds":5473.1459824,"iteration":1177,"iteration_seconds":29.1425637,"phase":"iteration_complete","training_seconds":5012.732347599997}
STUDY_PHASE {"elapsed_seconds":5502.6412099,"iteration":1178,"iteration_seconds":29.495176700000002,"phase":"iteration_complete","training_seconds":5042.227524299998}
STUDY_PHASE {"elapsed_seconds":5531.010171,"iteration":1179,"iteration_seconds":28.3689286,"phase":"iteration_complete","training_seconds":5070.5964528999975}
STUDY_PHASE {"elapsed_seconds":5559.0603342,"iteration":1180,"iteration_seconds":28.0501102,"phase":"iteration_complete","training_seconds":5098.646563099997}
STUDY_PHASE {"elapsed_seconds":5588.1936091,"iteration":1181,"iteration_seconds":29.1332256,"phase":"iteration_complete","training_seconds":5127.779788699997}
STUDY_PHASE {"elapsed_seconds":5617.2926466,"iteration":1182,"iteration_seconds":29.0989972,"phase":"iteration_complete","training_seconds":5156.878785899997}
STUDY_PHASE {"elapsed_seconds":5646.3373155,"iteration":1183,"iteration_seconds":29.0446237,"phase":"iteration_complete","training_seconds":5185.923409599996}
STUDY_PHASE {"elapsed_seconds":5673.9270493,"iteration":1184,"iteration_seconds":27.5896914,"phase":"iteration_complete","training_seconds":5213.513100999997}
STUDY_PHASE {"elapsed_seconds":5701.535793,"iteration":1185,"iteration_seconds":27.6087084,"phase":"iteration_complete","training_seconds":5241.121809399997}
STUDY_PHASE {"elapsed_seconds":5728.9741975,"iteration":1186,"iteration_seconds":27.4383635,"phase":"iteration_complete","training_seconds":5268.560172899997}
STUDY_PHASE {"elapsed_seconds":5756.602966,"iteration":1187,"iteration_seconds":27.6287199,"phase":"iteration_complete","training_seconds":5296.188892799997}
STUDY_PHASE {"elapsed_seconds":5785.1444865,"iteration":1188,"iteration_seconds":28.5414807,"phase":"iteration_complete","training_seconds":5324.730373499997}
STUDY_PHASE {"elapsed_seconds":5812.7205539,"iteration":1189,"iteration_seconds":27.5760232,"phase":"iteration_complete","training_seconds":5352.306396699997}
STUDY_PHASE {"elapsed_seconds":5840.7846667,"iteration":1190,"iteration_seconds":28.0640684,"phase":"iteration_complete","training_seconds":5380.370465099997}
STUDY_PHASE {"elapsed_seconds":5868.5492372,"iteration":1191,"iteration_seconds":27.7645247,"phase":"iteration_complete","training_seconds":5408.134989799997}
STUDY_PHASE {"elapsed_seconds":5895.8712008,"iteration":1192,"iteration_seconds":27.3219217,"phase":"iteration_complete","training_seconds":5435.456911499997}
STUDY_PHASE {"elapsed_seconds":5923.2432256,"iteration":1193,"iteration_seconds":27.3719819,"phase":"iteration_complete","training_seconds":5462.828893399997}
STUDY_PHASE {"elapsed_seconds":5950.8261061,"iteration":1194,"iteration_seconds":27.5828389,"phase":"iteration_complete","training_seconds":5490.411732299996}
STUDY_PHASE {"elapsed_seconds":5979.7769018,"iteration":1195,"iteration_seconds":28.9507508,"phase":"iteration_complete","training_seconds":5519.362483099996}
STUDY_PHASE {"elapsed_seconds":6007.7262589,"iteration":1196,"iteration_seconds":27.9493056,"phase":"iteration_complete","training_seconds":5547.311788699996}
STUDY_PHASE {"elapsed_seconds":6035.5664551,"iteration":1197,"iteration_seconds":27.840146,"phase":"iteration_complete","training_seconds":5575.151934699996}
STUDY_PHASE {"elapsed_seconds":6063.2634755,"iteration":1198,"iteration_seconds":27.6969754,"phase":"iteration_complete","training_seconds":5602.848910099996}
STUDY_PHASE {"elapsed_seconds":6090.5097796,"iteration":1199,"iteration_seconds":27.2462615,"phase":"iteration_complete","training_seconds":5630.095171599996}
STUDY_PHASE {"elapsed_seconds":6117.5053506,"iteration":1200,"iteration_seconds":26.9955292,"phase":"iteration_complete","training_seconds":5657.090700799997}
STUDY_PHASE {"elapsed_seconds":6144.7099298,"iteration":1201,"iteration_seconds":27.204526,"phase":"iteration_complete","training_seconds":5684.295226799997}
STUDY_PHASE {"elapsed_seconds":6172.9769925,"iteration":1202,"iteration_seconds":28.2670203,"phase":"iteration_complete","training_seconds":5712.562247099997}
STUDY_PHASE {"elapsed_seconds":6201.1121324,"iteration":1203,"iteration_seconds":28.1350924,"phase":"iteration_complete","training_seconds":5740.697339499997}
STUDY_PHASE {"elapsed_seconds":6228.2136298,"iteration":1204,"iteration_seconds":27.1014546,"phase":"iteration_complete","training_seconds":5767.7987940999965}
STUDY_PHASE {"elapsed_seconds":6255.5549599,"iteration":1205,"iteration_seconds":27.341285,"phase":"iteration_complete","training_seconds":5795.140079099997}
STUDY_PHASE {"elapsed_seconds":6284.0557118,"iteration":1206,"iteration_seconds":28.5007111,"phase":"iteration_complete","training_seconds":5823.640790199997}
STUDY_PHASE {"elapsed_seconds":6312.5130839,"iteration":1207,"iteration_seconds":28.4573414,"phase":"iteration_complete","training_seconds":5852.098131599997}
STUDY_PHASE {"elapsed_seconds":6341.101257,"iteration":1208,"iteration_seconds":28.5881204,"phase":"iteration_complete","training_seconds":5880.686251999997}
STUDY_PHASE {"elapsed_seconds":6368.261986,"iteration":1209,"iteration_seconds":27.1606832,"phase":"iteration_complete","training_seconds":5907.846935199997}
STUDY_PHASE {"elapsed_seconds":6396.6875975,"iteration":1210,"iteration_seconds":28.4255677,"phase":"iteration_complete","training_seconds":5936.272502899997}
STUDY_PHASE {"elapsed_seconds":6424.53966,"iteration":1211,"iteration_seconds":27.8520286,"phase":"iteration_complete","training_seconds":5964.124531499997}
STUDY_PHASE {"elapsed_seconds":6452.2880042,"iteration":1212,"iteration_seconds":27.7483022,"phase":"iteration_complete","training_seconds":5991.872833699997}
STUDY_PHASE {"elapsed_seconds":6479.2192248,"iteration":1213,"iteration_seconds":26.9311888,"phase":"iteration_complete","training_seconds":6018.804022499997}
STUDY_PHASE {"elapsed_seconds":6507.6362891,"iteration":1214,"iteration_seconds":28.4170161,"phase":"iteration_complete","training_seconds":6047.221038599997}
STUDY_PHASE {"elapsed_seconds":6535.5212615,"iteration":1215,"iteration_seconds":27.8849311,"phase":"iteration_complete","training_seconds":6075.105969699997}
STUDY_PHASE {"elapsed_seconds":6562.7200976,"iteration":1216,"iteration_seconds":27.1987965,"phase":"iteration_complete","training_seconds":6102.304766199997}
STUDY_PHASE {"elapsed_seconds":6590.75268,"iteration":1217,"iteration_seconds":28.0325414,"phase":"iteration_complete","training_seconds":6130.337307599997}
STUDY_PHASE {"elapsed_seconds":6619.5263248,"iteration":1218,"iteration_seconds":28.7735926,"phase":"iteration_complete","training_seconds":6159.110900199997}
STUDY_PHASE {"elapsed_seconds":6647.9028983,"iteration":1219,"iteration_seconds":28.3765292,"phase":"iteration_complete","training_seconds":6187.4874293999965}
STUDY_PHASE {"elapsed_seconds":6675.8150041,"iteration":1220,"iteration_seconds":27.9120628,"phase":"iteration_complete","training_seconds":6215.3994921999965}
STUDY_PHASE {"elapsed_seconds":6705.0588081,"iteration":1221,"iteration_seconds":29.2437584,"phase":"iteration_complete","training_seconds":6244.6432505999965}
STUDY_PHASE {"elapsed_seconds":6733.4034523,"iteration":1222,"iteration_seconds":28.3446052,"phase":"iteration_complete","training_seconds":6272.987855799996}
STUDY_PHASE {"elapsed_seconds":6763.672272,"iteration":1223,"iteration_seconds":30.2687729,"phase":"iteration_complete","training_seconds":6303.256628699996}
STUDY_PHASE {"elapsed_seconds":6794.3849598,"iteration":1224,"iteration_seconds":30.7126402,"phase":"iteration_complete","training_seconds":6333.969268899997}
STUDY_PHASE {"elapsed_seconds":6825.0692787,"iteration":1225,"iteration_seconds":30.684265,"phase":"iteration_complete","training_seconds":6364.653533899997}
STUDY_PHASE {"elapsed_seconds":6855.5347369,"iteration":1226,"iteration_seconds":30.4653561,"phase":"iteration_complete","training_seconds":6395.118889999996}
STUDY_PHASE {"elapsed_seconds":6884.7992532,"iteration":1227,"iteration_seconds":29.2644763,"phase":"iteration_complete","training_seconds":6424.383366299996}
STUDY_PHASE {"elapsed_seconds":6916.4737003,"iteration":1228,"iteration_seconds":31.6743952,"phase":"iteration_complete","training_seconds":6456.057761499996}
STUDY_PHASE {"elapsed_seconds":6946.3521479,"iteration":1229,"iteration_seconds":29.8783962,"phase":"iteration_complete","training_seconds":6485.936157699995}
STUDY_PHASE {"elapsed_seconds":6976.0399812,"iteration":1230,"iteration_seconds":29.6877825,"phase":"iteration_complete","training_seconds":6515.623940199996}
STUDY_PHASE {"elapsed_seconds":7005.240325,"iteration":1231,"iteration_seconds":29.2002829,"phase":"iteration_complete","training_seconds":6544.824223099996}
STUDY_PHASE {"elapsed_seconds":7034.6159379,"iteration":1232,"iteration_seconds":29.3755685,"phase":"iteration_complete","training_seconds":6574.1997915999955}
STUDY_PHASE {"elapsed_seconds":7064.6345171,"iteration":1233,"iteration_seconds":30.0185383,"phase":"iteration_complete","training_seconds":6604.218329899995}
STUDY_PHASE {"elapsed_seconds":7094.0763285,"iteration":1234,"iteration_seconds":29.4417561,"phase":"iteration_complete","training_seconds":6633.660085999995}
STUDY_PHASE {"elapsed_seconds":7125.2607169,"iteration":1235,"iteration_seconds":31.1843465,"phase":"iteration_complete","training_seconds":6664.8444324999955}
STUDY_PHASE {"elapsed_seconds":7155.9808296,"iteration":1236,"iteration_seconds":30.7200703,"phase":"iteration_complete","training_seconds":6695.564502799995}
STUDY_PHASE {"elapsed_seconds":7185.9188516,"iteration":1237,"iteration_seconds":29.9379755,"phase":"iteration_complete","training_seconds":6725.502478299995}
STUDY_PHASE {"elapsed_seconds":7217.199129,"iteration":1238,"iteration_seconds":31.2802444,"phase":"iteration_complete","training_seconds":6756.782722699995}
STUDY_PHASE {"elapsed_seconds":7246.669318,"iteration":1239,"iteration_seconds":29.4701395,"phase":"iteration_complete","training_seconds":6786.252862199995}
STUDY_PHASE {"elapsed_seconds":7279.0564538,"iteration":1240,"iteration_seconds":32.3870931,"phase":"iteration_complete","training_seconds":6818.639955299996}
STUDY_PHASE {"elapsed_seconds":7309.6941962,"iteration":1241,"iteration_seconds":30.6376929,"phase":"iteration_complete","training_seconds":6849.277648199995}
STUDY_PHASE {"elapsed_seconds":7339.6556494,"iteration":1242,"iteration_seconds":29.9614094,"phase":"iteration_complete","training_seconds":6879.239057599995}
STUDY_PHASE {"elapsed_seconds":7369.6250965,"iteration":1243,"iteration_seconds":29.9693991,"phase":"iteration_complete","training_seconds":6909.208456699996}
STUDY_PHASE {"elapsed_seconds":7397.9098883,"iteration":1244,"iteration_seconds":28.284749,"phase":"iteration_complete","training_seconds":6937.493205699996}
STUDY_PHASE {"elapsed_seconds":7425.5591723,"iteration":1245,"iteration_seconds":27.6492417,"phase":"iteration_complete","training_seconds":6965.142447399996}
STUDY_PHASE {"elapsed_seconds":7453.2966008,"iteration":1246,"iteration_seconds":27.7373846,"phase":"iteration_complete","training_seconds":6992.879831999996}
STUDY_PHASE {"elapsed_seconds":7480.6903545,"iteration":1247,"iteration_seconds":27.3937101,"phase":"iteration_complete","training_seconds":7020.273542099996}
STUDY_PHASE {"elapsed_seconds":7508.5356254,"iteration":1248,"iteration_seconds":27.8451798,"phase":"iteration_complete","training_seconds":7048.118721899996}
STUDY_PHASE {"elapsed_seconds":7536.6542881,"iteration":1249,"iteration_seconds":28.1186123,"phase":"iteration_complete","training_seconds":7076.2373341999955}
STUDY_PHASE {"elapsed_seconds":7564.9482987,"iteration":1250,"iteration_seconds":28.2939674,"phase":"iteration_complete","training_seconds":7104.5313015999955}
STUDY_PHASE {"elapsed_seconds":7592.7336254,"iteration":1251,"iteration_seconds":27.7852851,"phase":"iteration_complete","training_seconds":7132.316586699995}
STUDY_PHASE {"elapsed_seconds":7620.4152631,"iteration":1252,"iteration_seconds":27.6815946,"phase":"iteration_complete","training_seconds":7159.998181299995}
STUDY_PHASE {"elapsed_seconds":7649.129617,"iteration":1253,"iteration_seconds":28.7143071,"phase":"iteration_complete","training_seconds":7188.712488399995}
STUDY_PHASE {"elapsed_seconds":7677.4153047,"iteration":1254,"iteration_seconds":28.2856509,"phase":"iteration_complete","training_seconds":7216.998139299995}
STUDY_PHASE {"elapsed_seconds":7705.827331,"iteration":1255,"iteration_seconds":28.4119815,"phase":"iteration_complete","training_seconds":7245.410120799996}
STUDY_PHASE {"elapsed_seconds":7732.7372662,"iteration":1256,"iteration_seconds":26.9098956,"phase":"iteration_complete","training_seconds":7272.320016399995}
STUDY_PHASE {"elapsed_seconds":7760.1327911,"iteration":1257,"iteration_seconds":27.3954841,"phase":"iteration_complete","training_seconds":7299.715500499996}
STUDY_PHASE {"elapsed_seconds":7787.439306,"iteration":1258,"iteration_seconds":27.3064739,"phase":"iteration_complete","training_seconds":7327.021974399996}
STUDY_PHASE {"elapsed_seconds":7814.7696646,"iteration":1259,"iteration_seconds":27.330268,"phase":"iteration_complete","training_seconds":7354.352242399996}
STUDY_PHASE {"elapsed_seconds":7842.3432485,"iteration":1260,"iteration_seconds":27.5735403,"phase":"iteration_complete","training_seconds":7381.925782699996}
STUDY_PHASE {"elapsed_seconds":7871.6476027,"iteration":1261,"iteration_seconds":29.3043031,"phase":"iteration_complete","training_seconds":7411.230085799995}
STUDY_PHASE {"elapsed_seconds":7899.8036931,"iteration":1262,"iteration_seconds":28.1560387,"phase":"iteration_complete","training_seconds":7439.386124499995}
STUDY_PHASE {"elapsed_seconds":7927.097077,"iteration":1263,"iteration_seconds":27.2933359,"phase":"iteration_complete","training_seconds":7466.679460399995}
STUDY_PHASE {"elapsed_seconds":7954.4899799,"iteration":1264,"iteration_seconds":27.3928593,"phase":"iteration_complete","training_seconds":7494.072319699995}
STUDY_PHASE {"elapsed_seconds":7981.9680414,"iteration":1265,"iteration_seconds":27.4780103,"phase":"iteration_complete","training_seconds":7521.5503299999955}
STUDY_PHASE {"elapsed_seconds":8009.4001308,"iteration":1266,"iteration_seconds":27.4320418,"phase":"iteration_complete","training_seconds":7548.982371799995}
STUDY_PHASE {"elapsed_seconds":8037.5625487,"iteration":1267,"iteration_seconds":28.1623647,"phase":"iteration_complete","training_seconds":7577.144736499995}
STUDY_PHASE {"elapsed_seconds":8065.6452736,"iteration":1268,"iteration_seconds":28.0826801,"phase":"iteration_complete","training_seconds":7605.227416599995}
STUDY_PHASE {"elapsed_seconds":8093.3628761,"iteration":1269,"iteration_seconds":27.7175618,"phase":"iteration_complete","training_seconds":7632.944978399995}
STUDY_PHASE {"elapsed_seconds":8121.2464292,"iteration":1270,"iteration_seconds":27.8835106,"phase":"iteration_complete","training_seconds":7660.828488999995}
STUDY_PHASE {"elapsed_seconds":8149.0643272,"iteration":1271,"iteration_seconds":27.8178569,"phase":"iteration_complete","training_seconds":7688.646345899995}
STUDY_PHASE {"elapsed_seconds":8177.1319266,"iteration":1272,"iteration_seconds":28.0675613,"phase":"iteration_complete","training_seconds":7716.713907199995}
STUDY_PHASE {"elapsed_seconds":8205.9086311,"iteration":1273,"iteration_seconds":28.7766619,"phase":"iteration_complete","training_seconds":7745.490569099996}
STUDY_PHASE {"elapsed_seconds":8233.289796,"iteration":1274,"iteration_seconds":27.3811145,"phase":"iteration_complete","training_seconds":7772.871683599996}
STUDY_PHASE {"elapsed_seconds":8261.7772561,"iteration":1275,"iteration_seconds":28.4874145,"phase":"iteration_complete","training_seconds":7801.359098099996}
STUDY_PHASE {"elapsed_seconds":8289.1832764,"iteration":1276,"iteration_seconds":27.405967,"phase":"iteration_complete","training_seconds":7828.765065099996}
STUDY_PHASE {"elapsed_seconds":8316.9478756,"iteration":1277,"iteration_seconds":27.76455,"phase":"iteration_complete","training_seconds":7856.529615099996}
STUDY_PHASE {"elapsed_seconds":8344.673664,"iteration":1278,"iteration_seconds":27.7257561,"phase":"iteration_complete","training_seconds":7884.255371199995}
STUDY_PHASE {"elapsed_seconds":8372.7444843,"iteration":1279,"iteration_seconds":28.0707713,"phase":"iteration_complete","training_seconds":7912.3261424999955}
STUDY_PHASE {"elapsed_seconds":8400.1473354,"iteration":1280,"iteration_seconds":27.4028013,"phase":"iteration_complete","training_seconds":7939.728943799995}
STUDY_PHASE {"elapsed_seconds":8427.9189613,"iteration":1281,"iteration_seconds":27.7715814,"phase":"iteration_complete","training_seconds":7967.5005251999955}
STUDY_PHASE {"elapsed_seconds":8455.4075496,"iteration":1282,"iteration_seconds":27.4885459,"phase":"iteration_complete","training_seconds":7994.989071099995}
STUDY_PHASE {"elapsed_seconds":8483.333718,"iteration":1283,"iteration_seconds":27.926124,"phase":"iteration_complete","training_seconds":8022.915195099995}
STUDY_PHASE {"elapsed_seconds":8511.2108594,"iteration":1284,"iteration_seconds":27.8770967,"phase":"iteration_complete","training_seconds":8050.792291799995}
STUDY_PHASE {"elapsed_seconds":8539.1120822,"iteration":1285,"iteration_seconds":27.9011792,"phase":"iteration_complete","training_seconds":8078.693470999995}
STUDY_PHASE {"elapsed_seconds":8566.2992184,"iteration":1286,"iteration_seconds":27.1871004,"phase":"iteration_complete","training_seconds":8105.8805713999955}
STUDY_PHASE {"elapsed_seconds":8593.5895006,"iteration":1287,"iteration_seconds":27.2902371,"phase":"iteration_complete","training_seconds":8133.1708084999955}
STUDY_PHASE {"elapsed_seconds":8620.7793125,"iteration":1288,"iteration_seconds":27.1897688,"phase":"iteration_complete","training_seconds":8160.360577299995}
STUDY_PHASE {"elapsed_seconds":8648.5471301,"iteration":1289,"iteration_seconds":27.7677368,"phase":"iteration_complete","training_seconds":8188.128314099996}
STUDY_PHASE {"elapsed_seconds":8677.9491231,"iteration":1290,"iteration_seconds":29.4019506,"phase":"iteration_complete","training_seconds":8217.530264699995}
STUDY_PHASE {"elapsed_seconds":8706.0614632,"iteration":1291,"iteration_seconds":28.1122994,"phase":"iteration_complete","training_seconds":8245.642564099995}
STUDY_PHASE {"elapsed_seconds":8733.8143613,"iteration":1292,"iteration_seconds":27.7528554,"phase":"iteration_complete","training_seconds":8273.395419499995}
STUDY_PHASE {"elapsed_seconds":8761.8584995,"iteration":1293,"iteration_seconds":28.0440936,"phase":"iteration_complete","training_seconds":8301.439513099995}
STUDY_PHASE {"elapsed_seconds":8788.6596787,"iteration":1294,"iteration_seconds":26.8011366,"phase":"iteration_complete","training_seconds":8328.240649699994}
STUDY_PHASE {"elapsed_seconds":8819.4109652,"iteration":1295,"iteration_seconds":30.7512391,"phase":"iteration_complete","training_seconds":8358.991888799994}
STUDY_PHASE {"elapsed_seconds":8847.5130292,"iteration":1296,"iteration_seconds":28.1020248,"phase":"iteration_complete","training_seconds":8387.093913599994}
STUDY_PHASE {"elapsed_seconds":8876.1370793,"iteration":1297,"iteration_seconds":28.62401,"phase":"iteration_complete","training_seconds":8415.717923599994}
STUDY_PHASE {"elapsed_seconds":8904.5849888,"iteration":1298,"iteration_seconds":28.4478655,"phase":"iteration_complete","training_seconds":8444.165789099994}
STUDY_PHASE {"elapsed_seconds":8932.1404831,"iteration":1299,"iteration_seconds":27.5554535,"phase":"iteration_complete","training_seconds":8471.721242599993}
STUDY_PHASE {"elapsed_seconds":8959.9465697,"iteration":1300,"iteration_seconds":27.8060363,"phase":"iteration_complete","training_seconds":8499.527278899994}
STUDY_PHASE {"elapsed_seconds":8987.4995442,"iteration":1301,"iteration_seconds":27.5529277,"phase":"iteration_complete","training_seconds":8527.080206599994}
STUDY_PHASE {"elapsed_seconds":9014.8529903,"iteration":1302,"iteration_seconds":27.353403,"phase":"iteration_complete","training_seconds":8554.433609599993}
STUDY_PHASE {"elapsed_seconds":9042.2694477,"iteration":1303,"iteration_seconds":27.4163862,"phase":"iteration_complete","training_seconds":8581.849995799994}
STUDY_PHASE {"elapsed_seconds":9070.5758546,"iteration":1304,"iteration_seconds":28.3063679,"phase":"iteration_complete","training_seconds":8610.156363699994}
STUDY_PHASE {"elapsed_seconds":9098.0917315,"iteration":1305,"iteration_seconds":27.5158354,"phase":"iteration_complete","training_seconds":8637.672199099994}
STUDY_PHASE {"elapsed_seconds":9125.1371216,"iteration":1306,"iteration_seconds":27.0453436,"phase":"iteration_complete","training_seconds":8664.717542699995}
STUDY_PHASE {"elapsed_seconds":9153.0898598,"iteration":1307,"iteration_seconds":27.952685,"phase":"iteration_complete","training_seconds":8692.670227699995}
STUDY_PHASE {"elapsed_seconds":9180.423378,"iteration":1308,"iteration_seconds":27.3334763,"phase":"iteration_complete","training_seconds":8720.003703999995}
STUDY_PHASE {"elapsed_seconds":9207.6926725,"iteration":1309,"iteration_seconds":27.2692566,"phase":"iteration_complete","training_seconds":8747.272960599996}
STUDY_PHASE {"elapsed_seconds":9235.9554046,"iteration":1310,"iteration_seconds":28.2626939,"phase":"iteration_complete","training_seconds":8775.535654499996}
STUDY_PHASE {"elapsed_seconds":9263.8616756,"iteration":1311,"iteration_seconds":27.9061864,"phase":"iteration_complete","training_seconds":8803.441840899995}
STUDY_PHASE {"elapsed_seconds":9291.1132165,"iteration":1312,"iteration_seconds":27.2514981,"phase":"iteration_complete","training_seconds":8830.693338999996}
STUDY_PHASE {"elapsed_seconds":9318.5612504,"iteration":1313,"iteration_seconds":27.4479917,"phase":"iteration_complete","training_seconds":8858.141330699997}
STUDY_PHASE {"elapsed_seconds":9346.524881,"iteration":1314,"iteration_seconds":27.9635854,"phase":"iteration_complete","training_seconds":8886.104916099997}
STUDY_PHASE {"elapsed_seconds":9373.8647338,"iteration":1315,"iteration_seconds":27.3398217,"phase":"iteration_complete","training_seconds":8913.444737799997}
STUDY_PHASE {"elapsed_seconds":9401.2652874,"iteration":1316,"iteration_seconds":27.4005099,"phase":"iteration_complete","training_seconds":8940.845247699997}
STUDY_PHASE {"elapsed_seconds":9428.4414907,"iteration":1317,"iteration_seconds":27.1761576,"phase":"iteration_complete","training_seconds":8968.021405299998}
STUDY_PHASE {"elapsed_seconds":9456.3219156,"iteration":1318,"iteration_seconds":27.8803781,"phase":"iteration_complete","training_seconds":8995.901783399999}
STUDY_PHASE {"elapsed_seconds":9483.5910932,"iteration":1319,"iteration_seconds":27.2691312,"phase":"iteration_complete","training_seconds":9023.1709146}
STUDY_PHASE {"elapsed_seconds":9511.6333418,"iteration":1320,"iteration_seconds":28.0422071,"phase":"iteration_complete","training_seconds":9051.213121699999}
STUDY_PHASE {"elapsed_seconds":9539.457624,"iteration":1321,"iteration_seconds":27.8242415,"phase":"iteration_complete","training_seconds":9079.0373632}
STUDY_PHASE {"elapsed_seconds":9567.2995035,"iteration":1322,"iteration_seconds":27.8418377,"phase":"iteration_complete","training_seconds":9106.879200899999}
STUDY_PHASE {"elapsed_seconds":9591.6178714,"iteration":1323,"iteration_seconds":24.3183222,"phase":"iteration_complete","training_seconds":9131.1975231}
STUDY_PHASE {"elapsed_seconds":9616.2269645,"iteration":1324,"iteration_seconds":24.6090589,"phase":"iteration_complete","training_seconds":9155.806582}
STUDY_PHASE {"elapsed_seconds":9640.9230466,"iteration":1325,"iteration_seconds":24.6960499,"phase":"iteration_complete","training_seconds":9180.502631899999}
STUDY_PHASE {"elapsed_seconds":9665.2139588,"iteration":1326,"iteration_seconds":24.2908455,"phase":"iteration_complete","training_seconds":9204.793477399999}
STUDY_PHASE {"elapsed_seconds":9690.0262394,"iteration":1327,"iteration_seconds":24.8122385,"phase":"iteration_complete","training_seconds":9229.6057159}
STUDY_PHASE {"elapsed_seconds":9714.8750341,"iteration":1328,"iteration_seconds":24.8487533,"phase":"iteration_complete","training_seconds":9254.4544692}
STUDY_PHASE {"elapsed_seconds":9741.2477189,"iteration":1329,"iteration_seconds":26.372633,"phase":"iteration_complete","training_seconds":9280.8271022}
STUDY_PHASE {"elapsed_seconds":9766.2421128,"iteration":1330,"iteration_seconds":24.9943602,"phase":"iteration_complete","training_seconds":9305.821462400001}
STUDY_PHASE {"elapsed_seconds":9790.7737421,"iteration":1331,"iteration_seconds":24.5315964,"phase":"iteration_complete","training_seconds":9330.353058800001}
STUDY_PHASE {"elapsed_seconds":9815.5413915,"iteration":1332,"iteration_seconds":24.7676073,"phase":"iteration_complete","training_seconds":9355.120666100001}
STUDY_PHASE {"elapsed_seconds":9840.1170798,"iteration":1333,"iteration_seconds":24.5756464,"phase":"iteration_complete","training_seconds":9379.696312500002}
STUDY_PHASE {"elapsed_seconds":9865.1089938,"iteration":1334,"iteration_seconds":24.9918729,"phase":"iteration_complete","training_seconds":9404.688185400002}
STUDY_PHASE {"elapsed_seconds":9890.1645652,"iteration":1335,"iteration_seconds":25.0555279,"phase":"iteration_complete","training_seconds":9429.743713300002}
STUDY_PHASE {"elapsed_seconds":9914.6828898,"iteration":1336,"iteration_seconds":24.5182887,"phase":"iteration_complete","training_seconds":9454.262002000001}
STUDY_PHASE {"elapsed_seconds":9938.9434879,"iteration":1337,"iteration_seconds":24.2605625,"phase":"iteration_complete","training_seconds":9478.522564500001}
STUDY_PHASE {"elapsed_seconds":9963.5918654,"iteration":1338,"iteration_seconds":24.6483285,"phase":"iteration_complete","training_seconds":9503.170893}
STUDY_PHASE {"elapsed_seconds":9988.0032215,"iteration":1339,"iteration_seconds":24.4113149,"phase":"iteration_complete","training_seconds":9527.5822079}
STUDY_PHASE {"elapsed_seconds":10012.5976968,"iteration":1340,"iteration_seconds":24.5944385,"phase":"iteration_complete","training_seconds":9552.176646400001}
STUDY_PHASE {"elapsed_seconds":10037.1206879,"iteration":1341,"iteration_seconds":24.522948,"phase":"iteration_complete","training_seconds":9576.699594400001}
STUDY_PHASE {"elapsed_seconds":10061.4008847,"iteration":1342,"iteration_seconds":24.2801599,"phase":"iteration_complete","training_seconds":9600.9797543}
STUDY_PHASE {"elapsed_seconds":10086.420038,"iteration":1343,"iteration_seconds":25.0191151,"phase":"iteration_complete","training_seconds":9625.9988694}
STUDY_PHASE {"elapsed_seconds":10110.4472946,"iteration":1344,"iteration_seconds":24.0272222,"phase":"iteration_complete","training_seconds":9650.0260916}
STUDY_PHASE {"elapsed_seconds":10135.2355892,"iteration":1345,"iteration_seconds":24.7882497,"phase":"iteration_complete","training_seconds":9674.8143413}
STUDY_PHASE {"elapsed_seconds":10159.7987124,"iteration":1346,"iteration_seconds":24.5630936,"phase":"iteration_complete","training_seconds":9699.3774349}
STUDY_PHASE {"elapsed_seconds":10184.3362549,"iteration":1347,"iteration_seconds":24.5375005,"phase":"iteration_complete","training_seconds":9723.9149354}
STUDY_PHASE {"elapsed_seconds":10208.8936922,"iteration":1348,"iteration_seconds":24.5573978,"phase":"iteration_complete","training_seconds":9748.4723332}
STUDY_PHASE {"elapsed_seconds":10233.8658609,"iteration":1349,"iteration_seconds":24.9721269,"phase":"iteration_complete","training_seconds":9773.4444601}
STUDY_PHASE {"elapsed_seconds":10258.4328195,"iteration":1350,"iteration_seconds":24.5669182,"phase":"iteration_complete","training_seconds":9798.0113783}
STUDY_PHASE {"elapsed_seconds":10283.2400965,"iteration":1351,"iteration_seconds":24.8072377,"phase":"iteration_complete","training_seconds":9822.818616}
STUDY_PHASE {"elapsed_seconds":10308.4354069,"iteration":1352,"iteration_seconds":25.1952633,"phase":"iteration_complete","training_seconds":9848.0138793}
STUDY_PHASE {"elapsed_seconds":10332.5548128,"iteration":1353,"iteration_seconds":24.1193641,"phase":"iteration_complete","training_seconds":9872.133243400001}
STUDY_PHASE {"elapsed_seconds":10357.6377947,"iteration":1354,"iteration_seconds":25.0829464,"phase":"iteration_complete","training_seconds":9897.216189800001}
STUDY_PHASE {"elapsed_seconds":10382.4085481,"iteration":1355,"iteration_seconds":24.7707083,"phase":"iteration_complete","training_seconds":9921.986898100002}
STUDY_PHASE {"elapsed_seconds":10406.830418,"iteration":1356,"iteration_seconds":24.4218292,"phase":"iteration_complete","training_seconds":9946.408727300002}
STUDY_PHASE {"elapsed_seconds":10431.4076275,"iteration":1357,"iteration_seconds":24.5771676,"phase":"iteration_complete","training_seconds":9970.985894900003}
STUDY_PHASE {"elapsed_seconds":10456.019854,"iteration":1358,"iteration_seconds":24.6121569,"phase":"iteration_complete","training_seconds":9995.598051800003}
STUDY_PHASE {"elapsed_seconds":10480.3908293,"iteration":1359,"iteration_seconds":24.3709312,"phase":"iteration_complete","training_seconds":10019.968983000002}
STUDY_PHASE {"elapsed_seconds":10504.9376757,"iteration":1360,"iteration_seconds":24.5468132,"phase":"iteration_complete","training_seconds":10044.515796200003}
STUDY_PHASE {"elapsed_seconds":10529.6723092,"iteration":1361,"iteration_seconds":24.7345994,"phase":"iteration_complete","training_seconds":10069.250395600004}
STUDY_PHASE {"elapsed_seconds":10554.6267097,"iteration":1362,"iteration_seconds":24.954361,"phase":"iteration_complete","training_seconds":10094.204756600004}
STUDY_PHASE {"elapsed_seconds":10579.1896944,"iteration":1363,"iteration_seconds":24.5629452,"phase":"iteration_complete","training_seconds":10118.767701800003}
STUDY_PHASE {"elapsed_seconds":10603.7217352,"iteration":1364,"iteration_seconds":24.5320092,"phase":"iteration_complete","training_seconds":10143.299711000003}
STUDY_PHASE {"elapsed_seconds":10627.7263658,"iteration":1365,"iteration_seconds":24.0045894,"phase":"iteration_complete","training_seconds":10167.304300400003}
STUDY_PHASE {"elapsed_seconds":10652.877767,"iteration":1366,"iteration_seconds":25.1513614,"phase":"iteration_complete","training_seconds":10192.455661800002}
STUDY_PHASE {"elapsed_seconds":10677.9139001,"iteration":1367,"iteration_seconds":25.0360874,"phase":"iteration_complete","training_seconds":10217.491749200002}
STUDY_PHASE {"elapsed_seconds":10702.4327976,"iteration":1368,"iteration_seconds":24.5188576,"phase":"iteration_complete","training_seconds":10242.010606800002}
STUDY_PHASE {"elapsed_seconds":10726.5551933,"iteration":1369,"iteration_seconds":24.1223624,"phase":"iteration_complete","training_seconds":10266.132969200002}
STUDY_PHASE {"elapsed_seconds":10751.7471,"iteration":1370,"iteration_seconds":25.1918773,"phase":"iteration_complete","training_seconds":10291.324846500002}
STUDY_PHASE {"elapsed_seconds":10776.1552698,"iteration":1371,"iteration_seconds":24.4081287,"phase":"iteration_complete","training_seconds":10315.732975200002}
STUDY_PHASE {"elapsed_seconds":10801.0177958,"iteration":1372,"iteration_seconds":24.8624842,"phase":"iteration_complete","training_seconds":10340.595459400003}
STUDY_PHASE {"elapsed_seconds":10825.7003981,"iteration":1373,"iteration_seconds":24.6825607,"phase":"iteration_complete","training_seconds":10365.278020100002}
STUDY_PHASE {"elapsed_seconds":10850.3065611,"iteration":1374,"iteration_seconds":24.6061311,"phase":"iteration_complete","training_seconds":10389.884151200002}
STUDY_PHASE {"elapsed_seconds":10874.4720753,"iteration":1375,"iteration_seconds":24.1654762,"phase":"iteration_complete","training_seconds":10414.049627400002}
STUDY_PHASE {"elapsed_seconds":10898.8163076,"iteration":1376,"iteration_seconds":24.3441955,"phase":"iteration_complete","training_seconds":10438.393822900001}
STUDY_PHASE {"elapsed_seconds":10923.6110269,"iteration":1377,"iteration_seconds":24.794672,"phase":"iteration_complete","training_seconds":10463.188494900001}
STUDY_PHASE {"elapsed_seconds":10948.6637541,"iteration":1378,"iteration_seconds":25.0526777,"phase":"iteration_complete","training_seconds":10488.241172600001}
STUDY_PHASE {"elapsed_seconds":10974.0770527,"iteration":1379,"iteration_seconds":25.4132459,"phase":"iteration_complete","training_seconds":10513.6544185}
STUDY_PHASE {"elapsed_seconds":10998.4679549,"iteration":1380,"iteration_seconds":24.3908571,"phase":"iteration_complete","training_seconds":10538.0452756}
STUDY_PHASE {"elapsed_seconds":11022.8999334,"iteration":1381,"iteration_seconds":24.4319368,"phase":"iteration_complete","training_seconds":10562.4772124}
STUDY_PHASE {"elapsed_seconds":11047.216882,"iteration":1382,"iteration_seconds":24.316909,"phase":"iteration_complete","training_seconds":10586.794121399998}
STUDY_PHASE {"elapsed_seconds":11072.2611764,"iteration":1383,"iteration_seconds":25.044254,"phase":"iteration_complete","training_seconds":10611.838375399999}
STUDY_PHASE {"elapsed_seconds":11096.747512,"iteration":1384,"iteration_seconds":24.4863037,"phase":"iteration_complete","training_seconds":10636.324679099998}
STUDY_PHASE {"elapsed_seconds":11120.7974282,"iteration":1385,"iteration_seconds":24.0498763,"phase":"iteration_complete","training_seconds":10660.374555399998}
STUDY_PHASE {"elapsed_seconds":11145.3737348,"iteration":1386,"iteration_seconds":24.5762638,"phase":"iteration_complete","training_seconds":10684.950819199998}
STUDY_PHASE {"elapsed_seconds":11169.719653,"iteration":1387,"iteration_seconds":24.3458791,"phase":"iteration_complete","training_seconds":10709.296698299997}
STUDY_PHASE {"elapsed_seconds":11194.2840209,"iteration":1388,"iteration_seconds":24.5643318,"phase":"iteration_complete","training_seconds":10733.861030099997}
STUDY_PHASE {"elapsed_seconds":11218.7993594,"iteration":1389,"iteration_seconds":24.5153002,"phase":"iteration_complete","training_seconds":10758.376330299998}
STUDY_PHASE {"elapsed_seconds":11243.1403106,"iteration":1390,"iteration_seconds":24.3409108,"phase":"iteration_complete","training_seconds":10782.717241099997}
STUDY_PHASE {"elapsed_seconds":11267.6773791,"iteration":1391,"iteration_seconds":24.5370278,"phase":"iteration_complete","training_seconds":10807.254268899997}
STUDY_PHASE {"elapsed_seconds":11292.6088867,"iteration":1392,"iteration_seconds":24.931468,"phase":"iteration_complete","training_seconds":10832.185736899997}
STUDY_PHASE {"elapsed_seconds":11316.8530655,"iteration":1393,"iteration_seconds":24.2441391,"phase":"iteration_complete","training_seconds":10856.429875999997}
STUDY_PHASE {"elapsed_seconds":11341.6534735,"iteration":1394,"iteration_seconds":24.8003676,"phase":"iteration_complete","training_seconds":10881.230243599997}
STUDY_PHASE {"elapsed_seconds":11366.0083243,"iteration":1395,"iteration_seconds":24.3548083,"phase":"iteration_complete","training_seconds":10905.585051899998}
STUDY_PHASE {"elapsed_seconds":11390.4366868,"iteration":1396,"iteration_seconds":24.4283291,"phase":"iteration_complete","training_seconds":10930.013380999997}
STUDY_PHASE {"elapsed_seconds":11414.9827094,"iteration":1397,"iteration_seconds":24.545985,"phase":"iteration_complete","training_seconds":10954.559365999998}
STUDY_PHASE {"elapsed_seconds":11439.7267516,"iteration":1398,"iteration_seconds":24.7440029,"phase":"iteration_complete","training_seconds":10979.303368899999}
STUDY_PHASE {"elapsed_seconds":11464.4194752,"iteration":1399,"iteration_seconds":24.6926878,"phase":"iteration_complete","training_seconds":11003.996056699998}
STUDY_PHASE {"elapsed_seconds":11488.7790288,"iteration":1400,"iteration_seconds":24.3595121,"phase":"iteration_complete","training_seconds":11028.355568799998}
STUDY_PHASE {"elapsed_seconds":11513.4741728,"iteration":1401,"iteration_seconds":24.695101,"phase":"iteration_complete","training_seconds":11053.050669799997}
STUDY_PHASE {"elapsed_seconds":11538.6031309,"iteration":1402,"iteration_seconds":25.1289159,"phase":"iteration_complete","training_seconds":11078.179585699998}
STUDY_PHASE {"elapsed_seconds":11563.2885728,"iteration":1403,"iteration_seconds":24.6853988,"phase":"iteration_complete","training_seconds":11102.864984499998}
STUDY_PHASE {"elapsed_seconds":11588.0848857,"iteration":1404,"iteration_seconds":24.7962759,"phase":"iteration_complete","training_seconds":11127.661260399998}
STUDY_PHASE {"elapsed_seconds":11613.4024024,"iteration":1405,"iteration_seconds":25.3174465,"phase":"iteration_complete","training_seconds":11152.978706899998}
STUDY_PHASE {"elapsed_seconds":11640.3239746,"iteration":1406,"iteration_seconds":26.9215342,"phase":"iteration_complete","training_seconds":11179.900241099998}
STUDY_PHASE {"elapsed_seconds":11664.7169101,"iteration":1407,"iteration_seconds":24.3928947,"phase":"iteration_complete","training_seconds":11204.293135799999}
STUDY_PHASE {"elapsed_seconds":11689.0965751,"iteration":1408,"iteration_seconds":24.3796197,"phase":"iteration_complete","training_seconds":11228.672755499998}
STUDY_PHASE {"elapsed_seconds":11713.5420354,"iteration":1409,"iteration_seconds":24.4453855,"phase":"iteration_complete","training_seconds":11253.118140999997}
STUDY_PHASE {"elapsed_seconds":11738.0439791,"iteration":1410,"iteration_seconds":24.5019043,"phase":"iteration_complete","training_seconds":11277.620045299996}
STUDY_PHASE {"elapsed_seconds":11762.728905,"iteration":1411,"iteration_seconds":24.684891,"phase":"iteration_complete","training_seconds":11302.304936299997}
STUDY_PHASE {"elapsed_seconds":11786.9538926,"iteration":1412,"iteration_seconds":24.2249517,"phase":"iteration_complete","training_seconds":11326.529887999997}
STUDY_PHASE {"elapsed_seconds":11811.4797125,"iteration":1413,"iteration_seconds":24.5257878,"phase":"iteration_complete","training_seconds":11351.055675799997}
STUDY_PHASE {"elapsed_seconds":11836.0005247,"iteration":1414,"iteration_seconds":24.5207707,"phase":"iteration_complete","training_seconds":11375.576446499997}
STUDY_PHASE {"elapsed_seconds":11860.4127036,"iteration":1415,"iteration_seconds":24.4121461,"phase":"iteration_complete","training_seconds":11399.988592599997}
STUDY_PHASE {"elapsed_seconds":11885.4511791,"iteration":1416,"iteration_seconds":25.0384402,"phase":"iteration_complete","training_seconds":11425.027032799997}
STUDY_PHASE {"elapsed_seconds":11909.9872888,"iteration":1417,"iteration_seconds":24.5360694,"phase":"iteration_complete","training_seconds":11449.563102199996}
STUDY_PHASE {"elapsed_seconds":11934.098881,"iteration":1418,"iteration_seconds":24.1115545,"phase":"iteration_complete","training_seconds":11473.674656699995}
STUDY_PHASE {"elapsed_seconds":11959.2150142,"iteration":1419,"iteration_seconds":25.1160918,"phase":"iteration_complete","training_seconds":11498.790748499996}
STUDY_PHASE {"elapsed_seconds":11983.5056974,"iteration":1420,"iteration_seconds":24.290642300000002,"phase":"iteration_complete","training_seconds":11523.081390799996}
STUDY_PHASE {"elapsed_seconds":12007.8540755,"iteration":1421,"iteration_seconds":24.3483416,"phase":"iteration_complete","training_seconds":11547.429732399996}
STUDY_PHASE {"elapsed_seconds":12032.4334047,"iteration":1422,"iteration_seconds":24.57929,"phase":"iteration_complete","training_seconds":11572.009022399996}
STUDY_PHASE {"elapsed_seconds":12056.9644217,"iteration":1423,"iteration_seconds":24.5309752,"phase":"iteration_complete","training_seconds":11596.539997599995}
STUDY_PHASE {"elapsed_seconds":12081.5989062,"iteration":1424,"iteration_seconds":24.6344514,"phase":"iteration_complete","training_seconds":11621.174448999995}
STUDY_PHASE {"elapsed_seconds":12105.6433443,"iteration":1425,"iteration_seconds":24.044402,"phase":"iteration_complete","training_seconds":11645.218850999994}
STUDY_PHASE {"elapsed_seconds":12130.2293973,"iteration":1426,"iteration_seconds":24.5860168,"phase":"iteration_complete","training_seconds":11669.804867799994}
STUDY_PHASE {"elapsed_seconds":12155.0308283,"iteration":1427,"iteration_seconds":24.8013959,"phase":"iteration_complete","training_seconds":11694.606263699994}
STUDY_PHASE {"elapsed_seconds":12179.6888005,"iteration":1428,"iteration_seconds":24.6579294,"phase":"iteration_complete","training_seconds":11719.264193099994}
STUDY_PHASE {"elapsed_seconds":12204.2323741,"iteration":1429,"iteration_seconds":24.5435241,"phase":"iteration_complete","training_seconds":11743.807717199994}
STUDY_PHASE {"elapsed_seconds":12228.451926,"iteration":1430,"iteration_seconds":24.2195013,"phase":"iteration_complete","training_seconds":11768.027218499994}
STUDY_PHASE {"elapsed_seconds":12253.0209768,"iteration":1431,"iteration_seconds":24.568992,"phase":"iteration_complete","training_seconds":11792.596210499994}
STUDY_PHASE {"elapsed_seconds":12277.2607451,"iteration":1432,"iteration_seconds":24.2397325,"phase":"iteration_complete","training_seconds":11816.835942999995}
STUDY_PHASE {"elapsed_seconds":12302.0251994,"iteration":1433,"iteration_seconds":24.7644143,"phase":"iteration_complete","training_seconds":11841.600357299994}
STUDY_PHASE {"elapsed_seconds":12326.7353995,"iteration":1434,"iteration_seconds":24.7101569,"phase":"iteration_complete","training_seconds":11866.310514199995}
STUDY_PHASE {"elapsed_seconds":12351.1793129,"iteration":1435,"iteration_seconds":24.4438789,"phase":"iteration_complete","training_seconds":11890.754393099995}
STUDY_PHASE {"elapsed_seconds":12375.4165091,"iteration":1436,"iteration_seconds":24.2371621,"phase":"iteration_complete","training_seconds":11914.991555199995}
STUDY_PHASE {"elapsed_seconds":12400.2361646,"iteration":1437,"iteration_seconds":24.8196154,"phase":"iteration_complete","training_seconds":11939.811170599995}
STUDY_PHASE {"elapsed_seconds":12424.656196,"iteration":1438,"iteration_seconds":24.4199889,"phase":"iteration_complete","training_seconds":11964.231159499994}
STUDY_PHASE {"elapsed_seconds":12448.7308493,"iteration":1439,"iteration_seconds":24.0746161,"phase":"iteration_complete","training_seconds":11988.305775599994}
STUDY_PHASE {"elapsed_seconds":12473.2787784,"iteration":1440,"iteration_seconds":24.547894499999998,"phase":"iteration_complete","training_seconds":12012.853670099994}
STUDY_PHASE {"elapsed_seconds":12497.8399816,"iteration":1441,"iteration_seconds":24.5611651,"phase":"iteration_complete","training_seconds":12037.414835199994}
STUDY_PHASE {"elapsed_seconds":12522.3722131,"iteration":1442,"iteration_seconds":24.5321963,"phase":"iteration_complete","training_seconds":12061.947031499994}
STUDY_PHASE {"elapsed_seconds":12547.0524911,"iteration":1443,"iteration_seconds":24.6802402,"phase":"iteration_complete","training_seconds":12086.627271699994}
STUDY_PHASE {"elapsed_seconds":12571.5840434,"iteration":1444,"iteration_seconds":24.5315137,"phase":"iteration_complete","training_seconds":12111.158785399994}
STUDY_PHASE {"elapsed_seconds":12596.3142402,"iteration":1445,"iteration_seconds":24.7301598,"phase":"iteration_complete","training_seconds":12135.888945199993}
STUDY_PHASE {"elapsed_seconds":12622.4262508,"iteration":1446,"iteration_seconds":26.1119699,"phase":"iteration_complete","training_seconds":12162.000915099992}
STUDY_PHASE {"elapsed_seconds":12647.1108193,"iteration":1447,"iteration_seconds":24.6845337,"phase":"iteration_complete","training_seconds":12186.685448799992}
STUDY_PHASE {"elapsed_seconds":12671.5453301,"iteration":1448,"iteration_seconds":24.4344755,"phase":"iteration_complete","training_seconds":12211.119924299992}
STUDY_PHASE {"elapsed_seconds":12696.5668649,"iteration":1449,"iteration_seconds":25.0214992,"phase":"iteration_complete","training_seconds":12236.141423499992}
STUDY_PHASE {"elapsed_seconds":12720.6650577,"iteration":1450,"iteration_seconds":24.0981541,"phase":"iteration_complete","training_seconds":12260.239577599992}
STUDY_PHASE {"elapsed_seconds":12745.4331734,"iteration":1451,"iteration_seconds":24.7680749,"phase":"iteration_complete","training_seconds":12285.007652499991}
STUDY_PHASE {"elapsed_seconds":12770.1091835,"iteration":1452,"iteration_seconds":24.6759752,"phase":"iteration_complete","training_seconds":12309.683627699991}
STUDY_PHASE {"elapsed_seconds":12794.5760283,"iteration":1453,"iteration_seconds":24.4668051,"phase":"iteration_complete","training_seconds":12334.150432799992}
STUDY_PHASE {"elapsed_seconds":12819.0950131,"iteration":1454,"iteration_seconds":24.5189415,"phase":"iteration_complete","training_seconds":12358.669374299992}
STUDY_PHASE {"elapsed_seconds":12843.3464102,"iteration":1455,"iteration_seconds":24.2513592,"phase":"iteration_complete","training_seconds":12382.920733499992}
STUDY_PHASE {"elapsed_seconds":12867.4740987,"iteration":1456,"iteration_seconds":24.1276517,"phase":"iteration_complete","training_seconds":12407.048385199992}
STUDY_PHASE {"elapsed_seconds":12892.2404316,"iteration":1457,"iteration_seconds":24.7662905,"phase":"iteration_complete","training_seconds":12431.814675699992}
STUDY_PHASE {"elapsed_seconds":12916.5930635,"iteration":1458,"iteration_seconds":24.3525977,"phase":"iteration_complete","training_seconds":12456.167273399993}
STUDY_PHASE {"elapsed_seconds":12941.2399575,"iteration":1459,"iteration_seconds":24.6468477,"phase":"iteration_complete","training_seconds":12480.814121099993}
STUDY_PHASE {"elapsed_seconds":12965.7989482,"iteration":1460,"iteration_seconds":24.5589489,"phase":"iteration_complete","training_seconds":12505.373069999992}
STUDY_PHASE {"elapsed_seconds":12990.3457804,"iteration":1461,"iteration_seconds":24.5467918,"phase":"iteration_complete","training_seconds":12529.919861799992}
STUDY_PHASE {"elapsed_seconds":13014.912469,"iteration":1462,"iteration_seconds":24.5666552,"phase":"iteration_complete","training_seconds":12554.486516999992}
STUDY_PHASE {"elapsed_seconds":13039.3597401,"iteration":1463,"iteration_seconds":24.4472287,"phase":"iteration_complete","training_seconds":12578.933745699993}
STUDY_PHASE {"elapsed_seconds":13063.7901888,"iteration":1464,"iteration_seconds":24.4304034,"phase":"iteration_complete","training_seconds":12603.364149099993}
STUDY_PHASE {"elapsed_seconds":13088.3202225,"iteration":1465,"iteration_seconds":24.5300005,"phase":"iteration_complete","training_seconds":12627.894149599993}
STUDY_PHASE {"elapsed_seconds":13112.8521336,"iteration":1466,"iteration_seconds":24.5318717,"phase":"iteration_complete","training_seconds":12652.426021299992}
STUDY_PHASE {"elapsed_seconds":13137.8843178,"iteration":1467,"iteration_seconds":25.032149,"phase":"iteration_complete","training_seconds":12677.458170299993}
STUDY_PHASE {"elapsed_seconds":13162.4075725,"iteration":1468,"iteration_seconds":24.5232204,"phase":"iteration_complete","training_seconds":12701.981390699993}
STUDY_PHASE {"elapsed_seconds":13187.202339,"iteration":1469,"iteration_seconds":24.7947243,"phase":"iteration_complete","training_seconds":12726.776114999993}
STUDY_PHASE {"elapsed_seconds":13211.857107,"iteration":1470,"iteration_seconds":24.654730999999998,"phase":"iteration_complete","training_seconds":12751.430845999994}
STUDY_PHASE {"elapsed_seconds":13236.1165501,"iteration":1471,"iteration_seconds":24.2594077,"phase":"iteration_complete","training_seconds":12775.690253699993}
STUDY_PHASE {"elapsed_seconds":13260.341166,"iteration":1472,"iteration_seconds":24.2245751,"phase":"iteration_complete","training_seconds":12799.914828799992}
STUDY_PHASE {"elapsed_seconds":13284.8171013,"iteration":1473,"iteration_seconds":24.4758938,"phase":"iteration_complete","training_seconds":12824.390722599992}
STUDY_PHASE {"elapsed_seconds":13309.9567044,"iteration":1474,"iteration_seconds":25.1395689,"phase":"iteration_complete","training_seconds":12849.530291499992}
STUDY_PHASE {"elapsed_seconds":13335.0282903,"iteration":1475,"iteration_seconds":25.0715467,"phase":"iteration_complete","training_seconds":12874.601838199993}
STUDY_PHASE {"elapsed_seconds":13359.359379,"iteration":1476,"iteration_seconds":24.3310499,"phase":"iteration_complete","training_seconds":12898.932888099993}
STUDY_PHASE {"elapsed_seconds":13384.4311937,"iteration":1477,"iteration_seconds":25.0717722,"phase":"iteration_complete","training_seconds":12924.004660299994}
STUDY_PHASE {"elapsed_seconds":13409.7481447,"iteration":1478,"iteration_seconds":25.3169167,"phase":"iteration_complete","training_seconds":12949.321576999993}
STUDY_PHASE {"elapsed_seconds":13435.026849,"iteration":1479,"iteration_seconds":25.2786642,"phase":"iteration_complete","training_seconds":12974.600241199993}
STUDY_PHASE {"elapsed_seconds":13459.6727975,"iteration":1480,"iteration_seconds":24.6458996,"phase":"iteration_complete","training_seconds":12999.246140799993}
STUDY_PHASE {"elapsed_seconds":13484.5312658,"iteration":1481,"iteration_seconds":24.8584249,"phase":"iteration_complete","training_seconds":13024.104565699992}
STUDY_PHASE {"elapsed_seconds":13509.8153678,"iteration":1482,"iteration_seconds":25.2840682,"phase":"iteration_complete","training_seconds":13049.388633899993}
STUDY_PHASE {"elapsed_seconds":13535.5225301,"iteration":1483,"iteration_seconds":25.7071291,"phase":"iteration_complete","training_seconds":13075.095762999992}
STUDY_PHASE {"elapsed_seconds":13560.2300461,"iteration":1484,"iteration_seconds":24.7074346,"phase":"iteration_complete","training_seconds":13099.803197599993}
STUDY_PHASE {"elapsed_seconds":13584.6364714,"iteration":1485,"iteration_seconds":24.4063945,"phase":"iteration_complete","training_seconds":13124.209592099993}
STUDY_PHASE {"elapsed_seconds":13609.1526047,"iteration":1486,"iteration_seconds":24.516093,"phase":"iteration_complete","training_seconds":13148.725685099993}
STUDY_PHASE {"elapsed_seconds":13634.0161044,"iteration":1487,"iteration_seconds":24.8634599,"phase":"iteration_complete","training_seconds":13173.589144999993}
STUDY_PHASE {"elapsed_seconds":13658.5003166,"iteration":1488,"iteration_seconds":24.4841719,"phase":"iteration_complete","training_seconds":13198.073316899992}
STUDY_PHASE {"elapsed_seconds":13683.2674281,"iteration":1489,"iteration_seconds":24.767073,"phase":"iteration_complete","training_seconds":13222.840389899993}
STUDY_PHASE {"elapsed_seconds":13707.6516563,"iteration":1490,"iteration_seconds":24.3841933,"phase":"iteration_complete","training_seconds":13247.224583199994}
STUDY_PHASE {"elapsed_seconds":13732.0882503,"iteration":1491,"iteration_seconds":24.4365512,"phase":"iteration_complete","training_seconds":13271.661134399994}
STUDY_PHASE {"elapsed_seconds":13756.5084266,"iteration":1492,"iteration_seconds":24.4201367,"phase":"iteration_complete","training_seconds":13296.081271099994}
STUDY_PHASE {"elapsed_seconds":13781.2682064,"iteration":1493,"iteration_seconds":24.7597169,"phase":"iteration_complete","training_seconds":13320.840987999994}
STUDY_PHASE {"elapsed_seconds":13805.5091005,"iteration":1494,"iteration_seconds":24.2408569,"phase":"iteration_complete","training_seconds":13345.081844899994}
STUDY_PHASE {"elapsed_seconds":13830.4253391,"iteration":1495,"iteration_seconds":24.9162048,"phase":"iteration_complete","training_seconds":13369.998049699994}
STUDY_PHASE {"elapsed_seconds":13854.8051097,"iteration":1496,"iteration_seconds":24.3797336,"phase":"iteration_complete","training_seconds":13394.377783299995}
STUDY_PHASE {"elapsed_seconds":13879.7459941,"iteration":1497,"iteration_seconds":24.9408449,"phase":"iteration_complete","training_seconds":13419.318628199995}
STUDY_PHASE {"elapsed_seconds":13904.3956974,"iteration":1498,"iteration_seconds":24.6496644,"phase":"iteration_complete","training_seconds":13443.968292599995}
STUDY_PHASE {"elapsed_seconds":13929.9846411,"iteration":1499,"iteration_seconds":25.5889022,"phase":"iteration_complete","training_seconds":13469.557194799994}
STUDY_PHASE {"elapsed_seconds":13955.2476491,"iteration":1500,"iteration_seconds":25.2629671,"phase":"iteration_complete","training_seconds":13494.820161899994}
STUDY_PHASE {"elapsed_seconds":13955.2476875,"iteration":1500,"phase":"evaluation_start"}
STUDY_PHASE {"elapsed_seconds":14215.1351543,"evaluation_seconds":528.1779108999999,"iteration":1500,"phase":"evaluation_complete"}
1500 gap=0.007494127595808475 elapsed=14215.1
STUDY_CHECKPOINT {"iteration":1500,"payload_bytes":61718644664,"saved":"S:\\GTOpen-research\\strategic-segments-v1\\strategic-equal112-1500-v1\\final"}
